timestamp,omy_position_x,omy_position_y,omy_position_z,fr3_target_position_x,fr3_target_position_y,fr3_target_position_z,fr3_actual_position_x,fr3_actual_position_y,fr3_actual_position_z,position_error_norm,omy_relative_angle_deg,fr3_target_angle_deg,fr3_actual_angle_deg,orientation_error_deg,q1,q2,q3,q4,q5,q6,q7,q_cmd1,q_cmd2,q_cmd3,q_cmd4,q_cmd5,q_cmd6,q_cmd7,max_joint_step
4324.270678637,-0.09293884760373464,0.3623921346906329,0.3484168387939179,0.5546813475581459,-0.0004297239705672174,0.6242433837102833,0.5559429029848417,-4.5440670340047216e-05,0.618627016916057,0.005769122265713106,0.4109477907692313,0.4109477907692305,0.6935104173192921,0.774449143295395,-4.086152148001225e-07,0.005817276703719544,-2.0018977128559916e-06,-1.5762306766786929,-0.00041333529238108107,1.5699644702384428,-0.7852987765297711,-0.0001082716055499783,-0.0013953230734921988,-0.00010512819088147476,-1.569439112685671,0.0006780100982933816,1.5709814503963233,-0.7850077120648511,0.00027306807883552937
4324.299915954,-0.09229445631615069,0.3624730183776512,0.34858096728266214,0.5549350420220593,-0.0007976984192196066,0.6241015847290963,0.555929448598306,-4.32986464708371e-05,0.6186977056873366,0.005546158323918918,0.7893942487560314,0.7893942487560303,0.6849599511823377,0.9482636529023776,-5.724542063931296e-06,0.005743727212510434,-7.366942156282066e-06,-1.5761258027519216,-0.0003237503810013678,1.5699758516832203,-0.7852448412275774,-0.0004541958003510704,-0.002408823584232595,-0.0004430706656140922,-1.567703444916566,0.0026124974764998427,1.570773428881632,-0.7839122000918253,0.0004300163648996405
4324.327497416,-0.09301117299097075,0.36246201648663934,0.34875676136209194,0.5545890870074058,-0.0004243471906444618,0.6240130939950902,0.5558975562767027,-3.659130629655273e-05,0.618878599119197,0.005312766142520724,0.7264381324568127,0.7264381324568108,0.6638173623410439,0.909006359631703,-2.8866654607301356e-05,0.005587454656599934,-2.8001811491820916e-05,-1.5758804684834982,-4.125508567962039e-05,1.5699842761451728,-0.7850929312789606,-0.0008357001300296623,-0.0035635675472584444,-0.0008137295586277225,-1.566325068630087,0.004885285511333842,1.570812504151996,-0.7830514393013076,0.00045495568499352896
4324.356508286,-0.09355166118270265,0.36261537303229163,0.34893669268153166,0.554242571791055,-0.0002196561583015112,0.6239205787327318,0.555840487464522,-3.725169205652186e-05,0.6191678810141688,0.005017443720945132,0.6279487871685495,0.6279487871685494,0.6313718416182906,0.8782806796172122,-8.220279637539356e-05,0.0053279203936034926,-7.042950527286773e-05,-1.5755319680358668,0.0004318404027997847,1.5699954685298858,-0.7848921866692259,-0.0011266565573256838,-0.004918158571310462,-0.0010927433166454056,-1.5653322089955215,0.007027443375750947,1.5709482987771224,-0.7828348542757162,0.000419155665238777
4324.385974493,-0.09443234012935392,0.3626650412404865,0.3489406817355454,0.5537991085731871,0.000207950421225862,0.6239624276312101,0.5557509080979888,-4.6298622645787844e-05,0.6195512686521776,0.004830371362496362,0.6627673716318162,0.6627673716318156,0.5912122073049717,0.9051640498279763,-0.00015726488094013188,0.004943504947289111,-0.00013389959320179176,-1.575139813872195,0.0010542482058816215,1.5700093688828862,-0.7847184661453896,-0.0012848165767175269,-0.006663147516854515,-0.0012372799001498234,-1.5650593204644865,0.00880329491385082,1.5714502960582126,-0.7838890427290814,0.0003680725308786905
4324.416650788,-0.0948356300662069,0.36280796584133274,0.34910953425400726,0.5535237396735073,0.00034726029590891625,0.6238705602927783,0.5556231161541484,-5.795750307259004e-05,0.6200115781885134,0.004411725960791011,0.9645515691056941,0.9645515691056918,0.5457608244652586,1.0676655434728757,-0.00024324596903158984,0.004416611939720167,-0.00020947683858967377,-1.574764197196607,0.0017890025389740538,1.5700547753270848,-0.7847004042488988,-0.001402560837022354,-0.008499307186603803,-0.0013378853595161552,-1.5651196984814957,0.010761240612269546,1.5717831638405895,-0.786112965080608,0.0005294127942794524
4324.446977479,-0.09512386502997337,0.3628232964085035,0.34910580369630334,0.5533794020945305,0.0004876273572006075,0.6238877252823374,0.5554568406582009,-6.32215057697243e-05,0.620533789642728,0.003983474580099969,1.1296981213088169,1.1296981213088177,0.49864432542087483,1.1449370957468608,-0.00033410307912341955,0.003753978232991605,-0.00029007465075098226,-1.5744276385219045,0.0026475759930690715,1.5701182892694938,-0.784929042472076,-0.0014681671344914495,-0.010276129026974246,-0.001385602409375331,-1.565309633166949,0.012823663065422765,1.5717621659250858,-0.7891946109572653,0.0006403013081887937
4324.476937319,-0.09492476103033967,0.36254182014634995,0.34965034095610337,0.5535818807701334,0.000522460724643092,0.6234860647797414,0.5552531918685036,-5.5969121533490525e-05,0.6211016655673093,0.002968707038212193,1.1656239842177327,1.1656239842177345,0.4569658076226139,1.0969129031020048,-0.0004241314780685573,0.002975552712231675,-0.00036984769204630814,-1.5741349224903818,0.003621961793466292,1.5701713609769656,-0.7854490952349594,-0.0015380396759253085,-0.011817270202289005,-0.0014399926302702299,-1.5655261125101134,0.01494327126107314,1.5715761116335367,-0.7924390259272395,0.0005792328862988688
4324.507050994,-0.09525449003251088,0.36265927971300327,0.3490982576209667,0.5534016482165791,0.0006327402408825674,0.6238919446905582,0.5550209446039981,-3.444728670057816e-05,0.6216997928353871,0.002805849201828326,1.1835267724262315,1.1835267724262335,0.42988589506852215,0.9929386186966378,-0.0005123736119654217,0.002115521058098936,-0.0004473283174465674,-1.5738791081139167,0.004705511848640597,1.5702115972334876,-0.7862130892724918,-0.0016069353394182026,-0.013081489537293886,-0.0014980114938931285,-1.565657290558089,0.01698811576161219,1.571196482395333,-0.7952823745047309,0.0005400184180425993
4324.537169815,-0.09460638514582266,0.36280300091376705,0.3490903890138968,0.5536362961327076,0.00023206706884089758,0.6238726415930459,0.5547701974349285,-5.065242792620921e-07,0.6223119797142277,0.001943061537726342,1.2583771651364073,1.2583771651364084,0.42773996809038994,0.9351177767070721,-0.0005993021558810854,0.0012116271627155947,-0.0005232398193980703,-1.5736467404440853,0.005885142631560077,1.5702260363168954,-0.7871668811389365,-0.001746912847652615,-0.01392002269074896,-0.0016308265521485306,-1.5655692759526842,0.019176802996715755,1.5705082544434903,-0.7978006742262184,0.0004867120627989421
4324.566778294,-0.09425608426257112,0.3627900100287159,0.3490737642398142,0.5538102208030118,5.868252885948592e-05,0.6238667782056185,0.5545089654403083,4.22472121089821e-05,0.6229216059768936,0.0011755274261964696,1.5115573965369047,1.5115573965369034,0.4586460626948127,1.0673497907870824,-0.0006903888901371585,0.0003110985798550518,-0.0006027241152955737,-1.573406847804811,0.007178030668890259,1.5701524262629378,-0.7882655018510434,-0.001968094360202663,-0.014242266052743407,-0.0018481971423883988,-1.5650862522631244,0.021864846266751132,1.569100299879019,-0.800159696374028,0.0005904228855728386
4324.596541318,-0.09372285840686928,0.36277201002087395,0.3490370986480803,0.5540748062057503,-0.00020614346810130692,0.623865848826933,0.5542459185269722,9.01777007631015e-05,0.6235125142706968,0.0004918647885565269,2.1318700988922257,2.131870098892224,0.523694420494978,1.6250462385604407,-0.0007944904103353403,-0.0005285003699617968,-0.0006944900295163198,-1.573109508064309,0.008642210575133466,1.569907629355725,-0.789474132341841,-0.002373391904378906,-0.013741207256963215,-0.002253775294823734,-1.5637441631673525,0.025737089739185724,1.566324317783565,-0.8021944791326435,0.0008819012854367875
4324.624254942,-0.0920714785202979,0.36286631105527883,0.34896745384560796,0.5548147438131418,-0.0010976404746084023,0.6238390767312028,0.5539917980237846,0.0001394611552735681,0.6240711661329507,0.0015038369942520359,3.2013131408899396,3.2013131408899365,0.6210279482395163,2.6712016311157654,-0.0009287627854239794,-0.0012231604013070339,-0.0008148519658589327,-1.572657033894239,0.010407787109385351,1.5693444835316488,-0.7907478924617879,-0.003137897579381584,-0.011962391153032685,-0.0030247180587618973,-1.5608708781390015,0.03172082335034242,1.5613202810915572,-0.8037442183002937,0.0013909274916110003
4324.655016435,-0.09062359760347034,0.36291003143382894,0.34903393781359604,0.5554750309100882,-0.0018600839326745149,0.6237249742120503,0.5537577247516244,0.00018061354950514867,0.6245899710079671,0.0028038912447914803,4.6990108812439795,4.699010881243977,0.7511290945477719,4.111155608385116,-0.0011236377701309194,-0.0016742430210676276,-0.0009931273615699698,-1.571905402004417,0.012676602636473223,1.5682533223616817,-0.7920239409519024,-0.004377663352552038,-0.00859050758712778,-0.004279709745831504,-1.5559773139990944,0.040689203397311656,1.5533701984711832,-0.8046347229285241,0.0021016662561898136
4324.685919783,-0.08839615208314604,0.3631184983480741,0.3493805351877999,0.5564027368544548,-0.003099198652229057,0.6233854801101211,0.5535560806717401,0.0002000048043456213,0.62506714557465,0.004670780834619814,6.788914941991016,6.7889149419910115,0.9216862318371505,6.0822756120847306,-0.0014195121785552,-0.0017532277425664916,-0.0012696453971074708,-1.5706730253409442,0.01573168867265385,1.5663878546569072,-0.7932398714973057,-0.006267964559977398,-0.003448969029058585,-0.006196333101456773,-1.5488924325690305,0.054081608443017674,1.5420390401194441,-0.8048785939002416,0.003152071494641815
4324.715118704,-0.08521164015966763,0.36352590497554815,0.34977158043784007,0.5576800646628489,-0.004923382608720577,0.6229778125928599,0.5534096109948362,0.000183796672192405,0.6254789461888968,0.007111661128263521,9.693834628984627,9.693834628984622,1.1544512030103213,8.774884387671698,-0.001873754175576717,-0.001292243026942598,-0.001700154945700707,-1.568763711616419,0.0199964254679472,1.563455802670792,-0.7943304714016656,-0.009216935325925744,0.004096580391533618,-0.0091806188714194,-1.538754832896519,0.07320018851021216,1.526122590003336,-0.8042834870107282,0.004
4324.74454554,-0.08148724403072412,0.3638018499717597,0.35087605636433794,0.5592339117778532,-0.006958076579704771,0.6220410747349362,0.5533401539216976,8.933597448511355e-05,0.6258059944451864,0.009928596366082157,13.431178955718144,13.431178955718133,1.4777223786977711,12.170455323450396,-0.0025687027274979585,-0.00010232350109924047,-0.0023637882662832146,-1.5659335398844003,0.025751412889130854,1.559108306376307,-0.7952580905807343,-0.01349785139578633,0.014462522484711974,-0.013488664769337109,-1.5250075583998621,0.09320018851021218,1.5063173665536072,-0.8034392491998351,0.004
4324.773941164,-0.07692530407271178,0.36386360780891513,0.34971425642942394,0.5614429637770388,-0.009330740381947259,0.6226338238414628,0.5533979072163826,-0.00019181295130964258,0.6260499130333079,0.012645655183234265,17.91977236801016,17.91977236801015,1.8988823902683185,16.23599730140649,-0.0036038576321368665,0.002041878148068366,-0.0033558174152587762,-1.5618857627431408,0.03288452196461397,1.5532533888396918,-0.7960132363219504,-0.01923012823099378,0.028548488645596365,-0.019190925352085032,-1.5063766426427334,0.1132001885102122,1.4863173665536071,-0.8019073064975426,0.004
4324.803404228,-0.0738212470797254,0.3638511925336241,0.3493780661266441,0.5629440795558113,-0.010917006941061654,0.6227180870044516,0.5536784713119552,-0.000785565084115581,0.6262310178095531,0.014171742767589411,22.024032868790826,22.02403286879081,2.4156647495309813,19.788069228592228,-0.0050876417102143886,0.005401170071097734,-0.00477739575817905,-1.5563268860377208,0.04126421978762756,1.5460344137503865,-0.7965195600049605,-0.026425981429782364,0.04657655690600203,-0.02620765767159065,-1.4863766426427334,0.1332001885102122,1.4663173665536071,-0.799863933330114,0.004
4324.830840541,-0.07026648886933609,0.3640751308979447,0.3490158691124727,0.5645400840205103,-0.012847055628336114,0.6228093333994302,0.5542542803742068,-0.0018121328768433906,0.6262610934524431,0.015475203528396556,26.391074029022853,26.391074029022832,3.029102140925035,23.50124933827259,-0.007124213648561261,0.01015891862642287,-0.006718534578031217,-1.5492978157051362,0.050771773365909725,1.5375933784476843,-0.7967866529417836,-0.035070522392493496,0.06657655690600205,-0.03437825737545986,-1.4663766426427334,0.15320018851021222,1.446317366553607,-0.7980952710722341,0.004
4324.862307077,-0.0671363406079146,0.3639745866107543,0.3480747031296236,0.5661382050909182,-0.01440758584231518,0.6233100154725083,0.5551504887234173,-0.00337285156191478,0.6260280262927409,0.015807683398606866,30.370349959361356,30.370349959361324,3.7424463593840684,26.74001074095463,-0.00980616116796314,0.0163561199756984,-0.009244315579590708,-1.5409788834931173,0.06129620659298206,1.5280439596024702,-0.7968775959937006,-0.04501478918292069,0.08657655690600206,-0.04336372787526699,-1.4463766426427334,0.17320018851021224,1.426317366553607,-0.796725642422604,0.004
4324.89387236,-0.0648658377918741,0.36377221653566155,0.3471817636709925,0.5673772795046752,-0.01547883038401386,0.6238139338530986,0.5563463366093044,-0.005539548540054471,0.625497043538539,0.01494335581279569,33.82721124619506,33.82721124619503,4.55551858741528,29.366484000789473,-0.013204966297439938,0.023910571134304028,-0.012383649040535835,-1.5315299450954871,0.07273682321519485,1.5174881614361682,-0.7968281259868124,-0.056043325622828925,0.10657655690600208,-0.05274025651403534,-1.4263766426427333,0.19320018851021226,1.406317366553607,-0.7953415476653947,0.004
4324.921582858,-0.06270438051758356,0.3636435376366864,0.34655518497147064,0.5685095461969002,-0.016528053906058326,0.624140767004543,0.5578059475223688,-0.008347250962527373,0.624675909385445,0.013482541998976038,36.79251136178018,36.79251136178016,5.46505699235347,31.416286370524716,-0.017367231878954156,0.032709149399689455,-0.01612393981730198,-1.5210719773380623,0.08500344999217865,1.5060214820538793,-0.7966379526647769,-0.06799386609649749,0.12657655690600209,-0.06214027632150778,-1.4063766426427333,0.21320018851021227,1.386317366553607,-0.7935837005132446,0.004
4324.94733094,-0.06139128860609766,0.363497359019624,0.34641598209766894,0.5692162983022285,-0.01713186471776213,0.6241680140852517,0.5594891886634886,-0.01179557339229626,0.6235854344308119,0.011109998473810705,38.74292007214449,38.74292007214445,6.466023142078167,32.37369142109915,-0.022312782377638583,0.04263640670204652,-0.02041425376753495,-1.509705453709423,0.09801475860444432,1.493731656465792,-0.7962736270445199,-0.08046933391532804,0.1465765569060021,-0.07104615121799644,-1.3863766426427333,0.2332001885102123,1.366317366553607,-0.7910275484409344,0.004
4324.97631744,-0.05985826065895111,0.3631011818871571,0.3461233243970286,0.5701650759836255,-0.017729897184988554,0.6242804420730546,0.5613559616607025,-0.015842490904874683,0.6222490938435356,0.009235213763097846,40.549347579199555,40.54934757919955,7.552463685783677,33.11780232429379,-0.028024985916992422,0.05358328889074237,-0.025163797608455035,-1.4975181896883238,0.11169712170608391,1.4806985463749518,-0.7956434394061586,-0.09325408079656697,0.16657655690600212,-0.07913939250732792,-1.3663766426427333,0.2532001885102123,1.346317366553607,-0.7868345387379688,0.004
4325.005333119,-0.0576127008968679,0.36256333987473,0.3464953657304331,0.5714806888273977,-0.01862227641608832,0.6238889914458969,0.563368504093398,-0.02041480015084953,0.6206896965127091,0.00890259347424899,42.49700870518969,42.497008705189664,8.718508857077628,33.938180151366645,-0.03446690086507522,0.06544935040116615,-0.030254004090562465,-1.484588668275305,0.1259848653749699,1.4669942935035643,-0.7946047592652262,-0.1063098023700935,0.18657655690600214,-0.08623780813598776,-1.3463766426427333,0.2732001885102123,1.326317366553607,-0.7808169797910522,0.004
4325.034422777,-0.05585589840371111,0.36247433924579436,0.3454039449804892,0.5724311638837941,-0.019485314399955503,0.6245610372289935,0.565492624272357,-0.02542753290191281,0.6189284212420856,0.010732178507668222,44.34680836701086,44.34680836701083,9.958328190065567,34.62136943957464,-0.04159793337417433,0.078143053167315,-0.035554063532207116,-1.4709875482784067,0.14081924362576442,1.4526839673370022,-0.7930213022031276,-0.11963852456654141,0.20657655690600216,-0.0922058735718387,-1.3263766426427333,0.29320018851021235,1.306317366553607,-0.7730157046913947,0.004
4325.06498243,-0.0537132452198364,0.36206563431160654,0.34480257892399196,0.5736958059543172,-0.020391243832184797,0.6248586907587914,0.5676984914334013,-0.03079186206373335,0.6169845959268316,0.014357646411717506,45.86452766413818,45.864527664138116,11.266007098694324,34.9190412606684,-0.04937197960857062,0.09158137940083379,-0.04092828859786495,-1.4567785982159271,0.1561468207192484,1.4378264891674721,-0.7907736811599932,-0.13295356332666408,0.22657655690600217,-0.0967450413871885,-1.3063766426427332,0.31320018851021236,1.286317366553607,-0.7632946039640328,0.004
4325.095050813,-0.05273177306561644,0.3617700355484776,0.3443514653672703,0.5743419305896544,-0.020755379106066407,0.6251126033244464,0.5699618430302785,-0.03640616928838442,0.6148757701563848,0.019207424441331715,46.97172085914807,46.97172085914803,12.635627033527335,34.787825783538956,-0.05772871465500916,0.10568911512537746,-0.04623344137568017,-1.4420194412641376,0.17191941130168711,1.4224750601982066,-0.7877375676348868,-0.14615248824483504,0.2465765569060022,-0.09974578894374414,-1.2863766426427332,0.3332001885102124,1.266317366553607,-0.7517756220768685,0.004
4325.124028671,-0.05147651363747218,0.3616258865126941,0.3440440726320281,0.5750312270774207,-0.021331335482337118,0.6252599392839263,0.5722644168878688,-0.042162550289369355,0.6126178148462822,0.024523826358433674,47.72657401322221,47.72657401322216,14.060688386935011,34.271698027687464,-0.06659501366492775,0.1203981792035829,-0.05132547866943631,-1.4267621882390056,0.18809325884961092,1.406677842761717,-0.783835366656366,-0.15890497063552236,0.2665765569060022,-0.10098418058836367,-1.2663766426427332,0.3532001885102124,1.246317366553607,-0.7389721298377334,0.004
4325.152893681,-0.05141127800192778,0.3617488127856799,0.3441491535698014,0.5749925419538755,-0.02142287614097362,0.6251890593605368,0.5745950475761399,-0.047938895140944474,0.6102250873749522,0.030449593149539923,47.90959521449453,47.90959521449451,15.532830023650304,33.19545452316818,-0.07587535907217699,0.1356469448703607,-0.05605612917532898,-1.411053968108109,0.2046286551752596,1.3904784262293872,-0.7790507827067095,-0.1708632368644143,0.2865765569060022,-0.10026568831845387,-1.2463766426427332,0.3732001885102124,1.226317366553607,-0.725662831029587,0.004
4325.180606836,-0.05122554038318007,0.3621824765904734,0.3448499213108626,0.5748133744797269,-0.02172147052746495,0.6247111230473454,0.5769491604734198,-0.053599853454162384,0.6077115234315121,0.03619087270197625,47.9804634382317,47.98046343823164,17.041284573119626,32.00916337090679,-0.08545443178722842,0.15137031598850662,-0.060275170624518926,-1.3949429254266572,0.22148963762293672,1.3739157403238886,-0.773443726000956,-0.18194940958255257,0.3053028161097505,-0.09759926917528779,-1.2263766426427332,0.39320018851021243,1.2063173665536069,-0.712406751169281,0.004
4325.209829326,-0.05175915907668105,0.36247877586515587,0.3453833159370628,0.574373989837626,-0.02158675875927609,0.6243783327912268,0.5793016091153171,-0.059008011564222265,0.60512758158388,0.04237007216520557,48.01032004686196,48.01032004686192,18.572225287010532,30.81067583441005,-0.09521643347531585,0.16738415551281866,-0.06383889817923458,-1.3785162992285713,0.23864183587110632,1.3570204667354102,-0.7671213018102795,-0.19215819390762195,0.32046381870211976,-0.09302133302559638,-1.2063766426427331,0.41320018851021245,1.1863173665536069,-0.6998325578144725,0.004
4325.23940935,-0.05175915907668105,0.36247877586515587,0.3453833159370628,0.574373989837626,-0.02158675875927609,0.6243783327912268,0.5815908626244319,-0.0640325072509069,0.6026135345516168,0.04824345821193427,48.01032004686196,48.01032004686192,20.10627504904861,29.56049375300151,-0.10504872049699988,0.18337546880553474,-0.06662102499473878,-1.361843020956364,0.2560546190917297,1.339820320422607,-0.7602099563912754,-0.2012879263305941,0.33224463773752677,-0.08659495954343194,-1.1863766426427331,0.43320018851021247,1.1663173665536068,-0.6875045543350365,0.004
4325.26824122,-0.051751890290531635,0.3626033322779667,0.3455614979076435,0.5743021800799437,-0.02164902083896684,0.6242593722617737,0.5837554782408997,-0.06855528593840648,0.6003470308723236,0.05349170610874602,48.023762922395505,48.023762922395456,21.623498886236334,28.35537443125826,-0.11482903983790198,0.19902772671653307,-0.06854476828879527,-1.3449498101031818,0.27370364598607905,1.3223438408778003,-0.7527861713433546,-0.20940322700659061,0.3407653153103056,-0.07850831285804348,-1.166376642642733,0.4532001885102125,1.1463173665536068,-0.6754752878951152,0.004
4325.296901409,-0.051751890290531635,0.3626033322779667,0.3455614979076435,0.5743021800799437,-0.02164902083896684,0.6242593722617737,0.5857422757757113,-0.07248320627986107,0.59850183280667,0.05812435838569547,48.023762922395505,48.023762922395456,23.105685261789812,27.15320006407774,-0.12446752644723803,0.21405200292465704,-0.06953140031400483,-1.327850778397725,0.2915654815756611,1.3046190376234912,-0.744918539664998,-0.21649624185730107,0.34629947237105096,-0.0689799262531983,-1.146376642642733,0.4732001885102125,1.1263173665536068,-0.663507013422676,0.004
4325.326734344,-0.051751890290531635,0.3626033322779667,0.3455614979076435,0.5743021800799437,-0.02164902083896684,0.6242593722617737,0.5875105031353746,-0.07571687921278522,0.5972315706956326,0.06187321847590127,48.023762922395505,48.023762922395456,24.536685520007705,25.980452927493854,-0.1338716304412251,0.22819592200120917,-0.06950430385994061,-1.3105751449065406,0.30962140023170576,1.286672773537437,-0.736664740310139,-0.2225498071497675,0.348969218009045,-0.05820762517363045,-1.1279251828591927,0.4932001885102125,1.1063173665536068,-0.651756341131196,0.004
4325.356462107,-0.05121159255405067,0.36241534122448954,0.3461119498052639,0.5746184312412079,-0.021833572156160323,0.6238413373296009,0.5890151310839025,-0.07818287217348577,0.5966222305558561,0.0642136150077514,48.04659439092235,48.046594390922316,25.90775501007866,24.847774698911014,-0.14295499763231728,0.24122050102988002,-0.06843478258968368,-1.2933200822419375,0.3278573899462852,1.2685334940416158,-0.7280799054011154,-0.22774517755615362,0.3492875455807217,-0.046463338760558574,-1.112709680596027,0.5132001885102125,1.0863173665536068,-0.6401921580976866,0.004
4325.387681422,-0.05190754386687012,0.3626734949636679,0.3455699699619068,0.5741919565973761,-0.0216026794732882,0.6242640990551225,0.5902182018401039,-0.0798381097515958,0.596674426802679,0.06640328223270991,48.00280356758378,48.002803567583726,27.218840011972205,23.709169856281807,-0.1516533580714563,0.25295840382100715,-0.06632349953536235,-1.2763686631892261,0.34625992417988577,1.2502231554316778,-0.7192208853312966,-0.23204251489993571,0.34733282029909707,-0.033922879417783804,-1.100958071664242,0.5332001885102126,1.0663173665536068,-0.6290921214830661,0.004
4325.418990826,-0.05190754386687012,0.3626734949636679,0.3455699699619068,0.5741919565973761,-0.0216026794732882,0.6242640990551225,0.5910902242539389,-0.08065936423719641,0.5973465705813968,0.06706561566279917,48.00280356758378,48.002803567583726,28.473554616736834,22.58412946860341,-0.15990948593613233,0.26329578875833576,-0.06319349191044676,-1.2600136055396736,0.3648148055448263,1.2317588419261316,-0.7101733293080339,-0.2354758005419124,0.34344364740720085,-0.02080085274000151,-1.0926237265694096,0.5532001885102126,1.0463173665536067,-0.618690705736055,0.004
4325.450647556,-0.052804511310694136,0.36273379301402126,0.3456226464134265,0.5737321488067751,-0.021171560481915534,0.624273276622563,0.5916118341984828,-0.08064024897685287,0.5985804788281647,0.06720363025550168,47.86712399898439,47.867123998984354,29.677301201208518,21.40997904052587,-0.16767717899292173,0.2721753064351831,-0.05908700709108422,-1.244507389025219,0.3835093566745672,1.2131549765919454,-0.701022035933822,-0.23810059364480923,0.33796206112884597,-0.007325240704868497,-1.0874944007025669,0.5732001885102126,1.0263173665536067,-0.6091402698113382,0.004
4325.481968428,-0.05325901562956836,0.3631886413157821,0.346005685998852,0.5732592150163308,-0.02115372166825684,0.6240485460270611,0.5917712923780097,-0.07979199941678197,0.6003066456402644,0.06591526727196469,47.83309198332939,47.83309198332935,30.836625945943076,20.36933144746084,-0.1749213409387582,0.27958138945902344,-0.054062891098131234,-1.2300684507705333,0.4023316616368943,1.1944244758609248,-0.6918734156817242,-0.2400771342083147,0.33128227618580663,0.006306036027440398,-1.0853673113902638,0.5932001885102126,1.0063173665536067,-0.6008555331682282,0.004
4325.512375665,-0.05377274972069626,0.363126312016096,0.34661833009143994,0.5730071469592779,-0.02085779616612565,0.6236435415721906,0.5915634935431392,-0.07814353801839738,0.6024488628747242,0.06383736071607544,47.701031335111765,47.70103133511171,31.958378239587923,19.19492004137878,-0.18162533052936708,0.2855351065855282,-0.04819356497842923,-1.2168787997558645,0.42127136698727813,1.1755788672917928,-0.6828696945493288,-0.24154312403502723,0.323647697822197,0.019851020012641114,-1.086312784650427,0.6132001885102126,0.9863173665536067,-0.5942725934817586,0.004
4325.540351447,-0.05424327797102402,0.36332858706782806,0.3466435034088207,0.5726789923919359,-0.020713028629924222,0.6236576959543875,0.5909882675493431,-0.07574320724658785,0.6049234302181064,0.06094688530227898,47.64217886470121,47.64217886470117,33.050540611616874,18.040772113743927,-0.18778607394254998,0.29009556518695695,-0.041569537967482036,-1.2050765385491988,0.44031850622880625,1.1566274357487838,-0.6741411243557679,-0.2425649968917136,0.31566911542911197,0.03308314584520686,-1.089277912185523,0.6332001885102126,0.9663173665536067,-0.5888707783839011,0.004
4328.262949235,-0.08179429610333559,0.376308853263076,0.3607289029161453,0.572497431744534,-0.02078685002463205,0.6233944805498446,0.5756819536414037,-0.0401492986030009,0.64104231865877,0.02639113079389479,0.2621230431679842,0.2621230431679841,4.519191309844334,4.439771780170885,-0.24281571104090882,0.3197881549401985,0.03801741597457306,-1.096184281542693,0.6405042531782817,0.9578479124465087,-0.5871182981178384,-0.2412493458690386,0.3093675745399904,0.0407374701151671,-1.102890715010884,0.6470006125485194,0.9590483763602399,-0.5892670405728065,0.004
4328.291604069,-0.08089386295894531,0.37593095430811085,0.36071992523015023,0.5727384944462549,-0.02054778334192223,0.622801156652083,0.5756198857520747,-0.039938174269264576,0.6408600626588924,0.026653588169985476,0.970783588749777,0.9707835887497728,4.4565513382128,4.22754959838203,-0.24271723236801507,0.31923645166345865,0.03823186734137783,-1.097800903313756,0.6413680867601544,0.9580010068635448,-0.5874064684605338,-0.2385140078053269,0.30395874233523007,0.04469133833498575,-1.122890715010884,0.6570238971298201,0.9613746300172072,-0.5915866624975844,0.004
4328.320511327,-0.07955337771896273,0.3756971831424486,0.3606811239369129,0.5729625135415247,-0.0203772902692552,0.6218908025485661,0.5755091544567232,-0.03935324331751454,0.6403726309278314,0.026611090813443195,1.6722330231551332,1.6722330231551323,4.30822708703105,4.122796123512013,-0.24241753939001698,0.31817011863385053,0.03876239142953441,-1.1011755490991808,0.643122860956919,0.9584245166517192,-0.5878162977278741,-0.23564668183474693,0.29817762912544965,0.04826700316773424,-1.142890715010884,0.6672241593979094,0.9653551582873262,-0.5919992640373888,0.004
4328.349604299,-0.07912590773217523,0.37539042132400413,0.36064954388941123,0.5731488964264133,-0.02020894587592248,0.6216205089497494,0.5753812173469912,-0.038381068260657084,0.6395860819763786,0.025650947406155727,2.1127825267886653,2.112782526788663,4.087064677173844,4.039309505869148,-0.24186393164452505,0.31664721201294804,0.039579067084101346,-1.1061726060291435,0.6456887190716288,0.9592409618306198,-0.5881968263965195,-0.23276874277549478,0.29200117205999077,0.05148485877643839,-1.162890715010884,0.6774149038696404,0.9707631650762983,-0.5913017517847656,0.004
4328.379846513,-0.07821589499704953,0.3754474188055983,0.36063854552120506,0.5731955310375323,-0.02020021231122731,0.6209839710978556,0.5752456626874625,-0.0370558469424318,0.6385368427211875,0.024421686281415424,2.3746736888715496,2.37467368887155,3.8073795120369187,3.875546606638087,-0.24106669966882788,0.3146946236001259,0.04063472563757084,-1.1126408959499083,0.6489846273287284,0.9605319155032833,-0.5884562575060626,-0.22999584274956802,0.28575797365932487,0.054329924520124646,-1.182890715010884,0.6873549731701879,0.9771036250826381,-0.5898035128020259,0.004
4328.410197385,-0.07804893080815414,0.3754150755907736,0.36063295795348227,0.5732252891915883,-0.020177615884101066,0.6208708716605632,0.5751033169187946,-0.035430944612333024,0.637256401603352,0.022465008723383313,2.462506234156803,2.4625062341567996,3.4841161411727604,3.6562631196294753,-0.24005753036997188,0.31234508783796094,0.041876555938266835,-1.1204324988383856,0.652907776170745,0.9623250192091881,-0.5885343881589012,-0.22741630836706614,0.2796126746652281,0.056824341354470495,-1.202890715010884,0.6967817320061989,0.9839540351264284,-0.5880649446759597,0.004
4328.439934119,-0.07806363320743612,0.37512488510627995,0.36120181894175674,0.5730535123311927,-0.01976531802859854,0.6208917916144451,0.5749521991328137,-0.03356661029799006,0.6357630889749741,0.020377344406499447,2.4642710140089124,2.464271014008911,3.131227774040955,3.420269171878714,-0.23887705914486576,0.30964195120641347,0.043253669792833044,-1.1294106109663173,0.6573373437642706,0.9646086461283645,-0.5884403717669925,-0.22512522853051875,0.2737566925483999,0.05895041314915311,-1.2227237319304392,0.7054371202932231,0.9909520751386331,-0.586465558888177,0.003943021143329497
4328.470504595,-0.07821589499704953,0.3754474188055983,0.36063854552120506,0.5731955310375323,-0.02020021231122731,0.6209839710978556,0.5747916537607457,-0.0315268441589102,0.6340687660985951,0.017379644903503598,2.3746736888715496,2.37467368887155,2.7636038095314386,3.0627413556743033,-0.23757130931833187,0.30665547828362844,0.044719090491149124,-1.1393969716085945,0.6621465243430094,0.9673366533857719,-0.5882137160188394,-0.2232076238057277,0.26839494020181276,0.0607087645737244,-1.2406604135260937,0.7132196416684102,0.9977434286347967,-0.5851761331924865,0.0034800651941258066
4328.499873444,-0.07821589499704953,0.3754474188055983,0.36063854552120506,0.5731955310375323,-0.02020021231122731,0.6209839710978556,0.5746248673709358,-0.02937648989384202,0.6322124027791349,0.01457136749410779,2.3746736888715496,2.37467368887155,2.3998587303016334,2.7967036485164614,-0.23618767080028674,0.30347409353218485,0.046227510519145386,-1.1501172849728916,0.6672128642212886,0.970452091791743,-0.5878910761634075,-0.22164304459799145,0.2633564591911448,0.062040206778835226,-1.2568586518612272,0.7201065962289794,1.0046416416651152,-0.5840520782542858,0.003105215394453622
4328.529345782,-0.07821589499704953,0.3754474188055983,0.36063854552120506,0.5731955310375323,-0.02020021231122731,0.6209839710978556,0.5744529240017047,-0.02717867876521654,0.6302417871759929,0.011661354537634972,2.3746736888715496,2.37467368887155,2.0636934190144145,2.5627573985094525,-0.2347695866544259,0.30015185295414526,0.04773099352209707,-1.1613379111192028,0.6724216296031962,0.9739304103468351,-0.5874979481344124,-0.22045052202089122,0.25866282218153613,0.06294312028133704,-1.271175110093393,0.7260461685227336,1.01155459278272,-0.5831500049171189,0.0027129265762708544
4328.55662626,-0.07838290924809536,0.37547951271175567,0.3606440741708511,0.5731659129369122,-0.02022270626493035,0.6210971277111401,0.5742758604923032,-0.024991994096748474,0.6282088244956473,0.008634484417335907,2.2868456058230704,2.2868456058230695,1.783032661075543,2.3130400746126005,-0.23335911831330472,0.2967397114321444,0.04918756378064407,-1.172821346502204,0.677667711552208,0.9777319170984369,-0.587063153364231,-0.2196450008607582,0.25436810913838204,0.06344153719416712,-1.283378810139441,0.731045334387042,1.0183132255776821,-0.5824997792232465,0.0022744397405447584
4328.5869008,-0.07895879515967262,0.3753588331122441,0.3606440741708512,0.573178262328026,-0.020186687580253396,0.6215072400614176,0.5740941310364509,-0.022869636694525658,0.6261679354365908,0.0054551913642884396,2.200629513389324,2.200629513389323,1.5877606267327007,2.1218732053355076,-0.23199608154294438,0.29328790345511313,0.05056191194590875,-1.1843287678404304,0.6828557947713066,0.981801051287617,-0.586619287590148,-0.21923336276458893,0.2505339037632634,0.06357493220445003,-1.2932490553263964,0.7351127055137932,1.0247026301695479,-0.5821617902239484,0.0017901303135191414
4328.616932301,-0.07895879515967262,0.3753588331122441,0.3606440741708512,0.573178262328026,-0.020186687580253396,0.6215072400614176,0.5739088604191762,-0.02085868032849711,0.6241737381687599,0.0028452697553913195,2.200629513389324,2.200629513389323,1.4996190290117597,2.046965220983716,-0.23071570253710194,0.2898405677959229,0.051824180563534356,-1.1956374078857441,0.6879013571577248,0.9860796000475156,-0.5861949336565716,-0.2191520936262922,0.24702538814513803,0.06333636954776752,-1.3012047841378418,0.7382314001774771,1.030926896964741,-0.58202342721633,0.0013994005436809122
4328.646646093,-0.07895879515967262,0.3753588331122441,0.3606440741708512,0.573178262328026,-0.020186687580253396,0.6215072400614176,0.573721563431561,-0.018998496300732345,0.6222698225921984,0.0015127811216710547,2.200629513389324,2.200629513389323,1.5181498712354677,2.0274582133516077,-0.22954343003865493,0.28641378704958403,0.05294592598569431,-1.2066004392814285,0.6927295148353365,0.9905460072012857,-0.585807242684286,-0.21937511448384894,0.24372118952989327,0.06274570099418544,-1.3075473884572775,0.7404643153969239,1.0370795526898726,-0.5821122477234842,0.001144506066407657
4328.677866273,-0.07838290924809536,0.37547951271175567,0.3606440741708511,0.5731659129369122,-0.02022270626493035,0.6210971277111401,0.5735344614803939,-0.01732259516932702,0.6204942649251558,0.002984948229780337,2.2868456058230704,2.2868456058230695,1.6171917511585592,2.1138320835277917,-0.22850311889030578,0.28303621990605066,0.05390545548456598,-1.2170635922430675,0.697274056750607,0.9951516774447184,-0.5854679715108573,-0.2199267250995609,0.2408578939871554,0.06181959423213206,-1.3119171666249398,0.7417998263019283,1.0428189472604874,-0.582309632010079,0.0011303169670986892
4328.707263766,-0.07912590773217523,0.37539042132400413,0.36064954388941123,0.5731488964264133,-0.02020894587592248,0.6216205089497494,0.5733516693605155,-0.015860034006683996,0.618881372839881,0.005143638589324963,2.1127825267886653,2.112782526788663,1.7613391821596156,2.029458501960551,-0.22761488939137087,0.27973996286350933,0.054686065112675375,-1.2268839291915437,0.7014766652637189,0.9998405255102673,-0.5851790284214424,-0.220760986291355,0.2384897634312428,0.06065911675142465,-1.314209799421735,0.7422576177947855,1.0478874147047124,-0.5828073436021138,0.0009542224923563482
4328.73714819,-0.07871708636451875,0.37554295229657497,0.36065495466401454,0.5731070971744265,-0.020267386540585918,0.6213236114004775,0.5731761259838275,-0.014631237010126016,0.6174596588239365,0.006833818553341085,2.1112050540074794,2.1112050540074763,1.9203036522550756,2.0860803306474183,-0.22689365169710146,0.2765528786607145,0.05528013367906596,-1.2359407878885684,0.7052900766301822,1.00454588855309,-0.5849694923749609,-0.2218064975477893,0.23640214670320722,0.059325876842252774,-1.3149167916566034,0.7419363101424453,1.0524028917861228,-0.5836935103634212,0.0008794934581759652
4328.769262352,-0.07871708636451875,0.37554295229657497,0.36065495466401454,0.5731070971744265,-0.020267386540585918,0.6213236114004775,0.5730090618800058,-0.01364715489761592,0.6162518733880183,0.008340240068041023,2.1112050540074794,2.1112050540074763,2.073154591443548,2.123003461844161,-0.22634666860735636,0.2734922241244837,0.055684855610778225,-1.2441501396347145,0.7086789053093463,1.0092138073370729,-0.5848672036660482,-0.2230325728454614,0.23466873039342329,0.057802939600709785,-1.3142131378690873,0.7409167313689378,1.0564571161221306,-0.5846382214639401,0.0007827804042765728
4328.797772087,-0.07871708636451875,0.37554295229657497,0.36065495466401454,0.5731070971744265,-0.020267386540585918,0.6213236114004775,0.5728531812610007,-0.012913297342110927,0.6152703469409677,0.009528332060071277,2.1112050540074794,2.1112050540074763,2.2094490837999,2.138186432957603,-0.2259752193082508,0.2705700556001375,0.05589933322236799,-1.25146577735863,0.7116202775712249,1.0138088300832757,-0.5848676089388892,-0.22437587674043713,0.23323859206709377,0.05615424619509802,-1.3123332943641397,0.7392993361861278,1.0600656257903214,-0.5856414884992543,0.0006803146037851669
4328.827580839,-0.07871708636451875,0.37554295229657497,0.36065495466401454,0.5731070971744265,-0.020267386540585918,0.6213236114004775,0.5727106550780696,-0.012423132180539198,0.6145211302262659,0.010390536219386372,2.1112050540074794,2.1112050540074763,2.3244247991858713,2.126388945630413,-0.22577474463893035,0.26780213324452395,0.055945581443597084,-1.257853056472292,0.7141029901586173,1.0182884100292484,-0.5849668586479944,-0.22580024197870074,0.23215808685993594,0.054446942407887035,-1.3092825733830549,0.7371890478687707,1.0630926092999076,-0.5866997071886297,0.0006730635399640685
4328.857159709,-0.07888424844354536,0.37557429782595747,0.3606603064819291,0.5730778996509601,-0.020289572757401474,0.6214369379435926,0.5725832648197959,-0.012145151630676101,0.6140067617862275,0.011035568713715114,2.0233939406372605,2.0233939406372574,2.4162268524557518,2.062066616094223,-0.22571442333706368,0.26520196474868724,0.05584595057728477,-1.2632967959636412,0.7161453396023724,1.0226090135413308,-0.5851653712833189,-0.2272516681341352,0.2313811279406623,0.05274121739018404,-1.3053180939714726,0.7346074872638652,1.0655174278532724,-0.5879495757469049,0.0008797983931768538
4328.887926654,-0.07905145901202217,0.37560539374811397,0.36066559933056125,0.5730488424577276,-0.020311656290520022,0.6215503205968249,0.5724708334573454,-0.012071771577446253,0.6137253295938392,0.011378061288553388,1.9355900441065543,1.9355900441065512,2.4874416928668777,1.9860055215599293,-0.2257919158186349,0.2627820055067164,0.055594438218673735,-1.267796693638942,0.7177813084426446,1.0267222164833605,-0.5854638580504795,-0.22874574475905726,0.2310646852491992,0.05105153665883438,-1.3003928299361114,0.7317146723854039,1.0671737836677528,-0.5891767721661119,0.0010526786357972632
4328.916592907,-0.0792238588755586,0.3755347649162484,0.3604739585975443,0.5731697154790629,-0.020370099517485578,0.6216806198542131,0.572372748937458,-0.01220472656926637,0.6136645738280367,0.011470198993292364,1.8495984341605662,1.8495984341605614,2.541174948742174,1.874574119330774,-0.22601021496334597,0.26056391158591036,0.055202603381925584,-1.2713491904512026,0.7189675445144359,1.030571494301675,-0.5858637766780863,-0.23020087740122208,0.23113946346814723,0.04944979890891092,-1.2946043018089102,0.728331385396213,1.068014637151131,-0.5907106210477753,0.0012493448371079328
4328.947342176,-0.07988822542102625,0.37575712671006456,0.36069117860343713,0.5729056638266092,-0.020420531890356388,0.6221180661721489,0.5722873606575294,-0.0125305254651015,0.6138100965170094,0.011474182323380506,1.496723264824796,1.4967232648247917,2.579878909253496,1.855484634037903,-0.22635845385476386,0.2585679812374457,0.05468891467215364,-1.273963961167706,0.7197014633154716,1.0340922892234226,-0.5863882899539032,-0.2316387377077532,0.23170973646063195,0.048022742678869475,-1.2877867802897518,0.7245879015579144,1.0676679959549595,-0.592801193028774,0.001408085009678787
4328.976396194,-0.08022325763096283,0.37581607012850904,0.3607009971023911,0.5728493770534481,-0.02046336154427374,0.6223455478250306,0.5722094003339905,-0.013026042790119666,0.6141364628140014,0.011095600802599402,1.3212856855310848,1.3212856855310857,2.6061403068101514,1.8401674306379598,-0.22682282336749593,0.25681189780615177,0.05407960721764885,-1.2756849454095631,0.7199924738993306,1.0372112437266032,-0.5870787536795278,-0.23298042432348373,0.23263154284945783,0.04677104234179307,-1.280503663810962,0.7205619793783649,1.0664868544164663,-0.5952800734357195,0.0015207507259107102
4329.005194052,-0.08039084194099724,0.37584516660804973,0.36070581776006255,0.5728214449357926,-0.020484621757409085,0.6224593697434306,0.5721399187043043,-0.013665158385434958,0.6146302647088255,0.010405020150330431,1.2336035869736375,1.2336035869736357,2.6211670680386208,1.8117372126546356,-0.22738293670055093,0.2553170718499997,0.05339986379660005,-1.276515699124919,0.7198612797741657,1.039890818457193,-0.587947336849309,-0.23422447631917687,0.23396441749906646,0.0456848706229499,-1.2727859708831246,0.7163881797798838,1.0645117447234784,-0.5978864618173894,0.0015669646278793784
4329.033546424,-0.08072614499948866,0.37590260876543413,0.36071528183507706,0.5727660035669665,-0.020526832705896555,0.62268717442498,0.572080344973217,-0.014420934731307317,0.615276051457154,0.009626882227778275,1.0583431704756971,1.0583431704756971,2.627406431009164,1.852955929738606,-0.22801854925678952,0.25409085150705163,0.05267402023323029,-1.2764994549887594,0.7193380684304084,1.0421303883425326,-0.5889885110199865,-0.23533487913973555,0.23564889198460265,0.04480139454644367,-1.264814303846018,0.712148326081811,1.0617960102177975,-0.6006493011149775,0.001621070321557964
4329.062557169,-0.08090857213064397,0.3756406301521779,0.3612893556293035,0.5725664754848857,-0.020135155286356086,0.6228220788294767,0.5720271516132943,-0.01526504857060959,0.6160508554500055,0.008358126328066906,0.9753549888596678,0.9753549888596673,2.6268577394337522,1.857253503637326,-0.22870955781349905,0.2531377408195545,0.05192553823236775,-1.2756958048930396,0.7184569339223655,1.0438805867598355,-0.5901978647718849,-0.23626789521298597,0.23761999853199395,0.0441373866851338,-1.2568121397327912,0.7079473328405892,1.0584884125390412,-0.6034362846166856,0.0015413144338858875
4329.09366237,-0.08089386295894531,0.37593095430811085,0.36071992523015023,0.5727384944462549,-0.02054778334192223,0.622801156652083,0.5719721982210016,-0.01616679152870082,0.6169347695896862,0.007361711508759864,0.970783588749777,0.9707835887497728,2.6207935414301664,1.8107459024205041,-0.2294337677804025,0.2524358401780924,0.05117731200670079,-1.2741885356428955,0.7172595525738311,1.0451250465521262,-0.5915596580363268,-0.23705012263827505,0.23986983765869907,0.04367304043644095,-1.2488666401018003,0.7038767198285569,1.0546466537034433,-0.6061860613671205,0.0015439619152334792
4329.121282325,-0.08092771862647496,0.37592326143741894,0.3607501311973289,0.5727234746699478,-0.02053156399811824,0.6228245885705953,0.571914109468782,-0.01709705868253905,0.617906569362362,0.006052917620796744,0.9826466873775698,0.9826466873775712,2.610482188802759,1.8078954342162912,-0.23016937891491301,0.25198484776972396,0.05045028816739872,-1.2720549777187702,0.7157941315204722,1.0458765411470605,-0.5930457772987892,-0.23762039863984347,0.24224728875240967,0.04338599262564582,-1.2414112202539986,0.6999845939414213,1.050658349931296,-0.6086840760487482,0.0014497546073963207
4329.150734845,-0.08099557315380335,0.3759079086639868,0.3608103906217526,0.5726934906407262,-0.02049921924461809,0.622871552757658,0.571858955309402,-0.018031332497752448,0.6189260282063338,0.004728009961885208,1.0287319652493268,1.028731965249329,2.597830687609186,1.8374537500050605,-0.2308920050520666,0.2517857186398074,0.04975959595104093,-1.2694019993494874,0.7140939576898853,1.0461732230879675,-0.5946206866584625,-0.237892800803519,0.24468546762795698,0.04326502381003573,-1.234437507464261,0.6959569868038422,1.0467093393471052,-0.6109528256795751,0.0013333351474779996
4329.180390786,-0.08120027651581033,0.37586211538552383,0.360989943721686,0.5726039852762591,-0.020402939190303934,0.6230132441336863,0.5718105065934055,-0.018947627440884837,0.6199580075967336,0.0034759187281740702,1.3065810595020058,1.3065810595020095,2.5831922933305864,2.0338086827814106,-0.23156999129566716,0.25181831377915104,0.04911590143472977,-1.266343460380206,0.7121508199973962,1.0460824076929542,-0.5962629628849342,-0.2376733156945853,0.2467816284011099,0.04330160488600622,-1.228353024622992,0.6912085039519106,1.043439948128034,-0.6132872028231072,0.0011819002752944674
4329.210851133,-0.08158504997270152,0.37567871491543436,0.36111739869270376,0.5725910212862457,-0.02026638401798507,0.6232928346670042,0.5717709130648687,-0.019825041548130404,0.6209716714866229,0.0025010316232358166,2.0795065008603735,2.0795065008603766,2.5665117138378513,2.578711362566619,-0.23215597711400726,0.2520398721202923,0.048524246228614204,-1.262997641087937,0.7098808932360711,1.0457161589924164,-0.5979671854403893,-0.2367602112918114,0.2486397863008778,0.04338011275609457,-1.2226942550227218,0.6845431881923506,1.0411472329500473,-0.61554644887498,0.0015616452740959215
4329.240300923,-0.08205063895802797,0.37552039920776925,0.36163062155740955,0.5723562931174347,-0.019970925085736082,0.6236171365280391,0.571745619240178,-0.020650407881470448,0.6219426048038995,0.0019075313756823557,3.581043397566238,3.581043397566233,2.5491646864063138,3.665115051302992,-0.23258501592555791,0.25239527578589965,0.04798068371476881,-1.25946398201491,0.7070784037396954,1.0452412291780586,-0.5997458135415279,-0.23472422657117473,0.24937364710043142,0.043454388106241665,-1.2182833013862622,0.6745089454893535,1.0412630274464878,-0.6184467028262272,0.0023544510640153217
4329.270751499,-0.08356651171719932,0.3752101333710692,0.36234764857156093,0.5720052856640845,-0.019552780298488733,0.6246787379133565,0.5717319537186936,-0.021420556492877038,0.6228492899824283,0.0026287217419636386,5.768930143188634,5.768930143188631,2.538398605024464,5.540599380753732,-0.23279031943477105,0.2527645654887089,0.0474776239432172,-1.255904701719627,0.703439374380464,1.0448979907135476,-0.6016637715312964,-0.2312440659330916,0.24858541620663768,0.04344093120946383,-1.2151625314219343,0.6597463743254133,1.0446619438703988,-0.6222862109985593,0.0035218200033831784
4329.299399911,-0.08459503444801775,0.37497164222615187,0.3631754707503776,0.5715987749978079,-0.01909850817908862,0.6253931600229521,0.5717386283025158,-0.02212400555440544,0.6236782711190216,0.003480522556701866,8.564720263017222,8.564720263017215,2.553740560842805,7.922552891596932,-0.23261723235172135,0.25302733628090995,0.0469758198665142,-1.2524428344164131,0.6985153826132068,1.0450624873269232,-0.6037999181658203,-0.2258508394599734,0.24587873020191728,0.04319329549104182,-1.2134660256360674,0.6400583194725643,1.0525193311612295,-0.6272061677111739,0.004
4329.330143561,-0.08524673126849414,0.3748566482691626,0.364038260388446,0.5711455533001483,-0.018675383858913805,0.6258346367234161,0.571777728601308,-0.022718615273185735,0.6244416790060289,0.004322926911616769,11.747708189105248,11.747708189105243,2.631701705150882,10.63095727566083,-0.23191411824224328,0.253018424752062,0.04644939021091213,-1.2492384158622174,0.6921432366112987,1.0461333300958253,-0.6062555275541534,-0.2184274179802786,0.24087101205320777,0.04270427166294113,-1.213559530444292,0.6200583194725643,1.0653361093666933,-0.6335461852012773,0.004
4329.363319196,-0.08685597321503452,0.37467268538635834,0.36483070048079846,0.5706907553909617,-0.018294083521448824,0.6269486322009484,0.5718499667217881,-0.02312506024751476,0.6252112810965056,0.005263126057526636,14.890893115600017,14.890893115600017,2.819365312084292,13.27045290967125,-0.2305306050632324,0.25252612203782454,0.045870986894712903,-1.2464618337328015,0.6844482031548779,1.0485270816488568,-0.6091479583883532,-0.20885902011820864,0.23342306520270467,0.04191925427378515,-1.2154006088914726,0.6000583194725643,1.083320374573374,-0.6417098524994707,0.004
4329.392547236,-0.08889207231127025,0.3739253747802383,0.36596684400818996,0.570276668913551,-0.01747873577008534,0.6283982141679234,0.5719504679938218,-0.02326025364073976,0.6260701673684202,0.006453476129225906,18.29062123745087,18.290621237450857,3.1549441161290748,16.052063938062442,-0.2283200057540889,0.25136274672438585,0.045214665378260965,-1.2442253585432423,0.6755573038151959,1.052528133481399,-0.612605238647507,-0.19697274752249985,0.22342430260493754,0.04077445755163807,-1.218950659777153,0.5800583194725643,1.103320374573374,-0.6514201580350487,0.004
4329.424065187,-0.09016400836940744,0.37355493358190106,0.3661813149538229,0.5702371026658531,-0.017246382012274818,0.6293075868567606,0.5720337017088962,-0.023035659255119967,0.627108983119961,0.006448050675006916,22.42751166314519,22.42751166314518,3.6484387729768444,19.475841871398643,-0.2251415861724177,0.24935360432205203,0.04445159256549349,-1.242593265809676,0.6655864647124189,1.0580745112351713,-0.6167125952309302,-0.18280659268095142,0.2110674711455403,0.039202529643678256,-1.2241587852288642,0.5600583194725642,1.123320374573374,-0.6623444161487789,0.004
4329.454204086,-0.09204897710358767,0.3732249695913176,0.3652593517649267,0.570737021431641,-0.017583637651890062,0.6306667114312954,0.5720333718140571,-0.02236291691270198,0.6283866907159162,0.0054516537884733126,26.174505508765357,26.17450550876534,4.290266062956853,22.449614304361923,-0.22086258650060264,0.24633800871935302,0.043554744637438546,-1.2416840604849255,0.6546417639852601,1.0650172231698087,-0.6215026800086075,-0.16640732520066015,0.19699389423859798,0.03718266064103987,-1.2300879894416967,0.5400583194725642,1.143320374573374,-0.6740123502872194,0.004
4329.48508499,-0.0946786956226001,0.3728851129348331,0.36547581872515245,0.5705833523546041,-0.017432010323306834,0.6325164430763482,0.571905702641712,-0.02116708550241049,0.6299613516829349,0.004714646211972397,30.989069587485965,30.989069587485936,5.070061424692579,26.377598077892777,-0.21536441393108138,0.24224498164664857,0.04250182333928878,-1.2414792692854615,0.6428174735018992,1.0732190067390088,-0.6269995065137846,-0.14771377044350412,0.18110543693849887,0.03467609090332859,-1.2366263581008698,0.5200583194725642,1.163320374573374,-0.6870725247483597,0.004
4329.513879966,-0.09746233575230218,0.372546435099542,0.36562289787048996,0.5704546911398127,-0.017320095812103784,0.6344746476678458,0.5716074767150519,-0.01938750509799768,0.6318878269477736,0.003506385200698096,34.909881631292556,34.90988163129253,5.9801024321780645,29.323647651889345,-0.2085511595037221,0.2369868868454178,0.04127151599227693,-1.2419990539833914,0.6302000799372631,1.0825590109368581,-0.6332935105597957,-0.1277137704435041,0.16308787639773176,0.03168519477491107,-1.2447041676317243,0.5000583194725642,1.183320374573374,-0.7017922677776697,0.004
4329.543781843,-0.09906105311866199,0.37224284622589215,0.36506673908210807,0.5707696791614563,-0.01749054110831572,0.6356239279629974,0.5710849460209102,-0.017004051997360943,0.6342042286187841,0.0015334963566005272,39.043673525780044,39.04367352578001,7.014796453926981,32.418307090062726,-0.20044123733022715,0.23047590542495738,0.039876283929761766,-1.2433039516457733,0.6168705118763308,1.0929239565268272,-0.6404326629644818,-0.10771377044350408,0.1437859427690792,0.02821045089685443,-1.253896501652437,0.48005831947256417,1.203320374573374,-0.7173253411859715,0.004
4329.572053725,-0.10047021568136842,0.371976746175686,0.36436195167567054,0.5711604151029432,-0.017739493885290617,0.6366419908436184,0.5703016785602315,-0.014065141463275678,0.6369289650492582,0.003784263252689771,42.47179564644558,42.47179564644556,8.170424614319822,34.74476572711817,-0.1911348177548717,0.22270423510398255,0.038313625322761204,-1.245391854128343,0.6029014216727588,1.1042127863886222,-0.6483679013004812,-0.08771377044350406,0.12415594096958887,0.024340139523324096,-1.263774879786165,0.46005831947256415,1.223320374573374,-0.7324374717425455,0.004
4329.599923994,-0.10253914423887586,0.3716148866324047,0.3639448002048006,0.5713936176515593,-0.0178383711593123,0.6381193862385092,0.5692442267359449,-0.010645640222727251,0.6400482945564234,0.007750867495522817,45.60860786123818,45.608607861238134,9.440182736740418,36.711644959237645,-0.18074428619795055,0.21373646186682665,0.03657084189599324,-1.2482431216778727,0.5883574951968854,1.1163378200668455,-0.656981308888668,-0.06771377044350405,0.10433281568460342,0.020194043321208915,-1.2748674951459178,0.44005831947256413,1.243320374573374,-0.7471242504616495,0.004
4329.629126097,-0.10343124347461459,0.37157361393569976,0.36347099394339577,0.5715982493937315,-0.01807581137539923,0.638753851409303,0.5679072463413188,-0.00682150828380898,0.6435100618313598,0.012763399985473298,48.07718033506241,48.07718033506239,10.811925633954962,37.9686444338488,-0.16937723246889066,0.20365396271120867,0.034637488956535796,-1.251893578088453,0.573295405234192,1.1292196805651376,-0.6661575385062274,-0.04771377044350403,0.08467755097458843,0.015816930157334028,-1.2871696965241015,0.4200583194725641,1.263320374573374,-0.7611550668888858,0.004
4329.65740501,-0.10467063729240897,0.37148509607692776,0.363141006394307,0.5717225550647121,-0.018239388496664736,0.6396300217683069,0.566298225709929,-0.002664762669699304,0.6472433503945995,0.018164666013198997,50.4440185201417,50.44401852014164,12.27097946565687,39.084169577101214,-0.15713216147669268,0.19257228440297158,0.032507905604856835,-1.2563751414916444,0.5577661569780097,1.1427868427430827,-0.6757546952977063,-0.027713770443504013,0.06542310165826248,0.011257202160983535,-1.300981865454328,0.4000583194725641,1.2833203745733741,-0.7738027466540633,0.004
4329.689773239,-0.10472182155315998,0.3716774260950247,0.36300310340809094,0.5717051641160296,-0.01840645347906697,0.6396527047263866,0.5644325435622481,0.0017587809166197746,0.6511527542250254,0.024326504607596514,52.31502346520221,52.31502346520218,13.798920184661487,39.70710093343446,-0.1440990873661701,0.1806136808583594,0.03018177894789208,-1.2617656075218115,0.5418156388701785,1.1569752887715987,-0.6855862492426603,-0.007713770443504013,0.04668640528881471,0.006579457769139112,-1.3169809593360264,0.3800583194725641,1.3033203745733741,-0.784600654626444,0.004
4329.717318111,-0.10550494485051594,0.3717107706231033,0.3628324328421759,0.5717233711720449,-0.018539731956103492,0.6401978939833673,0.5623323753744622,0.00639071323260107,0.6551213664838764,0.030535682911156044,54.16213413205248,54.16213413205243,15.374372568404718,40.288004982695064,-0.13035918221868656,0.16790856702820775,0.027664016535069533,-1.2681730060157408,0.525484614492998,1.1717261902731608,-0.6954387325250054,0.012286229556495987,0.0286848505039397,0.0018626314349183552,-1.3348566764733902,0.36005831947256406,1.3233203745733741,-0.7933904270203643,0.004
4329.746754044,-0.10492851263174954,0.3719174557901451,0.3627402449008255,0.5717211405597835,-0.018663257612841155,0.6397823855471849,0.5600297298670984,0.011179995978456363,0.6590289417605131,0.037386345033612524,55.1609318186333,55.160931818633244,16.97613869245246,40.08380160199839,-0.11599031816269355,0.15460393731526398,0.024969018933554205,-1.2756817839097532,0.5088092579016745,1.186985472456092,-0.705105845775766,0.03176810835632618,0.011774089592510108,-0.00287197725610908,-1.3544342233528417,0.34005831947256404,1.3433203745733742,-0.7996517679261511,0.004
4329.775196339,-0.10533946195417052,0.3715213555275023,0.3632044713274242,0.5716236593523565,-0.018261839785218614,0.6400899384725254,0.5575700074162845,0.016060993007294688,0.6627607098501958,0.043468676751215754,56.12637650812001,56.126376508119975,18.583311090672225,39.85846863910761,-0.10113764107988897,0.14088204796291157,0.022133953815679137,-1.2843096319808878,0.49182423796912556,1.2027008353450646,-0.7143250233147801,0.049382735788001016,-0.0037421472063403965,-0.007656254695832805,-1.3744342233528417,0.320058319472564,1.3633203745733742,-0.8025141470942415,0.004
4329.803509102,-0.10406260306848676,0.37204374776878524,0.36259016924379117,0.5718070308391858,-0.018756750745736524,0.6391739982972794,0.5550114120451564,0.02092053820592767,0.6662276509183773,0.05087514313858241,56.79047223133847,56.7904722313384,20.176865386674727,39.459587693632976,-0.08602321891097228,0.1269418959593389,0.019185584233397255,-1.2939852310174036,0.4745596198585492,1.2188251155344612,-0.7228082496140973,0.06481171045718816,-0.017475739786773123,-0.012562180620836891,-1.3944342233528417,0.300058319472564,1.3833203745733742,-0.8017476534225618,0.004
4329.832024757,-0.10332606814868522,0.3721058634832039,0.36254370942724023,0.5718574783333157,-0.01877527166557432,0.6386583653827679,0.5524187225207801,0.025625134984237637,0.6693596560739774,0.057374476802095564,57.35231134486846,57.35231134486843,21.73959559741147,38.98481492042954,-0.07088541545466347,0.11297546567520302,0.016126794071426125,-1.3046136836709878,0.4570421763023608,1.235318566845098,-0.7302576638282771,0.0779920195685978,-0.029686199130190084,-0.017546288431657824,-1.4144342233528417,0.280058319472564,1.4033203745733742,-0.7969631800467327,0.004
4329.861031971,-0.10270092251856963,0.3721348562986048,0.3625446443313196,0.5718895975473495,-0.018760025599306673,0.6382217377536463,0.5498554940445785,0.030044451019394014,0.6720978061562459,0.06336376461049119,57.46612866624664,57.4661286662466,23.25631399310869,38.07853005904727,-0.05595804714210693,0.09915297753205941,0.012954580685634296,-1.3161066548287614,0.4392954790555087,1.2521460093993824,-0.7364263729556006,0.08870181263163032,-0.03994435923888781,-0.022646274140596605,-1.4344342233528418,0.26005831947256397,1.4233203745733742,-0.7888139505515859,0.004
4329.890900386,-0.10289223379508129,0.37198532102581444,0.36256147060404215,0.5719341536947592,-0.01868253146993974,0.6383667857914656,0.5473922668371529,0.03405533020341264,0.6743822906300189,0.06841566233827642,57.368917572382934,57.36891757238288,24.71354746898928,36.92303364056911,-0.0414693570554914,0.0856525790438498,0.009662403174291434,-1.3283767480112176,0.4213414974894772,1.2692763543143992,-0.7411062746832933,0.09685048765370849,-0.04800442658133817,-0.027891241467656664,-1.4544342233528418,0.24005831947256395,1.4433203745733743,-0.7778035524639012,0.004
4329.919516095,-0.10308328017507777,0.371834808797181,0.36257798421469756,0.5719793357280806,-0.018604650873829263,0.6385117396390367,0.545105762863116,0.03754458844206745,0.6761470277962939,0.07274160370078586,57.27185628160261,57.27185628160257,26.100915194555604,35.76957038083735,-0.027630848095718363,0.0726569748599451,0.0062376564084330975,-1.3413469109910043,0.4031995189893139,1.2866817958035985,-0.7441989696809043,0.10253479246286533,-0.0538502758401361,-0.033313373115587415,-1.4744342233528418,0.22005831947256393,1.4633203745733743,-0.7647046312871953,0.004
4329.947806299,-0.10308328017507777,0.371834808797181,0.36257798421469756,0.5719793357280806,-0.018604650873829263,0.6385117396390367,0.543071108526538,0.04041704463115056,0.6773259680734138,0.07632686597243839,57.27185628160261,57.27185628160257,27.411754409603876,34.66506288799525,-0.014622877621026101,0.06033578665664131,0.0026642413861723987,-1.354954000338257,0.38488594946088395,1.3043370653888275,-0.7456750497033465,0.10597108287784014,-0.05760537935553933,-0.03887044575453406,-1.4944342233528418,0.20005831947256392,1.4833203745733743,-0.7500826417230735,0.004
4329.97497542,-0.10253630974212771,0.3718459324996856,0.36259675624802806,0.5720043447230336,-0.018575588657318558,0.6381304788356554,0.5413539663751685,0.04260233610403686,0.6778615349974203,0.07912484435815755,57.20599604279357,57.20599604279353,28.643340930907335,33.570907340278964,-0.002587585685505419,0.048833083154432785,-0.001071863372464539,-1.3691454240214302,0.36641517843551175,1.3222189704933618,-0.7455442913197323,0.10737513202703339,-0.059514160201363235,-0.04457671790958669,-1.5144342233528418,0.1800583194725639,1.5033203745733743,-0.733767282577135,0.004
4330.003314652,-0.10173258154301357,0.371850022551635,0.3626386198167255,0.5720390509966419,-0.018519889297532406,0.6375709346235308,0.5400053254946684,0.04405372829423132,0.6777097598518067,0.08094901159842625,56.97411531774285,56.974115317742836,29.795869204192652,32.33885603341094,0.008370650009996244,0.03826288412744888,-0.0049823393922260074,-1.3838744228291264,0.3478003014393561,1.340306226824016,-0.7437863964128645,0.10698708232464198,-0.059637180535952336,-0.050424092110322595,-1.5344342233528419,0.16005831947256388,1.5233203745733743,-0.7154985555448949,0.004
4330.031716433,-0.10077648082421932,0.3715572242705898,0.36324220008297353,0.5719210023752114,-0.018043556133384934,0.6369170127382968,0.5390631152486818,0.044745676807303396,0.6768373189603395,0.08133731842494833,56.753681239620825,56.75368123962078,30.87218358871573,31.113108501124568,0.018181981063835808,0.028722037093635563,-0.009074928482220213,-1.3990937081554962,0.32905365859636543,1.3585797285711099,-0.7403657794814787,0.10508151925280182,-0.057973582795703624,-0.0563617492676367,-1.5543303654268215,0.14005831947256386,1.5433203745733743,-0.6955733966961123,0.004
4331.646620556,-0.09545103524621489,0.375406080840986,0.37112219687057624,0.571686878276981,-0.018290766284934434,0.6363224315280447,0.5355775496802233,0.037625587788413274,0.653415193708596,0.06872179263905659,0.44590308734863965,0.44590308734863887,18.480150722508093,18.326461990049367,0.10360057484239603,-0.05101647037398638,-0.05851351122465063,-1.5665817320406499,0.13204656232610404,1.5501554779594588,-0.6875115276415167,0.09790793808664276,-0.04732863415662497,-0.06301540167751064,-1.5587037381591091,0.12005831947256385,1.5633203745733744,-0.6755733966961123,0.004
4331.676429667,-0.09541970561463552,0.37733405827496197,0.3717581768607478,0.5704838534041061,-0.019027572527079487,0.6361495247155665,0.5359873558707742,0.037131307343175546,0.653355626690227,0.06811665050126384,1.2545441835444642,1.2545441835444622,18.31964906931274,17.8462879757058,0.10302120850270262,-0.05009122274707097,-0.058825093845477676,-1.5660486839226277,0.1302279009964925,1.552020838813722,-0.6856642083005323,0.0876424872977296,-0.032731055871060406,-0.07045075144660154,-1.5553108968125466,0.10005831947256383,1.5833203745733744,-0.6558396553383472,0.004
4331.705483648,-0.09541901167794441,0.3795412354842393,0.3718253159599952,0.5691321851501486,-0.019736416036702484,0.6363941511717192,0.5370146615625856,0.03573333255424211,0.6529843480750479,0.06620923623960245,1.963601381404622,1.9636013814046187,17.952474786212573,17.26786587121832,0.10157642556052444,-0.04800465781790894,-0.059684319689306105,-1.5652224728413842,0.12666569438517178,1.5556508556897066,-0.6821388998993664,0.07746059306061287,-0.019931078674745445,-0.07803616013087214,-1.5541487700799765,0.08005831947256381,1.6033203745733744,-0.637482403125633,0.004
4331.734715758,-0.0963443542902959,0.38234996431811685,0.371128035644348,0.5671440876565637,-0.01994764245509215,0.6371195791951673,0.5385977585493491,0.033374088421497604,0.6521849264570635,0.062330286196153425,2.7040769266476534,2.7040769266476485,17.400724795500796,16.445799652634104,0.09929711507121897,-0.04490981628569172,-0.061190845137479764,-1.5644238680233369,0.12151760234079276,1.5608644049112461,-0.677246176354313,0.06764668756813484,-0.009280697726590254,-0.08551602959611704,-1.5547893907368113,0.06005831947256379,1.6233203745733744,-0.6209622061611292,0.004
4331.764044063,-0.0963368597062984,0.38549033075340194,0.37061183709196244,0.5652577789735236,-0.020855010190214407,0.6378821068287616,0.5406227492253162,0.030106083527777824,0.6509706157413067,0.05809670239508284,3.5605659609923666,3.5605659609923634,16.691658318826217,15.405778292336898,0.09627316075513324,-0.04106560757681019,-0.06331647715156888,-1.563860915598897,0.11493173059909642,1.5675031732946474,-0.6713232435108897,0.05839306235596635,-0.0012367158924198119,-0.09277975987924954,-1.5578055328967002,0.040058319472563775,1.6433203745733744,-0.6071148943590613,0.004
4331.792367513,-0.09675258881932164,0.38852181001294606,0.3684921283039081,0.5633860630020634,-0.021198331027203678,0.63966204580832,0.542953814396161,0.026030852363841388,0.6494105832859958,0.0523746745081248,3.96404048960741,3.964040489607405,15.855305917056365,14.371294477084945,0.09262658536907543,-0.03677128761343563,-0.06598919190179076,-1.5637009708512706,0.10704542588298285,1.5754283404423675,-0.664736271070271,0.049946517419343285,0.00452422344244013,-0.09957598071179093,-1.5617223457477716,0.020058319472563767,1.6633203745733744,-0.596097246244173,0.004
4331.822594178,-0.09753121751973606,0.3924750294143885,0.3651662590130731,0.5608972924762042,-0.021407506276831006,0.6423335841798684,0.545463426898942,0.02127253720517196,0.6475930359379016,0.04568864356793428,4.411756747046424,4.411756747046415,14.92066509323037,13.28494597046257,0.08849352156210218,-0.032291158305807845,-0.06911444283361354,-1.5640287826548542,0.09798296948462559,1.5845123577972875,-0.6578344762017742,0.042495190498905655,0.007770670798571969,-0.10568857949627014,-1.56627897745769,5.8319472563767016e-05,1.6833203745733745,-0.5881857079400308,0.004
4331.852674574,-0.0981208745668324,0.3959944793242607,0.36218449439575195,0.5587177014753768,-0.02165234241060799,0.6447389445625479,0.5480336783949918,0.01597183985958584,0.6456395991747884,0.039122098862580425,4.852306424918995,4.85230642491899,13.913969086562826,12.153040483995923,0.08401734358491186,-0.027879760296540906,-0.07258227834688616,-1.5648573995039392,0.08785714221518977,1.5946408280035433,-0.6509382712686838,0.036141084272300436,0.008410685586613202,-0.11098624296614969,-1.571086864212923,-0.019941680527436233,1.7033203745733745,-0.5830105864540815,0.004
4331.882532467,-0.09644929847309149,0.40083906518481693,0.35796410980866594,0.5565615062099787,-0.02346105352910745,0.6484371252299677,0.5505576130937897,0.010274067636786453,0.6436945455434662,0.034591866019499165,5.034688877258544,5.034688877258542,12.85590984791295,10.995574912690124,0.07933449079117491,-0.02377377031623425,-0.0762806590489028,-1.5661421448984376,0.07677089272920523,1.6057107844165357,-0.6442723065644715,0.030630313562340125,0.00668489033763096,-0.1156987948553538,-1.5754743334735961,-0.03994168052743624,1.7233203745733745,-0.5794824473468936,0.004
4331.911334667,-0.09530064102264596,0.40518135367338604,0.35461301037441,0.5544865130517233,-0.02494639536010928,0.651416469263286,0.5529464260090364,0.004303933319260537,0.641909462988283,0.030795076948485822,5.397312110749274,5.397312110749269,11.760417444357397,9.611634012697593,0.07455252058548652,-0.020180812808635304,-0.08011887897060943,-1.5678025087883434,0.06481825336359807,1.617630650694385,-0.6379545101535585,0.025849437692150902,0.002733845643062883,-0.1199059561614721,-1.579456281705834,-0.05994168052743626,1.7432512726055271,-0.5772700993862883,0.004
4331.939766337,-0.09358862947781366,0.4103353434928185,0.351028286481224,0.552118974229425,-0.02698627947306166,0.654730470518606,0.5551255230207585,-0.0018360529665501536,0.6404284136192685,0.029088177332301002,5.817024032241903,5.817024032241901,10.638677828496494,8.174897289017938,0.06975732365715587,-0.01727486044289323,-0.08402513762079646,-1.569730502580857,0.05208645792403998,1.6302378494540535,-0.6320911312530402,0.021761591068537735,-0.0034132369602391105,-0.12361206204778341,-1.5827634532750572,-0.07942592418610415,1.760495580388716,-0.576788381782305,0.003642357700723865
4331.969140431,-0.09271812921616551,0.4143180371498457,0.34739256142433367,0.5501859256533513,-0.02814211032281235,0.6578204632642246,0.5570090578732445,-0.008044485263432155,0.6393636866995784,0.02812689580232492,6.043702938903538,6.043702938903531,9.51054115139113,6.609578924699003,0.06501990794915422,-0.015211216346954569,-0.08793848948740274,-1.5718258861663799,0.03881198144806518,1.6431430884939866,-0.6268059864961316,0.018364464392794516,-0.011266267623568414,-0.12676696209942928,-1.5851344689557336,-0.09522774579277916,1.773523922169036,-0.5779349759002191,0.0027983482602597885
4331.997661501,-0.09148344742772727,0.4190928329350448,0.3431554438521644,0.5479259603691873,-0.029663483822149388,0.6614664688062273,0.558527106626504,-0.014203750250181524,0.6387967465706902,0.029416049536293187,6.333514124771879,6.333514124771876,8.409717282801365,5.160447024627428,0.060401592276235844,-0.014078858708855693,-0.09180324230824323,-1.5739651803561352,0.02543989777132885,1.6559098757240767,-0.6222036417840322,0.015672505132593613,-0.02082635888013729,-0.12932411951386585,-1.5868621501832365,-0.10673871204841599,1.782328972757906,-0.5811654904687985,0.0020225373851537275
4332.026928141,-0.09170327336073943,0.42293274265960157,0.3399032820933245,0.5456906806299772,-0.03018519821633795,0.664142759865809,0.5596275942731372,-0.0201978662140603,0.6387711242105928,0.030621957126246144,6.6891813813528005,6.689181381352792,7.37210757101965,4.214871429144002,0.05596381156902039,-0.0139543579212684,-0.09556051624494057,-1.5760719468817366,0.012372821006722847,1.6681323062931641,-0.6184141737980858,0.013835971713584418,-0.031972036564892066,-0.1311004418675096,-1.5878294550808527,-0.11459306829927907,1.7868262691796934,-0.5865778945413791,0.0023389927277038185
4332.057821616,-0.0914406628721334,0.4268396569344897,0.33671386891932475,0.5435736252395414,-0.031028630897519966,0.6668454057351864,0.560260954461512,-0.025917303259495334,0.6393345002604501,0.03257978739687445,6.98290396688978,6.98290396688977,6.430762337562127,3.693766194120643,0.05177170728174576,-0.014924039098391616,-0.09914515973834076,-1.5780854257048718,-7.746272540915672e-05,1.679479869998043,-0.6155919719420395,0.012846126535401209,-0.0444191152896941,-0.1320930206482347,-1.5884446622007569,-0.1191459765214496,1.7876461700758695,-0.5942502837798516,0.002574875130336076
4332.08670644,-0.09112172494977355,0.4303161223373257,0.3337118587930568,0.5417278618116912,-0.03180217981743864,0.6693717830634554,0.5604002972061821,-0.03126212934924739,0.6405052751887587,0.03438352476040752,7.106086060819365,7.106086060819361,5.615995758856932,3.638429243041292,0.04788677508066538,-0.017026442633021374,-0.10249389251746098,-1.5799583019489174,-0.011665032969428729,1.6896772271851317,-0.6138565547457994,0.012703417850063514,-0.05784505802053877,-0.13229665732491816,-1.5885974237123834,-0.12092311829956445,1.7848596140848212,-0.6038778560496942,0.0027234771970245687
4332.11458163,-0.09050109675301148,0.4338288336933558,0.33086624331144754,0.5399528482348144,-0.03279525367446448,0.6718346749788052,0.5600381783113316,-0.036148527870222914,0.6422771479837455,0.0358930680518993,7.174915877805549,7.174915877805539,4.953408712017459,3.8191636597127108,0.04436314634579246,-0.020257057614833127,-0.1055499741233159,-1.5816518612753623,-0.022221487749588112,1.6985216696518115,-0.6132557745215181,0.013296713784491897,-0.07185404115790073,-0.1318231345647246,-1.5884201575677885,-0.12027544280935766,1.7792338996278687,-0.614472281922542,0.002825410130280144
4332.144893525,-0.09026877071726523,0.4369784009163457,0.3289694409258339,0.5382149402955477,-0.03360341534139492,0.6735599688133711,0.5591856571167361,-0.04051305668573975,0.6446217571794041,0.03639964560368983,7.234932138842614,7.234932138842605,4.462585208778033,4.088444878363349,0.04124144860713235,-0.024576064674760697,-0.10827007985651622,-1.5831455645224468,-0.03162336957523797,1.705896734915003,-0.6137565846974797,0.014557888468724129,-0.08629130895970696,-0.13075145820481093,-1.5883946713723271,-0.11753600218506177,1.7715896936751823,-0.6256179161339944,0.002892160614691032
4332.173825395,-0.09022911428033496,0.43978108392522436,0.3258892504059274,0.5366909490175643,-0.03398303957127048,0.6760159784643303,0.5578688400833665,-0.044312073447702646,0.6474895327694493,0.036999325869513586,7.096810974261591,7.096810974261584,4.153545537422809,4.322366033494754,0.038552318356926574,-0.029919889995177577,-0.11062292507362302,-1.5844530094460767,-0.039795114996461246,1.7117907714619878,-0.6152835831434942,0.016488698345850445,-0.10048401616601647,-0.1290807480688182,-1.5878113761444541,-0.11325189239234407,1.7615386394015449,-0.6367590883481792,0.002804462977469644
4332.204698575,-0.08991972876610861,0.4423311263609827,0.32517719152050073,0.5352781053983413,-0.03485170945800363,0.676870942052551,0.5561191914578901,-0.04751591185806398,0.6508165534997834,0.03568702920431742,7.070486225974622,7.070486225974612,4.017081910045488,4.498370735801552,0.03631983746328788,-0.03617170982228801,-0.11258440103922271,-1.5855295218667924,-0.046720925195613,1.7160795942887468,-0.6177360210554578,0.018969320281486998,-0.11428687302248833,-0.1269432578674816,-1.587151920917927,-0.10769338284018877,1.7498445214733835,-0.647738470086888,0.0027286959502345856
4332.233650645,-0.08976264274971218,0.44343756053576355,0.32511568376049826,0.5346587790727798,-0.03528484519329911,0.6770774116177167,0.5539808915948642,-0.05011056616478624,0.6545234907415155,0.033193755158620254,6.943114103437386,6.943114103437379,4.027385528304596,4.549101600987838,0.03455590538723683,-0.043211057820330495,-0.11414207570558269,-1.5864029761949023,-0.05241187112161096,1.7188217034676652,-0.6209840698538193,0.0219135405613537,-0.12719164794898138,-0.12441505088345724,-1.5869965126844525,-0.10127520789242445,1.737884319118501,-0.6579199482044451,0.0025001078111747464
4332.265124908,-0.0897402147518666,0.4437416094843244,0.32464757646323694,0.5345071488390459,-0.03531390590407233,0.6774366881478248,0.5515154714996633,-0.052103883515961735,0.6585085239926274,0.030487075724337946,6.943114103437372,6.943114103437367,4.147870047079151,4.707176597156424,0.033261037125522586,-0.05087930874048714,-0.11529504044523768,-1.5871213433116926,-0.056959822743135644,1.720157891994923,-0.6248681391307539,0.025236669866536277,-0.1386481560476785,-0.12160357985992112,-1.5869600057793078,-0.09387753183482195,1.7258631258646582,-0.6672921002363513,0.002439243445804604
4332.293236692,-0.08978617781673165,0.44373966447592744,0.3246487599103659,0.5344927685786661,-0.03528588661108418,0.6774299174070405,0.5487991172058948,-0.05350457817680852,0.6626589037601905,0.027473171960409506,6.9003034677876585,6.900303467787654,4.346528620328168,4.754374533349902,0.03242648155068569,-0.058972914808127073,-0.11605151842569635,-1.5877012501669392,-0.06032856965870199,1.7202211726752588,-0.6292532682623976,0.028894954529486403,-0.14826932377877133,-0.1185572630824961,-1.5870188123953346,-0.08566515313946024,1.7141393995449554,-0.6757993218141979,0.0023891702425328054
4332.320762527,-0.08989543202207423,0.44350103763469534,0.32531944162281146,0.5345636843648488,-0.03526012686169837,0.6769314527046238,0.5459165422192139,-0.05434112088395745,0.6668557265326436,0.024382206057525536,6.8798228716372245,6.879822871637219,4.595273274003539,4.680739338849117,0.032009157096098986,-0.06727487909713198,-0.11641813039338406,-1.5881729894711052,-0.06257052965211658,1.7191806354981605,-0.6339950826997726,0.03280701317818506,-0.15598006190384997,-0.11531596867220723,-1.587256233256179,-0.07727591891170325,1.703094906328771,-0.683209926472111,0.0021718196695265073
4332.350188657,-0.08991728572984584,0.4434257281203989,0.3251272667180794,0.5346131961501904,-0.035190210104897424,0.6770487965496419,0.5429518441395554,-0.05464657827023258,0.6709766334360513,0.022021681982847242,6.6210495843155055,6.621049584315498,4.870945070026095,4.340507294622857,0.032015757359032476,-0.0755773908297344,-0.11643478440628094,-1.5885842732612243,-0.06378779886720401,1.71720413168379,-0.6389510844685387,0.03687502140014642,-0.16174804555345357,-0.11192529147025863,-1.5875186297129673,-0.06914234473804703,1.692759008520615,-0.6892641419597979,0.001991470932587085
4332.379816246,-0.08972093586262628,0.44342291912100795,0.32513857170586596,0.5346804912119738,-0.035309205928943765,0.677065196570223,0.5399888908227679,-0.0544649889988415,0.6749194791360561,0.01999317970599343,6.432928567146692,6.432928567146684,5.157890589790835,3.9566359726238534,0.032431232093606696,-0.08367373582344777,-0.11614727019487676,-1.588939755368008,-0.06412316633706165,1.7144661196208388,-0.6439567883958353,0.040961248775167096,-0.16553042358007403,-0.1084584569018758,-1.58783157712201,-0.061674982273784325,1.6834551685565409,-0.6936759249161315,0.0017564360346844486
4332.409816306,-0.08931145412245405,0.4434219062581344,0.32515311728284124,0.5348183851554759,-0.035557346687830366,0.6771061415673519,0.5371066283221279,-0.053837051299317595,0.6786067621778689,0.018483384962978647,6.2497725281911185,6.2497725281911105,5.446472091699085,3.5664373274940595,0.033204614788939844,-0.09138174487023393,-0.11554706039732429,-1.5892394660709204,-0.0637227646184951,1.7111452650339782,-0.6488313799690711,0.04487967479564754,-0.16735381357073748,-0.10507161774656136,-1.5881564213516777,-0.05474511781345194,1.6753682824566432,-0.6960727179097508,0.001534663376195895
4332.442247412,-0.08914429345982443,0.44342208678949085,0.3251574311184028,0.5348744060784271,-0.035658552512408154,0.6771240325825277,0.5343760467757905,-0.0528080800832298,0.6819678989811767,0.017827442317529925,6.213264868446809,6.213264868446803,5.7299962949057575,3.4192346729340715,0.034291808840440856,-0.09854173715115265,-0.11465883694726793,-1.589494962797783,-0.06270569059824448,1.7074096649199733,-0.6534106679248635,0.048555886755469436,-0.16728234957490795,-0.10188082247039937,-1.5883886689531355,-0.04809418300205237,1.6682423258395196,-0.6969994382143828,0.0013751394373394843
4332.473467916,-0.08915456804381924,0.4432827976526706,0.3247567951995813,0.5349787073365895,-0.035539580650217964,0.6773753786923689,0.5318573487283446,-0.051436303590591,0.6849440231593229,0.017881081031956687,6.075504569058738,6.075504569058732,6.0023907228479425,3.356652793925603,0.03564077305756695,-0.10500678963868916,-0.11352716338341953,-1.5896939933616958,-0.06114782760118913,1.7033638909159297,-0.657596446897078,0.05194271935340924,-0.16525863564229237,-0.0989386728242709,-1.5880923312195558,-0.04174971909492949,1.6614479653241645,-0.6968139049123661,0.0013265501040575023
4332.500950988,-0.08910015953791818,0.44339802880628865,0.3235548179080027,0.5349947539996238,-0.03540216967163344,0.6782100911011103,0.5296004273411296,-0.049784930701063816,0.6874924877810036,0.0179478539957048,5.975995174626058,5.975995174626048,6.257381886152,3.3933981431496925,0.037197010661520334,-0.11064976666632793,-0.11219976777085211,-1.589807069266293,-0.05914085527660559,1.6990775187569032,-0.6613298590701885,0.05499008035189546,-0.16154977349446234,-0.09629190351438766,-1.5873690620094747,-0.03582328735343313,1.6551448343332587,-0.6957757254350261,0.0013491455700291688
4332.529793262,-0.08980214326096311,0.4429572558398602,0.32402284941828396,0.5350007142783935,-0.034921740444070676,0.6777484106890656,0.52764402617991,-0.047916438212511354,0.6895860136432055,0.0190554945769284,6.025746945416371,6.025746945416364,6.490333254546011,3.312810683481424,0.03890640343653165,-0.11537242404431028,-0.11072538773716487,-1.5898008673834165,-0.056766504669511275,1.694606109678285,-0.6645772820692663,0.057687538597919204,-0.15631173456894587,-0.09395929894032981,-1.5862018952465995,-0.0302679907538819,1.6492057026659064,-0.6940607548183813,0.0011515237712359612
4332.559823351,-0.08978532642300477,0.4431901041877285,0.3233548706472701,0.5349019999652571,-0.03489061598321644,0.6782327950232222,0.5260147709938033,-0.04588940419252041,0.6912095126894829,0.01919248244115427,5.959698517015859,5.959698517015853,6.698468359502046,3.222024240539921,0.040719252688775444,-0.11912048101024898,-0.10915041534590038,-1.5896744473554676,-0.054097728263832946,1.6900260733171164,-0.6673398808684107,0.059997302676189516,-0.15004259201245937,-0.09197653470683081,-1.5850775679989266,-0.025158185714640034,1.6441298322284652,-0.6918395954433206,0.001364250117314937
4332.589773274,-0.08996930695954015,0.4429568595233163,0.324018634761996,0.5349448185114726,-0.03482048170093727,0.6777304238824453,0.5247266773534232,-0.04375993924547741,0.6923557870167633,0.01995558961111211,6.064677352540548,6.064677352540542,6.881539865210435,3.0230132830660614,0.042586150090750605,-0.12188081023158087,-0.10752031206654254,-1.5894543267352674,-0.051208465603812106,1.685435697497315,-0.6696285143104415,0.0618643444969782,-0.14296908143030596,-0.09041872504046032,-1.5841124528780122,-0.02053671866769623,1.6401101322159464,-0.6894165099992388,0.0015040190114854449
4332.619821343,-0.08996930695954015,0.4429568595233163,0.324018634761996,0.5349448185114726,-0.03482048170093727,0.6777304238824453,0.5237847841800052,-0.04158545498421321,0.6930311709713305,0.020110298140032547,6.064677352540548,6.064677352540542,7.0392961691936735,2.8563246615787596,0.0444577629176472,-0.12365987576843374,-0.10588116352986136,-1.5891570523562217,-0.04817264309307771,1.6809246675819816,-0.6714476596168923,0.06325194445284535,-0.1351941666049656,-0.08928354808777478,-1.582993243896079,-0.016511994634501096,1.6368955194419987,-0.6865950402433527,0.0016187204813087382
4332.649978309,-0.09009047596363663,0.4429576696894958,0.32401367816853743,0.534903739742397,-0.03474710391022269,0.6777188161731748,0.5231787115625073,-0.03942127771376586,0.6932600337083309,0.02002132935246764,6.141401398506851,6.1414013985068445,7.172329435262296,2.7387553321635227,0.046286900972440134,-0.12451209886848352,-0.10427634859285403,-1.588802254820316,-0.04506031474252669,1.6765678023642419,-0.672812552798076,0.06417626921251864,-0.12699594142275838,-0.08857862518819071,-1.5818129603078215,-0.013047396982684385,1.634471959292199,-0.6836603692414052,0.0016924179391418802
4332.683261745,-0.08940207110666354,0.4432147875508624,0.3245468049323866,0.5349486687885434,-0.03533336830250673,0.6774776718443869,0.5228955305703502,-0.037318426433581034,0.6930769339265247,0.019813015272740188,6.15554004665849,6.155540046658482,7.281534604137264,2.500125506226916,0.048031478066037345,-0.12446489177299347,-0.10274710089352775,-1.5883650454321214,-0.04193028305933353,1.6724052372101368,-0.6737632484041731,0.06461987062470638,-0.11850779152311153,-0.0883359179705396,-1.5803757387257316,-0.010044940674379858,1.6325967927672647,-0.6806549029922108,0.0017069053380113848
4332.712389471,-0.09008184862318042,0.4430771250815681,0.32454680493238675,0.5348034929285657,-0.034881583275390954,0.677375065858272,0.5229225503675886,-0.03532333405957761,0.6925099177568101,0.019246186164621003,6.206611556078745,6.206611556078738,7.367374684617219,2.3108678906016995,0.04965145920712989,-0.12356949452834032,-0.1013319509719184,-1.587853164578142,-0.038830475830010584,1.6684955782153106,-0.6743277608566923,0.06459196360171192,-0.11002183873638692,-0.08851854629343821,-1.5789187536740985,-0.007629695130336794,1.6315245536325902,-0.6775317221111187,0.001669086869538287
4332.743554311,-0.08936488934631755,0.4430967469922281,0.32401295141655845,0.5350635418915957,-0.035226726802978295,0.677827795281214,0.5232363793130769,-0.03348033421656629,0.691597959092953,0.018235928085148744,6.127577903417487,6.12757790341748,7.429949018040996,2.2720035793518347,0.05111170036924877,-0.12189894235551135,-0.10006345342803859,-1.5872677983289971,-0.03581887334782419,1.6648788264866463,-0.6745324364407485,0.06409359091041404,-0.1016169610582872,-0.08912545459257508,-1.577262098893385,-0.005791581371444344,1.6311090653997604,-0.6743023450762125,0.0016890421061773514
4332.772681291,-0.08931008806733466,0.4432176152995434,0.3245452992511076,0.5349780485366165,-0.03538925361089084,0.6774904984832213,0.5238079331788663,-0.031825951208161965,0.6903874280436578,0.01742984203042588,6.231125515379832,6.231125515379824,7.470149199685094,2.0965417299884637,0.052383487510779266,-0.11953865252233448,-0.09896985573432802,-1.5866049467509478,-0.03293210216574284,1.661579742183191,-0.6744100436486585,0.0632188385675299,-0.09352675368004101,-0.09009741935799531,-1.5753579191044595,-0.00432444788680119,1.6309695383389569,-0.6711669253181519,0.0015784111067092235
4332.803929656,-0.08925573748038,0.44333242206743984,0.3233433276352072,0.5349943345511221,-0.03525167482187289,0.6783251441037877,0.5246022078197864,-0.03038840632890878,0.6889334565093131,0.01562638699533657,6.142491544294399,6.142491544294392,7.48846259993906,2.0848495803317144,0.053447353333448605,-0.1165764766886136,-0.09807156536916059,-1.585833667155307,-0.03019941350151227,1.6585744962800877,-0.6739997461078041,0.062035856783675944,-0.08576568692263146,-0.09135686786847388,-1.5729263782725738,-0.0032431105903296944,1.6307864372029393,-0.6681375237419406,0.0015230147646741192
4332.831843094,-0.08920975096862589,0.4433338896412993,0.3233423928089021,0.5350090002450119,-0.03527960016159583,0.6783316869183966,0.5255815409655157,-0.029186101487511024,0.6872933580133787,0.014363817855022673,6.183774602976678,6.183774602976674,7.486836106244362,1.9531642077531763,0.054291716227319264,-0.11311456526150737,-0.09738211968751406,-1.5849400302537753,-0.02763506648999856,1.6558513142293998,-0.6733456007742159,0.060581762358426654,-0.07864319548638198,-0.09287772650383772,-1.5703894598426822,-0.0024930814656183293,1.6308579733009037,-0.6653060069887804,0.0013926713232860865
4332.861660402,-0.08922692356337222,0.4431010864542907,0.3240103698793771,0.5351075670908975,-0.035310524898259546,0.6778472654325449,0.5267062617775217,-0.02823126607106852,0.6855225483052682,0.01340178360097032,6.246941343644904,6.246941343644895,7.467323485242565,1.7466411339094838,0.05491110237163893,-0.10926654966528444,-0.09690887445730341,-1.5839323149196773,-0.025249231776214173,1.6534160808399794,-0.6724926655021186,0.05890097209164948,-0.07237088036734735,-0.09464915971907718,-1.568266687696506,-0.0018514749628138676,1.6316304885422641,-0.6627814353382597,0.0012167225371468254
4332.894155717,-0.0891861569988485,0.44303184020058606,0.3238094225833613,0.5351749913177275,-0.03527862952801805,0.6779791239831855,0.5279370963249973,-0.027529460706513374,0.6836698808531194,0.012034178621853226,6.226023788997742,6.226023788997736,7.432588449259582,1.6651316327530141,0.055307984174785566,-0.10514834319790546,-0.09665408346944887,-1.582833608047072,-0.02305117009693023,1.6512768793452821,-0.6714841974574954,0.057084871201735374,-0.06675222537835288,-0.0965161380754827,-1.5657448795494842,-0.0016550798300210368,1.6321661365568068,-0.6604391719719533,0.001075553915434244
4332.927245131,-0.08914541546336464,0.44296230737036957,0.32360850244946676,0.535242580600201,-0.035246633305984716,0.6781109234084278,0.5292368738646702,-0.02706262022839606,0.6817895232771818,0.010797160758353968,6.207696476100156,6.207696476100148,7.384804687001832,1.5758331201329077,0.055512194968459154,-0.1008566165084,-0.09659317860345348,-1.5816235268921712,-0.021062124272459244,1.649387704732799,-0.6703544765166701,0.05517914612830973,-0.06191509878721176,-0.09843694659466243,-1.5629409556186835,-0.001846806025096516,1.6325387328775811,-0.6582649188907017,0.0009239823705828413
4332.957614605,-0.08894983100875087,0.4427255003475935,0.32314612982083435,0.5354793671782611,-0.03520991866224153,0.6784168034580791,0.5305701559136289,-0.026811971349295607,0.6799353899419428,0.009845403964326739,5.975862582649243,5.97586258264924,7.325325531819563,1.6825122160113677,0.05552025895569787,-0.0964762377591129,-0.09669544560845941,-1.5802680706420384,-0.019302616358593268,1.6476853564290486,-0.669120083708241,0.05324249522759833,-0.05751234761373365,-0.10030428306804803,-1.5592485974236467,-0.0026643583593522744,1.631923836477199,-0.6559733450872333,0.0008377500788814738
4333.703278545,-0.07551983611841044,0.4321912471988796,0.29749372943698565,0.5358351018213381,-0.03529590026692434,0.6788003041802894,0.543394589976178,-0.02773712363172126,0.6623967921479078,0.019579483455406645,0.31689406902970424,0.3168940690297021,2.0905223819870273,1.8972397911971248,0.05317987581368733,-0.05384173793588849,-0.10020790219286234,-1.5650957399482115,-0.004704618716427324,1.6318162612625007,-0.6563984241168914,0.051783429109279744,-0.06074518483051606,-0.10156445216731413,-1.5559938871854897,-0.006153249642802568,1.6308643726123038,-0.655474117469697,0.001008437705844716
4333.734203147,-0.07553065276174983,0.43207966958667454,0.29731298720000565,0.5358966002238228,-0.035246068332919725,0.6789263975640303,0.5433722564957485,-0.027845801710415608,0.6624863360647788,0.019517300143188386,0.3336816688862475,0.33368166888624795,2.079333308832853,1.8564484963353685,0.053072076277708324,-0.05390083350693426,-0.10029515648163742,-1.564809814190141,-0.004978367402155564,1.6315948183220965,-0.6563170975556701,0.05042039213603733,-0.06567233964978957,-0.10272990000291357,-1.5526887568330339,-0.009900700589802034,1.6295593668128385,-0.655334707794904,0.000981401703427523
4333.766379432,-0.07611474458997541,0.4317245656948008,0.2964416299365447,0.5358818273107264,-0.0347646897187137,0.6795338956256277,0.5431986242701187,-0.02809778203298729,0.662895752698434,0.019360035534592764,0.413555958362273,0.4135559583622727,2.0321698687112772,1.7543610344810217,0.05285488062225816,-0.054365305247246344,-0.10046134665082661,-1.5642565688036945,-0.005599824886169877,1.6312397401227143,-0.6562359381257188,0.04920006001373583,-0.07033878378092441,-0.10373386852403604,-1.5488974727622957,-0.014091412696567843,1.6275952348923326,-0.6555203768935981,0.0009133275563837578
4333.794767326,-0.0765678605696625,0.4309873659894093,0.296193654080322,0.5361397785175575,-0.034215521007236634,0.6797039161155187,0.5428640817729814,-0.02849505553774679,0.6636604636857782,0.01831208194946376,0.7619902673979914,0.7619902673979896,1.947051919656612,1.706801158985146,0.05254079251867946,-0.05522808362435745,-0.10070938109263469,-1.5633730562577313,-0.00658953683244522,1.6307036212792068,-0.6561708614941797,0.048196540202442954,-0.07446498444710146,-0.1044739277502827,-1.5445431126944509,-0.01901407624639424,1.6248187687050535,-0.6558570738089866,0.001049506838145842
4333.823330352,-0.07609420410662122,0.42951000825806485,0.29650481288560165,0.5371857205969125,-0.03392660107385094,0.6794817204037784,0.5423819647154853,-0.029015749717174775,0.6647632597846395,0.01636308335810566,1.3284933852830723,1.3284933852830714,1.8271373609353208,1.4796338417045198,0.05215383998355329,-0.05641485653290732,-0.10101524895047874,-1.5621105820709016,-0.007971925971151487,1.6299186096878369,-0.656141792975993,0.04742029136658195,-0.07747847217406972,-0.10496273447223298,-1.5393290756413827,-0.024163036886066327,1.6208238548804472,-0.6561742313750197,0.0011948105854566933
4333.85191745,-0.07650553420633345,0.42750358186267595,0.2959737293746902,0.5382031106241731,-0.03291350347470615,0.6798454172694148,0.5417813869262705,-0.02962457605053016,0.6661598422946525,0.014522949675788627,2.0867946215519795,2.0867946215519773,1.6806735842255742,1.9349163589655383,0.05172292722937565,-0.05778799195726958,-0.10134921611070359,-1.5603845781248962,-0.009736739316288498,1.628756490234426,-0.6561400040827963,0.04697658336925418,-0.07887763633996685,-0.10503776527138715,-1.5324714695844106,-0.030123846493942123,1.6147533229254576,-0.6561153880452577,0.0015507602669448087
4333.881661057,-0.07702369553931149,0.42441233047061355,0.29601304834078,0.5398133019831247,-0.03142340789092824,0.6798057136914786,0.5411019392528842,-0.030284802092532075,0.6677992113878086,0.012129019199637965,3.21192818620122,3.211928186201216,1.5163934628678553,2.878486888030893,0.05128099178266757,-0.0591653683381149,-0.10167044159989143,-1.5580585042340331,-0.011955691972583173,1.627042756678261,-0.6561203544795661,0.04692493967339711,-0.07804164722432644,-0.10456044444402289,-1.5233667884372166,-0.03763924712530625,1.6061733287014714,-0.6550712161942178,0.0020210405031940606
4333.910588038,-0.0780488038255011,0.4213788063209274,0.2955917100599387,0.5411959319118553,-0.02965709760836027,0.6800876656462077,0.5403934915565572,-0.030956047834607994,0.6696297350614515,0.01056879814972634,4.077201533659722,4.07720153365972,1.3432334234306047,3.6838199504123263,0.05086815872684256,-0.06032381235661983,-0.10192454077122728,-1.5549465690069877,-0.014765300935956908,1.6245691909614666,-0.6559496695741217,0.047408549306173935,-0.07478465624862715,-0.10332545407756207,-1.511817048018893,-0.047197722054117736,1.5950559548102994,-0.6526701573007035,0.0023757883559656287
4333.939108857,-0.07785942113762331,0.4190266811153097,0.29792971916094624,0.5426407919724864,-0.02887328573894401,0.6784429788748072,0.5397037389767103,-0.03158932272478984,0.6715957443735623,0.007930180169675742,3.897531608931995,3.89753160893199,1.1747687668298645,3.4444136076671783,0.05053423694950416,-0.06111452120482637,-0.10206452983307152,-1.5509900262970773,-0.01822041490504486,1.6212792244559175,-0.6555513379877943,0.04824225430512789,-0.07037626668232275,-0.10173442680078265,-1.5008815948046137,-0.056333454480049144,1.584806630424308,-0.6500641088189016,0.0021487100501336896
4333.966887158,-0.07859804928717205,0.416331156440566,0.29793637284492425,0.5439347798504562,-0.027405987527644803,0.6784271301083049,0.5390775655448315,-0.032145741289444814,0.6736159344402621,0.00831897832004965,4.006278612505776,4.006278612505772,1.0331529022693622,3.479119344285144,0.05031211138631928,-0.061459460765371954,-0.10207879174229406,-1.5463272406558108,-0.022209137646310415,1.6173722067546397,-0.6549422826829808,0.049470049448507324,-0.06497894742368537,-0.09973739178793932,-1.4903805524540892,-0.06529948952497643,1.5756732553799204,-0.6474587361371746,0.0021405403509330997
4333.99484593,-0.07907209709090714,0.4132219714624075,0.2983118232937651,0.5455717589565875,-0.025936047965040683,0.6781521615163115,0.5385641100027982,-0.032589077103610524,0.6756073649316924,0.009992293542290087,3.85093425675229,3.850934256752286,0.9519018886440945,3.16641915112483,0.05020926350064227,-0.06126637183010232,-0.10191552010297056,-1.541045079190812,-0.026675231767833135,1.6129913329573369,-0.6541386533793855,0.05109719542149289,-0.058261250935657184,-0.09735299164483258,-1.4795880276475952,-0.07385475571513195,1.567405341435501,-0.6448529399154701,0.0020994695132056994
4334.022170433,-0.07945433775535023,0.40980620937938794,0.2998515060161757,0.5474211806518208,-0.024406360008991317,0.6770613209020848,0.5382107965430412,-0.03287875439684966,0.6775129498034594,0.012522643920483823,3.0903594939523544,3.09035949395235,0.9631131700893063,2.2664434040938524,0.05024506858773313,-0.060466423643787216,-0.10154599424738653,-1.535228799905508,-0.03147671066664784,1.608340978647891,-0.6531634831226629,0.05305952390643869,-0.05083665971487716,-0.09475929781113572,-1.4700793216394108,-0.08052793696906581,1.5622890832942324,-0.6423286511039733,0.001747576169446865
4334.049750873,-0.0791165628001696,0.4053415409458303,0.3001679271404744,0.5501633372129007,-0.02289087061173896,0.6768243953197358,0.5380631592236642,-0.03296762943889358,0.6792726964937862,0.015935794754912525,2.461022122163578,2.4610221221635746,1.065394014944226,1.4569687973356358,0.05046382240836667,-0.059045991527981,-0.1009732366484292,-1.529059832279511,-0.036366224189325815,1.603761580338628,-0.65204140755427,0.05522967698353535,-0.042498015300511366,-0.09213102636594986,-1.461462399896745,-0.08464556068856827,1.560237425909102,-0.6396661028777678,0.0017549465434325744
4334.076825925,-0.0782525300243212,0.40078374526502003,0.3003847415172459,0.5531622684028613,-0.021647265912001112,0.6766579028792524,0.5381669781295481,-0.032824402180736935,0.6808399576884038,0.01916446419750781,1.7808463602444742,1.7808463602444726,1.2271978136889408,0.5585263194440466,0.05087469321335473,-0.056955571662838704,-0.10020145010221823,-1.5226216813373346,-0.041123156300871606,1.5995061598206233,-0.6507432675521246,0.05753162891302482,-0.032931044698149274,-0.08947258088379682,-1.4527156670871666,-0.08683251454635287,1.560553147133876,-0.6360976369092416,0.0020143574288935136
4334.10702129,-0.076786482392567,0.39641946272234196,0.30114843704368627,0.5562780550228389,-0.02083230140824948,0.6761104944173938,0.5385681153849915,-0.03243463887544677,0.6821858685044161,0.0220264923893068,0.8282071338386007,0.8282071338386001,1.4117168460462823,0.832415605862414,0.051471778660552296,-0.05414057791847449,-0.09924735364581545,-1.515962396475078,-0.045523195047244475,1.595825202407788,-0.6491816655545876,0.05977146238032507,-0.022332809100290316,-0.0870559200673769,-1.4447127736188237,-0.08581036748075112,1.564796620754223,-0.6313270214071928,0.0021722848841812794
4334.136444947,-0.07513795738168669,0.3904504031781166,0.3025801009722511,0.5604018620775328,-0.019510369505684806,0.6750900896848322,0.5393096276439152,-0.03179397721466087,0.6832765263040738,0.025744652187814864,1.0961207764089116,1.096120776408912,1.5844928393431728,2.1551162945386078,0.05223507242981291,-0.05057693551290052,-0.09814637342276804,-1.5091850856107674,-0.04928363092776246,1.5930219406125237,-0.647269157570047,0.061928852249923845,-0.01087613813884183,-0.08490749642720495,-1.4376111552923432,-0.081239223489242,1.5731695532808903,-0.6252880187379988,0.0024439990443999578
4334.166560955,-0.0744932698323639,0.38594794533054394,0.30316109648982287,0.5632834775115084,-0.01816096143927631,0.674668438686439,0.5404325800468952,-0.030911039170893672,0.6840865577710988,0.02781059086379478,1.755744610451355,1.755744610451351,1.7204957320726664,3.0905287266589694,0.05313955039637523,-0.04623396422949715,-0.09693761357197471,-1.50235743953359,-0.052194892171181846,1.5913932936237942,-0.6449112515791362,0.06395092686374296,0.0015821561042060422,-0.08302738000257216,-1.430646030692596,-0.07372789333150503,1.5843738985496414,-0.6180479044779673,0.0025411536143635054
4334.195342196,-0.07391632949877404,0.381099244338452,0.3054641790182021,0.56633840928413,-0.016645221389324352,0.6730399640149864,0.5419638763449374,-0.02979147987094225,0.6845958168279872,0.03000799397335711,2.769048301952695,2.7690483019526915,1.801005712422605,4.110184487155429,0.054159101711938495,-0.041114447636428395,-0.09565538767592097,-1.495562145174822,-0.054028544126562036,1.5911521201515186,-0.6420518445921414,0.0658729887614265,0.01393971406074752,-0.0813103085697159,-1.4254197713867283,-0.06435062272175036,1.5996334781092902,-0.609904684303328,0.003275349479087296
4334.227015982,-0.0735704184115411,0.3760956335064992,0.3052638611037341,0.5694001155734784,-0.01492567111154907,0.673162821498688,0.5439063452045445,-0.028450488577101467,0.684786201564588,0.03111199092402804,2.891389372591693,2.8913893725916875,1.8199445093845237,4.110185362724303,0.05527298078709397,-0.03526497742550323,-0.09432054964146937,-1.4889090172426513,-0.054747389492833365,1.5924565591090256,-0.638641516617497,0.06778549575465624,0.027206099930522063,-0.07958494638830593,-1.419733310502892,-0.05422937448758202,1.6157808217442788,-0.6006615888402256,0.0031842528378722315
4334.257016436,-0.07396633352212617,0.37148721218277436,0.3055924464562382,0.5719446543921315,-0.012925616948108547,0.6729154048371004,0.5462522433772236,-0.026903509279757393,0.6846604838076896,0.03151869822533136,2.914528205143563,2.914528205143559,1.7857898921082802,3.9477621227071555,0.05647003228660351,-0.02866058119192357,-0.09293921491865745,-1.4823146409697248,-0.05442672445229616,1.5951546007445507,-0.6346486125464154,0.06983244004508803,0.041138425205772815,-0.07767102493406727,-1.4129440594466827,-0.04440117781838791,1.630952216635451,-0.5909583906523168,0.003071511516243069
4334.285156495,-0.07533525641749923,0.36804102706483655,0.30643864104430096,0.5734343419992105,-0.010804241526596151,0.6723079274263077,0.548974520607477,-0.02515936273379047,0.6842330606840087,0.030766234260999028,2.9228553578134346,2.922855357813432,1.715112461013702,3.778041705024656,0.05775072414951081,-0.021324362120501213,-0.09150342630829095,-1.47572903380664,-0.053199438086536474,1.5990615962956651,-0.6301056552841511,0.07193584481486211,0.05475196397950653,-0.07566498548675983,-1.406771626216175,-0.034853010085831984,1.646247926418031,-0.5813475315484252,0.002994695447312447
4334.316738644,-0.07561856087378319,0.3632142331010484,0.3067346227591949,0.5761499932564783,-0.00878612678731721,0.6720827688997242,0.5520270448449869,-0.023228282400326716,0.6835123752401119,0.030350097197704155,2.8817201804133554,2.8817201804133528,1.626698246925127,3.331586115284498,0.0591144552161509,-0.013349993858586772,-0.09000644063302707,-1.469196664829661,-0.05120465961587963,1.6040212335951807,-0.6250806901493772,0.07412204431362451,0.06815951814410949,-0.07352218661351109,-1.4001769968119249,-0.02647743233655258,1.6600686607924218,-0.571749231559591,0.0026947681653849954
4334.346893072,-0.0763002861913346,0.3585405266770296,0.30903210243141965,0.5786192009923921,-0.0066008936013868535,0.6704563467111458,0.5553551276246184,-0.02112718105208123,0.6825247646636914,0.029964593250012286,3.098401877718359,3.0984018777183566,1.5469447325537695,3.1364835442048666,0.060561305181945926,-0.004813893782152823,-0.08844121045443583,-1.462693088646923,-0.04863706614613999,1.6098165486271778,-0.6196020311801884,0.07639931871141878,0.08124948817731249,-0.07125234485820166,-1.3941545873119836,-0.019273518287752277,1.6735848518313299,-0.5617671317667603,0.0026480624725209317
4334.376740321,-0.0764577986611269,0.3532518521747542,0.31110441436817793,0.5816500609738108,-0.004485515995741977,0.668986362297813,0.5589127358582201,-0.018871228384152967,0.681288057227244,0.029584901089422924,3.4132754717029026,3.4132754717029017,1.5038831194576583,3.057995704673294,0.062091186673883525,0.004190681115633048,-0.08680343070460511,-1.4562638738562135,-0.045655434910079694,1.6163432602866938,-0.6136704498438215,0.07871753102021702,0.09399312893400166,-0.0689342924588573,-1.3884369799548044,-0.013086302528822539,1.6867208535420546,-0.5513031124988836,0.0026189130705093497
4334.406645047,-0.07674449220306738,0.3478982953653453,0.3135987184619153,0.5846684779276734,-0.002271154525852817,0.6672204977751229,0.5626574896962692,-0.01647674651147921,0.6798193571072463,0.029069119406265824,3.7676245383043123,3.767624538304311,1.5233751275511656,3.095589878527624,0.06370268502669645,0.013577463552334239,-0.08509346660782875,-1.4499504608483786,-0.04239090354527037,1.6235229140005143,-0.6072983263458737,0.0810791451995518,0.10618542621830152,-0.06658509455920657,-1.3837582775264288,-0.007403203409914818,1.7004584659719668,-0.5407752571279567,0.002702085532708483
4334.435109026,-0.07663686843561172,0.3426541962496766,0.31510255911955676,0.5877761536449357,-0.00032600148182963806,0.6661491239434217,0.5665537232865092,-0.013956882455863549,0.6781310928981263,0.027924183899946806,4.1840372625879985,4.184037262587997,1.6198100921262686,3.170119263931205,0.06539055952420733,0.02326125788742723,-0.0833165759114644,-1.4438115982927473,-0.03890911567182909,1.6313256041302588,-0.6005210745156271,0.08339433808251634,0.11804768746859384,-0.06430580851190608,-1.3790224544142393,-0.0020966219166002713,1.7138996090556884,-0.5301026447081356,0.0026422671484834515
4334.465122194,-0.07627289702253387,0.3370974766938727,0.31748470585699073,0.5911635416197123,0.00158595963961055,0.6644623280700069,0.5705684574235806,-0.01132960179305689,0.6762493684544524,0.027016727062901348,4.735043206294141,4.735043206294137,1.79467406906806,3.352439721877712,0.06714227600002519,0.033183684110704735,-0.08148553005258789,-1.437835651942504,-0.035248361491821326,1.639671495702468,-0.5933627018601187,0.08555497924501186,0.12943413600998818,-0.062202561184473655,-1.3746541346845322,0.003186379593947559,1.7275622648371975,-0.5192703738642246,0.002752873668927649
4334.494765757,-0.0759769504306552,0.3316891127796606,0.3193898586455934,0.5944388985831597,0.0034825050802541613,0.6631098222042854,0.5746713469558312,-0.00861888241532235,0.6742007885078358,0.02569453658277734,5.304368296819521,5.304368296819516,2.041594438634841,3.5691168945359695,0.06893892358451521,0.0432755410772136,-0.07961980327354107,-1.4320403087677576,-0.031424408551253814,1.648538676445757,-0.5858415181794218,0.08753112476500648,0.1404360110419368,-0.06029313319555065,-1.3704056766056578,0.00873548711703775,1.7413830081958193,-0.5082409106833397,0.0027545994236413476
4334.523813651,-0.07570553973876534,0.32647865359046296,0.31947666445567513,0.5975925078062955,0.005324038647681259,0.6630308023627193,0.5788344120613936,-0.005850630658676198,0.6720164548970834,0.023611042788273376,5.69387746916758,5.693877469167575,2.3509204349482853,3.5329923518376973,0.07076025882194648,0.0534893326544818,-0.077741013193638,-1.4263915699743066,-0.027452986804100653,1.6578443115838686,-0.5779716770304925,0.08936711266601313,0.151181846427444,-0.05857699898668377,-1.3652775029491042,0.013783416879397714,1.7541481033981319,-0.4968597097410659,0.002479018897829242
4334.552348657,-0.07511310293799729,0.32266721757373684,0.32061539881482504,0.600048546508342,0.006436660719411354,0.6622211298931233,0.5830282603849626,-0.0030536179501213195,0.6697399514092007,0.02088751315828955,6.260069422885021,6.260069422885014,2.71349466232924,3.670166628917229,0.07258629444163583,0.06378461706021515,-0.07587136370996982,-1.4208165421453445,-0.023365730123976726,1.6674625249355484,-0.5697571895067254,0.09094415737679516,0.16129717815724784,-0.05714290700128418,-1.3600126021128838,0.01891332099678389,1.7663089224792548,-0.48521190004272763,0.002335349655500869
4334.582110631,-0.07523266759439023,0.318662234601252,0.321502091512542,0.6023449478940229,0.008041235260391431,0.6615857707314846,0.5872182349398314,-0.0002602238205108272,0.6674125351121976,0.018212162167594106,6.655645789868018,6.655645789868013,3.1223797516844174,3.6037477418513864,0.07439534166296156,0.07408240306703157,-0.07403620188321208,-1.4153059511034163,-0.019206708279164465,1.6772989777371323,-0.5612046099097423,0.09232711915937664,0.170337955001506,-0.055982447122512616,-1.3549636598539403,0.02328096386166355,1.7776899657797587,-0.47352160787749603,0.0022902518365010742
4334.61076173,-0.07489823147832239,0.31595496836443016,0.32115472085366964,0.6040585354468249,0.008886291917602956,0.6618198243258091,0.5913608107899536,0.0024934053616064633,0.6650752756005491,0.014584209713994213,6.957983521458498,6.957983521458489,3.5697400936926176,3.4375842508189636,0.0761690621484182,0.0842838391253201,-0.07225982301663758,-1.4098650555639516,-0.015051483670936432,1.6872207252287061,-0.5523600023518458,0.0934794728817305,0.17823013214130062,-0.05513447573944083,-1.3496461025934696,0.026818539028648107,1.7871919448079574,-0.4621746451713794,0.0022255298480275037
4334.639890359,-0.0746123955958595,0.3139296329375823,0.32187362066323066,0.6053522891933774,0.0094940656992753,0.6613098649290239,0.5954059729768972,0.0051698193744345615,0.6627782903802495,0.010944614468400485,7.266959687013134,7.266959687013127,4.0456739544702,3.267210604874882,0.07788853092281035,0.0942823356049098,-0.07056738518009642,-1.404480436016885,-0.010991590189701776,1.697040421926191,-0.5432964215530588,0.0943420788586741,0.1845522337992641,-0.05464603829165386,-1.3448533865716392,0.029504657021867532,1.7953000561519508,-0.4515368328807386,0.0020455373664833173
4334.66987939,-0.07463452627671935,0.31259313319388815,0.3213333966180665,0.6061270533124421,0.01002217067129954,0.6616831499947253,0.5993007695802828,0.007729105063783912,0.6605690087376476,0.007286810702429206,7.265531392564251,7.265531392564243,4.541727140361026,2.810622570134879,0.07953026396183593,0.10393553688145686,-0.06898463693201774,-1.3992100323846708,-0.00709260455630483,1.7066290902789991,-0.5341228912570489,0.09490911273706382,0.18913579658607382,-0.054522886631796025,-1.3405591097400906,0.031168494973972193,1.801379685874778,-0.44204249761358017,0.0018017627606420326
4334.703173565,-0.07492435519140682,0.31181419605523997,0.32103839860116096,0.6064722235789972,0.010491968792416838,0.6618862592840005,0.6029894743798614,0.010130263283120267,0.6584942990819679,0.004875014550922865,7.095306415679764,7.0953064156797545,5.046683536229746,2.245004151101234,0.08107554478410996,0.11311156832983225,-0.0675362992232845,-1.3940809865895964,-0.0034553521709092595,1.7157813628862404,-0.5249739271332942,0.09526880926746563,0.1920016266418963,-0.05467041982206809,-1.3365610066705735,0.031688734431972274,1.8046191597268684,-0.4341191964984107,0.001472716699931517
4334.732138633,-0.07514324341190975,0.31133507116392484,0.3201065415958869,0.6066703881753552,0.01080744402565225,0.662536384629186,0.606416438547388,0.012340214864467501,0.6566018402328265,0.006134549213286027,6.815317240806758,6.81531724080675,5.546830007668641,1.7851430028710265,0.08250864873629124,0.12169400225365581,-0.06624023768427376,-1.3890904536913151,-0.00016159837039398024,1.72423080861098,-0.5160012443231929,0.09538973799298389,0.19333294878430055,-0.055137071789165826,-1.3323716908093333,0.030872872911018773,1.804207881039978,-0.4278611677671373,0.0011359563270730282
4334.761994585,-0.07533019010103822,0.3111567158447952,0.3197356246545436,0.606703704185402,0.010986694026480719,0.6627950071745413,0.6095311125932387,0.014328065497115903,0.6549397417070218,0.008992452233661526,6.662014710471038,6.6620147104710306,6.027944197951797,1.5395355839102274,0.08381825359005131,0.12958108319668718,-0.06511282198238576,-1.3842198736512532,0.0026871405953208206,1.731714091125888,-0.5073558654991436,0.09531889848609612,0.19290401529791523,-0.055851875233929704,-1.3286753945625231,0.028823675057516932,1.8010033429022003,-0.4234722840651564,0.0008214471819244032
4334.791615507,-0.07543912304140098,0.3112790987529702,0.31991864569783557,0.6065898947010079,0.01100279135748259,0.6626671197140335,0.6122909356927353,0.01607038570067626,0.6535471674300994,0.011889319176376681,6.605706530776489,6.605706530776485,6.4794909447848505,1.2972386301159222,0.08499182972817484,0.13665863449575816,-0.06416421350334034,-1.3795167029492117,0.00504287675654534,1.7380931835201088,-0.49917892458634006,0.09490675493091162,0.19071558967426186,-0.05684907195053123,-1.3259482088930448,0.02625607203334779,1.7958826552532405,-0.42085110186222424,0.0011027206995977141
4334.820049054,-0.0754499743968067,0.3111769603860597,0.3197325899311845,0.6066458654447566,0.011049038490137011,0.6627969664860766,0.6146642254597506,0.017549801088260663,0.6524510030437692,0.014614820260159804,6.567215790691037,6.56721579069103,6.895408130124324,1.4085226134683226,0.08601100232805517,0.14282308818606781,-0.06340177474408484,-1.3750600802718638,0.006947208395263912,1.7433202380292288,-0.49160146575427904,0.09423019637784999,0.18688683884638876,-0.058055102818758225,-1.3243124156146007,0.02317606867784425,1.7892622435518544,-0.41989838073128766,0.0014245522890899002
4334.847196716,-0.07548465307385732,0.3112842296918546,0.31992294413327754,0.6065694003398833,0.01102745317849968,0.6626640389113575,0.6166325936196119,0.018752226580691814,0.6516704893411216,0.016786843516683653,6.623361053364126,6.623361053364118,7.2725970047258635,1.4803741629255136,0.08686511279910375,0.1479952361179356,-0.06283038124993653,-1.3709276413012872,0.00837801491800948,1.747400775124084,-0.48471315235698537,0.09337440078688372,0.18150710321792574,-0.0594209446886964,-1.3240090799678337,0.019481917793796315,1.7817941103730683,-0.42039145034148145,0.0015482115495627578
4334.876702161,-0.07598082426597833,0.3113588683201118,0.3199265207340457,0.6063351845995187,0.011289177664342967,0.6626608187896775,0.6181812866177316,0.019666651809463486,0.651207541232771,0.018484852525070598,6.395241282807525,6.395241282807515,7.605758032735249,1.7109816420578285,0.0875486284856327,0.1521141615823213,-0.062448173852041454,-1.3672073890697332,0.009304826037364565,1.7503407191268507,-0.47859677063055894,0.09233398043490099,0.17485215757010691,-0.06086508963139413,-1.3248483770214268,0.015459395835304186,1.7734763865317447,-0.4226434836527438,0.0017340246441646893
4334.906985311,-0.07631179256877987,0.3114073754271429,0.3199286976467218,0.6061797019242766,0.011464251885831188,0.6626588123919688,0.6193077936219461,0.020294591784837453,0.6510576738866378,0.0196190751304508,6.244715425272213,6.244715425272208,7.8908358010442585,1.9905353484520032,0.08805948268722413,0.15515862155561316,-0.062245946748367476,-1.3639499329128308,0.009740895046285645,1.7521621440884363,-0.4733407175791214,0.0911936183968609,0.1672370552262647,-0.06230303458482585,-1.3265399141767378,0.011104813703665763,1.7643182730038849,-0.426643356849169,0.0018649234243311602
4334.934656313,-0.07647733180452786,0.31143125321501963,0.3199297238488789,0.6061021594814215,0.011551965748320195,0.6626578513053187,0.6200176163240432,0.02064951492326289,0.6512087651777261,0.020186305092472975,6.16995288478156,6.169952884781555,8.124164820454803,2.219559949983131,0.088399830406854,0.15713396933206766,-0.062198106310207404,-1.3611944575495887,0.009709092157267528,1.7529111992041166,-0.46902430284020163,0.08999755090895038,0.1588768933667183,-0.06367840708508468,-1.329121233733393,0.006599674296397566,1.754706915025429,-0.4321677199528944,0.0019416974652497053
4334.963836619,-0.07651209929924582,0.31153781427734784,0.32012016140758637,0.6060260746289181,0.01153070406574458,0.6625248626506186,0.6203342126633259,0.020767025228845586,0.651629120504238,0.02021755770512422,6.2325144196141835,6.2325144196141755,8.302038967333905,2.310977862486203,0.0885903282988311,0.15809809485277712,-0.06226686800237777,-1.358959892820898,0.00924776938599569,1.752669290410294,-0.4656841434304411,0.08872210558012233,0.15004815873327196,-0.06505921216973817,-1.3325509884411326,0.0020729269235535285,1.7452874244945795,-0.43845494411859276,0.0018768861973581736
4334.991485707,-0.07677873220297286,0.31139180380424286,0.3201149649899145,0.6060091567908609,0.011742841560955633,0.6625274436192079,0.6202787511043579,0.020670894280579492,0.6522922071036138,0.019700038420427547,6.209983870659758,6.20998387065975,8.426748450850022,2.3806483187270175,0.08865684502464456,0.15808952850812014,-0.06245754927364096,-1.357270182340464,0.008392385270657861,1.7515480769037457,-0.4632789790114092,0.08740756290301376,0.14118724920049208,-0.06643188629962594,-1.3363178221554672,-0.0023733491351439623,1.7359287325540922,-0.44504314063790296,0.0018942265961696932
4335.019908668,-0.07630097301187899,0.31150921449067337,0.32011496498991443,0.606123893737797,0.011418137519730032,0.6625288163760338,0.6198827130172797,0.020369084821983786,0.6531827069547154,0.018888470739804396,6.286519092044796,6.28651909204479,8.503888002274023,2.3656703095278613,0.088593223911653,0.15719860143843772,-0.06276188704637352,-1.3560591175947165,0.007206493807236967,1.7496341368739166,-0.4617583329969979,0.08603132666260026,0.13254447081207318,-0.06774359419807716,-1.340229267509453,-0.006418142218097341,1.7266631365041036,-0.45205232051861666,0.0018290916439594272
4335.049789805,-0.076346551657349,0.3115140069351524,0.3201191370984461,0.6061035790658239,0.011442958226883446,0.662525822683005,0.6191818053927467,0.019874704228903726,0.6542758066471208,0.01761241349427009,6.306488291248018,6.306488291248011,8.538447322163744,2.382058757216198,0.08839820966970985,0.15551796320530323,-0.0631675087867299,-1.3552963970577852,0.005751047026411366,1.7470289943430437,-0.4610680298471467,0.08472128537189058,0.1242494581215968,-0.06896341496828484,-1.3443046240407321,-0.010384499453413458,1.7178466709054003,-0.4592478134638651,0.001715315805451329
4335.077547365,-0.0763620767674208,0.3113678768592725,0.31959912085476677,0.6061841457472819,0.011510048253667825,0.6628892697628278,0.618215973222384,0.019209758754965025,0.6555209464955482,0.01607303959945173,6.264777482426835,6.264777482426828,8.533596000368776,2.4038165361602375,0.0880880784180916,0.15315561729094412,-0.06366033844300796,-1.354970875557414,0.004057121194569553,1.743847907084331,-0.4611409048089555,0.0835251950456148,0.1165520382936128,-0.07005117471165366,-1.348237637428275,-0.014215988882707893,1.7094386097291814,-0.4664921312221634,0.00167702293888162
4335.106794214,-0.076346551657349,0.3115140069351524,0.3201191370984461,0.6061035790658239,0.011442958226883446,0.662525822683005,0.6170308589971201,0.018404814396833325,0.656874812289564,0.014135303551560357,6.306488291248018,6.306488291248011,8.492719297486126,2.2808306335778132,0.08768234650139851,0.15024088287759463,-0.06422074121744466,-1.3550256140941201,0.002169499835449076,1.7401905078592164,-0.4619029384089603,0.08241657334588899,0.10949366240663198,-0.07100271447787128,-1.3522708677381738,-0.017693532375612758,1.701856185249918,-0.47367997690049013,0.0014626005699271945
4335.136674576,-0.076346551657349,0.3115140069351524,0.3201191370984461,0.6061035790658239,0.011442958226883446,0.662525822683005,0.6156729450525983,0.017491674488498393,0.6582936050103616,0.012086000175036998,6.306488291248018,6.306488291248011,8.420077764364535,2.184151039368958,0.08720007466172246,0.14689557564879627,-0.06482879621809895,-1.3554220107745167,0.00013936461401725832,1.7361810576110912,-0.46327452222190485,0.08143894837026483,0.10329599772702258,-0.07180346188731125,-1.356038905560864,-0.02085844552288106,1.6949752283202928,-0.48063260723501144,0.001369688432336129
4335.165656438,-0.07639213531671962,0.31151881155213856,0.32012323985246743,0.6060832554778851,0.011467777447034616,0.6625228775712423,0.6141889230897599,0.016502373828769627,0.6597352611745593,0.009940815526717692,6.327614212043114,6.327614212043108,8.319600508389914,2.0648997468370744,0.08666267796057466,0.14324283692336787,-0.06546464420443703,-1.3561138229999314,-0.0019907339875717125,1.7319338754321032,-0.4651747348916935,0.08063173232736481,0.09794442007608467,-0.07243128394842291,-1.3597126067778118,-0.023738802660964654,1.689069901215678,-0.4872746101742393,0.00128252105775603
4335.19421134,-0.07688520939812483,0.3112551135534649,0.3196032236623366,0.6060492579612266,0.011859508853522861,0.6628849517072108,0.6126245600046033,0.015469413950540292,0.6611594463836133,0.007696972157470119,6.2091284600899135,6.209128460089906,8.195263290425443,2.0394132606128923,0.08609136108771635,0.13940202169133348,-0.06610853431503955,-1.3570553210169725,-0.004176955061537025,1.7275603313853407,-0.46751803920903034,0.07998708364220193,0.09359325697729215,-0.07287827563002308,-1.3629940735530248,-0.026200885532017725,1.6839581346839276,-0.49351850231237493,0.0012138778146539235
4335.223108665,-0.07639213531671962,0.31151881155213856,0.32012323985246743,0.6060832554778851,0.011467777447034616,0.6625228775712423,0.6110247275611373,0.014423750630415665,0.6625307038293997,0.005758123397492093,6.327614212043114,6.327614212043108,8.05091096461191,1.7567666603635512,0.08550563852220641,0.13549310348965635,-0.06674198441157349,-1.3581859932713327,-0.006373167401345239,1.7231507149869558,-0.47021875476431724,0.07946997186821016,0.09022637184787752,-0.07317675135472956,-1.3660037249923294,-0.02817161412163677,1.6798454210934184,-0.4992355129452315,0.0010844838688349016
4335.252473708,-0.07686990912225877,0.3114012610132473,0.3201232398524675,0.6059685947714627,0.011792543741958005,0.6625215042808805,0.6094319561883327,0.013393123808088814,0.6638166989193541,0.004029175846682511,6.251242816008196,6.251242816008185,7.8907688699644645,1.660783840309172,0.08492143510379288,0.13162285660715528,-0.0673494960321028,-1.3594600240075632,-0.00853093754691779,1.7188052041835908,-0.47318663553811147,0.07908909596854005,0.08787555927602915,-0.07333082499859464,-1.3686210823768485,-0.029676374528008094,1.6766638908260796,-0.5043444749323216,0.00100392715795941
4335.280689757,-0.07655769119880829,0.31154255001191034,0.3201242526725496,0.6060057882142018,0.011555554599811196,0.6625219253162012,0.607885582912921,0.012400605056327119,0.6649889465602835,0.0032146434020189464,6.2539228465649765,6.253922846564968,7.718866628864368,1.4813432449855755,0.08435317049297145,0.12788927353767846,-0.06791829364906513,-1.3608306293128118,-0.010609585440564763,1.7146055135512506,-0.4763401625857113,0.0788597175783528,0.08648890626511829,-0.07332691837537146,-1.3708566885316844,-0.030733614413191213,1.6743818174116036,-0.5088882106024846,0.0008922570827582113
4335.311011475,-0.07639213531671962,0.31151881155213856,0.32012323985246743,0.6060832554778851,0.011467777447034616,0.6625228775712423,0.6064198218621704,0.011468708857333549,0.6660240107446243,0.0035172732757509277,6.327614212043114,6.327614212043108,7.538234540109464,1.2194397702515736,0.08381507209592351,0.124376859455805,-0.06843567102252428,-1.3622553868926357,-0.012574426386654442,1.710622639446212,-0.47960717864489083,0.07875810478489872,0.08604061774852964,-0.07319767174585994,-1.3726795388498871,-0.03134847078190811,1.6729862527647115,-0.5127437279000341,0.0007074331009317811
4335.33953832,-0.07639213531671962,0.31151881155213856,0.32012323985246743,0.6060832554778851,0.011467777447034616,0.6625228775712423,0.6050654763589648,0.010614786665378623,0.6669045118032921,0.004578448006909259,6.327614212043114,6.327614212043108,7.352743409223227,1.0398563303249748,0.08331757095428778,0.12116033638058395,-0.06889351524615749,-1.363691066120142,-0.014393883256518008,1.7069203024337978,-0.48290386769697896,0.078799165956914,0.08644442835989898,-0.07293256411666055,-1.3741105208845459,-0.031541322163554,1.6724118072528202,-0.5159172380086429,0.0005735932189465345
4335.367447068,-0.07655769119880829,0.31154255001191034,0.3201242526725496,0.6060057882142018,0.011555554599811196,0.6625219253162012,0.6038471214581588,0.009853808860049874,0.6676173341367295,0.0057895571311421205,6.2539228465649765,6.253922846564968,7.165310621466524,0.9495676856379907,0.08287102726809717,0.11829700034926538,-0.06928393658162703,-1.365104277190453,-0.016042919710555593,1.7035470184642882,-0.48616621688302186,0.07896382609736487,0.08760964648750184,-0.07254982429858226,-1.375168436752329,-0.0313559995376303,1.672597044516334,-0.5184762293449423,0.0004935624910387646
4335.395299774,-0.07655769119880829,0.31154255001191034,0.3201242526725496,0.6060057882142018,0.011555554599811196,0.6625219253162012,0.6027836176299486,0.009198302717755777,0.6681548693260617,0.006904279682030819,6.2539228465649765,6.253922846564968,6.978201688185959,0.7926576919254951,0.0824837555351841,0.11582905073609377,-0.06960023265464829,-1.3664669849911237,-0.01750414443919258,1.7005406239939957,-0.48934740109036773,0.07926256988539694,0.08939595584267059,-0.07203298989485694,-1.3759177749853198,-0.030854906435939636,1.673439853315956,-0.5206288763895147,0.0004120590881591837
4335.423796419,-0.07655769119880829,0.31154255001191034,0.3201242526725496,0.6060057882142018,0.011555554599811196,0.6625219253162012,0.601887568035017,0.008657919741457151,0.6685144119677658,0.007827255041569399,6.2539228465649765,6.253922846564968,6.79294838430843,0.6570702729954623,0.08216235781967024,0.11378434533487385,-0.06983752436068395,-1.3677555500333296,-0.018764934360335387,1.6979280212445296,-0.4924038862530081,0.07962129312075034,0.09178317183805602,-0.07147167551003238,-1.3762905186787247,-0.03003654728135066,1.6749219033371223,-0.5220710974433735,0.0005181487761457418
4335.451843478,-0.07708110526071538,0.3114294234219622,0.3201282745718034,0.6058710051388553,0.011905319702068519,0.6625176620257763,0.6011681147720414,0.008236314191404467,0.6686991201720935,0.008590064263684284,6.200549995183108,6.200549995183104,6.612490495141964,0.5801414868111257,0.081909397537438,0.11218212753889309,-0.06999615941565612,-1.3689436939738802,-0.019819009366578173,1.6957282016521797,-0.4952820534537353,0.0800950858558729,0.09459835886450801,-0.0708362401864843,-1.376374957485756,-0.029115586871080533,1.6769934634018178,-0.5229042097711657,0.0005776344380957042
4335.479952248,-0.07660328800611681,0.31154729789841096,0.3201282745718034,0.6059854929363422,0.011580403592684627,0.6625190365710261,0.6006271082910288,0.007934194467945516,0.6687146826035045,0.008966223103861892,6.276487958496807,6.2764879584968,6.438722731942632,0.4403984326915115,0.08173058715761031,0.11101831364727534,-0.07007773999246654,-1.3700279069655128,-0.02068612807839331,1.6939458438691442,-0.4979485862871367,0.08067599838027772,0.0976695092093518,-0.07011841396474322,-1.376341151394663,-0.028055452715249393,1.6796020814608743,-0.5232732051535182,0.0006537855971722106
4335.509033963,-0.07672328306347267,0.31156603792436766,0.3201252235980993,0.60592845385365,0.01164344916938178,0.6625210014115178,0.6002596514982741,0.007743970674392482,0.6685685651441917,0.009160473774753809,6.180602336240852,6.180602336240843,6.272928269022985,0.5202745976776775,0.08162289948501714,0.11028260317337733,-0.0700957170678289,-1.3709978512457661,-0.021390279045715256,1.692569445632458,-0.5003688468925549,0.0812122503836642,0.10109143953512562,-0.06944043547127388,-1.3758788342058035,-0.026666344478711555,1.6824593090714182,-0.5230567327398644,0.0006950796728536165
4335.539389376,-0.07687812297874339,0.31169081296053375,0.32031260367875897,0.6057956081100725,0.011685480358236251,0.6623899800989,0.6000562107161447,0.007644558039389385,0.6682880125997844,0.009168234454564774,6.151789569734894,6.151789569734882,6.119652371594723,0.6233664204391273,0.08156861189505958,0.1099366735618249,-0.07006574897597918,-1.3718429170002897,-0.021914715875483562,1.6916084768794328,-0.50253025451596,0.08175205687501297,0.10457526525071506,-0.06873393931641751,-1.3753122297032416,-0.024995773435461315,1.6856162721184693,-0.5226960312803641,0.0006802145088333817
4335.568017654,-0.07758572979798124,0.31171025204249214,0.3204928180435928,0.6055121699788394,0.012091505455484264,0.662262496476323,0.6000085762082753,0.007635306250416395,0.6678899303710982,0.009045179267803644,5.937234000611422,5.937234000611414,5.979216480099276,0.8748003354750702,0.08156066902630735,0.10996445136439398,-0.06998130750149038,-1.3725549985605878,-0.022213386031523456,1.6910484620633144,-0.5044569111235395,0.08226287176640032,0.1079260593125913,-0.06796380365951833,-1.374781216272719,-0.022801595616935105,1.68889193094329,-0.5226904173705775,0.0006876005042226407
4335.59962047,-0.07812353574468511,0.31247617138196837,0.3214252376765116,0.6048555875589599,0.012108780425726474,0.6616115084716302,0.6001031103728182,0.007724147508116914,0.6673804662480151,0.008665559361789288,5.748346806932999,5.748346806932995,5.847749065475299,1.4818480534775171,0.08159376169155817,0.11031914987751716,-0.06982874554165018,-1.3731730719786588,-0.022250046894265338,1.690873545130875,-0.5062285047565264,0.08267309724390579,0.11070234700958705,-0.06711130883200593,-1.3750315346970292,-0.019878640063979647,1.6928128331819638,-0.5238639491822908,0.0009173988000737857
4335.627878125,-0.0789474880137268,0.3141211501348563,0.3221875604538632,0.6035749630370613,0.011956609977881047,0.6610821887835917,0.6003156221125093,0.007911985959744008,0.6667667509519467,0.007700424258210905,5.675579059115976,5.6755790591159725,5.719115851409295,2.2975192572997742,0.08165909866533032,0.11089607996385495,-0.06960195030800738,-1.3738258422576308,-0.021970192407417783,1.6911404602412883,-0.5080244806655082,0.08289086075730097,0.11211498717833678,-0.06615175994629509,-1.3772579175603255,-0.016017902317034014,1.6982106806480948,-0.5273738140008943,0.0012414010965219311
4335.657836218,-0.08032611712418894,0.3165109705107887,0.32192432697826,0.6016473858089468,0.011846809092992891,0.6612723309362771,0.6006109774773251,0.00819604592005101,0.6660536934553045,0.006104395261868584,5.593596857852009,5.593596857852002,5.585754187837014,3.1557888965723686,0.08174443478231364,0.11153897753555056,-0.06929692062270974,-1.374717817777115,-0.021317902269545823,1.6919558553666754,-0.5100786889225241,0.08287424062331832,0.11172504498354345,-0.06512016928247973,-1.3816309709184826,-0.011453209819057474,1.7048711446638707,-0.5336715594406254,0.001495080357108717
4335.687594091,-0.08215649099847869,0.31996379133628516,0.32219545125956855,0.5989231650740523,0.011591290098771377,0.661091366243681,0.6009425559654266,0.008565424709274376,0.6652544041217034,0.005528533738828997,6.084065107340395,6.084065107340389,5.438781669180671,4.32694262674864,0.0818355442754359,0.11207274522549798,-0.06891235330344898,-1.3760500426323101,-0.020286305159618004,1.6933797468243212,-0.5126574595927978,0.08271555704189405,0.1087418669421163,-0.06400799521828811,-1.3890172005119203,-0.006998662779893043,1.71327862101197,-0.543159007170672,0.002168971745721376
4335.718840607,-0.08228927539051328,0.324730017033426,0.32161447545747723,0.5960837381236277,0.009840996402524553,0.6615149720003479,0.6012575082569146,0.009000816570828253,0.6643817562017953,0.005974299222448524,6.794227693341296,6.794227693341287,5.272460655107612,5.166117257532992,0.08191565351109334,0.1122672290252534,-0.06844828308461554,-1.3781066949754879,-0.01892150113402813,1.6955511919081092,-0.5159983884581321,0.08214398911737143,0.10283995741024632,-0.06303243601276064,-1.3998235042721001,-0.002060697182966662,1.7237964217843083,-0.5552326891956424,0.00262914722122143
4335.749588137,-0.08255619884373606,0.3310926592402005,0.31961775749990345,0.5922611858007293,0.007561376213579302,0.662935072475218,0.6014842332660725,0.009467715429834713,0.663474172949698,0.009433417359419194,7.314330303524659,7.314330303524648,5.09037650585094,5.750038850415674,0.08193454604859783,0.11185249676986667,-0.06791687619441439,-1.3811612701856815,-0.017165049073048548,1.698584278521758,-0.5202696924447215,0.08081821480590927,0.09367588212695553,-0.06244019858089217,-1.4139973861304778,0.004027471286071211,1.7356768662607671,-0.5697396556179879,0.003068564989430196
4335.779171846,-0.08163959665996942,0.3379349786683744,0.3178232901213933,0.5886119619275665,0.004404145415694068,0.6642176817999884,0.6015463264034581,0.009905599713968361,0.6625786604572259,0.014150977872685612,7.31149801401853,7.31149801401852,4.902243435512732,5.519247565807853,0.08183272814293488,0.11058447773975902,-0.06736075381200278,-1.3854114498508816,-0.014987482867950614,1.702467663936437,-0.5255676164425712,0.07884471660698172,0.08181485707769394,-0.062414743614577786,-1.430308389286321,0.010069890674390887,1.7472187865167608,-0.5850936711668622,0.0034108466936163036
4335.809423438,-0.08109969055695657,0.344319034486192,0.31552149194309503,0.5850872786716743,0.0016451954434686528,0.6658530149906114,0.6013712308835532,0.010240607016407225,0.6617527683133997,0.018864257805727376,6.87371566220581,6.873715662205804,4.72316206895968,4.888828528789758,0.08156311932848714,0.10829543310409989,-0.06683986506588961,-1.3908990276004773,-0.012464123589788772,1.7070007580730968,-0.531844801342602,0.07635940129646952,0.06779422587036926,-0.06301285109411396,-1.4473053049510882,0.01516170789416366,1.756076267453105,-0.6005929916891275,0.003488145539619635
4335.840067655,-0.08009434215935025,0.35338456496495985,0.3133331108007566,0.5801716988195226,-0.0024162057987964017,0.6674195554486514,0.6008886375992041,0.01039763412620645,0.661055186885566,0.02517719669128115,6.441716440449581,6.441716440449575,4.565687583666435,4.172440619378923,0.0810897169991659,0.10486323822165639,-0.0664175864192101,-1.397582282584575,-0.009732978012810981,1.7118611458675572,-0.5389982136504892,0.07330654525758305,0.05133028181526164,-0.0643618360668039,-1.4657165888918455,0.01910209977280452,1.7624740767098437,-0.6157169986728642,0.003780163393736836
4335.869586971,-0.07949825915349715,0.36179038466285074,0.31098169319747154,0.5754853923096862,-0.005984166218688483,0.6690970265027216,0.6000309054181997,0.010303314189300045,0.6605302093009807,0.03067824292179821,6.088580153897978,6.088580153897973,4.440978160314844,3.6263156611739134,0.08037552975512137,0.10015521603349452,-0.06615740501538624,-1.4054714323498279,-0.006914858735647683,1.7167778106229092,-0.5469072969737496,0.06967395166513565,0.032629151935338864,-0.06644145639170014,-1.4851696777321914,0.02215858098765396,1.7662720263885332,-0.6305901212471593,0.003986132759485466
4335.899568554,-0.07854296902412675,0.3695455935922105,0.30835720149854584,0.5713183306415895,-0.009511547960532905,0.6709640127936791,0.5987401094304823,0.009892220154788633,0.660219178815838,0.0352691313506798,5.719840010889531,5.7198400108895235,4.3544294800459715,3.0854504785731316,0.07938197648915081,0.09408516679397748,-0.06610938818645605,-1.4145149877908887,-0.004107454353108555,1.7214678451407786,-0.5554859859178901,0.06550987722210504,0.012687332927874433,-0.06920635140972821,-1.5048778160863925,0.02429819453252108,1.7670458539751386,-0.6454166742602618,0.004
4335.929526301,-0.07857121524060554,0.37934260108635387,0.30734278302964047,0.5655754835967378,-0.013253155190431944,0.671709378764841,0.5969870087486766,0.00912621560439291,0.6601467142443883,0.04026431869975797,5.726194351324225,5.726194351324221,4.305293332232383,3.130309623716488,0.0780763226212779,0.08666264282116035,-0.06629173348346236,-1.4246040457163247,-0.0013842885332900254,1.7257160620868548,-0.5646931737031796,0.060831691155099135,-0.007312667072125568,-0.07254935827006953,-1.5248778160863925,0.025887642942715214,1.7661694265615404,-0.6612604073417742,0.004
4335.959230633,-0.07925020026827483,0.3874260349748717,0.30727694048708915,0.5605838460474586,-0.015959379581172602,0.671783278692627,0.5947858146822442,0.007967487491699428,0.6602966955587413,0.04329216116699901,5.98746522091906,5.987465220919053,4.290342336164526,3.3071847693784724,0.07644909821923959,0.07798247121325703,-0.0667689412462357,-1.4356319981968415,0.0012120198184084185,1.7294532481851015,-0.5745866702114393,0.0558470449952468,-0.027312667072125568,-0.07627708202949567,-1.5448778160863925,0.02697202053536348,1.7648725271953727,-0.6784133960694064,0.004
4335.989124973,-0.07895066736634503,0.39645014207008344,0.30680590256909956,0.5554181762687259,-0.01959802951674012,0.6721461479538158,0.5921674709084722,0.0063919720233814245,0.6606391494492458,0.04645860362902205,6.288092110927334,6.288092110927326,4.3071211337269695,3.48639342783217,0.07448894182979708,0.06815898109121629,-0.06756968825271126,-1.447503646983978,0.0036431777930526904,1.7326752991184056,-0.5852288104282914,0.050504319272650325,-0.047312667072125586,-0.0804560026495547,-1.5648778160863925,0.027597886920770722,1.7627584880290124,-0.6969334500847207,0.004
4336.018907518,-0.07896768925594387,0.4055099603989808,0.30687655212866394,0.5501090083070713,-0.023067091618478544,0.6721293424352334,0.5891604051386058,0.0043942313827162885,0.6611372569514917,0.04898940496425545,6.679694503165856,6.67969450316585,4.352379261431398,3.6933622125675414,0.0721909074751024,0.05730272114850285,-0.06870862234949322,-1.460137578072391,0.005904106255799569,1.7353797571753966,-0.5966749675728492,0.044821628599871016,-0.0673126670721256,-0.08504800782612057,-1.5848778160863926,0.02844732308516676,1.7605398052584627,-0.7166734386796493,0.004
4336.046828506,-0.079034667964828,0.4141183238179377,0.306743718734083,0.5450452752061905,-0.02633282593121808,0.6722532446992416,0.5857958694653919,0.0019805140308111445,0.6617595890039534,0.050718566246836586,7.118263350756452,7.118263350756444,4.428163241229128,3.9068254619431997,0.06955383884028887,0.04551712647257073,-0.07019452658708464,-1.4734629833442399,0.008054530153195962,1.737629913814067,-0.6089371497016541,0.03890611646331391,-0.08731266707212562,-0.08996522836023563,-1.6048778160863926,0.02999775464050262,1.758782559769517,-0.7366734386796493,0.004
4336.076820594,-0.07884513569815285,0.42162128737907795,0.30699780880804584,0.5407262585271692,-0.0293256495614743,0.6721028272705402,0.5821034934773277,-0.0008303176541398839,0.6624800176741251,0.05115327924149761,7.503723106581164,7.503723106581159,4.538444978665985,3.979663512414048,0.06658716352112722,0.03289552209330686,-0.07202976030624551,-1.487414519608391,0.010178208293096007,1.7394838661896672,-0.6219446836113278,0.03285169922626214,-0.10731266707212564,-0.09518433211483009,-1.6248778160863926,0.03242555337985529,1.7565734522909415,-0.7566734386796493,0.004
4336.106801191,-0.07841154575090462,0.42940232732100075,0.3051654051825797,0.5363422252606257,-0.03256049448764887,0.6734144181732847,0.5781015578554564,-0.004012129230730884,0.6632676650833311,0.051592708941056505,7.259819523599621,7.259819523599613,4.681397173947983,3.664365277996631,0.06330936096163414,0.01952053365844747,-0.0742135980582776,-1.5019318812781475,0.012344004011593392,1.7409160772546945,-0.6356257473685304,0.026787405576479285,-0.12731266707212566,-0.10066822594501594,-1.6448778160863926,0.0350425413321302,1.7523622601183768,-0.7766734386796493,0.004
4336.137449294,-0.07835235301454924,0.4380363515230397,0.30399454588427705,0.5313139216195726,-0.0359061486333149,0.6742652692401045,0.5737948971530183,-0.007536127022750763,0.6640828311967454,0.05208813159409677,7.256269718192925,7.256269718192923,4.847368756238092,3.595755054995278,0.05974987822832755,0.005464972872625035,-0.07674056865619383,-1.5169586797222914,0.014548991594871288,1.7417668570078046,-0.6499154277475386,0.020833802684812826,-0.14731266707212567,-0.10633076904210972,-1.6648778160863926,0.03740569292104837,1.746413019375501,-0.7966734386796493,0.004
4336.166526806,-0.0774186162539511,0.4440505206086807,0.30301525740896496,0.5281544036045677,-0.03875838396954773,0.6749743098048564,0.5691842196117899,-0.011366327441954644,0.6648832879835513,0.05035473447249443,7.019051928535544,7.019051928535537,5.025588443445954,3.241093857431869,0.055950146903192624,-0.009204414460097449,-0.07959432013621828,-1.5324465259708142,0.016732965890467303,1.741878428707002,-0.6647550414231929,0.015236369566382524,-0.1673126670721257,-0.11193310682490727,-1.6848778160863926,0.038782240531012833,1.7382079549956602,-0.8166734386796494,0.004
4336.194670632,-0.07757987419505484,0.4507168484694,0.3011047754614798,0.5241945196633175,-0.04121677003674767,0.6763353515609852,0.5642714942416187,-0.01545339170043787,0.6656306589941579,0.048831403805337445,6.8762414636935585,6.8762414636935505,5.20840792496368,3.048472255650193,0.05196299640329322,-0.02442635338888591,-0.08274269700391369,-1.548352929864705,0.018810714839144326,1.741127390085723,-0.6800819314239223,0.009998007730872375,-0.1873126670721257,-0.11742656567264151,-1.7048778160863927,0.03939838897005169,1.7282353660275034,-0.8360912165631421,0.004
4336.221830577,-0.07715970310902479,0.45621418288837534,0.30106640532217466,0.5211384762054356,-0.0435733997622377,0.6763828759213788,0.5590645622971275,-0.019739746634987843,0.6662952222478657,0.04591504964890308,7.014446371405137,7.01444637140513,5.39297862086471,2.8320491369953915,0.04784105704369938,-0.04014433173175257,-0.08614688615151132,-1.5646406092141525,0.020743340094103245,1.7394651271676982,-0.6957488268612909,0.005126988010519347,-0.20731266707212573,-0.12277673909318222,-1.7248778160863927,0.040015903716070896,1.717761141043389,-0.8539772076777887,0.004
4336.251628682,-0.07657030619967194,0.46241419304919135,0.3002755711855326,0.5177376038520155,-0.04629614605638474,0.6769599869950487,0.5535804305278683,-0.024162557576227938,0.6668613321070458,0.04331958902934261,7.304116874032395,7.304116874032384,5.581232293222583,2.6982963492436998,0.04363452186592767,-0.05630360995597347,-0.08976698578629072,-1.5812649862216082,0.022560450923777765,1.7369381770516081,-0.7115807773464873,0.0006228840245510168,-0.22731266707212575,-0.12799683876963533,-1.7440896702473383,0.04118916464436912,1.7070465777200658,-0.8706630012675299,0.004
4336.281444464,-0.0762930123445854,0.46800753440556186,0.2997153087180532,0.5145715117630691,-0.04860411798514277,0.677372892126588,0.5478443816076399,-0.028657885013873376,0.6673474070327038,0.0400680225217766,7.881865111676631,7.881865111676623,5.781674825791503,2.8675552075178707,0.03939128152426884,-0.07284113136918353,-0.09356881258821381,-1.5981057368757943,0.024369849498240042,1.7336525910901543,-0.7274740332698573,-0.0034630547319862517,-0.24731266707212576,-0.13313352595345723,-1.7616148713183442,0.043966886979928975,1.6971655146385927,-0.886784265773312,0.004
4336.310543564,-0.0762052597856747,0.47300466785853623,0.29992107108180655,0.5116801084271853,-0.050575013816085326,0.677247061831709,0.5418862802144262,-0.03316222785840588,0.6678192569912423,0.036117882453961726,8.621046342386444,8.621046342386437,6.008456351770038,3.2365682162997116,0.035160171144498174,-0.08969790342405048,-0.09752440053316261,-1.614961620461039,0.026324217422043675,1.7297280322365796,-0.7433772115960269,-0.007033493070808103,-0.26704987741793385,-0.1381658083255098,-1.7767069876276984,0.0484142601022119,1.6875510309071569,-0.9026833236869964,0.003825669729539882
4336.340477888,-0.07618855301852295,0.4766913035429947,0.2995767834599178,0.5095294869020172,-0.05199912424655947,0.6775013912560014,0.5357405021915773,-0.037613843562721426,0.6683617683482204,0.03126477778201528,9.163127050734106,9.163127050734095,6.274009463667085,3.4252995376632294,0.030993764694030767,-0.10677881372314278,-0.10160627434734591,-1.6315736002202206,0.02856423365005791,1.7252648153017012,-0.7592552839507094,-0.009947640598918114,-0.2844291981497779,-0.14293567432715704,-1.7888696770285895,0.054198788815853396,1.678338899708134,-0.9178854622305477,0.0032615098875755644
4336.369721027,-0.07613321962471932,0.4800382322256913,0.2978141009245543,0.5075952522885577,-0.05331023902717986,0.6787474312300855,0.5294838804444728,-0.041951408780315606,0.6690204892825435,0.026509403365142875,9.496668521093877,9.496668521093868,6.583714801629847,3.390781931590051,0.026947606635866525,-0.12386506552515625,-0.10578017042441802,-1.6476462204241409,0.031186438123567008,1.720357212092504,-0.7750402257204952,-0.012168670875440064,-0.29890767676584645,-0.14736196797779805,-1.7978495328405444,0.06094283958005811,1.6695452230972023,-0.9321132371843454,0.0027248783924119766
4336.397529591,-0.07590747563935449,0.48233654417953437,0.29785943313202934,0.5063367011524763,-0.05432502690742299,0.6787244386091174,0.5232180940755108,-0.04611704918375618,0.6698034445088646,0.020783081125541343,9.798416673739071,9.79841667373906,6.9360880738365855,3.2433430184213354,0.023076329906310006,-0.14068076689279435,-0.10999965857414243,-1.6628900591613602,0.03421387637446043,1.7150853910469315,-0.79061787254729,-0.013658987809301632,-0.3101500547687229,-0.1512304663611555,-1.8033637283971646,0.06794773078052709,1.6614476759598937,-0.9446064567882183,0.002335108889943829
4336.427403122,-0.07499445690363685,0.48425852338762554,0.2991471899787967,0.5055599217419164,-0.05560207928567726,0.6778317716987126,0.5170552829758098,-0.050055331172611246,0.6707045817866734,0.014618706528615095,10.094195606565,10.09419560656499,7.325732140247374,3.095299274878424,0.01943318957370178,-0.15695552850503805,-0.11420647634741486,-1.6770868641040004,0.03764341452704686,1.7096100018789875,-0.8058349387479924,-0.014478686048977625,-0.3182584513608579,-0.1545954343194282,-1.8066049164235072,0.07555284245723369,1.6553004181923425,-0.9552410787409821,0.0019381489631679967
4336.455647241,-0.07552642292592053,0.4856213362657322,0.2976146099712988,0.5045609826045107,-0.05580844336587232,0.6789084183993365,0.511108224440279,-0.05371795845779605,0.6716937132424405,0.009964360155467639,10.13304944068619,10.133049440686174,7.745941301147313,2.7077444457653863,0.01606281169424455,-0.1724357280299757,-0.1183434067697117,-1.6900987961837008,0.04147774160778331,1.704125435407838,-0.8205254254277724,-0.0146045557283569,-0.32308510035517907,-0.1571793887696164,-1.8069905373254433,0.08302930775084719,1.6504077904726773,-0.9634470372068836,0.0014475885655517843
4336.484518841,-0.07544464881751803,0.48634853381403353,0.2974026641418354,0.504167179911631,-0.056134759876269855,0.6790595636534119,0.5054840731479923,-0.05706427379766264,0.6727434328489076,0.006518566734002624,10.187009873288222,10.187009873288215,8.185982138036852,2.294272823910933,0.01300250388178131,-0.18686661265443977,-0.12233924811388051,-1.7017610253086881,0.04564498767976132,1.6987383191748249,-0.8344974610090651,-0.014121386402748785,-0.3245812793759645,-0.15887718101026208,-1.8043952701529637,0.08993223592093001,1.6467103160020784,-0.9690328743675457,0.0013459908458315125
4336.513778418,-0.07544464881751803,0.48634853381403353,0.2974026641418354,0.504167179911631,-0.056134759876269855,0.6790595636534119,0.5002820677420283,-0.06005848079864172,0.6738380417403581,0.007599603511733641,10.187009873288222,10.187009873288215,8.634796390892612,1.8523338847457145,0.010281707810221072,-0.2000226907835228,-0.12611683112476418,-1.7119352617367303,0.050055842921659585,1.6935734322117695,-0.8475684528038456,-0.013094264538004718,-0.3228359883122532,-0.15966221048584403,-1.7994292003428458,0.09626346853184647,1.6447085502716425,-0.972028466190943,0.001209465735475719
4336.543414047,-0.07527740707266173,0.4863541135775293,0.2974084192285523,0.5042281222351888,-0.056234805900830936,0.6790558875669023,0.4955918861811511,-0.06267236161864218,0.6749543319774733,0.011526033795463218,10.131979998073145,10.131979998073133,9.082361172821347,1.4339382953855493,0.00792203236786663,-0.21171574496631473,-0.12960285443959096,-1.7205488293231255,0.054629592151903834,1.6887712800223766,-0.8595798866362341,-0.011544310439942407,-0.3181572801130793,-0.1594667295747229,-1.792541959883216,0.10198636987930644,1.6442967254657146,-0.9725326251126063,0.0015567016676004452
4336.571944613,-0.07455320148748033,0.48627656227635074,0.2981367520535082,0.5045501956698311,-0.05663153920498454,0.6785472225095118,0.49148623402486397,-0.06488123396523182,0.6760618876150448,0.015649327366889548,10.124258088026165,10.124258088026158,9.519647652736182,1.154197569348706,0.005939076506065221,-0.22180307924332104,-0.13272676598468713,-1.7275821703539769,0.059291829166207975,1.684443479454898,-0.8703954665456268,-0.00963582552989298,-0.3108129040442055,-0.1583982459219028,-1.7838908460399843,0.10703267159959966,1.645225760277826,-0.9706472374244536,0.0018191049661932036
4336.599821182,-0.07445575790157775,0.48606022253372216,0.29743095703056033,0.504715591082512,-0.056602931858499766,0.6790406836581612,0.48802024100540314,-0.06667359663588127,0.6771365727144724,0.019590269057404117,9.929798279215452,9.929798279215438,9.93758888588659,0.876689144234338,0.004332446204477313,-0.23017278502711513,-0.13543116926828835,-1.7330188874007104,0.06395870575066286,1.6806500523443715,-0.8799046783245007,-0.0074712873001413676,-0.301084449728209,-0.15644929918973463,-1.7735013322336057,0.11112420708941652,1.646939547157892,-0.9664382887432326,0.002167779319002816
4336.629652185,-0.07429741571664297,0.48637808403126614,0.29724099899047923,0.5045907220190676,-0.05681696597841746,0.6791751132241626,0.4852297683873723,-0.06804952309916407,0.6781565808176249,0.0224065676368037,9.845755155179235,9.845755155179221,10.32777965820045,0.9813782045250941,0.0030899069680404997,-0.23676584555749292,-0.13766993754602244,-1.7368944765873244,0.06854295540709235,1.6774466304780182,-0.8880290558824406,-0.005196143835696243,-0.28956120555158216,-0.15378236728574232,-1.7622677009209256,0.11434078089010896,1.6500754763715575,-0.9601954701817741,0.002430937921019178
4336.657884076,-0.07435291868721819,0.48628257217156784,0.29705590121283293,0.5046256668191801,-0.05674713324669298,0.6793042246058796,0.4831295785646292,-0.06901804781077502,0.6790817865360753,0.02475291161017912,9.760984629579633,9.760984629579621,10.683273044628526,1.1734008255785178,0.002190664979503996,-0.24158167419360235,-0.1394117854507772,-1.739325577806049,0.07296157942420635,1.6749020544622348,-0.8947221845925317,-0.002844981804332688,-0.2766805716514816,-0.1504360550957702,-1.7505047152412612,0.11652551717039004,1.6543427467550547,-0.9523583811994034,0.002682502790342571
4336.686685215,-0.0751304836773867,0.48588600237332136,0.2975925566242843,0.5045581589289071,-0.056141722672858,0.6789255968770038,0.4817174951602844,-0.0695946299084606,0.679906478618842,0.026526190142432335,9.823759281669753,9.823759281669739,10.997991994499836,1.318159237011182,0.001611091889086075,-0.24465221357419656,-0.14063628038196602,-1.7403622134257155,0.07712436954809095,1.6730077304691178,-0.8999670634766587,-0.000432126328385949,-0.26276309075221405,-0.14649289727157283,-1.7381120431645147,0.11769737088556419,1.6587863120544726,-0.9432802117344191,0.002820152007893376
4336.716512341,-0.0751304836773867,0.48588600237332136,0.2975925566242843,0.5045581589289071,-0.056141722672858,0.6789255968770038,0.48095753270952085,-0.0697956794049025,0.680632160626596,0.027319085859873624,9.823759281669753,9.823759281669739,11.269163146996544,1.5403216303862894,0.0013244671211664993,-0.24607189240966618,-0.14134234208264035,-1.740099985249179,0.08097584586202373,1.671712022683509,-0.9037980763124613,0.0019407067483727402,-0.24821778727115115,-0.1422224546266247,-1.7257620532718847,0.11820671006498538,1.663798000173242,-0.9333350653475394,0.002906925834672538
4336.747036858,-0.07438505578231033,0.48600067937831926,0.2975925566242843,0.5047772778673618,-0.05662203709739306,0.6789274915770664,0.48082098852755617,-0.06967449638858832,0.6812403382283598,0.027379184650262945,9.76098462957963,9.76098462957962,11.493369535673894,1.810819111810251,0.0012759434821475136,-0.24592292305524652,-0.1415776126369928,-1.7386670074740904,0.08447953527010452,1.6710244792380693,-0.906279950234569,0.004228255752888667,-0.23346867847094782,-0.13771675198415476,-1.7134467436708474,0.11797007302063982,1.6688208442098644,-0.9228040319415842,0.002956435932673595
4336.776366702,-0.07436320974914128,0.4861923033970353,0.29686461569862543,0.5046749157946246,-0.05670575266167554,0.6794377760690842,0.481262052371666,-0.06925344491478674,0.6817175383659462,0.0266609090368482,9.705827739246153,9.705827739246137,11.670818257148477,2.0032337678742325,0.0014463627063891452,-0.24433051757655821,-0.14134792574842725,-1.7361968256571885,0.08760018909902402,1.670890695992765,-0.9074932407588562,0.006318414399709644,-0.21875699950480443,-0.1331721369853509,-1.7012887444898723,0.11704305429251693,1.6737347621611418,-0.9118724719563887,0.00291593709727724
4336.804694731,-0.07438923050693386,0.48596406048722796,0.2972578710841609,0.5047977516896817,-0.05660431463132238,0.6791616270082004,0.4822257891372152,-0.06855116876535802,0.682058945615673,0.02570243708839845,9.760984629579639,9.760984629579623,11.803329699241639,2.0788182152168058,0.0018117658491047914,-0.24144079902907395,-0.14067908858388328,-1.7328222396469257,0.09031327070498622,1.6712443444432594,-0.907533484819235,0.00824158148622921,-0.20452841634695515,-0.1286821200600368,-1.6898468811687883,0.11564433246289822,1.6786982895757132,-0.9009013508520188,0.0027970924779189806
4336.833211647,-0.07437479796938545,0.4860906565069216,0.2977839812808968,0.5047281865500199,-0.056663286743545205,0.6787938415977295,0.483646590996987,-0.06760167042933159,0.6822595602801567,0.024001939811291537,9.816617378961226,9.81661737896121,11.893440191974706,2.113587890437316,0.002340298228558004,-0.23743131586695324,-0.13961675184985448,-1.7287141791370124,0.09261868547188142,1.6720473609398525,-0.9065203761600693,0.009956036172737345,-0.19115061539843495,-0.12438758396902061,-1.6794794354026532,0.11389361128311305,1.683702053718279,-0.8901686714593758,0.00259967711366468
4336.863413049,-0.07435291868721819,0.48628257217156784,0.29705590121283293,0.5046256668191801,-0.05674713324669298,0.6793042246058796,0.4854513172703516,-0.06644458438331968,0.6823141814021674,0.021696914045168724,9.760984629579633,9.760984629579621,11.94425315236823,2.198205484136077,0.00299720323182659,-0.23249163195087638,-0.13821585212357937,-1.7240448048261423,0.094526785910205,1.6732383374090376,-0.9045820207272068,0.011431221997529247,-0.17875721685865095,-0.12031401401435479,-1.669842228832567,0.1116089874127642,1.68808400167191,-0.87973987109807,0.002400079143567928
4336.894560585,-0.07442005440309754,0.48608513655778485,0.29779024005919225,0.5047140271825538,-0.05663470248641796,0.6787893507006749,0.48756373837327216,-0.06511950982858783,0.6822306052672716,0.019441362988937585,9.788180358124453,9.788180358124443,11.959183497746052,2.193756712427445,0.0037448788693692837,-0.22680475165074687,-0.13653265702712683,-1.7189450052180044,0.09606276809599615,1.6747205671431225,-0.9018382263570635,0.012614546521132614,-0.16754680889151574,-0.1165371665860318,-1.6612385326166492,0.10877776779043774,1.692162767225467,-0.8697165043516928,0.0021232505936992947
4336.922233638,-0.07440846400220663,0.4861868025755949,0.2968709070005207,0.504660746006869,-0.05667717714382253,0.6794332624792369,0.4899068950093875,-0.06367465392862469,0.6820206728049037,0.01653286099872313,9.676835907167309,9.676835907167295,11.939554585773209,2.265999652180911,0.004547567994713856,-0.22056443354223068,-0.13462467322962188,-1.7135606570219644,0.09717272911014006,1.67643010433832,-0.8984171218556853,0.013516851008271902,-0.15766219810431922,-0.11312174289489053,-1.653537458835978,0.10544499688724947,1.6954452877191213,-0.860346940985187,0.00188079655818247
4336.953207958,-0.0746209711352053,0.4861761306101934,0.29687152474043665,0.5045853903074881,-0.05654870628182271,0.6794323693614901,0.49240339356232443,-0.06215628925747638,0.6816997460568236,0.013600993662470383,9.704287234098931,9.704287234098922,11.887318752718537,2.1939172081326945,0.005371963417835028,-0.21395310980214147,-0.1325489414336772,-1.708010253483141,0.09783189594865914,1.6782663896783694,-0.8944471292276055,0.014151063343592053,-0.1492467894234164,-0.11004754816559054,-1.6470089798798517,0.1015746923953283,1.6982173255076876,-0.8516962671300066,0.0016585843411167302
4336.980529817,-0.07453006864900284,0.48590337633198405,0.2963104137743664,0.5047810133804207,-0.0564951353225487,0.6798243369190449,0.49498131015798286,-0.060605816725900666,0.6812864036971231,0.010727046383384495,9.45594760486608,9.455947604866068,11.804964567121987,2.3642937739851435,0.006187313530141566,-0.20714580452023215,-0.13035892823033282,-1.702408832773013,0.09803938177421109,1.680149806627648,-0.8900388567273815,0.014452684414787073,-0.1420787985211032,-0.10733949839126539,-1.640961640254514,0.09711082782891953,1.6996972148199858,-0.8433764878873279,0.0016157384323321894
4337.009979637,-0.07464259893979641,0.4853080945512813,0.2948400906584341,0.5050890394425028,-0.05619534714937208,0.6808511743092946,0.49757359168816007,-0.05906408717120821,0.680806981786303,0.0080444749511841,9.110362569961874,9.110362569961865,11.692957246794565,2.664062582239493,0.0069624770938194564,-0.20029061934409736,-0.12810087729708475,-1.6968207354955376,0.09777022451354302,1.681954974339635,-0.8852749973404305,0.014508906480266667,-0.13621608956614334,-0.1048459275826391,-1.6354396787993895,0.09172215453170124,1.6997484930295517,-0.8355205814195473,0.0015816204544447825
4337.039872581,-0.07468182505036061,0.48467851363268843,0.2949766391341298,0.5054421926828924,-0.055931141110965386,0.680753242963383,0.5001188831998807,-0.057565272713157506,0.6802918778126341,0.0055875636683200385,8.7614359622022,8.761435962202187,11.550886719369853,2.9236653281885,0.007671400179976705,-0.19351138032767348,-0.1258073658188602,-1.6912723809932653,0.09696940364090237,1.6835336368384015,-0.8802234385432455,0.014238463651410517,-0.13147563319569974,-0.10258980556675461,-1.6302361527001832,0.08521000810771016,1.6984244388422354,-0.8278968769250133,0.0015608859272972886
4337.069508009,-0.07461556679212956,0.4839066098137125,0.2935009005630067,0.5059222548107103,-0.055668154954682844,0.6817835891826352,0.5025688993025946,-0.05614284981323166,0.6797772809749173,0.0039364452234088515,8.134926498202244,8.134926498202233,11.376281699944489,3.4930266559827863,0.008285747708797172,-0.18690841867805147,-0.12349977397163181,-1.6857714858843431,0.0955520434293218,1.6847942517560544,-0.8749056000913572,0.013631180612856935,-0.127570473040924,-0.10030924505052025,-1.6247048704303357,0.07681643861714729,1.695306341937999,-0.8196626024007159,0.0017954535645328708
4337.09941974,-0.07506222153584367,0.4822011418269515,0.2905784481737628,0.5067545432879732,-0.05474123932667506,0.6838222307781664,0.5048834414727263,-0.05482525226835741,0.6793008104463769,0.004894008785659209,6.962197433135018,6.96219743313501,11.161860251498464,4.7630983805891995,0.00877682116551412,-0.18054438033789164,-0.12117898725909769,-1.6802704173726932,0.09337668403775626,1.6855730148743102,-0.8692625097984562,0.012675159878238378,-0.12412977093392519,-0.09772349877873708,-1.6181634584100693,0.06560001687440828,1.6899800498357893,-0.8098893921027309,0.0025400952361862078
4337.127907238,-0.07471388308329742,0.480005140445505,0.2898559701274488,0.5081749606415256,-0.054099268230268574,0.6843207269431517,0.5070328712139411,-0.05363040530631592,0.6789061931660239,0.005553501303296512,5.842910166765613,5.842910166765608,10.894962907491115,5.861454566883267,0.009134153269855566,-0.17443620954543518,-0.11882146901865656,-1.6746484654750975,0.09020636485686859,1.6856696533565148,-0.8631462804101041,0.011476123216264194,-0.1208785233122856,-0.09454129510948396,-1.610385486482852,0.05091365337851633,1.6824313457170974,-0.7979645506352663,0.0031790594239771543
4337.159276175,-0.07508170591447111,0.4777260080046793,0.2889723531473901,0.5093693444494204,-0.05300563813947655,0.684930295654456,0.5090028224625506,-0.05255269173491446,0.6786350721402143,0.00632213080428784,5.122459145107203,5.122459145107195,10.563453794046815,6.645640102406216,0.009357055513312682,-0.16858756790995602,-0.11637687271591582,-1.668810257076897,0.08582762741830847,1.6849714423249615,-0.8563945878509392,0.010159692157257084,-0.11768354061487067,-0.09090007614389532,-1.6019543472965052,0.03376119843146695,1.673241868895879,-0.7841032819706647,0.0035951741017277335
4337.187826507,-0.07500868413460467,0.4755011645682945,0.2873573559654729,0.5107026428689695,-0.05218820731453543,0.6860528933580436,0.5107877857338946,-0.05159179234365863,0.6785048884778568,0.007572010155583359,4.679465457097995,4.679465457097988,10.15991151523626,7.534237124551112,0.009426690700986938,-0.1629889115401582,-0.11381129500406836,-1.6627029445138795,0.08015134885430546,1.6833901441533008,-0.8489159096715853,0.008781413653394654,-0.11443694996353486,-0.08700421039491947,-1.5926181614065649,0.014695139251522746,1.6619664080745844,-0.7691619793014859,0.004
4337.216680053,-0.07560873753413622,0.47282087888842383,0.28840173771690014,0.5120389240156801,-0.05081164236709367,0.6853109778094298,0.5123854152437606,-0.05074280612875287,0.678524759583498,0.006795406714010216,4.85285662108706,4.85285662108705,9.682551620879694,7.931592493234759,0.009355299387107047,-0.1576009605925763,-0.11111149112335177,-1.6562388127767314,0.0731389189980349,1.680771096548434,-0.8406992900126895,0.007596507929575316,-0.11065811363200426,-0.08267900387032431,-1.5820116822689305,-0.005304860748477254,1.6479831407908845,-0.7538812787863969,0.004
4337.243785657,-0.07681323458982454,0.47108974567552564,0.2866693782045518,0.5125929375799803,-0.04943565696013186,0.6865149705423863,0.5138030258170051,-0.04997903256156369,0.6786977430121256,0.007928973252917632,5.286420238819108,5.286420238819101,9.13709736022892,8.254177875584611,0.009172261648346296,-0.1523663120514888,-0.1082617270993688,-1.6493361197801422,0.06487390945983357,1.6769742754199137,-0.8318099602987875,0.0065977784880354,-0.10664434506266321,-0.07820061281159947,-1.5704308573010077,-0.025304860748477254,1.6316766178035895,-0.7390472695508463,0.004
4337.271677615,-0.07740168613422069,0.46958668548286875,0.2912544126875843,0.5132378512991339,-0.048530798619702185,0.6832989107168246,0.5150456101595475,-0.0492748391262637,0.6790142287770148,0.004709574046359239,5.276925882096942,5.276925882096931,8.536590460780582,7.232997909188335,0.008915107333889578,-0.14728071941150664,-0.10526800326837334,-1.6420261227337094,0.05547756244711675,1.6719943552296064,-0.8224179339863795,0.005864792663323508,-0.10367802139331458,-0.07404111862109139,-1.5612227760578248,-0.04530486074847727,1.6167169255177964,-0.7263797425738543,0.004
4337.299951307,-0.0799803480112882,0.4688428201686951,0.29266079250281757,0.5126803291250555,-0.04674106146864129,0.6823066551952267,0.5161102351694093,-0.04862330701287442,0.6794298469515372,0.004856246434525416,5.641999199294911,5.6419991992949,7.901657613727603,6.3423702436926135,0.008626821303556992,-0.14245286132707152,-0.10216706205576924,-1.634609914526111,0.04507763313290973,1.666143025601895,-0.8127960324235113,0.005507610406032925,-0.10213165053922056,-0.07018798540721205,-1.5551424916980283,-0.06442270417332645,1.6038963629732057,-0.7162420264494932,0.003663382518422976
4337.329394764,-0.08063620446842969,0.468212740233648,0.2937147877583953,0.512795227416666,-0.04611910443989488,0.6815652952956687,0.5169899667468841,-0.04801583434492197,0.6798879336438686,0.004899690244498326,5.88814068402159,5.888140684021583,7.257997609402807,5.654453477940496,0.00834523048341338,-0.13798656190170244,-0.0989995784998489,-1.627368773011072,0.033896093155249545,1.6596528160428015,-0.8032174035057833,0.0054607695949423635,-0.10179665167105102,-0.06665492176824164,-1.5509942992323411,-0.08182844380955807,1.5919957835377878,-0.7086699554834571,0.003338042768658025
4337.359431057,-0.08219085700842681,0.4673034180554009,0.29425218673407894,0.512729426198294,-0.04486200048027741,0.6811827534732974,0.5176794134326396,-0.04743918576141539,0.680358383295489,0.005641262605442004,6.331195017030661,6.331195017030651,6.6345464936237954,5.070890345712021,0.008098758994003879,-0.13394682591870452,-0.09580182528848681,-1.620476510129171,0.02217009267782541,1.652690904012621,-0.7939230369105014,0.005732285966917329,-0.10224576724191313,-0.0633808268655653,-1.5486485058210921,-0.09766370788127876,1.5813180368138593,-0.7037071527851798,0.003033999549974451
4337.386293528,-0.08197506661898922,0.46740327926640973,0.2942454949057155,0.5127538539962871,-0.04502661751729643,0.6811882266413516,0.5181819616908326,-0.046884308648397065,0.6808177401604717,0.005749141650252557,6.502711523169796,6.502711523169788,6.0630336758361105,4.3921574929818705,0.007900538998450108,-0.13037120405974198,-0.09260345042051092,-1.6140598982149696,0.01011742153597826,1.6453989663301545,-0.7851494040795955,0.006147891789445827,-0.10346680829306004,-0.060607346524875164,-1.5475907204704646,-0.11146807682671625,1.5714715475298542,-0.7014763195776469,0.002577611346940444
4337.416326705,-0.08244266000175703,0.467263485935991,0.2940586151566456,0.5126564806324843,-0.044698588596927255,0.6813176068997906,0.5185012092017482,-0.04635496965195289,0.6812538416357115,0.006075237958855737,6.780930231873408,6.780930231873398,5.576345988799147,3.8595448469005698,0.0077474117508371555,-0.12728161089078452,-0.0894463539766529,-1.608195365958274,-0.0020323567416767824,1.6378872181220359,-0.7770931426146258,0.006734313046325673,-0.10532260618434454,-0.05825153334085469,-1.5475851641745035,-0.12313682796292275,1.5622463030532154,-0.7016684220152908,0.0021080211387481743
4337.446356377,-0.08262434389917322,0.46711328676517816,0.2935450346026869,0.5126756131933767,-0.04453271081228508,0.6816762042714706,0.5186427580672247,-0.04584702077785006,0.6816612844661039,0.006110192405453837,6.887140200908608,6.8871402009085925,5.206735587707802,3.3614740532878113,0.007663784696084413,-0.12468327821054459,-0.08638092801679652,-1.6029190892792722,-0.014047894759016426,1.6302362603690688,-0.7699053619689367,0.007281656512428291,-0.10746514583947558,-0.05650876985642824,-1.548202250820861,-0.1323460629642298,1.5537612609267355,-0.7037394371103761,0.0016689024782769746
4337.476292847,-0.08268125489422741,0.4665696758241932,0.2918377626262843,0.5129752112215659,-0.044284453220103395,0.6828691998939325,0.5186214028077784,-0.045360488652597744,0.682041792062389,0.00580705910077549,6.980461563586727,6.980461563586717,4.976394533862133,3.106775884528708,0.007646895645452261,-0.12254656128615526,-0.08344876942930932,-1.5982092550696003,-0.025711382635460498,1.622515247078087,-0.7636516980161356,0.007772240600086461,-0.10944086634165603,-0.05525269995304779,-1.5484803748971125,-0.13942017521824837,1.5453673311290976,-0.7069128128263034,0.0016902662728238158
4337.50650366,-0.08204568447336329,0.46594074180159145,0.28895335414052276,0.5135929201019634,-0.04440444138198207,0.6848872448433851,0.5184571150956374,-0.044903787495266564,0.6824087766487148,0.005482020071955929,7.037777784658209,7.037777784658201,4.89058045876888,2.9235561202018094,0.007683848346026531,-0.12079693541522107,-0.08067927816779867,-1.593946797545233,-0.0368864193716062,1.6147151704826943,-0.7583223942871156,0.008194938000284166,-0.11081237466116112,-0.0543283575164989,-1.5473803001278643,-0.14511832007319186,1.5366341470666152,-0.710711201976881,0.001812781723713992
4337.536820383,-0.0814495495467791,0.46496481734504147,0.28780238741082437,0.514395232229103,-0.04437442211927814,0.6856905714896855,0.5181779815121025,-0.044485869606832325,0.682792058811296,0.004766863583877748,7.053218868776538,7.053218868776528,4.937630880890074,2.6455969715097827,0.0077583619966083124,-0.11932615588831684,-0.07809348957148914,-1.589940384445241,-0.047478717102202216,1.6068107000093343,-0.7538701992240768,0.008474390601411565,-0.11128659624694685,-0.05381503742944166,-1.5447201869347134,-0.14924267654147272,1.5277364961275113,-0.7149057915207244,0.0017376245929739507
4337.566848857,-0.08054612146462264,0.463790220042031,0.28701349378738483,0.5154311227843086,-0.04444928618243882,0.6862403451917113,0.5178160170523443,-0.044115078837406535,0.6832169199057774,0.0038652963248381753,6.883167494289863,6.883167494289852,5.094877891756333,2.25015964858154,0.007855662832950038,-0.11803501502597392,-0.07571094522176049,-1.5860392171419444,-0.05738675235938776,1.598827468956473,-0.7502561437363239,0.00867803565120303,-0.1109912766236748,-0.053622555813374995,-1.5413229281548344,-0.15159842383784441,1.5195243644991847,-0.7191050537139461,0.0015709018712856148
4337.599298146,-0.07845170966158829,0.4626108302175455,0.28488564054710674,0.5169297230621787,-0.04521449030258381,0.6877297233644556,0.5174067588445219,-0.04379403397842665,0.683689613405105,0.004309030957201106,6.413512603493319,6.413512603493314,5.329868932297111,1.7578645177600078,0.007960591166537781,-0.1168314706628048,-0.0735466583683161,-1.5821448140417862,-0.06650339146297916,1.5908484749047882,-0.7473733217909152,0.00862647813894909,-0.10965160968770628,-0.0538706181908451,-1.5365988335859888,-0.15216079026761772,1.5120491510870233,-0.7224814146196137,0.0014284552783105642
4337.626971143,-0.0778777330213683,0.46114299789677804,0.28673595527760404,0.5180056471636791,-0.044993545475834194,0.6864303708295669,0.5169926373803492,-0.04353124897815766,0.6842167301977504,0.002839842375039195,5.964624878114068,5.964624878114058,5.606012652131619,1.4248676512188136,0.008049687198763353,-0.11561620505450704,-0.07162266318701731,-1.5781583699826933,-0.07470646477282926,1.5830058173090875,-0.7450751684081028,0.00836538079376601,-0.10790167795611816,-0.05471326478193556,-1.532392975000296,-0.14991608106407125,1.5076763420347576,-0.7257035090182392,0.000738278745447544
4337.657718793,-0.07752418421946178,0.45819917565775015,0.2858854375078384,0.5198659935989975,-0.04406701133344815,0.6870158059335938,0.5166156984759878,-0.04333065549646019,0.684782204296122,0.004011934019926549,5.707118594075229,5.707118594075221,5.890364605648541,1.8931476096837772,0.008109872194361628,-0.11436209134301015,-0.06997237799715728,-1.5741486714550075,-0.08180010663437615,1.5756045248614174,-0.7433218760295174,0.008141369317753847,-0.1056313275809197,-0.055905209647984434,-1.5283147714501504,-0.14490759503334247,1.5061415248824714,-0.7291803003533848,0.001234440824346405
4337.68651121,-0.07751564422219763,0.4550001422109001,0.2865560932658366,0.521740298971558,-0.04284609356158513,0.6865348318909436,0.5163190166059485,-0.043182247375577805,0.6853692635433926,0.005555344404008078,5.329224942837933,5.329224942837928,6.156645845763208,2.980088435258589,0.00814331388431531,-0.11302215516372371,-0.06860985945190291,-1.5701451417865033,-0.08764600177657778,1.5689214708312342,-0.7420631739248696,0.00802329239740084,-0.10299875182202313,-0.05739888897195542,-1.5252221861523392,-0.13662671711939253,1.509009820734041,-0.7324148127975658,0.0018956631074688599
4337.714903338,-0.07654758248017968,0.4512224059405518,0.2885917277077386,0.5243191224223643,-0.04196952042741924,0.685098208088957,0.5161505904780996,-0.04306216875142943,0.6859526057012445,0.008285456521177188,5.03218373884882,5.032183738848814,6.380159983311435,4.875083685117776,0.008160656048647233,-0.11157981287229823,-0.06754463650634661,-1.5662561266417383,-0.09202377004161867,1.5633173097734359,-0.7412345608675768,0.007952023506384395,-0.10012950217929226,-0.059439119642591035,-1.5236328867696227,-0.12369054404049383,1.5171333272698915,-0.7355012269236206,0.0029498727025617107
4337.746485516,-0.07404003789368575,0.44527262167394877,0.29127969655308594,0.5287590827707522,-0.0411623262892099,0.6832001813691533,0.5161621892607403,-0.042930912262803836,0.6864975450880765,0.013140861080745228,4.987153937597476,4.987153937597472,6.532070126000472,6.746516407881305,0.00816196776283842,-0.11000553951344044,-0.06678522719895874,-1.562586421983979,-0.09456811814462927,1.559176803498014,-0.7407596095497104,0.007805515566598324,-0.09621427675845223,-0.06211241538150321,-1.5226504281126718,-0.10592674552347751,1.5299209842427908,-0.7377425317025156,0.004
4337.774514389,-0.07329811745259023,0.44007253062456364,0.2926571801142963,0.5320848084272841,-0.03960485000391076,0.6822186749493668,0.516420388942586,-0.04275241775405132,0.6869759524367587,0.01667072012920737,5.255295944787975,5.255295944787968,6.588557605286691,7.855948330079393,0.008148441472273098,-0.10820549627001622,-0.06633144673263634,-1.5591503518899388,-0.09504329874282275,1.5568158319972334,-0.7404967758032024,0.0077003832073030565,-0.09093104901914627,-0.06510063405528355,-1.5218452852913558,-0.0859267455234775,1.546889129848712,-0.7386148468345428,0.004
4337.804344934,-0.07344586976621516,0.43344776033058807,0.2951414397798399,0.5359006076749913,-0.03698365340933537,0.680455531713277,0.5169847443199874,-0.04253726591162189,0.6873536686484791,0.020886282375461893,5.921611388869314,5.921611388869308,6.539987684858723,8.984689061910839,0.00813271122549237,-0.10608886903245639,-0.06621013415293493,-1.555970997218953,-0.09354063192538382,1.556453706637411,-0.7403063485368537,0.007849906491577846,-0.08485689788986392,-0.0680194426908414,-1.5220335129332154,-0.06592674552347748,1.5668666303301493,-0.7381984815811173,0.004
4337.834078744,-0.07269018625361268,0.426966458164032,0.29741025866436654,0.5399797635331941,-0.03494552041722998,0.6788455069046722,0.5178797694426873,-0.04228885144952415,0.6875747934940998,0.024870357733869655,6.40718564750629,6.407185647506281,6.3931238506668775,9.795568655832412,0.008130282894828405,-0.10361389241557219,-0.06639394622875033,-1.5531394511527963,-0.09025364203547694,1.5580684135163014,-0.7400499553108533,0.008246548932988654,-0.07798548613284659,-0.07074336141606012,-1.5236918977544256,-0.04592674552347746,1.5868666303301493,-0.7358877317853204,0.004
4337.86468443,-0.07086231403220061,0.420147736256787,0.2963067093096109,0.5446746088159372,-0.0333930765418503,0.6795970120359401,0.5191104538071939,-0.041991926871809804,0.6875668929651918,0.028124460000763567,5.709592740630715,5.709592740630709,6.157801490366904,9.427324841502958,0.008157316077398478,-0.10070016477570067,-0.06682816216469567,-1.5506643910312337,-0.08535529953996061,1.5614578114013296,-0.7394921096626926,0.008852404008652469,-0.06898195658099711,-0.07285671747639239,-1.523079920292312,-0.02592674552347745,1.6068666303301493,-0.7303822252799074,0.004
4337.897792592,-0.06996886231752161,0.413047772213765,0.2966416637765887,0.5491724795258391,-0.031190984327482036,0.6793387108657972,0.5207181956542257,-0.0416164504076145,0.687333464430455,0.03134091093433564,5.21861658917876,5.218616589178754,5.837756022738334,9.168230890704022,0.008226626156104777,-0.09714788567303956,-0.06742817363413664,-1.5482635265277007,-0.07900226311602088,1.5664443385515547,-0.7383235078793778,0.009714391806351749,-0.0575542160798847,-0.07415396508856298,-1.519578686194202,-0.0059267455234774495,1.6268666303301493,-0.721142926198364,0.004
4337.929664895,-0.07012688172035042,0.40642332260188585,0.29641754647563234,0.5529893658174414,-0.0285540432117847,0.6794713794530739,0.5227463526736634,-0.041120201856935656,0.6869018226262753,0.03358213323867328,4.805068077273714,4.805068077273711,5.435224839886717,8.667972809868338,0.008358765466483144,-0.09277370058090677,-0.06809948980887419,-1.5456473914548647,-0.07133525562364636,1.5728738381766731,-0.7362370320730658,0.010968953672572213,-0.0436993877714311,-0.07446518891985153,-1.5128086460343073,0.014073254476522551,1.6468666303301494,-0.7081640434835303,0.004
4337.963026703,-0.07019201605679859,0.39902572676099424,0.29385244019908974,0.5572989325558458,-0.025666073374592254,0.6812401074807806,0.5252301075771773,-0.040451597583188253,0.6863066026277511,0.03567478990421293,4.212722962414539,4.212722962414535,4.955332133429396,7.984525998095778,0.008584878242959077,-0.08742959705480868,-0.06874534560008227,-1.5425520473014682,-0.06248132210139639,1.5806076302326013,-0.7330028587856079,0.012640710240666748,-0.027835500077021236,-0.07384216534805214,-1.5029252980851533,0.033969275946967734,1.6668666303301494,-0.6923773159919235,0.004
4337.992338792,-0.07025485907548629,0.3917819985793023,0.2936590316770559,0.5615147554268403,-0.022847159380216475,0.6813492354231789,0.5281928427540558,-0.03955976975254743,0.6855959149640578,0.03751926833978696,4.02728683248501,4.0272868324850055,4.410968013034008,7.403172608978471,0.008940547843315575,-0.08099235887522291,-0.0692726130357947,-1.538700660898246,-0.052607820735141295,1.5895174327224344,-0.7284721290794363,0.014795932771032737,-0.010211399068138912,-0.07227960715492603,-1.4899808422249152,0.05228552270235568,1.6866891123826908,-0.6745573126204406,0.0038566672119783093
4338.022261035,-0.07049099691159194,0.3844970492996624,0.29111207376615544,0.5656926942721126,-0.019902425125391997,0.6831053264228187,0.5316338814280073,-0.03840900650941891,0.684817155777187,0.03879982791987458,3.5446404719019635,3.5446404719019573,3.831614545971675,6.499687350339115,0.009462643795789275,-0.07340925658820713,-0.06960154093200455,-1.5338987532804218,-0.04200507686710863,1.599405323907907,-0.7226147658543708,0.01740638731442535,0.008946746592419574,-0.06987420557549907,-1.4738641248305295,0.06799366703366339,1.70389204070056,-0.6554016776761769,0.003964768232294229
4338.051942173,-0.0709915724902994,0.37644247370205397,0.29067053619859257,0.5702154799690187,-0.016515066335263607,0.6833843469748717,0.5355241195526196,-0.03698506061467187,0.684008020488201,0.04028523454059486,3.4103569569125,3.4103569569124983,3.2650650718120695,5.766969112358513,0.01019245227940869,-0.06463981934610127,-0.06969203256531414,-1.5279312680956711,-0.031012117807117982,1.6098953773885198,-0.715447099965911,0.020547956585809397,0.028922846206963237,-0.06662570113085703,-1.4551573404016276,0.08087677492189556,1.7183922066904365,-0.6355705888471215,0.004
4338.080681647,-0.07151595746244814,0.36856678578154795,0.2899656118660728,0.5746249317775339,-0.01318150260745305,0.6838483330814079,0.5398144661441647,-0.03527827165937728,0.6832027567557456,0.04123654312546471,3.412357178662495,3.4123571786624924,2.7827481132244354,5.215990423647642,0.011150783896865954,-0.05473261800194455,-0.06948704119829453,-1.520698199037474,-0.019924151080413045,1.620667512937918,-0.7070497745497232,0.024184313003855287,0.048922846206963244,-0.0626643909363779,-1.4351573404016276,0.09123195038196402,1.7300198540540763,-0.6155705888471215,0.004
4338.109338603,-0.07108226483038213,0.3615244577407787,0.28963941444744457,0.5789138003314127,-0.010730048779409224,0.6840521246858644,0.5444347547136069,-0.03325667162622828,0.6824153607221196,0.0412181066992478,3.9749519940413425,3.9749519940413345,2.4863989600761998,5.137115175608152,0.012363333576046482,-0.04380730724711458,-0.0689216937706896,-1.5122411281472294,-0.009002880853478418,1.631435480802156,-0.6975346096970542,0.028132373806993766,0.06892284620696326,-0.05824321394005011,-1.4151573404016276,0.09911810860218621,1.7395606393042453,-0.5955705888471214,0.004
4338.139454112,-0.0701653106334427,0.35355287699699645,0.28972456684741843,0.5839313134220189,-0.008206121413240706,0.6839655843852925,0.5493257571547152,-0.030909987378475043,0.6816291406815366,0.041454421037057876,4.967790876302523,4.967790876302517,2.4679519869449025,5.4258475166008395,0.013844315870113165,-0.03197559622086192,-0.06797842794083377,-1.5026701726208487,0.0015709453928691203,1.642060622522226,-0.6870093741424451,0.032302284230890585,0.08892284620696328,-0.05361038503074602,-1.3951573404016275,0.10575846949894303,1.748531227097379,-0.5755705888471214,0.004
4338.169314963,-0.06993947148012238,0.3458169794942037,0.28980450957989173,0.5885455156890405,-0.005368179156861792,0.6838821678774556,0.5544494090153391,-0.028241450918494903,0.6808295062890144,0.04117098242888415,5.89418657057061,5.894186570570602,2.7405634464431903,5.44911382639364,0.015591508110918735,-0.019328026783458054,-0.06667201423437903,-1.4920927269878257,0.011754996370292809,1.6525395577323077,-0.6755714527851918,0.03654720985757877,0.1089228462069633,-0.04902109702330488,-1.3751573404016275,0.11192886599270381,1.7577024333931632,-0.5555705888471214,0.004
4338.199525162,-0.06986074000739606,0.3382559709129537,0.2901507193378894,0.5930003588878903,-0.002512260963757326,0.6836127062931435,0.5597752347073202,-0.02526901439022785,0.6800059024848346,0.0404325084188344,6.823547976223829,6.823547976223819,3.234850337161621,5.408919476078293,0.017592610058993867,-0.005944162017304966,-0.06503561853178276,-1.4806066090248842,0.02153663429234239,1.6629147054920694,-0.6633087907742966,0.04089054259291652,0.12892284620696332,-0.04449380236342143,-1.3551573404016275,0.11767259596721899,1.7675454340716292,-0.5355705888471214,0.004
4338.229451634,-0.07022282401431428,0.33122114078687154,0.29335057454145663,0.5969724767460807,0.00038922782358380426,0.6813467497767075,0.565279667225175,-0.02201532391050737,0.6791536510550076,0.03887425620815272,8.119725841450064,8.119725841450053,3.8712903899927316,5.421991906910972,0.019832122994011075,0.008104937597717018,-0.06310781164612704,-1.468300869405263,0.030923673794702178,1.6732800902347131,-0.6503008583828601,0.045229546401442736,0.14887490302775824,-0.04014757148587649,-1.3351573404016275,0.1235014917735724,1.77908717335417,-0.5155705888471214,0.004
4338.257476268,-0.07060907611066691,0.3239908385147507,0.2924261741678827,0.6010576641092922,0.0033949309581481277,0.681966969041933,0.5709476272870696,-0.0185067581898674,0.6782812732570284,0.03741500579167086,8.489899907936303,8.489899907936296,4.602564856194384,4.918855364106868,0.02228688461349656,0.022742700976145235,-0.0609325278375303,-1.4552637184242592,0.03997760852149652,1.6838311986973573,-0.636619489393593,0.049530776232236555,0.16816507283725576,-0.03600080101577007,-1.3151573404016275,0.12905074146117076,1.7916335529912917,-0.49557058884712135,0.004
4338.286598721,-0.07107439178508754,0.31748603152485527,0.2924307676758042,0.6046860872460711,0.006164952588959903,0.6819393638924711,0.5767375137421908,-0.014778507079252363,0.6774012837230787,0.03521853823485102,8.736835241503094,8.736835241503083,5.3962252559341835,4.296387173105221,0.02493627092387691,0.037867192333368195,-0.05855116075531079,-1.441565104580304,0.04863184485500135,1.6944873681951558,-0.6223344888411803,0.05391310980066273,0.1870656105471873,-0.0319650763663782,-1.2951573404016274,0.13283077745764665,1.8019715144095017,-0.47596329704147017,0.004
4338.314817434,-0.07133119878019746,0.3105908509822458,0.2917226151454616,0.6086244248796648,0.008965428227181042,0.6824096783777697,0.5825916913216763,-0.010867177133437341,0.6765116819831897,0.03325389922041819,9.090779174739476,9.090779174739467,6.222032811252852,3.877610250905981,0.027763590933069012,0.053373869733894914,-0.056000979270136766,-1.4272737354357208,0.05676681959251138,1.7050732991403472,-0.6075700928059402,0.058194457120663394,0.20508057137247143,-0.02824286375857484,-1.2751573404016274,0.13528262697026242,1.8109331192983227,-0.4572496046796775,0.004
4338.344186838,-0.07099684440431867,0.30541939891743675,0.29237977615787225,0.611778275207127,0.01075306839689872,0.681931682574123,0.5884540911111809,-0.006813575673101063,0.6756261411076431,0.029872468943981576,9.633054770850032,9.63305477085002,7.061107840184665,3.671879991213309,0.030745973887569084,0.06914834501758384,-0.053326161153812446,-1.4124507967666156,0.06429596327808274,1.7154371057074107,-0.5924535163347234,0.06236849899464087,0.22203017968485578,-0.02489470638389507,-1.2551573404016274,0.136051811764321,1.818127989230074,-0.43935451430103156,0.004
4338.37334501,-0.07116419909637384,0.30043466160144094,0.2916882294383184,0.6146327927520189,0.012767561873048748,0.6823974425967261,0.5942658368478401,-0.0026655418728154913,0.6747658654846381,0.026668981106354954,9.941428722904531,9.941428722904522,7.898308732038805,3.256893609311732,0.03385407933960553,0.08506306922598243,-0.050576902154691454,-1.3971562403059847,0.0711377683287414,1.7254245004555155,-0.5771031222654833,0.06619649982646335,0.2376611893464464,-0.022116150148219105,-1.2351573404016274,0.13578262401729788,1.8233285841082216,-0.4225077583651002,0.004
4338.401869486,-0.07105769174082095,0.2971236958407532,0.29229993730608317,0.616610341450392,0.013974335781021537,0.6819575222233046,0.5999638192763296,0.0015185995919870183,0.6739679501228161,0.02227297301330201,10.250134472609963,10.250134472609947,8.723542538833438,2.8583804465791918,0.037046697937583445,0.10096529793202912,-0.0478114438986485,-1.3814566689215495,0.07724165639875252,1.734882393294857,-0.5616742439012574,0.06965531164600393,0.25117149226798713,-0.019913250593177657,-1.2159001876934874,0.13418345319573102,1.8267747835230888,-0.40762089834017123,0.0037143727047268663
4338.43312501,-0.07095006618243971,0.2952216698232327,0.2919065729024541,0.6177656367776996,0.014643112402932354,0.68222622505529,0.6054736975968809,0.005675293779250658,0.6732730771806591,0.017654245850707014,10.371997015534605,10.371997015534593,9.52688184109935,2.483847699016943,0.040277069578922825,0.11664726247446007,-0.045087223139697596,-1.3655003480386547,0.08256834295649437,1.7436746974051192,-0.5463761380246608,0.07259895725986988,0.2622970982257862,-0.01837624465502426,-1.1983291113858674,0.13142355653590035,1.8277426931056067,-0.3949519487237409,0.0033177375126151767
4338.463350464,-0.07130235532191138,0.29415573699126507,0.2912230347610517,0.6182555431462474,0.015261081211580277,0.6827001483282893,0.610713544338671,0.009733874876150945,0.6727045291075904,0.0136873722639921,10.316425165388228,10.316425165388218,10.295407781550017,2.143384187947934,0.04349128062197547,0.1318783477946077,-0.042463778768009386,-1.3494956958734976,0.08707643125491626,1.7516167371391524,-0.5314281423660421,0.07490237135591243,0.27059838527223923,-0.01755156375640029,-1.1830308313093874,0.12756269790699704,1.8259254178723363,-0.3849634254622345,0.0028820817412766493
4338.490939981,-0.07184916367076451,0.29388003917761435,0.29069818913672957,0.6182079447314078,0.015688887232282005,0.6830654529625507,0.6156020178718873,0.01362017405156539,0.6722795747112678,0.011287408855567347,10.145598075695002,10.145598075694993,11.015332021713817,1.9932256441478906,0.04663043264838749,0.14642500659188895,-0.0399986211658567,-1.3336649178264495,0.0907600703844293,1.758504433697756,-0.5170675355635227,0.07658344777162837,0.2759206994073423,-0.017336040613548143,-1.1701100744755906,0.1226385919007648,1.820940531885856,-0.37814183875777274,0.002360443709497726
4338.51955156,-0.07154123790975583,0.29420173530859767,0.29026578620996824,0.6181387369305273,0.015386715535777876,0.6833699020379239,0.6200631600936788,0.01726760103204764,0.6720163605238247,0.011668077805419588,10.080114916365497,10.080114916365485,11.674128603854244,2.3181192393902257,0.04963375992687605,0.16005481584191217,-0.03773902184025672,-1.3182433150784951,0.09364169061832975,1.76416800635103,-0.503537410777145,0.0774734014747394,0.27818626788439593,-0.01780129099512348,-1.160192062552731,0.11706067855482816,1.813550353294301,-0.374217411766725,0.0017924601885593754
4338.549582141,-0.07232162990389321,0.2941515746449229,0.2902709318513537,0.6178684223488483,0.0158627020455204,0.6833645687189502,0.6240372485114382,0.02060162652513914,0.6719312885677888,0.013828655627454322,9.89969277544885,9.899692775448845,12.260537418253621,2.7009704862820096,0.05244125932456867,0.17255120536179075,-0.035729175387729045,-1.3034773786420737,0.0956778841252058,1.7685256054872747,-0.49104256832797955,0.07770934810349718,0.2774821538673031,-0.018794288695339553,-1.1533165302542334,0.11067089608705857,1.8039774525307952,-0.37334528279334533,0.0021095056244003463
4338.580026227,-0.07277039136266399,0.2942347337260379,0.2902720335546253,0.6176474294086642,0.016093416100032565,0.6833632059257195,0.6274729522437913,0.02356272861485218,0.6720314910871629,0.016755276470712423,9.72740755319372,9.72740755319371,12.763352517543662,3.1671518979040045,0.055001942848666864,0.18373283054605838,-0.03400096820360898,-1.2895826783970172,0.09688198049425949,1.7714620973180653,-0.4797734181736933,0.07729071498260685,0.2741096123608403,-0.02019959785261915,-1.1492246357103975,0.10383964157726532,1.7922865545711244,-0.375499991295156,0.002472487202264876
4338.609871076,-0.07293517147641895,0.2942636608457372,0.2902743513450856,0.6175672207193358,0.016178742134860043,0.6833613604659483,0.6303377133987731,0.02610830186734632,0.6723230623541856,0.019583811298128848,9.668378594673412,9.668378594673399,13.175049087039362,3.5734998709471735,0.05727217220224945,0.1934626816101315,-0.032570361218701875,-1.2767388217363507,0.09730040898785668,1.7729334830471442,-0.46989543806726064,0.07627450302797692,0.26839138432472803,-0.021954973512778104,-1.1478743078464058,0.09670128400333847,1.7791539037414104,-0.3802373557624071,0.0027222389840012413
4338.639915561,-0.07298052235642008,0.29426848672055583,0.29028049915379434,0.617546970135161,0.01620340950825013,0.6833569843798513,0.6326174792511804,0.028207925907769993,0.6728071724702122,0.021966501549658,9.661032347767156,9.661032347767144,13.492586073273225,3.881535990274831,0.0592208473344491,0.20164997230109835,-0.03144742828478636,-1.2650920958589182,0.09698017126582523,1.7729627916399886,-0.46147735061955264,0.07478416574253015,0.26072258633686635,-0.0240275007447256,-1.1490041334027903,0.08925947245800565,1.7651299695268894,-0.3867061063048625,0.002866533315766617
4338.671928901,-0.07319072309107691,0.2943018770312767,0.2902888034814539,0.6174466966627061,0.016313583583632607,0.683350874275189,0.6343146260920489,0.02984308239037818,0.6734785946511527,0.0237704919210811,9.595905674940708,9.595905674940697,13.71656089214206,4.1554257260618055,0.06082944613505543,0.20825072542869685,-0.030636019691893078,-1.254749690101836,0.09596920544771746,1.7716146741672245,-0.45454072099804677,0.07287218882262593,0.25147578516548597,-0.026329922877013922,-1.152318146282106,0.08169195803104148,1.750517432240848,-0.39476607256822305,0.0029528975844108846
4338.701795335,-0.0728610814939441,0.2942445378212153,0.290284294165093,0.6176068436088471,0.016142685670950487,0.683354478830637,0.6354439373935677,0.03100813258641118,0.6743252160595566,0.024913269814910252,9.713492917378122,9.71349291737811,13.848433233966963,4.16582654409866,0.062088534824813246,0.21326257951032995,-0.030130829890286696,-1.2457814435733032,0.09432286004834195,1.7689789552355475,-0.44909948594348764,0.07063757863850087,0.24104418747252354,-0.02876903487432323,-1.157488142708405,0.07416914787785793,1.7356497071977681,-0.40404734622269023,0.002972249478738851
4338.731965955,-0.07266423460378126,0.29448952271051726,0.290990483953216,0.6175376866344101,0.015930836653584968,0.6828614293816777,0.6360318587789878,0.03171081070530328,0.6753295217564433,0.0254513578588892,9.902411500265657,9.902411500265645,13.893280133729847,4.008732889293688,0.0629948499001047,0.21672789950846455,-0.029917267837749544,-1.238213370848674,0.09212758564912427,1.7651748650437562,-0.4450928016680186,0.06803912120867167,0.22980978056553075,-0.031332231157666444,-1.1643522133044215,0.06720846128965233,1.721196211934658,-0.41385035882982324,0.002805382552054525
4338.760646248,-0.07284056073352312,0.2944197588008444,0.2906711780334702,0.6175114254484608,0.01606198616023679,0.6830843376677419,0.6361229999404286,0.031976874966539025,0.6764570317457981,0.025369185532256706,9.843737361063305,9.84373736106329,13.859228343310665,4.025510544376645,0.06354825133291397,0.2187446591419158,-0.029951582469624077,-1.2320458368128888,0.0894999679506231,1.7603573830225479,-0.4424408518284659,0.06520001137793072,0.2181940011721781,-0.03385753390840707,-1.172311320591121,0.06089209195793778,1.7070081425683816,-0.42435595692706346,0.0027428456768796915
4338.790357087,-0.07269774795838022,0.29476297515907884,0.291063224724474,0.6173646325311093,0.015845186816366534,0.6828114315833906,0.6357577442039446,0.031854593491895726,0.6776745701250276,0.024919771362399864,9.915141622054573,9.915141622054565,13.751909445753414,3.8622369011794806,0.06379080131566019,0.2193953293370191,-0.030214964502990563,-1.227271035446187,0.08652841196988592,1.7546739744669033,-0.44109219976448183,0.06222467046203485,0.20619448398021872,-0.03627136910503488,-1.1817063971624693,0.055042309211740366,1.6938953766946399,-0.4358881659172424,0.0024894320202119005
4340.13166674,0.013225540398768491,0.31640060731133113,0.27765729735118183,0.616680541708451,0.016824847302033805,0.682875952886279,0.6248981419879357,0.023387597647522265,0.6942611168446978,0.015499051739079873,0.3638472566848549,0.3638472566848554,2.9361962747300785,3.2460488871729076,0.06106670586733547,0.20847744073211277,-0.03701552018608793,-1.191659463251484,0.05297529656940002,1.6888217587298902,-0.44091111108409947,0.05961368446001734,0.19695474407734856,-0.03729794310316875,-1.1946462554033523,0.05357890865935832,1.687859142417358,-0.4482671873318231,0.0029382747110910535
4340.160745234,0.007238813120139773,0.31755479558721855,0.27816365830444234,0.615000591956628,0.020753495070505563,0.6831656574557345,0.6247700236419125,0.02330889840240687,0.6941113115777171,0.014892253885836275,1.8100934410744385,1.8100934410744385,2.880611553974044,4.523874632361628,0.06093431063190603,0.20782989005207247,-0.0370175882609748,-1.1928665772142257,0.052984847366946496,1.6886115662109418,-0.4421173173209034,0.05795656330378308,0.1888502943666231,-0.036841321297217754,-1.210067782563797,0.054006371229207824,1.6857695589255217,-0.4631244014031515,0.0032194629753063623
4340.189967853,0.0005435152899554568,0.3185785052379881,0.2788681658011793,0.6133061717269932,0.02520252395309259,0.6834044701078187,0.624461997436017,0.02314250520962883,0.6937252863779912,0.0153367327992698,3.283800273446952,3.283800273446948,2.7418915078479094,5.782012867937053,0.06066547051042356,0.2064430507332272,-0.03697354742086567,-1.1954795997094414,0.05301138856328128,1.6882208728843846,-0.4447417306299892,0.05743709076004275,0.17971933694044662,-0.035450139793954956,-1.2264244387029675,0.05304308732268434,1.6839016291160973,-0.48095367514841264,0.0038083677742213537
4340.219376141,-0.00811113562782114,0.31938675994559157,0.28098857589610676,0.611483505280033,0.031173079129712497,0.6828984735561022,0.6239630044558072,0.022966698506819316,0.6931275885570556,0.018102965953364497,4.927698143645562,4.927698143645557,2.507058522642275,7.089663507294538,0.06036156434406708,0.20428160555277014,-0.03681653390231071,-1.1995039842508453,0.052953465173012734,1.6877245191450945,-0.44892698054307206,0.05829631246606752,0.1690766866729373,-0.032806342007916406,-1.245061038537613,0.0513559013488375,1.6842345980261133,-0.5008887647082867,0.004
4340.249555094,-0.019279521231651806,0.3193812163047954,0.2819242247372458,0.609825187652982,0.03881526334765458,0.6835270220450008,0.623264353064985,0.022901471353888418,0.6923485311107088,0.022620321942633824,6.582623535384956,6.582623535384948,2.170432256070641,8.4199955641232,0.060156317272586,0.20127318104573216,-0.03644316639765287,-1.2050217876243494,0.0527027756264708,1.6873855871183183,-0.4546331102477597,0.060986649859345946,0.15712233864273073,-0.028640684538407332,-1.265061038537613,0.04862256238009225,1.686727543243489,-0.5208887647082867,0.004
4340.279388995,-0.028772949070578178,0.31879793750929303,0.2834950591870025,0.6088210525460502,0.045488222026349126,0.6835484618509351,0.6223617484743157,0.023087157972046888,0.6914377748269542,0.027338605967025465,7.795046747521596,7.79504674752159,1.7336577059953835,9.21207606303918,0.060181406867864745,0.19741175146202647,-0.03573292911008985,-1.2119607331984226,0.05217239876274968,1.6873573121162,-0.46171588941215036,0.06536349640018009,0.14478288739902048,-0.023184980872057045,-1.285061038537613,0.04514864588014167,1.690818053155299,-0.5408887647082867,0.004
4340.309263891,-0.0398286231630184,0.31784570554198543,0.2860366413944322,0.6078474244335912,0.0533841365511521,0.6830926146195572,0.6212619122554425,0.023668492643027384,0.6904540597546418,0.033423926323427756,9.185178647126262,9.185178647126255,1.204697582551621,10.083837627733812,0.06059827762935646,0.19273485032633697,-0.034597571552684385,-1.220182686636814,0.05136060473853991,1.6878163873026943,-0.4700426770041867,0.07138187297583591,0.13199518144262729,-0.01627922199744662,-1.3050610385376131,0.042021146333502436,1.6978671397204397,-0.5608887647082867,0.004
4340.337969937,-0.05088137371393458,0.3164312470020185,0.28858437005433407,0.6071903108728748,0.06134610634947205,0.6826497330078678,0.6199801201313074,0.0248009053124224,0.6894620075209724,0.039313331374323385,10.588081125117396,10.58808112511738,0.6391751782201776,10.899531979874274,0.06153901088940476,0.1872757330432851,-0.032927644660420786,-1.229566398122395,0.050364556093470604,1.6890503022874244,-0.47949370682274145,0.07877535848543207,0.11877861030215504,-0.007981753556597752,-1.3250610385376131,0.040149841165055156,1.7088357061377653,-0.5808887647082868,0.004
4340.3676838,-0.06295328604716544,0.314062609101133,0.2899677049400719,0.6070178098693865,0.06999495520617217,0.6831622461503676,0.6185332533064384,0.026614747848521376,0.688521724309571,0.04520145831810852,12.03211195670704,12.03211195670703,0.5722028703338525,11.660435283957474,0.06310156571333916,0.18108597013107686,-0.030629441320378103,-1.239983557815691,0.04930010142720682,1.6912901769025603,-0.489960692653665,0.08764933214264906,0.10637644599596698,0.001661218054879093,-1.3450610385376132,0.03872370936065203,1.7216047249948432,-0.6008887647082868,0.004
4340.39691683,-0.07604274998867022,0.3115149578382345,0.29265500853306403,0.6068318872427653,0.07951170004940442,0.6828983610532406,0.6169441270389042,0.029215679248336523,0.6876374486019874,0.051520928300165136,13.898644208651397,13.898644208651383,1.3276426298964124,12.719093921957318,0.06537180594827506,0.1742841451906906,-0.027629562756818757,-1.251303813735467,0.04821765461267513,1.6946108643414475,-0.5013457648205963,0.09786927295857321,0.09500661833231776,0.012608172947616587,-1.3647955981634516,0.0378591148075562,1.7363662722998874,-0.6208887647082868,0.004
4340.426559035,-0.08875752861157994,0.30754133238913806,0.2938252362545234,0.607657525873333,0.08880215288467175,0.6836920382366625,0.6152496711636171,0.03269400987643441,0.6867897690936831,0.056704147276933216,15.190451505183853,15.190451505183837,2.3229279092154105,13.054988554528517,0.06841942633415805,0.16704461177201022,-0.023863266592752445,-1.2633476102165544,0.047165975187294894,1.699096316811538,-0.5135604825126642,0.10944001676992557,0.08549906435289592,0.024754264198271654,-1.3818560433306801,0.0371909965158898,1.7526278456745634,-0.6408887647082868,0.004
4340.456427754,-0.09955039096507737,0.30301214052062164,0.29385640748095765,0.6091364525809965,0.09674164681682901,0.6850731326631511,0.613496150508774,0.03712387038247759,0.6859920525794498,0.05978403337690044,15.936365368822738,15.936365368822722,3.470806624299681,12.691092161461306,0.07230624532860144,0.15963275245903602,-0.01928836183893371,-1.2757277636658704,0.046151623180660725,1.7047304103952576,-0.5265249396470173,0.12210428453730388,0.07898234774416504,0.037671974992150276,-1.394298766765132,0.03647195816015211,1.7692060734660389,-0.6608887647082868,0.004
4340.484727417,-0.11240339124782825,0.2973800654082947,0.29446303231929716,0.6110679289212789,0.10629938034252162,0.6863341601074722,0.61173578681596,0.04254642638603763,0.6852768576974159,0.06376521826773093,16.82782744217464,16.827827442174627,4.759767485134897,12.339795120867109,0.07706690828626939,0.15236617538514857,-0.013897679038878941,-1.2879515702512119,0.04517113620547957,1.711427395738315,-0.5401615337986359,0.1355850415648774,0.07580020790930794,0.05109809929461956,-1.4017468234022599,0.03593408105879672,1.7860400007945656,-0.6803950327150364,0.003755321069075531
4340.515044317,-0.12447883901474927,0.29127474467008263,0.29452586403687486,0.6134325137326212,0.11533681495173961,0.6878994795737015,0.6100222037734799,0.04896837609165583,0.6846767567775938,0.0665340952667326,17.422424497945872,17.42242449794585,6.179060567856717,11.556108576339453,0.08270363263143195,0.14557237038969756,-0.007708611528196764,-1.2995235297379195,0.044254804777429615,1.719105410499763,-0.5542637452669068,0.14971324304130745,0.07662213723083704,0.0649137645295686,-1.403348189402799,0.035896671754977676,1.8029028796926898,-0.6967932217778211,0.0032269091724427285
4340.544710952,-0.13613432103020798,0.28464235394712556,0.2947652141479346,0.6162226414677254,0.1241889389797236,0.6893151786759983,0.6084142703874481,0.05637650981013905,0.6842267675743047,0.06844989507915313,17.850402041979308,17.850402041979283,7.706739719092684,10.469087060249237,0.0892038765891703,0.1396215854312906,-0.0007559808203047981,-1.3098773659046752,0.043409116043853196,1.7276175300565078,-0.5684553606841666,0.16452550078688788,0.08237431493871994,0.07894455044482843,-1.39733037221839,0.03525196959264577,1.8184198869590564,-0.7093872684175389,0.0030303752105894314
4340.574103744,-0.14684488936119622,0.2781525697505411,0.29401772304052737,0.6190442594906115,0.13226533328763912,0.6912982473790081,0.6069732453039224,0.06473682348341667,0.6839667501493919,0.06898956349696735,18.308180751228896,18.308180751228893,9.319394257541932,9.28090022406747,0.09654805453428844,0.1349022882089021,0.006907315735816976,-1.3184132688492163,0.04255431397034139,1.7367530677329899,-0.5823624664209892,0.17955268675881703,0.09277733319062313,0.09275726647865859,-1.384337474542914,0.03369155753434627,1.8325326575222687,-0.7183577832573355,0.00310792121575081
4340.603256935,-0.15829015527323945,0.27070867628617623,0.2938991550340815,0.6224160845017658,0.14105110380311348,0.6929675871832313,0.605746305431645,0.07398200317302617,0.683923190074143,0.06969897354080833,18.885293317698917,18.885293317698892,10.993488438731514,8.144884268980306,0.10468620987875404,0.13172628572524886,0.015204819173328074,-1.3246599751501786,0.04159282724415673,1.7463107628313506,-0.5956695438845777,0.19467766064836914,0.10787192992207674,0.10622209544713529,-1.365066986100262,0.030960019474042023,1.8451440837605517,-0.7238346469343293,0.004
4340.631703964,-0.1695674889631464,0.26328036665049526,0.29439523838271725,0.6258103121363043,0.14979483466003482,0.6941933184061042,0.6047728237761478,0.08402164862404142,0.6840731729855373,0.06979330384186251,19.45621048960335,19.456210489603333,12.70405985839855,6.948015499153166,0.11354836656992562,0.13034967945064233,0.02404392878290628,-1.3283749073580762,0.04043981107128423,1.7561302550859823,-0.6080876851064786,0.2096980942987093,0.12717545124406934,0.11917339700868795,-1.345066986100262,0.02731941361586484,1.8564162851131865,-0.7256892345875011,0.004
4340.661557474,-0.180749060265758,0.25556757957303916,0.2956618547393881,0.6294232582399483,0.15860749207372585,0.6948875586558949,0.604085345246515,0.09475167280142403,0.6842553516751965,0.06951704334247881,20.127230654653697,20.12723065465367,14.424048781955733,5.82892036402114,0.12305004327226206,0.13090726294731397,0.03332072369876495,-1.3297177510138711,0.039014436896544324,1.7660368796139831,-0.6193931711107498,0.22439307212096202,0.14717545124406936,0.13144338597749533,-1.325066986100262,0.022596730894413195,1.8657119401094648,-0.7249882604370551,0.004
4340.689737534,-0.1909932670764828,0.24832333674596796,0.2964521189133444,0.6328502861133111,0.16666305868352035,0.6957856263003863,0.603656688851731,0.10605000835133997,0.6843274447773651,0.06824586372416482,20.7954313055843,20.795431305584277,16.130077078256523,4.723579677812541,0.1330940122842261,0.13333435702217752,0.04292339959367884,-1.3289732316140026,0.03723624335459219,1.7758189872359502,-0.6294564172895687,0.2385079287169267,0.16717545124406938,0.1427847203570065,-1.305066986100262,0.016851915488907927,1.8729083234187205,-0.7219751464967037,0.004
4340.719500008,-0.19923861621112393,0.24212008106651867,0.297201462356633,0.6358647495805844,0.17321458402924694,0.6964444801122617,0.6034331836069871,0.11777762418464341,0.6842286953471315,0.06537804207637275,21.153467143441066,21.153467143441045,17.800726389915248,3.3902310715703208,0.14356965416606648,0.13748920482721902,0.05272989637703786,-1.3263703214046547,0.0350432922689695,1.7852755539271212,-0.6381947855164036,0.2518259644932921,0.1871754512440694,0.15297912725861634,-1.285066986100262,0.010135571655636604,1.87787329184438,-0.7169534980879642,0.004
4340.749190747,-0.20749981159373476,0.23526281853976094,0.29787166763680484,0.6393229292033072,0.17986254778798078,0.6971845291899065,0.6033644732600869,0.12978282571726116,0.6839331433469891,0.06306019618791961,21.50310650570858,21.50310650570856,19.415985219559964,2.1778590201850223,0.15435820508031092,0.14321464278651,0.06260672621086055,-1.3220974979267157,0.03238368161658431,1.794225283848894,-0.6455411662312317,0.2642175470730352,0.20717545124406941,0.16182075073266003,-1.265066986100262,0.002514029674053786,1.8806672991275697,-0.7095132012168314,0.004
4340.77914539,-0.21519409348937243,0.22837325840544215,0.29848354745817435,0.642887419401024,0.18612603864482202,0.6979013782988656,0.6034143410908525,0.14190477362652215,0.683427379293272,0.06101754533176151,21.772253359625,21.772253359624983,20.953265256146146,1.2918890032009576,0.16533688730706855,0.15035743881809038,0.07241220789121655,-1.3163172635862004,0.029213251158483403,1.8024941404300554,-0.6513927303064205,0.27552657663218316,0.22717545124406943,0.16913453357955516,-1.245066986100262,-0.006081657159353467,1.8809649265681654,-0.7001143516280325,0.004
4340.809141808,-0.22103130359806522,0.22300500993490924,0.29952899649485015,0.6456958079502342,0.1909678501347163,0.6980497463294894,0.6035630714782964,0.15397861412607128,0.6827002379106953,0.05812898134163052,21.647918803705487,21.64791880370546,22.392603983036516,1.4427808359315586,0.1763754220902303,0.15877531534054223,0.08200226423361348,-1.309174861804029,0.02552088184270061,1.8099278826267988,-0.6556968517386071,0.2853990830844147,0.24717545124406945,0.1746717629113808,-1.2250669861002619,-0.014726067279754465,1.879427437088689,-0.6883116522630073,0.004
4340.835902049,-0.2256108120348074,0.21844472510721014,0.29967869921698986,0.6481288751798794,0.19473707577118252,0.6986417513670851,0.6038138819048762,0.16583420316275263,0.681745826576422,0.05553977807404751,21.713005095979405,21.713005095979376,23.71157437345794,2.5487151820144525,0.18733332275939427,0.1683387437755541,0.09122428768003132,-1.3008002900805418,0.0213359479433627,1.8164141814912078,-0.658366510636352,0.2937509385003223,0.26717545124406944,0.17830501055641637,-1.2050669861002619,-0.023723824208486788,1.875409819673578,-0.6745651758698746,0.004
4340.864883155,-0.22942975561069598,0.21419521190139962,0.2999837030671084,0.6504654843232865,0.19796685364748554,0.6990281388893534,0.6041858349474942,0.17729746151018297,0.6805546261281943,0.053947200033074655,21.71377182159605,21.71377182159602,24.891949064353287,3.666027817716784,0.19806439063827277,0.17892999418868247,0.09992820904550131,-1.2913104810026397,0.01668764919082407,1.8218284798559525,-0.6594134445595012,0.30036974897469054,0.28717545124406946,0.17998362405343898,-1.1850669861002618,-0.032688964919813254,1.8689242137955546,-0.659695491826003,0.004
4340.892571208,-0.2318848216136992,0.21120798783674594,0.3001890927720751,0.652142303223536,0.20008145416394804,0.6992798002223896,0.6047121877863745,0.18819985241429413,0.6791146206289125,0.052890668161378204,21.651759207779193,21.65175920777917,25.91965719316976,4.728622516123885,0.2084152728487916,0.19044325380216998,0.10797621435724279,-1.280810427946884,0.011659089989680198,1.8260298054611668,-0.6589124959873914,0.30504529125883495,0.3071754512440695,0.1798063197035932,-1.1650669861002618,-0.04069602619266944,1.8602675491470362,-0.6443905453980759,0.004
4340.920944021,-0.23374514733292207,0.20823776623390008,0.30036270248825375,0.653896240744089,0.201788816137235,0.6994849119575512,0.6054378826453445,0.19838622015544002,0.6774134361169939,0.05335672567560528,21.508587322734403,21.508587322734385,26.783719291123205,5.709413466780362,0.21823440191441032,0.20278515519741674,0.11524473961999444,-1.2693971221255822,0.006360439872283515,1.8289336318181413,-0.6569614821441965,0.3078648840458336,0.3271754512440695,0.17774427909429596,-1.1450669861002618,-0.048254477550321626,1.8499307582939952,-0.6284413137871537,0.004
4340.94974884,-0.2349325218971314,0.205488793623267,0.3000929616442519,0.6555941099548479,0.20295729636289886,0.699910627664092,0.6064180581453743,0.20771463001910026,0.675442806635349,0.05513248190476334,21.46822396871366,21.46822396871364,27.474778653258976,6.465725337274419,0.22738620509531382,0.21587266840060812,0.12162190494699805,-1.2571571799900454,0.0008671368900258216,1.8304838539359938,-0.653661005526519,0.3087892498954057,0.3471754512440695,0.173979708889978,-1.1250669861002618,-0.05502989211308071,1.8374182781925952,-0.6126267762194109,0.004
4340.979791529,-0.2343470212049636,0.20463926327792936,0.299128294808805,0.6562502761013248,0.2025709648533502,0.7005413340054478,0.6077053162308985,0.21606503619554937,0.6731909478593908,0.05733015535081068,20.92588727292014,20.925887272920118,27.988255947235512,7.511883050149993,0.23574144513890907,0.22963193017924938,0.12702426200729575,-1.2441692964947566,-0.004705173359364011,1.8306122075301456,-0.6491555756831521,0.30773381128981714,0.36717545124406953,0.16860511069183612,-1.1050669861002618,-0.060529007892860004,1.8228928465194103,-0.5966222404973314,0.004
4341.007099586,-0.23386785489126835,0.20385066710771105,0.2993965165305742,0.6568646595271184,0.202394773467996,0.7003316463470024,0.6093493510463809,0.2233362549554,0.6706460514761865,0.05981207846030046,20.573988889080653,20.573988889080628,28.318571879543768,8.112433800009654,0.24318145149262618,0.243997625913594,0.13138583795608633,-1.2305051932599598,-0.010220559368247525,1.829264612074067,-0.6435274715219198,0.3048137466107105,0.38717545124406955,0.16180058283781198,-1.0850669861002618,-0.06471710211561624,1.8068057000796782,-0.5802983462408612,0.004
4341.034559375,-0.23343210185865895,0.20404482342532487,0.2988045978550816,0.6567896519863988,0.2020019987814971,0.7006827802434483,0.6113966521384154,0.22944837876875415,0.667801975692042,0.062409738963976655,20.205810317449405,20.20581031744938,28.46253483413541,8.548862107545375,0.24960920425419372,0.2589136077595754,0.1346621058884092,-1.2162312702216183,-0.01556971610794993,1.8264708439375295,-0.6368666939068869,0.3003045997223204,0.40717545124406956,0.1538097389007016,-1.0650669861002617,-0.06803747143818122,1.7901058437342539,-0.563954700888494,0.004
4341.061805677,-0.23298152702660838,0.20401471455097642,0.2985485334984733,0.6568744911253458,0.20167201271465499,0.700809125696743,0.613885362824297,0.234351252765406,0.6646618819395689,0.06498169829743766,19.927706525094777,19.927706525094752,28.42271227708093,8.734144146369983,0.2549636693719756,0.2743308583948124,0.13683199304449506,-1.201407079660535,-0.0207078261254895,1.8223293612296458,-0.6292841375495581,0.2945762641807699,0.4271754512440696,0.1449032033886743,-1.0450669861002617,-0.07102651478200918,1.773199391387085,-0.5479853072530261,0.004
4399.773648526,-0.09639063691619831,0.3222254572804065,0.3405158590300822,0.5544577792181686,-0.0007125163392800337,0.6244904243350827,0.5559428627699499,-4.536529673878284e-05,0.6186270468257059,0.006085208253363312,0.5627740528611361,0.5627740528611342,0.6935203792326359,0.707909308632348,-1.7432275071627455e-07,0.00581718181527211,-1.7546391349329585e-06,-1.5762301918455295,-0.00041404823431919185,1.5699638076013345,-0.7852995407371582,-8.668101796237629e-05,-0.00140906835649314,-8.478303746244968e-05,-1.5693358792250658,0.0005192396753852413,1.570657022576411,-0.7849505082118192,0.0003306674263792045
4399.799897989,-0.0957985415381068,0.3221861215018058,0.34050607515565123,0.5544302441731482,-0.0011269831039440958,0.6244835756229811,0.5559259345798232,-4.439334980027881e-05,0.6186997255321036,0.0060714094115073315,0.8789042645643348,0.8789042645643362,0.6860874667852138,0.8953744765684678,-5.020803663784547e-06,0.005739290458930612,-6.759559053867096e-06,-1.5761172713480098,-0.00034713828604918904,1.5699300444789057,-0.7852280458591191,-0.00045087662576999866,-0.002625644988262306,-0.0004444451412171797,-1.5675449546412932,0.002122970126267787,1.5696547155673455,-0.7834631222088938,0.00036015987609297256
4399.829355729,-0.09620104733580022,0.3220353594474674,0.34049787517887625,0.5543247107351114,-0.0008452290455586999,0.6244778356392386,0.5558771186112029,-4.311681955286307e-05,0.6188853840939986,0.005859084273392612,0.9434046987236052,0.9434046987236036,0.6703392941515468,0.838857468747044,-2.7260090457892492e-05,0.005567760656146395,-2.7515226066817135e-05,-1.5758505283202147,-0.0001280253233605532,1.5697961644446818,-0.7850113127588356,-0.0008403060288231965,-0.0037441791680541715,-0.0008285684850784069,-1.5656779032548704,0.003945484238915092,1.5684438033200778,-0.7818618351097282,0.00039571505632492567
4399.859232746,-0.09653019883816644,0.32216773550112626,0.34068214772431626,0.5544173739726725,-0.0006148229939023475,0.6246068264210466,0.5557945499467237,-5.415846037832822e-05,0.6191889283816803,0.00561823615983032,0.8439111465380995,0.8439111465380982,0.6474064979674502,0.739825848201477,-8.197750430651212e-05,0.005305255407978962,-7.215226958055503e-05,-1.5754230710142623,0.00025431448563115693,1.5695506013493539,-0.7846665554734449,-0.0012302690177362543,-0.0047441891235582715,-0.001211210716378001,-1.5637668648190277,0.005943530642844537,1.5671420442160866,-0.7805820019416468,0.0004124591402058388
4399.889813366,-0.09714103123217772,0.32213727726798047,0.34086170081807315,0.5543960532094705,-0.00018724031809444624,0.6247325135866765,0.5556815837061089,-8.05023804738797e-05,0.6196007481607347,0.005291407944205944,0.8739765972073189,0.8739765972073189,0.619902725905297,0.7226814201869862,-0.00016575285626976028,0.004962207918517393,-0.00014447080937539866,-1.574848680624235,0.0007945930064861388,1.5692074799595002,-0.7842631772080839,-0.0014829013684629845,-0.005698906012839139,-0.001454015734084066,-1.561949065034088,0.008018453822646016,1.5658806073928961,-0.7801139768067643,0.0004724197156535219
4399.917378666,-0.09720772040568981,0.3223610260254407,0.341220482500945,0.5545526773396926,-0.00014055789663598438,0.6249836607646867,0.5555423738821468,-0.00011391189225327117,0.6201061811086026,0.004976948568270474,1.0651146591776313,1.06511465917763,0.5909705076713984,0.8930508386794526,-0.0002692318605449384,0.004552503522134596,-0.00023768052281898932,-1.5741442679311604,0.001500803737426239,1.5687779560240152,-0.7838802776029639,-0.0017505317970532698,-0.006518611143853524,-0.0017070433250892126,-1.5600349356617325,0.010742199580109605,1.564644972763947,-0.7803282995185131,0.0006102107251127383
4399.94557022,-0.09683860147393158,0.32207608345496297,0.3417027029339029,0.5543532175403582,-0.0003989411488667438,0.6253212150677573,0.5553831203368236,-0.00014490414899105976,0.6206926969814669,0.00474851705720748,1.2166991770950144,1.216699177095013,0.5646520609205185,0.9882185307622161,-0.0003911436425224661,0.004096225923192146,-0.0003488529990112044,-1.5733138144451264,0.00242359153122335,1.5682701361592468,-0.7835521818584709,-0.0020733082495516947,-0.007169519760256462,-0.0020141337309787224,-1.558101467010364,0.013928528293707651,1.56332467581207,-0.7805918776728648,0.0006719551287841266
4399.976178666,-0.09732255008292331,0.32218767781083857,0.34121476031075715,0.5544313335894712,-6.017712257253282e-05,0.6249796552315553,0.555209272463605,-0.0001733368250666641,0.621344165007303,0.003719513836617734,1.175566530174843,1.1755665301748426,0.5477702165135004,0.8477638319956095,-0.000532515120649937,0.003615170866957622,-0.0004789017282826402,-1.5723684581996327,0.0035612008114310617,1.5676798840286932,-0.7832729937187949,-0.0023789264674519044,-0.007570921984590955,-0.002306923042294926,-1.556297276239094,0.016949595848655036,1.5618984958083844,-0.780675864450851,0.0005863708016771817
4400.005741383,-0.09707414105507076,0.32191263564369677,0.3416929554191504,0.5542388040724718,-0.0002340634420693238,0.6253143918074305,0.5550259439779576,-0.00020074594753951582,0.6220381452860144,0.0033696424966665277,1.3861222091407437,1.386122209140741,0.5474676905772985,0.9788289873447228,-0.0006895706517846735,0.003128765323526129,-0.0006252130864030739,-1.5713345236110678,0.004875179934682257,1.5670103892511096,-0.7830338435023941,-0.0026610306574124196,-0.007835988253428804,-0.0025777248129523578,-1.5546408641393201,0.019955897376746617,1.5603839666330552,-0.7808330121664796,0.0006693444023994698
4400.036153063,-0.09671430705969156,0.3221552138175904,0.34118533833851655,0.5544086087941974,-0.0004859472388347635,0.6249590598509869,0.5548371632332614,-0.00022488734680264943,0.6227532858304107,0.002262133993449141,1.7133383007004237,1.7133383007004226,0.5696127661582449,1.1886240023917818,-0.0008613760012256904,0.0026573770727648417,-0.0007859298421801042,-1.5702285595252128,0.006367952553610504,1.5662462458632338,-0.7828294011168256,-0.0030431776172377104,-0.007780382767758382,-0.002948632082481971,-1.5528622438245847,0.0234372076004817,1.558315767180349,-0.7809543228427938,0.0007462074003599365
4400.06384961,-0.09587036181742936,0.32228407653579105,0.3411644328947109,0.5544988126969379,-0.0010767089084183,0.6249444260403229,0.5546459353717444,-0.00024747056863276095,0.6234706951709564,0.0016973991813760277,2.0825218294212156,2.0825218294212164,0.6193368084796268,1.4760700495090406,-0.0010532225567766377,0.002233806429420357,-0.0009658276777783822,-1.5690424943599428,0.008067179101432816,1.5653281612417569,-0.782654469437566,-0.0035409770355325134,-0.0072439027539974304,-0.0034356760114601613,-1.550885833264083,0.027407405256156973,1.5554332968154558,-0.7809791994327698,0.0008571543696413095
4400.093670511,-0.09493509949512581,0.3224071977708716,0.3411312868208811,0.5545849975614943,-0.0017313925340307857,0.624921223788642,0.5544579907355033,-0.0002736727436442696,0.6241698785254226,0.0016448700330710172,2.6209998378892827,2.62099983788928,0.6990969112162373,1.9344465999171498,-0.0012759201730136005,0.0019021756873390451,-0.0011746972573349157,-1.5677544392854996,0.010019482017937379,1.5641888422655312,-0.782501159832023,-0.004258803757953836,-0.006183870649184027,-0.004142368972595854,-1.5484881342524623,0.032300045201023614,1.5515758863351243,-0.7808526731909928,0.0010452987742482832
4400.122755204,-0.09466134157952945,0.32239765495828027,0.34109656874430416,0.5545783175926803,-0.0019230230749482393,0.6248969211350381,0.5542758041185661,-0.0003138709225005507,0.6248364185417862,0.0016384583044856068,3.1235666809239695,3.1235666809239673,0.8103382067890507,2.352940445452913,-0.0015457908469470995,0.0016892869672549327,-0.0014285616633734678,-1.566344129547802,0.012285244033157176,1.5627536485113394,-0.78234745748907,-0.005173376929471143,-0.004602025522829908,-0.00504549844630515,-1.5456912374215792,0.038044677082361915,1.5467107059573695,-0.780720927655439,0.0012162727834285898
4400.149916605,-0.09380218233295473,0.3225297612531071,0.3410463961188899,0.5546707919990591,-0.0025244345475505412,0.6248618002972481,0.5540987624984745,-0.0003783913696006598,0.6254652962788589,0.0023015052619937124,3.8118503525297074,3.8118503525297025,0.9535052311304509,2.9305490939089167,-0.0018771759351355701,0.0016282620062124048,-0.0017424976522954587,-1.5647745475091372,0.01492745402440606,1.560942539379095,-0.7822047984916711,-0.006253197956181995,-0.002492948242708534,-0.006112391487316194,-1.5423939735172996,0.04490336888532591,1.5405552054117,-0.7809144044019171,0.0014588721371825465
4400.179214062,-0.09329739442306342,0.3226208458568468,0.34115375116637625,0.5547345512216769,-0.0028777860844744567,0.6249369488304887,0.5539360824744091,-0.00047279729547427185,0.6260354072442649,0.002761907728794684,4.761982423543955,4.761982423543951,1.1306445931483804,3.73858449939386,-0.002282207434199662,0.00177770384515909,-0.0021286040623650863,-1.5630079295388024,0.018012191275782605,1.5586685086337697,-0.7820859039258561,-0.00757520721325885,0.000314131338467583,-0.0074183762520702475,-1.5384279505400091,0.05309842050788319,1.5328886994066475,-0.7813764764944768,0.001856975682730526
4400.208793146,-0.09244635071344076,0.3226906523021172,0.34121869666942234,0.5547834157333662,-0.0034735166812103198,0.6249824106826208,0.553792496934026,-0.0006014376202928442,0.626529324000543,0.0034093546328024115,6.079075091519801,6.0790750915197975,1.3475191987779074,4.865555159741789,-0.002777831573339184,0.002194405067576605,-0.0026029379824896197,-1.56098878986968,0.021668426111149375,1.5558021231168329,-0.7820392380025788,-0.00922598212802296,0.003970831880085927,-0.009044551454888215,-1.5333561263964182,0.06375437136513502,1.5229833047896353,-0.7824008643941113,0.002413749325298345
4400.235696002,-0.09089055484928321,0.32333711447859703,0.34192978941918106,0.5552359392569021,-0.004562573786120605,0.625480175607452,0.5536704612991085,-0.000765131073266648,0.6269384725140077,0.004358660604063513,8.11637809816217,8.116378098162166,1.6174068046449244,6.6351555579469474,-0.003391017719422185,0.002949908123227713,-0.0031899555819529433,-1.558614665135482,0.02613389759082748,1.5521511510049375,-0.7821210621613482,-0.011484615744358644,0.008871298618612298,-0.011258301959892494,-1.526410488372267,0.07859156713616293,1.5099997447373517,-0.7842572244967497,0.0034490146483806107
4400.266120212,-0.08888504954378244,0.3234817177701431,0.3426440312579512,0.5553371615609843,-0.0059664274999711425,0.6259801448945911,0.5535748640844507,-0.0009678864038033205,0.6272641627623197,0.005453421620461947,10.767430709464081,10.767430709464072,1.9617701137276522,8.946617293865838,-0.00416534175971906,0.004137196631539978,-0.00392923651374201,-1.5557324202346763,0.031757743154401115,1.5474808118654735,-0.782409240783946,-0.014495236916263594,0.015220915943522878,-0.014184738706579728,-1.517163728854008,0.09764691456676945,1.4931444258709943,-0.7871146012052486,0.004
4400.296121456,-0.0869741214904249,0.32401378953443005,0.3421910856064795,0.5557096117959851,-0.007304077137321425,0.6256630829385609,0.553509593071321,-0.0012355216182674145,0.627513720967723,0.006715080758389625,14.185177375996457,14.185177375996442,2.400433259419335,11.942855591241724,-0.005160194067088235,0.005876532371078332,-0.004872902742556134,-1.5521305498155258,0.0387341332736705,1.5414819219783373,-0.7829859391640656,-0.018582595903244976,0.023797789061462758,-0.01810879078623928,-1.5045422777700632,0.11764691456676947,1.4731444258709943,-0.791196476952968,0.004
4400.325843095,-0.08483263660655384,0.3242727872679073,0.34289034767007265,0.5558909102094193,-0.008803116556031165,0.6261525663830761,0.5535143602567224,-0.001647597962774217,0.6277167607897324,0.007700398701231257,17.196928379743817,17.196928379743795,2.932832473001038,14.415836988872492,-0.006454530653232692,0.008334937100575176,-0.0060888333360195265,-1.5475374924904142,0.04696942158968256,1.5341277463283107,-0.7839636498684791,-0.023857817387221265,0.03453914693756151,-0.023080213479365147,-1.4883345497935112,0.13764691456676947,1.4531444258709942,-0.7969274998730501,0.004
4400.353694841,-0.0807747511296904,0.3242345000263539,0.34214235618833316,0.5558641091403318,-0.01164363638983557,0.6256289723458585,0.553649496460495,-0.0023010748039791196,0.6279181310153553,0.009870573120206708,21.55550306819161,21.55550306819159,3.5490969800107566,18.1441685295131,-0.008133823088035388,0.011652830095577854,-0.0076498698262705824,-1.5417251635189326,0.056342367863498714,1.5255492056926014,-0.7854082269668373,-0.030491078510078113,0.04755315853613181,-0.029195896173768658,-1.4690408771393293,0.1576469145667695,1.4331444258709942,-0.8025393873629508,0.004
4400.381463351,-0.07553101096135834,0.3237200850930502,0.34102654622091483,0.5555040186870193,-0.015314254507668016,0.6248479053686656,0.5539646525574854,-0.0032995841661155193,0.6281400883913236,0.012552307379586222,25.940087792223995,25.94008779222397,4.241722897034233,21.81095134115817,-0.01030139111682092,0.015949694011299698,-0.009635400149212192,-1.5345551109332667,0.06674545558035117,1.515869322214231,-0.7871908372563733,-0.03902481785240076,0.06282352536837808,-0.036873078319869426,-1.4490408771393293,0.1776469145667695,1.4131444258709942,-0.8059275720640026,0.004
4400.411637462,-0.0694400096374295,0.32299899550615546,0.3388330126044352,0.5549992559761929,-0.019577955434418204,0.6233124318371299,0.5544918734768971,-0.004774054279542453,0.6283278468765843,0.015638648100840053,31.101533048126257,31.101533048126257,5.009685310769693,26.19168614151055,-0.013088319242573655,0.02130771007361362,-0.01214391095253282,-1.5260968057898356,0.07808165274258755,1.5052004930847245,-0.7890081173369543,-0.04963026648627107,0.08002324121119729,-0.04613513315152501,-1.4290408771393293,0.19764691456676953,1.3931444258709942,-0.8056905665517177,0.004
4400.439865016,-0.06488641700977141,0.32193813994397796,0.33712465289849436,0.5542566570826687,-0.022765470273778867,0.6221165800429713,0.5552540871888992,-0.006866210897489582,0.6283904838055415,0.01712142470571098,35.70230060221869,35.702300602218656,5.8561348804200355,29.94116572752459,-0.016638978475996654,0.027804657342230997,-0.015275245295686567,-1.5164712286134925,0.09026165992965596,1.4936383096616819,-0.7905182303285414,-0.06225498080792975,0.0988581986306375,-0.05673222922644821,-1.4090408771393292,0.21764691456676954,1.3731444258709942,-0.802081790754055,0.004
4400.469842367,-0.06253515460411244,0.3216387182199063,0.33577997031678725,0.5540470618758185,-0.024411353957740148,0.6211753022357763,0.5562631224363168,-0.00969942962815008,0.6282436486268409,0.016471586523205826,38.09587703731325,38.095877037313215,6.785805853742253,31.40724798380332,-0.02107076277635264,0.03548501662461141,-0.01909904630494566,-1.5058067047391477,0.10320140768521982,1.4812675013705192,-0.7914378643216732,-0.07597785572995708,0.11828455273165647,-0.06766622035434501,-1.3890408771393292,0.23764691456676956,1.3531444258709941,-0.795871779882321,0.004
4400.498622609,-0.06157929943079479,0.32110648776214895,0.335409228570187,0.5536745005553884,-0.025080452579062495,0.6209157830131562,0.5575023318858048,-0.013315864347848625,0.6278436947601918,0.014179343783082724,39.084210936173626,39.0842109361736,7.802053309326251,31.38491494014747,-0.026416810187501992,0.044303480716072215,-0.023606348733236665,-1.494235776487321,0.11682211331684046,1.4681632820520092,-0.7915940984018708,-0.08988780798901375,0.13699826799812032,-0.07803110462835698,-1.3690408771393292,0.2576469145667696,1.3331444258709941,-0.7875950970553117,0.004
4400.526090049,-0.06026542551030641,0.32071548074613654,0.33500727248020423,0.5534007956441797,-0.02600016432340436,0.6206344137501683,0.5589223097119075,-0.017661002133513383,0.627207455559091,0.011968024993760228,40.14627289173478,40.146272891734746,8.904297009132772,31.362055478752463,-0.03262600336572198,0.05411360116299341,-0.028704980702851206,-1.4818796328461765,0.13105283020885394,1.4543933899508596,-0.7908785046507216,-0.10354925248330016,0.15448266157691065,-0.08736793566293462,-1.3490408771393292,0.2776469145667696,1.3131444258709941,-0.7776138033857937,0.004
4400.555427356,-0.058427978892346084,0.32057476773650867,0.3345904785868705,0.5533022965374402,-0.027286376955976594,0.6203426580248346,0.5604575610192473,-0.022618490848753232,0.6263980403068131,0.010471610434671349,41.71723406148927,41.71723406148925,10.087619818104848,31.78939686040748,-0.03960749471955396,0.06472463848417705,-0.03425283913812215,-1.4688281194192019,0.14583246278480214,1.440020700923268,-0.7892231143389105,-0.11712912295176736,0.17098918807983243,-0.09567006276329147,-1.3290408771393292,0.2976469145667696,1.293144425870994,-0.7663921051498658,0.004
4400.585012114,-0.05700050865138517,0.3204612685026993,0.33338822376500177,0.5532228470737737,-0.02828560612464923,0.6195010796495265,0.5620480569768277,-0.028066213339772952,0.6254875081754896,0.010666292210673922,43.51758891608662,43.5175889160866,11.34464670645507,32.410738782790226,-0.04728221688999939,0.07596260432219398,-0.040101731168094304,-1.455145219606372,0.16110840215027353,1.4251037379692844,-0.7865962957028308,-0.1307497866006205,0.18662398235051747,-0.10292530076218431,-1.3090408771393292,0.31764691456676963,1.273144425870994,-0.7538707663875164,0.004
4400.614503334,-0.05520708523255273,0.31963258763453756,0.33229485607091525,0.5526427704660604,-0.02954100251783194,0.6187357222636659,0.5636435580809073,-0.03389317651034795,0.6245397853704491,0.013177476812941971,46.11515606277432,46.11515606277428,12.667042297163405,33.80477354520288,-0.055583422490897004,0.08767916642735209,-0.04610886680954851,-1.440884860996225,0.17683296983218352,1.4096959310975297,-0.7829963909913111,-0.14450427392057377,0.20164625165881606,-0.10899103867767303,-1.2890408771393291,0.33764691456676965,1.253144425870994,-0.7406940557117077,0.004
4400.641865881,-0.05360738378638119,0.3189954456684136,0.3325813802563284,0.5521967710897736,-0.030660793530152018,0.6189362891934551,0.5652056246467255,-0.039998231457997205,0.623605236200233,0.016679840648959526,47.81548409411534,47.81548409411528,14.045826822350765,34.26331285951423,-0.06446186988049309,0.09975179982550995,-0.05213594040766576,-1.4260980238720915,0.19296349728244852,1.3938453390447467,-0.7784321441152308,-0.1583954488863259,0.21564110236739037,-0.11382045065813517,-1.2692153227533807,0.35764691456676967,1.233144425870994,-0.7263359572305891,0.004
4400.668638773,-0.052263659850762575,0.318714206714259,0.33169507476886895,0.5519999038218654,-0.03160140028508505,0.6183158753522335,0.5666922602081337,-0.04628703682852933,0.6227263665856401,0.02123642365812147,48.720023565217886,48.72002356521785,15.473373332669942,33.88944980972313,-0.07386075711141264,0.1120198274658551,-0.058056224490166015,-1.410906588793204,0.20946026923309413,1.3775976561772287,-0.772869671298219,-0.17184944328428475,0.2277995807292261,-0.11713004060549909,-1.2515828024731261,0.3776469145667697,1.213144425870994,-0.7104821806294802,0.004
4400.696420288,-0.0521474173332331,0.31852409600520176,0.33165769183943306,0.5518668263255253,-0.03168277004735568,0.6182897073016284,0.5680452308146883,-0.05264236800564532,0.6219148620004132,0.02672428230988121,49.213009243749774,49.213009243749724,16.94412229191126,33.13850682010217,-0.0836833996714293,0.12426069788630573,-0.06373869957443631,-1.3955883553252098,0.22628690591875333,1.3609954551952252,-0.7662839238342302,-0.1843394891790142,0.237795033776703,-0.11860332991462552,-1.2369425521814563,0.3976469145667697,1.193144425870994,-0.6939141573578387,0.004
4400.725526986,-0.051422794095016586,0.31882098672074277,0.3323962779389066,0.5520746498264041,-0.03219000631410724,0.6188067175712598,0.5692126790121158,-0.058919224448243275,0.6211652398618753,0.031839060504792904,49.61373993356148,49.613739933561426,18.45104391182484,32.28643684744016,-0.09380574955264719,0.13625935958640595,-0.06903901457780703,-1.3804416017077366,0.24341068412036249,1.34407325513479,-0.7587270155926551,-0.19598021618238218,0.24560330106302727,-0.1183539602081275,-1.22528220888054,0.4176469145667697,1.173144425870994,-0.6772525322731732,0.004
4400.753419608,-0.05075647570797262,0.3189447140596608,0.332638825709948,0.5521612589636467,-0.03265642918503802,0.6189765010109889,0.5701563849985014,-0.0649754108106056,0.6204742820599529,0.03702140573228842,50.311775259669304,50.31177525966927,19.98517691443822,31.75150671524012,-0.10411118962806999,0.14782410172408492,-0.07381867694849564,-1.3657344862784315,0.26080309854689504,1.326861245615706,-0.7503042567500202,-0.20676404437606288,0.2513755574715086,-0.11637770893727817,-1.2164469008207968,0.43764691456676974,1.153144425870994,-0.6609334869614105,0.004
4400.78342232,-0.050714214411300265,0.31913845665978596,0.33256952771399967,0.5522968787837343,-0.03268601209270867,0.618927992413825,0.5708532667327121,-0.0706819353419249,0.6198425754706433,0.0422949900040314,50.89513716960221,50.895137169602165,21.536637646316542,31.161760374099106,-0.11449025545084493,0.15880083295396197,-0.07795470556762188,-1.3516851798919456,0.2784386256497438,1.309386597493389,-0.741140980687664,-0.2165307970741495,0.2554696244373772,-0.11265625834522298,-1.210100143928941,0.45764691456676976,1.133144425870994,-0.6453138420620997,0.004
4400.812763236,-0.05073570234458307,0.31969334985716236,0.3331528812190362,0.5526853040218977,-0.032670970539410704,0.6193363398673506,0.571298061644613,-0.07592011113121223,0.61927134638958,0.04708425567430703,51.26336190491813,51.263361904918085,23.09453496993309,30.393978346772915,-0.1248346197336682,0.16908145676359157,-0.08133776615471978,-1.3384555932314903,0.29629414329765724,1.2916740591946148,-0.7314004738945149,-0.22530770720422472,0.25808101277989315,-0.10726784363531253,-1.2059521351804559,0.4776469145667698,1.113144425870994,-0.6310257803953481,0.004
4400.839875214,-0.050525005115783284,0.32039980639560867,0.3339033551176726,0.5531798235988101,-0.032818458599570555,0.619861671596396,0.5714964255118402,-0.08058465280760783,0.6187616476884689,0.05116949547687922,51.277937424493395,51.27793742449336,24.647288932053584,29.284338099216146,-0.1350427121681044,0.17858188077871623,-0.08387513716285365,-1.326179725905959,0.31434903471387743,1.2737463455940732,-0.7212835765219566,-0.23292358665907673,0.2591121670224171,-0.10029644809798788,-1.204059255212276,0.4976469145667698,1.093144425870994,-0.618487842852322,0.004
4400.875883167,-0.051315705106582815,0.3205930483605346,0.3341115229579339,0.5533150929742583,-0.03226496860601088,0.620007389084579,0.571455474845638,-0.08458507590991507,0.618314796832343,0.055401551884977536,51.2405922395816,51.240592239581545,26.184138168992455,28.151010551325616,-0.1449959736844527,0.18722272676007368,-0.08552427282639179,-1.3149871545717624,0.3325853972264396,1.2556237773787997,-0.7109848100106664,-0.23917644337088875,0.2586002154451834,-0.0918968050943692,-1.2045203549706434,0.5176469145667698,1.073144425870994,-0.6073539038408418,0.004
4400.903028856,-0.05146850535398442,0.32066933951766896,0.33412470468155675,0.5533684967842524,-0.03215800843282975,0.6200166162911149,0.5711832294223218,-0.087848684490274,0.6179308010628053,0.05850783472209289,51.218495031895785,51.21849503189574,27.69747163926513,26.972843135714587,-0.15459701361346775,0.19493772539143397,-0.08623783459193092,-1.3049952058441725,0.35098513478136295,1.2373255503837255,-0.7006473359861799,-0.24414595125588387,0.25669443641654016,-0.08233223571432155,-1.20723855512036,0.5376469145667698,1.0531444258709939,-0.5973964083708606,0.004
4400.931105969,-0.0509765443856328,0.32074791390213403,0.3341247046815567,0.5534234988533779,-0.03250238111067589,0.6200166162911149,0.5706935973092265,-0.09029602287216781,0.6176081511894836,0.060366895173399,51.2243140119508,51.22431401195075,29.181300070613833,25.749756319233423,-0.163748324685303,0.20168053706290037,-0.08596568090843941,-1.296299994341089,0.36953376477640554,1.2188681982710279,-0.6903824754916583,-0.24793131700772508,0.25355339319805303,-0.07187259124597382,-1.212089070626385,0.5576469145667698,1.0331444258709939,-0.5883889888381562,0.004
4400.958969588,-0.05098269290523785,0.3206301322374541,0.3339427201605405,0.553341051688102,-0.03249807714695235,0.6198892271264036,0.5699996411989813,-0.09187903098558439,0.6173432297613197,0.06172591340645143,51.211015400241195,51.21101540024115,30.633066369134337,24.491919330197202,-0.17236520357851454,0.20742672335635087,-0.08470709917053489,-1.2889734744019044,0.388218932868053,1.2002661019059901,-0.680270377784982,-0.25056331500506085,0.24939935292706306,-0.06071994068976601,-1.2188279512517042,0.5776469145667699,1.0131444258709938,-0.5802296774147332,0.004
4400.988477633,-0.05098269290523785,0.3206301322374541,0.3339427201605405,0.553341051688102,-0.03249807714695235,0.6198892271264036,0.5691144405605271,-0.09257680015764702,0.6171315977813162,0.06217601848559783,51.211015400241195,51.21101540024115,32.05261353009746,23.231228622837847,-0.1803830632616361,0.2121781098417345,-0.08248733242329721,-1.2830533216245303,0.4070290478730427,1.1815322947376956,-0.6703805897799543,-0.2522400281494421,0.24443767525817978,-0.04912400076736697,-1.2271610452672077,0.5976469145667699,0.9931444258709938,-0.5730635433777009,0.004
4401.016717513,-0.0511354938069548,0.3207064478614887,0.33395575181673687,0.5533944726249262,-0.032391116515750495,0.6198983492857411,0.5680500582879902,-0.09239230878967021,0.616969037049276,0.06183453837135029,51.188971353106524,51.188971353106474,33.44111955821041,21.947074393520875,-0.18775867939015697,0.21596058254277217,-0.07935153713066413,-1.2785416167635146,0.4259533474355037,1.162678412035885,-0.6607929660444579,-0.25300057365555867,0.23902317375253282,-0.03723911001773383,-1.2365935313221381,0.6176469145667699,0.9731444258709938,-0.5670394179077488,0.004
4401.045393707,-0.05148866065772953,0.32097514852274434,0.3342389670072643,0.5535825630878052,-0.03214389972020818,0.6200965999191103,0.5668218378558667,-0.0913461652526216,0.6168606153291661,0.060750787952264226,50.988247463150536,50.988247463150486,34.79962611286193,20.51099061718716,-0.1944624484422647,0.21883611893366475,-0.07536005856427742,-1.2753585832135939,0.44498102200393375,1.143713740790934,-0.6515938637692472,-0.2529537075091677,0.23338304257381318,-0.02526340762087864,-1.2467159879410254,0.6376469145667699,0.9531444258709938,-0.562385189038363,0.004
4401.072531362,-0.05334891808203025,0.32118584554242335,0.33445279078788515,0.5537300510015805,-0.030841719523197673,0.6202462765655449,0.5654418802660034,-0.08947196524946452,0.6168120206896741,0.059887116912257336,50.53003089285205,50.530030892852004,36.129503035343475,18.974886041420586,-0.20047549266584663,0.2208688830253376,-0.07058378030271002,-1.2734396896278524,0.46410399980259326,1.124650593868952,-0.6428972186311047,-0.2520002824935806,0.2277911759096002,-0.01322463438118084,-1.2569613248794846,0.6576469145667699,0.9331444258709938,-0.5596410366820969,0.004
4401.100793648,-0.054358282045611994,0.32196055316088046,0.3351070499036828,0.5542723463345004,-0.030135164748690456,0.6207042579466032,0.5639313396627832,-0.08680784126422841,0.616808747055722,0.057621726984286,49.52749694733726,49.52749694733723,37.4329808271938,16.964494590830817,-0.2057703096559742,0.2221803534490582,-0.06510022624250288,-1.2726720582166064,0.48331297993450645,1.105497769865987,-0.6348559965138174,-0.24987037704086149,0.22244950982700223,-0.0012277105508487168,-1.2668038698083348,0.67764691456677,0.9131444258709938,-0.55934109325607,0.004
4401.128809823,-0.05579878261144114,0.32296785323250266,0.3361085863234914,0.554977456384636,-0.029126814352610053,0.6214053334404692,0.5623077370010563,-0.08338312489548505,0.6168588661588786,0.054937697552617994,48.15722582233653,48.15722582233648,38.70945651058333,14.81702623971716,-0.21030399275368722,0.22286619941742744,-0.058988344200543545,-1.2729004687587806,0.5025972999145053,1.0862620141316655,-0.6276752227090668,-0.24651879382524428,0.2175390799484236,0.0106161971242069,-1.2755021920037857,0.69764691456677,0.8931444258709937,-0.5623377441932206,0.004
4402.19684781,-0.0762108008721012,0.32949513679553105,0.34955216984241305,0.5549979424288706,-0.028858887917025202,0.6218617835480684,0.5424919298073936,-0.03838144996990614,0.6244857169760023,0.015936265760012246,1.5172261285008686,1.5172261285008668,6.4539042435338585,7.275717714522988,-0.24487942511082011,0.22387420964840837,0.011589558182734749,-1.2818284492076235,0.6976758640875289,0.8922603956882015,-0.5645904834820189,-0.242278091219782,0.21733753347579923,0.01484272580247032,-1.2770064463375805,0.6988805029935045,0.9051588613063878,-0.5737045991567253,0.004
4402.224554993,-0.07655748506423318,0.3293469432672102,0.3500080796775064,0.554894206959046,-0.028616208982532816,0.6221809204326338,0.5427180442592792,-0.03824472142617996,0.6244746712653709,0.015691669218134297,3.381208209685738,3.3812082096857354,6.351186263752931,8.468518907643952,-0.2446009780579747,0.2239200420713683,0.011805938405028232,-1.2818380754975796,0.6974709871298972,0.8941428599835283,-0.5659371065080229,-0.2367610410834569,0.21671419768782868,0.017050997360272033,-1.2775195229888103,0.6900498123134697,0.9251588613063878,-0.587253053149078,0.004
4402.252746501,-0.07713642893312211,0.32901725593269443,0.35044524695006196,0.5546634258248849,-0.028210948274310567,0.6224869375234227,0.5431739510545144,-0.03794040460979041,0.6244011115903156,0.01517677216806511,5.325897816964186,5.325897816964186,6.144122625509451,9.790293313142943,-0.24382535018690368,0.22389149002459993,0.012160121137400786,-1.281938807059709,0.6962633804374829,0.897778344545185,-0.5684586416801678,-0.23016964220530725,0.21449494978328307,0.019026933390211154,-1.2788689155533548,0.6763210958635265,0.9451588613063878,-0.6008407003868373,0.004
4402.280955749,-0.07788118583868889,0.3289714728377949,0.3508839992991945,0.5546313776584553,-0.027689618440413823,0.6227940641678155,0.5437934389998349,-0.03744256970365496,0.6242703103833237,0.014654701484505827,7.251094765675105,7.251094765675094,5.848842092543982,11.182882670535454,-0.24246557362580134,0.22364993851990073,0.012645218393985769,-1.2822112341322138,0.6936547274766818,0.9029951998873126,-0.5720585686402,-0.22239391402757852,0.21063295784760167,0.020832711718410665,-1.2809579451220547,0.6573510330547805,0.9651588613063878,-0.6148499550531373,0.004
4402.309363387,-0.07896340179125136,0.32910960449506643,0.35183697854291357,0.5547280698185453,-0.026932067273620096,0.6234611496384188,0.5445131865477032,-0.03674395101358416,0.6241052072829142,0.014178565266377747,9.157816841320173,9.15781684132016,5.479776224070444,12.584613855367529,-0.2404652631067114,0.2230690843767011,0.013242744495634038,-1.282705109237819,0.6894076672525685,0.9096390867287429,-0.5766848125821106,-0.21367067168349163,0.20542981938239527,0.022554503724850117,-1.283529917421585,0.6373510330547805,0.9851588613063879,-0.6295386391871484,0.004
4402.337594126,-0.07998303034326854,0.32905009856946166,0.35166556364595253,0.5546864156706219,-0.02621832728720807,0.6233411592105461,0.545286534035088,-0.03581670963233652,0.623958842228253,0.0134487267321366,10.906323493188,10.906323493187994,5.04909769803439,13.707379387111258,-0.23779450374670316,0.22205224312589805,0.01393563564123737,-1.2834450766665386,0.6836364472578523,0.9175714163172091,-0.5823025116925057,-0.20405728452136895,0.1990150840910976,0.024207624793569114,-1.2866713754647192,0.6173510330547805,1.0051588613063878,-0.6448418145425047,0.004
4402.365980504,-0.08245467779556409,0.3289557931544526,0.3520291186708349,0.5546204018801156,-0.024488174070601183,0.6235956477279637,0.5460728057086385,-0.034628656671703714,0.6238851279158899,0.013265541318510748,13.856741439213943,13.856741439213936,4.576316663028273,15.946549053630633,-0.23442423917222863,0.2205091217535526,0.014708446414927906,-1.2844656608603289,0.6764884558273898,0.9266681804470176,-0.5888877484405797,-0.19316794344878463,0.19098513835889774,0.02583470880500647,-1.2905490278126976,0.5973510330547804,1.0251588613063878,-0.6612645564785408,0.004
4402.395869772,-0.08479894766771495,0.3290920500541872,0.3526046737507487,0.5547157817099299,-0.022847185160095578,0.6239985362839034,0.5468291218533814,-0.0331345401394173,0.6239367471212434,0.012962750250779758,17.541707509624004,17.541707509623997,4.094714408877409,18.85829661872769,-0.2302983520431642,0.2183304022920189,0.01555868107747127,-1.2858223166894398,0.6680943383668376,0.9368187461826506,-0.5964761786832994,-0.18041030516950307,0.18077344394371164,0.027424041456303342,-1.2954447953969193,0.5773510330547804,1.0451588613063878,-0.6794035527049428,0.004
4402.424043729,-0.08930037383409298,0.3290365828419487,0.35323843408189776,0.5546769546613629,-0.01969618684363096,0.6244421685157078,0.5475005261034508,-0.03125088754131845,0.6241763856630165,0.013604516734700324,23.038310877064653,23.03831087706464,3.662784253873028,23.512279344750226,-0.22527959281533674,0.2153469653830097,0.01646560504689143,-1.287619527118276,0.6585718835008513,0.9479234459396594,-0.6051644565651781,-0.16453256760315943,0.1671294197552951,0.02913402007727431,-1.3021449676722454,0.5573510330547804,1.0651588613063878,-0.6994035527049428,0.004
4402.453213769,-0.09596160631353268,0.32861056750789636,0.3528703658325909,0.5543787439275263,-0.015033324108023173,0.6241845207411929,0.5480110509430652,-0.02886454183428888,0.624682511801232,0.015234765926380364,29.705902444307473,29.705902444307448,3.387276229348893,29.25062373206359,-0.21916370923402276,0.2113207908846751,0.01739157704043313,-1.2900147407177844,0.6480273024380259,0.9598920867285408,-0.6149411847848031,-0.14532773486878736,0.1498210841974399,0.03129315159046469,-1.3112142047397732,0.5373510330547804,1.0851588613063878,-0.7194035527049428,0.004
4402.481825894,-0.10394307968310948,0.32723256345754215,0.3503143337645128,0.5534141410922784,-0.00944629274931941,0.6223952982935382,0.548273421036469,-0.025832396673374947,0.6255349526915932,0.017458202491705,35.316829912302715,35.31682991230268,3.4176242248173296,33.827045127460714,-0.21179676472125017,0.20599259768817296,0.018402270893448494,-1.2932055806285285,0.6365603567710094,0.972641755837859,-0.6257024676539888,-0.12532773486878734,0.12984229879675266,0.03436047451576586,-1.3236487701312978,0.5173510330547804,1.1051588613063879,-0.7394035527049428,0.004
4402.509337497,-0.11001040808037058,0.3267554083998939,0.34717521374236365,0.5530801325519246,-0.0051991628712366456,0.6201979142780338,0.548215681902263,-0.022073851544717013,0.6267612082292339,0.01874819525820388,41.206481005844715,41.2064810058447,3.85711798663933,38.61585247835203,-0.20320982165791496,0.19923281086241015,0.019626450488972644,-1.297386137330876,0.6242724627870799,0.9860935887090142,-0.637353785021181,-0.10532773486878733,0.10984229879675264,0.03817879469032832,-1.3396489986401907,0.49735103305478034,1.1251588613063879,-0.7594035527049429,0.004
4402.539157864,-0.11370310347847877,0.3259792060367632,0.3461182364851513,0.5525367908977331,-0.002614276092560909,0.6194580301979852,0.5478166538508883,-0.017606697403084758,0.628276477411436,0.018022691301513908,46.05460895396525,46.05460895396524,4.681749197070908,42.36562819911377,-0.1934870903849911,0.19109175556678976,0.021096571048439636,-1.3027615380776165,0.6112522483273772,1.0001792853542633,-0.6498096168901019,-0.08532773486878731,0.08984229879675262,0.042225979823745353,-1.359087915813994,0.4773510330547803,1.1451588613063879,-0.7794035527049429,0.004
4402.568639895,-0.11596741958740371,0.32564742975095895,0.34564970712056114,0.5523045474976701,-0.0010292548163134511,0.6191300596427721,0.5470793793055475,-0.012479157736310337,0.6299523498378857,0.016598934441119255,49.49276430150546,49.49276430150543,5.793729204897232,44.70101793915639,-0.18273538310076787,0.1817026400706409,0.022846415324758923,-1.3094630018233047,0.5975691248497841,1.0148348127108757,-0.6629924226472581,-0.06532773486878729,0.0698422987967526,0.04615044417306337,-1.379087915813994,0.4573510330547803,1.165158861306388,-0.7994035527049429,0.004
4402.596946717,-0.11618620792892359,0.3257246009662087,0.3451517576923038,0.5523585673483449,-0.0008761029772495349,0.618781495042992,0.5460204251344152,-0.00675999902926204,0.6317165978564463,0.015559857463020677,52.605381247294694,52.60538124729468,7.107907217047004,46.738013703483674,-0.17104139841826457,0.1712271681260695,0.024844088307094867,-1.317419442114086,0.5832846121946955,1.0300009528490508,-0.6768321807503991,-0.04532773486878727,0.04984229879675259,0.04964930110401817,-1.399087915813994,0.4373510330547803,1.185158861306388,-0.8194035527049429,0.004
4402.625877813,-0.11544905680595342,0.3260157555593346,0.34461197478427635,0.552562375563533,-0.0013921087633286498,0.6184036470073727,0.5446494834160376,-0.0005361584106830658,0.6335382318092603,0.0170997710589825,55.5792343710527,55.579234371052664,8.570672882427628,48.6839613207008,-0.1584907544471299,0.1597909093125089,0.027022834986999554,-1.3265231022963817,0.568456078613743,1.0456274252297473,-0.6912656281874762,-0.025327734868787262,0.029842298796752573,0.05251934303625353,-1.419087915813994,0.4173510330547803,1.205158861306388,-0.8394035527049429,0.004
4402.653173166,-0.11568611887553962,0.32616791686373864,0.3443402519915676,0.5526688884766159,-0.0012261653146183153,0.6182134410524767,0.5429715056401018,0.006098994578905101,0.6354006634703353,0.021049888735680884,57.838823221433934,57.83882322143387,10.149612922078365,49.91785539586589,-0.14516730535588443,0.14749514957069237,0.029305388295584465,-1.3366685670865681,0.5531354895443122,1.0616697283865768,-0.7062284622371588,-0.0053277348687872615,0.009842298796752573,0.054837981673106086,-1.439087915813994,0.39735103305478026,1.225158861306388,-0.858578669622633,0.004
4402.681734487,-0.1148518115704277,0.3266213060569202,0.3437761157671601,0.552986260911843,-0.0018101804281966533,0.6178185456953914,0.5409906017589958,0.013057531868909733,0.6372933576800254,0.027280267764405418,60.41943124559389,60.419431245593856,11.819581556680228,51.52582976855369,-0.13115167998189806,0.13442683178391437,0.031626604841896826,-1.3477575413897833,0.5373695499382595,1.0780881871322008,-0.7214281337481109,0.014672265131212739,-0.010157701203247427,0.05667405990865959,-1.459087915813994,0.37735103305478024,1.245158861306388,-0.8725488286444958,0.004
4402.710055413,-0.11462621351199212,0.3269759026734257,0.3438004092584103,0.5532344785433968,-0.001968099069101562,0.6178355511392666,0.5387114327576837,0.02026146610966805,0.6392086865289628,0.03408640995055608,62.534380777239434,62.53438077723933,13.550838349835091,52.68004062363982,-0.1165165964624282,0.12066263808230261,0.03393295953664992,-1.3597001211095565,0.5212005922504601,1.09484697379081,-0.7363056185895123,0.03467226513121274,-0.030157701203247428,0.05811978723938481,-1.479087915813994,0.3573510330547802,1.265158861306388,-0.8809235572696461,0.004
4402.737102451,-0.11443261722939413,0.32708213346307197,0.34280206473728164,0.5533088400961492,-0.002103616466920158,0.6171367099744764,0.5361396635368506,0.02764331151376857,0.6411406325056538,0.04190284769434428,64.40936951927479,64.40936951927473,15.316555188413831,53.59263141350832,-0.10132879554742047,0.10627115415163593,0.03618657614457355,-1.3724146531034946,0.5046667749090005,1.1119138160886326,-0.7503754111835015,0.05467226513121276,-0.050157701203247446,0.059267865695291445,-1.499087915813994,0.3373510330547802,1.285158861306388,-0.8841244999974877,0.004
4402.76628174,-0.11400777430813734,0.3274258388304686,0.3432714350567554,0.5535494338533269,-0.0024010065117999087,0.6174652691981081,0.5332819805269687,0.03514469512880481,0.6430842766711681,0.04976728764887754,65.37117202204942,65.37117202204938,17.09376802518629,53.64086065990216,-0.08565418748100158,0.09131383525700411,0.03836098923066204,-1.3858272925946196,0.4878032611644421,1.1292590317055795,-0.7632131572867367,0.07374090660615347,-0.07015770120324746,0.0600217519028082,-1.519087915813994,0.3173510330547802,1.305158861306388,-0.8821243170296225,0.004
4402.795650852,-0.11386056256074009,0.32736816732509255,0.3426237169134173,0.5535090637995637,-0.0025040547349779833,0.6170118664977714,0.5301483405256174,0.042676131916330615,0.6450362111444872,0.05807182234618511,65.82997969733051,65.82997969733046,18.860345188199084,53.13543520042227,-0.06968782107972754,0.07584410491468191,0.04046955323728867,-1.399872004229027,0.4706460870970286,1.1468524750134246,-0.7744459680243185,0.08951857858975415,-0.09015770120324748,0.06028420759640458,-1.539087915813994,0.29735103305478017,1.325158861306388,-0.8753327870905692,0.004
4402.824322595,-0.11386134885375954,0.32726565266427143,0.342430402361454,0.5534373035369888,-0.002503504329864372,0.6168765463113971,0.5267599799516414,0.05006359407349667,0.6469947668601485,0.06619733104324681,65.84177902541462,65.8417790254146,20.59389029232816,52.15503770901191,-0.05376269974863606,0.059908141611615666,0.04250606783892507,-1.4144881872388124,0.4532270818869383,1.164667657061814,-0.7838231731628666,0.10163945611059269,-0.1101577012032475,0.05999099650603182,-1.559087915813994,0.27735103305478015,1.345158861306388,-0.8647542816545604,0.004
4402.852782467,-0.11464594390830526,0.3271158069193282,0.34235662371961395,0.5533324115155286,-0.001954287791682361,0.6168249012621091,0.5231513346395726,0.05709992812006558,0.648958753012739,0.0736945197872621,66.0795652670515,66.07956526705142,22.2743044625749,51.32963719033694,-0.038226632651184644,0.0435478059719889,0.044429160634461354,-1.4296199236779474,0.43557164045888386,1.1826832431403906,-0.7911762507323349,0.11028955419505482,-0.13015770120324752,0.05931288921229337,-1.579087915813994,0.25735103305478013,1.365158861306388,-0.8514411332569847,0.004
4402.880748628,-0.11502196126734995,0.32711607902781215,0.3423299192595934,0.5533326019914673,-0.001691075640351078,0.6168062081400947,0.5193677345414937,0.06359476664464067,0.6509252746504953,0.08111697802122708,66.1593720658504,66.15937206585036,23.88788226740462,50.30918088905486,-0.02339351585473376,0.026815378569794723,0.04619511270168104,-1.4452093099332082,0.4177017215848461,1.2008812996016345,-0.796448648842006,0.11543669116840335,-0.1488332841032977,0.058179620508441714,-1.5990879158139941,0.23735103305478011,1.385158861306388,-0.8356808094096985,0.004
4402.908508774,-0.11576771876802414,0.32706840774525026,0.3428095446460783,0.553299232093674,-0.0011690453898791538,0.6171419459106341,0.5154879681080975,0.06938379032941153,0.6528590992521802,0.08765334765451743,66.29859137292952,66.29859137292945,25.423050333097663,49.30114786335766,-0.009541875530822573,0.009867735464651492,0.04776425172725073,-1.4611737987630407,0.399639531553638,1.2192476275419533,-0.7996253627314642,0.1172659511892174,-0.16489881665364933,0.05668884651672879,-1.6190879158139941,0.2173510330547801,1.4051588613063881,-0.818057976828063,0.004
4402.938515483,-0.11664555961112134,0.3267721403304523,0.34225241611525364,0.5530918449033154,-0.0005545567997111076,0.6167519559390569,0.511626527347516,0.07433442102051542,0.6546689771948613,0.09362388616093006,66.37029289095742,66.37029289095737,26.86951636130782,48.11413959832523,0.0030934034564176075,-0.007054844317583601,0.049104510666668384,-1.4774550135198634,0.3814031441371226,1.237769876745746,-0.8007532025571416,0.11605335624450278,-0.17830372206547065,0.05497432721725436,-1.6390879158139942,0.19735103305478008,1.4251588613063881,-0.7992915830686083,0.004
4402.96706981,-0.1168142803715968,0.3268809877054834,0.34278079900934694,0.5531680380658373,-0.00043645226737828655,0.6171218239649222,0.5079040362652865,0.0783522348985333,0.6562428125265666,0.09892895850239432,66.35546563624635,66.3554656362463,28.220793224580543,46.8667652092213,0.014325423998296312,-0.023698671275478086,0.050195497195578344,-1.494019468041456,0.3630072650043688,1.2564354562000157,-0.7999308124827419,0.11197704196629915,-0.18897303939669327,0.053021454466317126,-1.6590879158139942,0.17735103305478006,1.4451588613063882,-0.77959274686293,0.004
4402.996418269,-0.11710892979861863,0.32658346287274004,0.3422770078076717,0.5529597706829168,-0.00023019766846300513,0.6167691701237494,0.5044363619686562,0.08137339379709613,0.6574681636301297,0.10329605706783511,66.2619836820417,66.26198368204165,29.47383372743035,45.49005390973844,0.02400754130582867,-0.039814719181837474,0.05102130941344146,-1.510842414797933,0.34446528735711923,1.2752320901825598,-0.797272791991065,0.10526133871985838,-0.19675955641186332,0.05081808587894425,-1.6790879158139942,0.15735103305478004,1.4651588613063882,-0.75959274686293,0.004
4403.02382677,-0.11636315576103466,0.3267500764856788,0.3423273691019582,0.553076400211974,-0.0007522394947717843,0.61680442302975,0.5013311291686477,0.0833578836453539,0.6582365988969212,0.10709206827343755,66.11030253673658,66.11030253673655,30.62991999257652,44.08137565775644,0.03203207714113927,-0.05516242182246517,0.05156717453189497,-1.5279036809676514,0.3257892175748722,1.2941485292899721,-0.7929442937645557,0.09615478953953484,-0.20157388940701043,0.048327565478972004,-1.6990879158139942,0.13735103305478003,1.4851588613063882,-0.73959274686293,0.004
4403.051647936,-0.11628709827137312,0.32683377492799903,0.3425694220309163,0.5531349891215982,-0.0008054797375348609,0.6169738600800208,0.4986823612282922,0.08428847076182015,0.6584467458989404,0.10920654446608351,65.92303153146233,65.92303153146224,31.693262345462408,42.54090719820476,0.038332642385803535,-0.06951743808544464,0.05182148054284565,-1.5451876930410333,0.30698964377026133,1.313174451446469,-0.7871061316803492,0.0851225113699859,-0.20353901840620955,0.04570509607920118,-1.7190879158139942,0.11735103305478001,1.5051588613063882,-0.71959274686293,0.004
4403.080713803,-0.11634222203091223,0.3267994794154139,0.34264076756032114,0.5531109822627885,-0.0007668931058574906,0.6170238019506041,0.49656314516947314,0.08417745087506565,0.6580087770866784,0.10996803008686731,65.65623144409925,65.6562314440992,32.670921670878535,40.83333407022783,0.04290752662134963,-0.08268236755442492,0.05177637489928766,-1.5626832153041912,0.28807526310648734,1.3323005877739815,-0.7799035995145209,0.07254874120923464,-0.20269340513987424,0.04298643461012261,-1.7390879158139942,0.09735103305477999,1.5251588613063882,-0.6995927468629299,0.004
4403.108724841,-0.11635845595649452,0.3268580688321433,0.34292888953909767,0.5531519948544992,-0.0007555293579498829,0.6172254873357477,0.4950235307333773,0.08307031723961109,0.6568450875682534,0.10943218731918845,65.29024911942425,65.29024911942419,33.57270523795504,39.01206712421462,0.04579095569231406,-0.09448372893973728,0.051446493373050316,-1.5803789429548156,0.2690559292323408,1.351517519378016,-0.7714681021985748,0.05883836911457331,-0.19915098265184014,0.04018341605976666,-1.7590879158139943,0.07735103305477997,1.5451588613063882,-0.6795927468629299,0.004
4403.136910326,-0.11625780505489575,0.3272039025601041,0.344204428720132,0.5533940784640717,-0.0008259849890690264,0.6181183647624717,0.49409522278393736,0.08100688251100607,0.6548905092847542,0.10754144829332495,64.62775195658139,64.62775195658128,34.409113744293414,36.942244021345715,0.047019147268022005,-0.10477518439814262,0.05084599011653292,-1.5982599522639145,0.2499401672785362,1.3708160089448453,-0.7619183737557694,0.044323557506387994,-0.1929892242506873,0.037246301100623644,-1.7783019792224988,0.057351033054779954,1.5651588613063883,-0.6595927468629299,0.004
4404.819114027,-0.09382676268995677,0.3182400304615284,0.32288381263505234,0.5539107404066275,-0.001107843792277788,0.6182524447460369,0.49314246591390487,0.04144377598032516,0.6162372584678046,0.07421242824373173,0.27793453545048774,0.2779345354504871,20.973347517750597,20.98661989905129,0.03540986455192092,-0.1831548768754276,0.03553284574690523,-1.7930848028441588,0.04536321190749982,1.5759756016860083,-0.647759864107162,0.030943365784850352,-0.18004601453699712,0.03509237589690112,-1.7806936009291567,0.037351033054779936,1.5851588613063883,-0.6421092957003184,0.004
4404.846781028,-0.09311725902386402,0.32113787638734226,0.3230269608266387,0.5559392325546972,-0.0016044963585427133,0.6183526484801474,0.4935279177844711,0.041196684423194414,0.6163735491367578,0.07570356743159598,1.037860401880822,1.0378604018808213,20.866601698213547,21.193078644298048,0.03479464804686884,-0.18209285403408437,0.0356873559997915,-1.7918313873137122,0.04390652278036076,1.5774061392322607,-0.646743737928037,0.01982807912179952,-0.1600460145369971,0.034191707896738095,-1.7619708086005796,0.017351033054779932,1.6051588613063883,-0.628637393881435,0.004
4404.874534194,-0.09277175429313358,0.32434353501761093,0.32050027389650665,0.5581831935958853,-0.001846349670054015,0.616583967629055,0.4947160926126127,0.040355691992989946,0.6166630143495827,0.07621739615162834,1.319753220617313,1.319753220617311,20.58150529742114,21.26938726068123,0.03323800583907177,-0.17931687998751053,0.03583937044742898,-1.7888267754684903,0.04067031487797106,1.5806512129810324,-0.6445358018552934,0.008810532093093303,-0.14004601453699708,0.03324197372289099,-1.7436529743486906,-0.002648966945220068,1.6251588613063883,-0.6153784735026733,0.004
4404.90375857,-0.09262828322432473,0.3278869411530838,0.3210081063132333,0.5606635778907163,-0.0019467794182202124,0.6169394503207636,0.49667566034378025,0.03886058520659484,0.6169839312123072,0.07589266485086557,2.419289168108864,2.4192891681088633,20.141670974157243,21.315414116476028,0.030777669227907707,-0.17488342798284257,0.03588116367281788,-1.7843261736008726,0.03581842719953582,1.5855220096076283,-0.6412890623436448,-0.0018020493973268542,-0.12004601453699706,0.032251636284955795,-1.725975049622191,-0.02264896694522007,1.6451588613063883,-0.6029830639743581,0.004
4404.931072406,-0.09216961846937488,0.33208422647267066,0.3200107945651261,0.563601677614427,-0.0022678447466851076,0.6162413320970885,0.4993301177748634,0.03675163042804018,0.6172701373365346,0.07519581961347534,3.3018880527500776,3.3018880527500754,19.57046185999471,21.310439362479958,0.02752753886023433,-0.16892841310990173,0.03578841107753963,-1.7785687747649672,0.029504625674496042,1.5918589890002826,-0.6372096080826142,-0.011796908590318433,-0.10004601453699705,0.031226995207998088,-1.7092922599766431,-0.04264896694522008,1.6651588613063883,-0.5920793058844397,0.004
4404.958083582,-0.09301512956159871,0.3363208149280803,0.31955329662048854,0.5665672895332138,-0.0016759869821284246,0.6159210835358423,0.5025983880698357,0.03409827998635425,0.6174717304011959,0.07330909245969885,4.503155363477684,4.503155363477679,18.890585403499752,21.445790434397548,0.0236246030773235,-0.1615945567110604,0.03556405868017769,-1.7717752752082665,0.021869203963521447,1.5995201770051395,-0.6325389630783873,-0.02087500326528121,-0.08004601453699703,0.030398519747834828,-1.693788733823329,-0.0626489669452201,1.6851588613063884,-0.5830888634320104,0.004
4404.986842261,-0.09304886855440891,0.3409968583422555,0.3194143987089929,0.5698405199231364,-0.0016523696871612841,0.6158238549977954,0.5064010097803544,0.03098884750717638,0.6175387803606944,0.07136498774668419,5.7951224043992635,5.795122404399259,18.123945260069657,21.72758160191232,0.019219134638199346,-0.15301902623056543,0.035234813103203824,-1.7641668806214708,0.01303920473834308,1.6083784564788801,-0.6275188262789072,-0.028881727123831354,-0.06004601453699701,0.029922987455192528,-1.6796928739845578,-0.08264896694522011,1.7051588613063884,-0.5758823892521076,0.004
4405.016796697,-0.09381456628264652,0.34631036659073877,0.31901116430827064,0.5735599756970747,-0.0011163812773949608,0.6155415909172898,0.5106638337072363,0.027525229129350966,0.6174169560118976,0.06913597846371888,6.879404327221404,6.879404327221399,17.29084260618452,21.709310067563205,0.014462501377260817,-0.14332468998399514,0.0348432957583154,-1.7559553957579344,0.0031297798176091094,1.6183179382120114,-0.6223389828159342,-0.03580177121734555,-0.04004601453699699,0.02972479616766284,-1.6668062360625673,-0.10264896694522013,1.7251588613063884,-0.5700044980115655,0.004
4405.044379636,-0.09339382424142834,0.351104125417643,0.31723919657106836,0.5769156068759077,-0.001410900706247689,0.6143012135012481,0.5153223997550025,0.02381233164518173,0.6170599975201809,0.06661490451059765,7.347126537988268,7.347126537988262,16.408178186528936,21.346639171010032,0.00949008674816736,-0.13261599786076278,0.034449710154167604,-1.7473098938947749,-0.007755314753305506,1.6292324095195045,-0.617129716462197,-0.04165004541515963,-0.020046014536996986,0.029774218122535,-1.6548132932334434,-0.12264896694522015,1.7451588613063884,-0.5650973388818076,0.004
4405.071329143,-0.09369343548310093,0.3561704518255389,0.3170780915408183,0.5804620353614348,-0.0012011728370768763,0.6141884399800731,0.5203216908489703,0.01995157150322626,0.6164378323108104,0.06379153076280368,7.824666972305037,7.824666972305031,15.489310349011589,20.736264580907513,0.004438788612514605,-0.1209863257262058,0.03408878634685205,-1.738355333257009,-0.01952142758676569,1.6410260461683561,-0.6119757711077067,-0.0463874678396887,-4.6014536996985544e-05,0.030109186797904093,-1.6432410725426077,-0.14264896694522017,1.7651588613063884,-0.5610927986983567,0.004
4405.09932618,-0.09373400114034314,0.36243070940393085,0.31648239617187857,0.5848442156663092,-0.0011727768770073282,0.6137714532218153,0.525617532409849,0.016017356745594048,0.615542636873052,0.06169633534538628,8.168485147437204,8.168485147437194,14.543830382979428,20.23357827006045,-0.0005714085957377547,-0.10851370022558823,0.033763298894661294,-1.7291473599577343,-0.032083607922904316,1.6536107062771852,-0.6069733952074206,-0.05001908878543355,0.019953985463003015,0.030709489378307815,-1.6313975186997933,-0.16264896694522019,1.7851588613063885,-0.5579842529311058,0.004
4405.128908668,-0.09405493221218936,0.3690927043443957,0.31617542692899747,0.5895076121246345,-0.0009481251267149743,0.6135565747517985,0.5311736302827533,0.012083682513577294,0.6143931922397788,0.0597777665752385,8.402741967341193,8.402741967341186,13.577170542760772,19.609360073090524,-0.005443126089032384,-0.09527134105484122,0.03349677280864234,-1.7196889353238893,-0.04536528901588305,1.6669082626561689,-0.602161836606697,-0.05261438100551331,0.03995398546300302,0.03163858501647371,-1.6189922952130154,-0.1826489669452202,1.8051588613063885,-0.5552798233110651,0.004
4405.156553825,-0.09465570319248227,0.37621450489006825,0.31503414607712676,0.5944928725066054,-0.0005275854405099326,0.612757678155489,0.5369601566788809,0.008226059264080147,0.6130269583577607,0.05819546544152081,8.393947896509022,8.393947896509015,12.591701566215875,18.807147996567227,-0.01008661319958349,-0.08132381227367261,0.03331810230085561,-1.7099321024650993,-0.05929737232528198,1.680847076701911,-0.5975847318978943,-0.054079265637957674,0.05995398546300304,0.0330103231345658,-1.6052638849778083,-0.20264896694522022,1.8251588613063885,-0.5534576447541855,0.004
4405.184682627,-0.09478812440950313,0.38356540453121984,0.31386768035182083,0.5996385022554115,-0.0004348905885953353,0.6119411521477749,0.5429551138294287,0.004522399156072564,0.6115076100431251,0.056901398961887825,8.43709765858705,8.437097658587042,11.586513747818259,17.97703790924848,-0.014418247022563127,-0.06673019917311417,0.0332610382930357,-1.6997751076082879,-0.07381720647830867,1.6953633151579774,-0.5933107238527731,-0.05451411453111807,0.07995398546300306,0.034769935186905306,-1.5899826354065096,-0.22264896694522024,1.8451588613063885,-0.5527729389543761,0.004
4405.212553635,-0.09547764218280795,0.3915761972940898,0.312168201142389,0.6052460571894205,4.77718527180412e-05,0.6107515167011726,0.549139103689574,0.001045980291919154,0.6099072809790548,0.05612218264711852,8.560057476452487,8.56005747645248,10.558626096355859,17.27563247593275,-0.018365936108247348,-0.05155429200055298,0.033356207836221584,-1.6891181211204853,-0.08886764609386029,1.7104017620075174,-0.5894403736169205,-0.05390108077360326,0.09995398546300308,0.03698183789364157,-1.5735207133686124,-0.24264896694522026,1.8651588613063885,-0.5536448683291355,0.004
4405.242473625,-0.09595813406260502,0.3982834454295544,0.31127327284978196,0.6099411308842457,0.0003841161685759888,0.6101250668963476,0.5554931152480613,-0.0021348132574149203,0.6082855631997821,0.054537282532419795,8.799168599531251,8.79916859953124,9.504840340113118,16.575642912070606,-0.021869192509993807,-0.035859454245917875,0.03363349505897374,-1.6778917585269044,-0.10439702344183603,1.7259129327051144,-0.5860700226979124,-0.05243192365675042,0.1199539854630031,0.03952570831053848,-1.5559653290131257,-0.2626489669452203,1.8851588613063885,-0.5558745605946444,0.004
4405.269723454,-0.09563831721802185,0.4061150944534744,0.3110386572653629,0.6154232852009897,0.0001602443773677713,0.6099608359872544,0.5620011814354728,-0.004967985883285713,0.6066925746754679,0.05376710377491099,9.05332769389747,9.053327693897462,8.422035157332855,15.750226386915546,-0.024883009137092866,-0.0197020659188802,0.03409755711775835,-1.6660413743502773,-0.12035817899856315,1.7418522690932436,-0.583275845474533,-0.05035370554744864,0.1399539854630031,0.0421847918858084,-1.537278878322756,-0.2826489669452203,1.9051588613063886,-0.559754544105355,0.004
4405.295969484,-0.09585883293282017,0.4126936578413451,0.3097903271136492,0.6200282795724992,0.0003146053777265969,0.6090870048810547,0.5686491975732931,-0.007434274865950179,0.605171669844885,0.05210743767023515,9.267043358767516,9.26704335876751,7.308275704912762,14.963950244700097,-0.027395243413765185,-0.0031302600036300365,0.03473179227963666,-1.6535160720842554,-0.136708941430388,1.7581787883458637,-0.581178823024739,-0.04784768375680911,0.15995398546300313,0.0448968565830548,-1.5176809237286142,-0.3025152801264842,1.9251588613063886,-0.565043080894798,0.004
4405.325673847,-0.09537430189530177,0.4192987820431231,0.30953456855363426,0.6246518665137437,-2.4566348536284098e-05,0.6089079738890443,0.5754217427583423,-0.009510487017272992,0.6037529305444755,0.05040002229949985,9.57161156477109,9.571611564771084,6.16690319279889,14.196429051034563,-0.02942140344264791,0.013805364672645374,0.0355551298862795,-1.6403072985315028,-0.15332174559134357,1.7748574577651872,-0.5798366670183571,-0.045065053048776206,0.17995398546300315,0.04764555756683648,-1.4977508280788632,-0.3197082873566011,1.9451588613063886,-0.571626263949577,0.004
4405.354291191,-0.09488030766821227,0.42421572379886824,0.30963651074730986,0.6280937257427653,-0.0003703623074989324,0.6089793334246172,0.5823008966358069,-0.011164386777107523,0.6024391192034754,0.04750019540936688,9.782920310026517,9.782920310026508,5.0170269892084685,13.358719316486011,-0.030979746261233954,0.031059627045466855,0.0365655883497289,-1.6264472649009016,-0.16987794251197538,1.7918560661866154,-0.5792903632967328,-0.04224402209794514,0.19995398546300316,0.050333889507794966,-1.4777513089274015,-0.3334872936087491,1.9651588613063886,-0.57895687364734,0.004
4405.381560717,-0.09459837589706102,0.42867775595744284,0.30810278090238974,0.6312171482537676,-0.0005677145473048095,0.6079057225331731,0.5892674650311104,-0.012383432400844161,0.6012141990373665,0.044092670565193386,9.854915789551024,9.85491578955101,3.8937305595071012,12.416681480705195,-0.032107947283270405,0.04859136461751664,0.03774949457817006,-1.6120015905780194,-0.18604715303971836,1.8091460007020557,-0.5795216000671667,-0.039451192109866695,0.21995398546300318,0.05301479162210548,-1.4584048829294385,-0.3440747826021144,1.9851588613063886,-0.5866320721535555,0.004
4405.411188653,-0.09382859981875138,0.4323004857455713,0.30794067927471913,0.6337530591054575,-0.001106557802121555,0.6077922513938037,0.59629651371063,-0.013173098911323605,0.600036677588222,0.0401091402589069,9.972773279674778,9.972773279674772,2.8680560828821355,11.531598621509456,-0.03286044056051049,0.06634507929025352,0.03909417024050659,-1.5971055219756065,-0.20156662070533712,1.8267016931213103,-0.5804614211541601,-0.03692093092457233,0.23874132760382333,0.05557257160740057,-1.4402880634395774,-0.35140271733091183,2.0051588613063887,-0.5940006810946032,0.004
4405.441012452,-0.09288038294202766,0.434577206685124,0.30847820798606546,0.6353467637631444,-0.0017703096158281611,0.608168521491746,0.6033375769252619,-0.013564224625954578,0.5988742409908874,0.03535630245539251,10.097860830148134,10.097860830148125,2.1119928518052205,10.671521150880524,-0.0333207368365737,0.08416864168921268,0.04057992729672894,-1.5819652419087775,-0.21616881759616838,1.8444941395555434,-0.5820010629791339,-0.03483232355162689,0.2546941161904526,0.057983424792704394,-1.4239572804582379,-0.35504564062497973,2.0251588613063887,-0.6008528779075091,0.004
4405.47028342,-0.09176064240403402,0.4354885701417759,0.30837428143884504,0.6359847181828007,-0.0025541279924237116,0.6080957729086918,0.6103069838040243,-0.013588777200507024,0.5977470126072897,0.029802791240894286,10.019705064448031,10.01970506444802,1.9558568834908143,9.663423149654118,-0.033541432390800846,0.10180012664946625,0.042170522844420064,-1.5668265324375439,-0.22959417831308776,1.8624969226323604,-0.5840299552036625,-0.03327439574457291,0.26723357664214403,0.06025784342848097,-1.4102165396449389,-0.35522818861508876,2.0451588613063887,-0.6069228964567152,0.004
4405.499683702,-0.09112445259203544,0.4354210752908829,0.3093935304374243,0.6359374717871756,-0.002999460860822714,0.6088092472076972,0.6171057667305507,-0.013280435460467302,0.5967024212079785,0.024635478275156667,10.062788938162877,10.062788938162875,2.4859578321775944,8.849709072769825,-0.03359307571196506,0.11892786785421577,0.043846414835667646,-1.5519661612651552,-0.2416137033260206,1.8806887374797416,-0.5864147491466701,-0.03246045109976987,0.27589748300999845,0.06235464779958102,-1.3995049362830925,-0.35160492977566,2.0651588613063887,-0.6121152276455623,0.004
4405.526856269,-0.08906873551761124,0.43583994310238994,0.3087172516649052,0.6362306792552306,-0.004438462812919655,0.608335852066934,0.62363191864765,-0.012688148476766787,0.595802826873743,0.019592416974242084,9.82880077365168,9.828800773651672,3.362844739002427,7.895466528592493,-0.03356109585141927,0.1352288688744822,0.045587521924514,-1.5376599546153447,-0.2520019936432156,1.8990501755506668,-0.589031712793326,-0.03242200401965543,0.28078411991788227,0.0642490893748539,-1.3919588787527402,-0.34472675548983855,2.0851588613063887,-0.6159823491044875,0.004
4405.555908536,-0.0883402635166762,0.4354474953003254,0.30919067025910246,0.6359559657937854,-0.0049483932135741815,0.6086672450828721,0.6297924215087329,-0.011870940329029845,0.5951166113649967,0.0164173874558508,9.801271553253068,9.801271553253061,4.353162795304574,7.189792970003071,-0.03351210591446395,0.15040457477240068,0.04736227121634823,-1.5241686964838896,-0.26066648845007445,1.917565640453446,-0.5916949936868867,-0.032884657946910416,0.28182081585301494,0.06596532002140582,-1.3880001102286472,-0.33615377502490945,2.105085640478716,-0.6177322737321296,0.00392677917232729
4405.585368287,-0.08722660104760153,0.4352178663617692,0.3089899163692082,0.635795225536796,-0.005727956941926449,0.608526717359946,0.6355011670510634,-0.010884610492549376,0.5946998696661746,0.014760056347485093,9.656945776849826,9.65694577684982,5.370603042789817,6.546329017250734,-0.03348297987441244,0.1641827626447051,0.04914130431173894,-1.5117499887255403,-0.2676714200396982,1.9361434369681982,-0.5941816673099687,-0.03384424554771021,0.2792553806483424,0.06744236287737805,-1.387547292563056,-0.3259956916555568,2.122313910957263,-0.6169480350003012,0.0031668719572050213
4405.614251758,-0.08661200247305714,0.43504105681659244,0.30879600195971996,0.6356714588551723,-0.006158175944107524,0.6083909772733043,0.6406681993958179,-0.009788739094656499,0.594576688514636,0.015132183541330863,9.574176874748655,9.574176874748645,6.370160277423339,5.97617990780547,-0.03353020860187598,0.17633667440606995,0.050909858480759636,-1.5006236438878646,-0.27299436087866036,1.9544597552058993,-0.5962864014258248,-0.03520410999743472,0.2733742436296839,0.06869020024447253,-1.390461725839323,-0.3147304215736859,2.135824363685213,-0.6139000764021745,0.002413757520836735
4405.642597197,-0.08637887026516036,0.43480954201361643,0.3084248319342494,0.6355093984930891,-0.006321368489635271,0.6081311582554749,0.6452190607146514,-0.00865161867777503,0.594751150863277,0.016695274906734267,9.47960992025369,9.479609920253681,7.322572174759598,5.370354063231621,-0.03369386924765677,0.18669394181673718,0.05264045324774581,-1.4909727443317176,-0.2767038417625214,1.9721835337562996,-0.5978379096309523,-0.036815807126770905,0.26458431039348795,0.06971209746176357,-1.3964824606951258,-0.3031517995026355,2.1456281355844284,-0.6092300161834103,0.0023312013508010976
4406.780170223,-0.08416895682168647,0.4306080838967965,0.2959591547114934,0.6350726576186474,-0.006763627018767115,0.6075007430977875,0.6806045982674145,0.002781232606158812,0.6054383199186855,0.04656732281194709,0.43945287682146345,0.43945287682146306,8.867242787377467,9.183773156688982,-0.037445999445691595,0.26679777762215745,0.0694492277585268,-1.4067307802761144,-0.2983140583783249,2.145253697890368,-0.6067829046233393,-0.0398181209488925,0.24835034954544777,0.07009080331583391,-1.4116750936772007,-0.2894231757017239,2.1364918623826052,-0.6015717736463514,0.004
4406.809461781,-0.08186280881871899,0.4289218348664958,0.2934850866017443,0.633892283297437,-0.008377930620844352,0.605768895420963,0.6802495278202739,0.0027048375796575527,0.6052727632950816,0.04766621463702027,2.0145074877057914,2.0145074877057865,8.745229614303257,10.362631603405998,-0.03769548859129698,0.2654614140204545,0.06951454573743109,-1.408458475462362,-0.297045247004745,2.143655497779176,-0.6058897477781049,-0.043375321858407694,0.22835034954544775,0.0694253680991373,-1.4316750936772007,-0.2752689612580444,2.1164918623826052,-0.5895717217117163,0.004
4406.837892407,-0.0799270489191212,0.426806557257203,0.29053330114846576,0.632411588970932,-0.009732962550562808,0.603702645603668,0.6793090500623556,0.002424432229958636,0.6050447326133146,0.04846622847109634,3.7016232525458213,3.701623252545819,8.453838374807546,11.517596028319367,-0.038223259290797736,0.2624193406539164,0.0695087105044496,-1.4120274633885448,-0.2945787038345797,2.1402694106562126,-0.6037904744561854,-0.0464217832275259,0.20835034954544773,0.06788775514658806,-1.4516750936772007,-0.2625058046651789,2.096491862382605,-0.5739819084677164,0.004
4406.865887587,-0.07928234777342896,0.42401161778690655,0.28698214115381676,0.6304551313417245,-0.01018425335254737,0.6012168336074137,0.6778031855146625,0.0019214474894433259,0.6048765819738121,0.04900795838376251,5.517567947356291,5.517567947356282,8.01216946053737,12.582262894561019,-0.03897680681338313,0.2577394028986371,0.06936813466494623,-1.4171985176972688,-0.2912035429328842,2.1352770458038433,-0.6002953606145522,-0.04852165062233337,0.18835034954544772,0.06548528726019341,-1.4716750936772007,-0.25259778571826014,2.076491862382605,-0.555578723008831,0.004
4406.895525096,-0.07912766297162468,0.42074096505502273,0.28302863837255704,0.6281656744294057,-0.010292532713810365,0.598449381660532,0.6757693699284026,0.001204523272614555,0.6048054729222434,0.04938313495155417,7.52652396232086,7.5265239623208515,7.442372153996741,13.767828647021734,-0.039829038224395145,0.25154459773015203,0.06897556836769048,-1.4237917496870454,-0.28734028747676743,2.128838110189802,-0.5952918398278106,-0.0492870268415904,0.1683503495454477,0.062213855445190716,-1.4916750936772007,-0.24688325140465875,2.056491862382605,-0.5356451369114383,0.004
4406.922809413,-0.07939062028791198,0.41693765046824227,0.2787337203230988,0.6255033542186594,-0.01010846259240926,0.5954429390259112,0.6732474025267268,0.00029320555130589454,0.6048346380864621,0.04975834462940864,9.781314695280038,9.78131469528003,6.77344042995652,15.10577300510519,-0.04065304776936131,0.24397060540211513,0.06825293438560756,-1.4316607735945073,-0.2834499416111374,2.1210930720363153,-0.588845380001449,-0.04859167888240514,0.14835034954544768,0.05819371532078627,-1.5116750936772008,-0.24574909924280836,2.036491862382605,-0.5156451369114383,0.004
4406.950974182,-0.07945793882474768,0.4135408498387969,0.27520312268596314,0.6231255937780477,-0.01006133961662427,0.5929715206799162,0.6702748996491317,-0.0007785850642102674,0.6049547650443472,0.04952600046140479,11.758489099680986,11.758489099680979,6.039999083150853,16.208387604504964,-0.04134577338483764,0.2351490167288186,0.06716796173574364,-1.4406805438441594,-0.27998220078257785,2.112168397648044,-0.5810930363368338,-0.046490526785584116,0.12835034954544766,0.053602450795227366,-1.5316750936772008,-0.24926267180134193,2.016491862382605,-0.4956451369114383,0.004
4406.979811147,-0.07935212560135986,0.4089037190604627,0.2707710850918081,0.6198796022332137,-0.010135408872995744,0.5898690943640077,0.6668862036078628,-0.0019633235821152305,0.6051518144512369,0.05009955173513217,14.376640962744064,14.376640962744052,5.280314800631965,17.958594022868844,-0.04177119848145055,0.22520281865358222,0.06568732672009724,-1.4507401991761286,-0.2772827479359549,2.1021770230661603,-0.572160554292244,-0.043006225357906214,0.10835034954544764,0.04857949950322262,-1.5516750936772008,-0.25738031609772566,1.9964918623826051,-0.4756451369114383,0.004
4407.006576797,-0.07892714418005348,0.40422320331083844,0.2665472233021555,0.6166032412084768,-0.010432895867910212,0.5869123911112508,0.6631125525731268,-0.003200004375500193,0.6054133778383549,0.050573879353194066,16.995030438284125,16.995030438284108,4.547584064457396,19.722564119360246,-0.04180859802746979,0.21424327436912263,0.06381579526986246,-1.4617406710374659,-0.2757779857875176,2.0912218842441197,-0.5621616364379333,-0.038227944135128665,0.08835034954544763,0.04327365694054977,-1.5716750936772008,-0.2699167648123493,1.976491862382605,-0.45564513691143826,0.004
4407.033614507,-0.07900733591740959,0.39921511427278233,0.2625290701402535,0.6130975788818375,-0.010376761651760932,0.5840996838979194,0.6589822572095557,-0.0044373806921070465,0.6057273257744694,0.05107283861860798,19.629114338488137,19.62911433848811,3.915887756564383,21.522531089796193,-0.04137372385609002,0.20237149100658497,0.0615825000581442,-1.4735935388201593,-0.2757525559476063,2.0793958090438593,-0.5511990956643452,-0.03241229139402989,0.06835034954544761,0.03801946236688302,-1.5916750936772008,-0.2859767730737452,1.956491862382605,-0.43564513691143825,0.004
4407.060816612,-0.07769984418584121,0.3945935968631427,0.2589886025345227,0.6098625166950897,-0.0112920058638588,0.5816213565739079,0.6545210599026626,-0.00563007516256377,0.6060821510682604,0.05123254247042466,22.141164837694074,22.14116483769405,3.490240180218961,23.159265307542505,-0.040415567120399454,0.1896788257058511,0.05904081600520623,-1.4862188335657704,-0.2773674388117812,2.0667826038310992,-0.5393658213928714,-0.025906899536890397,0.04835034954544759,0.032969928434079664,-1.6116750936772009,-0.30445620779881644,1.936491862382605,-0.41564513691143823,0.004
4407.088037871,-0.07722206257496052,0.3887878540660892,0.25706626713711,0.6057984967371522,-0.011626452991475283,0.580275721795719,0.6497523780709131,-0.006742825359656843,0.6064672698346243,0.05139835300690947,24.644492097495675,24.64449209749566,3.3892305688448223,24.75556015169741,-0.03891628903798733,0.17624772633415256,0.05625559212805898,-1.4995439412665545,-0.28066754860558196,2.053458237937373,-0.5267457647251009,-0.018900720319317797,0.028545092504905622,0.02834705585410938,-1.6316750936772009,-0.32433778433647176,1.916491862382605,-0.3956451369114382,0.004
4407.116080912,-0.07671445851642297,0.3820220251454651,0.2542654397708828,0.6010624164927154,-0.011981775832451564,0.5783151426393599,0.6447045679767542,-0.007746435326824827,0.6068657214783179,0.05232314064918073,27.673339867270116,27.673339867270094,3.669144387169444,26.809336877077648,-0.03687659271296721,0.1621929454245927,0.053299085621485165,-1.5134731614748134,-0.28557324867214307,2.039492644034177,-0.5134147266672574,-0.011375845432268702,0.010444247466155876,0.02421426315637012,-1.6505584735992542,-0.3443377843364718,1.896491862382605,-0.3756451369114382,0.004
4407.143859417,-0.0772103898984254,0.3753873970226334,0.25198769123658943,0.5964181768067333,-0.011634623865049869,0.5767207186653546,0.6394410149754167,-0.008609636943927843,0.6072517561444851,0.0528418338015796,30.482608695689272,30.482608695689247,4.275986300780474,28.61209597009816,-0.03429889525789609,0.14774951475991252,0.05024418459288292,-1.527761293711739,-0.2919340226224873,2.024945818337857,-0.49944116865312327,-0.003395918650925131,-0.005346644051529499,0.02076596764514462,-1.6664435939018984,-0.3643377843364718,1.876491862382605,-0.3556451369114382,0.004
4407.1731329,-0.07759549123411191,0.3686069855708075,0.2518558080452324,0.5916718887904551,-0.011365052930069307,0.5766284004314046,0.6340449190220916,-0.009301416377166697,0.60762107411686,0.052538348936817324,32.85856172064818,32.858561720648154,5.108881727900452,29.950319766822677,-0.03119013601108688,0.13318002148642175,0.0471684261809397,-1.542094239495271,-0.29960989151095674,2.00987219388629,-0.4848869824219372,0.0050529095635468285,-0.019164423354456686,0.018138685293600184,-1.6793532460751603,-0.3843377843364718,1.856491862382605,-0.33564513691143816,0.004
4407.202843916,-0.07821621387869031,0.36094235572021244,0.2516113534565257,0.5863066478950386,-0.01093054707886443,0.57645728221931,0.6285888551888406,-0.00978755886027994,0.6079856495224242,0.05275537338038599,35.57875216105638,35.578752161056336,6.083762358241791,31.62310105635083,-0.027561363696296505,0.1186979699289172,0.04415572730292865,-1.556190556725969,-0.3084745060142987,1.9943204170018611,-0.4698081149623272,0.013849862133732007,-0.031160403886875146,0.016470106421584273,-1.6892062768576683,-0.40433778433647183,1.836491862382605,-0.31564513691143814,0.004
4407.229912581,-0.07912484761375409,0.35610727903629164,0.2533385321684706,0.582922094216294,-0.010294503464319784,0.5776663073176714,0.6231389545965534,-0.010035884006634698,0.6083752890982261,0.05060142591733569,36.78637453756111,36.78637453756107,7.145553431470507,31.776463961863225,-0.023441565199266955,0.10449527037913534,0.041298502758509464,-1.5697718959875204,-0.3184133520617045,1.9783360385338422,-0.45425513269027074,0.02254500331878718,-0.04082836059638297,0.015788194570162038,-1.6957684452611779,-0.42433778433647185,1.816491862382605,-0.2956451369114381,0.004
4407.259880252,-0.08043397066049185,0.35079839728198264,0.2543700762995807,0.5792058769882777,-0.00937811733160335,0.5783883882094485,0.6177625180234543,-0.01002833083653246,0.6088188372222089,0.049122800944527374,38.326324804219006,38.32632480421898,8.260465268387625,32.281301584342074,-0.018883574672409132,0.09076155337911652,0.03868681011316034,-1.5825740545889937,-0.3293226895435621,1.9619615165283617,-0.4382737307621226,0.031121299123787843,-0.04832383831567802,0.016165377580760604,-1.6991909911159728,-0.44433778433647186,1.796491862382605,-0.2756451369114381,0.004
4407.28848779,-0.08130188241353307,0.3458477505223595,0.2561209180718993,0.5757404242565415,-0.008770579104474492,0.5796139774500715,0.6125218457565996,-0.009754335234308211,0.6093401794372723,0.04730209116172122,39.62450784408488,39.62450784408485,9.4075149320426,32.583579020328436,-0.013942986585756463,0.07766926845792467,0.03639916257834243,-1.5943672684798291,-0.34110878178108694,1.9452349782537217,-0.42190518725978204,0.0394660281274991,-0.053546889807465706,0.017534845921650884,-1.6994830421133094,-0.4643377843364719,1.776491862382605,-0.2556451369114381,0.004
4407.318297612,-0.08269676631425314,0.34134210497055567,0.2581077604525326,0.5725864723702788,-0.007794160373970446,0.5810047671165148,0.6074748010705807,-0.00921009681977391,0.6099590280881411,0.045360220280901434,40.647384811001224,40.64738481100118,10.573403488610547,32.64590746567289,-0.00867970162580665,0.06537618395215229,0.03450079119874573,-1.604950337964519,-0.35368689514215784,1.928190945017949,-0.4051944411337776,0.04746005492718079,-0.056544516257438185,0.019766553780361223,-1.6968144328902812,-0.4843377843364719,1.756491862382605,-0.23639501941927013,0.004
4407.345972444,-0.08329889029932878,0.33702046663697904,0.2596060538911388,0.5695613255367752,-0.007372673584417497,0.5820535725235392,0.6026728658670928,-0.008402698447200829,0.6106897832555586,0.043788898357378474,41.78899450188414,41.788994501884105,11.74603730605716,32.855230309315026,-0.0031565045311118924,0.0540221332910118,0.033038490259579875,-1.61415915238591,-0.36698032645204787,1.9108611308148415,-0.3883624446540345,0.05504075353694747,-0.057297133547026195,0.022721796475437386,-1.6914166550077008,-0.5043377843364719,1.736491862382605,-0.22060626525975086,0.004
4407.372474336,-0.08359067045559268,0.33360729694728075,0.2608756239940647,0.5671721067539864,-0.007168427475032769,0.5829422715955873,0.5981603838681095,-0.007349639444685592,0.6115376784632869,0.04216637819648388,42.65358553455007,42.653585534550025,12.91223220464239,32.783050016759006,0.0025644787630344705,0.04372711801955243,0.03203297022901716,-1.6218732524715935,-0.38091966834611685,1.8932746431908092,-0.3717372977215783,0.06210449522293046,-0.05596563351654566,0.02615496851050657,-1.6837236386760706,-0.5242915229183153,1.7164918623826049,-0.20782517667105987,0.004
4407.403164125,-0.08427153730136695,0.328822964937008,0.26235632938258185,0.5638230743467955,-0.006691820682990779,0.5839787653675493,0.5939712995771721,-0.006093953421893436,0.6124973026386387,0.0415039744830049,43.96267019330702,43.962670193306984,14.065106610731263,33.22106543139014,0.008426727632693969,0.03458318509052803,0.03145077529025525,-1.628025749785672,-0.395409662002148,1.8754577144781672,-0.355592011207848,0.0687546176445642,-0.0529391815681221,0.030001048652317897,-1.6740783807909616,-0.5429617495343266,1.6964918623826049,-0.19822128073688042,0.004
4407.431131165,-0.08490386564319241,0.3245100671485499,0.2645714675814039,0.5608040458948749,-0.006249190843712958,0.5855293621067247,0.590126738307273,-0.004655339133970392,0.6135564757758559,0.040594085212099125,44.832077393459315,44.83207739345927,15.195479811441992,33.22522791569675,0.01435688906985921,0.026645767003691104,0.0313119344343104,-1.6325928265273815,-0.41021234027355136,1.8574314577517896,-0.3401874617719523,0.07487584600960331,-0.0484899294799703,0.034036813396175376,-1.6628614922770106,-0.5590730482692521,1.6764918623826048,-0.1915769245587795,0.004
4407.459558412,-0.0853864816579567,0.32069457485564906,0.26635537666726716,0.5581332012898442,-0.005911359633377953,0.586778098466829,0.586631136191966,-0.003043909273058129,0.6146875062327213,0.039991119102837286,45.69749348801908,45.69749348801901,16.294856346762643,33.2807805043284,0.020304377661076355,0.019924180800842645,0.03160011346673502,-1.6356366145069192,-0.42504772761691284,1.8392187986628807,-0.3257282308968269,0.080475092249373,-0.042863219358315004,0.03813541848102075,-1.650438548913063,-0.5725338059824533,1.6564918623826048,-0.18789935054354326,0.004
4407.488213121,-0.08566003147688502,0.31746518383061634,0.26827779527479534,0.5558726275723214,-0.005719874760128135,0.5881237914920987,0.5834863415493741,-0.001281293236514408,0.6158743844583684,0.03939941136016905,46.30170358599033,46.30170358599029,17.355926980124366,33.10086780232955,0.026221111746776642,0.014429863622040831,0.03228055310029365,-1.6371636014119253,-0.4396631439551728,1.8208348789206015,-0.31242242120302155,0.08557157538122963,-0.03617105960675418,0.042191467816790076,-1.6371201057860447,-0.5834235349382105,1.6364918623826048,-0.1873672571916945,0.004
4407.516150527,-0.08577524317572408,0.3141041938846809,0.27118729724774304,0.5535199346101665,-0.005639226570940793,0.5901604428731622,0.580685422675519,0.0006062711685974956,0.6171053799303123,0.03876853900854629,46.64451970883325,46.64451970883319,18.372092968602484,32.68272076336335,0.032060335442744906,0.010139468579642617,0.03330724691385845,-1.6372306056040524,-0.45382315896481307,1.8022984775011832,-0.3004573993348549,0.09007636875882895,-0.028724415959916445,0.046006725220432275,-1.623253613139788,-0.5915858598698953,1.6164918623826048,-0.18979749112795122,0.004
4407.543901363,-0.08547481198699636,0.31123987706043976,0.27368601269282306,0.5515149128331978,-0.005849528403050195,0.5919095436847182,0.5782102976298932,0.0025834276019019997,0.618356093589478,0.03851205419462908,46.91057500494584,46.91057500494579,19.339615816626843,32.18630068868863,0.03777179061241623,0.006997038309810165,0.034620558842258925,-1.6359448221935384,-0.4673085672815757,1.7836253991481708,-0.28994635811643105,0.09387646591375877,-0.021044428914687663,0.04936359180693044,-1.609344112969175,-0.5969646845696225,1.5964918623826048,-0.1941015904790989,0.004
4407.571077025,-0.08527965007208942,0.30861774237710293,0.2766912944149053,0.5496794185548619,-0.005986141743485054,0.5940132408901757,0.5760309415314598,0.004605418358514447,0.6196028454832271,0.03822841576378953,46.92136282385556,46.921362823855496,20.257425330687443,31.513320231318534,0.04330234401739187,0.004911528681060803,0.03614900023367423,-1.633440823190333,-0.47989684686918666,1.7648284872657305,-0.28093710436478503,0.09695857710221625,-0.013282668559601083,0.05217081824870427,-1.5954635640085026,-0.5990108997211181,1.5764918623826047,-0.2006529928828483,0.004
4407.603104655,-0.08563865994492889,0.30526860253602595,0.28049397530262565,0.5473350206661081,-0.005734834832497422,0.59667511751158,0.5741061293083317,0.006625377487121123,0.6208374691648718,0.03812199291665018,46.927774509474794,46.927774509474744,21.123034387225232,30.93037943425725,0.04859881896902153,0.0037608240896747115,0.03781531092656974,-1.6298510156516004,-0.4913534711117928,1.7459191530741032,-0.2734849515605467,0.09930544725811036,-0.005735156404669011,0.05434325593766219,-1.5818184199791532,-0.5978083780541539,1.5564918623826047,-0.2094022307455567,0.004
4407.634075098,-0.08648589631328032,0.30142325704647205,0.28564409064555135,0.5446432788234203,-0.005141769374651418,0.6002801982516279,0.5724024664698842,0.008596992528496945,0.6220424721757635,0.037853964703477294,46.5782977301285,46.57829773012845,21.93311780825592,30.04346963083335,0.053614075973257465,0.003442407704673131,0.03954322809439154,-1.6253084381280747,-0.5014754453636555,1.7269091347633783,-0.2676957592601245,0.10104424405692883,0.0008505335390111314,0.05596120416925877,-1.5687511053092624,-0.5934253473685271,1.5364918623826047,-0.22097984243564864,0.004
4407.661071162,-0.08606425245549051,0.29894172138122865,0.290035645442516,0.5429062038577499,-0.005436920075104285,0.6033542866095032,0.5708713070763062,0.010480749318335723,0.6232088685671849,0.037810363945056984,45.98659098844387,45.98659098844382,22.68430235661602,28.861000661286702,0.05830853969208023,0.003799425784996552,0.041263328732502345,-1.6199776990825987,-0.5100819731354709,1.7078067527411338,-0.26365219116334315,0.10199167031225828,0.006388807005337216,0.05681068994970418,-1.556461011131709,-0.5857325524842073,1.5164918623826047,-0.23428781815485245,0.004
4407.689604187,-0.08605285479188379,0.29583728023801775,0.29518884712263804,0.5407330950575023,-0.00544489843962899,0.6069615277855887,0.5694590696668651,0.012231378019235448,0.6243412473239034,0.03794320779715968,45.332253154097316,45.33225315409729,23.37681049976711,27.789523625986273,0.06263803124447118,0.004661877220692928,0.04290373242794808,-1.6140185703035261,-0.5170436471585999,1.6886209749334546,-0.2613310306566836,0.1021026357889808,0.01066010527735465,0.05683599029543532,-1.5450094048606138,-0.5742656284573779,1.4964918623826047,-0.2491634501145657,0.004
4407.718119915,-0.08670173436654927,0.2933511527922911,0.30132711068521134,0.5389928058454937,-0.00499068273736316,0.61125831227939,0.5681099967385885,0.013806222926587834,0.6254473741963651,0.0374494852585206,44.103251674505785,44.10325167450574,24.007909743668485,26.475112405615437,0.0665533894074838,0.0058517382727305755,0.04438904105946961,-1.607579072782759,-0.5220821829014346,1.669358896476739,-0.2607385930426694,0.10130831982617818,0.013344225159224732,0.05597980302519268,-1.534347363819341,-0.5581074349820765,1.4764918623826047,-0.26629725297172946,0.004
4409.208150412,-0.06997099251206848,0.3399370921938727,0.33408976103541593,0.5390197936523934,-0.005505676023633456,0.6114848261051874,0.552237431651941,0.025326109807655713,0.638320436923419,0.04295875905820786,2.5427443397943597,2.5427443397943557,19.363873728303275,20.600418428488865,0.10052897907484744,0.019662552069215758,0.055272859523269116,-1.5360427810959438,-0.5500338293575339,1.4683154720681004,-0.27419340514676044,0.09639859296176384,0.017671858751617805,0.051280973005626646,-1.5282181204035687,-0.5382634502818203,1.4564918623826046,-0.284173588289573,0.004
4409.235854575,-0.06665980740067859,0.3419482137344543,0.3285088634822873,0.5404275787308005,-0.00782350560160638,0.6075781978179974,0.5521649591607096,0.025117562662226735,0.6381358553730302,0.04643975143096247,9.034743662539976,9.03474366253997,19.23526647813624,24.627732759099214,0.10012010937837179,0.02006622767429456,0.05497406398516925,-1.5355810741141431,-0.5482333659722578,1.4664694713091193,-0.2757438753981305,0.08704817203120875,0.02507789778743277,0.04265411497616732,-1.5225283602654274,-0.5182634502818203,1.4364918623826046,-0.300811300652102,0.004
4409.26530736,-0.06598134293116997,0.34446110942825114,0.32347729817505455,0.5421866057164584,-0.008298430730262412,0.6040561021029345,0.5521016276919017,0.02427718701816392,0.6376532249280842,0.04783560592898672,14.569788858636539,14.569788858636525,18.93055365661369,28.45728395433525,0.0989279044200941,0.021127852338791456,0.05401433106447057,-1.5345030259190922,-0.5446609082437066,1.4628882445382678,-0.2787543182708602,0.07549415997584137,0.034190942320262305,0.03226579667097413,-1.514284944126421,-0.4982634502818203,1.4164918623826046,-0.31818927353634086,0.004
4409.293508812,-0.06583140613359176,0.3485416004231028,0.31843806325868523,0.5450429494128545,-0.008403386488567161,0.6005286376614759,0.5521236613170508,0.022554491070553767,0.6368771131120664,0.04826736300667286,20.145249762264125,20.1452497622641,18.453504040831305,32.06584968929056,0.09674555606522221,0.022994718183735344,0.05219631355063165,-1.5326567039152286,-0.5394945310178231,1.457729594758071,-0.28323218394666966,0.06182497343766838,0.04482651875290989,0.020343573154485345,-1.5039924707374044,-0.47826345028182027,1.3964918623826046,-0.33779733885511243,0.004
4409.320928406,-0.06752458782086185,0.3509148878031083,0.3137264934352554,0.5467042505788584,-0.007218159307478099,0.597230538785075,0.552269755482951,0.01981369442144302,0.6358300237734338,0.04745119811159458,23.71452130240648,23.71452130240645,17.81282868453013,34.215240650495765,0.09344797429792757,0.025732811341314634,0.049427024374050145,-1.529961504276709,-0.5328925917789844,1.451142460242345,-0.2891923807775505,0.046970224035991465,0.05613130301537172,0.007832816522097153,-1.4930242709534765,-0.45826345028182025,1.3764918623826046,-0.35779733885511245,0.004
4409.349284745,-0.07000514579408568,0.3521259740632778,0.3084085521668924,0.5475520109609769,-0.005481768726221419,0.5935079798972209,0.552535509461256,0.016018286901413985,0.6345207393542369,0.04657396362317421,26.745023824114273,26.745023824114234,17.020394815840334,35.92523831816285,0.08900729129151709,0.029315200304392417,0.04570637687827004,-1.5264845257958464,-0.5249993407166537,1.4432626457728972,-0.29650508444011997,0.03174933555337357,0.06748645144451246,-0.004426131736070993,-1.4828946211870053,-0.43826345028182023,1.3564918623826046,-0.37779733885511246,0.004
4409.377710568,-0.07173886643443189,0.35270932449751474,0.30357481466520647,0.5479603562649429,-0.004268164277979068,0.5901243636460408,0.5528833189555552,0.011229534397160193,0.6329360479823436,0.04579579174541922,29.693879790966857,29.693879790966832,16.089281148396672,37.35372690674258,0.08347687865519415,0.033652318061964,0.04112192826008208,-1.5224060433640865,-0.5159436138734523,1.434212885312476,-0.3050398962293559,0.016473694440320503,0.07817268141702088,-0.016017183630290064,-1.4744149731537675,-0.4182634502818202,1.3364918623826045,-0.3977973388551125,0.004
4409.40774364,-0.07139347152539167,0.3515325612000794,0.29765965977601627,0.5471366219567382,-0.00450994071430722,0.5859837552236077,0.5532520103101172,0.005563331660145464,0.6310595392593386,0.04659071900581064,32.1929616690535,32.19296166905348,15.03405903284549,38.35292209009079,0.07694416596943839,0.03859510912613411,0.03580740351608178,-1.5179780182463192,-0.50583909517643,1.4241058373729054,-0.3146790919966125,0.0010956233728774555,0.08723048310438425,-0.026934499443720242,-1.468727401256835,-0.3982634502818202,1.3164918623826045,-0.4176860538560786,0.004
4409.434901969,-0.07018160917681666,0.3493851254738221,0.29221071446902525,0.545633416948358,-0.005358244358309727,0.5821694935087139,0.5535537101411684,-0.0008582653498482029,0.6288742713345259,0.047584841358305784,34.67633256877431,34.67633256877427,13.86996013794075,39.33403043852029,0.06949317298179035,0.04390966214251094,0.029899513861505755,-1.5135611097030466,-0.4947869263308634,1.413045967537554,-0.32519235050406875,-0.014525757093070982,0.0937450958421779,-0.037256130629944824,-1.4672066789574782,-0.3782634502818202,1.2964918623826045,-0.43318083844697747,0.004
4409.463033819,-0.06863075114294852,0.34612563408119795,0.28606329985934237,0.5433517729735211,-0.00644384498201743,0.5778663032819359,0.5536832933426021,-0.007924378355683326,0.6263617931118899,0.04960589507361445,37.337651867172795,37.33765186717275,12.61760655531817,40.629161121663806,0.06119811598879865,0.04931174535374507,0.023522737262638708,-1.5095804811741012,-0.48287850799799625,1.4011786175689045,-0.3359127334521876,-0.030236129592582962,0.09743908239105056,-0.04683301164739459,-1.4701878943499607,-0.35826345028182016,1.2788746020325719,-0.4410508946072675,0.004
4409.491978406,-0.06950193324724052,0.3418911400641428,0.2795007903763716,0.5403876271615825,-0.005834017509013027,0.5732725466438564,0.5535657560926242,-0.0155165574602711,0.6235279583094503,0.05284904032912211,40.84567269105406,40.845672691054034,11.318019195265192,42.79930300510004,0.05213153373158195,0.054525861958165785,0.016797707290029884,-1.5064252935798264,-0.47019658652877494,1.3888927813999181,-0.34610816344460016,-0.04596919322643174,0.09811436552018328,-0.055478612570386186,-1.4774304045582802,-0.33826345028182014,1.2652510152939276,-0.442085005388505,0.004
4409.519016762,-0.07071655622356418,0.33795640283456796,0.2744382889554356,0.5376333111008801,-0.004983781425586466,0.5697287956492012,0.5531485023762782,-0.0235089817655275,0.6204151040933749,0.056151634630214026,43.82312216490766,43.82312216490761,10.030868705091278,44.48919522558959,0.042369246750716995,0.05928767874704792,0.009853892752530662,-1.5043937144410242,-0.4568163068148748,1.3766282164972388,-0.3552344755072695,-0.061380724571131785,0.09564171159392595,-0.06283063915977072,-1.4886399874039675,-0.3182634502818201,1.2559119964600793,-0.43808343984599146,0.004
4409.547146588,-0.07333027757442359,0.3324226282037576,0.26671607913959033,0.5337596688593129,-0.0031541764799848785,0.5643232487781095,0.5523797826299409,-0.031758916943086454,0.6170742588535058,0.06282999982307091,46.43151652271824,46.43151652271819,8.83196683548017,45.87387896241814,0.03201711704498854,0.06331570551821382,0.0028339467083392223,-1.5038107807444179,-0.44280721271337203,1.3647625048812007,-0.36291857101161673,-0.07590416993070756,0.08966727441645389,-0.06857078115262309,-1.504867662116125,-0.2982634502818201,1.250090085940721,-0.42841068562853046,0.004
4409.574801839,-0.07693525812067087,0.3281063331794566,0.261379874221357,0.5307382623423021,-0.0006306900976117847,0.5605879053353462,0.5512055787803009,-0.040098958633235204,0.6135276490195776,0.06913227701099806,48.497516001902405,48.497516001902355,7.8178388033430375,46.7408303859712,0.02121850017562494,0.06633671146357203,-0.004105613638149381,-1.5050222383335812,-0.4282316137871803,1.3536065905944257,-0.3687570040073246,-0.08914003908224319,0.08026256862899359,-0.07246369210917909,-1.5247441869226865,-0.2782634502818201,1.248177869724337,-0.41398880050413395,0.004
4409.605135061,-0.07998552298468284,0.32328297547974294,0.257404850535514,0.5273619119525026,0.0015044953071965943,0.5578053887552561,0.5496167796055994,-0.048341881774329284,0.6098393422619138,0.0754153350449598,50.654698939762326,50.654698939762255,7.119656003278803,47.70001164572714,0.010140143413428646,0.06817941421146208,-0.010801355307427036,-1.5081074620493564,-0.4131439546090019,1.343500976436735,-0.37248666917774115,-0.10102798103639393,0.06712228634720979,-0.07461590007850766,-1.5447441869226866,-0.2582634502818201,1.2513006459759028,-0.3953326944495092,0.004
4409.632082904,-0.08204079887637433,0.31893541164546835,0.2542100845191425,0.5243186172685104,0.0029431884313806406,0.5555690525437961,0.5476270335531817,-0.05630631993553087,0.6061933142117686,0.0813425004585401,52.51449356545912,52.51449356545907,6.880237303555541,48.40979735154596,-0.0010529762412381503,0.06861638069333903,-0.01710512981739567,-1.5129454638058486,-0.3975923752073363,1.3348149491369423,-0.3739884271124469,-0.11154391632570174,0.050121033451998635,-0.07522552024672215,-1.5647441869226866,-0.23826345028182006,1.2593172369582524,-0.3753326944495092,0.004
4409.659560842,-0.08374804251134588,0.31509626073368735,0.2498859155059685,0.5216312116302637,0.004138258975860721,0.5525421342345742,0.5452445590904242,-0.06383685904883095,0.6028136276111498,0.08778057811985582,54.41824888654264,54.41824888654259,7.157143248859928,49.20529327600999,-0.012204355137970711,0.06741877571987914,-0.02290132622678378,-1.5193563378248216,-0.3816203425083818,1.3278343684080338,-0.3734190958433658,-0.1206309702561014,0.030507307092631098,-0.07454287732038213,-1.5847441869226866,-0.21826345028182004,1.2712733350599439,-0.35533269444950916,0.004
4409.686782712,-0.08434250714574315,0.31186640537196625,0.2467425631286932,0.5193703128770589,0.004554384219938812,0.5503417875704815,0.5425095025504443,-0.07080663841103395,0.5998720149968,0.09310182199951689,56.40650511590231,56.40650511590225,7.879904043488332,50.11053994528219,-0.023167956098513146,0.0644822742989965,-0.028109211692509933,-1.527137072262218,-0.3652671376652085,1.3227679620370842,-0.37097786628130336,-0.12831502868183456,0.010507307092631098,-0.07285773458560457,-1.6047441869226866,-0.19826345028182002,1.2858231665600988,-0.33533269444950914,0.004
4409.713770647,-0.08486833289533416,0.30862548229120607,0.24383774908995443,0.5171016667205268,0.004922462244652518,0.5483084177433644,0.5394880715745746,-0.07712147693418096,0.597430990525857,0.09821092726902007,58.42756919804371,58.427569198043635,8.909247969280461,51.04243946245629,-0.03381588456620149,0.0598708296741336,-0.0326806826101495,-1.5360984457359401,-0.348567732285579,1.3196319270595218,-0.3668448628219613,-0.13476743480262557,-0.009492692907368903,-0.0704955041763818,-1.6247441869226866,-0.17826345028182,1.3013670731673321,-0.3153326944495091,0.004
4409.742140737,-0.08646366540109823,0.30595668231846185,0.24091734895672345,0.5152335067396059,0.00603919499868737,0.5462641376501027,0.5362433727760002,-0.08272282204101912,0.5954754669290498,0.10364296922235168,60.43880743819046,60.43880743819038,10.121196852848131,51.97018578203599,-0.04404347964275068,0.05371337251922812,-0.03659958851886814,-1.5461021368272692,-0.331553861818356,1.3182919982730728,-0.3611830144269938,-0.13992884765313546,-0.029492692907368903,-0.06757685869684249,-1.6447441869226866,-0.15826345028181998,1.3167445571394416,-0.2953326944495091,0.004
4409.769849824,-0.0881264775506488,0.3038067798752082,0.23842668812149703,0.5137285750293283,0.007203163503372766,0.5445206750654442,0.5328267280648336,-0.08757336883684017,0.5939621829752146,0.10859002364948125,62.04191773641389,62.04191773641384,11.433941605156654,52.472777550510266,-0.053755689709325684,0.046150688500788975,-0.03987142650096443,-1.557040571670387,-0.31425497753816967,1.3185590706608787,-0.3541396036082986,-0.14363088561839749,-0.04949269290736892,-0.06417359445018822,-1.6647441869226867,-0.13826345028181997,1.3320150400407624,-0.2753326944495091,0.004
4409.797553461,-0.08909584263657222,0.3025166612197039,0.23766912522359646,0.5128254919704752,0.007881719063519161,0.5439903810369138,0.5292866758105558,-0.09164204768566842,0.5928429362202668,0.1120826608771677,63.11417830919932,63.114178309199254,12.798940736484656,52.44627574023832,-0.06285376139548264,0.03731912179355348,-0.0425116770040597,-1.5688235615167692,-0.29669845340384365,1.3202768625406822,-0.34584772786788776,-0.14572364275937683,-0.06949269290736894,-0.060322874040990085,-1.6847441869226867,-0.11826345028181995,1.347650532515692,-0.25533269444950907,0.004
4409.827697612,-0.0905224147006225,0.3020596482495646,0.23776495299843733,0.5125055828913778,0.008880319508354356,0.5440574604793024,0.525675221576797,-0.09489929338867654,0.5920738716343326,0.11510526997653488,64.18556861468538,64.18556861468532,14.187700263252783,52.46704636309315,-0.07123911310010002,0.027345379733326538,-0.044540359231005765,-1.5813729346288523,-0.2789085901618769,1.3233807436573721,-0.3364276921255059,-0.14626245004507238,-0.08949269290736896,-0.05621407800550302,-1.7047441869226867,-0.09826345028181993,1.3646468938282348,-0.23533269444950905,0.004
4409.85694973,-0.08946982291559191,0.301594079699922,0.23858330943505765,0.512179684906628,0.008143505258832945,0.5446303099849367,0.5220495024472123,-0.09732810859151321,0.5916195333888762,0.1158864174206205,64.97530524947739,64.97530524947732,15.584047054453107,52.14051020890598,-0.07882592717496842,0.01634537683415947,-0.045990203895023764,-1.5946189129122212,-0.2609066520261547,1.3279105193070664,-0.3259882395917908,-0.14544746801265301,-0.10949269290736897,-0.05220151664977831,-1.7247441869226867,-0.07826345028181991,1.3841058862952613,-0.21533269444950903,0.004
4409.887318788,-0.08954751221613988,0.3016345422701661,0.23907781689689875,0.5122080087057989,0.008197887769216523,0.5449764652082254,0.5184622726151443,-0.09893458793611329,0.591451893388205,0.11694634920472408,65.49148844544987,65.49148844544985,16.980282392757235,51.59723304922085,-0.0855477247888958,0.004423778218810175,-0.046916020697553525,-1.6084958861604715,-0.24271156668509986,1.3339132199886852,-0.31462763649280007,-0.14320449847723707,-0.12948398784324147,-0.04835338917564456,-1.7447441869226867,-0.058263450281819895,1.4041058862952613,-0.19533269444950901,0.004
4409.914395211,-0.08911158115750331,0.3022764903094678,0.23976313369062427,0.51265737233331,0.007892736028170925,0.5454561869638332,0.5149359448302862,-0.09973772871959743,0.5915386128705686,0.11710294108985624,65.78931985936393,65.78931985936386,18.3731474037461,50.85379565594711,-0.09134596987442298,-0.00831447724222147,-0.047382131877607564,-1.622936689227825,-0.22434128033081038,1.3412680049721095,-0.3024346117996844,-0.13956283443392345,-0.14841098337192193,-0.044794760225368886,-1.7647441869226868,-0.03826345028181988,1.4241058862952614,-0.1754502490661522,0.004
4409.942698502,-0.08900886403448321,0.30312510253798,0.2403821063028216,0.5132514008932685,0.007820834042056857,0.5458894677923714,0.5115006563100316,-0.0997652644046213,0.5918199714144307,0.11699335386486731,65.98631971054287,65.9863197105428,19.759519531362375,50.05453480253335,-0.09616986787168622,-0.02168639807554386,-0.04745794395027646,-1.6378608540339037,-0.20581191383414776,1.3498469144339822,-0.28958517196759026,-0.13448540287430494,-0.16517735207525794,-0.04157406028409111,-1.7847441869226868,-0.018263450281819874,1.4441058862952614,-0.1586775978189088,0.004
4409.972690278,-0.08860024251399358,0.3038390884733717,0.24057240188706724,0.5137511910480428,0.007534798977714113,0.5460226747013434,0.5082042901864252,-0.09905099998354856,0.5921923267047732,0.11628816541461616,65.8035032178653,65.80350321786521,21.127541248600863,48.86205721435295,-0.09997405586481502,-0.035439336860029626,-0.047213402440318075,-1.6532043488234958,-0.1871382081688131,1.3595340926770114,-0.27650257453702737,-0.12800841988954817,-0.17951801008043117,-0.03875738298112062,-1.8047441869226868,0.001736549718180127,1.4641058862952614,-0.14584712939900615,0.004
4410.973673396,-0.05708605977074939,0.3073438040678878,0.23896822405760992,0.5139902352855257,0.007490188941176663,0.5460932635294855,0.4763003185483516,-0.07617633307700515,0.5941789128916249,0.10359945175942119,0.0,1.7918207794427726e-15,38.16176291411254,38.161762914112536,-0.12118183259153126,-0.1813290550716649,-0.03731752328612633,-1.8220313635906775,0.012431030719217908,1.4764512935377465,-0.14144578962557441,-0.11821538558080785,-0.18648448070292376,-0.03746912744521802,-1.8240874988374496,0.021736549718180127,1.4841058862952614,-0.14224619195909965,0.004
4411.003970387,-0.05847216687466955,0.3086256794827394,0.23730732299861404,0.5148875480759217,0.008460463913920776,0.5449306327881884,0.47637467513923937,-0.07594805970287023,0.5939838175420247,0.10494882169656503,5.395371911733062,5.395371911733053,38.083820257850604,43.29781744051204,-0.12043112226876818,-0.18134619275065647,-0.03767308866104193,-1.8229579066248034,0.013937601745879127,1.4778394754462858,-0.14222660040497878,-0.09966467077268353,-0.17216108254771745,-0.042722222238029066,-1.8398669805071128,0.04173654971818014,1.5041058862952614,-0.16224619195909967,0.004
4411.03031885,-0.060338011282472424,0.3108149444367312,0.23661405578518502,0.516420033543716,0.009766554999382787,0.5444453457387881,0.4769381829638676,-0.07513999466012923,0.5929679084590379,0.10546268436386982,9.787852842183977,9.787852842183968,37.85748050807509,47.41609248241583,-0.1180155152648555,-0.18030730413410181,-0.03869243359344309,-1.8250216360645488,0.017224590767596342,1.481048335189062,-0.14485423739706438,-0.08073320454840024,-0.15638622614819553,-0.05098497126261893,-1.8540316598109288,0.061736549718180156,1.5241058862952614,-0.1822461919590997,0.004
4411.055879926,-0.0633380443769513,0.3145008634561114,0.23640525017566882,0.5190001768572822,0.011866578165518,0.5442991818121268,0.4780672699157169,-0.07377274578093707,0.5909026517523727,0.10574251787792892,13.960068505953764,13.960068505953744,37.49834782364964,51.22791562476919,-0.11395684409568553,-0.17787128136335306,-0.04043376089515474,-1.8281708923177828,0.022128937222777863,1.4858784225142792,-0.1491554176239305,-0.061483734215444376,-0.13960070279639064,-0.06145065490705115,-1.8666028057848632,0.08173654971818017,1.5441058862952615,-0.2022461919590997,0.004
4411.083344936,-0.06781862746842049,0.31861928695402586,0.2363503927669418,0.5218830733058223,0.015002986329546431,0.5442607816260179,0.4797385490118509,-0.0719680034348926,0.58780623631269,0.10600151231204354,17.93978106003087,17.93978106003085,37.02360811831457,54.715271406797314,-0.10837472323701845,-0.1739832612328718,-0.04300777838266813,-1.8322222825774532,0.028493520842009182,1.4921646853500552,-0.15496922899111115,-0.04195795778049864,-0.12232600239912199,-0.07365277983220596,-1.877684790825943,0.10173654971818019,1.5641058862952615,-0.22224619195909973,0.004
4411.11116558,-0.07093017611870447,0.3216237105917069,0.23543249397182697,0.523986169852199,0.01718107038474522,0.5436182524694374,0.4818944423328541,-0.06984299714814068,0.5837808899463571,0.10468017627341647,21.99115355989463,21.991153559894602,36.44945966360879,58.16859467609894,-0.10139906349148467,-0.1687024295271118,-0.046510832692228644,-1.8369623885568749,0.03617630206292035,1.4997635642092242,-0.1621500386677402,-0.022434088115821392,-0.10467686957356703,-0.08768509698293658,-1.8869768895341508,0.12173654971818021,1.5841058862952615,-0.24224619195909974,0.004
4411.139459244,-0.07481794731377212,0.3245664357544447,0.2334885610181547,0.5260460774661155,0.01990251022129257,0.5422574994018668,0.4844710921727032,-0.0675122898562968,0.5789613726259557,0.10352294907121976,26.42989542141803,26.429895421418006,35.791088491314795,61.8887219135775,-0.09317738998818537,-0.16211647119253986,-0.05103059397817953,-1.842149521226532,0.04505008738686636,1.5085468020149115,-0.170566201734794,-0.0033060883536697844,-0.0867377751754333,-0.10362587905970122,-1.8941947693759849,0.14173654971818023,1.6041058862952615,-0.26224619195909976,0.004
4411.16792305,-0.08014274486942816,0.32878241190297575,0.23011114456829285,0.5289972607700872,0.023629868510251797,0.5398933078869635,0.48740734417074427,-0.06509601455991759,0.5734915378043158,0.10358978976183388,31.661355448739535,31.661355448739496,35.06255314407627,66.3374710792757,-0.0838667134335542,-0.15432243524261388,-0.056647937724568824,-1.8475426408783762,0.05499943872992479,1.5184003912086907,-0.18009868631437265,0.015515249798082848,-0.06845688302300224,-0.12119864646321488,-1.8994953377919568,0.16173654971818024,1.6241058862952615,-0.2822461919590998,0.004
4411.196663558,-0.08446691093094573,0.33341577357407914,0.22762719412448873,0.5322406139398597,0.026656784753314098,0.5381545425763007,0.4906496668757031,-0.06270035009494157,0.5675036837838772,0.102839080682419,37.42104165480515,37.42104165480511,34.276560793066984,71.27306578844629,-0.07362133980113598,-0.14541356501187927,-0.063419468905482,-1.8529280155112726,0.06592038147339725,1.5292219885781364,-0.19063991306258748,0.03357786325914183,-0.049808892029322205,-0.14053211083755943,-1.9027185092621255,0.18173654971818026,1.6441058862952616,-0.3022461919590998,0.004
4411.22513818,-0.08641252384489703,0.33741828752176645,0.22418232948045336,0.5350423737032407,0.028018713793080012,0.535743137325476,0.4941558907514486,-0.06043543693571246,0.5611199991428393,0.10069670493624246,41.40149741056905,41.401497410569,33.44448755877076,74.38580567189598,-0.06261961439799854,-0.13546622197286168,-0.07138234120883882,-1.8580929533704291,0.07771899756613307,1.5409136772581167,-0.2020926753388201,0.05041741395181025,-0.030901149336075785,-0.16053211083755944,-1.903792322077322,0.20173654971818028,1.6636194764919106,-0.3222461919590998,0.004
4411.253329588,-0.08928362325450415,0.34178097904714577,0.2197896371973261,0.5380962577710062,0.03002848337980499,0.5326682527272868,0.4978820219370859,-0.058388746674431516,0.5544509108038751,0.09954534407520775,44.87682346565313,44.87682346565309,32.576946936499375,76.93215174683696,-0.05107617343607664,-0.1245704882450166,-0.08047799333600184,-1.8628592219993658,0.09030935804918203,1.5532750368261234,-0.21436905996026953,0.0659342446273475,-0.01198641797662847,-0.18053211083755946,-1.9032164917358907,0.2217365497181803,1.6808430028218946,-0.34224619195909983,0.004
4411.282659852,-0.09172302385897697,0.3462146204777802,0.2179273140021209,0.5411998067724504,0.03173606380293597,0.5313646264906432,0.5017708593305118,-0.05661014757476462,0.5475832163313294,0.09809555350571665,48.070030661117556,48.0700306611175,31.68366059582951,79.17288751956202,-0.03918257178330985,-0.11283331235326799,-0.09060825602315166,-1.8671071211336947,0.10361450852381775,1.5660312287752516,-0.2273896729690716,0.0800037174162728,0.006473029306490906,-0.20053211083755948,-1.9011531952344096,0.24173654971818032,1.6964450184339426,-0.36224619195909985,0.004
4411.31320572,-0.09421574020379765,0.3519741782298504,0.21579960005502663,0.5452314971988995,0.03348096524431045,0.5298752267276772,0.505777314203776,-0.055142570160776505,0.5406050947403364,0.09760068468550044,51.712163868706604,51.712163868706554,30.77234665823404,81.88157818361174,-0.02711766072385161,-0.10038875450118259,-0.10167115896369076,-1.870753023764419,0.11756490851318722,1.5790513317778274,-0.24108285085423437,0.09243870910470826,0.02387138130814169,-0.2205321108375595,-1.8978512943630526,0.26173654971818033,1.7120663130923928,-0.38224619195909987,0.004
4411.350024795,-0.09540180619401509,0.35551906653706444,0.21192769741144624,0.5477129190139494,0.03431121143746265,0.5271648948771709,0.5098612305162415,-0.05403288685870715,0.5336169766249154,0.09632787439142625,54.88337128346024,54.88337128346018,29.84847245669139,84.138990770209,-0.015059164282211912,-0.08741135170118791,-0.11356300471905907,-1.8737601977852922,0.13209822662469803,1.5922768680485926,-0.25538380248697795,0.10302198039332534,0.040049305578987504,-0.24003264148438538,-1.8941425900786186,0.28173654971818035,1.7263578351287598,-0.4022461919590999,0.004
4411.378644619,-0.09577954020343837,0.35715012536564084,0.2099989473889272,0.5488546601939528,0.03457562524405895,0.5258147698614076,0.5139643679593109,-0.05331801637605631,0.526696798232087,0.09456956541885267,57.42353695403024,57.42353695403016,28.916634220131385,85.76931536352632,-0.0032037234332862293,-0.07409538373835035,-0.12613985223485008,-1.8761557811995158,0.14715802923452506,1.6055319092032554,-0.270233945039414,0.11139022875011892,0.05416446196529202,-0.25844595151779565,-1.8904027143906925,0.30173654971818037,1.738346887837754,-0.4222461919590999,0.004
4411.409832461,-0.09420247287419249,0.3585243000921252,0.20843215464646925,0.5498165825024919,0.03347167811358683,0.524718014941687,0.5180094360063608,-0.053020411742733226,0.5199207938730872,0.09227995180926951,60.04805933662887,60.0480593366288,27.98009729318631,87.5281488797107,0.008243177951605878,-0.06068291085938138,-0.13922585088436332,-1.878006752124808,0.16269270898720675,1.618573154452616,-0.2855803884969001,0.11720181596375014,0.06558270257053399,-0.2757109753586173,-1.8868157329044537,0.3217365497181804,1.7477315247238994,-0.4422461919590999,0.004
4411.438021375,-0.09308197523815585,0.35885640964005505,0.20662900632283038,0.5500490591860427,0.03268732976836118,0.5234558111151398,0.5219099110084018,-0.05316197860131999,0.513376792635609,0.0909038064176994,61.173255571620984,61.1732555716209,27.040041725608305,87.73980832367523,0.019073319698806605,-0.04744261559062379,-0.15264280571487773,-1.879398266545488,0.1786561882810517,1.6311112529150733,-0.30137530295577725,0.12055457713462024,0.07439901851660617,-0.2912081197042743,-1.8837147160289742,0.3417365497181804,1.7526666828689446,-0.46224619195909994,0.004
4411.466362851,-0.09149214809578061,0.35892361408775003,0.20840817117625277,0.5500961022994293,0.03157445076869852,0.5247012265125355,0.5255731492276627,-0.05374160811175935,0.5071439351918235,0.09049012989699023,62.51089437477092,62.51089437477084,26.09638096113207,88.17456602535299,0.029106148453150932,-0.034632159215628094,-0.1661891973892583,-1.8804098078319833,0.1950057554218316,1.6427633586671346,-0.3175753812058007,0.12172369953204436,0.0798465461659455,-0.3045562754032221,-1.880924336991957,0.3617365497181804,1.7535762310912129,-0.48224619195909996,0.004
4411.495358852,-0.0911244154153227,0.3584174076463103,0.209034343177854,0.5497417577904214,0.03131703789237797,0.5251395469136564,0.5289187902325366,-0.054724584376308415,0.501320002551648,0.09167402813315079,63.419369240834655,63.41936924083456,25.14686473479126,88.13581746746662,0.038207012286879956,-0.02253660113276631,-0.17965067952594854,-1.8811265313942283,0.21170304474868976,1.653235075061116,-0.33414154893847897,0.12098769334894528,0.08176775500341653,-0.3155571932598226,-1.8787004762147346,0.38173654971818044,1.7502840103487478,-0.5022461919590999,0.004
4411.522560922,-0.08957666639402387,0.3579469853966463,0.20963831701163724,0.5494124622156566,0.030233613577468798,0.5255623285973047,0.531873145923176,-0.05605359578291867,0.496008540170326,0.09287915011237795,64.35601934294657,64.3560193429465,24.18756637552136,88.12431834475811,0.04628047758278657,-0.011426195358025698,-0.1928187573269684,-1.8816170281880287,0.22871416871784744,1.6622034637123635,-0.35103844380925925,0.11851532685340206,0.08069246149987165,-0.324269696064659,-1.876716261859667,0.40173654971818046,1.7417928055734149,-0.5222461919590999,0.004
4411.552973661,-0.08834983181041194,0.3583867191303074,0.21008730429655825,0.5497202758292193,0.029374829368940442,0.5258766196967494,0.5343771593054305,-0.057657650066258004,0.49129376094323657,0.09490014657979311,65.35767886094236,65.35767886094231,23.213863506598514,88.13283179007641,0.05326242402327398,-0.0015076325608469516,-0.20550736759848295,-1.881930847947633,0.24600959923106558,1.6693173754761081,-0.36823414003932187,0.11451951731313109,0.07733382661192317,-0.33082203171900154,-1.8745952658294114,0.4217365497181805,1.727261911088943,-0.5422461919591,0.004
4411.58299758,-0.08749441099564115,0.35845797173869604,0.21110755354840063,0.5497701526550914,0.028776034798600893,0.526590794173039,0.5363831116234358,-0.059460450271480794,0.4872263443653416,0.09754204259584022,66.33164401812066,66.33164401812058,22.221108646948178,88.07549083617494,0.059113457177931816,0.007107641555872338,-0.21756534677001027,-1.8820488937609068,0.26356176743434934,1.6741488568056986,-0.3856997690126094,0.10913501399254562,0.07204170638367191,-0.33549090385447344,-1.8718410815420092,0.4417365497181805,1.707843658554868,-0.5622461919591,0.004
4411.613523801,-0.08712150976509232,0.35926729482228725,0.21345067619781,0.5503366788136053,0.028515003937216715,0.5282309800276256,0.5378973639567756,-0.06139528989030526,0.48387591334059427,0.10102459814851864,66.53752105619465,66.53752105619458,21.204804561584247,87.19781199136693,0.06382862606099961,0.014360813374167674,-0.22887403411901935,-1.881896163530078,0.2813458422317788,1.6766029587177025,-0.4034092978118093,0.10298018687694449,0.0652242654135258,-0.3381249411670716,-1.8683561188721305,0.4617365497181805,1.687843658554868,-0.5822461919591,0.004
4412.670549745,-0.030234272180581778,0.3192507447187369,0.3027757339663635,0.5506291278308543,0.02734878101591113,0.5275081145659773,0.5476045640476844,-0.0841374971257388,0.46564138086286566,0.12753756677562705,0.6864467324195347,0.6864467324195337,75.8690933238184,75.55068290242798,0.09945637901961224,0.06731046428236492,-0.3366542324991441,-1.8728669884421405,0.46641210798443905,1.6788591358716878,-0.5876165950775187,0.09659893787903727,0.05266692454259366,-0.3305017012672667,-1.865203855952203,0.48173654971818053,1.667843658554868,-0.6022461919591,0.004
4412.699839139,-0.02949447866132271,0.3196210595293953,0.2962194373964701,0.5508883481983152,0.02683092555242978,0.522918706967052,0.5474491763415114,-0.08379690820288864,0.4659603524086481,0.12447730579690362,2.58549448469348,2.5854944846934784,75.72383600441752,74.15159040754789,0.09887531032585796,0.06648178337244699,-0.3357552744270117,-1.872836521136725,0.4684814168612909,1.6770437975538075,-0.5897262267312046,0.09039222143155545,0.03889394101556013,-0.31707194592710164,-1.8616604572156086,0.5017365497181805,1.647843658554868,-0.6222461919591,0.004
4412.727404429,-0.03032986635541387,0.32086862402240285,0.28916367989897185,0.5517616433434205,0.027415696938293592,0.5179796767188032,0.5471000684179053,-0.08289419089283759,0.4669588622723916,0.12162699182697112,4.362504508380041,4.362504508380035,75.41540574386785,72.54665255403518,0.09773736448746058,0.06453952881692956,-0.33368871292757607,-1.872519757809385,0.4722760253847268,1.6734668669579198,-0.5935589014360021,0.08472863328577357,0.028077021496756473,-0.30377590401369675,-1.8572721508165635,0.5217365497181805,1.627843658554868,-0.6422461919591,0.004
4412.755482855,-0.032695867038314994,0.3220647598776998,0.28224829799466084,0.5525989384421284,0.029071897416324377,0.5131389093857855,0.5466338835023679,-0.08143633600518083,0.46863425401994313,0.11928250451599617,5.972262674722587,5.972262674722583,74.96219643531415,71.22516192807979,0.09617230432666328,0.06173244044162874,-0.33056315307650164,-1.87174060322626,0.47763693311168615,1.66831227695797,-0.5989488584468345,0.0798235759278751,0.02028193150104065,-0.2906094177083967,-1.852443594799242,0.5417365497181805,1.6078436585548679,-0.6622461919591001,0.004
4412.782201189,-0.03515228956972466,0.3239545337425187,0.2768045962623086,0.5539217801475016,0.030791393188311145,0.509328318173139,0.5461068958305607,-0.07944271272237802,0.47083839359360347,0.11702181342362857,7.2157384385195,7.215738438519493,74.3834524903209,70.27468923958394,0.09429614594250463,0.05840753544601697,-0.3264983993149796,-1.87046649500673,0.4844152879541013,1.6617377577922836,-0.6057461137737915,0.07567843269618546,0.015966069777518365,-0.2776963850563826,-1.8471657132251127,0.5617365497181805,1.5878436585548679,-0.6822461919591001,0.004
4412.810594323,-0.038810636607037596,0.32508786869352824,0.26899940225046476,0.5547151146132082,0.0333522361144302,0.5038646823648483,0.5455711135508338,-0.07693124613063403,0.47337911666706506,0.11478427125455803,9.260543606371513,9.260543606371508,73.6977323286935,69.15484808087047,0.09221524053503115,0.054946117217806095,-0.3216093420947448,-1.8687004300972805,0.49247496294575477,1.6538818045207557,-0.6138151176079846,0.07237661864053287,0.015423349499803634,-0.2650303000496633,-1.8417286300423554,0.5817365497181806,1.5678436585548678,-0.7022461919591001,0.004
4412.8393733,-0.04408888606901702,0.32499165610051217,0.25923277065313116,0.554647765798097,0.0370470107378158,0.49702804024671476,0.5450737445975098,-0.07391473620505859,0.4760490781832831,0.11333264320495967,12.08078493412209,12.080784934122077,72.92201964547235,67.79342845290309,0.09003246831979207,0.05172447166365118,-0.31600013592621984,-1.86648063814442,0.5016925918821572,1.6448692350868377,-0.6230333707167387,0.07006834123758628,0.018756094469659056,-0.2525065751006971,-1.8365185447037344,0.6017365497181806,1.5478436585548678,-0.7222461919591001,0.004
4412.868325123,-0.0489181516986694,0.32449157383952726,0.2509858873640128,0.5542977082154076,0.04042749667857246,0.4912552219443319,0.5446566032745785,-0.07039375983064683,0.47863385301844696,0.11195356516130046,14.448002779488814,14.448002779488803,72.07128004987187,66.47905017241268,0.08785174983942366,0.049098085634222056,-0.3097558938365462,-1.8638814180918524,0.5119564964592866,1.6348125359779944,-0.6332901693110597,0.06872285825819495,0.025845179231638357,-0.24009636802813605,-1.831843666475622,0.6217365497181806,1.5278436585548678,-0.7422461919591001,0.004
4412.895854575,-0.054043695652518514,0.323354995670345,0.24278542934166744,0.5535021034969799,0.04401537744626684,0.48551490132869013,0.5443534749893765,-0.06636246049533674,0.480925339745495,0.11085138063082019,16.979550644721613,16.979550644721595,71.15826389258955,65.18227037910789,0.0857624252228739,0.04737268254114546,-0.30294319980740436,-1.8610059341750746,0.5231649706965793,1.6238107967531068,-0.6444855201646212,0.06814335504400652,0.03629286714650353,-0.2277836200341978,-1.827816934879562,0.6417365497181806,1.5078436585548678,-0.7622461919591002,0.004
4412.922581688,-0.060758778823633196,0.32155199799810347,0.23302230160972037,0.5522400051264109,0.04871593566604712,0.4786807119163272,0.5441822108817593,-0.06181930089038303,0.4827554649049397,0.11090342727162818,19.91004268017328,19.910042680173262,70.19317617074753,64.13523608711364,0.08383002720152626,0.04677115385667141,-0.2956143924015976,-1.8579628066685927,0.5352259665613983,1.6119522074007298,-0.656529045497702,0.06816075718487095,0.0498124103867706,-0.21545670420796456,-1.8245267703268857,0.6617365497181806,1.4878436585548678,-0.7822461919591002,0.004
4412.950833408,-0.067962112368847,0.3186855154135087,0.2248371002978946,0.5502334673171946,0.05375826914769678,0.4729510709980492,0.5441624046585644,-0.05677064053844527,0.4839667954333513,0.11124227552080582,22.58433824879054,22.58433824879052,69.18511130271521,63.03626557992936,0.08209640858822242,0.047512209210773655,-0.2878077535208305,-1.85485268208523,0.5480573217111976,1.5993194484838347,-0.6693390804699049,0.0687015170866951,0.06577421895792622,-0.20289863243200704,-1.8223710909758293,0.6817365497181807,1.4678436585548678,-0.8022461919591002,0.004
4412.976431269,-0.07551181289569554,0.31541652079093185,0.21707540400681988,0.5479451710813907,0.05904305951649076,0.46751788359429686,0.5442920389578583,-0.05121616808240703,0.48442574966415525,0.11160787866478691,25.29547364338038,25.29547364338035,68.14105933825107,61.92309584157379,0.08059268291764661,0.04971785157220502,-0.2795363553753552,-1.8518194125384637,0.5615834492086252,1.5859855053516132,-0.6828418109656226,0.06969791275104616,0.08353449610604415,-0.189873135571906,-1.8215194735697144,0.7017365497181807,1.4478436585548677,-0.8222461919591002,0.004
4413.005764004,-0.08417055023078476,0.31149782728674646,0.20938676110122084,0.545202085628461,0.06510417565105321,0.4621358335603775,0.5445515389752402,-0.04515098310802447,0.4840416516250715,0.11241213506121532,27.910048946215298,27.910048946215277,67.066494470939,60.83595363325385,0.07933669165830624,0.053429598360257,-0.27079145188071646,-1.8490070723300076,0.5757360964900164,1.572015782563386,-0.6969705267968221,0.07099932070216135,0.10237171914512691,-0.1762105565332408,-1.8221955615606642,0.7217365497181807,1.4278436585548677,-0.8422461919591002,0.004
4413.0371508,-0.09458571350741157,0.30765812135176895,0.20137703754754882,0.5425142914739768,0.07239478994469198,0.4565290270728071,0.544903811748879,-0.03856870203390833,0.48276162857093574,0.1140471645442739,30.38765475611202,30.38765475611198,65.9659549197593,59.92579305923445,0.07833681695641069,0.05861514857965937,-0.26154540497048767,-1.8465718400049154,0.5904539866153431,1.5574712283221168,-0.7116649327289237,0.07276914985992691,0.1217441469120174,-0.16148072313928474,-1.8249091734685245,0.7417365497181807,1.4078436585548677,-0.8622461919591002,0.004
4413.06290491,-0.10370787062959942,0.30497483022192257,0.19504439455887662,0.5406359876830843,0.07878029993022348,0.45209617698073656,0.5452938481478743,-0.03145001351326311,0.48055723100700587,0.11394055143909466,31.98793228444787,31.987932284447837,64.84354387690573,58.732247320329286,0.07760103836641735,0.0651906800436074,-0.25174694162752276,-1.8446796909228933,0.6056817774931424,1.5424061967804445,-0.7268705271531489,0.07463430492022757,0.14120160713214716,-0.14581454215574285,-1.8293498176854064,0.7617365497181807,1.3878436585548677,-0.8822461919591003,0.004
4413.091358406,-0.11274053320205543,0.3022444633106507,0.18860714374138943,0.538724730845194,0.08510316373094268,0.44759010140849553,0.5456596716189847,-0.02378638757963801,0.4774348533640559,0.11311824347754208,33.60138120255948,33.601381202559466,63.703813556440224,57.487470751633346,0.07711686643730231,0.07304402738162735,-0.24134635500636953,-1.8434552591019349,0.6213693996672436,1.5268682472782809,-0.7425380849714079,0.07648449064050314,0.16055059043670478,-0.1291440794320219,-1.835275978251042,0.7817365497181807,1.3678436585548677,-0.9022461919591003,0.004
4413.119216549,-0.12061585822299194,0.3001643496235808,0.1825166567214164,0.5372686512642451,0.09061589124559824,0.4433267604945144,0.5459414301426815,-0.015584788073329706,0.47343588113323753,0.11072651230357256,34.96442224993308,34.96442224993306,62.552242799035895,55.888202294492785,0.07685521210070646,0.08206491330589406,-0.23030203003814353,-1.8429418361178098,0.6374710481473994,1.510898793412158,-0.7586230728601071,0.07802835070996766,0.17984965171121295,-0.11168376731253461,-1.8419370902908767,0.8017365497181808,1.3478436585548677,-0.9222461919591003,0.004
4413.146083359,-0.1274131717829547,0.2981394006920332,0.1768964554388031,0.5358511870121617,0.09537401073757217,0.43939261959668513,0.546088819135502,-0.006872353468271308,0.4686389375158234,0.10683854742851077,36.044388076094805,36.04438807609478,61.395256433708994,53.75777344526382,0.07677301929546083,0.09213592779911856,-0.21859051710728175,-1.8431317296030392,0.6539469429934354,1.4945392298338631,-0.7750853324412984,0.0791474850130409,0.1988865835810451,-0.09359411149988764,-1.8488509092013685,0.8217365497181808,1.3278436585548676,-0.9422461919591003,0.004
4413.173341035,-0.1310578745275077,0.2960928173450499,0.1730526224269759,0.5344185786692734,0.09792530265875926,0.43670193648840605,0.5460484063192034,0.0023008497523905602,0.46312692719139414,0.09988778212805811,36.69487666145003,36.69487666145,60.23936144883243,51.21192486133282,0.0768066312774994,0.10314765753254437,-0.2062181491012296,-1.843986648524396,0.6707599869222901,1.4778222124054032,-0.791888530529912,0.07923321469245698,0.21768208199153494,-0.07555323271029635,-1.8549200824971186,0.8417365497181808,1.3078436585548676,-0.9622461919591003,0.004
4413.202091441,-0.1346380265537918,0.29415377867138476,0.17105916809534133,0.5330612515977078,0.10043140907715814,0.4353065184562619,0.5457908427918264,0.011842167530051032,0.4570243627538719,0.09209647642986296,37.31278364751998,37.31278364751995,59.09123038978474,48.52216067533433,0.07686473682110534,0.11499177668161348,-0.19323621030879104,-1.8453726980269256,0.6878762904336612,1.460778448331919,-0.8089998369799318,0.0783319343374141,0.235670636010918,-0.05769206613155791,-1.8598776631505156,0.8617365497181808,1.2878436585548676,-0.9822461919591003,0.004
4413.233352833,-0.13671772186592596,0.2916286629350419,0.17059319213395652,0.5312936705822678,0.10188719579565204,0.4349803352832925,0.5452968065849072,0.02163842225853927,0.45048945270726376,0.08292458137000001,37.90323031810172,37.90323031810167,57.95645967178899,45.14746736734815,0.07685020621130398,0.1275226539754357,-0.17972456817863067,-1.8471240721819913,0.705264871620336,1.4434366181740619,-0.826389535379015,0.07622721576731835,0.2524180766737664,-0.040465632981298086,-1.8630781243755732,0.8817365497181808,1.2678436585548676,-1.0022461919591004,0.004
4413.262814077,-0.1375719667653371,0.28925901610196003,0.1723161853728609,0.5296349177991105,0.10248516722523984,0.43618643055052553,0.5445616521168534,0.03155850076184861,0.44371339898671663,0.07287012190768619,38.26827402996801,38.26827402996798,56.839004835373316,41.828675153577436,0.07666395062182743,0.14054582666860585,-0.16579660829896214,-1.8490594504960047,0.7228979178384091,1.4258239834346664,-0.8440307820110682,0.07290020309982118,0.26693340858922704,-0.02418882504903391,-1.8647128438531873,0.9017365497181808,1.2478436585548676,-1.0222461919591004,0.004
4413.293537884,-0.13728521323103468,0.28683752946734237,0.17362586723820594,0.5279398771548781,0.10228443975122815,0.4371032078562671,0.5435848219222738,0.04146309926690685,0.4369122505151622,0.0628015622400488,38.65594485932574,38.655944859325714,55.7405149698761,38.423902321640206,0.07620965884080505,0.1537950018895938,-0.15158619304609777,-1.851030183085749,0.7407504514102067,1.4079663007352663,-0.861899292131668,0.0683262496572338,0.27869050868038714,-0.009099776605392974,-1.8650249669401393,0.9217365497181809,1.2278436585548675,-1.0422461919591004,0.004
4413.32078629,-0.1357790342532695,0.2854320344423991,0.1762815644042453,0.5269560306374179,0.10123011446679253,0.43896219587249463,0.5423786491800716,0.051209116188400454,0.43031007370853125,0.05305484567331485,38.45947209186558,38.459472091865536,54.66048186313689,35.4261206869393,0.07538997265075763,0.16698102053315683,-0.13724333257760976,-1.852902116346211,0.7588008253985914,1.3898867234999874,-0.8799731375475753,0.06214387156006595,0.2878074162504136,0.0043697259055435755,-1.8638700030598176,0.9417365497181809,1.2078436585548675,-1.0622461919591004,0.004
4413.349223257,-0.13237645681864232,0.2850889234245042,0.18001956715864623,0.5267158529248914,0.0988483102625535,0.4415787978005753,0.5409819467653039,0.060637113872066564,0.4241180981756608,0.044367702154239456,37.97718850328002,37.97718850327999,53.59601668601903,31.93572377355665,0.07408425254520037,0.1798435783185885,-0.12293957283422716,-1.854526380391132,0.777029876616565,1.3716050328065115,-0.8982325359645167,0.05404951741789593,0.29419530564867935,0.01573935303390559,-1.8609591387092939,0.9617365497181809,1.1878436585548675,-1.0822461919591004,0.004
4413.378573344,-0.12873719846653403,0.2845793724734482,0.18360107519091307,0.5263591672591522,0.0963008294160777,0.4440858534231621,0.5394568760428557,0.06956995637470163,0.4185333112546204,0.039230370380764594,37.59956097628612,37.59956097628609,52.5415124733555,28.47047006769721,0.07216543867966088,0.19212988211386015,-0.10887666246433797,-1.8557651541794506,0.7954203920398906,1.353141089235458,-0.9166595927960326,0.04418568861898854,0.2976669273777954,0.024817785896187054,-1.8566728116154188,0.9817365497181809,1.1678436585548675,-1.1022461919591005,0.004
4414.503046001,-0.06234554371672193,0.34171933420489414,0.297585503898939,0.5260497367598655,0.09933886631041079,0.44257313802476644,0.5199999483772247,0.14488121901221085,0.38038965992417023,0.07731423399204845,1.370962875835876,1.3709628758358763,7.343408060457367,7.15131213674633,0.04451576430270337,0.3036826106235988,0.022996215589845288,-1.8618508713733566,0.9791653384934959,1.1694311990634116,-1.0999897960589426,0.026450256725066942,0.27766692737779536,0.01616763795672456,-1.8524711170986672,0.9964424346005134,1.1478436585548675,-1.1024949130409625,0.004
4414.53082772,-0.06914608207883424,0.3407999219163187,0.296532836794645,0.5254061481578627,0.10409924316388941,0.4418362710517606,0.5199743561536332,0.14424328378426027,0.3813679498085495,0.07278369484767432,3.115658556568219,3.1156585565682158,7.193094550029479,7.525564177430621,0.04284684080834609,0.30209953421516056,0.022671037457624544,-1.8617680968236006,0.9811328671300241,1.1666667643933761,-1.1002881562660125,0.010974844650566178,0.25766692737779534,0.008197396992721068,-1.8494040293438307,1.0091169482844335,1.1307086272025797,-1.1049826658225688,0.004
4414.559664955,-0.07586277380337413,0.3396802188057561,0.2943128433736006,0.5246223559804689,0.10880092737106734,0.44028227565702954,0.5200964222087701,0.14273344609482194,0.383365097346125,0.06641886095318907,5.270908483891276,5.2709084838912705,6.915944916200519,7.974290430150959,0.03993748109892724,0.2990094138882007,0.02166960633583529,-1.8614514425606064,0.9840415253753223,1.1627899639552794,-1.1008726522039136,-0.0014386802594057416,0.23766692737779532,0.001041960488458754,-1.8478318684419617,1.0188631135508954,1.1215633573209058,-1.1092869330042967,0.004
4414.586558893,-0.08293243986192841,0.3385173448067307,0.2911599861020369,0.5238083441811511,0.11374969361205534,0.438075275566935,0.5203808202275299,0.14041784994203704,0.38627079001225506,0.0583664561720003,8.031810980033049,8.031810980033042,6.532329576299989,9.055924278791924,0.03610954652765129,0.2943638685195918,0.01996730974658016,-1.8610449014188089,0.987479358140449,1.1587554342377793,-1.1018416181525181,-0.01016002376916433,0.2176669273777953,-0.005409919704767763,-1.848124614476441,1.02454499270626,1.122252019510103,-1.1141081191322095,0.004
4414.613832823,-0.0889897645746076,0.3377027124899287,0.2870713138861013,0.5232381015593898,0.11798982091093076,0.43521320501578004,0.5207862532296513,0.13747759884504807,0.38995718735955887,0.04933449283353091,10.831633366625008,10.831633366625,6.083325787573863,10.522496860842235,0.03177274115837526,0.28810212035852767,0.01764980000891688,-1.860736704304036,0.9909828419215513,1.1555102344405963,-1.103160350503121,-0.015032614497861155,0.1976669273777953,-0.011248188760401831,-1.8502782463763587,1.0254554801055376,1.133050804530752,-1.1183441409123018,0.004
4414.640963244,-0.094591985501736,0.3365387490323678,0.2826924914193278,0.5224233271390971,0.12191137555992064,0.4321480292890386,0.5212601246534133,0.1341255472767062,0.39429838777198295,0.039788621410139974,13.597000166377788,13.59700016637777,5.632630800122219,12.216998887191181,0.027351973667004998,0.28018753263989143,0.014835663080296534,-1.860684921018224,0.9940574157184607,1.153967948149043,-1.1047601606113893,-0.01575368485144696,0.17766692737779527,-0.01626264859654057,-1.8542682939981816,1.0204246972018796,1.152330106452535,-1.1225694168590268,0.004
4414.669883666,-0.10052702226427054,0.33570456410666744,0.27783257307440373,0.5218393976911069,0.12606590129369483,0.42874608644759177,0.5217418317101473,0.13058906577332458,0.39910522130744847,0.029984152852575097,16.34646202216878,16.34646202216877,5.272470994912506,14.038334891391754,0.023252494291045096,0.27085851912848286,0.01165790709139961,-1.8609627369591135,0.9962297069519338,1.1545008942086794,-1.1066095501785451,-0.012547445223272616,0.15766692737779525,-0.020272638189549993,-1.860014230772262,1.0097619720650624,1.172330106452535,-1.1266619713800443,0.004
4414.700166875,-0.10647895587635907,0.33477614078739687,0.2704362389458086,0.5211895013676174,0.13023225482215678,0.42356865255757514,0.5220938159899092,0.12708844234123223,0.4041435177865621,0.01969865992201824,19.320604720697567,19.320604720697546,5.116760410892283,16.039885388355586,0.019831806673705397,0.26036661854156234,0.008260372188352051,-1.8617269909771834,0.996960296022433,1.156933412274437,-1.108678812745405,-0.0053944508574469115,0.13766692737779523,-0.02309484183178587,-1.8675555709354688,0.992736564985252,1.1923301064525351,-1.1309519742624943,0.004
4414.72859555,-0.11050556509240722,0.33374565659633104,0.26404142977336975,0.5204681624338714,0.1330508812733905,0.41909228613686794,0.5221824507679196,0.12383618271281781,0.4092464489473923,0.013593747239673657,21.68954525496282,21.689545254962802,5.250852170539221,17.489478007950105,0.017388474629451364,0.24886138851543724,0.004806978623989224,-1.8631210996113976,0.9958454426696336,1.161078274371783,-1.1109660806296557,0.005135454171836547,0.11766692737779522,-0.024679856893909398,-1.8764980889102678,0.972736564985252,1.2123301064525351,-1.1355614500277298,0.004
4414.756793968,-0.11554964397335235,0.3326629939414901,0.25710716216171703,0.5197102985754827,0.1365817364900521,0.41423829880871105,0.5219283519443786,0.12103278130852446,0.4143188724623421,0.015706567419334017,23.763291689455578,23.763291689455553,5.683247662175625,18.636544775332727,0.016157052158977545,0.23646557667498413,0.0014496767157917366,-1.8652362516354057,0.9929138080710515,1.1667665489443717,-1.113505434445521,0.018399487129947295,0.09814200338833104,-0.024855983711539395,-1.8866543295755749,0.9527365649852519,1.2323301064525352,-1.1411015791772146,0.004
4414.78488745,-0.12063165282654778,0.33177206834049777,0.24988400588286797,0.5190866506547881,0.1401391426872889,0.40918208941351675,0.5212922716660058,0.11887238515161519,0.4192915222757646,0.02365037786003758,26.129047551188293,26.12904755118826,6.3632643028697435,20.051341092389055,0.016322266017091958,0.22335034001585055,-0.0016522218915012814,-1.8681100039781422,0.9883403620651909,1.1738452875578078,-1.1164084883191032,0.034162320162201824,0.08102085115135414,-0.023486184258394095,-1.8980799365962049,0.9327365649852519,1.2523301064525352,-1.1488928910306422,0.004
4414.813519706,-0.12656994200663826,0.3301930320272814,0.24085951304643669,0.5179813252355366,0.14429594511335223,0.4028649444280148,0.5202628582850028,0.11751035341084624,0.4240429965122418,0.034222554054181814,28.95839142287967,28.958391422879654,7.223916181234948,21.868592095007497,0.018010576795091077,0.20978746935727763,-0.004349548344609639,-1.8717756718060619,0.9822862345130117,1.1821779266892207,-1.119883174642692,0.05239911119700083,0.06629003730383001,-0.020538762673245038,-1.9111279726133095,0.9127365649852519,1.2723301064525352,-1.1597176018702207,0.004
4414.842675171,-0.13282704679727347,0.3278570357252006,0.23288039387249615,0.5163461278240801,0.14867591846679687,0.39727956100625644,0.5188266155615182,0.11707197398960452,0.4284222687083087,0.04443906354715974,31.904716090763504,31.904716090763472,8.206415836476639,23.774688929834138,0.021317078219222192,0.19603169654038383,-0.006507945875626986,-1.8763382622647269,0.9748952522670983,1.1916435440898958,-1.1241945210571698,0.07232053971379981,0.05316247220465656,-0.01590360717157565,-1.9266951429669432,0.8927365649852519,1.2923301064525352,-1.174054611355186,0.004
4414.870557443,-0.13876775991367868,0.32577632951256896,0.222491653995951,0.5148896334752379,0.1528344176482805,0.3900074430926748,0.5169545321018866,0.11763959678312763,0.43228109498848183,0.05504544365046397,36.1693658070556,36.16936580705555,9.267417399857482,26.976840929538017,0.026225185523922816,0.18226095260710745,-0.007973815474363138,-1.8819830481297002,0.9662959910060349,1.2021290006605088,-1.1295812249833008,0.09232053971379983,0.04109148547489094,-0.009824172342099388,-1.9453625522637576,0.8727365649852519,1.3123301064525352,-1.1912533428488143,0.004
4414.900250897,-0.14341348459326525,0.32314563752686415,0.21050246577061038,0.5130481490852445,0.1560864249239911,0.3816150113349364,0.5146204244492166,0.11921460718637347,0.43549179192345605,0.06530475082013355,41.27897752248972,41.27897752248967,10.37858177483215,31.04729971547712,0.032620548727615335,0.16859358491822138,-0.008641808673522777,-1.888894871596354,0.9566024936962947,1.213530651448774,-1.1361579965764952,0.11232053971379985,0.029433534639869186,-0.0026352050689671842,-1.9653625522637577,0.8527365649852519,1.3323301064525352,-1.2093441865317318,0.004
4414.926583599,-0.1457127915572252,0.32119933033477066,0.20207472865520482,0.5116857340507791,0.15769593979876306,0.3757155953541525,0.511829795805628,0.12174759844312724,0.4380045096484032,0.0719180981670611,45.43661685764922,45.43661685764918,11.527389646942252,34.241214868283336,0.040382821243284656,0.15510354943248486,-0.008488448845463521,-1.8970734300457561,0.9459134927349329,1.2257539956400163,-1.143781671041641,0.13232053971379987,0.017760842016678668,0.005281502515904465,-1.9853625522637577,0.8327365649852518,1.3523301064525353,-1.2250501672243166,0.004
4414.95284963,-0.14623839847900685,0.3199984754317835,0.19337178220268114,0.510845135618688,0.15806386464401023,0.3696235328373859,0.5086115181822298,0.12514929117408813,0.4398489239925406,0.07758842540259359,49.476939285327866,49.47693928532783,12.710839355721955,37.409156542027894,0.049385811043973674,0.14181398607824008,-0.007547899330581693,-1.9064161280609673,0.9343230883165587,1.238718354006034,-1.1520246535691678,0.15232053971379989,0.006474299787936743,0.013524540951918726,-2.0053625522637577,0.8127365649852518,1.3723301064525353,-1.2357387858205564,0.004
4414.979867721,-0.14592137486787218,0.3182263064722487,0.18519694427507857,0.5096046173470137,0.15784194811621596,0.36390114628806414,0.5049911833744406,0.12933722164298198,0.4410682671604841,0.08239276514398487,52.564744998951866,52.56474499895181,13.925348747172007,39.65505691152223,0.05950660399084571,0.12875147725132866,-0.0058376342089089305,-1.916805859594216,0.921919149083704,1.2523524388674288,-1.1602770253054067,0.1723205397137999,-0.003770866854511036,0.02183583556359558,-2.0253625522637577,0.7927365649852518,1.3923301064525353,-1.2401727962349383,0.004
4415.006067493,-0.14409562014590954,0.3162983972148655,0.17867522711967054,0.5082550808668455,0.1565639198108421,0.3593359442792785,0.5009985453658791,0.13421768638099518,0.4416847725249117,0.08563492844281932,55.45880654917107,55.458806549171015,15.164077523045862,41.884224029642965,0.07064289029826137,0.11599014349172573,-0.00342365032679006,-1.9281269977228488,0.9087820881741038,1.2665909955119916,-1.1678752340217906,0.19232053971379992,-0.012626066052582806,0.029939835914548872,-2.0453625522637577,0.7727365649852518,1.4123301064525353,-1.235945504637024,0.004
4415.03268706,-0.1430587893722018,0.31419746574355945,0.173932339341265,0.5067844288369312,0.1558381382692467,0.35601592283439465,0.4966660824972164,0.13968662116389863,0.44169676430085214,0.08777504788865109,57.06771145487013,57.06771145487006,16.415745386455512,42.82747300022751,0.08269980756081469,0.1036388221647329,-0.0003997356939292229,-1.9402787012917302,0.8949840332238621,1.2813754535989204,-1.1740337737574797,0.21232053971379994,-0.019457372811272047,0.03758484035904611,-2.0653625522637578,0.7527365649852518,1.4323301064525353,-1.2226974515013056,0.004
4415.06004994,-0.1430332887414847,0.312499168761743,0.17006338307878965,0.5055956209496597,0.1558202878277447,0.3533076534506619,0.49203073178505163,0.14563563310274794,0.4410801172190947,0.08939652569253655,58.01707149635749,58.01707149635745,17.667924912407095,42.96261700641924,0.09558564945622458,0.09184523623831901,0.003130112113063653,-1.9531705597858813,0.8805899025948364,1.2966538299135189,-1.1780826013302423,0.23232053971379996,-0.02407587151818972,0.04484245977891925,-2.0853625522637578,0.7327365649852517,1.4523301064525354,-1.2038038207725934,0.004
4415.089585822,-0.14557320686509245,0.31101716107361344,0.16731402631275027,0.504558215567969,0.15759823051427016,0.3513831037144343,0.48712760639724567,0.15196407640202153,0.4397975455692452,0.09029221094380628,58.591926781299186,58.59192678129914,18.916247818654416,42.6074568889066,0.10921184923276367,0.08076999427124779,0.007075308569308394,-1.9667278002293662,0.8656575367599534,1.3123799209040616,-1.179857665972493,0.2523205397138,-0.026427031560153438,0.051830429844986016,-2.105362552263758,0.7127365649852517,1.4723301064525354,-1.1838038207725934,0.004
4415.120419699,-0.14691870352887446,0.31052273338248687,0.1666123028102667,0.5042121161841804,0.15854007817891755,0.3508918972626958,0.481987924699594,0.1585808749432695,0.43780981640658023,0.08971421860453543,58.55924840902366,58.55924840902361,20.164698564449168,41.74194035373868,0.1234769169053153,0.07057010590587656,0.011364948845947548,-1.9808869476306812,0.8502388496173497,1.328510341496168,-1.1795354073392166,0.2707641278470489,-0.026368150203053692,0.058175715071736814,-2.125362552263758,0.6927365649852517,1.4923301064525354,-1.1638038207725934,0.004
4415.149033765,-0.14846399284493078,0.31020753788213495,0.1666793978081965,0.5039914793339341,0.15962178070015698,0.35093886376124667,0.4766558009458285,0.16535249684693443,0.43508043647593814,0.08865599065711573,58.431282852073906,58.43128285207383,21.417610576966997,40.80244974461696,0.13814352174713873,0.06139325979636786,0.01594170031510719,-1.9955932924733362,0.8343809418413846,1.3450004290068347,-1.177318010184107,0.28629472494785496,-0.02407500318562799,0.06350085919448166,-2.145362552263758,0.6727365649852517,1.5123301064525354,-1.1438038207725933,0.004
4415.175925065,-0.14947419235803516,0.3103925183876169,0.16674135420680827,0.5041209656877714,0.16032892035933005,0.35098223324027494,0.47119853661085565,0.17208318952450524,0.4315819925166831,0.08785425644410681,58.618770091256565,58.618770091256515,22.67682074654094,40.2477976775366,0.1529085721892695,0.05336041021142916,0.020692773326491925,-2.0108015251961207,0.818125727463161,1.3618130504782668,-1.173388097839877,0.29894644885262583,-0.019797878478636156,0.06756268652970185,-2.165362552263758,0.6527365649852517,1.5323301064525354,-1.1238038207725933,0.004
4415.202777808,-0.14937333111630535,0.31077686393136383,0.16700990841311736,0.5043900075683944,0.16025831749011918,0.3511702211846913,0.46569214021279826,0.17856697957474044,0.42730347608060226,0.08734417293812968,59.10018530942556,59.10018530942551,23.942876411074458,40.07120788697195,0.16748383495673208,0.046552136731623464,0.02546778229829525,-2.0264738998999063,0.8015105090302403,1.3789172425721405,-1.1679106098072798,0.3087446189417211,-0.014047994262682082,0.07007554449660132,-2.1852824003933957,0.6327365649852517,1.5523301064525354,-1.1038038207725933,0.004
4415.232127631,-0.14833240097421824,0.31174704122293867,0.16765296895849482,0.5050691316724967,0.1595296663906582,0.35162036356645554,0.4602201936144331,0.18460801320280015,0.4222645290867655,0.08735530233378533,59.38534931692621,59.38534931692617,25.21632141686176,39.80261814047468,0.1816047161618459,0.041014356576846114,0.030098546924428832,-2.0425223227163483,0.784566637794985,1.3962823597346956,-1.1610344832318726,0.3156166730300624,-0.006868804549044618,0.07073297977269032,-2.202657411178832,0.6127365649852516,1.5723301064525355,-1.0838038207725933,0.004
4415.260449313,-0.14613578169455796,0.3145094009242526,0.16928936432542546,0.5070027834634164,0.157992032894896,0.35276584032330693,0.45491638412082663,0.19003228678474726,0.41655977942313666,0.08836989041339054,58.891926512001284,58.89192651200125,26.50038739423895,38.97432432077211,0.1950235766213168,0.036803446893790726,0.03440442677039497,-2.058644874232006,0.7673208839331669,1.4138777888273342,-1.1528942592981313,0.319296653391125,0.002142266822173257,0.06909339992497657,-2.215863028651599,0.5927365649852516,1.5923301064525355,-1.0638038207725933,0.004
4415.288284254,-0.14386439104485627,0.31684424892029067,0.1707885965539124,0.508637177060643,0.15640205944010482,0.3538153028832478,0.4499622787159811,0.19468074773288918,0.410335501384666,0.09001407951988553,57.97123875065196,57.97123875065188,27.797084147579874,37.836931295421905,0.20749354858341196,0.03399525236293971,0.03818554539149469,-2.0744093016271106,0.7498005790338594,1.4316778513033317,-1.1436116882387246,0.3195542735027876,0.013584376972822228,0.06478731517609215,-2.2239559630171035,0.5727365649852516,1.6123301064525355,-1.0438038207725933,0.004
4415.316279276,-0.1403077456252293,0.32036875786863794,0.1744678186023861,0.5111043333244862,0.15391240764636593,0.3563907583171794,0.44556697357255143,0.19840402117667078,0.40375457416726546,0.09229290465504589,56.25977643760367,56.25977643760363,29.10441321691216,36.315532433532994,0.21877009312595108,0.032660960956334514,0.04122305411531369,-2.0893441812440408,0.7320315045772685,1.4496613978730757,-1.1332968216901933,0.3161541214109971,0.027767112941619033,0.057405139448863086,-2.226123295858312,0.5527365649852516,1.6323301064525355,-1.0238038207725932,0.004
4415.345705273,-0.13641969212723298,0.32266657241341185,0.1777589532309407,0.5127128035058279,0.15119077019776853,0.35869455255716765,0.4419639753561644,0.20106612520481715,0.39696776550006774,0.0946455838938211,54.399991046791264,54.39999104679121,30.41602786583973,34.827425462584735,0.22861486736350453,0.03293748298387371,0.043286099720870774,-2.1029374798561777,0.7140384933977248,1.467810916542973,-1.1220491748502397,0.30915126826822803,0.04461734540594845,0.04686494674889625,-2.222217927040426,0.5327365649852516,1.6523301064525355,-1.0038038207725932,0.004
4415.37353185,-0.1331357866205196,0.3228741100287178,0.18039906232406208,0.5128580798365421,0.14889203634306916,0.3605426289223526,0.4393798973645756,0.20254560245460768,0.3901087705176255,0.09566559039017404,52.929359811087046,52.92935981108697,31.723412392564235,33.467663197927344,0.23681167235684142,0.03492758925372403,0.04414815471830937,-2.114731340118429,0.6958438693322022,1.4861133281801602,-1.1099585965552077,0.298948943035034,0.06337055697044454,0.0334116008374624,-2.2127248202954175,0.5127365649852516,1.6723301064525355,-0.9838038207725932,0.004
4416.428189548,-0.054513075152860274,0.34950840775168296,0.32457406333908817,0.5124648112099761,0.1522948537872614,0.3593165789275646,0.4277646428578788,0.1951181226118252,0.3239309069718292,0.1012921351905142,1.6378751577530288,1.6378751577530262,24.321381899786427,24.926296495462687,0.2954466697621455,0.07273066345903266,0.030734293327023925,-2.2135335563511163,0.5115479213480165,1.6733063099691872,-0.9813724249847459,0.2834390916377671,0.0726460566867991,0.015221387541842775,-2.1942875142738725,0.5139366886052297,1.6923301064525356,-0.9638038207725932,0.004
4416.457051407,-0.06365629968548452,0.34759230501729776,0.3228683122176648,0.5111235392959065,0.1586951109600984,0.35812255314256825,0.42876385995289645,0.19451220732100102,0.3240954271282499,0.09604075425570084,4.745128769206572,4.745128769206568,24.063795031646013,26.704535378244223,0.2944589808562733,0.0735520973421121,0.029470234015956675,-2.211847475377106,0.5117905713735691,1.675540347380465,-0.9789805245654644,0.2696886337796623,0.07898882789809158,-0.0018607136425718139,-2.1742875142738725,0.5163934966914641,1.7123301064525356,-0.9438038207725932,0.004
4416.485749516,-0.07219070158397498,0.3466752488557801,0.3199836441167267,0.5104815999828441,0.1646691922890417,0.3561032854719115,0.4310139678023717,0.19297173132578666,0.3246298679537696,0.0900372938874143,7.901537634895972,7.90153763489596,23.520302605693928,28.435775137535217,0.2923491653766072,0.07492722791070376,0.026755462840174483,-2.208410438614007,0.5121335065329932,1.6793797452741626,-0.9748922923300053,0.25935122275188577,0.08438140867495171,-0.016476725015142815,-2.1542875142738724,0.5144651893073515,1.7323301064525356,-0.9238038207725932,0.004
4416.51410501,-0.08169337216569075,0.34698428360533295,0.31544732310860935,0.5106979243075311,0.17132106169624275,0.3529278607662294,0.4343968644736869,0.19058685646132967,0.3255584271980756,0.08331931632904767,11.49899021799181,11.498990217991802,22.72357882956458,30.36307548682246,0.2894199785700711,0.0767048642283632,0.022791625715921287,-2.2033579727482144,0.5121493921364033,1.6848802574737425,-0.9692703125427672,0.25303345473235667,0.0895644052400591,-0.028114974319430677,-2.1342875142738724,0.5079158720632958,1.7523301064525356,-0.9038038207725931,0.004
4416.5428799,-0.09047487537721412,0.3455275688905654,0.31134279653584923,0.5096782240071939,0.1774681139443091,0.3500546921652973,0.43870388775716335,0.18760012412277943,0.3268632461978209,0.07535155739897749,14.295868481623897,14.295868481623886,21.731873337685684,31.492437420103425,0.2861057297484931,0.0788210509584154,0.017940770717823996,-2.1968236901475,0.5113531009806266,1.691934124835188,-0.9622621387852456,0.25088724963862435,0.09494736068676278,-0.036618545268127876,-2.1142875142738724,0.49614540187525086,1.7723301064525356,-0.8838038207725931,0.004
4416.572498776,-0.10094197471406312,0.3451524884483232,0.30507561330497174,0.5094156676976243,0.1847950834801034,0.3456676639036831,0.44367979056931967,0.18429732052879427,0.32850608385235136,0.06794095333185664,17.242817990260622,17.24281799026062,20.616939434896075,32.360475405800514,0.2828518450215682,0.08125167459728792,0.012593566233414039,-2.1889463835896628,0.509299026333567,1.7002662720402675,-0.9540012927209863,0.25338745547423713,0.10093929564803977,-0.04159475274445506,-2.0942875142738724,0.47835579099305964,1.7923301064525357,-0.8638038207725931,0.004
4416.600365608,-0.1112270628508087,0.3447264042947582,0.2983534454629117,0.5091174087901288,0.19199464517582532,0.34096214641424105,0.44910168091466635,0.18098663172358354,0.3304282878138047,0.0619195133185031,19.62346454451184,19.623464544511812,19.44711028946256,32.838009580421776,0.2801005753622658,0.08404188130615554,0.007142924676726992,-2.1798502328154488,0.5056181209915076,1.709751481579284,-0.9446085167461011,0.2602868548623496,0.10855893957332279,-0.04316559051852899,-2.0748147499336453,0.4583557909930596,1.8123301064525357,-0.8438038207725931,0.004
4416.628210063,-0.12071994080493131,0.34393679045460407,0.29194944551516794,0.5085646791020209,0.19863965974371114,0.3364793464508204,0.45475922957887693,0.17799182707317684,0.3325365969032165,0.05776594729053704,21.98439467193874,21.98439467193872,18.282751604482655,33.20670165068118,0.2782166943846936,0.08726951449146285,0.0019579662043632323,-2.1697560026610074,0.500370383164123,1.7202805417947626,-0.9341931746939663,0.27131876014252493,0.1173178775212156,-0.041557609219005295,-2.0581483665777283,0.4383557909930596,1.8323301064525357,-0.8238038207725931,0.004
4416.655712783,-0.12910883840739815,0.3430602955526809,0.2825233962265281,0.5079511326706747,0.2045118880654379,0.3298811119487725,0.4604279317894413,0.17559983208787913,0.33468999187836285,0.055834460049549804,24.98718260661152,24.98718260661149,17.17946547336191,34.03286336214282,0.2775332932139286,0.090989970092935,-0.002676914912930535,-2.1590336223292095,0.49370755958941914,1.7317542172058875,-0.9228539173143844,0.28626139580386206,0.12752182973697326,-0.03718894195944388,-2.0448312184718858,0.4183557909930596,1.8523301064525357,-0.803803820772593,0.004
4416.683922184,-0.1364827638863688,0.3421256451333823,0.2750585728187427,0.5072968773771657,0.20967363590071736,0.3246557355633227,0.4658955526957608,0.17407494966627496,0.336715896343737,0.0559176503891466,27.889623939374875,27.889623939374854,16.193051742843313,35.10990548112984,0.2783487938484058,0.09528615391161459,-0.006531172954304372,-2.148072187318841,0.4857660166328517,1.7440795934254467,-0.910679893518648,0.3048776868684455,0.13899308872171728,-0.030531927289690033,-2.035319213090861,0.39835579099305957,1.8723301064525357,-0.783803820772593,0.004
4416.710835398,-0.1425048826231604,0.342624595313461,0.267383856009704,0.5076461425032208,0.2138891190164715,0.31928343379699564,0.4709717797346503,0.1736280629825444,0.3384314909844326,0.057728758963804895,30.691270321788423,30.691270321788398,15.374423278263704,36.333588787613415,0.28085919517801683,0.10021209621240902,-0.009426025732238108,-2.1372854425686243,0.4766682989881986,1.7571696096330156,-0.8977517678518833,0.32487768686844554,0.1512291818504231,-0.022272920096795455,-2.029861113449214,0.37835579099305955,1.8923301064525357,-0.763803820772593,0.004
4416.739693221,-0.14875418009117364,0.34189133576539216,0.2582072486041554,0.5071328608195725,0.21826362724408077,0.31285980861311163,0.4755113331724501,0.17435952006249,0.3396699556868238,0.06038439884824901,33.466266125649625,33.46626612564959,14.76017494187263,37.5906467304658,0.28503826938695176,0.10579881914380103,-0.01122892654298163,-2.127054989237129,0.4665241228809915,1.7709413062051538,-0.8841425680949834,0.34487768686844555,0.16442299224924556,-0.013076380584810405,-2.0283632824442037,0.35835579099305953,1.9123301064525358,-0.743803820772593,0.004
4416.766882765,-0.15305571090926626,0.3414967007606972,0.24826170642870554,0.5068566163162861,0.2212746988167456,0.3058979290902967,0.4794206868568225,0.17625603656915115,0.34027658281564976,0.06293887517135478,36.807075166021995,36.80707516602196,14.368670713428088,39.61540050461698,0.29076732045823167,0.11208006677443834,-0.011927219623771763,-2.117714160053423,0.45543344796829144,1.7853238769130932,-0.8699181104872036,0.36487768686844557,0.17853980633738264,-0.0036381037844913353,-2.030714222386509,0.3383557909930595,1.9323301064525358,-0.723803820772593,0.004
4416.796146512,-0.15913627507637867,0.3410177942578402,0.23823792231223992,0.5065213817642862,0.2255310937337243,0.2988812802087708,0.4826343304876136,0.17923888582653136,0.3401104322208386,0.06643344569756526,39.33197558545925,39.331975585459205,14.203571478086877,40.84140423696629,0.2979286718794972,0.11909267171939893,-0.011625555171324997,-2.109544300563027,0.4434865697082931,1.8002538627474054,-0.8551378042745802,0.3848776868684456,0.1937542144622983,0.005449496403765121,-2.0363665253103096,0.3183557909930595,1.9523301064525358,-0.703803820772593,0.004
4416.82404179,-0.16495956477893775,0.3407359071305529,0.22900323567346703,0.5063240607751851,0.22960739652551565,0.29241699956162975,0.4851151190957656,0.1831880544507671,0.33905188037334877,0.06913310808966118,41.638375083930335,41.638375083930285,14.255778063243376,41.974822552561065,0.3063829634082122,0.1268887377252082,-0.010451061411889544,-2.1027456971552003,0.43076531769867193,1.8156765591416093,-0.8398551383760129,0.4048776868684456,0.21017399852272198,0.013840164765414126,-2.0447662010392342,0.2983557909930595,1.9723301064525358,-0.6838038207725929,0.004
4416.852536582,-0.17028201137841065,0.3409482605007467,0.22083731603791348,0.5064727081343208,0.23333310914514666,0.2867008558167423,0.4868355468496483,0.18798789224067594,0.33700786466932964,0.07051667844650678,43.54518396795609,43.54518396795607,14.510259486265856,42.9182192651523,0.31601339516706806,0.1355150887663611,-0.008538709875865967,-2.0974529888200073,0.4173435898697095,1.8315414848668325,-0.8241185177261818,0.4248776868684456,0.22745979705078076,0.021048540005915207,-2.0554372362284234,0.27835579099305946,1.9923301064525358,-0.6638038207725929,0.004
4416.880771863,-0.17609844176871958,0.34124535751570334,0.21401526293130574,0.5066806760447904,0.23740461041836292,0.28192541864211684,0.4877867053909471,0.19349753649366255,0.3339243508221581,0.0706307455401819,44.852538482627665,44.85253848262763,14.945494398035986,43.255794476101215,0.3267180786808715,0.14499357286810288,-0.006076858581647232,-2.0937322817183666,0.40328770423992955,1.847801360227225,-0.8079716870335671,0.44487768686844564,0.24535657415404083,0.026629582205559964,-2.0674162105741685,0.25835579099305944,2.0123301064525356,-0.6438038207725929,0.004
4416.909251454,-0.180969228979682,0.3419307904317341,0.20755277051114293,0.5071604790860119,0.24081416146603662,0.2774016739480029,0.48798970628012356,0.1995625777051882,0.32980027148380964,0.06938893799787349,46.07634125961747,46.07634125961743,15.537437340524336,43.64429185868836,0.3383990527141032,0.15532962972078346,-0.0032774988272889724,-2.091538557681476,0.3886572523813047,1.8644121411063952,-0.791454123178279,0.46487768686844566,0.26383943321589776,0.030319993815024475,-2.080019317319815,0.23835579099305942,2.0323301064525356,-0.6238038207725929,0.004
4416.935586311,-0.18583367889172614,0.3425948348832427,0.2013412352231071,0.5076253102020679,0.2442192764044675,0.27305359924637784,0.48749516485451877,0.20602785548527985,0.3246848475806533,0.06730225247416048,46.83057029225271,46.830570292252666,16.262642503222967,43.69342052240694,0.3509649393781664,0.1665080133640266,-0.0003631781364072911,-2.0907583245369636,0.37350735246363126,1.8813393251190678,-0.7746015616343028,0.4848776868684457,0.2828285753400022,0.031782038396802756,-2.092437479069366,0.2183557909930594,2.0523301064525357,-0.6038038207725929,0.004
4416.970237186,-0.18990565477035315,0.34284990173771696,0.196131308715011,0.5078038570001999,0.24706965951950643,0.26940665069071057,0.4863559387873106,0.21273026227967334,0.3186391046632146,0.06374199496891021,47.24602036423579,47.246020364235754,17.09930300228313,43.51483319175897,0.36433384994009094,0.17849754685818442,0.0024282359640212274,-2.0912648047120914,0.35788711509121834,1.8985488343259023,-0.7574462549272296,0.5048776868684457,0.3018608292116063,0.03064379700920073,-2.1040071274590892,0.1983557909930594,2.0723301064525357,-0.5838038207725929,0.004
4417.002120629,-0.19348891151735068,0.34230848997504537,0.19194027556055238,0.5074248687663299,0.24957793924240468,0.2664729274825895,0.48465548198693487,0.2195131943059127,0.3117687906403236,0.058941064476391844,47.10355099517348,47.10355099517345,18.02758514333335,42.80925846388845,0.3784247804224495,0.1912443853879265,0.004862190762787334,-2.092854875239621,0.34184111609165335,1.9160105453275658,-0.7400173210444917,0.5248776868684457,0.3207931694314619,0.026882353482089862,-2.1142767451639406,0.17835579099305937,2.0923301064525357,-0.5638038207725928,0.004
4417.036058063,-0.19722678552850634,0.34194166273596144,0.18777969533874758,0.5071680896989711,0.25219445105021365,0.26356052132732616,0.48248691582653136,0.22624727866710043,0.3042100503693468,0.05417379726157909,46.807213358528315,46.80721335852828,19.030818587683086,41.9036523538219,0.3931589143668744,0.2046564029263852,0.006748291082819435,-2.0953020493957473,0.32541005415605995,1.9336980888906679,-0.7223410663746322,0.5448776868684457,0.3388394915487117,0.02053604469354115,-2.1228270976044534,0.15835579099305935,2.1123301064525357,-0.5438038207725928,0.004
4417.062406406,-0.19841877682721867,0.34199002506115506,0.18703089999053124,0.5072019433266066,0.25302884495931227,0.2630363645835747,0.47996438497675087,0.23280473891900028,0.29613442164221415,0.04739599593898764,46.31913868481455,46.319138684814504,20.092457373149323,40.89674903467422,0.4084819942232925,0.21859038220928884,0.007847500084094043,-2.0983600054250773,0.3086301554152188,1.9515863703959622,-0.7044413445920433,0.5648776868684457,0.35539607120964284,0.011488086122237142,-2.1293251858846,0.13835579099305934,2.1323301064525357,-0.5238038207725928,0.004
4417.090054563,-0.19965682512476224,0.3419780980793625,0.18756054181757414,0.5071935944393519,0.2538954787675928,0.26340711386250476,0.4772165427680505,0.2390744254606414,0.28774210644284537,0.04135793892249225,45.43333241230023,45.433332412300196,21.19634134350696,39.64762443883766,0.42432650050238524,0.23284299599179026,0.007962112650783672,-2.1017873011503068,0.29153486485020014,1.9696544092742159,-0.6863396321911087,0.5848776868684458,0.36962613907850234,-0.00014867743683568465,-2.1338076958410572,0.11835579099305932,2.1523301064525358,-0.5038038207725928,0.004
4417.118190112,-0.1999778841153521,0.34137068592489844,0.18814586668987546,0.506768405931227,0.2541202200610057,0.26381684127311567,0.474375590937703,0.2449736202348241,0.2792571798643424,0.03703186205683833,44.42032744924038,44.420327449240354,22.327452316379723,38.239018813285384,0.440631566350143,0.24715530406064715,0.0069283897481461345,-2.1053600596321616,0.2741545436526074,1.9878839232607384,-0.6680553359697426,0.6048776868684458,0.38103007083359497,-0.014215205023856916,-2.136293477367159,0.0983557909930593,2.1723301064525358,-0.48380382077259276,0.004
4417.14615074,-0.20009198016279633,0.3404291546792073,0.18868276616901286,0.5061093340592432,0.25420008729421667,0.26419267090851184,0.4715753587128058,0.2504486800870686,0.27091164750226226,0.035380971661749944,42.915992425177734,42.9159924251777,23.47186092417318,36.44578861277729,0.45734071706861285,0.2612393218467548,0.004620850771523727,-2.108878897213761,0.25651695056360063,2.0062600805539565,-0.6496059926924916,0.6247582780827288,0.38941959735222437,-0.03028566012261262,-2.136991240303541,0.07835579099305928,2.192330106452536,-0.46380382077259275,0.004
4417.173641612,-0.1987821916521365,0.33971416546145133,0.1896494468142944,0.505608841606814,0.2532832353367548,0.26486934736020895,0.46894592337385144,0.2554702073589595,0.2629259079367166,0.03677946950100812,41.372212246481,41.37221224648095,24.616704175122013,34.757213362166596,0.474347119313161,0.2748103824605629,0.0009871781875879383,-2.112174447481977,0.2386462434589856,2.024769809029528,-0.6310075445242954,0.6422613359075537,0.39461752576833437,-0.04809493079394819,-2.1360610524599397,0.058355790993059264,2.212330106452536,-0.4438038207725927,0.004
4417.202946831,-0.1964017641323756,0.33888927635869565,0.19008263326433636,0.505031419234885,0.2516169360729221,0.2651725778752383,0.46663797169319243,0.25997812831631933,0.25550120323895664,0.04046605784139418,39.91286115857472,39.91286115857469,25.74586855103444,33.19780577394323,0.49138326102171664,0.28759686403341506,-0.003959793416245297,-2.115109344547086,0.2205628518969354,2.043400483388661,-0.6122745323591404,0.6565274384161571,0.39667378400964026,-0.06736577398386011,-2.13377582398448,0.03835579099305925,2.232330106452536,-0.4238038207725927,0.004
4417.232230773,-0.19326184287529383,0.337674500159876,0.1895466657920229,0.5041810758957113,0.2494189911929649,0.2647974006446189,0.4648161816489197,0.2638815022610335,0.2488116298029921,0.044880998149061886,38.85800750447887,38.85800750447883,26.84215817406122,31.912327859116026,0.5081384281066592,0.2993541705571558,-0.0102138054334688,-2.1175877992864884,0.2022868862978714,2.062143790879093,-0.5934199326579512,0.6676553265762656,0.39577509822943185,-0.0873607856670972,-2.1306153542272015,0.018355790993059243,2.252330106452536,-0.4038038207725927,0.004
4417.26030589,-0.1899665327320158,0.3362558001631343,0.18861558986548632,0.5031879858979921,0.24711227409267028,0.2641456474960433,0.4636198462264925,0.2671090862124365,0.24299605062178556,0.049120419582492796,37.78440573988896,37.78440573988891,27.892019169021296,30.60647395851362,0.5243163310531087,0.3098715931676396,-0.01771537460573206,-2.1195649786549313,0.18387023814314332,2.080993932714302,-0.5744553514937426,0.675737785219264,0.3919311628275477,-0.10736078566709721,-2.126957095346343,0.000451904625379803,2.272330106452536,-0.3838038207725927,0.004
4418.39401108,-0.08928039539830393,0.37305586213482944,0.30301323107726275,0.5047678351310851,0.24760084139697952,0.2624598038997247,0.45948782246324515,0.292196236800988,0.20053529589724833,0.08873372261879,0.42369858484124673,0.42369858484124656,25.670282351131135,25.867359004795954,0.6739817069585625,0.3981045957734124,-0.10614300500342873,-2.1313018214037314,0.0030504025565460057,2.269066414531082,-0.38524391122616597,0.6669905877536588,0.3719311628275477,-0.12736078566709721,-2.1251980246248543,0.01766324171320792,2.2648381853780353,-0.36380382077259266,0.004
4418.420961691,-0.09148781240886063,0.3745485323161255,0.2992156861280361,0.5058127042579923,0.2491460333043692,0.25980152243526605,0.4600398878287571,0.29144312777916825,0.20126248944785685,0.08550446367281372,0.48566687609002757,0.48566687609002707,25.36552619158644,25.37171781877285,0.6736434472504036,0.3963450322446823,-0.10804118054898819,-2.131401153450233,0.004962785443702929,2.2682750383979866,-0.3824814724236183,0.6579343223478804,0.35193116282754766,-0.14736078566709723,-2.1214637835219694,0.035742773362925896,2.257680027569252,-0.34380382077259264,0.004
4418.449631438,-0.09493119024699373,0.3763161903145914,0.29660236426612857,0.5070500648569185,0.25155639779106237,0.25797219713193076,0.4614542218261268,0.28978401325887104,0.20296633084968072,0.08103071523505155,0.7336667732959906,0.7336667732959888,24.760605531240657,24.25209135631187,0.672581529347351,0.39297018882670887,-0.11160356848979015,-2.13116633552788,0.008407415464662017,2.266868302498529,-0.3780586599692814,0.6493773226184854,0.33193116282754764,-0.1669623861787439,-2.1155350624943323,0.05313738080624944,2.251064168594459,-0.3238038207725926,0.004
4418.477685042,-0.09962944585970464,0.37855809842417804,0.29492040754879917,0.5086194005336291,0.25484517671996004,0.2567948274298002,0.4638038995086026,0.2872551484448825,0.20570801624360505,0.07529075425647146,1.5786800010113347,1.5786800010113344,23.870285806338632,22.720522844693704,0.6707632512625429,0.38805061976409894,-0.11673114448332819,-2.1303618637411117,0.013169742289973165,2.2650131530009325,-0.3721349111266799,0.6416103197170753,0.3131944621043676,-0.18515608655233232,-2.1075773028191613,0.06948213601331364,2.246485643108058,-0.3038038207725926,0.004
4418.505546634,-0.10311604216240389,0.3814019268826197,0.2937166981870421,0.5106100804545383,0.2572857941318495,0.25595223087657026,0.4670589454899729,0.28401778007313705,0.20952031994895332,0.06904507789449686,2.5168044904449474,2.516804490444943,22.727063835196944,21.253376276825296,0.6682892559565221,0.381723730466693,-0.12319616362951612,-2.128798268277408,0.019011957601866,2.2630077233350576,-0.36485454697916286,0.6347877604506188,0.29782015611730434,-0.20176487466548787,-2.0979220289790064,0.08457529830392392,2.245263804228667,-0.2838038207725926,0.004
4418.535590331,-0.10581505133345195,0.3827087259970706,0.2922287062229145,0.5115248398346539,0.25917510055158316,0.25491063650168094,0.4711268170406668,0.2802562749009384,0.21426877035499894,0.06105880314497029,2.942506607624699,2.942506607624694,21.372344231912166,19.672197020395462,0.6653057862889187,0.37445455475129585,-0.13072957103068727,-2.126315965364846,0.025714472604590168,2.2612090270452545,-0.35634813128997517,0.6292007776455998,0.2860463049804443,-0.2166522132351896,-2.08693714679416,0.09824933214837714,2.2468547711762734,-0.26380382077259257,0.004
4418.565056886,-0.10784755543784012,0.3840573497232056,0.2911614893815378,0.5124688764429484,0.26059785342465486,0.2541635847127172,0.4758532285012232,0.27612808930383903,0.21973389395354107,0.05260510912856242,3.429871710655935,3.4298717106559318,19.85372752594139,17.831852960055997,0.6619893981458248,0.3667110334197033,-0.13906901359158874,-2.122873370153831,0.03304030565229298,2.259796853869046,-0.34673378506858765,0.6251009767811673,0.27799590773424615,-0.2297729466312152,-2.0749617314722526,0.11010696145429964,2.249874552650491,-0.24380382077259255,0.004
4418.594992575,-0.10880961516012139,0.38638973598963,0.2909007332972336,0.5141015468294454,0.2612712952302518,0.2539810554537043,0.4810632860235714,0.27177908956511726,0.22569988381862527,0.04474108948062823,4.218151082286905,4.218151082286901,18.221305494070585,16.020857166511476,0.6585133233098629,0.3588966461269429,-0.14795176805540888,-2.1184942310898305,0.040762991613293886,2.258879538264823,-0.3361183067855529,0.6221579461919646,0.273300802774602,-0.24087666212545983,-2.062635594098783,0.1206691482896421,2.2553290973322317,-0.22380382077259253,0.004
4418.62288311,-0.11066515775043681,0.3874889695052542,0.2884905172533888,0.5148710102903824,0.2625701750434726,0.25229390422301295,0.4866006582689153,0.2673524823680929,0.2319698934915888,0.035144682086708796,4.697173490112386,4.69717349011238,16.521487238650092,13.742047768615402,0.6550144432555507,0.35134878995449953,-0.15711089616184565,-2.113260838270322,0.04872731803281979,2.25867359908669,-0.3245982160021362,0.6205300396203632,0.27203044974840496,-0.24978107871954147,-2.0502771908942554,0.1297760552508057,2.2625832252600264,-0.20380382077259251,0.004
4418.651034549,-0.11190392524905786,0.38916505863784423,0.2869015505062752,0.5160442726831954,0.2634373122925073,0.2511816275000334,0.49231650739289584,0.2629831238667295,0.23834984925435554,0.026979022698087263,5.34111232376405,5.3411123237640465,14.802951355358973,11.537922754312898,0.651625877935475,0.344390356058653,-0.16629946751638616,-2.107247671526761,0.056768673169106026,2.2592349864858474,-0.31226065211203885,0.6200313999697655,0.2743948549393256,-0.2563811666787966,-2.037954180686068,0.1377113492484972,2.2708758533154993,-0.1838038207725925,0.004
4418.679560724,-0.11419344068183555,0.39120543003684616,0.2866114258395045,0.5174725326624968,0.2650399730954517,0.2509785402332939,0.4980742558399678,0.2588008787724522,0.24464463613824172,0.021338645288304276,6.598012315802861,6.5980123158028565,13.115285207546357,9.27343065383966,0.648456816558403,0.3383043774787719,-0.17528041505046604,-2.1005649182954547,0.06476334903175832,2.2606313177094663,-0.2991844589318831,0.6206979842789451,0.279599518929721,-0.2606737700486718,-2.026403909599615,0.14432933235800735,2.2815581131468434,-0.16380382077259248,0.004
4418.706482116,-0.1160808391568262,0.39335968828198553,0.2849457763299358,0.5189805134340943,0.26636115202794514,0.2498125855765958,0.5037581367852605,0.25493043876645916,0.2506846332625717,0.0190562961687703,7.569376870001708,7.5693768700017,11.511213924344272,7.186923793900045,0.6456006921470518,0.33329408411833183,-0.18383440461751469,-2.093373498651072,0.0726023347409627,2.263037808293644,-0.28544201212237136,0.6223078613798207,0.2875355329556188,-0.2625753606254356,-2.0158131217767634,0.15007907291568248,2.294835810950985,-0.14418044732362284,0.0036912882282258094
4418.735880634,-0.11721524617831501,0.394837489283017,0.28065937847802774,0.5200149741348163,0.26715523694298726,0.2468121070802602,0.5092711779548595,0.25148832622237927,0.2563183100784832,0.021242625622257257,7.941332580674851,7.941332580674845,10.054943646681807,5.1361212809818495,0.643132343781342,0.32952999177161957,-0.19176887368995812,-2.0858238425782494,0.08020558873989081,2.2665567652765435,-0.27124881222757136,0.624900904703837,0.29857803118288495,-0.2624306746445132,-2.0061705973620994,0.15459865916545895,2.3093311366347145,-0.1283491965925284,0.0029653640278146584
4418.76540168,-0.11807063599826263,0.3972896137493194,0.27919579352065194,0.521731461261228,0.26775400981695063,0.2457875976100971,0.5145320668315266,0.24857139349062424,0.26139010166319676,0.025753488734624883,8.892382586816138,8.892382586816137,8.832560133324645,4.028696967572221,0.641116135510698,0.3271792460376128,-0.19893417789149234,-2.0780545148244696,0.08749229074707857,2.271212154846848,-0.2570628721954152,0.6281873729015515,0.31187691015443336,-0.26039096885740926,-1.9980731148844928,0.15849675485982015,2.325940904788739,-0.1171951007303839,0.003532349968267084
4418.793727297,-0.11880456970849174,0.39898264720866533,0.27462005299712516,0.5229165846827702,0.268267763414111,0.2425845792436284,0.519469416645509,0.24625304165669054,0.2657767095959639,0.032162180458008116,9.257183807438235,9.257183807438226,7.928459934328069,2.900123404653067,0.639585514632732,0.3263063055247885,-0.20520664773058828,-2.070259098563188,0.09443881615961089,2.2770881463362076,-0.243331654868514,0.6319484882342498,0.3274166114895521,-0.2566728174009041,-1.991508888437034,0.16191702027980298,2.3437969872668174,-0.1105074768478752,0.003628554043042027
4418.821138307,-0.11920834676378904,0.4006045524676313,0.26986529331130227,0.5240519183640464,0.2685504073528191,0.23925624746355234,0.5240300422361144,0.24458135490191493,0.26935093328500487,0.03847344627988379,9.243917222815137,9.243917222815126,7.395804225158696,2.2828320060128093,0.6385515946304298,0.32701573083336255,-0.21050131181395795,-2.062572128343393,0.10103532438190815,2.284125142126714,-0.23041207308022893,0.6360763229066626,0.3450734731982882,-0.2515700920858706,-1.9862213119420236,0.16493505289651894,2.3613301967227645,-0.10742732027744789,0.00366515761316151
4418.850958454,-0.11976046093408085,0.40264162190308483,0.26513117941535064,0.5254778669688639,0.26893688727202336,0.23594236773638622,0.5281631866793548,0.24357749536959547,0.27199529140412093,0.044160197062513,9.382092109864013,9.382092109864008,7.223931645783815,2.713997378816057,0.6380060734231018,0.32936732889989706,-0.21476464847417642,-2.055116824465383,0.10728914606747297,2.2921593776465903,-0.21857416000447244,0.6402439547716371,0.36432360805278774,-0.24519727374540012,-1.9820649922509943,0.16792912704147048,2.37807284159992,-0.10809002877121508,0.004
4418.881816203,-0.12090210104069068,0.40462566886830587,0.26020220662700233,0.5268666998445186,0.26973603534665025,0.2324920867845424,0.5318320804798587,0.24324172874964656,0.27362963602414286,0.0491823265447091,9.473524565294321,9.473524565294312,7.338230227155384,3.685219547855643,0.6379109784808937,0.33336563883904785,-0.21796146583850423,-2.047983770872821,0.11323398893468073,2.3009990597093455,-0.20806880831209162,0.6441616837666071,0.38432360805278776,-0.23772565079917712,-1.978480100040457,0.1710881887584676,2.3934308750011137,-0.11234163230493212,0.004
4418.910537966,-0.12146756945404213,0.40660199343477,0.25506735374104367,0.5282501270410435,0.27013186323599625,0.22889768976437133,0.5350167406942321,0.24355683725258312,0.27422941719766314,0.0529809831773332,9.438000978413399,9.438000978413394,7.631278688691637,4.686537122506286,0.6382085548117232,0.3389365652621676,-0.2200819262255217,-2.0412131843745502,0.11890992693681604,2.310385337694234,-0.1990873960994619,0.6478007724349155,0.4043236080527878,-0.22935447519203048,-1.9751976146800156,0.17421382384236203,2.406508440745936,-0.11967826145428569,0.004
4418.937835812,-0.12245787518708665,0.40926309215964307,0.250943953094679,0.5301128961484546,0.2708250772491274,0.22601130931191604,0.5377209715998944,0.2444673047495928,0.27382524504556416,0.05512519780965377,9.886630681575266,9.886630681575259,8.001997206267495,5.7356331732921735,0.6388227840138171,0.34594948125912006,-0.221170280060669,-2.0348149666148596,0.12433840435500859,2.3200749750928678,-0.1917815774943005,0.6509147651032811,0.4243236080527878,-0.2202361879049243,-1.9722943573948941,0.17739857300291192,2.4184580572918644,-0.1303131596818707,0.004
4418.966420619,-0.12387882748422369,0.4124766632960047,0.24717242727264396,0.5323623959439078,0.2718197438571234,0.22337124123649155,0.5399529510406581,0.245936154875379,0.27246900791994044,0.05601934843029741,10.73606672702355,10.736066727023543,8.38226327877832,6.620192140275597,0.6396661353740637,0.35426916512748763,-0.2212146428380177,-2.02879036725278,0.12957214554764626,2.3299735574422846,-0.18632789774035088,0.6530711920502463,0.4443236080527878,-0.2103119388633092,-1.9696382317519545,0.18142683504179816,2.430502242503833,-0.1445106123904174,0.004
4418.996516255,-0.12532118942746093,0.41500524399337724,0.2433187882691107,0.5341324024320685,0.2728293972173894,0.22067369393401826,0.5417340870500192,0.2479227711506862,0.2702244987216752,0.055976851341977565,11.358997865810997,11.358997865810988,8.734585211917171,7.325428405909571,0.6406532735961514,0.3637727008258493,-0.2202268313791825,-2.023119733346357,0.13471136765490635,2.3400668633212596,-0.18288725521116816,0.6542554781415459,0.46432360805278783,-0.19963773921010222,-1.9669686198840288,0.1861911776737227,2.4423798642513543,-0.16197127508445766,0.004
4419.025730607,-0.12704675967464116,0.4172270450712605,0.23824693026417545,0.5356876631865868,0.2740372963904156,0.21712339333056357,0.5430907499388591,0.25037567660542465,0.2671607680950122,0.05584278662127298,11.85354526143084,11.853545261430824,9.040773542388122,8.04404687907468,0.6416914119276602,0.37434629618536996,-0.21823022411590073,-2.0177601917618837,0.13983185726625094,2.3502982051502164,-0.18155784634743408,0.6543626999274557,0.48432360805278785,-0.18839767897165016,-1.9639941954032625,0.19156037568532738,2.4532371350738,-0.18173391000722144,0.004
4419.052183806,-0.1273441987144804,0.41933189773496504,0.23492973988926713,0.53716106005118,0.2742455037183031,0.21480136006812775,0.5440556902748099,0.253219141424085,0.26334630851666674,0.053350312624385006,12.296166156177566,12.296166156177554,9.293769923911418,8.32367428654925,0.6426578271306873,0.3858872326107141,-0.21525862971564583,-2.012643321178009,0.14499001945738546,2.3605345501120563,-0.18227538536114254,0.6533067687309618,0.5043236080527879,-0.1767758778341349,-1.9606410847286726,0.19745576838787984,2.4628325710327363,-0.20173391000722146,0.004
4419.0804964,-0.12850139534443925,0.42152703275997655,0.2316118344198662,0.538697654568688,0.27505554135927424,0.21247882623954711,0.5446661459924008,0.25636633630212535,0.2588489453456739,0.05034974897116643,13.062490837045669,13.062490837045658,9.496950515822705,8.574711816005097,0.6434413858174495,0.3982978722558675,-0.21136981618877615,-2.0077144930632875,0.15024824974711737,2.3706847235764665,-0.18485068252913975,0.6507668335471144,0.5243236080527879,-0.16479376812329877,-1.9571400080849162,0.20452240567998028,2.471966409408323,-0.22173391000722148,0.004
4419.107740874,-0.1291375064250599,0.42320462949703713,0.22804238697502602,0.5398719722846305,0.27550081911570873,0.20998021302815897,0.5449614846791714,0.2597230260379657,0.2537295511723944,0.04678510958496209,13.578052344452813,13.578052344452804,9.66225097416822,8.722751230364084,0.6439157346129172,0.4114893776029801,-0.20661375847092214,-2.0029359010888665,0.15571999387843508,2.3806948203794938,-0.18910478363641164,0.6467242435115832,0.5443236080527879,-0.15248948254581804,-1.953418789548805,0.21276666260722576,2.4798265720929358,-0.2417339100072215,0.004
4419.13577535,-0.13031415749118921,0.4247367603618549,0.22463738437397907,0.540944463890003,0.27632447486199924,0.20759671120742612,0.5449765802657339,0.2631919695658245,0.24804087058589053,0.04271358900457939,14.131314958343747,14.131314958343735,9.80024816676243,8.77163604814946,0.6439677938882404,0.42538200789670083,-0.20105187826356052,-1.9982661254563419,0.1614865295516882,2.3904445938978807,-0.19487594499418023,0.6412170318046791,0.5641032602393384,-0.13998753637434455,-1.94942030493626,0.22204261247375642,2.486450140812902,-0.2617339100072215,0.004
4419.162747408,-0.13164039902552754,0.42575482008878895,0.2228987615088651,0.5416571056988567,0.27725284393603605,0.20637967520184633,0.54474594447648,0.26667938056942925,0.24184409134500545,0.03713574915003453,14.576486732158727,14.57648673215872,9.923121046904738,8.595625722015244,0.6435028745672456,0.4398606673493855,-0.1947545617462831,-1.993688716513231,0.16760044468596327,2.3998505486499955,-0.20201802967587845,0.6346858446844847,0.5820627255359141,-0.12764802726131347,-1.9454271761787771,0.2315152637354579,2.4921056112690705,-0.28173391000722153,0.004
4419.19151548,-0.13218833589165535,0.426463765285399,0.2219308929761286,0.5421533673364838,0.2776363997423255,0.2057021672289308,0.5443011720648065,0.27010007954498266,0.235251922386189,0.030571182789054636,14.999183955757983,14.99918395575797,10.045756182685402,8.367042475171244,0.6424740314095307,0.45469915620426465,-0.18782381960218766,-1.989226952290345,0.17402975200944143,2.4088447436382547,-0.21039895811020798,0.6272763786838561,0.5973511280419307,-0.11568382847501096,-1.9416804352775308,0.2409301116947399,2.4966192066600956,-0.30173391000722155,0.004
4419.220952287,-0.13337309364044084,0.4265686492074273,0.2219801862563931,0.5422267860819036,0.27846573016647536,0.20573667252511593,0.5436785172754528,0.2733822738503956,0.2284197596166712,0.023291017401111867,15.24710730345047,15.247107303450457,10.18470850572159,7.915161113794124,0.6408527343839101,0.46961245024963255,-0.18036787101284094,-1.9849096220049602,0.1807290079517712,2.41735541583026,-0.21989936203474883,0.619331085983426,0.6095227663738841,-0.10436173289709193,-1.9383993433671025,0.24980452704885425,2.500104135928852,-0.32173391000722157,0.004
4419.249917192,-0.134401150679273,0.42624671876355363,0.22216561966951606,0.542001434771192,0.2791853700936579,0.20586647591430202,0.5429171656593409,0.27646498173870765,0.22152264117554576,0.015917116150503972,15.2769720974772,15.276972097477191,10.355283995877901,7.272089490579318,0.6386590142264585,0.48428037983786076,-0.17253145664161573,-1.9807895817619787,0.1875887010256414,2.4253200479317187,-0.23041135859312104,0.6114592609488132,0.6181144294478516,-0.09426031561701724,-1.9359586761657404,0.25741266283102643,2.5022486491896427,-0.3417339100072216,0.004
4419.276565167,-0.1356304230994848,0.4258197140042766,0.22218420909486164,0.541702531439698,0.28004586078780613,0.2058794885120439,0.5420541534949338,0.27929886841219764,0.2147400049550413,0.008898898095583113,15.240834471441174,15.240834471441161,10.56868266133212,6.599804776892927,0.6359524654056383,0.49838023692442995,-0.1644828471440262,-1.97692698114842,0.19446922446783615,2.432650967256699,-0.24183744331257212,0.6038477261630042,0.6232455268470075,-0.0854872188139252,-1.9342894050040553,0.26361150892510654,2.502844384345302,-0.3617339100072216,0.004
4419.305306427,-0.13669121477933666,0.4253795847192806,0.22219941717709196,0.541394440940201,0.28078841496370244,0.20589013416960514,0.541129956919521,0.28185044788963437,0.20823974162515094,0.0025920109814803944,15.162512270767316,15.162512270767307,10.832819584260012,5.829845027136013,0.6328064602675726,0.5116242046760119,-0.1563864371877897,-1.9733678816238132,0.20122908313386953,2.4392645722845865,-0.2540895089747057,0.5967515233583622,0.6251032864161318,-0.0781981243798247,-1.9334236494570551,0.26825635043332113,2.502007893611309,-0.3817339100072216,0.004
4419.33354929,-0.137628306056729,0.42492549934598994,0.22222161094188977,0.5410765811788975,0.2814443788578771,0.2059056698049636,0.5401862159023876,0.2841004214320827,0.2021700535132882,0.004669276342243827,14.998642996775127,14.998642996775116,11.152377886622604,4.924058506258813,0.629315525136348,0.5237666902443635,-0.14840658124623615,-1.9701549728966676,0.20772793890113997,2.4451140219953076,-0.2670570900717481,0.59047405546159,0.6238415624654282,-0.0725274342720786,-1.9334280025305512,0.2713316967450422,2.5002171816651706,-0.4003165709988601,0.003497608226714749
4419.362603709,-0.13751814235689122,0.4248998794935515,0.22226673596268925,0.5410586472821906,0.28136726426799064,0.20593725731952325,0.539262467752869,0.2860421296853055,0.19665755913924463,0.010544829343741265,14.703175442706055,14.703175442706035,11.525022763730302,3.854795381729625,0.6255850107027369,0.5346014610278066,-0.14069916041057282,-1.9673324698002732,0.21384865080642032,2.450191689110045,-0.2804612487072986,0.5850186747982559,0.6196560269847498,-0.06868686261815424,-1.934407676252347,0.27296244545907167,2.49779969346887,-0.4158277782511701,0.002829813199573431
4419.390511053,-0.13722874724830686,0.4248784670093374,0.22227037094806557,0.5410436585432407,0.28116468769198155,0.20593980180928667,0.5383972538303284,0.2876693622562782,0.1918044498648743,0.015783612504250553,14.574631838886349,14.574631838886333,11.94040200941661,2.983434769082932,0.6217190603235436,0.5439646124520512,-0.13341737348009933,-1.9649465555041559,0.21949276466437592,2.4545168580445718,-0.29395916670180744,0.5802542914303296,0.6128853499394619,-0.06650572190606899,-1.9363148767969884,0.27354119288708656,2.49476881299272,-0.428430920405713,0.002289770982367829
4419.41774546,-0.1370616330810811,0.42486791369533367,0.22226708657548355,0.541036271223438,0.28104770777492355,0.20593750274847925,0.5376254817709467,0.2889775818413381,0.18768555946217677,0.02019033979716096,14.53111831908814,14.53111831908813,12.385205593675243,2.273844978508483,0.6177872183215887,0.5517389177295401,-0.12666942866363443,-1.9630310644235855,0.22462899278776408,2.4581100833775418,-0.3072752389593924,0.5759534212579663,0.6038503781221743,-0.06563534062385633,-1.9390310707888132,0.2736443968847781,2.4911611258807618,-0.4384480899803453,0.001966833169235766
4419.444678013,-0.13693943172263473,0.4248563191381065,0.22227384703954314,0.5410281550333791,0.2809621668240111,0.20594223507332096,0.5369830801682132,0.2899696791113248,0.18435506244516603,0.0237382377262649,14.447409665701494,14.447409665701485,12.846419582420735,1.6132759687354277,0.6138357116246319,0.557859291544402,-0.12052723761141491,-1.961581622151191,0.22926781241428587,2.461020694478205,-0.3201868758271324,0.5721560403453834,0.5929614066700525,-0.06593978814617177,-1.9424058374841717,0.27332947879223485,2.4870923837280854,-0.4460413700599213,0.002303242111968904
4419.471384048,-0.13677235096488283,0.4248453254451021,0.22227050900243797,0.5410204594482759,0.2808452102935848,0.20593989844734734,0.5365008096236542,0.29065570919903105,0.18184533730829364,0.026404942715229706,14.404530595733302,14.404530595733291,13.310378147940348,1.1542132666485312,0.609913135293976,0.5623020785837629,-0.11505011216953602,-1.9605868855184698,0.23341662893156806,2.463250133315234,-0.3325025170878776,0.568863048957077,0.5806336913854946,-0.06725692294223297,-1.9463025959917157,0.27271817105962104,2.482673536262304,-0.45135614554852227,0.002558218694774284
4419.500243665,-0.13734664693418738,0.4246226162191843,0.22228712023833921,0.5408645629901335,0.28124721747209797,0.2059515263124782,0.536180060333725,0.2910390937077878,0.18015063243417406,0.02799127596720946,14.327909536245105,14.327909536245098,13.763230185729984,0.9633937463176592,0.6060646623395645,0.5650753280208031,-0.11027546542486563,-1.9600730217382467,0.23709111920547649,2.464833783495778,-0.3440628117940619,0.5663006634845058,0.5673124153527007,-0.06959669845027884,-1.9505747313523238,0.27158416796088947,2.4781360932440295,-0.4543569554756575,0.002716971285640816
4419.527383711,-0.13739158625825587,0.4246219233250122,0.22229700780560815,0.540864077964213,0.2812786749989459,0.20595844760956647,0.5360260056516549,0.2911354575754834,0.17923468651591107,0.028891564745673524,14.288359136211795,14.288359136211788,14.19307329964309,1.097861674690735,0.6023484924141047,0.5662761092565838,-0.106235403709022,-1.9600088047226372,0.24028726030603356,2.465826611670147,-0.35472726896746104,0.5644773955676375,0.5534522659928625,-0.07268301942903371,-1.9549698905213018,0.2699742104287834,2.4734752563484474,-0.4554183329282935,0.0027987286381278707
4419.556571476,-0.13814373001754762,0.4245193456044359,0.2224968030597362,0.5407922735598096,0.2818051756304501,0.20609830428745612,0.5360311935032094,0.290971430702395,0.1790606867351985,0.028943408200339183,14.32738004491852,14.327380044918511,14.592221866685568,1.3983036501827995,0.5988146660327751,0.5659851252023747,-0.10292913861932648,-1.9603636417958397,0.2430113729109005,2.466274754607181,-0.3644050155597427,0.5633583436803097,0.5394410988301125,-0.07633139680644604,-1.9593389178327205,0.2679781632640718,2.468819905984038,-0.45477928391508426,0.002802658702250591
4419.585836325,-0.13806662411246046,0.4245073478022224,0.22251272779894748,0.5407838750982601,0.2817512014968891,0.20610945160490401,0.5361875356698134,0.2905819178502408,0.1795824325089867,0.028333560128759126,14.207924615006046,14.207924615006032,14.95586065092296,1.8069539119803508,0.5955166260626711,0.5643237637099308,-0.1003473862829263,-1.961085603270444,0.24526932026918982,2.4662528693327577,-0.3730187024282438,0.5630322293344238,0.5255593892702879,-0.0806404302616352,-1.9637201245710276,0.26557084801124875,2.4646532423252827,-0.4522092953880256,0.0027408791691945276
4419.615232009,-0.13807968309721136,0.4244942559321371,0.22254717474680463,0.5407747107892005,0.28176034278621476,0.206133564468404,0.5364782731528678,0.29000506219176503,0.18073624120867318,0.027045495062919766,14.017236072382653,14.01723607238264,15.279935879976959,2.319095111320949,0.5925052162896326,0.5614387998008781,-0.09845797979652467,-1.9621278251756207,0.24709833623834535,2.4658553574922872,-0.3804870001481955,0.5637669333121099,0.512237840186152,-0.08562822948677186,-1.9679660426660328,0.26241027615096607,2.4609875719364616,-0.4476494633604362,0.002612333609956576
4419.643022712,-0.13807968309721136,0.4244942559321371,0.22254717474680463,0.5407747107892005,0.28176034278621476,0.206133564468404,0.5368766248108408,0.2892873150569973,0.1824435704880045,0.025160806836251864,14.017236072382653,14.01723607238264,15.562305585543426,2.5027017867971013,0.5898570552232454,0.5575018058509638,-0.09725238166726731,-1.9634400012839202,0.2484652100310923,2.465168287063953,-0.38675516565221985,0.5651993823225488,0.49971197231172026,-0.09104709861271099,-1.9720185651436508,0.25891417205170064,2.457761298201139,-0.44147321343762075,0.0024272670893051903
4419.671567981,-0.13861983622199445,0.42438069894682007,0.22273337686439795,0.5406952208994785,0.2821384499735629,0.20626390595071933,0.5373656697830296,0.28844771461161983,0.18461747665217426,0.022791679014214652,14.0556057953195,14.055605795319488,15.799780054129547,2.6838395899730756,0.5876005621122888,0.5526951645767104,-0.09671165534849466,-1.9649703152018856,0.24936390571508377,2.4642599760642203,-0.39178884704449496,0.5670957432343969,0.48822288595703595,-0.09650408842587088,-1.9757223685257856,0.25535949880149256,2.455006064926314,-0.43432946572973063,0.002201938301049625
4419.700091542,-0.1378918149863071,0.42458107130800216,0.222748328990031,0.540835481552306,0.2816288351085817,0.20627437243866248,0.5379251839143547,0.2875135454506224,0.1871670857003967,0.020203664386677304,13.895305177865927,13.895305177865918,15.992941849850547,3.0156734458752004,0.5857436844667538,0.5472089322000916,-0.09677932024084618,-1.9666605077340837,0.24982572286060134,2.4632005129282306,-0.3956156270337419,0.5695497644958998,0.4779667134223605,-0.10210114281270155,-1.9790572384343699,0.2515318646833266,2.452786965733495,-0.4261516429364565,0.001947098921196609
4419.728506087,-0.13772479257236253,0.4245700360209924,0.2227448380370559,0.5408277568513992,0.28151191941882053,0.2062719287715799,0.5385335664030377,0.2865126798362026,0.19000014412169275,0.017176783466578117,13.852255759216842,13.85225575921683,16.142585799978818,3.1121912333303157,0.5842923993925242,0.5412317526006754,-0.09740007628276924,-1.9684587758984802,0.24987449556049224,2.462053976813521,-0.39825294252847177,0.5724177584381286,0.46910252848654727,-0.10761967518538285,-1.9820003263663981,0.2477233653932755,2.4509695571498713,-0.4170826387084589,0.0018970493055324234
4419.758279559,-0.13808698880914483,0.42433567412309015,0.2227468981355327,0.5406637035228676,0.28176545678456816,0.20627337084051367,0.5391724705776879,0.28546164489317993,0.19302193070713441,0.013837855608423108,13.777729856277661,13.77772985627765,16.24896321387635,3.2133862884901925,0.5832192051509205,0.5349495575547506,-0.09850453447040082,-1.970319203755471,0.2495604438481536,2.4608654816726494,-0.39973243651396634,0.5755835992545744,0.4616940801281198,-0.11301259597776205,-1.9846117209877145,0.24408818693330855,2.449612227235125,-0.4071762845141223,0.0020514531832105296
4419.785494206,-0.13758608159519045,0.42430049268677883,0.22273607013924984,0.5406390765174497,0.2814148217348001,0.20626579124311567,0.5398186923771977,0.28438567526788705,0.19614075491841448,0.010583730978683781,13.651970454849023,13.651970454849012,16.312808549938243,3.358429633811847,0.5825445201358531,0.5285382506158283,-0.10004611795955412,-1.972205944553559,0.2489324183187161,2.459687090089718,-0.4000838080146711,0.5790784517200087,0.45579514868827675,-0.1182049972721493,-1.9868975959907966,0.24063969798600443,2.4487472316759797,-0.3964861283460958,0.002199118624823008
4419.816743008,-0.13705138325738897,0.4243724353223475,0.2228958230212113,0.5406894363623477,0.2810405328983391,0.20637761826048867,0.5404473694727622,0.28331621237761445,0.1992696561033906,0.007467291309314712,13.63974631280926,13.639746312809244,16.336135748205887,3.3949480101332377,0.582261071082709,0.5221603759403415,-0.10195007553313566,-1.9740890813182543,0.24804846419965887,2.458566888283169,-0.39935305505748725,0.5826644672637471,0.4513728017852369,-0.12304395360932066,-1.9889327670073613,0.23768163605146794,2.448474814207109,-0.38531612031188434,0.0022530963814722245
4419.845360991,-0.13678823874882573,0.4245971910878902,0.22338264925573253,0.5408467653982276,0.2808563317423448,0.20671839662465355,0.5410391570804808,0.28227533430541857,0.20232885794919386,0.004617210480015663,13.599903953332038,13.59990395333203,16.321057283513614,3.415111474580094,0.5823434637054622,0.515959340765346,-0.10414181443080918,-1.9759514827822688,0.24698316022037184,2.4575572005596205,-0.3975964945794759,0.5863071547838984,0.44836180668308856,-0.1276260606134381,-1.9907660810413619,0.23513493321036136,2.448784076944669,-0.37368015423233697,0.0022988715999407
4419.873071023,-0.13578899301489356,0.4246371503393816,0.22306961870680403,0.5408747368742716,0.2801568597285923,0.2064992752404036,0.5415806982185579,0.2812770758924049,0.20524723719803872,0.0018223240471503855,13.483235993077413,13.483235993077402,16.26960459587663,3.451916247426846,0.5827644502385058,0.5100626972678258,-0.10655975263852821,-1.9777754920456025,0.2457875989287654,2.456695219101538,-0.39488790935746015,0.5899755119201789,0.44676396948401026,-0.13179158249636394,-1.9923338300357842,0.23294476194625716,2.449601807814342,-0.3620327814576413,0.0023245655817808633
4419.901095493,-0.13632959880217851,0.42452381691449737,0.2232549837496019,0.5407954034768526,0.2805352837796917,0.2066290307703621,0.5420606241513785,0.28033544532254084,0.20796244635957978,0.0018489769868153538,13.525672294668432,13.52567229466842,16.18483490263249,3.2447085662757655,0.5834927310505471,0.5045814589008921,-0.10914122036833941,-1.9795427011577684,0.24450521458544686,2.455989366570533,-0.3913264198869139,0.59369974625471,0.4465145681216266,-0.1355329548864549,-1.9935793866373936,0.23090995213503065,2.450850447373071,-0.35064591622980706,0.00224434486440839
4419.928048693,-0.13606325392783009,0.4247129742216903,0.22361664494913147,0.5409278135918877,0.28034884236764784,0.2068821936100328,0.5424718639370255,0.2794653401171934,0.2104229888202207,0.0039625621023988995,13.568938981918894,13.56893898191888,16.07078336240356,3.122914912210792,0.5845047832771262,0.4996105986582534,-0.11183082574925816,-1.9812357235841815,0.2431565797616935,2.4554858413006655,-0.3870226021755913,0.5974692801362159,0.4474392357547917,-0.13885207914403616,-1.9946023983330115,0.22905894460417525,2.452873611736421,-0.3396153358424211,0.0021747717661185825
