timestamp,omy_position_x,omy_position_y,omy_position_z,fr3_target_position_x,fr3_target_position_y,fr3_target_position_z,fr3_actual_position_x,fr3_actual_position_y,fr3_actual_position_z,position_error_norm,omy_relative_angle_deg,fr3_target_angle_deg,fr3_actual_angle_deg,orientation_error_deg,q1,q2,q3,q4,q5,q6,q7,q_cmd1,q_cmd2,q_cmd3,q_cmd4,q_cmd5,q_cmd6,q_cmd7,max_joint_step
5147.225390155,-0.09212148041393309,0.34062161081304076,0.34879464452784653,0.5561201206252825,-0.00016733499522651702,0.6182581154132255,0.5559442554098055,-4.536536948817386e-05,0.6186214605531052,0.00042169284353862885,0.12429610778710609,0.1242961077871084,1.45827703764156e-05,0.12428259226582025,-1.6568474368763197e-08,0.005829109292377651,-1.5935915061282238e-06,-1.5762418823396325,-0.000415761868618258,1.5699622506291595,-0.7852996998240658,-1.4344144317123737e-05,7.504484515668397e-05,-1.5193684160259729e-05,-1.5707696954306511,-3.632139613165913e-05,1.5707317156027123,-0.7851325796697879,6.214378842470114e-05
5147.253318515,-0.09170684222740492,0.3402967924525229,0.3493031647753113,0.55589274777292,-0.00045758172579623104,0.6186140795864509,0.5559443069954305,-4.624336497780879e-05,0.6186210098482154,0.00041461503715471275,0.31689406902965234,0.316894069029652,0.000915978434142888,0.31610739360864665,-1.1647780182574886e-06,0.005830139986137295,-2.8543288154867203e-06,-1.576241392142618,-0.00041569739561656466,1.5699596458247778,-0.7852770397290606,-0.0001185957567487011,0.00016195374448261217,-0.00011963280062731597,-1.5706621666995721,0.0002690479036117049,1.570445236047145,-0.7845619036608116,0.00013760101944912425
5147.28087093,-0.0918270141003408,0.3403135554750698,0.34930139135061444,0.5559044818887028,-0.000373461414741116,0.6186128381891631,0.5559428643483778,-5.04485931021113e-05,0.6186188271091144,0.0003253403807031634,0.3168940690296768,0.31689406902967526,0.0053881076984907215,0.3130818743341956,-6.512679507253776e-06,0.005833066262151159,-8.51670021454116e-06,-1.576239205579381,-0.00040450069760427835,1.569931291885988,-0.7852011169743963,-0.00024647228781746037,0.0003982362082035449,-0.00024597734681407467,-1.570376404441311,0.0007802255746200882,1.5698913187321055,-0.7840949408087998,0.00013672005454669136
5147.308790033,-0.09215038070766587,0.3406283986794093,0.34878655717801926,0.5561248721317404,-0.00014710478961356651,0.6182524542683464,0.5559391914622912,-5.6831637825206854e-05,0.6186119997897785,0.000414607687968794,0.2713398513854611,0.27133985138546063,0.013608350578143497,0.26519124800986316,-1.766009241504816e-05,0.005851051799640503,-1.996241718422548e-05,-1.5762185236846724,-0.0003495449520649317,1.5698455953730792,-0.7850985288292878,-0.0003345878397611178,0.0007127839989118868,-0.0003313928417888849,-1.5700522221768203,0.0012486658979838435,1.5692143640510476,-0.7840054770764544,0.00013845386902387198
5147.337898914,-0.092444912173795,0.34039321012501145,0.34930379292244873,0.555960240143662,5.906723667681893e-05,0.6186145192894471,0.5559377355184878,-6.420207247816777e-05,0.6186005148924857,0.0001260868901513181,0.3930587008489728,0.3930587008489723,0.024512969682283347,0.3892369659601606,-3.3553468308050097e-05,0.005898134632074442,-3.586060838310332e-05,-1.5761626436817886,-0.00025133847666373207,1.5696994954990244,-0.7850074802637033,-0.00037183805868119064,0.0010797310293806654,-0.00036258516402284653,-1.5695956683429577,0.0018789290591639265,1.568439800698259,-0.7845382567394158,0.00017178848208055096
5147.369089066,-0.09315466212425581,0.3404779509816445,0.34931241661847584,0.5560195587433051,0.0005558922019993907,0.6186205558766661,0.5559403010638667,-6.824498867095541e-05,0.6185851903233754,0.0006301426305903963,0.5895878200464255,0.5895878200464256,0.03673174330712349,0.5991143763276403,-5.1841589212446175e-05,0.0059762751434313715,-5.350926230837484e-05,-1.5760663703113371,-9.264863108705386e-05,1.5694962554137877,-0.7849906432301227,-0.0003529236046120489,0.0013852040926564365,-0.000333848282776005,-1.5690856819507852,0.0026016951876488134,1.5677289723326981,-0.785871466125983,0.0003506839875769672
5147.396604199,-0.09364468137839517,0.3408076549428275,0.348798245337952,0.5562503515161331,0.0008989056798969404,0.6182606359802993,0.5559457069252438,-6.649836356187101e-05,0.6185692955884532,0.0010583402324349299,0.8364501336640165,0.8364501336640158,0.04892679086915061,0.8417347619293126,-6.924633188791686e-05,0.0060802046139338895,-6.943739701762637e-05,-1.575930263753248,0.00010944329457082088,1.5692389933555602,-0.7851305537680698,-0.00022623229345353007,0.001787830134161744,-0.00019620475136385997,-1.5685399867055845,0.003039846032941048,1.566925892819166,-0.7879335335737274,0.0004922134946362347
5147.424825892,-0.09414331499726566,0.3408628381062636,0.3488017396316586,0.5562889797305385,0.0012479492131062867,0.618263081985894,0.5559542539969925,-5.6410777516957695e-05,0.6185523861569642,0.0013773500663357822,1.0892264414437494,1.0892264414437511,0.06424589115030928,1.0782478210704498,-8.045976876500433e-05,0.006212089025434413,-7.82098345104894e-05,-1.5757543674480587,0.0003271125674074809,1.5689278876687682,-0.7854861362009138,1.1041497236623829e-05,0.002203320724272645,5.411506782210647e-05,-1.568011008511167,0.0032748178539128885,1.5661486319643523,-0.7908158897422812,0.0006360415101821368
5147.452456274,-0.09426894590882039,0.34071033671059536,0.3498320408722755,0.5561822287535707,0.0013358908511945922,0.6189842928543258,0.5559668285508702,-3.370727884323474e-05,0.6185330684044813,0.0014580122733584826,1.2004235144614526,1.200423514461452,0.0899404008001802,1.1501452827013665,-7.976180114801799e-05,0.006371808527490493,-7.40904858362292e-05,-1.5755428260404782,0.0005430891396910866,1.5685716572177066,-0.7861025083837836,0.00027983932339120215,0.002609791253716316,0.00033859611863699957,-1.5674017138366763,0.0036054840761792877,1.5653372656097568,-0.7941145550222999,0.0006958068718468696
5147.480492861,-0.09426383371470493,0.340876916048591,0.3487996394877379,0.5562988342901676,0.0013323123153137692,0.6182616118851495,0.5559835673019679,6.226437408499833e-06,0.6185121301208386,0.0013858774894777316,1.1969068819278283,1.196906881927826,0.1330001344756364,1.093104446362275,-6.368127723359267e-05,0.006557059335691563,-5.388613022333205e-05,-1.5752965233153289,0.0007617218598053173,1.5681766448004435,-0.7869796422630339,0.0005807304064837323,0.003053314031837576,0.0006538485127142831,-1.5668600518996567,0.0037049656162227366,1.564577432421183,-0.7973873906231678,0.0006421752755769363
5147.507782127,-0.09426383371470493,0.340876916048591,0.3487996394877379,0.5562988342901676,0.0013323123153137692,0.6182616118851495,0.556004146595733,6.60101485096239e-05,0.6184894380734887,0.0013199495395647375,1.1969068819278283,1.196906881927826,0.19397105962734365,1.0248246939314545,-2.677236060322927e-05,0.006767274454515338,-1.5654452937499945e-05,-1.5750185259033231,0.0009716899836392775,1.5677428497260515,-0.788081883150778,0.0008661633420458176,0.0035249933390496973,0.0009532845355644307,-1.5663062009003976,0.0038066170675370094,1.5637780207884204,-0.8004766614343419,0.0006005165530765656
5147.536586074,-0.09405183531883547,0.3408550880885728,0.3487952167164374,0.5562835547181548,0.0011839134382051518,0.6182585159452392,0.556028502389746,0.00014831057825767627,0.6184630871781931,0.0010859900382187884,1.1436239097078504,1.1436239097078473,0.2703338572990584,0.8816727176815002,3.2294760318166404e-05,0.007000340342458679,4.1331918414974755e-05,-1.5747145870422157,0.0011800816232771518,1.5672730801994095,-0.789360130085301,0.0010736537519915107,0.0038891483641600635,0.0011755336804844072,-1.5657410965863527,0.0042025118813612955,1.5629146198485357,-0.8031405349561895,0.0005081393796277776
5147.564447623,-0.09343741019974469,0.3409910967066902,0.3487884132484157,0.556378760750837,0.0007538158548416055,0.6182537535176239,0.5560537723853326,0.0002520225124006479,0.6184355424604118,0.000624868959023601,1.1422268852188313,1.142226885218834,0.35860638790707844,0.7840988684301975,0.00010599183454008765,0.007248988364484224,0.00011531501471372478,-1.574385317227268,0.0014152934827225286,1.566760815646367,-0.7907632251668887,0.001179123806995993,0.004324440722502689,0.0012967184588828751,-1.5650533871891699,0.0048159650561889755,1.5618841090254072,-0.805490352553725,0.0004363792833451373
5147.592284096,-0.09323428549904302,0.3406962240778783,0.34930168612806684,0.5561723499106688,0.0006116285643504322,0.6186130445333797,0.5560798545556647,0.0003697670167488621,0.6184092088977814,0.00032954721246786564,1.120967489254,1.120967489253996,0.45500720394812055,0.679937914690786,0.00018539646564188426,0.007519497507122274,0.00019785193741057316,-1.5740171251128618,0.0016921043385363615,1.5661886425742395,-0.792245005275061,0.0012221260549470482,0.00478421832638888,0.0013564880419109976,-1.564287235250362,0.005697961126957315,1.5606220498599492,-0.8074963793843468,0.0003457664384597949
5147.622013448,-0.09323428549904302,0.3406962240778783,0.34930168612806684,0.5561723499106688,0.0006116285643504322,0.6186130445333797,0.5561054574347247,0.0004944287601483753,0.6183840339889054,0.0002658123904624345,1.120967489254,1.120967489253996,0.55629531416353,0.5898584134256818,0.0002613919035379765,0.007809192656891536,0.0002797134012454894,-1.5736101368564486,0.002037721699262768,1.5655483842976632,-0.7937594584415146,0.0011597174487875204,0.005230631489248229,0.0013104660340370598,-1.5634860894499094,0.0067092698305421215,1.5593585588416636,-0.8090365857046515,0.00028631937806978587
5147.649937893,-0.09305562513046438,0.34106545426431073,0.3489601187432968,0.5564308110411714,0.0004865663063453863,0.6183739473640407,0.5561304901901458,0.000616177081251738,0.6183622292699135,0.000327305484620321,1.0534414939748404,1.0534414939748373,0.6583951408551015,0.4574756444980108,0.0003265795636310479,0.008116358924257678,0.00035228013533172527,-1.5731644407079879,0.0024450117118720964,1.5648496778840846,-0.7952599634888999,0.0010454181951882165,0.005741527930845492,0.0012106500034348472,-1.5626404202050588,0.007716156060051397,1.5581914999929793,-0.8100828294122725,0.0001982328581113762
5147.678135666,-0.092727152900732,0.34091067263907826,0.34878007985280546,0.5563224639035087,0.00025663574553271874,0.6182479201406967,0.5561568479381002,0.00072892571336086,0.6183441691243496,0.0005096570695708298,0.9280817973534056,0.9280817973534038,0.7575656101892974,0.3773882788590834,0.0003783871227797995,0.008440013152763557,0.00041010126877199024,-1.5726849445772704,0.002905013355748257,1.5641110334760506,-0.7966914200996709,0.0008857888555615216,0.006162552426099871,0.0010601389099983932,-1.5619942751515612,0.00850323222569132,1.5571293115283478,-0.8103827547480229,0.00020435040456799765
5147.707864373,-0.092358161718725,0.3405943737362437,0.3492917588854515,0.5561010546715245,-1.65808187217556e-06,0.618606095463549,0.5561830087165904,0.0008300691585121905,0.6183272638857499,0.0008810412684307373,0.8982578032419477,0.8982578032419466,0.8499412906821613,0.5272889418004648,0.0004162648958270136,0.00877131950317981,0.00045299384405674524,-1.5721886602074084,0.0034058045559159744,1.5633433838884356,-0.7979860380458332,0.0006062849049227905,0.0064814588471958584,0.0007888672912274755,-1.5613120992377483,0.009607639756392056,1.556086008124683,-0.8099193183714385,0.00022388062673765071
5147.735375609,-0.09214650971322491,0.340569646752928,0.34928672815383977,0.5560837457832035,-0.00014981448572224073,0.6186025739514208,0.556207076666161,0.0009190603202972346,0.6183136989435968,0.0011140702975035183,0.9395137034952196,0.9395137034952151,0.9327364723767181,0.6635512834065128,0.00043679679303178595,0.009102253931593803,0.0004782306153923406,-1.5716799184878631,0.0039669905545498315,1.562547971116139,-0.7990974867420473,0.00025696236409722227,0.0067376449318410775,0.00044538184514690397,-1.5607233121422313,0.010771022025684852,1.5549791811810958,-0.8088768511423913,0.00025040477436023335
5147.765141945,-0.09221744408932735,0.3406972092641156,0.3494581375277733,0.5561730395410348,-0.00010016042245053582,0.6187225605131743,0.5562264340694109,0.0009921788723622513,0.6183042727069532,0.0011709059738022793,1.1448343386192743,1.144834338619273,1.0053206459890294,0.7459910928342095,0.00043659402428687346,0.009429559334955607,0.0004828567795920712,-1.571160209508412,0.004588379947130552,1.5617155018968483,-0.8000149563724523,-0.00011707841014154306,0.007078060774723313,7.954837147252779e-05,-1.5600287613391453,0.012101361883919972,1.5536948428415702,-0.8079010290907281,0.00035307400973150384
5147.794700033,-0.09268593848729469,0.340823575923314,0.34893623411987923,0.5562614962024737,0.00022778565612660177,0.6183572281276484,0.5562413843069066,0.001046204164404237,0.6182987117871267,0.0008207542294394458,1.258398580149102,1.2583985801491007,1.068512026233376,0.7420346609448741,0.0004082456961841429,0.009758386593782128,0.0004640493271892513,-1.570621367589424,0.00528542820063736,1.5608330779727146,-0.8007501794509944,-0.0005050691672638448,0.007434768842807535,-0.00029885770584588665,-1.5592890758004982,0.013556053187838164,1.5522616065199386,-0.8068994537211044,0.00032316194075560827
5147.82586148,-0.09286032566713456,0.34057122691874253,0.34945559608303195,0.5560848518992737,0.00034985668201451583,0.6187207815018553,0.5562518977400969,0.0010768245364825104,0.6182975452608714,0.00085762199718072,1.3062662142617505,1.3062662142617492,1.1236505993286674,0.6713507614249918,0.00034532788445119044,0.010089441999114473,0.00042145519154475515,-1.5700609368316623,0.006068902653541152,1.559899937960128,-0.8013224693222565,-0.0008841844136543913,0.007729279248288068,-0.0006643077182468368,-1.55850858466918,0.015309257434129182,1.5509153819338746,-0.8060265111354915,0.00033453768160135184
5147.8554845,-0.09281466562758177,0.3405670779476768,0.3494516295021751,0.5560819476195277,0.0003178946543275596,0.6187180048952555,0.5562583397673833,0.0010860830122857298,0.6183022177757371,0.0008911265184500918,1.3842047087783096,1.3842047087783083,1.1726208895451649,0.7000812219351323,0.00025275360321985865,0.010419287659538052,0.00035358262610235135,-1.56948281343965,0.00693321996944932,1.558925865432365,-0.8017510871951066,-0.0012337783811889244,0.008070739481503237,-0.0010027451660743366,-1.5577909026737908,0.016844935764196767,1.549500642746443,-0.8050726076944446,0.0003433363399149357
5147.883244323,-0.09276065003873955,0.3408353785556285,0.3489295777680997,0.5562697580450938,0.00028008374213800874,0.6183525686814028,0.5562605532554136,0.0010735315666187894,0.618310810588582,0.0007945992176200356,1.454842973460772,1.454842973460769,1.2169604190946643,0.7118365621019705,0.000134806965208988,0.010750353537463743,0.00025893830355588914,-1.5688878846032341,0.00786436398320909,1.5579081255985816,-0.8020546730487721,-0.0015876495315479049,0.008488930720955998,-0.0013437997650510764,-1.5570061346995585,0.018396580548692476,1.5480350150493212,-0.8042651291298346,0.0003033035874007255
5147.910776292,-0.0926693583305427,0.3408271025412402,0.3489213028443389,0.556263964835022,0.0002161795464002098,0.6183467762347702,0.5562598351159616,0.0010408253128478908,0.6183219860847977,0.0008250286335850773,1.6158428428107265,1.6158428428107225,1.2589704599695044,0.801874880785391,-7.669817693884578e-06,0.01108840140580573,0.00013881076990786864,-1.5682704275648323,0.008867942213545154,1.5568379351277923,-0.8022540434890244,-0.00196731107392053,0.008904129989293087,-0.0017058080056191797,-1.5561140095741672,0.020272463871733044,1.5462986697313699,-0.8035514786498456,0.0003582973221971056
5147.938217968,-0.09253246480570815,0.3408147398319278,0.3489083653482227,0.5562553109385033,0.00012035407901602493,0.6183377199874889,0.5562550910895627,0.0009905806059492682,0.6183355957872261,0.0008702291472587022,1.8623609831414953,1.8623609831414922,1.30141943687429,0.9677065628700545,-0.00017425916761292862,0.01143783794717458,-5.957306431720331e-06,-1.5676215097305461,0.009959902810629013,1.5556931360696848,-0.8023665601624262,-0.0023715385452093432,0.009483498275592197,-0.00208939931788043,-1.5550628629003855,0.02231406298540869,1.5442238078342154,-0.8028813500743681,0.00045597709817726654
5147.965387672,-0.09261234974874279,0.3406601225911475,0.3499331660062646,0.5561470788699572,0.00017627353914027207,0.6190550804481182,0.5562471274034354,0.000924508919218385,0.6183499181435897,0.0010330148928159948,2.07677305735058,2.076773057350578,1.346995422107623,1.040681367614058,-0.00036441268027357135,0.011809989243542235,-0.00017441438767032224,-1.5669278379310563,0.011148779372521327,1.5544492784622905,-0.8024115348947939,-0.0027842855215874833,0.010120441030172395,-0.00247516431157665,-1.5538407861802428,0.024623691510516826,1.5419031068937388,-0.8025132702145602,0.0005568263961728165
5147.991744198,-0.09194749582277756,0.3409564082390499,0.3488867937659728,0.5563544788234889,-0.00028912420903538756,0.6183226198799139,0.5562363587402354,0.0008460680886454919,0.6183643326380034,0.0011420831234937522,2.2743575677090986,2.2743575677090964,1.3995666420331103,1.1983584981325779,-0.0005781117757378592,0.012213031856211011,-0.0003656002044269492,-1.5661749287325197,0.012463121103906157,1.5530818667889512,-0.8024250807613542,-0.003277550132353343,0.010947304101581973,-0.002933907724466119,-1.5523608963826887,0.02735285266939135,1.5390308601144347,-0.8022571362301508,0.0005914583484775256
5148.019449788,-0.09224762806095338,0.34062824455833807,0.3498944546252493,0.5561247642469905,-7.903164231231293e-05,0.6190279824814074,0.5562223317157482,0.000756051325676911,0.6183791018155365,0.0010620400618275403,2.7466799956912924,2.7466799956912893,1.462519236251887,1.526040656150352,-0.0008187931165973243,0.012660410646922521,-0.0005818948776479939,-1.5653409235133164,0.013929044038408011,1.551548565246737,-0.802418102349822,-0.0038089837868533483,0.011987812985283864,-0.003420090334942345,-1.5505408202077315,0.030649674147995003,1.535483262674875,-0.8022395816588297,0.0007852227424889941
5148.04709289,-0.09166662280855689,0.3406650888568028,0.3493551010192794,0.5561505552559158,-0.0004857353189898546,0.6186504349572286,0.5562052096550874,0.0006562362593232555,0.6183922328631761,0.0011720727410859863,3.155246961157775,3.155246961157772,1.5404808029341592,1.8250816925812274,-0.0010904952241748535,0.013171941021240094,-0.0008260367789385593,-1.56439441598998,0.015603387266887769,1.5497898965463968,-0.8024100771698561,-0.004487598382443073,0.013289440961550618,-0.004036110042597439,-1.5482234720354713,0.0347996310878306,1.5310813622005288,-0.8025853042511063,0.0009261541233495633
5148.075182758,-0.09150526039861587,0.34093160601767253,0.348798684172542,0.5563371172685246,-0.0005986890059485712,0.6182609431645124,0.556185110103801,0.000545646512783945,0.6184048285890344,0.0011633198068244268,3.7676342692626914,3.7676342692626865,1.6387852743728688,2.29226307305604,-0.0014018957147664641,0.013768177972531935,-0.0011049260346132803,-1.5632994737546875,0.01754085469741212,1.5477433095510151,-0.8024326117387348,-0.005276037300460058,0.014991414515262237,-0.004745265656995109,-1.5454047512844231,0.039709250936324415,1.5256101679707883,-0.8032123817848854,0.0011881483981095705
5148.104661978,-0.09118715026917482,0.3409050488320282,0.3487554262877737,0.5563185272385737,-0.0008213660965573073,0.6182306626451746,0.5561613793044746,0.00042281323150830967,0.6184139712794674,0.001267390914037067,4.371049958605157,4.371049958605154,1.7639784274195225,2.7465813483094634,-0.0017607265036493664,0.014473472380817599,-0.0014250466128936743,-1.5620195681547788,0.019805132608111228,1.5453290801740653,-0.8025328894545868,-0.006190244940427372,0.016936520481859174,-0.005555265412415208,-1.542039082452552,0.04571480533439863,1.5190420588644602,-0.8042877929434118,0.0014245573944976604
5148.132992947,-0.09104409493687379,0.3406290829835751,0.34922823014440024,0.5561253511446564,-0.0009215048291680234,0.6185616253448132,0.5561332588209339,0.0002886309761056809,0.6184193589042729,0.0012184953584866644,4.998824711285024,4.9988247112850175,1.9222732091514394,3.1765353628610447,-0.002174130173430886,0.015312450798659625,-0.0017918886808750804,-1.5605132977764495,0.02246128843050862,1.542470795541103,-0.8027448835255185,-0.007210718341398498,0.01933764455802696,-0.006445157352670066,-1.5380141853756908,0.05267367224905173,1.5112583813377225,-0.8058685221910419,0.00164175212491009
5148.159858504,-0.09036616743327755,0.3408813082956657,0.3493575255510867,0.5563019088631199,-0.0013960540816853936,0.6186521321294937,0.556101250355917,0.00014406264990512356,0.6184190820660802,0.0015705208421078003,5.605585795860061,5.605585795860055,2.118875643214269,3.56621646946394,-0.002647804667994635,0.01630806870991157,-0.002209533139151447,-1.5587472286850461,0.025561979294500787,1.5391040570543137,-0.8031020973644356,-0.008353461355556653,0.022089157485663903,-0.007428600777930562,-1.5334284036040033,0.06056079940479817,1.5025033686294573,-0.8078601571237436,0.0018114831184330308
5148.188228141,-0.09016085345954257,0.3411482316022997,0.3487796570663476,0.5564887551777636,-0.0015397738632998796,0.6182476241901763,0.5560669107278005,-1.0163570597770955e-05,0.6184131256177107,0.001595321632154745,6.305735413960626,6.305735413960621,2.3577824333747572,4.009330107054938,-0.0031897318063653364,0.017484431984671853,-0.002683194813389604,-1.55668533956654,0.029164468079351746,1.5351797097519062,-0.8036295586240099,-0.009679102633431599,0.025308031157251252,-0.008560847742756382,-1.5281954061893577,0.06944277229991855,1.4927323253230638,-0.8102009952007755,0.002
5148.217719527,-0.08909188823383371,0.3413604792463927,0.3488572048972893,0.5566373285286288,-0.002288049521296081,0.6183019076718355,0.5560355712207828,-0.00017709462824206388,0.6184017500166318,0.0021973190282408082,7.338166247226837,7.338166247226826,2.641582070042883,4.75563532224681,-0.0038100781847497296,0.018871441354894727,-0.0032204416854050093,-1.5542885046625377,0.0333184620116681,1.5306776433901008,-0.8043462022645553,-0.011252320415501596,0.029106429948626212,-0.009888565474663928,-1.522062611532629,0.07942586312842158,1.4827323253230638,-0.8128908220417644,0.002
5148.247329922,-0.08854819258239238,0.34143596686900146,0.34892492804622566,0.556690169864455,-0.002668636477305011,0.6183493138760909,0.5560230177143568,-0.00036559624549049007,0.6183935006663113,0.002398132351052972,8.393981690493613,8.393981690493604,2.9688408712861585,5.47563788200801,-0.004524783972964126,0.020506186114715056,-0.003831911444089577,-1.5515009079278,0.03803533419516993,1.525644053648254,-0.8052612847706209,-0.013140154756798837,0.03345378312290768,-0.011468001371613301,-1.5149703701897115,0.08942586312842159,1.4727323253230638,-0.8157944130213642,0.002
5148.274635034,-0.08824823556861165,0.34155743657588045,0.3489656524041558,0.5567751986592702,-0.0028786063869515217,0.6183778209266421,0.5560457187235748,-0.0005984377061332199,0.6184005459033746,0.002394123349816027,9.643638419454938,9.643638419454923,3.3338415647476904,6.345175738228322,-0.005352395763203529,0.02242210158648154,-0.004531874497228051,-1.5482682309923994,0.043262226470665834,1.5201303781178517,-0.8063836246242314,-0.015279379026236538,0.038444735466161305,-0.013220514477940988,-1.5068610648823193,0.0994258631284216,1.4627323253230637,-0.8192666145870875,0.002
5148.302084316,-0.08779927866218211,0.3412693449861083,0.34933188239753854,0.5565735345464297,-0.003192876221452202,0.6186341819220099,0.5561193249981388,-0.0008955111487134963,0.6184345638124447,0.0023503276326641664,10.88413316484415,10.884133164844135,3.7314610465871616,7.182618891265781,-0.006309116229935676,0.024651602295053855,-0.005330875383665016,-1.5445354338278587,0.048949795856478906,1.5141827999931006,-0.807748646597258,-0.01769376639130439,0.044000084142574586,-0.015151793612500422,-1.497786184101547,0.1094258631284216,1.4527323253230637,-0.8232210426425864,0.002
5148.331489847,-0.08720896979555882,0.34162103191691584,0.348836334954172,0.556819715397995,-0.003606092428088501,0.6182872987116533,0.5562581636462285,-0.0012742199863679058,0.6185064554268267,0.0024085263378617245,12.020112729230346,12.020112729230332,4.156923600212233,7.897066765305366,-0.007410054729343946,0.02722687951081995,-0.006237088879128589,-1.5402509723991484,0.05505364240289404,1.5078435362373632,-0.8093845648669101,-0.020398768773780995,0.050364873146365195,-0.017256306237713726,-1.4878325082488078,0.11942586312842161,1.4427323253230637,-0.8276435404417962,0.002
5148.359906584,-0.08619870854742037,0.34176466998624017,0.34928027273792905,0.556920262046522,-0.004313275301785418,0.6185980551602833,0.5564755396317296,-0.0017513732843655759,0.6186137007098357,0.0026002624398893783,13.69367739223768,13.69367739223766,4.6066356679821485,9.123876048514042,-0.008671834831507902,0.030175648911727554,-0.00725830496873636,-1.5354054029040098,0.061534197096403516,1.501152862164375,-0.8112922421719834,-0.023516459032942975,0.057383415594159416,-0.01962232161589105,-1.4778325082488077,0.1294258631284216,1.4327323253230637,-0.8321281931738805,0.002
5148.386546147,-0.08529463663134057,0.3415847803379059,0.3485208049946535,0.5567943392926881,-0.004946125643041279,0.6180664277399904,0.5567787403856741,-0.0023476938509952652,0.6187298260753087,0.0026818255825311462,15.168060385313089,15.168060385313069,5.078965010720533,10.141086442581017,-0.010115811398012311,0.03351835061301134,-0.008405166734280753,-1.5300432190493123,0.06835559094254293,1.4941459474020145,-0.8134410530191594,-0.026974929893002254,0.06505053013138859,-0.022174263591906725,-1.4678325082488077,0.13942586312842162,1.4227323253230637,-0.836382867663818,0.002
5148.414455919,-0.08403016092663343,0.3417885508760729,0.34843794199362843,0.556936978669405,-0.005831258636336278,0.6180084236392729,0.5571756050237479,-0.003081889470664982,0.6188205567013972,0.002876722693748312,16.6542406430719,16.65424064307188,5.573135384493112,11.140635852252268,-0.011760237360529809,0.03727936488586467,-0.009685705306283382,-1.5242138032790917,0.07548484588923421,1.486853336811818,-0.8157875315304344,-0.030832949953079877,0.07344540926972934,-0.02493102511153386,-1.4578325082488077,0.14942586312842163,1.4127323253230637,-0.8404824799663354,0.002
5148.444866899,-0.08297555777486154,0.3414350884233005,0.34860511011136097,0.5566895549524643,-0.006569480842576599,0.6181254413216857,0.5576743940025822,-0.003971137850751438,0.6188513832230245,0.0028719829215932816,18.501805652361156,18.50180565236114,6.088778755747269,12.480411790793733,-0.01362455640101902,0.041485480681705426,-0.01110569532793743,-1.5179626703157807,0.08289230289132775,1.4793024683203406,-0.818297471962633,-0.03512509205557657,0.08246832714682703,-0.027873653836077192,-1.4478325082488077,0.15942586312842164,1.4027323253230637,-0.8444264300207006,0.002
5148.474947313,-0.08195475485747677,0.3416270245303221,0.34772410488177896,0.5568239102273794,-0.0072840428847459355,0.6175087376609782,0.5582823664602493,-0.005033795976882659,0.6187899172137071,0.002971889428608649,20.245663540463934,20.24566354046391,6.625632546340603,13.704178593508288,-0.015731945640746616,0.046161421860934936,-0.012669895006712593,-1.5113317890070648,0.0905511970507963,1.471517994595213,-0.8209295612364328,-0.03985036364511698,0.09216563335523582,-0.030966207613479808,-1.4378325082488077,0.16942586312842164,1.3927323253230637,-0.8479378894489555,0.002
5148.50262745,-0.08123570293019941,0.34182659987915326,0.3477555898496356,0.5569636129715612,-0.00778737923384009,0.6175307771384779,0.5590044632983246,-0.006284923655082599,0.6186076596760265,0.002753564748116008,21.755485652022756,21.755485652022738,7.183433974738748,14.654501066607425,-0.018099644531015948,0.051322887283716576,-0.01437846724690721,-1.5043623094067997,0.0984366678932378,1.4635219967297892,-0.8236406391862058,-0.044904602165475024,0.10216563335523583,-0.03407237334376483,-1.4278325082488077,0.17942586312842165,1.3827323253230637,-0.8512950774824241,0.002
5148.530251887,-0.08073069050929074,0.34203886962504193,0.34787250882644394,0.5571122017936833,-0.00814088792847616,0.6176126204222437,0.5598381836321338,-0.007728384646848016,0.6182884928016186,0.002838650984907771,22.82720873188893,22.827208731888902,7.761724819843073,15.144999098500893,-0.020735004746267178,0.056957416853614114,-0.016220483722059892,-1.4970973764894238,0.10652584075351364,1.455333818995918,-0.8264145724166642,-0.050131929609905854,0.11216563335523584,-0.03702693203978344,-1.4178325082488077,0.18942586312842166,1.3727323253230637,-0.8545805102937011,0.002
5148.556792086,-0.08027958046786823,0.3420193672497147,0.3476436735638608,0.5570985501309542,-0.008456664957471915,0.6174524357384356,0.5607731518172472,-0.009354435040335098,0.6178336593499608,0.0038018443046205406,23.792712989499726,23.792712989499705,8.359248654595255,15.520237704209608,-0.023631855386380848,0.06302990272852528,-0.018173788464650262,-1.4895724145471543,0.11479811823810894,1.4469712355008915,-0.8292177027303308,-0.05537728732253843,0.12216376016945246,-0.03971388602129453,-1.4078325082488077,0.19942586312842167,1.3627323253230637,-0.857314560608175,0.002
5148.585217202,-0.07966366295855534,0.3420814846216015,0.34758310173270646,0.5571420322912749,-0.008887807213990939,0.6174100354566274,0.5617967269944332,-0.011138839755970506,0.617253084620477,0.0051728100535037,24.76612634281551,24.766126342815483,8.974305881966146,15.880727050200022,-0.026768491802015418,0.06949625324447542,-0.020205788626516914,-1.481816771255302,0.12323495139023373,1.4384507929867623,-0.8319923027145751,-0.06056539313768034,0.131867575241913,-0.04206165858036699,-1.3978325082488077,0.20942586312842168,1.3527323253230636,-0.8593653390961158,0.002
5148.612832057,-0.07901181055085635,0.3421421158835972,0.34749242400391683,0.557184474174672,-0.009344103899380235,0.6173465610464748,0.562891786166783,-0.01304826892670614,0.6165661651603345,0.006848595948372461,25.828040876451308,25.82804087645128,9.604838653863654,16.31419604120367,-0.030118511733965077,0.07629599698360728,-0.022277149587155917,-1.4738582507482012,0.13182003920224244,1.4297871184740134,-0.8346731309093112,-0.0657432636869248,0.14125554597586196,-0.044068626503571524,-1.3878325082488077,0.2194258631284217,1.3427323253230636,-0.860764823048354,0.002
5148.641455947,-0.07815707787002339,0.3422798533380355,0.3475452907367138,0.5572808903927787,-0.009942416775963305,0.6173835677594326,0.5640408599308971,-0.01505130535905409,0.615797744817357,0.008620485201793308,26.988180891733084,26.988180891733055,10.248580968475084,16.826738836787925,-0.03366217135306889,0.08336888387751369,-0.024348899312731216,-1.4657167830782418,0.14053931081410845,1.420993896255588,-0.8372055599318105,-0.07105027236544444,0.15033957743564588,-0.04578831456794808,-1.3778325082488077,0.2294258631284217,1.3327323253230636,-0.8614759317827467,0.002
5148.669796461,-0.07735969993852784,0.34233511687997,0.34733924981281217,0.5573195748721329,-0.010500581328010189,0.6172393391127015,0.5652274379074161,-0.017125538712620562,0.6149727150865361,0.010562288701256596,28.402998931378807,28.40299893137878,10.903334549335883,17.590365021596156,-0.037390456466567544,0.0906577473158523,-0.02638804196960299,-1.4574094076892357,0.14938016171919496,1.4120835914540042,-0.839535441690449,-0.07651634501931111,0.15920542807426769,-0.04721008001388715,-1.3678325082488076,0.2394258631284217,1.3227323253230636,-0.8614274097990368,0.002
5148.696862324,-0.07661038505724428,0.3423930618498761,0.347143108262004,0.5573601363510672,-0.01102510174490868,0.6171020400271358,0.5664380331355533,-0.019254560964081242,0.6141125977244365,0.012612254927290976,29.73052816154121,29.73052816154117,11.567180909069526,18.259188283566196,-0.04129949415795455,0.09811629619069544,-0.028365652912688007,-1.4489491820045224,0.1583311159987045,1.4030678038986555,-0.8416108840228603,-0.08213593498350447,0.16786001952601548,-0.0482911472481574,-1.3578325082488076,0.24942586312842172,1.3127323253230636,-0.8607068242276001,0.002
5148.724871481,-0.07571080084015876,0.34228960535624403,0.34674938163626967,0.5572877168055247,-0.011654810696868549,0.6168264313891217,0.5676616813008848,-0.021422643488363098,0.6132345668970215,0.014694597215412157,31.049020798313883,31.049020798313844,12.23862861835905,18.9162630604383,-0.04538362116693321,0.10570430647703807,-0.030253619758479997,-1.440349848470664,0.1673814208575049,1.393956957478385,-0.8433959547970222,-0.08781491943789968,0.1761438443573209,-0.04897926833263317,-1.3478325082488076,0.2594258631284217,1.3027323253230636,-0.8591263319236757,0.002
5148.753563159,-0.07496567964508397,0.3423081594002808,0.34662945362765823,0.5573007046363505,-0.012176395533420903,0.6167424817830938,0.5688858207962767,-0.023610798583794997,0.6123578032309571,0.01685781408021083,32.02800338853879,32.02800338853875,12.91621750625551,19.22368130118842,-0.049633005241487414,0.11337305184195141,-0.03202291011023412,-1.4316282516780623,0.17652114515475703,1.3847599414500549,-0.8448450900723515,-0.09352939060840068,0.18390872553406332,-0.04923495475975196,-1.3378325082488076,0.2694258631284217,1.2927323253230636,-0.8567880262229638,0.002
5148.780207678,-0.07436099713584844,0.3426866051403924,0.34715191395954625,0.5575656166544286,-0.012599673289885769,0.6171082040154153,0.5700957095984066,-0.025797762646802093,0.6115076485464197,0.01904098246990349,32.69095365407545,32.69095365407541,13.598217841178457,19.19756012362031,-0.05403414843833358,0.12106439920007296,-0.033644074640164334,-1.4227998105360042,0.18574123000840378,1.3754847812623294,-0.8459024488066947,-0.09919679505075342,0.19099064802597848,-0.049028553600860274,-1.3278325082488076,0.2794258631284217,1.2827323253230636,-0.853727229123812,0.002
5148.808392929,-0.07403676933735309,0.34299201871898544,0.3475799060438379,0.5577794061594437,-0.012826632748832514,0.6174077984744195,0.5712742945710403,-0.027958038491732902,0.610716124341297,0.021350642980988307,33.08027245101778,33.08027245101775,14.282538427642052,18.907959134847776,-0.058566182942428394,0.1287078954261693,-0.03508721549741551,-1.4138800809487113,0.19503323926921515,1.366138693386483,-0.8465497206857915,-0.10464539674754708,0.19702103267122165,-0.04824934157452661,-1.3178325082488076,0.2894258631284217,1.2727323253230636,-0.8503466359237637,0.002
5148.838064518,-0.07408119668254445,0.34301802650056656,0.34782149949949975,0.5577976116065505,-0.012795533607198562,0.6175769138933828,0.5723991341222828,-0.03005658723496235,0.6100272940950721,0.023835796425062464,33.470297242330666,33.47029724233062,14.966258767564465,18.62916259691618,-0.06319510443571677,0.13621064403593305,-0.03631858446425414,-1.404885457559136,0.20438920344578324,1.3567279464968607,-0.8467950239700475,-0.10975372034265135,0.20189978915924048,-0.046889092948187425,-1.3078325082488076,0.29942586312842173,1.2627323253230636,-0.8464947666320997,0.002
5148.865971518,-0.07349513821915174,0.3430362976790889,0.347796980960118,0.5578104014315162,-0.01320577453157346,0.6175597509158156,0.5734473284796794,-0.03205275103475258,0.6094931373099567,0.02578356581016661,34.103574626263196,34.10357462626316,15.645844114570505,18.601308179006885,-0.06788201341472329,0.1434794264343512,-0.03730494843598115,-1.3958225683580954,0.21380296444784963,1.3472587632106177,-0.8466246205408589,-0.1146658444852881,0.20581148602909843,-0.04506256338186919,-1.2978325082488076,0.30942586312842174,1.2527323253230636,-0.8419971521343342,0.002
5148.895150882,-0.07257308444443804,0.3428827433749083,0.3474395583801031,0.5577029134185897,-0.013851212173873051,0.6173095551098051,0.5744008521791623,-0.03391534304853498,0.6091597392644642,0.027346114987697318,35.166963717831464,35.166963717831436,16.318149807240367,19.012914627444765,-0.07259619807636893,0.15044187155053873,-0.03802971594042623,-1.3866905744098479,0.2232703670306505,1.3377370863305604,-0.8459988370321448,-0.11952782833929732,0.20914561495667905,-0.04286111770749757,-1.2878325082488076,0.31942586312842175,1.2427323253230635,-0.83647522930355,0.002
5148.922962596,-0.07090001121078704,0.34278202673524627,0.3470086653837896,0.5576324117708263,-0.01502236343742875,0.6170079300123856,0.5752499238029207,-0.03564119942416132,0.609055856295911,0.028262140825511,36.40568564358662,36.40568564358657,16.981203257660844,19.59886397995099,-0.07732869215816905,0.15706140294623291,-0.03850531176255153,-1.3774846434777641,0.232788001335014,1.3281687173317192,-0.8448695842000037,-0.12463411900662098,0.212131144227768,-0.04042739827748691,-1.2778325082488076,0.32942586312842176,1.2327323253230635,-0.8299147634948092,0.002
5148.95004536,-0.06963704536426418,0.34251120981430544,0.34659002500340197,0.5574428399261677,-0.015906439529994747,0.6167148817461143,0.5759921927361031,-0.037231123086483256,0.6091921772630617,0.029247422128987195,37.57246574698308,37.57246574698302,17.63462759016113,20.124802847966922,-0.0821092713978998,0.16332878046243673,-0.038698372815930346,-1.3682029735345973,0.24235128812104642,1.318559194314744,-0.8431650288762457,-0.1300941773479331,0.2148849398197206,-0.03784937423571671,-1.2678325082488076,0.33942586312842177,1.2227323253230635,-0.8219520093464298,0.002
5148.978956313,-0.06809734417147714,0.3421209119024131,0.3461787055449547,0.5571696313878431,-0.016984230364945677,0.6164269581252013,0.5766284857203581,-0.03869488554935584,0.6095675348777416,0.02995081380794487,38.66962288666537,38.66962288666531,18.279148422818466,20.578932206882698,-0.08695848774921935,0.16924652651868322,-0.0386096389788308,-1.3588501382695408,0.2519569031085825,1.3089125386100353,-0.840803609123149,-0.13589067776320635,0.2172449563098886,-0.03515789799676004,-1.2579344263544072,0.3494258631284218,1.2127323253230635,-0.812455296216056,0.002
5149.007761567,-0.06751484780876034,0.34172700266037986,0.34586521638562473,0.5568938949184198,-0.017391977818847437,0.6162075157136703,0.577155510581391,-0.04005185429994983,0.6101753040568693,0.030990170197745363,39.49882938708636,39.4988293870863,18.91617302977086,20.79520793295396,-0.09189673790340747,0.17480338239683774,-0.03825293120776665,-1.3494653760779198,0.26160129219301154,1.299233753842831,-0.8377272650858076,-0.1418626195740625,0.2191324789882061,-0.03228433271763057,-1.2490874518437167,0.3594258631284218,1.2027323253230635,-0.802455296216056,0.002
5149.036149153,-0.06696039044776768,0.34160451685957444,0.34563058462450374,0.5568081548578561,-0.0177800979715423,0.6160432734808856,0.5775637360855017,-0.041316255071076356,0.6109872391251709,0.03178534767023181,40.12715991992779,40.127159919927735,19.548692745621047,20.833766940606107,-0.09693242313163364,0.17997389638899045,-0.0376409900961602,-1.3401581701766345,0.2712807852210999,1.2895279913307145,-0.8339839874492375,-0.1478007228633272,0.2205269555157273,-0.02911616080920646,-1.2415439241392474,0.3694258631284218,1.1927323253230635,-0.792455296216056,0.002
5149.063060188,-0.06632022509520755,0.3412782869659358,0.34614940273817885,0.5565797939323089,-0.018228213718334392,0.6164064461604581,0.5778459632827864,-0.0424868793345389,0.6119622357634545,0.0325650705875919,40.61781104577483,40.61781104577477,20.18035907316637,20.72122473209801,-0.1020546986327659,0.18474091682522822,-0.03677771354121752,-1.3310510296077978,0.28099153106003705,1.2797986492268199,-0.8296379589699889,-0.1536272038051166,0.22133325197912584,-0.02566578355322855,-1.2355421298936167,0.3794258631284218,1.1827323253230635,-0.782455296216056,0.002
5149.09215458,-0.06579012076895205,0.34154174758332284,0.3456015288853035,0.5567642163644799,-0.018599286746713243,0.6160229344634454,0.5779964450579129,-0.04355346521204281,0.6130551414554364,0.03289872875215917,41.15991415519387,41.159914155193825,20.814996235802283,20.680615702297416,-0.10724610072118135,0.18908887919221104,-0.03566214838785159,-1.3222703751719875,0.2907304198008119,1.2700477958628866,-0.8247472384210477,-0.1593184749968736,0.22180635606393626,-0.021947058908317895,-1.2309351906754067,0.3894258631284218,1.1727323253230635,-0.772455296216056,0.002
5149.11885376,-0.06556315764166834,0.3415084137678975,0.34625329844747393,0.5567408826936822,-0.018758160935811837,0.6164791731569648,0.5780160943633238,-0.044505780682197876,0.6142225951265566,0.03347636029498823,41.8153034231549,41.81530342315484,21.45588035287284,20.758714326955893,-0.1124913789270551,0.19302745742375027,-0.03429147440811577,-1.3139061556297156,0.3004949174156052,1.260276792047849,-0.8193642964783238,-0.1650276257724329,0.22216277713228497,-0.017935653893014866,-1.227337624711546,0.3994258631284218,1.1627323253230635,-0.762455296216056,0.002
5149.145206088,-0.06542361772862629,0.34182739808528667,0.3454445290847844,0.5569641717158546,-0.018855838874941275,0.615913034603082,0.5779156398896806,-0.04533786079984947,0.6154246355369339,0.0337712901370081,42.57824839287353,42.578248392873476,22.10552370156914,20.976560737861192,-0.11778622762046619,0.19659806466116447,-0.03265752991029859,-1.3059975191939412,0.3102827286692334,1.2504865642611023,-0.8135365529752346,-0.17075851935366368,0.22285164498489685,-0.013586840523312934,-1.2243156763633427,0.40942586312842183,1.1527323253230635,-0.752455296216056,0.002
5149.174075921,-0.0655619322873511,0.341783287583342,0.34538387046550817,0.5569332943644933,-0.0187590186838339,0.6158705735695886,0.5777132695815981,-0.04604703428058089,0.6166228272734516,0.03430756550480913,43.21668902687641,43.21668902687635,22.765889410495323,21.043068277082437,-0.12312767642792014,0.1998608164686138,-0.030754415088938617,-1.2985588255594052,0.3200918896033616,1.2406789752455245,-0.8073068644111268,-0.1765183303555259,0.22371220460767613,-0.00895605259234464,-1.2220414194540694,0.41942586312842184,1.1427323253230635,-0.742455296216056,0.002
5149.202081109,-0.06543594157344654,0.3417808058354883,0.3452496889755203,0.5569315571409957,-0.0188472121835671,0.6157766465265971,0.5774236783591447,-0.04663143714991512,0.6177764793465601,0.034581635593299326,43.566339555944765,43.5663395559447,23.439178356381163,20.816599807890327,-0.1285064471603832,0.20285730998475374,-0.028583151047096356,-1.2916335420309817,0.32992024028667577,1.2308562074735738,-0.800720025640637,-0.1820794807364553,0.22452935668305585,-0.004072385851396636,-1.2208508196584629,0.42942586312842185,1.1327323253230634,-0.7327437342899727,0.002
5149.231966331,-0.06505890935665168,0.3415367453300544,0.34498713242304396,0.556760714787192,-0.019111134735323502,0.6155928569398638,0.5770561725102896,-0.04708427113416459,0.6188467550950741,0.03471296324692969,43.74401996722739,43.744019967227324,24.127321690984108,20.376356944121323,-0.13390033784709127,0.20561106770294219,-0.026150322742346428,-1.2852826425264188,0.3397655333494705,1.2210196518099958,-0.793843608260555,-0.18737071398672625,0.2251430660393903,0.000994446460424758,-1.220914108941097,0.43942586312842186,1.1227323253230634,-0.7233241985953441,0.002
5149.262212424,-0.06493007825345948,0.3416560858500646,0.3450314571481509,0.5568442531511991,-0.01920131650755804,0.6156238842474386,0.576616690730168,-0.047395437967288484,0.6198008534728421,0.0346886846768542,44.10824256429831,44.108242564298244,24.8318108892643,20.128982135123852,-0.13928287390371624,0.20813407803402753,-0.023463157859590415,-1.2795675970330112,0.3496257892298966,1.2111700989177598,-0.7867429490525308,-0.19246717634346086,0.22567462264408444,0.006255884481453054,-1.221900626877566,0.44942586312842187,1.1127323253230634,-0.7145704985271779,0.002
5149.292342794,-0.06471377569538736,0.34165231394724277,0.3447927741800163,0.5568416128192238,-0.019352728298208523,0.6154568061697444,0.5761133512686267,-0.04755762644991359,0.6206159396031978,0.03454754463626071,44.72007825522883,44.72007825522876,25.55301167435327,20.114414199072595,-0.1446380209047261,0.2104515217589791,-0.020524904348659823,-1.2745097363068894,0.3594996669735149,1.2013075940198354,-0.779508724240025,-0.19750819368978054,0.22645946261256314,0.011677976265759643,-1.2234714975810081,0.4594258631284219,1.1027323253230634,-0.7064983058264328,0.002
5149.320040928,-0.06450895150966053,0.34138358998745455,0.3450720743232027,0.5566535060473721,-0.019496105228217306,0.6156523162699749,0.5755603171054048,-0.047572184728558876,0.6212745181560053,0.03431243067083608,45.34659720141966,45.34659720141959,26.290752513210997,20.088337860785806,-0.14996269278937718,0.21261074874792915,-0.01734028812837692,-1.270090938579247,0.3693863176071058,1.1914325566704187,-0.7722177344741454,-0.20262630625882855,0.22757710094365116,0.017226962869557848,-1.2253432902901944,0.4694258631284219,1.0927323253230634,-0.6991207413860984,0.002
5149.352038759,-0.06351604157437764,0.34168193309980804,0.34419578235910375,0.5568623462260195,-0.02019114218291533,0.6150389118951056,0.5749727164760415,-0.047450093237565785,0.6217629620712862,0.033410309396419945,46.21158518190893,46.21158518190885,27.04476536045702,20.239359409598393,-0.155266249285968,0.21466078659797055,-0.013918187243631424,-1.2662818803397116,0.379284923318859,1.1815457673470058,-0.7649341548071554,-0.20794832196506438,0.2291004283932198,0.02280505665368352,-1.227507510949697,0.4794258631284219,1.0827323253230634,-0.6920975984861271,0.002
5149.379581425,-0.06323849348979332,0.3416179427628654,0.34404723225413325,0.5568175529901597,-0.020385425842124348,0.6149349268216262,0.5743647116417461,-0.047211731230194384,0.6220690589613845,0.03283975150492878,46.57010479117275,46.570104791172696,27.815290113384247,19.877159457052656,-0.16056572810143255,0.21665429338634878,-0.010276744167666904,-1.2630461692100798,0.38919488595237905,1.1716479123541774,-0.7576881363102193,-0.21338998288337646,0.23094222194699826,0.028363778567243467,-1.229952020654264,0.4894258631284219,1.0727323253230634,-0.6854651962804471,0.002
5149.408176933,-0.06296194848563887,0.3415536040761823,0.3438978872508734,0.5567725159094815,-0.02057900734503247,0.6148303853193443,0.5737470152766422,-0.04687957062028395,0.6221823346191782,0.03215438408473364,46.928694395955716,46.92869439595566,28.602568444519765,19.488772109344485,-0.16587029056272554,0.21862586835320524,-0.006441365358181913,-1.2603643102608402,0.39911435621945973,1.1617403198933167,-0.7505251779992764,-0.2187919960147309,0.23288732570818388,0.03393547260905246,-1.2327114402604948,0.4994258631284219,1.0627323253230634,-0.6794658520127179,0.002
5149.43617508,-0.06284478788950022,0.3415526159390358,0.34375591221921165,0.5567718242134789,-0.02066101976232952,0.6147310027971811,0.5731250901360726,-0.046466600846095406,0.6221007844580223,0.031427233462943426,47.2783015928432,47.278301592843135,29.40619059097094,19.089695354797918,-0.17117793038191603,0.22059452121384862,-0.002434285594458615,-1.258217417885954,0.40904170923806715,1.1518237466239971,-0.7434922675893932,-0.22414729870880545,0.23492761265470513,0.03949751502134818,-1.2357277783963065,0.5094258631284219,1.0527323253230634,-0.6740020730653984,0.002
5149.465345044,-0.0626995338266404,0.341551734631039,0.34357746081191676,0.5567712072978812,-0.0207626976063314,0.6146060868120747,0.5725027632688414,-0.04598249963944589,0.6218291693663053,0.03058910246218691,47.715348691449066,47.715348691448995,30.2254349019772,18.753052216461207,-0.17648656861999426,0.2225756728720675,0.001726150920385584,-1.2565757833959268,0.4189758163933601,1.1418986504446171,-0.736628736377945,-0.22951623864084694,0.23709762822072614,0.045039638793933634,-1.2388196377397884,0.5194258631284219,1.0427323253230634,-0.6690857342338327,0.002
5149.492539656,-0.06236465412075101,0.3416018055650406,0.34386981858530336,0.5568062569516823,-0.020997113400453966,0.6148107372534453,0.5718839387660213,-0.04543654282480514,0.6213783509558833,0.029457694227938872,48.263190693757764,48.26319069375769,31.05906109624362,18.475759447039923,-0.18179453065269216,0.22458682274203218,0.0060233587015430315,-1.2553930249324097,0.4289156996040415,1.1319655283295458,-0.7299761440481967,-0.23486919208016346,0.23950548256447393,0.05057154813817264,-1.2417570427585267,0.5294258631284219,1.0327323253230634,-0.6647645117613011,0.002
5149.520785908,-0.06219815433252257,0.34148679202585375,0.3431365198643311,0.5567257474742515,-0.021113663252213876,0.6142974281487648,0.5712744051451634,-0.04483841287581361,0.6207632048732042,0.028571549719575613,48.7732443829699,48.77324438296981,31.905553836722486,18.165122193928738,-0.18710560152243486,0.22665410264712443,0.01044424436094979,-1.2546011687633174,0.4388608498814532,1.1220245223412468,-0.7235595232951809,-0.24034773093132,0.24226016290591534,0.05605491378995725,-1.2444448935810857,0.5394258631284219,1.0227323253230634,-0.6607798682991497,0.002
5149.550181745,-0.062001649430007424,0.34148724355214066,0.342881262734032,0.5567260635426524,-0.021251216683974478,0.6141187481575554,0.5706816556966834,-0.04420305173282992,0.6200051065721633,0.02749899088811707,49.385218568677914,49.385218568677836,32.76297271581374,17.934808138186582,-0.192428526620156,0.22880834244376103,0.014973543430223035,-1.2541076914023028,0.44881041171380814,1.1120758533860515,-0.7173929222584592,-0.24592426070843035,0.24530773433680886,0.06149904301218309,-1.2467631950475127,0.5494258631284219,1.0127323253230633,-0.6572185767572265,0.002
5149.578395684,-0.06131144246378078,0.34158269967475974,0.3426608454676455,0.5567928828284857,-0.02173436156033313,0.6139644560710849,0.5701091753373325,-0.04354529575045942,0.6191252003948975,0.02607055385685072,49.90652565495251,49.906525654952475,33.629520671541734,17.57096301797927,-0.1977730195730991,0.23106211323027223,0.01959593555565288,-1.2538562600601977,0.45876461615370523,1.102121658316622,-0.7114912687575382,-0.25163959569081945,0.24857277866150032,0.06684384478468607,-1.2486925226302172,0.5594258631284219,1.0027323253230633,-0.6539945437426786,0.002
5149.607290474,-0.06130512717376042,0.341649490379202,0.3424473230689188,0.5568396363215953,-0.021738782263347384,0.6138149903919761,0.5695582488973292,-0.04288024122717655,0.6181341058729222,0.025047537833260934,50.42239469049817,50.4223946904981,34.50455183793946,17.240854823867224,-0.2031464495141616,0.23342853517285142,0.024293682003322253,-1.2538039440928457,0.4687227057476875,1.092162056552424,-0.7058664094968664,-0.25736586791420324,0.2520972471184588,0.07216157647551724,-1.2500805377456807,0.5694258631284219,0.9927323253230633,-0.6512745575584193,0.002
5149.634716199,-0.06122834275057305,0.34152432752954315,0.34215631433635557,0.5567520223268341,-0.021792531359578537,0.6136112842791819,0.5690326147527284,-0.0422189072130563,0.6170497440305563,0.024080547882062278,50.67084724304704,50.67084724304698,35.386418214428886,16.604649910619294,-0.2085491046016853,0.23592179685759543,0.029051186914904485,-1.2538887454949983,0.4786837056825603,1.0821977322567269,-0.7005313580609598,-0.2630366875040964,0.25561339446630305,0.07739821254044688,-1.2511507161701763,0.5794258631284219,0.9827323253230633,-0.6488811470575341,0.002
5149.664964322,-0.06117433799271748,0.3415249574714189,0.3420817876158784,0.5567524632861471,-0.02183033469007744,0.6135591155748479,0.5685298764709159,-0.041566347351188124,0.6158936701209167,0.023101251091939955,50.845772070562106,50.845772070562035,36.27337641872995,15.889342599857537,-0.2139710059999026,0.23853149392958528,0.03385095068573044,-1.2540728825753302,0.48864668831575925,1.0722295722199213,-0.6954879113257576,-0.2684990263460509,0.2590645365972536,0.08254019848911504,-1.2519671559752013,0.5894258631284219,0.9727323253230633,-0.6467227342785622,0.002
5149.692379491,-0.060791455642157474,0.34142259226224647,0.3425727247767512,0.5566808076397265,-0.022098352335469446,0.6139027715874588,0.5680457354310712,-0.04092000464574017,0.6146902547788513,0.02200082519288592,50.935007449933686,50.9350074499336,37.163381895477734,15.089284949024213,-0.21939138343861908,0.24124145339063335,0.038677848492860975,-1.254319053615622,0.49861077101665086,1.062258169952461,-0.6907407099286361,-0.27371076061179644,0.26235003635563725,0.08765172841881859,-1.2523909521599723,0.5994258631284219,0.9627323253230633,-0.6451084393406704,0.002
5149.721546559,-0.06076458283577933,0.3414230031594989,0.3425353687815513,0.5566810952678032,-0.022117163299934142,0.6138766223908189,0.5675744336803423,-0.04027149002127706,0.6134682195065909,0.021175721791504815,51.02246425795805,51.02246425795798,38.05375756616094,14.276685112464861,-0.2247874169562259,0.24402613363126902,0.043521679543293175,-1.2545918909203009,0.5085756197234503,1.052283949243027,-0.6863032373886939,-0.27867036810583545,0.2654010549842115,0.092619324483187,-1.2525823258460795,0.609425863128422,0.9527323253230633,-0.643698911384951,0.002
5149.749194731,-0.06075453902003802,0.3416847767507304,0.342015390253094,0.5568643367816651,-0.02212419397095306,0.6135126374208988,0.5671079071162667,-0.0396135816210614,0.6122564805771644,0.020307322413153132,51.00873183980329,51.00873183980322,38.94211946851188,13.355192559798812,-0.23013479270396384,0.2468531210214479,0.04836785301755872,-1.2548658889937778,0.5185410844274149,1.0423074614284913,-0.6821693830296,-0.2832582093583547,0.2681419340160611,0.0975013312107094,-1.252551233142541,0.619425863128422,0.9427323253230633,-0.6425978907073684,0.002
5149.776563549,-0.06140993364678857,0.3416569174024324,0.34198625401798677,0.5568448352378566,-0.02166541773222768,0.6134922420563237,0.5666379089629854,-0.038934978085954454,0.6110835472355453,0.01999859541409009,51.09149121603508,51.09149121603502,39.82592567701661,12.598397559683061,-0.23540451039210947,0.24968902535625517,0.05320469979215542,-1.2551164412720732,0.5285068605527571,1.0323290596046162,-0.6783401858133264,-0.28748437409066746,0.2706257260591357,0.10230568124377452,-1.2521600600811889,0.629425863128422,0.9327323253230633,-0.6418847630823084,0.002
5149.802734149,-0.06140993364678857,0.3416569174024324,0.34198625401798677,0.5568448352378566,-0.02166541773222768,0.6134922420563237,0.5661584943663145,-0.03822275259654972,0.6099779970053435,0.019319407404181442,51.09149121603508,51.09149121603502,40.70245245024473,11.698107081586386,-0.2405694532225135,0.25250743715577184,0.058026166164864085,-1.2553096628156686,0.5384729082817232,1.022349072438427,-0.6748212492817188,-0.2913456098790752,0.2728068277118842,0.10702123007371651,-1.2514879423805685,0.639425863128422,0.9227323253230633,-0.6414314438284405,0.002
5149.829636791,-0.061541404571439286,0.341722512434489,0.3419570552367008,0.5568907517602962,-0.021573388084972177,0.6134718029094235,0.5656627174566472,-0.037465038523353145,0.6089637025539898,0.018703339398308354,51.170866158358486,51.17086615835843,41.5696492324508,10.90980907393892,-0.24560576653980382,0.2552763175534093,0.06282375669167303,-1.2554337345178546,0.5484400008684165,1.0123681138625895,-0.6715995377597698,-0.2949537600712272,0.27474957938095496,0.11155001463670822,-1.2504920385756935,0.649425863128422,0.9127323253230633,-0.6410879200763185,0.002
5149.860242844,-0.061541404571439286,0.341722512434489,0.3419570552367008,0.5568907517602962,-0.021573388084972177,0.6134718029094235,0.5651440624364621,-0.03665576906973095,0.6080546335696771,0.018026122071655184,51.170866158358486,51.17086615835843,42.42653050032365,10.013583437806068,-0.2504948536096173,0.2579713491480467,0.06758569854612473,-1.2554871803098393,0.5584083791692195,1.0023862418979037,-0.6686657488801262,-0.2981719688092735,0.2764107678568218,0.11594539862469942,-1.2491862277467252,0.659425863128422,0.9027323253230632,-0.6409812201247479,0.002
5149.888350171,-0.061017136601722505,0.3418165136766973,0.3419570552367008,0.556956552629842,-0.021940375663773923,0.6134718029094235,0.5646004936016682,-0.0357878450616347,0.6072723192770179,0.01698869740780379,51.16700910502676,51.16700910502667,43.270914816580984,9.07983363562838,-0.2552144606118842,0.26058034118900414,0.07230155503602831,-1.2554226028031559,0.5683769026276092,0.9924026990157216,-0.6660118050696001,-0.3010320974549753,0.2777652424449925,0.12017732998125516,-1.2475814704301014,0.669425863128422,0.8927323253230632,-0.6410164234694273,0.002
5149.915445592,-0.061017136601722505,0.3418165136766973,0.3419570552367008,0.556956552629842,-0.021940375663773923,0.6134718029094235,0.5640269404198327,-0.034855031837888496,0.6066414001699004,0.01623062319137899,51.16700910502676,51.16700910502667,44.10054283068933,8.190630401868368,-0.25974574607668366,0.2630760595157082,0.07695788840080257,-1.255218689923255,0.5783465321962341,0.9824184459243812,-0.6636161175124866,-0.30358967522845015,0.27878214760040526,0.12413541496319952,-1.2458820839643383,0.679425863128422,0.8827323253230632,-0.6410279190156475,0.002
5149.942930192,-0.06117537351685888,0.34188164455343356,0.3419652550694565,0.5570021442435574,-0.02182960982317846,0.6134775427923526,0.5634166564578582,-0.03385710102162174,0.606176642055238,0.015463171183468289,51.15888942886552,51.15888942886547,44.914325058691496,7.339428848366242,-0.2640771491080833,0.26543314619408903,0.08153694492674181,-1.254870466540566,0.5883176552489027,0.9724333629836635,-0.661454644171387,-0.3058344751141923,0.2795521981915893,0.1278590248930957,-1.2439054136919774,0.689425863128422,0.8727323253230632,-0.6411323976415048,0.002
5149.969666848,-0.06117537351685888,0.34188164455343356,0.3419652550694565,0.5570021442435574,-0.02182960982317846,0.6134775427923526,0.5627670301635413,-0.03279488874594148,0.6058892565127022,0.014527674975244655,51.15888942886552,51.15888942886547,45.71117276018227,6.463526101332369,-0.2681951227774793,0.2676423985611428,0.0860220895747643,-1.2543605881133717,0.5982903724545379,0.9624477271871857,-0.6595110041913481,-0.30772838989628315,0.28021546686761856,0.13130233381933396,-1.241709013626758,0.699425863128422,0.8627323253230632,-0.6411962535064447,0.002
5149.998254945,-0.06136049829483414,0.34194598838145335,0.34201083656303016,0.5570471849231713,-0.021700022478595777,0.613509449837854,0.5620773568091807,-0.03166932190849797,0.6057830171386587,0.013578929360632345,51.06339374775011,51.063393747750055,46.49072181597743,5.552587537011037,-0.2720883046915695,0.2696991818605139,0.09039689581607573,-1.2536818337039788,0.6082649492443455,0.9524616724997549,-0.6577633009621078,-0.3092760018267746,0.2807128950719093,0.13450431047886696,-1.2392485423223205,0.709425863128422,0.8527323253230632,-0.6413736022299781,0.002
5150.025096184,-0.061884964472201015,0.34185146027687785,0.3420108365630302,0.5569810152499683,-0.021332896154438966,0.6135094498378542,0.5613479229024737,-0.030481100970331958,0.605859529014979,0.012699638671840116,51.06752240295004,51.06752240294998,47.25267023372567,4.7402481125427,-0.27574363740423186,0.27160456980436537,0.09464618991697447,-1.2528247335363263,0.6182414204758381,0.9424754104468299,-0.6561984884690755,-0.31048800091186457,0.28111637894348845,0.13738266097629395,-1.236657449475049,0.719425863128422,0.8427323253230632,-0.6414830500536287,0.002
5150.052207224,-0.06136049829483414,0.34194598838145335,0.34201083656303016,0.5570471849231713,-0.021700022478595777,0.613509449837854,0.5605787709429719,-0.029232546464792196,0.6061147535626814,0.011130703051466597,51.06339374775011,51.063393747750055,47.99737828285637,3.84027313915579,-0.2791507392855759,0.27335773446459916,0.09875221626565824,-1.2517956177265515,0.6282199845059564,0.9324927528326843,-0.6547937997157962,-0.31141891120848914,0.2813533998554309,0.1398970448618928,-1.2340014516111244,0.7294258631284221,0.8331370065893817,-0.6415231234785077,0.002
5150.080997794,-0.06136049829483414,0.34194598838145335,0.34201083656303016,0.5570471849231713,-0.021700022478595777,0.613509449837854,0.5597775473474571,-0.02793155019881388,0.6065423975303842,0.009737896823792065,51.06339374775011,51.063393747750055,48.72294984569809,2.9988547483557344,-0.2823038442589834,0.274957024393908,0.10269640170183414,-1.2506053635695369,0.6381747049543078,0.922606051528163,-0.6535238548325761,-0.3121003252908266,0.28150910720096795,0.14200555823215388,-1.231293421174489,0.7383138606968879,0.8253351127783102,-0.6414189896776485,0.0016160916951736732
5150.109054189,-0.06136049829483414,0.34194598838145335,0.34201083656303016,0.5570471849231713,-0.021700022478595777,0.613509449837854,0.5589650416138048,-0.02660432726890613,0.6071264740820301,0.008274826841783737,51.06339374775011,51.063393747750055,49.42062110990021,2.181563212232816,-0.2852034243280793,0.27640409212711164,0.10645837437765572,-1.249263520953834,0.6479662700789325,0.9129883710427985,-0.6523617859710682,-0.3125737130024655,0.281599124799761,0.14369375772727006,-1.2285633641358553,0.7452863721931212,0.8194304339965693,-0.641175777684728,0.0012245842723148043
5150.13688307,-0.06136049829483414,0.34194598838145335,0.34201083656303016,0.5570471849231713,-0.021700022478595777,0.613509449837854,0.5581610217305971,-0.0252840701325123,0.6078415424443042,0.006797882335034781,51.06339374775011,51.063393747750055,50.08001784110243,1.4059008823862085,-0.28784956129783845,0.2777081743601342,0.11001716371305986,-1.2477781322033794,0.6574169305887452,0.9037887423252772,-0.6512837731816521,-0.31277429439592186,0.2817157013884225,0.14500573370618602,-1.2258249548513045,0.750267040813164,0.8152732646440344,-0.6408036648195422,0.0008447207942402816
5150.165259807,-0.061884964472201015,0.34185146027687785,0.3420108365630302,0.5569810152499683,-0.021332896154438966,0.6135094498378542,0.5573845431610183,-0.023999108537490016,0.6086576946456893,0.00555077036916766,51.06752240295004,51.06752240294998,50.69251729000465,0.7596546135795,-0.29024361639764695,0.2788832355519883,0.11335392105008513,-1.2461619759440024,0.6663729448353739,0.8951363627365069,-0.6502668380139878,-0.3127415979602892,0.28188158669148644,0.14592538438756014,-1.2231137385239441,0.7533455153252333,0.8127884374605475,-0.6402938047243703,0.0005379496280940253
5150.194958721,-0.0618678178709505,0.3415903233479707,0.34249376673686177,0.5567982193997334,-0.021344898775314328,0.6138475009595362,0.5566522935669185,-0.022774384690643593,0.6095443085202507,0.004536759801921622,51.16857277688946,51.168572776889384,51.25137470046383,0.3670683713654362,-0.2923904087081687,0.279943545657217,0.1164525436956029,-1.2444320480824749,0.6747085565819918,0.8871335875251919,-0.6492955332885307,-0.31259991118864444,0.28204161093226815,0.1464352112722285,-1.220484541841662,0.754872063035879,0.8118307504697444,-0.639669624549454,0.0005165681505956858
5150.222810679,-0.06136049829483414,0.34194598838145335,0.34201083656303016,0.5570471849231713,-0.021700022478595777,0.613509449837854,0.5559786697566305,-0.02163284081600017,0.61047291145108,0.003219752072950568,51.06339374775011,51.063393747750055,51.75180152807263,0.7326616926475649,-0.29430099964228584,0.2809030636745151,0.11929685390188358,-1.2426074534162446,0.6823292308515607,0.8798647290600801,-0.6483511781034459,-0.31230971177651373,0.28227910741357815,0.14650343486069178,-1.2179624693955735,0.7546380023173248,0.8124515476607039,-0.6388770490297278,0.0004938596743999571
5150.252341631,-0.06118541439214653,0.3416199475997202,0.34248551067563604,0.556818956375958,-0.021822581210477105,0.6138417217166782,0.555376874975207,-0.020596296129634997,0.6114144399115603,0.0030781602991631317,51.17241162913272,51.17241162913264,52.189630692260074,1.1882221502893278,-0.2959851516690897,0.2817770973853957,0.121871612915309,-1.2407081446441937,0.6891445013751796,0.8733971991183626,-0.64742031823659,-0.31189303336565194,0.2825323537573363,0.1462509333164396,-1.21562018182359,0.7530645563591112,0.8142549479914449,-0.6380212684354732,0.0004686177661543565
5150.279699557,-0.061884964472201015,0.34185146027687785,0.3420108365630302,0.5569810152499683,-0.021332896154438966,0.6135094498378542,0.5548559704392302,-0.019679585714603348,0.6123427185815588,0.0029343675097934304,51.06752240295004,51.06752240294998,52.56326966691262,1.6698145002155103,-0.297457123439524,0.28257587845622173,0.1241680020105745,-1.2387637276080827,0.6951096119348458,0.8677716082103322,-0.646490703441068,-0.3113582361176433,0.28284462959945494,0.14565769161532915,-1.213456719904929,0.7500992516260656,0.8172253376846826,-0.6371011863955123,0.0007138006650197361
5150.306538566,-0.06189460647381207,0.34158967828758,0.3425311798574263,0.5567977678574599,-0.021326146753311227,0.6138736901439313,0.5544230617383089,-0.018895122393455935,0.6132338800136,0.0034581014434827877,51.08105453739634,51.08105453739629,52.871489694228394,2.0288830421470467,-0.298726444189674,0.28331237731927345,0.12618102658479835,-1.2367949591853127,0.7001705643462838,0.8630081188687961,-0.6455655810757733,-0.3106896268333102,0.2831156397944525,0.14484267791648606,-1.2115163575203165,0.7459884624963005,0.8210766014308594,-0.636299425280095,0.0008864981382560879
5150.334599517,-0.06189460647381207,0.34158967828758,0.3425311798574263,0.5567977678574599,-0.021326146753311227,0.6138736901439313,0.5540808817092809,-0.018245733884506704,0.6140686894743972,0.004111987174511316,51.08105453739634,51.08105453739629,53.114977659168915,2.33791285905462,-0.29980289868907517,0.2839954080694424,0.12791575343441233,-1.2348252958198733,0.704311020573847,0.859096504607736,-0.644655599336868,-0.30990617066016785,0.2834657243184471,0.14381799460789646,-1.2097723608324662,0.740838067991516,0.8256387650649716,-0.6355413026872102,0.001065000626335034
5150.36260777,-0.06240928502826861,0.3417561277627948,0.34201083656303033,0.5569142824901102,-0.020965871765191647,0.6135094498378542,0.5538272317171303,-0.017728667093970696,0.6148332855156968,0.004664967037424765,51.07179185255154,51.07179185255146,53.29751878922533,2.5618670016433036,-0.30069731098886854,0.2846353008464465,0.12937837949768624,-1.2328769790694374,0.7075738576629701,0.855988162891739,-0.6437640512363292,-0.30901899462438714,0.28383807155808777,0.14265888491307097,-1.2082413107127468,0.7349152017792598,0.8307299311078189,-0.6348969420962475,0.0012622590147507644
5150.389925788,-0.06240928502826861,0.3417561277627948,0.34201083656303033,0.5569142824901102,-0.020965871765191647,0.6135094498378542,0.5536643471635175,-0.01733899793196282,0.6155166108305732,0.005267351201494718,51.07179185255154,51.07179185255146,53.42167934975499,2.7288034133071517,-0.3014203811127667,0.28523944902755094,0.13058453037772177,-1.2309704196327356,0.7099572727696272,0.853680839077269,-0.6429010084804998,-0.30805375927490913,0.28421004387631776,0.14138439083482315,-1.2069889746463673,0.7283546613509371,0.8362162624207922,-0.6343563844356236,0.0013709732003059428
5150.416650436,-0.062418525450150794,0.3414943312908566,0.34253117985742637,0.5567310249597536,-0.02095940346987412,0.6138736901439314,0.553589309255485,-0.01708042310074119,0.6161049041233236,0.00546764868041113,51.08538944282858,51.08538944282851,53.489238081404125,2.793021156844472,-0.30199922147908226,0.2858111328967383,0.13155218272361716,-1.2291320190511672,0.7114619028349094,0.8521363995798842,-0.6420720185341129,-0.30706923324231633,0.2845246470544266,0.13999751144049793,-1.2060859661560488,0.7213497022653528,0.8419921459255086,-0.6339133827897623,0.001402336557255651
5150.444861218,-0.06240928502826861,0.3417561277627948,0.34201083656303033,0.5569142824901102,-0.020965871765191647,0.6135094498378542,0.5535969326819726,-0.01695372309638478,0.6165903769413991,0.006049318846574114,51.07179185255154,51.07179185255146,53.504598061055745,2.858534195664952,-0.3024480972802904,0.2863516454272941,0.13228760707376896,-1.2273885072074118,0.7121346349889736,0.8513050602664575,-0.6412830893203615,-0.3060608518812002,0.284837880988595,0.13854206004251313,-1.2054810642522573,0.7140369615584655,0.8479297999367363,-0.6335447383708548,0.0014842796729690663
5150.472097573,-0.06240928502826861,0.3417561277627948,0.34201083656303033,0.5569142824901102,-0.020965871765191647,0.6135094498378542,0.553681316124555,-0.016942593636255998,0.6169694409071245,0.006213724858972577,51.07179185255154,51.07179185255146,53.472843537489574,2.831345412428155,-0.3027674229296578,0.2868619089626177,0.13281419725446364,-1.2257622737945926,0.7120371605341463,0.851129215917293,-0.6405418364634473,-0.3050829765168827,0.2850393898699744,0.13706486494549433,-1.2051958211327114,0.7067052609625478,0.8538928541030762,-0.6333377309334686,0.0014925619349624728
5150.500652393,-0.06240928502826861,0.3417561277627948,0.34201083656303033,0.5569142824901102,-0.020965871765191647,0.6135094498378542,0.5538344411083064,-0.017024689697094475,0.6172430286954345,0.006241630405329419,51.07179185255154,51.07179185255146,53.399624256587565,2.7519267069969224,-0.3029690232141176,0.28734166506036873,0.13317553092060758,-1.2242718264220738,0.7112370431807813,0.8515445636212429,-0.6398535068280548,-0.3040943900631288,0.2852417667447761,0.13559350066959933,-1.2051977105758944,0.6993350459365308,0.8597781533791433,-0.6332013225124685,0.001472107072476628
5150.528999703,-0.06225074230510923,0.34169176381042177,0.34200267629319175,0.5568692277234492,-0.02107685167140322,0.6135037376489672,0.5540480501976666,-0.017186907455756226,0.6174123506719719,0.006194187952946563,51.07949975330505,51.07949975330495,53.29049757122071,2.6626443194527543,-0.3030554748595489,0.28778999308024755,0.1333751828709495,-1.2229333776291815,0.7098111220179409,0.852482571220936,-0.6392234882134435,-0.3031726077900754,0.2853381784532375,0.13414769745394728,-1.2055006601747154,0.6922726299237428,0.8655644187737895,-0.6331735064122829,0.001405773637628135
5150.556146778,-0.06224628076546455,0.3418181666254992,0.3421825784947351,0.5569577096940034,-0.021079974749154493,0.6136296691900476,0.5543139883395239,-0.017426481481941813,0.6174820438258615,0.005931110013173013,51.09316174759113,51.09316174759104,53.15126215365609,2.463496295706516,-0.3030447854410209,0.2882023398011694,0.13341817624006883,-1.2217642316355022,0.7078519829662577,0.853883366431462,-0.6386540604819229,-0.30231811653976076,0.2853069224546853,0.13275029026213028,-1.2061637711773014,0.6855763942748158,0.8711688197172962,-0.6332633685482363,0.0012995362058568162
5150.584829021,-0.06224628076546455,0.3418181666254992,0.3421825784947351,0.5569577096940034,-0.021079974749154493,0.6136296691900476,0.5546216520137265,-0.01773561391938154,0.61745818648417,0.005594591988402224,51.09316174759113,51.09316174759104,52.98785633515538,2.266554904449811,-0.30295634867897603,0.28857090922899375,0.13332309872056367,-1.2207817568675396,0.705450223563904,0.855678357037052,-0.6381531711651927,-0.3015391292064592,0.28515570759604075,0.1314518872048346,-1.207070396010403,0.6793627012645546,0.8764400228187714,-0.6335369800196952,0.0012116562869720587
5150.614783256,-0.06224628076546455,0.3418181666254992,0.3421825784947351,0.5569577096940034,-0.021079974749154493,0.6136296691900476,0.5549606240287401,-0.018102699335582853,0.6173509489086987,0.005167247118834375,51.09316174759113,51.09316174759104,52.806086914588604,2.044486539380867,-0.30280638484033184,0.28889015288462255,0.1331116173778079,-1.219992327402072,0.702698082255543,0.8577987467591071,-0.637724273343416,-0.30080820321906415,0.28495129979909695,0.1302564488277256,-1.2082100928849162,0.6736080278822792,0.8813564488299964,-0.6338887200910089,0.0011086394019467047
5150.645028837,-0.06224628076546455,0.3418181666254992,0.3421825784947351,0.5569577096940034,-0.021079974749154493,0.6136296691900476,0.5553212172513055,-0.018515304743053962,0.6171689939331402,0.004667168241264353,51.09316174759113,51.09316174759104,52.611149941140134,1.8038213200880775,-0.3026065880432563,0.2891580737152564,0.1328053743036423,-1.21939762778342,0.6996754306153526,0.8601734673054114,-0.6373634345197553,-0.30015582613949854,0.28461264225407595,0.12919491189644938,-1.2095536717397644,0.6684478154527886,0.8858135787813605,-0.6343900693296497,0.0009936797895076634
5150.676201238,-0.06224628076546455,0.3418181666254992,0.3421825784947351,0.5569577096940034,-0.021079974749154493,0.6136296691900476,0.555693678391353,-0.018960114258027252,0.6169256257798031,0.00411763445165734,51.09316174759113,51.09316174759104,52.40790015201595,1.551505221003146,-0.3023683485846774,0.2893743164801705,0.13242663818124278,-1.2189802287316178,0.6964638185430932,0.8627320351423329,-0.6370843887429666,-0.29955732271245,0.2842026689483572,0.12827569722069707,-1.211057107918423,0.6638470117555764,0.8897825826361437,-0.6349850944371427,0.0008702190941136284
5150.702877315,-0.06225553048311157,0.34155610678913095,0.3427030255143878,0.5567742678085456,-0.021073499946801577,0.6139939821038044,0.5560705535609664,-0.01942443326437822,0.6166392257508594,0.003195613965673811,51.10696133506018,51.10696133506009,52.20012181503898,1.2678966645387408,-0.3021024480140068,0.28954443932701196,0.13199762774830004,-1.2187130820335377,0.6931448179620389,0.865409215063098,-0.6368959643725419,-0.2990667771125795,0.2836368238363994,0.12751734344896926,-1.2126682943600708,0.6600137665052783,0.8932384964114267,-0.6357499282967786,0.0006994576992502917
5150.7311597,-0.06224628076546455,0.3418181666254992,0.3421825784947351,0.5569577096940034,-0.021079974749154493,0.6136296691900476,0.5564451719365411,-0.019895648854373407,0.6163061592147596,0.0029713501359241662,51.09316174759113,51.09316174759104,51.99404156928315,1.0383137963232167,-0.30182007843128966,0.28966796984481297,0.13153821954201833,-1.218628983357262,0.6897955171360322,0.8681438714632336,-0.6368021316367504,-0.2986227861710343,0.2829949699487449,0.12690797283629904,-1.2144294989046724,0.6567395567083122,0.8961669400294469,-0.6365731306083299,0.0006109713935603057
5150.759871305,-0.06225553048311157,0.34155610678913095,0.3427030255143878,0.5567742678085456,-0.021073499946801577,0.6139939821038044,0.556805114504297,-0.020361400052508097,0.6159362535705233,0.0020689263468093503,51.10696133506018,51.10696133506009,51.79338507440258,0.7756456773946017,-0.3015281112859996,0.28972728524719893,0.13106491770686643,-1.218732786151813,0.6864736904836926,0.8708792132624426,-0.6367991303900812,-0.2982772520688126,0.2821960375631423,0.12645798990828988,-1.2162800127312179,0.6542022201760191,0.8985674525038231,-0.6375268031428043,0.0004386934307002053
5150.78689531,-0.06224628076546455,0.3418181666254992,0.3421825784947351,0.5569577096940034,-0.021079974749154493,0.6136296691900476,0.5571402325727863,-0.020809215888357935,0.6155468290559566,0.0019447691157130531,51.09316174759113,51.09316174759104,51.60139193255523,0.5611901184067278,-0.30123689651388447,0.28970994168405695,0.13059578508416292,-1.2190144671934429,0.6832512805754097,0.8735641948027308,-0.6368924967420416,-0.29798669989828735,0.2813452498209689,0.12615692970032702,-1.2181640094637405,0.652265148922173,0.9004610205915542,-0.638519416325888,0.0003756542211294716
5150.815275276,-0.06224628076546455,0.3418181666254992,0.3421825784947351,0.5569577096940034,-0.021079974749154493,0.6136296691900476,0.5574439336557957,-0.0212294014824424,0.6151510199866362,0.0016041353857835902,51.09316174759113,51.09316174759104,51.420264426532384,0.3592992610405803,-0.300950756239376,0.28961515548918526,0.13014449344034237,-1.2194549334403653,0.6801728536827215,0.8761556848864707,-0.6370738731616917,-0.2977629290161932,0.2804249034884365,0.12599947598229327,-1.2200544530034731,0.6509474800971732,0.9018662006016828,-0.6395586140552431,0.000374362499341222
5150.843694885,-0.06224628076546455,0.3418181666254992,0.3421825784947351,0.5569577096940034,-0.021079974749154493,0.6136296691900476,0.5577118638341925,-0.021613251292833063,0.6147581971249257,0.0014583235714348453,51.09316174759113,51.09316174759104,51.25214116293873,0.22345788292894508,-0.3006739490960353,0.2894450115564739,0.12972356574375218,-1.220037372183615,0.6772806802063641,0.8786162471606037,-0.6373374820926281,-0.2975701616991858,0.2794824335741908,0.12599190141618535,-1.2219114004150335,0.6501634216000421,0.9027873894747819,-0.6406210117134711,0.00036698578553212975
5150.871665134,-0.06277054982462452,0.3417222798985528,0.34218257849473493,0.5568905889851409,-0.020712986407742516,0.6136296691900475,0.5579404593735946,-0.02195280229902888,0.6143767048518801,0.001788136895455131,51.097495604974284,51.097495604974235,51.09883715627169,0.27458802808169863,-0.30041020126441537,0.2892017568425638,0.12934443675154605,-1.2207451608748192,0.6746127162632983,0.8809134661177858,-0.6376796331898723,-0.29745283281738305,0.27847045743076576,0.12610740140356932,-1.2237213163237608,0.649969453789503,0.9032803361456775,-0.6417204306295471,0.0003522231390953492
5150.898966337,-0.06224628076546455,0.3418181666254992,0.3421825784947351,0.5569577096940034,-0.021079974749154493,0.6136296691900476,0.5581270932479527,-0.022242117683857462,0.6140149648816766,0.0016930702486651736,51.09316174759113,51.09316174759104,50.961628712167936,0.3451248611345992,-0.3001619898479275,0.28888889577908194,0.12901575622792152,-1.2215586795930813,0.6721956087251642,0.8830207683953198,-0.6380940044445748,-0.29734633079217015,0.27750173732856864,0.12634359772540854,-1.225435716283478,0.6501807376177,0.903366364223516,-0.6427823117751726,0.00033601970787796654
5150.927237934,-0.06277054982462452,0.3417222798985528,0.34218257849473493,0.5568905889851409,-0.020712986407742516,0.6136296691900475,0.5582713277334407,-0.022476135825963695,0.6136783833099708,0.002239979559618814,51.097495604974284,51.097495604974235,50.84124328250767,0.51799167271411,-0.2999299369067611,0.2885144431275231,0.12874453762964908,-1.2224565240048064,0.6700486281555552,0.8849197860529419,-0.6385712263332614,-0.2972668151527725,0.2765385372985864,0.12671160707783247,-1.226998198109714,0.650866372198162,0.9030616957916862,-0.6438717809720899,0.0003119952951064297
5150.954730388,-0.06277054982462452,0.3417222798985528,0.34218257849473493,0.5568905889851409,-0.020712986407742516,0.6136296691900475,0.5583729781287827,-0.022650900230624493,0.6133730937156631,0.0024533280522913837,51.097495604974284,51.097495604974235,50.73831079608479,0.6272614262242358,-0.2997153485191186,0.2880834353238583,0.1285368151036494,-1.2234199131412944,0.6681891491715842,0.8865948939564396,-0.6391070092614876,-0.29723262980615606,0.27552703838090803,0.12715803302716883,-1.2285237883772837,0.6519492580046927,0.9024555141952437,-0.6449242919404065,0.00028612899650278206
5150.982408621,-0.06277054982462452,0.3417222798985528,0.34218257849473493,0.5568905889851409,-0.020712986407742516,0.6136296691900475,0.5584318670912549,-0.022764824787516527,0.6131032221706226,0.0026196804006140555,51.097495604974284,51.097495604974235,50.65292298074096,0.7161439891156037,-0.2995184259129836,0.2875987440101162,0.12839259051025145,-1.2244356460812618,0.6666239595517781,0.8880419027517771,-0.639688153156927,-0.2972334649828506,0.27457783165021343,0.12765783333749842,-1.2299034590354423,0.6533280442278998,0.9016026268577888,-0.6458956849649291,0.0002958876421487708
5151.010336615,-0.06277054982462452,0.3417222798985528,0.34218257849473493,0.5568905889851409,-0.020712986407742516,0.6136296691900475,0.5584502787317264,-0.02282204025580363,0.6128713527201789,0.002730528173833633,51.097495604974284,51.097495604974235,50.584598336659184,0.7834863098213449,-0.29933812155092804,0.2870705481082019,0.1283017817493218,-1.225481185836875,0.6653491975155226,0.88925793688899,-0.6403056459686772,-0.29728014351596055,0.27367532182798354,0.12819583016180325,-1.2311306090565208,0.6549869812526762,0.9005470761865032,-0.6467975123539823,0.0003473415154466723
5151.038176637,-0.06277054982462452,0.3417222798985528,0.34218257849473493,0.5568905889851409,-0.020712986407742516,0.6136296691900475,0.5584309529011907,-0.022832007626854334,0.6126773387143672,0.002787454978259529,51.097495604974284,51.097495604974235,50.53187241793495,0.8308519505758741,-0.29917663359274527,0.28650717003794035,0.12825406709410908,-1.2265382691623297,0.6643350526392175,0.8902517178290723,-0.6409487925220531,-0.29736012739044365,0.27285600855543246,0.12876754826335973,-1.2321607804339056,0.6568504724869748,0.8993037724952611,-0.6476476320430897,0.00038831164300204084
5151.066897633,-0.06279738556034764,0.341721608356024,0.3422199573558116,0.5568901189053707,-0.02069420139273633,0.6136558343928011,0.5583796946593184,-0.022803067403789234,0.6125208812789048,0.0028203316028556006,51.009967204225894,51.009967204225816,50.49257212154813,0.797896381839177,-0.299035785409094,0.2859184112264982,0.1282462666631725,-1.2275870807896772,0.663562345505157,0.8910520186446145,-0.6416132964966357,-0.29744285503455964,0.27202048772742493,0.12934607474871943,-1.2330015684905968,0.6587389460818923,0.8981052330827669,-0.6485267374320653,0.000371528023804952
5151.095268903,-0.06280623520711853,0.3414594773351681,0.34274040191296823,0.5567066271907716,-0.020688006639996703,0.6140201455828107,0.5583011614256691,-0.02272927533909587,0.6124068383900937,0.0030515696659677797,51.02384124183469,51.023841241834596,50.46632158890145,0.8645339315700107,-0.29891280198687314,0.28530877862735765,0.12828900166249188,-1.2286138960075685,0.6630466351870001,0.891672718148165,-0.6422946393120845,-0.2975621094941069,0.2712294318901824,0.12991954161173846,-1.2337259248157018,0.6607488538921066,0.8968184473724975,-0.649317806422179,0.0004349210181008019
5151.122835482,-0.06279345154144664,0.3418381359889658,0.3427366240786111,0.5569716882484299,-0.02069695520596703,0.6140175010987607,0.5581955286682703,-0.02260850590134586,0.6123366402410162,0.0028243768617760723,51.02384124183468,51.023841241834596,50.452877560435056,0.8555842177963365,-0.298806086725648,0.2846832505450907,0.12838365281540232,-1.2296067338248986,0.662778874890384,0.8921076266862686,-0.642983529127912,-0.2977210993591117,0.2705410332064599,0.13048083296875332,-1.2342379274980015,0.6628845468573141,0.8954920716942518,-0.6500119931644157,0.00045275474732216946
5151.150438037,-0.06279738556034764,0.341721608356024,0.3422199573558116,0.5568901189053707,-0.02069420139273633,0.6136558343928011,0.5580670122723043,-0.02244588148642697,0.6123102379293688,0.00250281661137328,51.009967204225894,51.009967204225816,50.45107344557259,0.7753200278028408,-0.2987163468242284,0.28405364477496664,0.1285254371470426,-1.2305465359390155,0.6627409382644005,0.8923717524623059,-0.6436665437923127,-0.2978692483591911,0.27001168810129905,0.13100458103098073,-1.2346183622721354,0.6649182261448124,0.8941549350256669,-0.6505265327063378,0.0004069842703532246
5151.178916285,-0.0627931291764205,0.34184768460436027,0.3424000509033535,0.5569783722792061,-0.020697180861485323,0.6137818998760805,0.5579210730704612,-0.02224947526205058,0.6123230292454199,0.002329507717279157,51.0238412418347,51.0238412418346,50.459495284601445,0.7924415203407343,-0.2986438748835503,0.2834322756169233,0.12870663218512501,-1.2314229735213997,0.6629075025615051,0.8924832992179199,-0.6443322191999351,-0.2980746250600394,0.2696157069588089,0.13150229523316867,-1.2347822217935074,0.6670886100075849,0.8929035557423317,-0.651034769870451,0.00043859985626380895
5151.205527521,-0.0634806020916787,0.34167785385147076,0.34310968305203426,0.5568594907521834,-0.020215949820804584,0.614278642380157,0.5577641508051507,-0.022025526136768933,0.6123718146908309,0.0027801021728552327,51.04896966201416,51.0489696620141,50.47717177304057,0.9401937403565086,-0.29858925722782936,0.2828334290858343,0.12892158220503191,-1.2322207567932266,0.6632686183608143,0.8924627349576002,-0.6449849175189588,-0.29828559785646697,0.2693893933317414,0.1320363728811208,-1.2346390615864973,0.6693108328367988,0.8916134210057122,-0.6516885554944256,0.0004712475134540164
5151.232524674,-0.06293906638317098,0.3422882705913042,0.3429500941490019,0.5572867824700668,-0.02059502481675999,0.6141669301480343,0.5576022582760455,-0.021778258509394174,0.6124554393891894,0.002104463725787115,51.0583907974227,51.05839079742263,50.50305552997585,0.8968793552532502,-0.2985522965238378,0.2822741228078437,0.12916888123235373,-1.2329154643108295,0.6638142665096382,0.8923217332252257,-0.6456448782918517,-0.2985824538015723,0.2693653986853377,0.13254425177468376,-1.2341750245532954,0.6717124714004242,0.8904872576530098,-0.6524834677699494,0.000495303957794518
5151.259400907,-0.06352640918120343,0.3419260231422547,0.34354599856006895,0.5570332092557322,-0.020183884858137272,0.6145840632357812,0.5574430469703032,-0.02151358641411888,0.6125740483494063,0.0024446335152151716,50.902683136566374,50.90268313656628,50.5360665086272,0.8304369864233686,-0.2985392908789187,0.2817671232461359,0.12944490568307762,-1.2334903962095911,0.664541128509957,0.8920940585534899,-0.6463195118851058,-0.298875565629381,0.26938662949725256,0.1330138774918677,-1.2335571397993925,0.6739731699954981,0.8896042851271732,-0.653368373886244,0.0004002868426543279
5151.288301909,-0.0635991407651392,0.342186639117626,0.3431363051817874,0.5572156404384921,-0.020132972749382236,0.6142972778709841,0.5572910670295398,-0.021242896543485837,0.6127234214028632,0.0019273412208533401,50.62571723809324,50.625717238093145,50.5734302423096,0.5850892962901177,-0.298549144465714,0.28130889067023057,0.12973932958471043,-1.233949285860765,0.665389505935442,0.8918195614600862,-0.6470191419745711,-0.29897350598577294,0.2693392167502965,0.13340276867467069,-1.232892794463451,0.6752958782364319,0.8892616914881023,-0.6543496745087913,0.0002067571762639698
5151.315838543,-0.06302923496894855,0.3420772758982976,0.34397821811305107,0.5571390861849622,-0.02053190680671569,0.6148866169228687,0.5571504519431111,-0.020976617152538665,0.6128969198301879,0.002038820981048311,50.30810587237398,50.30810587237388,50.609124428246446,0.6866636579727151,-0.29856890250175583,0.2808857700912332,0.13003884892767922,-1.2343041683186788,0.6662544589753451,0.891565185792049,-0.6477479785511211,-0.2990073611416849,0.2690343049558982,0.13361495917731958,-1.2323010622175188,0.6759424725391493,0.8898546210800294,-0.6554347156167185,0.00024508920904750526
5151.343579393,-0.06319390356581456,0.34277558947495035,0.3440463540999783,0.5576279056886192,-0.020416638788909487,0.6149343121137177,0.5570228263981392,-0.020724227351238828,0.613093762369499,0.001961722465688616,50.24214132081004,50.242141320809964,50.638895169666895,0.8249320316003135,-0.2985950306359146,0.2804778692153499,0.13032955068847857,-1.2345684465194036,0.6670848435899437,0.8913833732218716,-0.6485219569551691,-0.2990023168451732,0.2687417309020127,0.13375876243390297,-1.2315625030670476,0.6761994608121894,0.8910332171320503,-0.6568207127443964,0.0003185327176156591
5151.372350933,-0.0631897417543442,0.34289886443920325,0.34422804084114506,0.5577141981635961,-0.020419552056938732,0.6150614928325345,0.5569144982050689,-0.020490849843505368,0.6133149743226607,0.001922220149558764,50.25716365269122,50.25716365269113,50.659531951103425,0.8309406864393807,-0.29862407670549784,0.280082926331089,0.1306068696016075,-1.2347441101762626,0.6678657195784473,0.891334760142107,-0.6493701439442136,-0.29904613529221635,0.2686663660540067,0.133916917064977,-1.230428669678021,0.6765776331298342,0.8923865640521926,-0.6584994871834067,0.00031240077503913156
5151.403112783,-0.0631897417543442,0.34289886443920325,0.34422804084114506,0.5577141981635961,-0.020419552056938732,0.6150614928325345,0.5568314454719532,-0.020275436999371774,0.6135543239492696,0.0017525922249920442,50.25716365269122,50.25716365269113,50.6715947738065,0.7613665293951387,-0.29865489986565563,0.27971790119362094,0.13087133586976543,-1.2348240194125866,0.6686033267376243,0.8914247554143412,-0.6502912527655004,-0.2991056024697588,0.26870916018865093,0.1339933922615089,-1.2292699951522916,0.6767976762206251,0.8938066838686809,-0.659982044244821,0.00027719739441504107
5151.431362949,-0.06303101911615068,0.3428353250494629,0.34421905046386214,0.5576697205907779,-0.0205306579036742,0.6150551995684365,0.5567760037033165,-0.020083446973992794,0.6138117643357608,0.0015952613166561294,50.26548923432864,50.26548923432856,50.6744708528629,0.694984503695616,-0.29868813811756817,0.2793914731210557,0.13111701920315497,-1.2347924092051272,0.6692807131633081,0.8916441342600103,-0.6512551992440695,-0.29916078328415535,0.2687215165050148,0.1339758576254729,-1.2283587471551958,0.6768352249711383,0.8952995269108176,-0.6611481633512135,0.0003029325767336939
5151.458737,-0.06303101911615068,0.3428353250494629,0.34421905046386214,0.5576697205907779,-0.0205306579036742,0.6150551995684365,0.5567450988179037,-0.019918264723119944,0.6140811676816571,0.001476038260657692,50.26548923432864,50.26548923432856,50.66876543617137,0.62569611941519,-0.2987241622568475,0.2790953481431312,0.131336275882608,-1.2346761212851953,0.6698925982593555,0.8919874720421678,-0.6522291485334648,-0.29921014629425496,0.2688069254367381,0.13389069800780176,-1.2275205902434254,0.6767043147289252,0.8967856193035237,-0.6620643597173661,0.00029268547613456314
5151.487968592,-0.06303101911615068,0.3428353250494629,0.34421905046386214,0.5576697205907779,-0.0205306579036742,0.6150551995684365,0.5567372064936635,-0.01978273783501336,0.6143552374804493,0.0013852486762462618,50.26548923432864,50.26548923432856,50.65520731611484,0.5580601102628743,-0.2987628763910248,0.2788320344041631,0.1315243209912088,-1.2344882145876022,0.6704299126561457,0.892441414412412,-0.6531888813435444,-0.2992956709932752,0.2689461766957856,0.13372043320076688,-1.226750964508309,0.6764627978397985,0.8982581858675814,-0.6627487567694583,0.00027730307844014865
5151.516040654,-0.06303101911615068,0.3428353250494629,0.34421905046386214,0.5576697205907779,-0.0205306579036742,0.6150551995684365,0.5567509522794548,-0.019678653116223327,0.614627067783079,0.0013241390385318654,50.26548923432864,50.26548923432856,50.63488013228869,0.4945754278138869,-0.29880460635856837,0.27860377073297793,0.1316780339054117,-1.2342415080198315,0.6708925617233675,0.8929894727027691,-0.6541185165992958,-0.29938233904562517,0.2691070525927482,0.13353439976993745,-1.2260226981525872,0.676180597470263,0.8996158037899191,-0.6633027556047947,0.0002574233057450439
5151.542568503,-0.06303101911615068,0.3428353250494629,0.34421905046386214,0.5576697205907779,-0.0205306579036742,0.6150551995684365,0.5567838467793247,-0.0196054335080197,0.6148913103739961,0.0012913838547028466,50.26548923432864,50.26548923432856,50.60896062078345,0.43810810522752164,-0.298848786325991,0.2784112798692297,0.1317973426221485,-1.23394904067265,0.6712793003888089,0.8936116281625687,-0.655003946844824,-0.29943085286934634,0.269351009830085,0.13332131091831928,-1.2253905948381685,0.6756815589034113,0.9008299874719718,-0.6636705967802187,0.00023387852297600872
5151.571828218,-0.0631897417543442,0.34289886443920325,0.34422804084114506,0.5577141981635961,-0.020419552056938732,0.6150614928325345,0.5568336774209638,-0.01955988134475603,0.6151417782853785,0.0012332056866268851,50.25716365269122,50.25716365269113,50.57891614689896,0.3566388658678851,-0.29889315203518335,0.27825805431919615,0.13188679563745503,-1.2336215392841654,0.6715947760277886,0.8942832409584365,-0.6558386842664836,-0.29945579379336007,0.26962419428412504,0.1331385097058793,-1.2247685991433541,0.6751028229303253,0.9017945920794842,-0.664030546118746,0.00017740204941779365
5151.599735731,-0.0631897417543442,0.34289886443920325,0.34422804084114506,0.5577141981635961,-0.020419552056938732,0.6150614928325345,0.5568974518637242,-0.019535526047482557,0.615375303369222,0.0012438060768003888,50.25716365269122,50.25716365269113,50.54625676368038,0.3210411595284316,-0.2989352811008208,0.27814664073988055,0.131954259952008,-1.2332650284202467,0.6718442255252134,0.89497800656034,-0.6566211937007195,-0.2994441700275369,0.2699804254658096,0.1329339101933589,-1.2242405819032975,0.6743636604221876,0.9026289190581245,-0.6641826291584717,0.00015742621017038623
5151.627886613,-0.06318558935156535,0.3430218607132489,0.3444099165776361,0.5578002955554281,-0.020422458738883934,0.6151888058480782,0.5569732613932227,-0.01952940450488176,0.6155866910400062,0.001280563936818298,50.27232546771197,50.27232546771191,50.51189429898076,0.27452557143979384,-0.29897375351963473,0.2780767617451893,0.13200313930408303,-1.2328920431697215,0.6720204480031391,0.8956808565454834,-0.6573392678024819,-0.2994318951557845,0.2703793631546232,0.13273383441966471,-1.223759637049163,0.6736172346306044,0.9033252453596441,-0.6642754690359585,0.00013802622597519098
5151.656983466,-0.06370774901492052,0.3430472551946278,0.3445919808814802,0.5578180716923934,-0.020056946974535313,0.6153162508607691,0.5570572139258301,-0.01954043616010913,0.6157751765816903,0.0010277649437891775,50.2928401471018,50.292840147101735,50.47587344694287,0.18699925264494727,-0.2990089145891199,0.27803828257040264,0.13203556900267835,-1.2325121944849118,0.6721202339244969,0.8963824476487878,-0.6580017135679834,-0.2994632818070515,0.27078758146614523,0.13256963067582483,-1.2232922154791304,0.6731201189740647,0.9039672887480739,-0.6644764544139689,0.00011276657794436557
5151.685784221,-0.06370380328118465,0.34316969941738784,0.34477423332426227,0.5579037826483254,-0.02005970898815042,0.6154438275707166,0.5571461720355786,-0.019564839123077202,0.6159477796108074,0.001035778780732579,50.30834527507433,50.30834527507426,50.438755697219854,0.13548700680132728,-0.299042480432285,0.27802354079514946,0.13205453173631437,-1.2321251070210653,0.6721675830679548,0.8970776967717177,-0.65862084464652,-0.2995356030576101,0.271225450735856,0.1324218868451353,-1.222847346587442,0.6728180740428763,0.9045669144236577,-0.6647234370896005,9.359226535157701e-05
5151.714898275,-0.0631773128111437,0.3432670160336863,0.34477423332426227,0.5579719042797343,-0.02042825231717909,0.6154438275707166,0.5572415188951348,-0.01960061458583945,0.6161030426018487,0.0012856949411287318,50.30306703968443,50.30306703968436,50.401844197979024,0.14957630251484905,-0.2990761586607867,0.2780422058547592,0.1320623732625624,-1.231730740063059,0.6721823102617149,0.8977583729573136,-0.6592015559717196,-0.29962421523769217,0.2716293908851661,0.13227934024768767,-1.2224752275021111,0.6725849284253991,0.9050244278107072,-0.6648938328083425,9.088297029136923e-05
5151.742711723,-0.0631773128111437,0.3432670160336863,0.34477423332426227,0.5579719042797343,-0.02042825231717909,0.6154438275707166,0.5573426725978109,-0.019646660674885533,0.6162358698882708,0.0012783383893304704,50.30306703968443,50.30306703968436,50.36646334171784,0.1475280018187719,-0.29911114184920157,0.27809582349331474,0.13206042470379808,-1.2313407437990664,0.6721703994893165,0.8984130915226174,-0.6597368641250637,-0.29968565312160156,0.27207251981308433,0.13211268286784594,-1.2222445512328308,0.6722143428486933,0.9053670321934488,-0.6648764195442799,8.692801551215508e-05
5151.769951617,-0.06318629472367446,0.3430009672340118,0.34529702448673966,0.5577856701199622,-0.020421964978407557,0.6158097813844507,0.5574480659199692,-0.01970308138581467,0.6163409513528775,0.0009554641546968632,50.318646540374324,50.31864654037427,50.33317416167365,0.10066591843810142,-0.29914722771938257,0.2781830117527575,0.13204916663026564,-1.230968070130088,0.6721255317664617,0.8990311170746623,-0.6602182327735923,-0.2997287310462105,0.2724279246882367,0.13199132434156668,-1.2221280866528939,0.6718962190909312,0.9055128369937921,-0.6648516061782824,4.953897609116427e-05
5151.798563165,-0.0631773128111437,0.3432670160336863,0.34477423332426227,0.5579719042797343,-0.02042825231717909,0.6154438275707166,0.5575545640705228,-0.01976731663431705,0.6164170056821636,0.0012482325359101185,50.30306703968443,50.30306703968436,50.30274243179544,0.1994003269591946,-0.2991837687793951,0.27829805233775623,0.132030265512734,-1.2306231775433014,0.6720525025575631,0.8996012931529195,-0.660644830460975,-0.29977304506084274,0.27281647907416534,0.13183658423441996,-1.2220976826804588,0.6715151458896228,0.9055888148934521,-0.6646518569198393,7.601751864372195e-05
5151.826150966,-0.06320479195669254,0.34326579221194226,0.3448111275752617,0.5579710476045134,-0.020409016915294897,0.6154696535464161,0.5576605309690261,-0.019838483598181453,0.6164638827970659,0.0011876113209709509,50.21567160654456,50.21567160654448,50.27547457855665,0.23558877121368782,-0.2992210366886866,0.27843631538638824,0.1320038850087436,-1.230312972064204,0.6719538562326244,0.9001198603808073,-0.6610122006456183,-0.2998138944549104,0.2730780469459726,0.13169102811915245,-1.222175587477533,0.6711285434067379,0.9056035985389483,-0.6644594654371108,0.0001223828798569153
5151.852800854,-0.06268754668112826,0.34309625197581817,0.3453339153958084,0.5578523694392267,-0.020771088608189894,0.6158356050207988,0.557763687229888,-0.01991675782015992,0.6164830553391585,0.0010756103125078046,50.2260751314995,50.226075131499435,50.251087517464,0.2121369202001169,-0.2992593332951478,0.2785884681274368,0.1319678767010024,-1.2300447036480537,0.671824161640707,0.9005905677612288,-0.6613270324542583,-0.29989152854582435,0.2732855674980264,0.13149961986885783,-1.2223389238588573,0.6707416839564855,0.9056217204819195,-0.6641610059563022,6.494217845388641e-05
5151.882609806,-0.06267815466931967,0.34336234324169856,0.34481112757526183,0.5580386333253429,-0.020777663016455908,0.6154696535464163,0.5578630744697717,-0.020004552282375312,0.6164773783187977,0.0012821974636503133,50.210547701170604,50.21054770117054,50.22928804684425,0.2951789455942679,-0.2993003625527222,0.2787479772522,0.13191711858758387,-1.2298199874964955,0.6716702135642936,0.9010195057463108,-0.6615926059371982,-0.2999705578664067,0.2734632859787874,0.13128392907379124,-1.222526596105405,0.6703077950414443,0.9056671835441888,-0.6637891549099212,0.00010316466437336919
5151.909815102,-0.06267815466931967,0.34336234324169856,0.34481112757526183,0.5580386333253429,-0.020777663016455908,0.6154696535464163,0.5579575206289289,-0.020103091213125937,0.6164491360334099,0.001192062217207914,50.210547701170604,50.21054770117054,50.209570757790964,0.301942815666203,-0.299343918165047,0.2789094051464766,0.13185016564438812,-1.2296407734210013,0.6714858921933918,0.9014079467812249,-0.6618004794988691,-0.3000288308266893,0.2735900760529601,0.1310814631782617,-1.2228122249617512,0.6698513651940553,0.9056167808766331,-0.6633616525108823,9.735369995038654e-05
5151.936941186,-0.06267815466931967,0.34336234324169856,0.34481112757526183,0.5580386333253429,-0.020777663016455908,0.6154696535464163,0.558045365329596,-0.020210188540468993,0.6163997879246318,0.0010895974313095181,50.210547701170604,50.21054770117054,50.192084864850024,0.30379165967660776,-0.29938864412300714,0.2790690786291313,0.13176920932022204,-1.229508278624594,0.6712752886718496,0.9017513276656474,-0.6619454759878571,-0.30007527996286554,0.2736738144498123,0.1308995772357056,-1.2231393197394516,0.6694283467059388,0.9054857735303244,-0.6629029588442641,9.864080810975158e-05
5151.963439661,-0.06267815466931967,0.34336234324169856,0.34481112757526183,0.5580386333253429,-0.020777663016455908,0.6154696535464163,0.5581254740231227,-0.020322742020526044,0.6163331232217087,0.0009798338121734924,50.210547701170604,50.21054770117054,50.176856748193444,0.30078650684426356,-0.29943334703679697,0.2792245864082923,0.13167768959593038,-1.2294166098287973,0.6710435853651806,0.9020464982909906,-0.6620306415206934,-0.30009524511541685,0.2737474196005358,0.1307390201354425,-1.2234894869183226,0.6690025913132048,0.9052875295472742,-0.6624002446139162,0.00010149483190923779
5151.98963546,-0.06267815466931967,0.34336234324169856,0.34481112757526183,0.5580386333253429,-0.020777663016455908,0.6154696535464163,0.5581973107213891,-0.02043810505381706,0.6162542244779093,0.0008694996679420854,50.210547701170604,50.21054770117054,50.163611279884,0.29334259292632664,-0.2994770042875504,0.2793738838820669,0.1315789206798837,-1.229355832766565,0.6707970449320646,0.9022926130543545,-0.6620606296257313,-0.30013077083648504,0.27371640288618165,0.13060714976707066,-1.2238737957490795,0.6687071466175881,0.9050237663411341,-0.6619401728171721,0.00010211875656379482
5152.018743292,-0.0630326625894048,0.3432215967155918,0.3453893151883123,0.5579401107570682,-0.020529507472396312,0.6158743848755516,0.55825985701388,-0.020552637910711852,0.6161703629842182,0.00043632066961325403,50.12163981905205,50.12163981905197,50.15208253627907,0.22147600765388928,-0.2995188087174988,0.2795115714916628,0.13147763115316857,-1.2293192821016172,0.6705422277975857,0.9024936698793089,-0.6620497844858504,-0.300072338116238,0.273771014115994,0.13057311835071017,-1.2240367429230046,0.6682163649267117,0.9045650726516412,-0.6617271910833924,0.00011006779478341294
5152.045026439,-0.063659590513124,0.34373807451871985,0.34490263284435885,0.5583016452192578,-0.020090657925792874,0.6155337072347842,0.5583137261964372,-0.02066277318549284,0.6160799606694474,0.000791109749195709,50.07406576346347,50.07406576346341,50.141316906269715,0.5528909895262222,-0.29955343488937214,0.27964386416546866,0.13138397963237883,-1.2293004063728503,0.6702495949246275,0.9026436489818721,-0.66202919730441,-0.2998260381759046,0.27411461079135085,0.1307430502290652,-1.2236324219782204,0.6672751553560035,0.9036533365967804,-0.6620879241737662,0.00022598284248293498
5152.070026101,-0.06382831022831205,0.3435338015437349,0.34543500227240587,0.5581586541367684,-0.019972554125161242,0.615906365834417,0.5583586113121451,-0.020763034625344484,0.6159790782049714,0.0008186143059990185,50.08147716772102,50.081477167720934,50.13125076219998,0.604893084765371,-0.29957280073461934,0.279801710002125,0.13131014631558618,-1.2292536617380183,0.6698841581168326,0.9026859128793941,-0.6620400529325685,-0.2994903938483067,0.27462709280774666,0.13102158259198585,-1.222948389185014,0.6661851085923596,0.9024789836715287,-0.6626747125020764,0.0002561589590260053
5152.102201781,-0.06366469285520088,0.34359351670833405,0.3456090900382756,0.5582004547519878,-0.02008708628633906,0.6160282272705259,0.5583965933089012,-0.02085097488706969,0.6158740268006604,0.0008036005927953455,50.104521330261605,50.10452133026153,50.12152075084872,0.4999639467742168,-0.29957316783269866,0.2799971471526623,0.13125882161680424,-1.2291448635036066,0.6694524100311459,0.9026053883063511,-0.6621143729845841,-0.2991836080557679,0.27505339478299246,0.13135040296819858,-1.222207793179891,0.6652932585293362,0.9012488754246072,-0.6634242145554696,0.00020809535674464076
5152.131415936,-0.06364243182262497,0.3442242086685518,0.34563559139836747,0.5586419391241402,-0.020102669009142198,0.6160467782225902,0.5584269257275487,-0.02092190154727526,0.6157725435840705,0.0008902681333248883,50.13553614031712,50.13553614031706,50.112559465087934,0.5147903175225155,-0.29955538367189755,0.28021651954202736,0.13123083197335886,-1.2289821501092377,0.6689934501957584,0.9024236341456936,-0.6622561882781282,-0.2989903689148997,0.27540813582210094,0.13168461557665997,-1.2214705389519511,0.6649473444057578,0.9003272308511889,-0.6643173854929283,0.00020717523725482967
5155.319295892,-0.07370197993246586,0.3505521293679177,0.3511588357517925,0.5585553100703334,-0.02184141979034191,0.6148381275624651,0.5587174304137622,-0.021265402974951345,0.6148675206575396,0.0005991179611764347,0.43945312499999367,0.4394531249999959,4.685824323987442e-05,0.4394187389934514,-0.2989909196306182,0.28272048647786624,0.13131551629593072,-1.226601450101433,0.6641543020353223,0.8999331991533148,-0.6643036364174468,-0.29910475193999175,0.27513850323240935,0.13155610086278277,-1.2218625103537077,0.6652447221555644,0.9006900032334243,-0.6639756488034804,0.00016007173512860777
5155.348720221,-0.07271665631757847,0.3502663529315191,0.35110621752292837,0.5583552665648543,-0.022531146320763085,0.6148012948022602,0.5587187496854428,-0.021268176553011928,0.6148650014865288,0.0013157777756242154,0.9667968749999878,0.9667968749999852,0.0030155097239049663,0.9639599532664533,-0.29899702875400336,0.2827012032632384,0.13130924784233466,-1.2266428260483455,0.6641750436257543,0.8999808470893813,-0.6642476411054927,-0.2994229322059284,0.2743507906710005,0.13114164409198184,-1.2231458193528046,0.6661001798516915,0.901869878230438,-0.6627679424099152,0.00035281752609166834
5155.376259472,-0.07295365521226635,0.350052247923694,0.3511245542863784,0.5582053930593768,-0.022365247094481566,0.6148141305366752,0.5587183454554803,-0.02127395297711171,0.6148578418538472,0.0012066290608647207,1.0588516567994926,1.05885165679949,0.01629838323790104,1.0430365835544697,-0.29902004380797587,0.2825991018806224,0.13128024675084765,-1.2268333091940802,0.6642859948122374,0.9001654645579727,-0.6640565223849096,-0.2998148968162118,0.2730933369129225,0.13055159594412785,-1.225114818509118,0.6671808587794328,0.9037154679604041,-0.6610564571194743,0.0004185627560341209
5155.404391143,-0.0728734165248657,0.3499874972762673,0.3512241608879094,0.5581600676061781,-0.02242141417566202,0.614883855157747,0.5587121540035205,-0.021297767987006402,0.6148478755294124,0.0012524674371279631,1.1920672409352513,1.1920672409352504,0.0448282042669121,1.1499546465450414,-0.2990679687407566,0.28238057464739974,0.1312001557808139,-1.2272121109977552,0.6644835041132094,0.9005296217425421,-0.6637139393377415,-0.3001317412765685,0.27152176787744237,0.129872355543065,-1.227388641100405,0.6678946856244742,0.9061220326664055,-0.6593113692737592,0.000509256317530584
5155.433519652,-0.07298572582354425,0.34996626711813694,0.3513684536220787,0.5581452064954868,-0.022342797666587037,0.6149848600716654,0.5586996990655777,-0.021348906034848014,0.6148369444822773,0.0011476766127750768,1.3338645543851808,1.3338645543851801,0.08969291677567617,1.25668121823892,-0.2991358392832498,0.2820321663529039,0.13106132355369476,-1.2277773522652207,0.6646999818155169,0.9011063269910892,-0.6632505512085713,-0.3002125756055853,0.2697757604441557,0.12920201321575672,-1.229615702696174,0.6676691782580714,0.9089821800543799,-0.6579920942741899,0.0006223611058894376
5155.462028133,-0.07326284483564607,0.34999347720451,0.35152103123259093,0.558164253555948,-0.02214881435811576,0.6150916643990241,0.5586824762923196,-0.021428810278086158,0.6148292613932409,0.0009251032467761487,1.4802396464090222,1.4802396464090222,0.1499867468008535,1.3657236181490442,-0.2992114285647663,0.28154735372083683,0.1308659926538564,-1.2285108811418932,0.66486917942501,0.9019267727098432,-0.6627192534858737,-0.3000318524164975,0.2677595768919387,0.12851284914769448,-1.2318877107194233,0.6663825070080142,0.912481574764518,-0.6570914919634447,0.0006983029998840129
5155.489683851,-0.07338054579310155,0.3498606083117178,0.35147174019418176,0.5580712453309935,-0.02206642368789693,0.6150571606721376,0.5586614482297858,-0.021535041501287086,0.6148301790374247,0.0008259704307576868,1.749302832878031,1.7493028328780282,0.22575784935111523,1.5859627316553286,-0.2992790987942666,0.2809177988512389,0.1306190661215056,-1.2293948737289242,0.6649012847083576,0.903014398669772,-0.6621669935216105,-0.2995529349581591,0.26561558087436676,0.1278746009497967,-1.2340918880332667,0.6640147190021266,0.9162236681207447,-0.65658532499428,0.0007758687401443979
5155.51824127,-0.07354455469966241,0.34990843656513987,0.3514805377149719,0.5581047251083889,-0.021951617453304324,0.6150633189366908,0.5586340498965773,-0.021665427976955254,0.6148381452231626,0.0006424891820316111,1.6976119457470753,1.6976119457470753,0.3170254299029705,1.4611073729525743,-0.2993120643317491,0.28014543043537243,0.13032763861290161,-1.2304028914610035,0.664679145942718,0.9043560742607772,-0.6616333456901998,-0.2989019893676292,0.26354817184327617,0.12736009140166726,-1.2360910294580354,0.6612051145891095,0.919816113898626,-0.6564473996235165,0.0007067226684066328
5155.545857201,-0.07440960657926791,0.34988962274964786,0.3514979784284251,0.5580915554375445,-0.02134608113758047,0.6150755274361079,0.5585995250358318,-0.021800638730822233,0.6148566264613669,0.0007159422847551694,1.5471119787417158,1.5471119787417142,0.42108723119445735,1.2564336303849155,-0.299287046773113,0.2792528745760976,0.13000966237935016,-1.2314943462988162,0.6642036704366856,0.9059000549666134,-0.661150116330133,-0.2981514266285473,0.26173862344770593,0.12702691760103557,-1.2377330500977632,0.6583118343559216,0.9229264302732098,-0.656691788865336,0.0005908526651129078
5155.571884625,-0.07473828531917934,0.3499830498177059,0.3515152132344453,0.5581569543851851,-0.021116006019642475,0.615087591800322,0.5585578958874236,-0.02192437690021913,0.6148876284832488,0.0009242309759775514,1.4749909258258536,1.4749909258258493,0.5340071766320704,1.1336634232933953,-0.29919674627239673,0.2782744585230384,0.12968900195350525,-1.2326225803238027,0.663492367048844,0.9075781542483389,-0.6607376858233617,-0.29733384517897193,0.26024630116861447,0.1268617602291938,-1.2389476151216439,0.6553589144278279,0.9255218520989344,-0.6573368954285973,0.0006033915398549003
5155.600754011,-0.07473828531917934,0.3499830498177059,0.3515152132344453,0.5581569543851851,-0.021116006019642475,0.615087591800322,0.5585106856320348,-0.022025700931080347,0.6149307857885139,0.0009885639848957438,1.4749909258258536,1.4749909258258493,0.6517536247742118,1.0370412559561046,-0.2990386782848064,0.2772478231508492,0.12938492425986936,-1.233741793157993,0.6625640619974468,0.9093267489795837,-0.6604297452998863,-0.29648799489507327,0.25902461205224475,0.12682991189607393,-1.2398317679076283,0.6524537906610373,0.9276749988847366,-0.6582786095480566,0.0005650709704103017
5155.629162238,-0.07473828531917934,0.3499830498177059,0.3515152132344453,0.5581569543851851,-0.021116006019642475,0.615087591800322,0.5584598698567136,-0.02209762219568856,0.6149839674948074,0.0010325047683473671,1.4749909258258536,1.4749909258258493,0.7706310763560795,0.9362846110430585,-0.298815098236765,0.27620217996443425,0.12911022421952972,-1.2348244250121885,0.661448505816734,0.9110995221319649,-0.6602512105231428,-0.29564463345291486,0.25804112568339893,0.12690366765838468,-1.2404554423576701,0.6496770512346315,0.9294374152830054,-0.6594358326064023,0.0005196556692476686
5155.658302448,-0.07470967311756614,0.3499884775738053,0.3514795808289815,0.5581607538144547,-0.021136034560771712,0.6150626491164974,0.5584071603411385,-0.022136931164868187,0.6150443845292108,0.0010309431524739593,1.3935347482879104,1.3935347482879097,0.8885711102613286,0.7479860397207142,-0.29853263070358316,0.27515832158367554,0.12887181392903138,-1.2358578206581352,0.6601843700276238,0.9128643486713875,-0.6602002508451321,-0.29489804904559125,0.2571909303721257,0.12700272421710185,-1.24103806546807,0.6473046255910244,0.9309523166847161,-0.6605349722933721,0.0004206832829562358
5155.687016308,-0.07451674613641432,0.3499472425257069,0.3514352968304531,0.5581318892807858,-0.021271083447577988,0.6150316503175275,0.55835303528283,-0.02214395304685389,0.6151097709880838,0.0009038305874047175,1.3509111058888674,1.350911105888869,1.0040491098251116,0.5438157427710251,-0.2982061806122224,0.2741292223751412,0.1286716789048608,-1.236842873871257,0.6588350655552759,0.9145928395887833,-0.6602585267008878,-0.29429615802513875,0.2564675172518539,0.12712274137045754,-1.2415856412808972,0.64549215073033,0.9321572208859149,-0.6615504010752986,0.0002970918342152288
5155.717093671,-0.07451674613641432,0.3499472425257069,0.3514352968304531,0.5581318892807858,-0.021271083447577988,0.6150316503175275,0.5582980191351589,-0.022122190918165405,0.6151777098997657,0.0008793841348167035,1.3509111058888674,1.350911105888869,1.1154261795404625,0.44766405761842937,-0.2978520288416881,0.273128261739374,0.1285081078494851,-1.2377810252965138,0.657460189231694,0.9162602941570492,-0.6604002617735275,-0.2938209262405267,0.2559378120421149,0.1272516625649246,-1.2420877866954934,0.6441730209574569,0.9330591445499004,-0.6624096770521984,0.0002416744825229442
5155.745572664,-0.07435244921676178,0.3499003204158695,0.351426636024403,0.5580990438038996,-0.021386091291334768,0.6150255877532924,0.5582434509317568,-0.02207701945969201,0.6152443212768318,0.0007389719255326288,1.393427867732426,1.393427867732422,1.2210811236766446,0.33078308060703243,-0.29748457484792495,0.27217041884644905,0.12837807698429823,-1.2386699725160197,0.6561013995148914,0.9178461470712191,-0.660610633710913,-0.2934466436784193,0.2555462747613258,0.1273782606753262,-1.2425143775274872,0.6431595629682326,0.9337669885485389,-0.6632305944852722,0.00016568566286113672
5155.77445798,-0.07435244921676178,0.3499003204158695,0.351426636024403,0.5580990438038996,-0.021386091291334768,0.6150255877532924,0.5581908589324414,-0.022014222429375535,0.6153060349796238,0.0006939952385733462,1.393427867732426,1.393427867732422,1.320037074699625,0.25439369569239334,-0.2971149317123765,0.2712638541818976,0.1282766056616577,-1.2395131315228582,0.6547898020215783,0.9193424885698275,-0.6608755909833669,-0.2931726302040885,0.25522921922906056,0.12750376196333563,-1.242924976340877,0.6425342196737281,0.9343376008272414,-0.6639585937659447,0.0001420216571641938
5155.802317046,-0.07435244921676178,0.3499003204158695,0.351426636024403,0.5580990438038996,-0.021386091291334768,0.6150255877532924,0.5581412900243856,-0.021939678242206773,0.6153613595785641,0.0006488343193507737,1.393427867732426,1.393427867732422,1.4115639571259708,0.20837098870450702,-0.29675277771576397,0.2704148328418118,0.12819577039439298,-1.2403104150171396,0.6535536572039343,0.9207425153951228,-0.661183493845454,-0.2929844574589325,0.2550483362681109,0.12762034749510182,-1.2432815113028124,0.6421291632235617,0.9347041153899949,-0.6646398810809562,0.00013866103733650693
5155.83523231,-0.07432395326832406,0.3499056882836946,0.3513909015333026,0.5581028013113772,-0.021406038455241173,0.6150005736095222,0.5580951600844405,-0.021859757571591587,0.6154080653478742,0.0006098925657163003,1.3186576825742569,1.3186576825742524,1.4949483241705186,0.2214950079626805,-0.2964061853845278,0.2696309613186785,0.1281301396607321,-1.2410589866544444,0.6524082669286269,0.9220334695054964,-0.6615280024878523,-0.29288370366439526,0.255028897553845,0.12777074879646064,-1.243494226544624,0.6420923640887034,0.9347789565756017,-0.6653020511852377,0.00011801942748126394
5155.865501696,-0.0742955125645447,0.34991106882449774,0.35135512496155846,0.5581065676899394,-0.021425946947886722,0.6149755300093013,0.5580527927376875,-0.021777401996126003,0.6154459232396211,0.0005896458153445131,1.245601970912787,1.245601970912787,1.5684880184031806,0.33595949807606873,-0.2960843702014385,0.2689227621292498,0.12807777899184908,-1.2417512530678345,0.6513863910706179,0.9231934598159667,-0.6618979078700716,-0.2929302712511854,0.255209074124181,0.12791265888849554,-1.2436303375545834,0.642524735089184,0.934488464097979,-0.6658063169341804,0.00011988350590691946
5155.895978627,-0.07410291281530154,0.34986916611471996,0.35131056776099046,0.558077235793095,-0.02156076677235693,0.6149443399689037,0.5580143621437251,-0.021696482934055808,0.6154729188589524,0.0005493337922760802,1.2295263782792318,1.2295263782792285,1.6305096699991197,0.44663003252348216,-0.2957986353614278,0.2682989268974599,0.1280364815693371,-1.2423873620202435,0.6505207290106062,0.9242056371458722,-0.662274119591213,-0.2930912702925837,0.25549141685747695,0.12804776996490394,-1.2437589984095163,0.6433926698335982,0.9339629969747743,-0.6661355105884381,0.00022447914318996661
5155.92551556,-0.07410291281530154,0.34986916611471996,0.35131056776099046,0.558077235793095,-0.02156076677235693,0.6149443399689037,0.5579798894694468,-0.021620886853524535,0.6154863858480304,0.0005539895901238643,1.2295263782792318,1.2295263782792285,1.680118150186655,0.5008133971729006,-0.2955566673240934,0.26776386939367186,0.12800452775646412,-1.2429699856116836,0.6498209734916598,0.9250612359623233,-0.6626422148147916,-0.293325403132126,0.2558595398727705,0.12817137599919753,-1.2438362431969647,0.6444866469707322,0.933292966524631,-0.6663746892524046,0.0002531818259704528
5155.952642017,-0.07410291281530154,0.34986916611471996,0.35131056776099046,0.558077235793095,-0.02156076677235693,0.6149443399689037,0.5579506844007438,-0.02155531270643092,0.6154835077640122,0.0005538473734010433,1.2295263782792318,1.2295263782792285,1.7181869441799051,0.5429455536421224,-0.2953612035771762,0.2673196009078189,0.12798033461264158,-1.2434984693065438,0.6492683244968122,0.9257709716015701,-0.6629971330711815,-0.2936363726511996,0.2563529242735678,0.12828621713879976,-1.2437963281852102,0.6457891558326687,0.9324384181883794,-0.666549908510153,0.0002759081244811235
5155.979975117,-0.07410291281530154,0.34986916611471996,0.35131056776099046,0.558077235793095,-0.02156076677235693,0.6149443399689037,0.5579290553967124,-0.021502006696061005,0.6154639258747132,0.0005434884450972605,1.2295263782792318,1.2295263782792285,1.7455876528023224,0.5735488982890329,-0.29521336668139914,0.26696547443522595,0.12796394201831449,-1.2439745968926452,0.6488685059593042,0.9263515858745031,-0.6633307762631787,-0.2939567219993797,0.2568379967136652,0.12839093641768193,-1.2437620462354457,0.6471263736185384,0.9315869559072366,-0.6666647319723573,0.00029277607173751243
5156.008865295,-0.07410291281530154,0.34986916611471996,0.35131056776099046,0.558077235793095,-0.02156076677235693,0.6149443399689037,0.5579152534614511,-0.021453209132132667,0.6154306234382934,0.0005237160818010094,1.2295263782792318,1.2295263782792285,1.7615467581267228,0.5917724125283131,-0.295104502926987,0.26669685417326594,0.1279576208887125,-1.2444006589467724,0.648637717104441,0.9268051075896757,-0.6636416241471161,-0.29430225493720885,0.25736795603271173,0.128490325714987,-1.2436629979359772,0.6485280265491409,0.9306606628789467,-0.6667322320968985,0.0003029950490849938
5156.036906688,-0.07410291281530154,0.34986916611471996,0.35131056776099046,0.558077235793095,-0.02156076677235693,0.6149443399689037,0.5579069183137269,-0.021405682393457415,0.6153856200712993,0.0004977824194637325,1.2295263782792318,1.2295263782792285,1.7659579649981068,0.5978103764469037,-0.2950290116785088,0.26650896129720375,0.12796024588232494,-1.2447756322587071,0.6485658593785818,0.9271254184049915,-0.6639262926086738,-0.2946951348825802,0.25794439244581735,0.12856509489125903,-1.243496977467952,0.6500186978871247,0.9296753584515635,-0.6667179609010201,0.0003069284705178964
5156.065600671,-0.07410291281530154,0.34986916611471996,0.35131056776099046,0.558077235793095,-0.02156076677235693,0.6149443399689037,0.557901949607901,-0.021359222601934374,0.6153332039175657,0.00047176315023557305,1.2295263782792318,1.2295263782792285,1.7597187798690852,0.5925774520499911,-0.2949850774770308,0.2663881044280643,0.12796930505161921,-1.2451023271998645,0.6486446829220948,0.9273194856106531,-0.6641801264899856,-0.2951168391149409,0.2585404015257671,0.12861157240440535,-1.2432739797517065,0.6515201071847261,0.928684799120236,-0.666638191796946,0.000304887254739027
5156.092138477,-0.07393877241240009,0.349821623665616,0.3513017776749926,0.5580439560787221,-0.02167566505438795,0.6149381869087052,0.5578956882427065,-0.02131619201440922,0.6152842132712082,0.000520517493668926,1.2881302837766981,1.2881302837766966,1.7447883621541382,0.5727693373774795,-0.29497616238965874,0.26631506802588706,0.12798153980875598,-1.2453779364968323,0.6488631579474672,0.9273979271499564,-0.6644028029113986,-0.29553880954012834,0.25908978708585323,0.1286555427490968,-1.243053293249152,0.6530845855044487,0.9277237014431556,-0.666473502976538,0.0003189089897834242
5156.124210576,-0.07393877241240009,0.349821623665616,0.3513017776749926,0.5580439560787221,-0.02167566505438795,0.6149381869087052,0.5578900067255244,-0.021282332770164045,0.6152378911190167,0.0005179124470808623,1.2881302837766981,1.2881302837766966,1.7223958626294593,0.5507035513060891,-0.29500814426547156,0.2662928323592737,0.12799539195744436,-1.2456067505903354,0.6492135715290691,0.9273773002738668,-0.6645931037280977,-0.29599330325532325,0.2596137669799848,0.12864612560390398,-1.2428872080407365,0.6546520546772656,0.9268135211319022,-0.6661544769635339,0.00030615070511668237
5156.151910068,-0.07393877241240009,0.349821623665616,0.3513017776749926,0.5580439560787221,-0.02167566505438795,0.6149381869087052,0.5578873232238581,-0.02126134079587351,0.6151886268315709,0.00050884044393248,1.2881302837766981,1.2881302837766966,1.693710980744087,0.5210953845302947,-0.29508012034648096,0.26632237713823814,0.12800769187411906,-1.2457954043873396,0.6496788892535579,0.927271046246139,-0.6647424690546389,-0.2964161886883441,0.26013069288115404,0.1286447542411191,-1.242682238301565,0.6561323666840956,0.9258948084456514,-0.6658163920782331,0.00028878087106553387
5156.180850047,-0.07393877241240009,0.349821623665616,0.3513017776749926,0.5580439560787221,-0.02167566505438795,0.6149381869087052,0.5578878849197638,-0.021253179398843428,0.6151352132870938,0.0004916011895636565,1.2881302837766981,1.2881302837766966,1.6599849503948096,0.48508209069318015,-0.2951873345845959,0.2664002141370407,0.12801868047114542,-1.2459463128758743,0.6502392767655376,0.9270876753544947,-0.6648441893374156,-0.2968312336915929,0.26059949319997583,0.128635625592642,-1.2424497017277263,0.6575524009455844,0.9250079199520364,-0.6654726339797024,0.00026763097759595946
5156.208342343,-0.07393877241240009,0.349821623665616,0.3513017776749926,0.5580439560787221,-0.02167566505438795,0.6149381869087052,0.5578909629936186,-0.021256274420318036,0.6150784348454574,0.00046793682458033475,1.2881302837766981,1.2881302837766966,1.6222080446359377,0.4437641792662879,-0.2953249721087253,0.2665182356505445,0.1280287697631869,-1.2460659233566795,0.6508779220752,0.9268381533296738,-0.6649015181793247,-0.29720573197862926,0.26108186569652003,0.12861806177096122,-1.2421773744846958,0.6588186865263502,0.9241644537568343,-0.6650749450478186,0.0002433181727358771
5156.23575076,-0.07393877241240009,0.349821623665616,0.3513017776749926,0.5580439560787221,-0.02167566505438795,0.6149381869087052,0.557896625474593,-0.021269557822956794,0.6150169883238846,0.00043913443655449805,1.2881302837766981,1.2881302837766966,1.5816511345000541,0.3983768053688553,-0.29548739763353893,0.26667173004742467,0.1280375671295143,-1.2461599852077685,0.6515737548474284,0.926536265239069,-0.6649121139373931,-0.2975842105352555,0.261540424125285,0.12855760572665337,-1.2418741030015394,0.6599746774817193,0.9234291396443584,-0.6646182492027128,0.0002167091005689048
5156.264083942,-0.07393877241240009,0.349821623665616,0.3513017776749926,0.5580439560787221,-0.02167566505438795,0.6149381869087052,0.5579051134702617,-0.02129281830046119,0.6149506414172049,0.0004074359111545291,1.2881302837766981,1.2881302837766966,1.5395193454504952,0.3500997227262216,-0.29566961296167005,0.2668558452624426,0.1280444423915278,-1.2462313668418992,0.6523080566061619,0.9261918424452816,-0.6648793135875579,-0.2978888952224798,0.26196318768768195,0.12853050069335029,-1.241546568257019,0.6609741295147332,0.9226982704933854,-0.6641873934681638,0.00018851992553846981
5156.29394438,-0.07393877241240009,0.349821623665616,0.3513017776749926,0.5580439560787221,-0.02167566505438795,0.6149381869087052,0.557915730891241,-0.021323404886307185,0.6148802194006591,0.0003793272422459692,1.2881302837766981,1.2881302837766966,1.4966210507907869,0.30011108201740894,-0.2958645126163174,0.26706495836737276,0.12805020070824202,-1.2462813891267677,0.6530626986753056,0.9258125903277964,-0.6648078824940504,-0.29815352568185116,0.2623487140159378,0.12850111062181294,-1.241194885032114,0.6618298077041216,0.9220331957743962,-0.663750231734453,0.00015947492540727276
5156.321741091,-0.07377470634988133,0.3497738347901781,0.3512929361560466,0.5580105038659157,-0.021790511298151082,0.6149319978454431,0.5579284498496883,-0.021359705822453917,0.6148081248872029,0.00045570904012633704,1.3499160419289713,1.3499160419289695,1.4541011769977095,0.27411767652101077,-0.29606683010786156,0.26729415422464103,0.12805462550377542,-1.2463061017725705,0.6538224847515354,0.9254100955621563,-0.6646995631154479,-0.29841123946011855,0.26265623043486896,0.12843074610476432,-1.2408836586713738,0.6625915992373149,0.9215258735006719,-0.6632308113631594,0.00015171824921190032
5156.347661293,-0.07377470634988133,0.3497738347901781,0.3512929361560466,0.5580105038659157,-0.021790511298151082,0.6149319978454431,0.5579432885620828,-0.02140149869318969,0.6147395287946454,0.00043919590094072336,1.3499160419289713,1.3499160419289695,1.4137208584636003,0.22937042601339616,-0.2962740090373591,0.2675326308597067,0.12805622440853884,-1.2463061862410607,0.6545799126222471,0.9250032829381581,-0.664547825789801,-0.29863261356782694,0.26286069090617703,0.12834734202061235,-1.240650747234656,0.6632625234860123,0.9211522930726945,-0.6626436023909568,0.00012252860080981062
5156.375901078,-0.07377470634988133,0.3497738347901781,0.3512929361560466,0.5580105038659157,-0.021790511298151082,0.6149319978454431,0.5579590527302385,-0.021448333055557503,0.6146778764760596,0.0004293143829924639,1.3499160419289713,1.3499160419289695,1.3768256551944067,0.18849068686776038,-0.296483540512297,0.26777042891351205,0.12805347852442708,-1.246285380151834,0.6553249461669767,0.9246056392151124,-0.6643521223083593,-0.2988477319629264,0.26302473854125846,0.12822878218601605,-1.2404024565868554,0.6638072040196681,0.9209041501508951,-0.6620332254606053,0.00011265252935370302
5156.405639695,-0.07377470634988133,0.3497738347901781,0.3512929361560466,0.5580105038659157,-0.021790511298151082,0.6149319978454431,0.5579750744895913,-0.021500356996163247,0.6146253027620223,0.00042368223217788666,1.3499160419289713,1.3499160419289695,1.3442547557363274,0.1536766358555183,-0.29669259120822694,0.2680016755412329,0.12804562740483075,-1.2462442408006895,0.6560461559495467,0.9242228668178477,-0.6641196839628052,-0.2990146294707972,0.26311033147240737,0.12813404450958357,-1.2401544497568813,0.6642399283517307,0.9206947458560351,-0.6614933399796966,0.00010728185853446542
5156.436351005,-0.07377155706256755,0.3498764533887788,0.35182176899475326,0.5580823368849361,-0.021792715799270727,0.6153021808325376,0.5579900230205375,-0.021555629894081052,0.6145837273537788,0.0007621725376452183,1.3448019469410328,1.3448019469410308,1.3162169581901415,0.10247283408045922,-0.29689675285737993,0.2682208630533855,0.12803346595213255,-1.2461837557931832,0.6567327313069113,0.9238577119785273,-0.6638587563535396,-0.2991167200785494,0.2631941479670947,0.12806601244470187,-1.2398516867662215,0.6645336322667381,0.9205289050905675,-0.6609911162174881,9.512473975906663e-05
5156.465626165,-0.07377470634988133,0.3497738347901781,0.3512929361560466,0.5580105038659157,-0.021790511298151082,0.6149319978454431,0.5580039974081745,-0.021611638080628437,0.6145540746331796,0.00041816733051111646,1.3499160419289713,1.3499160419289695,1.2928134649193463,0.11433578164387757,-0.29709107034279464,0.26842715629330505,0.12801827242623326,-1.246100872711768,0.6573765281227992,0.9235139079194677,-0.6635757870381996,-0.2991691001335165,0.2632359683039443,0.12800139922408107,-1.239592012656776,0.6646559580344852,0.9204134249035496,-0.6605104797465418,9.297920108189056e-05
5156.495957964,-0.07377470634988133,0.3497738347901781,0.3512929361560466,0.5580105038659157,-0.021790511298151082,0.6149319978454431,0.5580165182532852,-0.02166682976071252,0.61453592066962,0.00041498243910620544,1.3499160419289713,1.3499160419289695,1.2740419812139263,0.11318369235367555,-0.2972717797125826,0.2686169422848763,0.12800060176140884,-1.246000535440394,0.657966058221957,0.9231942945957794,-0.6632752600618377,-0.29918319482649336,0.2632444368727719,0.12794456667378667,-1.2393372078839928,0.6646600091850654,0.9203515647064981,-0.6600710315573888,8.438525381645665e-05
5156.526945936,-0.0737463856922399,0.34977911401662626,0.35125704943070946,0.5580141993244294,-0.02181033575850008,0.614906877137707,0.5580272961682324,-0.021719838077938328,0.614528475832594,0.0003892928270799415,1.2906602953734794,1.290660295373478,1.2596726269140233,0.10234296753513582,-0.29743656531588175,0.2687886904113289,0.12798101370402168,-1.245885366857957,0.6584983045446364,0.9228997034414947,-0.6629625888503288,-0.29920953535516803,0.26323131966287544,0.12790211714202043,-1.2390840287333253,0.6647385959375953,0.9202399804381891,-0.659658331374363,9.030127806647223e-05
5156.55568366,-0.07371812046108969,0.34978440612899747,0.3512211209296102,0.5580179038030892,-0.021830121420305226,0.6148817271869376,0.55803541402057,-0.02176935959943982,0.61453319410096,0.0003542229786619875,1.2348213746497678,1.2348213746497672,1.2485314598227726,0.1220916391631015,-0.2975887636009659,0.26894476032195863,0.12796017337597743,-1.2457526696554018,0.6589966950245674,0.9226173897484029,-0.6626390484373428,-0.29926821087474936,0.26331726295351815,0.12788022593438114,-1.2387614547698105,0.6650123080116958,0.9199853073071278,-0.6591899362217336,9.569792947947958e-05
5156.581577886,-0.07371812046108969,0.34978440612899747,0.3512211209296102,0.5580179038030892,-0.021830121420305226,0.6148817271869376,0.5580408205031887,-0.021815585020243194,0.6145489053534336,0.00033392642142711663,1.2348213746497678,1.2348213746497672,1.2396026947780805,0.10103327216143858,-0.29773085239522895,0.2690905309425385,0.12793856798570727,-1.2456026567802552,0.6594705393223783,0.9223365725856547,-0.6623012106788569,-0.29929928330552447,0.2633901369663508,0.12786474538742468,-1.2384935397149908,0.6651981731714074,0.919732355094317,-0.658742725259911,8.519182647867504e-05
5156.609781524,-0.07371812046108969,0.34978440612899747,0.3512211209296102,0.5580179038030892,-0.021830121420305226,0.6148817271869376,0.5580440718588429,-0.021858568193842506,0.6145720285462883,0.00031210132022563395,1.2348213746497678,1.2348213746497672,1.23256776925145,0.08507544180530975,-0.2978618753691594,0.2692273731054234,0.12791678992261768,-1.2454402458059328,0.65991435685491,0.922060129917508,-0.6619549977416527,-0.29931130086365304,0.26344893828461263,0.1278609841528266,-1.2382022850622687,0.6653412852949806,0.9195292368767268,-0.6583643856953822,7.419590609072902e-05
5156.63908694,-0.07371812046108969,0.34978440612899747,0.3512211209296102,0.5580179038030892,-0.021830121420305226,0.6148817271869376,0.5580460286247482,-0.021897806568960038,0.6146017453604473,0.0002894168414356475,1.2348213746497678,1.2348213746497672,1.2272428888860205,0.07570896495128146,-0.29798086398706153,0.26935575306450893,0.12789551420588735,-1.245266398721634,0.6603256447628434,0.9217921410336387,-0.661607411114523,-0.2992885038564371,0.26348539926761094,0.1278614095616731,-1.2379763439963047,0.6653600589494194,0.9193580867569068,-0.6580269569266783,6.298998363024507e-05
5156.666472296,-0.07371812046108969,0.34978440612899747,0.3512211209296102,0.5580179038030892,-0.021830121420305226,0.6148817271869376,0.5580464427768664,-0.021932821940012004,0.6146359457640294,0.0002678999395652815,1.2348213746497678,1.2348213746497672,1.2234766343284937,0.07293124821129716,-0.2980860658311589,0.2694739735340484,0.12787528457072242,-1.2450873969826004,0.6606965942580013,0.92153499778243,-0.6612628173922013,-0.29924242266685835,0.26350691121671477,0.12786911965972278,-1.23777463559765,0.6653052397520707,0.9192251315081988,-0.6577458776279148,5.170077920164915e-05
5156.694896783,-0.07371812046108969,0.34978440612899747,0.3512211209296102,0.5580179038030892,-0.021830121420305226,0.6148817271869376,0.5580455450780246,-0.021963014477487733,0.6146731470513541,0.00024885794680374446,1.2348213746497678,1.2348213746497672,1.2210283094515324,0.07535249857164994,-0.29817639195142975,0.26958200306544206,0.12785655893450162,-1.2449059800647293,0.6610248640982739,0.9212912800411106,-0.6609265990922951,-0.29918494623384306,0.26352087106427274,0.12788709733526732,-1.2375551490188585,0.6652286717435585,0.9191364217556024,-0.6575357752352452,4.05081461863544e-05
5156.725926032,-0.07352592912039135,0.34974154958338516,0.3511762316167849,0.5579879042211606,-0.021964655358794063,0.6148503046679598,0.5580439713133993,-0.021988116496307844,0.6147133340683942,0.00014984955439000536,1.2560341075753205,1.2560341075753185,1.219679827300519,0.09958971387892249,-0.2982519016964682,0.2696802754399129,0.12783960718880763,-1.2447221721874127,0.661311361359452,0.9210636025727947,-0.6606042492405464,-0.29912074256356663,0.2635132699193518,0.127898331595554,-1.2374317541642177,0.6651200710320504,0.9190705896940887,-0.6573194427479372,7.616043218833208e-05
5156.752696315,-0.07355413562048185,0.34973628662786904,0.3512122105215548,0.5579842201522993,-0.021944910808730712,0.6148754899012987,0.5580412691158799,-0.022008544188066345,0.6147546351604419,0.00014801911903146412,1.305068619648055,1.3050686196480525,1.2195210536067178,0.10170067115863905,-0.2983147986094406,0.26976397986204925,0.1278237780418405,-1.2445493349619086,0.6615617517806942,0.9208580035194124,-0.6602885202613717,-0.2990634847962071,0.26340463852874996,0.127870304725393,-1.2374669588567413,0.6649994064421801,0.9191884264614029,-0.6570473141283035,5.013428471758548e-05
5156.781541731,-0.07352592912039135,0.34974154958338516,0.3511762316167849,0.5579879042211606,-0.021964655358794063,0.6148503046679598,0.5580372407609531,-0.022025862454007353,0.6147955830509443,9.578547923317125e-05,1.2560341075753205,1.2560341075753185,1.2209374512965248,0.07267790493673083,-0.2983685278665083,0.26983036991200365,0.12780779036759715,-1.2443958400333073,0.6617836471578004,0.9206783995287632,-0.6599760787754447,-0.29905143968084447,0.2633601530615185,0.12785550131235462,-1.2375016934202838,0.6650751952740911,0.919170446522249,-0.6567522109088209,5.4713662800603236e-05
5156.808963998,-0.07352592912039135,0.34974154958338516,0.3511762316167849,0.5579879042211606,-0.021964655358794063,0.6148503046679598,0.5580318430816176,-0.022040160199459355,0.6148356593045164,8.857816374554706e-05,1.2560341075753205,1.2560341075753185,1.2231906039444815,0.06041313360419672,-0.2984157151031854,0.2698838640693634,0.1277917114671251,-1.2442602040296917,0.6619899658339754,0.920515670639191,-0.6596672973288107,-0.29902911271436583,0.26331191133447523,0.12784553288679876,-1.2375581430813392,0.6651122540884744,0.91917615743871,-0.6565109553146065,4.3953461192709535e-05
5156.838289233,-0.07352592912039135,0.34974154958338516,0.3511762316167849,0.5579879042211606,-0.021964655358794063,0.6148503046679598,0.5580257832708772,-0.022052443820286705,0.6148738196255356,9.846110708530385e-05,1.2560341075753205,1.2560341075753185,1.2260830111930414,0.04930379217268189,-0.2984577500214677,0.2699272693749785,0.1277755956450938,-1.2441403280344274,0.6621831521795972,0.9203705282182345,-0.6593687350329572,-0.2990289005374812,0.2632378043308994,0.12784869894612916,-1.2375555040845543,0.6652395834911048,0.919219393329827,-0.6563797037726543,3.340058793434988e-05
5156.866646796,-0.07349777817322317,0.3497468254837396,0.351140211122819,0.5579915973514087,-0.02198436102181179,0.6148250903221837,0.558019510020743,-0.022062775337634233,0.614911182285099,0.00011974868731590003,1.2113993306522137,1.2113993306522102,1.2293524526832336,0.08751530667377581,-0.298495680947502,0.26996091834144975,0.12775972463314156,-1.244035201037108,0.6623644377947849,0.9202430351937674,-0.6590863154206789,-0.2990008788764821,0.2632008773191461,0.1278494196701835,-1.2376430204308153,0.6652553650054958,0.9192329449239103,-0.6562275410854532,3.8947043036114337e-05
5156.895357315,-0.07346968284521918,0.34975211431651754,0.3511041491244169,0.5579952995343532,-0.022004027751414586,0.6147998469233023,0.5580126071230566,-0.02207127497471123,0.6149450638771754,0.00016096491965651767,1.1716672218371973,1.1716672218371977,1.2327133251665834,0.16147584406269316,-0.29852978180941825,0.2699876565619299,0.12774483424733768,-1.2439471516264529,0.6625379171105212,0.9201245852226377,-0.6588148829895846,-0.29905271759138086,0.26325013406811043,0.12784561321872823,-1.2377145624958186,0.6655370086137442,0.9190965660971221,-0.6560128617139728,8.08327818364458e-05
5156.92360237,-0.07341365931101669,0.3497627307295332,0.35103190095383074,0.5580027310234642,-0.022043244225356327,0.6147492732038919,0.5580046978324191,-0.022075724925447876,0.6149759007333966,0.00022895174457793392,1.1089557268491181,1.1089557268491146,1.2349263081688455,0.3263277066362254,-0.2985633028730429,0.2700155849002758,0.12773186192881866,-1.2438712586159815,0.6627374098029345,0.9199931363650985,-0.6585454149783102,-0.2991939275539964,0.26343915984098476,0.1278804616399365,-1.2377497830721906,0.6662571827141669,0.9186254295507621,-0.6557110347268132,0.00016999339869313171
5156.951853423,-0.07338573123664706,0.3497680582847894,0.3509957149516537,0.5580064603121436,-0.02206279387741507,0.614723943002368,0.5579954753385156,-0.02207604829282095,0.6150022852052964,0.0002788740416467926,1.0869433237636004,1.0869433237635957,1.2342254527365102,0.400608373537474,-0.2986049569944868,0.2700577532667077,0.12772091459334997,-1.2438019689401645,0.6630021765180295,0.9198191837521076,-0.6582689669298699,-0.29943754927102,0.26374164707908654,0.1279120339324792,-1.2377540972763548,0.6673305182573024,0.9179453703950026,-0.6553140352722876,0.00020900174663543978
5156.981913559,-0.07335785904509888,0.3497733987225064,0.35095948778505387,0.5580101986185455,-0.022082304411498794,0.6146985839857481,0.5579859846699323,-0.022077038035513155,0.6150215489442228,0.00032391420843495724,1.07170791522312,1.0717079152231195,1.2303734275470921,0.46929132567484266,-0.29866405781071353,0.2701225336607542,0.12771077503943673,-1.243737907170519,0.6633466181083165,0.9195946817160692,-0.6579818532832198,-0.2996750222612542,0.2640672839344355,0.1279664483057154,-1.2377560172975905,0.6684366132931859,0.9172039477948248,-0.6549524938612054,0.0002449530669028153
5157.009670959,-0.07335785904509888,0.3497733987225064,0.35095948778505387,0.5580101986185455,-0.022082304411498794,0.6146985839857481,0.5579770084037567,-0.022080121256268417,0.6150312784483078,0.0003343530498476598,1.07170791522312,1.0717079152231195,1.223612363219432,0.444563806401348,-0.29874051149354075,0.2702116306276307,0.12770252566058823,-1.2436799633637639,0.6637618894980336,0.9193220230972725,-0.6576893256328566,-0.29990936345750074,0.2643992193309353,0.12802286378287087,-1.237756572150798,0.6695221503171539,0.9164705684238967,-0.6546226395409014,0.00023016936397294644
5157.036626075,-0.07352182135522767,0.34982181067159,0.3509684588145471,0.558044086982904,-0.021967530794408642,0.6147048637063933,0.5579691198050778,-0.02208504972619052,0.6150311820234577,0.0003548442209338241,0.9849968895635807,0.9849968895635816,1.2142995377292483,0.42726168721073926,-0.29883381902568823,0.2703260623462474,0.12769683951408728,-1.2436262193769956,0.6642441095432278,0.9190040366516622,-0.6573928722290846,-0.30015031732365843,0.2647876741670041,0.12808515460797412,-1.2376830826646141,0.670588186849523,0.9156885932651228,-0.6543510950491588,0.00019133760843168516
5157.063534782,-0.07295728744842682,0.3499395321746545,0.3509321991591239,0.5581264920350492,-0.022362704529169237,0.6146794819475971,0.5579627631755587,-0.022091808008394304,0.6150214977120969,0.000466011638872218,1.062734519939762,1.0627345199397629,1.202444768995236,0.4497177524583184,-0.29894030337456673,0.2704696052548804,0.1276951015683806,-1.2435668416705765,0.6647756175570423,0.9186370364934863,-0.6571062406894956,-0.30035639713453144,0.2652319171715115,0.12818033203960907,-1.237507228941576,0.6715441572148564,0.9148404106328433,-0.654201406346434,0.0002290226458511554
5157.092616156,-0.07331073607803082,0.34950866321552904,0.35141955944723896,0.5578248837636613,-0.02211529048844644,0.6150206341492777,0.5579584571568887,-0.022098784354379217,0.6150032086139293,0.00013571275961493453,1.0589959451838358,1.0589959451838367,1.188030847757913,0.5270957220829567,-0.29905787539968354,0.27064450472414553,0.12769876659545218,-1.2434949903398471,0.6653553206953764,0.9182202988070782,-0.6568313208804302,-0.30062719483518174,0.2656678401659833,0.12828576855827722,-1.2373303740297563,0.6728004655151136,0.9139042204470866,-0.6539995021423248,0.0003058685585715137
5157.120992853,-0.07327457842258414,0.34978949720460456,0.3508505601516608,0.5580214675560142,-0.022140600847259113,0.6146223346423729,0.5579554927172853,-0.022105407696877383,0.6149786934672403,0.0003641192788633607,1.0689193346913852,1.0689193346913812,1.1716011152652155,0.5591922060701747,-0.29919108692717433,0.2708448843337993,0.12770753033840396,-1.243418942054517,0.6660063364064376,0.9177551777470745,-0.6565563818257417,-0.30093097205745517,0.26611549351589275,0.1283592329637908,-1.2372596124759105,0.674164826300762,0.9129643102351814,-0.6536233872926691,0.00029184337341802634
5157.149753054,-0.073246930416864,0.34979488904619604,0.3508141691807955,0.5580252418451283,-0.02215995445126321,0.6145968609627672,0.5579529905308965,-0.022112549088737776,0.6149476985118021,0.0003613232716241376,1.0823571206475113,1.082357120647511,1.1542478742352547,0.5970324435991601,-0.2993413037491625,0.2710693313231762,0.12772052728674516,-1.2433422321733314,0.666729547286423,0.9172420091513699,-0.6562706198021933,-0.30125027610087435,0.266586827567192,0.12843514469012018,-1.2371669137456822,0.6755926640444044,0.9119779850392847,-0.6532224263667288,0.0003130229130954545
5157.17666813,-0.073246930416864,0.34979488904619604,0.3508141691807955,0.5580252418451283,-0.02215995445126321,0.6145968609627672,0.5579513415808635,-0.022120705034263444,0.614909993464942,0.00032411993106175373,1.0823571206475113,1.082357120647511,1.136771428681518,0.541726399358624,-0.2995085382339803,0.2713189521292285,0.1277374606281108,-1.2432631718142142,0.667524168228001,0.9166807185660947,-0.655972319771847,-0.30158169740231133,0.2670774852419753,0.12851277324938157,-1.2370509162114411,0.6770701973232254,0.9109538336871894,-0.6527969385633705,0.00028344549156384394
5157.205894601,-0.073246930416864,0.34979488904619604,0.3508141691807955,0.5580252418451283,-0.02215995445126321,0.6145968609627672,0.5579508450374707,-0.02213032400782014,0.614865926923427,0.00028073001149509847,1.0823571206475113,1.082357120647511,1.1201798074065978,0.4815439597582439,-0.29969162635296603,0.27159162141569454,0.12775778137862304,-1.2431817738164948,0.668380875709321,0.9160792325400468,-0.6556634433262619,-0.3019076629570105,0.2674941975111213,0.12856732567660772,-1.2369362748351154,0.6784392009554145,0.9100565956187265,-0.6524182374830636,0.00025134055269534784
5157.235189276,-0.073246930416864,0.34979488904619604,0.3508141691807955,0.5580252418451283,-0.02215995445126321,0.6145968609627672,0.5579520616827698,-0.022142309204526964,0.614817963507793,0.00023356589286985805,1.0823571206475113,1.082357120647511,1.1058193803610623,0.4179509579648138,-0.29988813429329764,0.27188252963201004,0.12778074780953685,-1.2430939292376417,0.6692848516941947,0.9154528262165422,-0.6553508089199194,-0.30218009919376,0.26790997200441447,0.12864040499840615,-1.2367212395407106,0.679681837421423,0.9092530883573342,-0.6520988730612958,0.00021724842940458257
5157.263612767,-0.07308305679973003,0.3497460657031088,0.35080511251183216,0.5579910655049671,-0.022274665983256992,0.6145905212944929,0.5579551092758559,-0.022155866111226302,0.614767780197302,0.00021639542192828414,1.1684337518561143,1.1684337518561185,1.0948182390708725,0.3574501588504753,-0.30009283161285016,0.27218314230179624,0.12780609671029344,-1.2430049590427712,0.6702147232766474,0.9148189392483114,-0.6550309451966283,-0.3024611906199415,0.26817476164901033,0.12863111640096184,-1.236704040883764,0.6808226452216469,0.9087303371205878,-0.6516310233847009,0.00020338188050804504
5157.291975551,-0.07291925952959333,0.3496969963384925,0.3507960044808995,0.5579567169497357,-0.02238932407235268,0.61458414567284,0.5579598152151473,-0.022171336683336082,0.6147160791122541,0.0002548225528764397,1.2547619025144898,1.2547619025144896,1.0887832492730847,0.32304767569057496,-0.3003032991504261,0.2724822376990769,0.12783163690135138,-1.2429250798878362,0.6711577800963817,0.9141988344728323,-0.6546982620140159,-0.30268821322789713,0.2683440313129838,0.12860911435156364,-1.236788904381703,0.6817746483247148,0.9083403964046878,-0.6511460079887766,0.00018884834377116597
5157.319526671,-0.07291925952959333,0.3496969963384925,0.3507960044808995,0.5579567169497357,-0.02238932407235268,0.61458414567284,0.5579653789851661,-0.02218854347237069,0.6146651379718631,0.00021667402402678968,1.2547619025144898,1.2547619025144896,1.0883638075083188,0.26593540081504485,-0.3005157442048477,0.272769965637431,0.1278558930145802,-1.2428573150539446,0.672099039449926,0.9136073750260515,-0.6543509122734006,-0.30290216952589094,0.26841616490181003,0.12857605451722728,-1.2368627345481593,0.6826503873299176,0.9080927827941615,-0.6507153423570979,0.00015299776025104992
5157.346779929,-0.07308305679973003,0.3497460657031088,0.35080511251183216,0.5579910655049671,-0.022274665983256992,0.6145905212944929,0.5579708427454968,-0.02220731641331973,0.6146188888859944,7.582641240969014e-05,1.1684337518561143,1.1684337518561185,1.0932768844986784,0.16800663298784674,-0.30072707352061157,0.2730399861318231,0.1278779225798104,-1.24279937739795,0.673024437744124,0.9130509258888484,-0.6539975412923628,-0.303034225408323,0.26851073264589137,0.12855490004241152,-1.2368983398631936,0.6832234118108639,0.907875614411369,-0.6503486365304662,9.626244975453928e-05
5157.375272965,-0.07305546823441125,0.34975142926634556,0.3507686722842036,0.5579948199992328,-0.022293977978980133,0.6145650131351529,0.5579758526129249,-0.022226824679868196,0.6145762513950129,7.067974115439829e-05,1.1872584876570211,1.1872584876570185,1.1025415115260293,0.1930226134248946,-0.30093152777294757,0.2732921018089108,0.12789802514026616,-1.2427497259809062,0.6739126649472719,0.9125296199101526,-0.6536430977922945,-0.3031667110897445,0.26858402960447053,0.12852481759523343,-1.2369438268518627,0.6837891339033154,0.907685609196094,-0.6499513194939682,0.00011038927854175489
5157.402202767,-0.07286414525052354,0.3497076542560009,0.35072306637151984,0.5579641774919917,-0.022427904067701534,0.6145330889962742,0.557980432157304,-0.02224602416905834,0.6145383151070569,0.0001826795662048338,1.2955857781715672,1.2955857781715654,1.115678899365654,0.25423340229739205,-0.30112926204536045,0.27352626574111394,0.12791577674108925,-1.2427064254836495,0.6747720316458452,0.9120426627945237,-0.6532809351979572,-0.3033178791137579,0.2685991299420119,0.12846507809173013,-1.2370640970707425,0.6843970417823457,0.9075781828102961,-0.6494642295128621,0.00014706724557815088
5157.431508997,-0.07284511664188292,0.3494378549789724,0.3512190987321604,0.5577753179980717,-0.022441224093749965,0.6148803116487227,0.5579843087264031,-0.02226566503489344,0.6145067257555161,0.0004626710789297958,1.3225300210529929,1.3225300210529924,1.1325364921160432,0.2877298130350004,-0.3013222544435565,0.2737408570946493,0.12793003671944564,-1.2426694241432996,0.6756097760140722,0.9115894376142551,-0.6529058503404297,-0.30350049868026463,0.26861259990583897,0.12841381660988296,-1.2371617936965242,0.6851227418827424,0.9073907075103073,-0.6489774955749386,0.00020133380280451725
5157.458920707,-0.07283349474475122,0.3498165510704639,0.3512153208978032,0.5580404052621157,-0.022449359421742157,0.6148776671646726,0.5579861315585933,-0.022286113065348542,0.6144828677940142,0.0004306524710739931,1.3225300210529813,1.3225300210529811,1.1525906694795869,0.2377282597870741,-0.3015148362423073,0.2739352235650539,0.12794045816674485,-1.2426386135711645,0.6764433402918357,0.9111588286942617,-0.652522067583574,-0.3037128617213241,0.26861964374553443,0.12837398037231673,-1.2371982458087192,0.6859652479696972,0.9071582513919974,-0.6485242562212716,0.00017584122511880675
5157.487751594,-0.07283667256707906,0.34971300266684413,0.350686536478249,0.5579679213795818,-0.02244713494611267,0.6145075180709847,0.5579854813159937,-0.022308123108686323,0.6144670010451415,0.00014585702483807249,1.3243011108124683,1.3243011108124683,1.1754207797874607,0.18276147892000397,-0.3017073673186596,0.2741112738637069,0.1279471799413907,-1.242613414346663,0.6772683637537147,0.9107500742790401,-0.6521305823757968,-0.3038514948845529,0.26866037605820214,0.12832737274058623,-1.237253500281081,0.6865310925096195,0.9069918220172678,-0.6480569618044704,0.00010072596401514327
5157.515715334,-0.07283667256707906,0.34971300266684413,0.350686536478249,0.5579679213795818,-0.02244713494611267,0.6145075180709847,0.5579839326183395,-0.022331566313083515,0.6144550798478947,0.00012791495591843596,1.3243011108124683,1.3243011108124683,1.2003372704180608,0.14013233570546463,-0.30189518332606463,0.274272465908089,0.12795067835521987,-1.2425935582983425,0.67806435536016,0.9103683544657138,-0.6517334659721601,-0.3039796602252709,0.26868170309422273,0.1282666776833883,-1.2372560160986215,0.6869967949027127,0.9069298484710532,-0.647643495755431,7.719444269495347e-05
5157.543915849,-0.07283667256707906,0.34971300266684413,0.350686536478249,0.5579679213795818,-0.02244713494611267,0.6145075180709847,0.5579826031051367,-0.02235643359467253,0.6144463481329275,0.0001103813822175331,1.3243011108124683,1.3243011108124683,1.226667707413223,0.10475290656589305,-0.30207607855086316,0.2744195692663055,0.1279508696082216,-1.242577364284074,0.6788222652731574,0.9100186903628503,-0.6513372939168427,-0.3040437095863327,0.26867252931122604,0.12822254498999366,-1.2372941891416518,0.6872623831230298,0.9068951302329101,-0.6472932087954879,6.52851980793964e-05
5157.572805524,-0.07283667256707906,0.34971300266684413,0.350686536478249,0.5579679213795818,-0.02244713494611267,0.6145075180709847,0.5579811359624937,-0.022381633485874214,0.6144400681237029,9.4945046649216e-05,1.3243011108124683,1.3243011108124683,1.2533781001399327,0.0819759474363993,-0.3022458761073929,0.2745515332201627,0.12794853417024132,-1.2425646341017482,0.6795277879642532,0.9097015937043641,-0.6509476697390907,-0.30407294375937494,0.26864205405179126,0.12818097592575206,-1.2373242933961546,0.6873896231916458,0.9069179706455232,-0.6470026151856508,5.334856278491026e-05
5157.60016954,-0.07283667256707906,0.34971300266684413,0.350686536478249,0.5579679213795818,-0.02244713494611267,0.6145075180709847,0.5579795807827682,-0.022406095713650584,0.6144360931857075,8.319660161692084e-05,1.3243011108124683,1.3243011108124683,1.2796634866916599,0.07761289716977372,-0.30240178838642345,0.2746676717802475,0.1279441017313931,-1.242554839762565,0.6801729824176435,0.9094192062697554,-0.6505697021715637,-0.3040699527951782,0.268592858805035,0.12814257333247614,-1.237346770549227,0.6873892808932557,0.9069924812488502,-0.6467713557699137,4.154981485110982e-05
5157.626421072,-0.07283667256707906,0.34971300266684413,0.350686536478249,0.5579679213795818,-0.02244713494611267,0.6145075180709847,0.5579779867522842,-0.022429220531194796,0.6144342973184181,7.604943521090879e-05,1.3243011108124683,1.3243011108124683,1.3048596243712172,0.08927678887152855,-0.3025419057226789,0.27476760680451556,0.12793782191928843,-1.2425474449248355,0.6807517934860927,0.9091729295402009,-0.6502079493924502,-0.30403777758158157,0.2685275912833604,0.12810777690808348,-1.2373622181375232,0.6872734509153782,0.9071124539298714,-0.6465982707364136,3.178878428933035e-05
5157.653838785,-0.07283667256707906,0.34971300266684413,0.350686536478249,0.5579679213795818,-0.02244713494611267,0.6145075180709847,0.5579763646003674,-0.02245057537171767,0.6144345242301157,7.356103119442077e-05,1.3243011108124683,1.3243011108124683,1.328417532012498,0.10799396416327069,-0.3026649035674247,0.2748512526720726,0.12792993542956116,-1.2425419898630856,0.6812599481689068,0.9089628917990547,-0.6498663917437428,-0.3039797623728167,0.26844891703007173,0.12807690493157758,-1.237371365187777,0.687055208586609,0.9072715065457622,-0.6464814674483103,5.118940869453705e-05
5157.68317289,-0.07283667256707906,0.34971300266684413,0.350686536478249,0.5579679213795818,-0.02244713494611267,0.6145075180709847,0.5579742616650227,-0.022469728996308294,0.6144366534039011,7.464912165984098e-05,1.3243011108124683,1.3243011108124683,1.3498515969068834,0.12771079851312783,-0.302770242301208,0.2749183764393748,0.1279207321881237,-1.2425381507082014,0.6816961296065078,0.9087852131952356,-0.6495494117609399,-0.3039125814516213,0.26832524925389484,0.12805155962921294,-1.2373830396824426,0.686786152734444,0.9074628582240177,-0.646445879517234,6.78298999148567e-05
5157.71132192,-0.07283667256707906,0.34971300266684413,0.350686536478249,0.5579679213795818,-0.02244713494611267,0.6145075180709847,0.5579707975250305,-0.02248635061996003,0.6144417272968512,7.664572557571805e-05,1.3243011108124683,1.3243011108124683,1.3687857767511777,0.14581668331398334,-0.3028581421500551,0.2749679398313476,0.12791047410303397,-1.2425354882685413,0.6820618767546882,0.9086363423792042,-0.6492603583335766,-0.30381333531452626,0.2682281173917075,0.12802890025835284,-1.23738181551162,0.6864040326525384,0.9076826911875138,-0.6464329283111392,8.17907727515851e-05
5157.742795587,-0.07283667256707906,0.34971300266684413,0.350686536478249,0.5579679213795818,-0.02244713494611267,0.6145075180709847,0.5579662667221739,-0.022500168494770822,0.6144492327825115,7.881922371361058e-05,1.3243011108124683,1.3243011108124683,1.3851979384968252,0.16134481653144692,-0.3029296197219874,0.27500228054518744,0.127899335126924,-1.2425335131815611,0.6823635668297608,0.908514475498504,-0.6489995882808233,-0.30369853365713134,0.2681261916893964,0.1280102021163842,-1.2373765165151218,0.6859597859441554,0.9079255970817003,-0.6464662870755301,9.324683564830794e-05
5157.771251042,-0.07283667256707906,0.34971300266684413,0.350686536478249,0.5579679213795818,-0.02244713494611267,0.6145075180709847,0.5579614812448562,-0.022512210535054505,0.6144581785513977,8.191883668902565e-05,1.3243011108124683,1.3243011108124683,1.3992857195059638,0.17418284896777636,-0.3029872668922716,0.2750253116994215,0.12788721565693542,-1.2425319771456858,0.6826083364703193,0.9084185526784286,-0.6487686893774232,-0.3035710710633044,0.268021809166271,0.1279953170109992,-1.2373679518610752,0.685464910470508,0.9081870628830561,-0.6465417300107108,0.00010251676096413257
5157.79942391,-0.07283667256707906,0.34971300266684413,0.350686536478249,0.5579679213795818,-0.02244713494611267,0.6145075180709847,0.5579576166989747,-0.022523068046569034,0.6144665285331128,8.690318982801238e-05,1.3243011108124683,1.3243011108124683,1.4112227629787195,0.18440055435126532,-0.3030323114987561,0.27504122584596163,0.12787438688301248,-1.2425307422703673,0.6828001472650546,0.908348714137358,-0.6485675575882706,-0.30343344843303793,0.2679162998812315,0.12798415045938233,-1.2373568678627693,0.684929764063752,0.9084626404182545,-0.646654676471818,0.0001097778280824973
5157.828441932,-0.07283667256707906,0.34971300266684413,0.350686536478249,0.5579679213795818,-0.02244713494611267,0.6145075180709847,0.5579561395151801,-0.022533151775052315,0.614473471792385,9.325693687926071e-05,1.3243011108124683,1.3243011108124683,1.4212633568097295,0.19185135152071606,-0.30306543623338406,0.27505226603053795,0.12786102406206118,-1.2425291647946086,0.6829410333396453,0.9083114924816706,-0.6483935606361213,-0.3032962865841742,0.26779006779921855,0.1279659098648279,-1.2373767798345294,0.6843852116444129,0.9087780384298364,-0.6467706687611419,0.00011513551122786476
5157.858157629,-0.07283667256707906,0.34971300266684413,0.350686536478249,0.5579679213795818,-0.02244713494611267,0.6145075180709847,0.5579578705036524,-0.022544065703042668,0.6144774241288203,0.00010199135797194915,1.3243011108124683,1.3243011108124683,1.429535782692056,0.19613381654575218,-0.3030874699567504,0.27505952039262044,0.12784649286159694,-1.2425282193617413,0.6830208510809078,0.9083094092181222,-0.6482441984015677,-0.3031639879152193,0.26768456193726897,0.1279437380492055,-1.2373626693416528,0.6838081983112724,0.9090934696333557,-0.6469273755025818,0.00011830580974535052
5157.885445927,-0.07267296208768835,0.3496635643880934,0.3506773516047864,0.5579333145844564,-0.022561732281686165,0.6145010886595609,0.5579625353208372,-0.02255687032867,0.6144776157262009,3.779508727719718e-05,1.4065475449394218,1.4065475449394151,1.4360768784557008,0.20058443431874337,-0.303099345639272,0.27506312597732513,0.12783084651015134,-1.2425281206528698,0.6830398422939729,0.908341362258425,-0.6481176737247558,-0.30304317158658123,0.26749654243468796,0.12790181631846848,-1.237480067410423,0.6832980412469917,0.9095006187425637,-0.647008380593843,9.795522822360586e-05
5157.9130974,-0.07267296208768835,0.3496635643880934,0.3506773516047864,0.5579333145844564,-0.022561732281686165,0.6145010886595609,0.5579700416080797,-0.02257094874874932,0.6144756671735212,4.560777874245944e-05,1.4065475449394218,1.4065475449394151,1.4412049543352818,0.19560059076720251,-0.3031022166366793,0.2750595423694228,0.12781408491012322,-1.242529949603506,0.6830083112421929,0.9084094938632566,-0.6480110486811379,-0.3029429649845911,0.2672532491344416,0.12785591001863408,-1.2376391555160853,0.6828490120779016,0.909928011849604,-0.6471097731123933,9.676692347270513e-05
5157.942411813,-0.07267296208768835,0.3496635643880934,0.3506773516047864,0.5579333145844564,-0.022561732281686165,0.6145010886595609,0.5579774935047989,-0.022585161354740035,0.6144779323651288,5.510818848968368e-05,1.4065475449394218,1.4065475449394151,1.4450181355220937,0.1875843809064187,-0.30309764676165496,0.27503793681293803,0.1277959794826796,-1.2425353860553,0.6829360421232039,0.9085121911090469,-0.6479222059619714,-0.3028491253594106,0.2670461739647624,0.12779586447522343,-1.2377912144660304,0.6823819981813916,0.9103680719588341,-0.6471854419222501,9.400840308107181e-05
5157.971920179,-0.07267296208768835,0.3496635643880934,0.3506773516047864,0.5579333145844564,-0.022561732281686165,0.6145010886595609,0.5579833628392038,-0.022599320168947515,0.6144845851985344,6.473052833003364e-05,1.4065475449394218,1.4065475449394151,1.4478042806624434,0.17682930897095717,-0.3030868850631752,0.27499471245786233,0.12777622161885477,-1.2425528732076214,0.6828296342639115,0.9086463194321351,-0.647849321367451,-0.30276580620165405,0.2667734260298935,0.12776376767351705,-1.2379623061937848,0.6819997665135392,0.910756907727198,-0.6473528361937809,8.986463373880092e-05
5157.999165344,-0.07267296208768835,0.3496635643880934,0.3506773516047864,0.5579333145844564,-0.022561732281686165,0.6145010886595609,0.5579864551808922,-0.022612248540547886,0.614496082460473,7.349066218400533e-05,1.4065475449394218,1.4065475449394151,1.4496578768975972,0.16414517851931576,-0.3030710897565725,0.2749301412060138,0.12775549352524904,-1.2425821475354795,0.6826999559692228,0.9088046446803624,-0.647796134958747,-0.3026821394161344,0.266548372969261,0.12774081386014696,-1.2380829723679294,0.6816472303824966,0.9111284698685445,-0.6475231279509676,8.479823334590118e-05
5158.026794033,-0.07250932891866496,0.34961388033481927,0.3506681154143214,0.5578985357471645,-0.02267627550000254,0.6144946233262354,0.5579874252242611,-0.022624379426523816,0.6145111354957526,0.00010424583120291326,1.4894388182718163,1.489438818271815,1.4505708721166646,0.18085501515470773,-0.3030503632855978,0.2748485739282078,0.12773406563839312,-1.2426223794994007,0.6825450825500701,0.9089836990024277,-0.647760776533107,-0.30260570600008657,0.2663032589616531,0.12768713084464586,-1.2383368474260794,0.6813043352373722,0.9115560228395666,-0.6475737477064735,9.535926608817192e-05
5158.054711215,-0.07250615022632917,0.34971745708739277,0.3511967632784133,0.557971039473966,-0.022678500584637593,0.6148646768310997,0.5579867507624863,-0.02263518096155817,0.6145266684943308,0.0003411349733697547,1.4879073928319713,1.4879073928319693,1.4513231020557993,0.1878468517959354,-0.3030257028366944,0.27474797459996597,0.1277114297957059,-1.2426859073599568,0.6823759058584642,0.9091894567513942,-0.6477351145901226,-0.3025604492803551,0.266037785863286,0.12762267672897848,-1.2386108881205153,0.6810799713281195,0.9120206639996736,-0.6475894316360167,9.650375601714534e-05
5158.081415617,-0.07250932891866496,0.34961388033481927,0.3506681154143214,0.5578985357471645,-0.02267627550000254,0.6144946233262354,0.5579847945464429,-0.02264491918725385,0.6145425753431457,0.00010355285958344133,1.4894388182718163,1.489438818271815,1.4523920633967173,0.14638113649511358,-0.3029987524606839,0.27463119787092016,0.12768699676516257,-1.2427698513629777,0.6822033603871257,0.9094193748118428,-0.6477156039978671,-0.3025298642106539,0.26576937718906885,0.12755459089650176,-1.23891251303893,0.6809110583680523,0.9124799768345042,-0.6475847102020039,8.107177279409786e-05
5158.1086668,-0.07235421621121094,0.3492888455779194,0.3511911847788468,0.5576710114173346,-0.022784854395220357,0.6148607718814031,0.5579818615020706,-0.022653653663428003,0.6145592170721438,0.00045252260738077525,1.5714432662827031,1.5714432662826996,1.4541720484564251,0.2167046622916254,-0.3029711487648197,0.2744970637186823,0.1276601400639844,-1.2428783245435242,0.6820366895658668,0.9096752698128857,-0.6476993963244011,-0.30255204789923223,0.2654057928876664,0.1274521668388043,-1.2393450344576977,0.6808990718626788,0.9130221714889502,-0.64749629699026,0.00010290061493873828
5158.136589946,-0.07234577344505352,0.34956395062393314,0.3506588279285877,0.5578635849495442,-0.022790764331530544,0.6144881220862217,0.557977113806269,-0.02266164591323644,0.6145763722044206,0.00019325747233710607,1.572872983968512,1.5728729839685098,1.45717283504871,0.17685235147423312,-0.30294493929610006,0.2743414880983233,0.12762985338734553,-1.2430190217705626,0.6818844483124875,0.9099569081746878,-0.6476827621832497,-0.30257183107649976,0.2650592191221106,0.12735348342159494,-1.2398088822611066,0.680875714027816,0.9135131730049594,-0.6474023704879407,9.474103829701924e-05
5158.166520838,-0.07218229605171593,0.3495137753729245,0.35064948916943955,0.5578284622738382,-0.02290519850686686,0.6144815849548181,0.5579696994526336,-0.022669804801155116,0.6145933046199753,0.0002963771599594716,1.6567680245415957,1.6567680245415932,1.4617213122822084,0.24124197011188117,-0.3029214326326788,0.27416392908079273,0.12759519919623416,-1.2431951963204728,0.6817459541067018,0.9102626596149358,-0.6476566591217501,-0.3026256208997845,0.26467200275243985,0.12720764050508238,-1.2404112697864327,0.6809503592497653,0.9141127843407276,-0.6471405455929166,0.0001188407532381359
5158.19402638,-0.07218229605171593,0.3495137753729245,0.35064948916943955,0.5578284622738382,-0.02290519850686686,0.6144815849548181,0.5579601574687615,-0.02268020838287088,0.6146079422486476,0.00028970734537722405,1.6567680245415957,1.6567680245415932,1.468733096568488,0.22370726461145837,-0.30290223040149866,0.27396525458861243,0.12755321745571832,-1.2434106536391514,0.6816215456738891,0.9105947562781409,-0.6476087441282161,-0.30268484501496085,0.26431416589546786,0.12707090897451295,-1.2409906245971911,0.6810532222261453,0.9146630430410081,-0.6468920667062552,0.00011372673205833824
5158.221750509,-0.07201889712333015,0.3494633546998604,0.3506400991588521,0.5577931678026933,-0.023019577756736905,0.6144750119474068,0.55794890718158,-0.022694500287058092,0.614619370264097,0.00038829040552967414,1.7410573177557305,1.7410573177557302,1.4782015538645596,0.29174094192700334,-0.3028878620648539,0.2737509032198756,0.12750268283168484,-1.2436592716817265,0.6815120150679657,0.9109461086373456,-0.6475423563580226,-0.3027655684840243,0.26397386292274205,0.12693788849778692,-1.2415303561662865,0.6812474397711432,0.9151997956192496,-0.6466458106761456,0.0001402085238901707
5158.248352433,-0.07201889712333015,0.3494633546998604,0.3506400991588521,0.5577931678026933,-0.023019577756736905,0.6144750119474068,0.5579367186009081,-0.022712685909222638,0.6146277962137322,0.00037166176797649367,1.7410573177557305,1.7410573177557302,1.4900350514646075,0.2725082076073297,-0.3028788919110339,0.2735230962611831,0.1274439656091222,-1.243938489726975,0.6814196752335948,0.9113164559800442,-0.6474559755305124,-0.3028648614343579,0.2636016156660083,0.12678094683455093,-1.2421774249819024,0.6814848026619083,0.9157666653490891,-0.646316009226594,0.0001329802147927816
5158.275896851,-0.07201889712333015,0.3494633546998604,0.3506400991588521,0.5577931678026933,-0.023019577756736905,0.6144750119474068,0.5579231700389204,-0.022735542658388105,0.6146319968279653,0.00034960087420090734,1.7410573177557305,1.7410573177557302,1.504727067333415,0.2517362824607409,-0.30287634981892936,0.27328024853324706,0.1273758507027365,-1.2442537820588575,0.6813467722473101,0.9117060046312406,-0.647344830169285,-0.3029738207805676,0.2632453108645658,0.12662703889915775,-1.242817462662103,0.6817643251283325,0.9163075466775386,-0.6459820043072462,0.0001245340880056708
5158.305251025,-0.07199149816407557,0.34946851195118234,0.3506034865008342,0.5577967778786186,-0.02303875702821511,0.6144493830867943,0.5579083692217035,-0.022762767395216238,0.614632021056509,0.0003492556847867614,1.7668892517722967,1.7668892517722958,1.5219946284077286,0.24947207331627475,-0.3028804882507835,0.27302759201370913,0.12729976148542763,-1.244598107139679,0.6812971773132643,0.9121047147336905,-0.6472115825956789,-0.3031284711919898,0.262981896333996,0.1264958599524152,-1.243396117321966,0.6822550087740514,0.9166627490295404,-0.6456161278872766,0.000111053541146844
5158.332087589,-0.07196415562347169,0.34947368256698796,0.35056683357268276,0.5578003973096826,-0.023057896806637827,0.6144237260370883,0.5578925637160304,-0.022791616226370187,0.6146290853951617,0.0003486724248274661,1.7966533039648465,1.7966533039648451,1.541510787843659,0.2850496530802204,-0.3028926890072163,0.27277492420605703,0.1272187895352632,-1.244960210268329,0.681300218684937,0.9124937339962831,-0.6470560226975122,-0.30333590915253855,0.2628176736143672,0.12639211214159107,-1.2438654903385273,0.6829952531830327,0.9168406486297832,-0.6452372011782301,0.00015904124030932058
5158.361396433,-0.07196415562347169,0.34947368256698796,0.35056683357268276,0.5578003973096826,-0.023057896806637827,0.6144237260370883,0.5578759990375495,-0.022819122739120484,0.6146250827058244,0.0003213614547822161,1.7966533039648465,1.7966533039648451,1.562975963745878,0.2734462504453894,-0.3029166304723799,0.2725293238855715,0.12713686339309294,-1.2453326477943796,0.6813807417325786,0.9128560630708479,-0.6468795547997812,-0.3035658650618693,0.2626791807284516,0.12630564497732327,-1.2443251070471129,0.6838261149368636,0.9168915857386911,-0.6448777907016786,0.00015784990222470136
5158.389303131,-0.07196415562347169,0.34947368256698796,0.35056683357268276,0.5578003973096826,-0.023057896806637827,0.6144237260370883,0.5578587646808755,-0.022847591254259947,0.6146189906923997,0.00029285399262228323,1.7966533039648465,1.7966533039648451,1.586147263070657,0.25985839324833476,-0.3029575746482314,0.27229619388263504,0.12705648442551087,-1.2457092519197086,0.6815321455937866,0.9131867246040276,-0.6466853775359668,-0.3037839425773784,0.26261694787941514,0.1262370597200968,-1.2446779086092787,0.6846485554155114,0.9169020688091687,-0.64454586668826,0.00015389053728749938
5158.41646233,-0.07196415562347169,0.34947368256698796,0.35056683357268276,0.5578003973096826,-0.023057896806637827,0.6144237260370883,0.5578421752228786,-0.02287874192717987,0.614610673728111,0.00026228096393623686,1.7966533039648465,1.7966533039648451,1.6106796933139846,0.24431255656440434,-0.30301546978246824,0.2720803487389206,0.1269776343388119,-1.2460817915647278,0.6817473989793132,0.9134849047510066,-0.6464794102719539,-0.3039908116610575,0.26258871026152497,0.12618377584673382,-1.2449741524393136,0.6854434510495797,0.9168690863933195,-0.6442557123772311,0.00014739271385272
5158.445066896,-0.07196415562347169,0.34947368256698796,0.35056683357268276,0.5578003973096826,-0.023057896806637827,0.6144237260370883,0.5578266639226808,-0.022912373895448188,0.6146003832895159,0.00023037933387088958,1.7966533039648465,1.7966533039648451,1.6360781327187495,0.2270751855891106,-0.30308861341505594,0.27188343466940007,0.1269011894556777,-1.2464451804353682,0.6820193286383851,0.9137499213930904,-0.6462681103591258,-0.3041962842927806,0.2625571719865234,0.12614694637311033,-1.2452219463029233,0.6862370330825445,0.9167972873989857,-0.6440352697554068,0.00013863277643284103
5158.472062417,-0.07196415562347169,0.34947368256698796,0.35056683357268276,0.5578003973096826,-0.023057896806637827,0.6144237260370883,0.5578117386977834,-0.022947787564567612,0.6145887207427002,0.00019868549306202522,1.7966533039648465,1.7966533039648451,1.6618381946348662,0.20856171818789881,-0.30317423998277415,0.271704447371586,0.1268277093492547,-1.2467975967868492,0.6823361928660302,0.9139809961007103,-0.6460555958196217,-0.30436218539956383,0.26258208039193587,0.1261196857304914,-1.2454494127920908,0.686898769738687,0.9166861909468623,-0.6438139155460307,0.00012795727452922045
5158.501229751,-0.07196415562347169,0.34947368256698796,0.35056683357268276,0.5578003973096826,-0.023057896806637827,0.6144237260370883,0.5577979509044412,-0.022983981564460174,0.6145745172557657,0.00016795070572943826,1.7966533039648465,1.7966533039648451,1.6876116979486504,0.18928536197398466,-0.3032689570953083,0.271546348232419,0.12675838543987444,-1.2471354766046188,0.6826886259697571,0.914178503757728,-0.6458422583480772,-0.3045313286416708,0.2626591519251104,0.1261101553719835,-1.2456144475124409,0.687599483385992,0.9164847334200863,-0.6436019180656941,0.00011585578650602702
5158.526403119,-0.0719368695658581,0.34947886653511046,0.35053014046064557,0.5578040260873683,-0.02307699704696734,0.6143980408586622,0.5577864110645918,-0.023019933754685987,0.6145576522574036,0.00017041803590455492,1.8301576389932397,1.8301576389932401,1.7132161982060707,0.25551447909223285,-0.303370872721862,0.2714116305730314,0.12669425899908077,-1.2474549097417,0.683073135638608,0.914345305535425,-0.6456302024600284,-0.30470212503571537,0.2627846213735989,0.12611754008573187,-1.245718871817302,0.688332278909497,0.9161980180278726,-0.6433981873599187,0.00015075220528028638
5158.556835044,-0.07177008173503213,0.3495414309660714,0.3507124984891141,0.557847821189041,-0.02319374852854552,0.6145256914785903,0.5577781181765122,-0.02305526331512686,0.6145390308553105,0.00015561042144559507,1.9102287704867316,1.91022877048673,1.7387572840558234,0.2821221328955536,-0.3034803731238681,0.27130222011560917,0.12663508487967404,-1.2477522330284694,0.6834975143974894,0.9144825365369744,-0.645417075515099,-0.3049106035069608,0.26286864825248124,0.12610306982099925,-1.2458436697204274,0.6892037662970114,0.9160128695458888,-0.6431425943146547,0.00019035278305221863
5158.585507983,-0.07177356043981908,0.34942807839623413,0.35052067388792885,0.5577684743901549,-0.023191313435194653,0.6143914142577606,0.5577717463541432,-0.02309057535520942,0.6145187425703337,0.0001623926281891182,1.9108344658121055,1.9108344658121055,1.7647198032817553,0.22985740595182313,-0.30359837514270105,0.2712114160709112,0.12657941692685834,-1.2480369341797,0.6839604240967921,0.9145925570745421,-0.6451978987177709,-0.30508700746484996,0.26293606989052526,0.12608253013701287,-1.246010488309898,0.6899391514587963,0.9158186303151996,-0.6428493961234869,0.00014033905789142843
5158.61285563,-0.07177356043981908,0.34942807839623413,0.35052067388792885,0.5577684743901549,-0.023191313435194653,0.6143914142577606,0.5577668098188864,-0.023126253051257706,0.6144963980835726,0.0001235201523544319,1.9108344658121055,1.9108344658121055,1.7910118576082414,0.20230144941354214,-0.3037220573465404,0.27113715219376233,0.12652664770726257,-1.248309141153747,0.6844467695675552,0.9146786910687994,-0.6449730443866614,-0.3052377929151224,0.26301322078878653,0.12607298775026646,-1.246130940948009,0.6905883304604384,0.9156154052899463,-0.6425941591055232,0.00012272757393840827
5158.639815881,-0.07177356043981908,0.34942807839623413,0.35052067388792885,0.5577684743901549,-0.023191313435194653,0.6143914142577606,0.5577632140641986,-0.023161766098433248,0.6144726091410172,8.656399485881901e-05,1.9108344658121055,1.9108344658121055,1.8172609412513712,0.17447778344228013,-0.30384885021837094,0.2710778154539356,0.12647686692710755,-1.2485667379588123,0.6849476308167067,0.9147429833903289,-0.6447481408373915,-0.3053752322528117,0.263063223597733,0.1260752935840432,-1.2462145923932852,0.6911854459473865,0.915405720273709,-0.6424044790407689,0.00010446803137025544
5158.668740682,-0.07177356043981908,0.34942807839623413,0.35052067388792885,0.5577684743901549,-0.023191313435194653,0.6143914142577606,0.5577601373887364,-0.023196511399889028,0.61444876943525,5.819055605899411e-05,1.9108344658121055,1.9108344658121055,1.8430077356410974,0.14721578539696661,-0.3039761661818102,0.2710318829744233,0.1264303890548018,-1.248806323712285,0.6854524144955363,0.914783127263506,-0.6445264269312013,-0.3054726621535634,0.2631522340604124,0.12608615996224692,-1.2462475061443385,0.6916521105559029,0.9151948534004165,-0.6422243038889041,8.590700715481922e-05
5158.696236116,-0.07177356043981908,0.34942807839623413,0.35052067388792885,0.5577684743901549,-0.023191313435194653,0.6143914142577606,0.5577570092852062,-0.02322949675023199,0.6144255037576715,5.245482039717318e-05,1.9108344658121055,1.9108344658121055,1.8677995912610563,0.12153881028666803,-0.3041007215294462,0.27099718805012885,0.12638763005375814,-1.2490260063595013,0.685950114566389,0.9147991848059045,-0.6443099997084029,-0.3055433569436219,0.26324425787253514,0.1261061518822077,-1.2462402192046844,0.6920263044149608,0.9149855903809255,-0.6420801183614513,6.750373564085552e-05
5158.723984684,-0.07177356043981908,0.34942807839623413,0.35052067388792885,0.5577684743901549,-0.023191313435194653,0.6143914142577606,0.557752867817468,-0.023259736982403384,0.6144050859443729,7.150008348583998e-05,1.9108344658121055,1.9108344658121055,1.8912461919146295,0.09883860355339466,-0.3042200246889084,0.27096930357756843,0.12634883219079618,-1.2492241030383069,0.6864325266475614,0.9147937040801607,-0.6441017686653234,-0.3055880552722799,0.2633383064552088,0.12613435482552862,-1.246195616733783,0.6923097990809958,0.9147814403760536,-0.6419704986695467,4.95786612586485e-05
5158.755522043,-0.07178199670093371,0.3491531853151211,0.3510528494987289,0.5575760492333758,-0.02318540805241441,0.6147639371853206,0.5577473046498973,-0.02328652403685179,0.6143892026823284,0.0004242390926464746,1.9102287704867407,1.9102287704867427,1.9130139251433769,0.11457019503495679,-0.3043319260244116,0.2709459456746575,0.12631419353087558,-1.2493984710851949,0.6868925757779476,0.914769363281426,-0.6439042145700037,-0.305621048441306,0.26340000774611994,0.12617106318427057,-1.2461251513434737,0.6925438254896973,0.9145844855966258,-0.6419212323360389,7.040960130851449e-05
5158.781984376,-0.07177356043981908,0.34942807839623413,0.35052067388792885,0.5577684743901549,-0.023191313435194653,0.6143914142577606,0.5577400118046405,-0.02330936906211986,0.6143790751079107,0.00012206352625532526,1.9108344658121055,1.9108344658121055,1.9327070607418124,0.06962718723296926,-0.3044351591936926,0.27092558078676693,0.12628402520209267,-1.2495465153170904,0.6873256759002085,0.9147259746576302,-0.6437244793899307,-0.30560135736242044,0.26353843733994875,0.12623391298457967,-1.245951067867735,0.6926145224212877,0.914337339547501,-0.6419344600320294,3.603768049588802e-05
5158.811318951,-0.07177356043981908,0.34942807839623413,0.35052067388792885,0.5577684743901549,-0.023191313435194653,0.6143914142577606,0.5577307761304662,-0.023327665565528427,0.614375973536012,0.0001423076881908702,1.9108344658121055,1.9108344658121055,1.9499061824606965,0.06610392847621932,-0.3045278769101113,0.2709079611175329,0.12625881233061015,-1.249665695420767,0.6877259821795252,0.9146661568507843,-0.643563725490308,-0.3055895888816107,0.26360482680808967,0.12628138962920557,-1.2458253150028062,0.6926875683872551,0.9141647035461091,-0.6419424589732313,3.315872456975149e-05
5158.839032984,-0.07178199670093371,0.3491531853151211,0.3510528494987289,0.5575760492333758,-0.02318540805241441,0.6147639371853206,0.5577208607947192,-0.02334154266135466,0.6143776619114109,0.00044108614990918086,1.9102287704867407,1.9102287704867427,1.9648789917798128,0.09251060519330093,-0.3046091367399957,0.2708942164975963,0.12623824036579614,-1.2497603066511866,0.6880895952074516,0.9145961407801615,-0.6434182510956346,-0.30555846340538056,0.2636741561692043,0.12633231085254404,-1.2456788483213237,0.6926888530599733,0.9140072202837349,-0.641974272544013,3.100613881460513e-05
5158.866455521,-0.07174633456508178,0.34943323515418645,0.3504839322694455,0.5577720841207215,-0.023210371547510763,0.6143656951248222,0.5577107729107524,-0.023351072580084356,0.6143815326804027,0.00015429411266123526,1.9463395501004173,1.9463395501004184,1.9777092756864298,0.11200828691756728,-0.304678846176993,0.270884875290254,0.12622209527384495,-1.2498358115060633,0.6884167186303405,0.9145178289753938,-0.6432890420872365,-0.3055201618148667,0.2638078123174223,0.1263878044919931,-1.2454998749158526,0.6926839917395811,0.9138034359337199,-0.6419685490433938,5.844614920128084e-05
5158.895378043,-0.07171916529395703,0.3494384053254427,0.3504471506575682,0.5577757032406009,-0.02322939003729809,0.6143399479965082,0.5577004019037449,-0.02335610422235182,0.6143852243030589,0.00015419701670589973,1.9851033314948465,1.9851033314948483,1.9886807686577699,0.17406488765495973,-0.3047391185107071,0.2708841399195663,0.12621050984886734,-1.2498962483018419,0.6887202836563981,0.9144214704345454,-0.6431703923188998,-0.30553574122182103,0.264025735795737,0.12645519246560824,-1.2452841831397177,0.6929106483795954,0.9134270879519104,-0.6418878321100603,8.638939226620192e-05
5158.922784924,-0.07152883406367251,0.3493924342138175,0.35040078618997317,0.5577435234624633,-0.023362621898497252,0.6143074928691916,0.5576907424724538,-0.023357290951705634,0.6143855889720371,9.441002690249263e-05,2.1037352995039607,2.1037352995039633,1.9988272131607534,0.22616993616016057,-0.30479589186803324,0.27089967088295025,0.12620295413553656,-1.2499431735877784,0.6890280593302498,0.9142986663660311,-0.6430488311162605,-0.30564909822766273,0.2641766385037503,0.12647919951692094,-1.2452097835818827,0.6934661678000381,0.913067819080846,-0.6416256101830528,0.00011828684415203187
5158.951874177,-0.07117559253667433,0.3492944659897537,0.350344660372876,0.5576749457056186,-0.023609890967395984,0.6142682047972235,0.5576822928300544,-0.02335724384347551,0.6143851355777513,0.0002784912151174533,2.2999446482194963,2.299944648219489,2.009753148727895,0.3446287668466529,-0.30485736232799826,0.2709291051203199,0.126197130298304,-1.2499786213276256,0.6893666880612911,0.9141547384361308,-0.6429058755635902,-0.30583082398274203,0.26429182116253425,0.12644379533724517,-1.2452994255777556,0.6942442032390721,0.9127946139438896,-0.6411142691035063,0.00019646755613943854
5158.979659516,-0.07098563489709189,0.3492475858696283,0.35029802118234277,0.5576421296215308,-0.023742861315103687,0.6142355573638503,0.5576752138070437,-0.023358794662436025,0.6143863859852126,0.00041394568489650754,2.41908824143488,2.4190882414348835,2.023103787443302,0.44547226599347567,-0.304930391531625,0.27096717593749625,0.12619024085473982,-1.250008026457586,0.6897569109161554,0.9139998885677547,-0.6427200562578818,-0.3060926962228566,0.2643348673867332,0.12635037682408792,-1.2455629388318543,0.6952755896917464,0.9126090748504853,-0.6403867710479231,0.0002518527342182474
5159.01140547,-0.0707958231287458,0.3492003945242057,0.35025127465486394,0.557609095679735,-0.02387572955294595,0.6142028347946151,0.5576682355320053,-0.023364499481358075,0.6143895584040846,0.0005474663592912348,2.5387200237419263,2.5387200237419236,2.0406571353871663,0.5439489823574443,-0.305022979493857,0.271002526834526,0.12617911778387625,-1.2500555931483666,0.6902230660832398,0.9138442634445882,-0.642476359149061,-0.3064655738266147,0.26428994709589143,0.12620690949445307,-1.245961762949817,0.6966798894229668,0.9124871359561861,-0.639478869152014,0.0003046916239159794
5159.036523642,-0.07094025968240061,0.3489832880193949,0.3507559880826253,0.5574571211263675,-0.02377462396538758,0.6145561341940481,0.5576611763922154,-0.02337691391784616,0.6143907522943828,0.0004766162042698025,2.5097336488901343,2.50973364889013,2.064192647416041,0.5442517620231564,-0.30514214368957865,0.27103403867156095,0.12616116234638045,-1.250137386355226,0.6907870719685243,0.9136890388269957,-0.6421615153727114,-0.3069012313440674,0.26429616878269374,0.12607561580062943,-1.2463720776969207,0.6983236226224238,0.9121644751090716,-0.6385185267476702,0.0003499371072128162
5159.063966404,-0.07090502402651584,0.3492628167535497,0.35018698082819677,0.5576527912402758,-0.02379928892450692,0.6141578291159481,0.5576516182518817,-0.023397909144182327,0.614390934352259,0.00046416069970513923,2.5574866083865038,2.5574866083865033,2.0937006749672324,0.5801094436664138,-0.30529316430060777,0.2710630453907635,0.12613569150179535,-1.2502470443609857,0.6914592715878177,0.9135117063950343,-0.6417874593653963,-0.3073792386315898,0.2644296274663657,0.12595245587254683,-1.2466437972155915,0.7000523501893015,0.9116788386016663,-0.6375874292939677,0.0003363107348256153
5159.092303889,-0.0710679822604954,0.34931490666228926,0.3501967188348113,0.5576892541763935,-0.02368521816072123,0.6141646457205783,0.5576395351606694,-0.023428248413793415,0.6143919094063068,0.0003466326790878821,2.48540520748184,2.485405207481843,2.128347532543793,0.5084403843450874,-0.3054746024636612,0.27110142135178483,0.1261045816078726,-1.2503652952574,0.6922306298831484,0.9132945985831893,-0.6413656903982428,-0.30776387981453784,0.26470056544968246,0.1259177593829879,-1.2467433567155626,0.7016050951367807,0.9109872322345297,-0.6368144354675855,0.0002872859800380041
5159.121229679,-0.07123102157551853,0.3493667518123232,0.3502064057105646,0.5577255457814172,-0.02357109064020504,0.6141714265336056,0.5576272374528229,-0.023465430530715217,0.6143898573311254,0.00026180259646065756,2.41437135638173,2.4143713563817277,2.1664675862726517,0.44959112594805184,-0.30567657893960876,0.27116270831084044,0.12607174890381767,-1.2504759480891623,0.6930681711727412,0.9130303950360147,-0.6409140334398035,-0.3080634512754676,0.26508136698782103,0.1259319237036589,-1.2466756827492835,0.7028871068740509,0.9102172560058112,-0.6362001529243314,0.00023553248199440695
