wall_time,sim_time,teleop_active,ros_fresh,clutch_id,omy_relative_rotation_deg,fr3_command_cumulative_rotation_deg,fr3_target_cumulative_rotation_deg,command_target_rotation_gap_deg,position_error_mm,orientation_error_deg,target_linear_speed_mps,target_angular_speed_radps,raw_max_qdot_radps,cmd_max_qdot_radps,qdot_saturated,jacobian_condition,max_q_command_error_rad,deadline_misses
9294.627464885,0.010000000000000002,0,1,0,0.0,0.0,0.0,0.0,0.0,0.0,0.0,0.0,0.0,0.0,0,0.0,0.00023156172738025838,1
9294.637473226,0.02000000000000001,0,1,0,0.0,0.0,0.0,0.0,0.0,0.0,0.0,0.0,0.0,0.0,0,0.0,0.0006420883348210449,2
9294.647226903,0.03000000000000002,0,1,0,0.0,0.0,0.0,0.0,0.0,0.0,0.0,0.0,0.0,0.0,0,0.0,0.0010870701046840686,2
9294.657282752,0.04000000000000003,0,1,0,0.0,0.0,0.0,0.0,0.0,0.0,0.0,0.0,0.0,0.0,0,0.0,0.0015382914321710002,6
9294.667293647,0.05000000000000004,0,1,0,0.0,0.0,0.0,0.0,0.0,0.0,0.0,0.0,0.0,0.0,0,0.0,0.0019525120983990981,6
9294.677240772,0.060000000000000046,0,1,0,0.0,0.0,0.0,0.0,0.0,0.0,0.0,0.0,0.0,0.0,0,0.0,0.002326993557708709,6
9294.688635535,0.07000000000000005,0,1,0,0.0,0.0,0.0,0.0,0.0,0.0,0.0,0.0,0.0,0.0,0,0.0,0.0026636721412751654,9
9294.697330253,0.08000000000000006,0,1,0,0.0,0.0,0.0,0.0,0.0,0.0,0.0,0.0,0.0,0.0,0,0.0,0.0029657491512482194,10
9294.707299937,0.09000000000000007,0,1,0,0.0,0.0,0.0,0.0,0.0,0.0,0.0,0.0,0.0,0.0,0,0.0,0.003236578567500767,11
9294.717753163,0.10000000000000007,0,1,0,0.0,0.0,0.0,0.0,0.0,0.0,0.0,0.0,0.0,0.0,0,0.0,0.0034793261918181517,13
9294.7272624,0.11000000000000008,0,1,0,0.0,0.0,0.0,0.0,0.0,0.0,0.0,0.0,0.0,0.0,0,0.0,0.0036968818133849154,21
9294.737446262,0.12000000000000009,0,1,0,0.0,0.0,0.0,0.0,0.0,0.0,0.0,0.0,0.0,0.0,0,0.0,0.003891852468140432,21
9294.747262143,0.1300000000000001,0,1,0,0.0,0.0,0.0,0.0,0.0,0.0,0.0,0.0,0.0,0.0,0,0.0,0.004066580160140322,21
9294.757272093,0.1400000000000001,0,1,0,0.0,0.0,0.0,0.0,0.0,0.0,0.0,0.0,0.0,0.0,0,0.0,0.0042231655706561405,25
9294.767291009,0.1500000000000001,0,1,0,0.0,0.0,0.0,0.0,0.0,0.0,0.0,0.0,0.0,0.0,0,0.0,0.0043634918762542945,26
9294.777267099,0.16000000000000011,0,1,0,0.0,0.0,0.0,0.0,0.0,0.0,0.0,0.0,0.0,0.0,0,0.0,0.004489246934098883,26
9294.789744554,0.17000000000000012,0,1,0,0.0,0.0,0.0,0.0,0.0,0.0,0.0,0.0,0.0,0.0,0,0.0,0.004601943436198346,28
9294.797274424,0.18000000000000013,0,1,0,0.0,0.0,0.0,0.0,0.0,0.0,0.0,0.0,0.0,0.0,0,0.0,0.0047029370580503,33
9294.807241613,0.19000000000000014,0,1,0,0.0,0.0,0.0,0.0,0.0,0.0,0.0,0.0,0.0,0.0,0,0.0,0.00479344274985854,33
9294.817438108,0.20000000000000015,0,1,0,0.0,0.0,0.0,0.0,0.0,0.0,0.0,0.0,0.0,0.0,0,0.0,0.004874549344019622,33
9294.827304489,0.21000000000000016,0,1,0,0.0,0.0,0.0,0.0,0.0,0.0,0.0,0.0,0.0,0.0,0,0.0,0.004947232647788313,37
9294.837298849,0.22000000000000017,0,1,0,0.0,0.0,0.0,0.0,0.0,0.0,0.0,0.0,0.0,0.0,0,0.0,0.005012367176722273,37
9294.847326865,0.23000000000000018,0,1,0,0.0,0.0,0.0,0.0,0.0,0.0,0.0,0.0,0.0,0.0,0,0.0,0.005070736669659783,37
9294.857857699,0.24000000000000019,0,1,0,0.0,0.0,0.0,0.0,0.0,0.0,0.0,0.0,0.0,0.0,0,0.0,0.0051230435117468704,41
9294.867332821,0.25000000000000017,0,1,0,0.0,0.0,0.0,0.0,0.0,0.0,0.0,0.0,0.0,0.0,0,0.0,0.005169917178980228,41
9294.87728792,0.2600000000000002,0,1,0,0.0,0.0,0.0,0.0,0.0,0.0,0.0,0.0,0.0,0.0,0,0.0,0.005211921805952601,41
9294.887280067,0.2700000000000002,0,1,0,0.0,0.0,0.0,0.0,0.0,0.0,0.0,0.0,0.0,0.0,0,0.0,0.005249536049669865,41
9294.897394863,0.2800000000000002,0,1,0,0.0,0.0,0.0,0.0,0.0,0.0,0.0,0.0,0.0,0.0,0,0.0,0.00528308929435087,45
9294.907381793,0.2900000000000002,0,1,0,0.0,0.0,0.0,0.0,0.0,0.0,0.0,0.0,0.0,0.0,0,0.0,0.0053130514465207146,45
9294.91742663,0.3000000000000002,0,1,0,0.0,0.0,0.0,0.0,0.0,0.0,0.0,0.0,0.0,0.0,0,0.0,0.005339878191504068,45
9294.927241148,0.3100000000000002,0,1,0,0.0,0.0,0.0,0.0,0.0,0.0,0.0,0.0,0.0,0.0,0,0.0,0.00536393785246659,49
9294.937297355,0.32000000000000023,0,1,0,0.0,0.0,0.0,0.0,0.0,0.0,0.0,0.0,0.0,0.0,0,0.0,0.005385533541666898,49
9294.947318269,0.33000000000000024,0,1,0,0.0,0.0,0.0,0.0,0.0,0.0,0.0,0.0,0.0,0.0,0,0.0,0.005404924413936385,49
9294.957751326,0.34000000000000025,0,1,0,0.0,0.0,0.0,0.0,0.0,0.0,0.0,0.0,0.0,0.0,0,0.0,0.005422337788624488,53
9294.96727948,0.35000000000000026,0,1,0,0.0,0.0,0.0,0.0,0.0,0.0,0.0,0.0,0.0,0.0,0,0.0,0.005437975731847331,54
9294.977303892,0.36000000000000026,0,1,0,0.0,0.0,0.0,0.0,0.0,0.0,0.0,0.0,0.0,0.0,0,0.0,0.005452018977451459,56
9294.987337722,0.3700000000000003,0,1,0,0.0,0.0,0.0,0.0,0.0,0.0,0.0,0.0,0.0,0.0,0,0.0,0.005464629620454852,57
9294.997441088,0.3800000000000003,0,1,0,0.0,0.0,0.0,0.0,0.0,0.0,0.0,0.0,0.0,0.0,0,0.0,0.005475953208739359,62
9295.007258171,0.3900000000000003,0,1,0,0.0,0.0,0.0,0.0,0.0,0.0,0.0,0.0,0.0,0.0,0,0.0,0.005486125359485088,62
9295.017275711,0.4000000000000003,0,1,0,0.0,0.0,0.0,0.0,0.0,0.0,0.0,0.0,0.0,0.0,0,0.0,0.00549545203010255,62
9295.027371481,0.4100000000000003,0,1,0,0.0,0.0,0.0,0.0,0.0,0.0,0.0,0.0,0.0,0.0,0,0.0,0.005504294128597727,66
9295.037347428,0.4200000000000003,0,1,0,0.0,0.0,0.0,0.0,0.0,0.0,0.0,0.0,0.0,0.0,0,0.0,0.005512811472181938,66
9295.04730878,0.4300000000000003,0,1,0,0.0,0.0,0.0,0.0,0.0,0.0,0.0,0.0,0.0,0.0,0,0.0,0.00552107084652051,66
9295.060628159,0.44000000000000034,0,1,0,0.0,0.0,0.0,0.0,0.0,0.0,0.0,0.0,0.0,0.0,0,0.0,0.005529102057472208,67
9295.067346456,0.45000000000000034,0,1,0,0.0,0.0,0.0,0.0,0.0,0.0,0.0,0.0,0.0,0.0,0,0.0,0.005536920144885517,71
9295.07725612,0.46000000000000035,0,1,0,0.0,0.0,0.0,0.0,0.0,0.0,0.0,0.0,0.0,0.0,0,0.0,0.0055445341969600805,71
9295.087311994,0.47000000000000036,0,1,0,0.0,0.0,0.0,0.0,0.0,0.0,0.0,0.0,0.0,0.0,0,0.0,0.005551950854058594,71
9295.097264095,0.48000000000000037,0,1,0,0.0,0.0,0.0,0.0,0.0,0.0,0.0,0.0,0.0,0.0,0,0.0,0.005559175705129038,75
9295.107287255,0.4900000000000004,0,1,0,0.0,0.0,0.0,0.0,0.0,0.0,0.0,0.0,0.0,0.0,0,0.0,0.0055662138464504015,75
9295.117319636,0.5000000000000003,0,1,0,0.0,0.0,0.0,0.0,0.0,0.0,0.0,0.0,0.0,0.0,0,0.0,0.00557307010671817,75
9295.128507202,0.5100000000000003,0,1,0,0.0,0.0,0.0,0.0,0.0,0.0,0.0,0.0,0.0,0.0,0,0.0,0.00557974913889795,78
9295.137279408,0.5200000000000004,0,1,0,0.0,0.0,0.0,0.0,0.0,0.0,0.0,0.0,0.0,0.0,0,0.0,0.005586255458720616,80
9295.147264986,0.5300000000000004,0,1,0,0.0,0.0,0.0,0.0,0.0,0.0,0.0,0.0,0.0,0.0,0,0.0,0.005592593461728072,80
9295.157242897,0.5400000000000004,0,1,0,0.0,0.0,0.0,0.0,0.0,0.0,0.0,0.0,0.0,0.0,0,0.0,0.005598767431652431,81
9295.167434447,0.5500000000000004,0,1,0,0.0,0.0,0.0,0.0,0.0,0.0,0.0,0.0,0.0,0.0,0,0.0,0.005604781545265028,86
9295.177267596,0.5600000000000004,0,1,0,0.0,0.0,0.0,0.0,0.0,0.0,0.0,0.0,0.0,0.0,0,0.0,0.005610639875766005,86
9295.187428171,0.5700000000000004,0,1,0,0.0,0.0,0.0,0.0,0.0,0.0,0.0,0.0,0.0,0.0,0,0.0,0.005616346395552348,86
9295.197571666,0.5800000000000004,0,1,0,0.0,0.0,0.0,0.0,0.0,0.0,0.0,0.0,0.0,0.0,0,0.0,0.005621904978704771,91
9295.207579705,0.5900000000000004,0,1,0,0.0,0.0,0.0,0.0,0.0,0.0,0.0,0.0,0.0,0.0,0,0.0,0.005627319403332436,92
9295.217207026,0.6000000000000004,0,1,0,0.0,0.0,0.0,0.0,0.0,0.0,0.0,0.0,0.0,0.0,0,0.0,0.005632593353832658,94
9295.229732444,0.6100000000000004,0,1,0,0.0,0.0,0.0,0.0,0.0,0.0,0.0,0.0,0.0,0.0,0,0.0,0.005637730423089379,1
9295.23758878,0.6200000000000004,0,1,0,0.0,0.0,0.0,0.0,0.0,0.0,0.0,0.0,0.0,0.0,0,0.0,0.005642734114620527,7
9295.247772209,0.6300000000000004,0,1,0,0.0,0.0,0.0,0.0,0.0,0.0,0.0,0.0,0.0,0.0,0,0.0,0.005647607844678777,9
9295.257274435,0.6400000000000005,0,1,0,0.0,0.0,0.0,0.0,0.0,0.0,0.0,0.0,0.0,0.0,0,0.0,0.0056523549443079505,10
9295.267324867,0.6500000000000005,0,1,0,0.0,0.0,0.0,0.0,0.0,0.0,0.0,0.0,0.0,0.0,0,0.0,0.005656978661356293,14
9295.277270356,0.6600000000000005,0,1,0,0.0,0.0,0.0,0.0,0.0,0.0,0.0,0.0,0.0,0.0,0,0.0,0.005661482162447525,14
9295.287310404,0.6700000000000005,0,1,0,0.0,0.0,0.0,0.0,0.0,0.0,0.0,0.0,0.0,0.0,0,0.0,0.00566586853491038,14
9295.29791621,0.6800000000000005,0,1,0,0.0,0.0,0.0,0.0,0.0,0.0,0.0,0.0,0.0,0.0,0,0.0,0.0056701407886672805,17
9295.307324174,0.6900000000000005,0,1,0,0.0,0.0,0.0,0.0,0.0,0.0,0.0,0.0,0.0,0.0,0,0.0,0.005674301858082796,18
9295.317277362,0.7000000000000005,0,1,0,0.0,0.0,0.0,0.0,0.0,0.0,0.0,0.0,0.0,0.0,0,0.0,0.005678354603772501,19
9295.32730851,0.7100000000000005,0,1,0,0.0,0.0,0.0,0.0,0.0,0.0,0.0,0.0,0.0,0.0,0,0.0,0.005682301814372843,19
9295.337247172,0.7200000000000005,0,1,0,0.0,0.0,0.0,0.0,0.0,0.0,0.0,0.0,0.0,0.0,0,0.0,0.0056861462082726895,25
9295.347481826,0.7300000000000005,0,1,0,0.0,0.0,0.0,0.0,0.0,0.0,0.0,0.0,0.0,0.0,0,0.0,0.00568989043530711,25
9295.357438998,0.7400000000000005,0,1,0,0.0,0.0,0.0,0.0,0.0,0.0,0.0,0.0,0.0,0.0,0,0.0,0.005693537078414077,25
9295.367603156,0.7500000000000006,0,1,0,0.0,0.0,0.0,0.0,0.0,0.0,0.0,0.0,0.0,0.0,0,0.0,0.005697088655254685,30
9295.377317685,0.7600000000000006,0,1,0,0.0,0.0,0.0,0.0,0.0,0.0,0.0,0.0,0.0,0.0,0,0.0,0.0057005476197975235,30
9295.38731308,0.7700000000000006,0,1,0,0.0,0.0,0.0,0.0,0.0,0.0,0.0,0.0,0.0,0.0,0,0.0,0.005703916363867799,30
9295.399995977,0.7800000000000006,0,1,0,0.0,0.0,0.0,0.0,0.0,0.0,0.0,0.0,0.0,0.0,0,0.0,0.005707197218661874,31
9295.407309095,0.7900000000000006,0,1,0,0.0,0.0,0.0,0.0,0.0,0.0,0.0,0.0,0.0,0.0,0,0.0,0.005710392456227798,35
9295.41725719,0.8000000000000006,0,1,0,0.0,0.0,0.0,0.0,0.0,0.0,0.0,0.0,0.0,0.0,0,0.0,0.005713504290912477,35
9295.42727931,0.8100000000000006,0,1,0,0.0,0.0,0.0,0.0,0.0,0.0,0.0,0.0,0.0,0.0,0,0.0,0.005716534880776081,35
9295.437300336,0.8200000000000006,0,1,0,0.0,0.0,0.0,0.0,0.0,0.0,0.0,0.0,0.0,0.0,0,0.0,0.005719486328974297,39
9295.447332639,0.8300000000000006,0,1,0,0.0,0.0,0.0,0.0,0.0,0.0,0.0,0.0,0.0,0.0,0,0.0,0.005722360685109035,39
9295.457203445,0.8400000000000006,0,1,0,0.0,0.0,0.0,0.0,0.0,0.0,0.0,0.0,0.0,0.0,0,0.0,0.0057251599465481945,40
9295.471830702,0.8500000000000006,0,1,0,0.0,0.0,0.0,0.0,0.0,0.0,0.0,0.0,0.0,0.0,0,0.0,0.005727886059715068,44
9295.477402239,0.8600000000000007,0,1,0,0.0,0.0,0.0,0.0,0.0,0.0,0.0,0.0,0.0,0.0,0,0.0,0.005730540921347992,51
9295.487294606,0.8700000000000007,0,1,0,0.0,0.0,0.0,0.0,0.0,0.0,0.0,0.0,0.0,0.0,0,0.0,0.005733126379730814,51
9295.497311801,0.8800000000000007,0,1,0,0.0,0.0,0.0,0.0,0.0,0.0,0.0,0.0,0.0,0.0,0,0.0,0.005735644235894754,52
9295.5072967,0.8900000000000007,0,1,0,0.0,0.0,0.0,0.0,0.0,0.0,0.0,0.0,0.0,0.0,0,0.0,0.005738096244792243,55
9295.517223544,0.9000000000000007,0,1,0,0.0,0.0,0.0,0.0,0.0,0.0,0.0,0.0,0.0,0.0,0,0.0,0.005740484116443287,56
9295.527323413,0.9100000000000007,0,1,0,0.0,0.0,0.0,0.0,0.0,0.0,0.0,0.0,0.0,0.0,0,0.0,0.005742809517054933,57
9295.537189675,0.9200000000000007,0,1,0,0.0,0.0,0.0,0.0,0.0,0.0,0.0,0.0,0.0,0.0,0,0.0,0.005745074070114369,62
9295.547333832,0.9300000000000007,0,1,0,0.0,0.0,0.0,0.0,0.0,0.0,0.0,0.0,0.0,0.0,0,0.0,0.0057472793574562114,62
9295.55750111,0.9400000000000007,0,1,0,0.0,0.0,0.0,0.0,0.0,0.0,0.0,0.0,0.0,0.0,0,0.0,0.005749426920304515,63
9295.570286161,0.9500000000000007,0,1,0,0.0,0.0,0.0,0.0,0.0,0.0,0.0,0.0,0.0,0.0,0,0.0,0.005751518260290047,64
9295.577351035,0.9600000000000007,0,1,0,0.0,0.0,0.0,0.0,0.0,0.0,0.0,0.0,0.0,0.0,0,0.0,0.005753554840443318,68
9295.587394825,0.9700000000000008,0,1,0,0.0,0.0,0.0,0.0,0.0,0.0,0.0,0.0,0.0,0.0,0,0.0,0.005755538086163913,68
9295.59755882,0.9800000000000008,0,1,0,0.0,0.0,0.0,0.0,0.0,0.0,0.0,0.0,0.0,0.0,0,0.0,0.005757469386166609,68
9295.607255446,0.9900000000000008,0,1,0,0.0,0.0,0.0,0.0,0.0,0.0,0.0,0.0,0.0,0.0,0,0.0,0.0057593500934047925,72
9295.617282184,1.0000000000000007,0,1,0,0.0,0.0,0.0,0.0,0.0,0.0,0.0,0.0,0.0,0.0,0,0.0,0.005761181525971657,72
9295.627300833,1.0099999999999996,0,1,0,0.0,0.0,0.0,0.0,0.0,0.0,0.0,0.0,0.0,0.0,0,0.0,0.005762964967979673,72
9295.637614242,1.0199999999999985,0,1,0,0.0,0.0,0.0,0.0,0.0,0.0,0.0,0.0,0.0,0.0,0,0.0,0.005764701670418786,76
9295.647293734,1.0299999999999974,0,1,0,0.0,0.0,0.0,0.0,0.0,0.0,0.0,0.0,0.0,0.0,0,0.0,0.005766392851993848,77
9295.657270988,1.0399999999999963,0,1,0,0.0,0.0,0.0,0.0,0.0,0.0,0.0,0.0,0.0,0.0,0,0.0,0.0057680396999416975,78
9295.667303999,1.0499999999999952,0,1,0,0.0,0.0,0.0,0.0,0.0,0.0,0.0,0.0,0.0,0.0,0,0.0,0.005769643370828369,79
9295.677616625,1.059999999999994,0,1,0,0.0,0.0,0.0,0.0,0.0,0.0,0.0,0.0,0.0,0.0,0,0.0,0.005771204991326869,83
9295.687351772,1.069999999999993,0,1,0,0.0,0.0,0.0,0.0,0.0,0.0,0.0,0.0,0.0,0.0,0,0.0,0.005772725658975941,84
9295.697307268,1.0799999999999919,0,1,0,0.0,0.0,0.0,0.0,0.0,0.0,0.0,0.0,0.0,0.0,0,0.0,0.005774206442920276,84
9295.70732196,1.0899999999999908,0,1,0,0.0,0.0,0.0,0.0,0.0,0.0,0.0,0.0,0.0,0.0,0,0.0,0.005775648384632552,89
9295.717698876,1.0999999999999897,0,1,0,0.0,0.0,0.0,0.0,0.0,0.0,0.0,0.0,0.0,0.0,0,0.0,0.005777052498617756,92
9295.727271322,1.1099999999999886,0,1,0,0.0,0.0,0.0,0.0,0.0,0.0,0.0,0.0,0.0,0.0,0,0.0,0.005778419773100146,92
9295.739843734,1.1199999999999875,0,1,0,0.0,0.0,0.0,0.0,0.0,0.0,0.0,0.0,0.0,0.0,0,0.0,0.005779751170693301,94
9295.747418351,1.1299999999999863,0,1,0,0.0,0.0,0.0,0.0,0.0,0.0,0.0,0.0,0.0,0.0,0,0.0,0.005781047629053602,98
9295.757244517,1.1399999999999852,0,1,0,0.0,0.0,0.0,0.0,0.0,0.0,0.0,0.0,0.0,0.0,0,0.0,0.005782310061517564,98
9295.767320532,1.1499999999999841,0,1,0,0.0,0.0,0.0,0.0,0.0,0.0,0.0,0.0,0.0,0.0,0,0.0,0.005783539357723364,98
9295.77781025,1.159999999999983,0,1,0,0.0,0.0,0.0,0.0,0.0,0.0,0.0,0.0,0.0,0.0,0,0.0,0.005784736384216947,102
9295.787492456,1.169999999999982,0,1,0,0.0,0.0,0.0,0.0,0.0,0.0,0.0,0.0,0.0,0.0,0,0.0,0.005785901985043075,103
9295.797388816,1.1799999999999808,0,1,0,0.0,0.0,0.0,0.0,0.0,0.0,0.0,0.0,0.0,0.0,0,0.0,0.005787036982321657,105
9295.808280283,1.1899999999999797,0,1,0,0.0,0.0,0.0,0.0,0.0,0.0,0.0,0.0,0.0,0.0,0,0.0,0.005788142176809713,109
9295.817303573,1.1999999999999786,0,1,0,0.0,0.0,0.0,0.0,0.0,0.0,0.0,0.0,0.0,0.0,0,0.0,0.005789218348449308,111
9295.827316005,1.2099999999999775,0,1,0,0.0,0.0,0.0,0.0,0.0,0.0,0.0,0.0,0.0,0.0,0,0.0,0.005790266256901799,111
9295.837254828,1.2199999999999764,0,1,0,0.0,0.0,0.0,0.0,0.0,0.0,0.0,0.0,0.0,0.0,0,0.0,0.005791286642068696,111
9295.847374498,1.2299999999999753,0,1,0,0.0,0.0,0.0,0.0,0.0,0.0,0.0,0.0,0.0,0.0,0,0.0,0.0057922802245994765,116
9295.857360547,1.2399999999999742,0,1,0,0.0,0.0,0.0,0.0,0.0,0.0,0.0,0.0,0.0,0.0,0,0.0,0.005793247706386661,117
9295.867296232,1.2499999999999731,0,1,0,0.0,0.0,0.0,0.0,0.0,0.0,0.0,0.0,0.0,0.0,0,0.0,0.005794189771048435,118
9295.877321697,1.259999999999972,0,1,0,0.0,0.0,0.0,0.0,0.0,0.0,0.0,0.0,0.0,0.0,0,0.0,0.005795107084399147,122
9295.887345008,1.269999999999971,0,1,0,0.0,0.0,0.0,0.0,0.0,0.0,0.0,0.0,0.0,0.0,0,0.0,0.0057960002949079435,122
9295.897336976,1.2799999999999698,0,1,0,0.0,0.0,0.0,0.0,0.0,0.0,0.0,0.0,0.0,0.0,0,0.0,0.005796870034145843,123
9295.909008055,1.2899999999999687,0,1,0,0.0,0.0,0.0,0.0,0.0,0.0,0.0,0.0,0.0,0.0,0,0.0,0.00579771691722153,126
9295.917428737,1.2999999999999676,0,1,0,0.0,0.0,0.0,0.0,0.0,0.0,0.0,0.0,0.0,0.0,0,0.0,0.005798541543206137,129
9295.927330144,1.3099999999999665,0,1,0,0.0,0.0,0.0,0.0,0.0,0.0,0.0,0.0,0.0,0.0,0,0.0,0.005799344495547273,132
9295.937405898,1.3199999999999654,0,1,0,0.0,0.0,0.0,0.0,0.0,0.0,0.0,0.0,0.0,0.0,0,0.0,0.0058001263424725755,132
9295.947316531,1.3299999999999643,0,1,0,0.0,0.0,0.0,0.0,0.0,0.0,0.0,0.0,0.0,0.0,0,0.0,0.005800887637383025,136
9295.957289844,1.3399999999999632,0,1,0,0.0,0.0,0.0,0.0,0.0,0.0,0.0,0.0,0.0,0.0,0,0.0,0.005801628919236292,136
9295.967269381,1.3499999999999621,0,1,0,0.0,0.0,0.0,0.0,0.0,0.0,0.0,0.0,0.0,0.0,0,0.0,0.005802350712920339,136
9295.977450848,1.359999999999961,0,1,0,0.0,0.0,0.0,0.0,0.0,0.0,0.0,0.0,0.0,0.0,0,0.0,0.005803053529617535,141
9295.98751719,1.36999999999996,0,1,0,0.0,0.0,0.0,0.0,0.0,0.0,0.0,0.0,0.0,0.0,0,0.0,0.0058037378671594924,141
9295.997274478,1.3799999999999588,0,1,0,0.0,0.0,0.0,0.0,0.0,0.0,0.0,0.0,0.0,0.0,0,0.0,0.005804404210372877,142
9296.009908056,1.3899999999999577,0,1,0,0.0,0.0,0.0,0.0,0.0,0.0,0.0,0.0,0.0,0.0,0,0.0,0.0058050530314164035,144
9296.01724842,1.3999999999999566,0,1,0,0.0,0.0,0.0,0.0,0.0,0.0,0.0,0.0,0.0,0.0,0,0.0,0.005805684790109235,147
9296.027280388,1.4099999999999555,0,1,0,0.0,0.0,0.0,0.0,0.0,0.0,0.0,0.0,0.0,0.0,0,0.0,0.005806299934250996,147
9296.037270386,1.4199999999999544,0,1,0,0.0,0.0,0.0,0.0,0.0,0.0,0.0,0.0,0.0,0.0,0,0.0,0.005806898899933616,147
9296.04747454,1.4299999999999533,0,1,0,0.0,0.0,0.0,0.0,0.0,0.0,0.0,0.0,0.0,0.0,0,0.0,0.005807482111845191,151
9296.057240566,1.4399999999999522,0,1,0,0.0,0.0,0.0,0.0,0.0,0.0,0.0,0.0,0.0,0.0,0,0.0,0.0058080499835660715,151
9296.067343,1.449999999999951,0,1,0,0.0,0.0,0.0,0.0,0.0,0.0,0.0,0.0,0.0,0.0,0,0.0,0.005808602917857379,151
9296.07802846,1.45999999999995,0,1,0,0.0,0.0,0.0,0.0,0.0,0.0,0.0,0.0,0.0,0.0,0,0.0,0.005809141306942113,154
9296.087291705,1.469999999999949,0,1,0,0.0,0.0,0.0,0.0,0.0,0.0,0.0,0.0,0.0,0.0,0,0.0,0.005809665532779057,155
9296.097451842,1.4799999999999478,0,1,0,0.0,0.0,0.0,0.0,0.0,0.0,0.0,0.0,0.0,0.0,0,0.0,0.0058101759673296685,155
9296.107272674,1.4899999999999467,0,1,0,0.0,0.0,0.0,0.0,0.0,0.0,0.0,0.0,0.0,0.0,0,0.0,0.005810672972818086,155
9296.117796477,1.4999999999999456,0,1,0,0.0,0.0,0.0,0.0,0.0,0.0,0.0,0.0,0.0,0.0,0,0.0,0.005811156901984485,160
9296.12737141,1.5099999999999445,0,1,0,0.0,0.0,0.0,0.0,0.0,0.0,0.0,0.0,0.0,0.0,0,0.0,0.0058116280983319096,161
9296.137282381,1.5199999999999434,0,1,0,0.0,0.0,0.0,0.0,0.0,0.0,0.0,0.0,0.0,0.0,0,0.0,0.005812086896366748,162
9296.147531819,1.5299999999999423,0,1,0,0.0,0.0,0.0,0.0,0.0,0.0,0.0,0.0,0.0,0.0,0,0.0,0.005812533621833021,168
9296.157222743,1.5399999999999412,0,1,0,0.0,0.0,0.0,0.0,0.0,0.0,0.0,0.0,0.0,0.0,0,0.0,0.005812968591940642,168
9296.167283106,1.54999999999994,0,1,0,0.0,0.0,0.0,0.0,0.0,0.0,0.0,0.0,0.0,0.0,0,0.0,0.005813392115587792,168
9296.179578224,1.559999999999939,0,1,0,0.0,0.0,0.0,0.0,0.0,0.0,0.0,0.0,0.0,0.0,0,0.0,0.005813804493577553,170
9296.187261501,1.569999999999938,0,1,0,0.0,0.0,0.0,0.0,0.0,0.0,0.0,0.0,0.0,0.0,0,0.0,0.0058142060188289615,174
9296.197548148,1.5799999999999368,0,1,0,0.0,0.0,0.0,0.0,0.0,0.0,0.0,0.0,0.0,0.0,0,0.0,0.005814596976582612,175
9296.207493247,1.5899999999999357,0,1,0,0.0,0.0,0.0,0.0,0.0,0.0,0.0,0.0,0.0,0.0,0,0.0,0.005814977644600948,175
9296.217226392,1.5999999999999346,0,1,0,0.0,0.0,0.0,0.0,0.0,0.0,0.0,0.0,0.0,0.0,0,0.0,0.005815348293363375,179
9296.22725234,1.6099999999999335,0,1,0,0.0,0.0,0.0,0.0,0.0,0.0,0.0,0.0,0.0,0.0,0,0.0,0.005815709186256342,0
9296.237250256,1.6199999999999324,0,1,0,0.0,0.0,0.0,0.0,0.0,0.0,0.0,0.0,0.0,0.0,0,0.0,0.005816060579758493,0
9296.247401465,1.6299999999999313,0,1,0,0.0,0.0,0.0,0.0,0.0,0.0,0.0,0.0,0.0,0.0,0,0.0,0.005816402723621032,3
9296.257323609,1.6399999999999302,0,1,0,0.0,0.0,0.0,0.0,0.0,0.0,0.0,0.0,0.0,0.0,0,0.0,0.005816735861043424,4
9296.267456248,1.649999999999929,0,1,0,0.0,0.0,0.0,0.0,0.0,0.0,0.0,0.0,0.0,0.0,0,0.0,0.005817060228844534,5
9296.277601083,1.659999999999928,0,1,0,0.0,0.0,0.0,0.0,0.0,0.0,0.0,0.0,0.0,0.0,0,0.0,0.005817376057629348,7
9296.287296102,1.6699999999999269,0,1,0,0.0,0.0,0.0,0.0,0.0,0.0,0.0,0.0,0.0,0.0,0,0.0,0.005817683571951356,13
9296.297321677,1.6799999999999258,0,1,0,0.0,0.0,0.0,0.0,0.0,0.0,0.0,0.0,0.0,0.0,0,0.0,0.005817982990470733,14
9296.307261179,1.6899999999999247,0,1,0,0.0,0.0,0.0,0.0,0.0,0.0,0.0,0.0,0.0,0.0,0,0.0,0.005818274526108418,15
9296.317208806,1.6999999999999236,0,1,0,0.0,0.0,0.0,0.0,0.0,0.0,0.0,0.0,0.0,0.0,0,0.0,0.005818558386196187,20
9296.327220822,1.7099999999999225,0,1,0,0.0,0.0,0.0,0.0,0.0,0.0,0.0,0.0,0.0,0.0,0,0.0,0.005818834772622834,22
9296.337288362,1.7199999999999214,0,1,0,0.0,0.0,0.0,0.0,0.0,0.0,0.0,0.0,0.0,0.0,0,0.0,0.005819103881976558,22
9296.350585106,1.7299999999999203,0,1,0,0.0,0.0,0.0,0.0,0.0,0.0,0.0,0.0,0.0,0.0,0,0.0,0.005819365905683644,24
9296.357304056,1.7399999999999192,0,1,0,0.0,0.0,0.0,0.0,0.0,0.0,0.0,0.0,0.0,0.0,0,0.0,0.00581962103014355,28
9296.367288663,1.749999999999918,0,1,0,0.0,0.0,0.0,0.0,0.0,0.0,0.0,0.0,0.0,0.0,0,0.0,0.005819869436860468,28
9296.377537404,1.759999999999917,0,1,0,0.0,0.0,0.0,0.0,0.0,0.0,0.0,0.0,0.0,0.0,0,0.0,0.005820111302571475,30
9296.388328696,1.7699999999999159,0,1,0,0.0,0.0,0.0,0.0,0.0,0.0,0.0,0.0,0.0,0.0,0,0.0,0.005820346799371346,37
9296.397500605,1.7799999999999148,0,1,0,0.0,0.0,0.0,0.0,0.0,0.0,0.0,0.0,0.0,0.0,0,0.0,0.005820576094834116,40
9296.407302675,1.7899999999999137,0,1,0,0.0,0.0,0.0,0.0,0.0,0.0,0.0,0.0,0.0,0.0,0,0.0,0.005820799352131482,40
9296.418853835,1.7999999999999126,0,1,0,0.0,0.0,0.0,0.0,0.0,0.0,0.0,0.0,0.0,0.0,0,0.0,0.005821016730148117,43
9296.42730474,1.8099999999999115,0,1,0,0.0,0.0,0.0,0.0,0.0,0.0,0.0,0.0,0.0,0.0,0,0.0,0.0058212283835939885,46
9296.437430245,1.8199999999999104,0,1,0,0.0,0.0,0.0,0.0,0.0,0.0,0.0,0.0,0.0,0.0,0,0.0,0.0058214344631137395,47
9296.44753374,1.8299999999999093,0,1,0,0.0,0.0,0.0,0.0,0.0,0.0,0.0,0.0,0.0,0.0,0,0.0,0.0058216351153932274,49
9296.459018547,1.8399999999999082,0,1,0,0.0,0.0,0.0,0.0,0.0,0.0,0.0,0.0,0.0,0.0,0,0.0,0.005821830483263278,57
9296.467648185,1.849999999999907,0,1,0,0.0,0.0,0.0,0.0,0.0,0.0,0.0,0.0,0.0,0.0,0,0.0,0.005822020705800745,62
9296.477286711,1.859999999999906,0,1,0,0.0,0.0,0.0,0.0,0.0,0.0,0.0,0.0,0.0,0.0,0,0.0,0.005822205918426916,63
9296.489183859,1.8699999999999048,0,1,0,0.0,0.0,0.0,0.0,0.0,0.0,0.0,0.0,0.0,0.0,0,0.0,0.005822386253003375,68
9296.497277164,1.8799999999999037,0,1,0,0.0,0.0,0.0,0.0,0.0,0.0,0.0,0.0,0.0,0.0,0,0.0,0.005822561837925336,71
9296.507412226,1.8899999999999026,0,1,0,0.0,0.0,0.0,0.0,0.0,0.0,0.0,0.0,0.0,0.0,0,0.0,0.005822732798212564,73
9296.517839496,1.8999999999999015,0,1,0,0.0,0.0,0.0,0.0,0.0,0.0,0.0,0.0,0.0,0.0,0,0.0,0.005822899255597908,74
9296.527843024,1.9099999999999004,0,1,0,0.0,0.0,0.0,0.0,0.0,0.0,0.0,0.0,0.0,0.0,0,0.0,0.005823061328613527,84
9296.537458822,1.9199999999998993,0,1,0,0.0,0.0,0.0,0.0,0.0,0.0,0.0,0.0,0.0,0.0,0,0.0,0.005823219132674857,84
9296.547346666,1.9299999999998982,0,1,0,0.0,0.0,0.0,0.0,0.0,0.0,0.0,0.0,0.0,0.0,0,0.0,0.0058233727801623985,84
9296.557243261,1.9399999999998971,0,1,0,0.0,0.0,0.0,0.0,0.0,0.0,0.0,0.0,0.0,0.0,0,0.0,0.005823522380501354,87
9296.567448619,1.949999999999896,0,1,0,0.0,0.0,0.0,0.0,0.0,0.0,0.0,0.0,0.0,0.0,0,0.0,0.005823668040239185,87
9296.577199669,1.959999999999895,0,1,0,0.0,0.0,0.0,0.0,0.0,0.0,0.0,0.0,0.0,0.0,0,0.0,0.00582380986312115,87
9296.58902754,1.9699999999998938,0,1,0,0.0,0.0,0.0,0.0,0.0,0.0,0.0,0.0,0.0,0.0,0,0.0,0.0058239479501638585,89
9296.597301888,1.9799999999998927,0,1,0,0.0,0.0,0.0,0.0,0.0,0.0,0.0,0.0,0.0,0.0,0,0.0,0.005824082399726902,91
9296.607442141,1.9899999999998916,0,1,0,0.0,0.0,0.0,0.0,0.0,0.0,0.0,0.0,0.0,0.0,0,0.0,0.005824213307582619,92
9296.617241754,1.9999999999998905,0,1,0,0.0,0.0,0.0,0.0,0.0,0.0,0.0,0.0,0.0,0.0,0,0.0,0.005824340766984022,92
9296.627266822,2.0099999999998897,0,1,0,0.0,0.0,0.0,0.0,0.0,0.0,0.0,0.0,0.0,0.0,0,0.0,0.00582446486873096,97
9296.637239037,2.0199999999998886,0,1,0,0.0,0.0,0.0,0.0,0.0,0.0,0.0,0.0,0.0,0.0,0,0.0,0.0058245857012345454,98
9296.64729916,2.0299999999998875,0,1,0,0.0,0.0,0.0,0.0,0.0,0.0,0.0,0.0,0.0,0.0,0,0.0,0.0058247033505798825,98
9296.658424384,2.0399999999998863,0,1,0,0.0,0.0,0.0,0.0,0.0,0.0,0.0,0.0,0.0,0.0,0,0.0,0.005824817900587173,102
9296.667550548,2.0499999999998852,0,1,0,0.0,0.0,0.0,0.0,0.0,0.0,0.0,0.0,0.0,0.0,0,0.0,0.0058249294328712115,103
9296.677530426,2.059999999999884,0,1,0,0.0,0.0,0.0,0.0,0.0,0.0,0.0,0.0,0.0,0.0,0,0.0,0.005825038026899319,107
9296.690682032,2.069999999999883,0,1,0,0.0,0.0,0.0,0.0,0.0,0.0,0.0,0.0,0.0,0.0,0,0.0,0.005825143760047766,109
9296.697279825,2.079999999999882,0,1,0,0.0,0.0,0.0,0.0,0.0,0.0,0.0,0.0,0.0,0.0,0,0.0,0.005825246707656712,113
9296.707258334,2.089999999999881,0,1,0,0.0,0.0,0.0,0.0,0.0,0.0,0.0,0.0,0.0,0.0,0,0.0,0.005825346943083713,114
9296.717285455,2.0999999999998797,0,1,0,0.0,0.0,0.0,0.0,0.0,0.0,0.0,0.0,0.0,0.0,0,0.0,0.005825444537755819,114
9296.727291691,2.1099999999998786,0,1,0,0.0,0.0,0.0,0.0,0.0,0.0,0.0,0.0,0.0,0.0,0,0.0,0.005825539561220309,119
9296.737440268,2.1199999999998775,0,1,0,0.0,0.0,0.0,0.0,0.0,0.0,0.0,0.0,0.0,0.0,0,0.0,0.0058256320811941,119
9296.747713703,2.1299999999998764,0,1,0,0.0,0.0,0.0,0.0,0.0,0.0,0.0,0.0,0.0,0.0,0,0.0,0.0058257221636118465,119
9296.758151326,2.1399999999998753,0,1,0,0.0,0.0,0.0,0.0,0.0,0.0,0.0,0.0,0.0,0.0,0,0.0,0.005825809872672802,122
9296.767317146,2.1499999999998742,0,1,0,0.0,0.0,0.0,0.0,0.0,0.0,0.0,0.0,0.0,0.0,0,0.0,0.005825895270886429,123
9296.777457166,2.159999999999873,0,1,0,0.0,0.0,0.0,0.0,0.0,0.0,0.0,0.0,0.0,0.0,0,0.0,0.005825978419116834,123
9296.787490548,2.169999999999872,0,1,0,0.0,0.0,0.0,0.0,0.0,0.0,0.0,0.0,0.0,0.0,0,0.0,0.005826059376626013,124
9296.797233645,2.179999999999871,0,1,0,0.0,0.0,0.0,0.0,0.0,0.0,0.0,0.0,0.0,0.0,0,0.0,0.00582613820111598,128
9296.807435004,2.18999999999987,0,1,0,0.0,0.0,0.0,0.0,0.0,0.0,0.0,0.0,0.0,0.0,0,0.0,0.005826214948769786,128
9296.817284229,2.1999999999998687,0,1,0,0.0,0.0,0.0,0.0,0.0,0.0,0.0,0.0,0.0,0.0,0,0.0,0.005826289674291467,128
9296.82726955,2.2099999999998676,0,1,0,0.0,0.0,0.0,0.0,0.0,0.0,0.0,0.0,0.0,0.0,0,0.0,0.005826362430944929,131
9296.837280054,2.2199999999998665,0,1,0,0.0,0.0,0.0,0.0,0.0,0.0,0.0,0.0,0.0,0.0,0,0.0,0.005826433270591821,131
9296.847359798,2.2299999999998654,0,1,0,0.0,0.0,0.0,0.0,0.0,0.0,0.0,0.0,0.0,0.0,0,0.0,0.005826502243728421,131
9296.860534021,2.2399999999998643,0,1,0,0.0,0.0,0.0,0.0,0.0,0.0,0.0,0.0,0.0,0.0,0,0.0,0.005826569399521545,132
9296.867289713,2.249999999999863,0,1,0,0.0,0.0,0.0,0.0,0.0,0.0,0.0,0.0,0.0,0.0,0,0.0,0.0058266347858435185,136
9296.877748659,2.259999999999862,0,1,0,0.0,0.0,0.0,0.0,0.0,0.0,0.0,0.0,0.0,0.0,0,0.0,0.005826698449306215,137
9296.887782136,2.269999999999861,0,1,0,0.0,0.0,0.0,0.0,0.0,0.0,0.0,0.0,0.0,0.0,0,0.0,0.005826760435294223,138
9296.903390228,2.27999999999986,0,1,0,0.0,0.0,0.0,0.0,0.0,0.0,0.0,0.0,0.0,0.0,0,0.0,0.005826820787997131,140
9296.913109502,2.289999999999859,0,1,0,0.0,0.0,0.0,0.0,0.0,0.0,0.0,0.0,0.0,0.0,0,0.0,0.005826879550440963,140
9296.923305339,2.2999999999998577,0,1,0,0.0,0.0,0.0,0.0,0.0,0.0,0.0,0.0,0.0,0.0,0,0.0,0.005826936764518787,140
9296.938082997,2.3099999999998566,0,1,0,0.0,0.0,0.0,0.0,0.0,0.0,0.0,0.0,0.0,0.0,0,0.0,0.005826992471020532,141
9296.948081717,2.3199999999998555,0,1,0,0.0,0.0,0.0,0.0,0.0,0.0,0.0,0.0,0.0,0.0,0,0.0,0.005827046709662002,141
9296.957998239,2.3299999999998544,0,1,0,0.0,0.0,0.0,0.0,0.0,0.0,0.0,0.0,0.0,0.0,0,0.0,0.005827099519113149,141
9296.968063296,2.3399999999998533,0,1,0,0.0,0.0,0.0,0.0,0.0,0.0,0.0,0.0,0.0,0.0,0,0.0,0.005827150937025587,145
9296.978013882,2.349999999999852,0,1,0,0.0,0.0,0.0,0.0,0.0,0.0,0.0,0.0,0.0,0.0,0,0.0,0.005827201000059388,145
9296.988039623,2.359999999999851,0,1,0,0.0,0.0,0.0,0.0,0.0,0.0,0.0,0.0,0.0,0.0,0,0.0,0.005827249743909178,145
9296.998080276,2.36999999999985,0,1,0,0.0,0.0,0.0,0.0,0.0,0.0,0.0,0.0,0.0,0.0,0,0.0,0.005827297203329544,149
9297.0080503,2.379999999999849,0,1,0,0.0,0.0,0.0,0.0,0.0,0.0,0.0,0.0,0.0,0.0,0,0.0,0.005827343412159769,149
9297.018029333,2.389999999999848,0,1,0,0.0,0.0,0.0,0.0,0.0,0.0,0.0,0.0,0.0,0.0,0,0.0,0.005827388403347927,149
9297.030350622,2.3999999999998467,0,1,0,0.0,0.0,0.0,0.0,0.0,0.0,0.0,0.0,0.0,0.0,0,0.0,0.005827432208974336,150
9297.038054855,2.4099999999998456,0,1,0,0.0,0.0,0.0,0.0,0.0,0.0,0.0,0.0,0.0,0.0,0,0.0,0.005827474860274394,153
9297.048158446,2.4199999999998445,0,1,0,0.0,0.0,0.0,0.0,0.0,0.0,0.0,0.0,0.0,0.0,0,0.0,0.005827516387660826,153
9297.058190127,2.4299999999998434,0,1,0,0.0,0.0,0.0,0.0,0.0,0.0,0.0,0.0,0.0,0.0,0,0.0,0.0058275568207453304,153
9297.068150689,2.4399999999998423,0,1,0,0.0,0.0,0.0,0.0,0.0,0.0,0.0,0.0,0.0,0.0,0,0.0,0.005827596188359675,157
9297.078035583,2.449999999999841,0,1,0,0.0,0.0,0.0,0.0,0.0,0.0,0.0,0.0,0.0,0.0,0,0.0,0.005827634518576209,157
9297.088024878,2.45999999999984,0,1,0,0.0,0.0,0.0,0.0,0.0,0.0,0.0,0.0,0.0,0.0,0,0.0,0.005827671838727871,157
9297.098193165,2.469999999999839,0,1,0,0.0,0.0,0.0,0.0,0.0,0.0,0.0,0.0,0.0,0.0,0,0.0,0.005827708175427649,160
9297.108103588,2.479999999999838,0,1,0,0.0,0.0,0.0,0.0,0.0,0.0,0.0,0.0,0.0,0.0,0,0.0,0.005827743554587529,160
9297.118224528,2.489999999999837,0,1,0,0.0,0.0,0.0,0.0,0.0,0.0,0.0,0.0,0.0,0.0,0,0.0,0.005827778001436958,162
9297.128271825,2.4999999999998357,0,1,0,0.0,0.0,0.0,0.0,0.0,0.0,0.0,0.0,0.0,0.0,0,0.0,0.0058278115405408035,164
9297.139381611,2.5099999999998346,0,1,0,0.0,0.0,0.0,0.0,0.0,0.0,0.0,0.0,0.0,0.0,0,0.0,0.005827844195816862,173
9297.148209588,2.5199999999998335,0,1,0,0.0,0.0,0.0,0.0,0.0,0.0,0.0,0.0,0.0,0.0,0,0.0,0.0058278759905528894,178
9297.158074729,2.5299999999998324,0,1,0,0.0,0.0,0.0,0.0,0.0,0.0,0.0,0.0,0.0,0.0,0,0.0,0.005827906947423184,178
9297.167976499,2.5399999999998313,0,1,0,0.0,0.0,0.0,0.0,0.0,0.0,0.0,0.0,0.0,0.0,0,0.0,0.005827937088504746,182
9297.178016337,2.54999999999983,0,1,0,0.0,0.0,0.0,0.0,0.0,0.0,0.0,0.0,0.0,0.0,0,0.0,0.005827966435293006,182
9297.187959458,2.559999999999829,0,1,0,0.0,0.0,0.0,0.0,0.0,0.0,0.0,0.0,0.0,0.0,0,0.0,0.005827995008717133,182
9297.200822854,2.569999999999828,0,1,0,0.0,0.0,0.0,0.0,0.0,0.0,0.0,0.0,0.0,0.0,0,0.0,0.005828022829154949,183
9297.207989988,2.579999999999827,0,1,0,0.0,0.0,0.0,0.0,0.0,0.0,0.0,0.0,0.0,0.0,0,0.0,0.005828049916447445,186
9297.218047077,2.5899999999998258,0,1,0,0.0,0.0,0.0,0.0,0.0,0.0,0.0,0.0,0.0,0.0,0,0.0,0.00582807628991292,186
9297.227963402,2.5999999999998247,0,1,0,0.0,0.0,0.0,0.0,0.0,0.0,0.0,0.0,0.0,0.0,0,0.0,0.00582810196836074,0
9297.237970441,2.6099999999998236,0,1,0,0.0,0.0,0.0,0.0,0.0,0.0,0.0,0.0,0.0,0.0,0,0.0,0.0058281269701047494,4
9297.247979003,2.6199999999998225,0,1,0,0.0,0.0,0.0,0.0,0.0,0.0,0.0,0.0,0.0,0.0,0,0.0,0.005828151312976308,4
9297.258007775,2.6299999999998214,0,1,0,0.0,0.0,0.0,0.0,0.0,0.0,0.0,0.0,0.0,0.0,0,0.0,0.005828175014337006,4
9297.268792222,2.6399999999998203,0,1,0,0.0,0.0,0.0,0.0,0.0,0.0,0.0,0.0,0.0,0.0,0,0.0,0.005828198091091035,8
9297.277981768,2.649999999999819,0,1,0,0.0,0.0,0.0,0.0,0.0,0.0,0.0,0.0,0.0,0.0,0,0.0,0.005828220559697232,9
9297.288014761,2.659999999999818,0,1,0,0.0,0.0,0.0,0.0,0.0,0.0,0.0,0.0,0.0,0.0,0,0.0,0.005828242436180812,9
9297.298006952,2.669999999999817,0,1,0,0.0,0.0,0.0,0.0,0.0,0.0,0.0,0.0,0.0,0.0,0,0.0,0.005828263736144779,9
9297.308141895,2.679999999999816,0,1,0,0.0,0.0,0.0,0.0,0.0,0.0,0.0,0.0,0.0,0.0,0,0.0,0.005828284474781059,15
9297.318025426,2.6899999999998148,0,1,0,0.0,0.0,0.0,0.0,0.0,0.0,0.0,0.0,0.0,0.0,0,0.0,0.005828304666881317,15
9297.328023347,2.6999999999998137,0,1,0,0.0,0.0,0.0,0.0,0.0,0.0,0.0,0.0,0.0,0.0,0,0.0,0.005828324326847506,15
9297.338905207,2.7099999999998126,0,1,0,0.0,0.0,0.0,0.0,0.0,0.0,0.0,0.0,0.0,0.0,0,0.0,0.005828343468702124,21
9297.348429813,2.7199999999998115,0,1,0,0.0,0.0,0.0,0.0,0.0,0.0,0.0,0.0,0.0,0.0,0,0.0,0.005828362106098213,23
9297.358090167,2.7299999999998104,0,1,0,0.0,0.0,0.0,0.0,0.0,0.0,0.0,0.0,0.0,0.0,0,0.0,0.005828380252329096,23
9297.373570806,2.7399999999998093,0,1,0,0.0,0.0,0.0,0.0,0.0,0.0,0.0,0.0,0.0,0.0,0,0.0,0.005828397920337841,25
9297.383429409,2.749999999999808,0,1,0,0.0,0.0,0.0,0.0,0.0,0.0,0.0,0.0,0.0,0.0,0,0.0,0.005828415122726492,25
9297.393742078,2.759999999999807,0,1,0,0.0,0.0,0.0,0.0,0.0,0.0,0.0,0.0,0.0,0.0,0,0.0,0.005828431871765057,26
9297.404449208,2.769999999999806,0,1,0,0.0,0.0,0.0,0.0,0.0,0.0,0.0,0.0,0.0,0.0,0,0.0,0.005828448179400243,29
9297.413763478,2.779999999999805,0,1,0,0.0,0.0,0.0,0.0,0.0,0.0,0.0,0.0,0.0,0.0,0,0.0,0.005828464057263982,30
9297.423646931,2.7899999999998037,0,1,0,0.0,0.0,0.0,0.0,0.0,0.0,0.0,0.0,0.0,0.0,0,0.0,0.005828479516681718,30
9297.433618836,2.7999999999998026,0,1,0,0.0,0.0,0.0,0.0,0.0,0.0,0.0,0.0,0.0,0.0,0,0.0,0.005828494568680481,30
9297.443667111,2.8099999999998015,0,1,0,0.0,0.0,0.0,0.0,0.0,0.0,0.0,0.0,0.0,0.0,0,0.0,0.005828509223996753,34
9297.453832746,2.8199999999998004,0,1,0,0.0,0.0,0.0,0.0,0.0,0.0,0.0,0.0,0.0,0.0,0,0.0,0.005828523493084115,34
9297.463995742,2.8299999999997993,0,1,0,0.0,0.0,0.0,0.0,0.0,0.0,0.0,0.0,0.0,0.0,0,0.0,0.0058285373861207005,35
9297.474021086,2.8399999999997982,0,1,0,0.0,0.0,0.0,0.0,0.0,0.0,0.0,0.0,0.0,0.0,0,0.0,0.005828550913016457,40
9297.483863308,2.849999999999797,0,1,0,0.0,0.0,0.0,0.0,0.0,0.0,0.0,0.0,0.0,0.0,0,0.0,0.0058285640834202,43
9297.49400978,2.859999999999796,0,1,0,0.0,0.0,0.0,0.0,0.0,0.0,0.0,0.0,0.0,0.0,0,0.0,0.00582857690672651,44
9297.503972908,2.869999999999795,0,1,0,0.0,0.0,0.0,0.0,0.0,0.0,0.0,0.0,0.0,0.0,0,0.0,0.005828589392082414,45
9297.513843337,2.879999999999794,0,1,0,0.0,0.0,0.0,0.0,0.0,0.0,0.0,0.0,0.0,0.0,0,0.0,0.005828601548393915,50
9297.524123401,2.8899999999997927,0,1,0,0.0,0.0,0.0,0.0,0.0,0.0,0.0,0.0,0.0,0.0,0,0.0,0.0058286133843323375,50
9297.533982524,2.8999999999997916,0,1,0,0.0,0.0,0.0,0.0,0.0,0.0,0.0,0.0,0.0,0.0,0,0.0,0.005828624908340515,51
9297.543846977,2.9099999999997905,0,1,0,0.0,0.0,0.0,0.0,0.0,0.0,0.0,0.0,0.0,0.0,0,0.0,0.0058286361286388096,56
9297.553680958,2.9199999999997894,0,1,0,0.0,0.0,0.0,0.0,0.0,0.0,0.0,0.0,0.0,0.0,0,0.0,0.005828647053230966,57
9297.56351118,2.9299999999997883,0,1,0,0.0,0.0,0.0,0.0,0.0,0.0,0.0,0.0,0.0,0.0,0,0.0,0.005828657689909825,57
9297.574969231,2.9399999999997872,0,1,0,0.0,0.0,0.0,0.0,0.0,0.0,0.0,0.0,0.0,0.0,0,0.0,0.00582866804626288,59
9297.583983735,2.949999999999786,0,1,0,0.0,0.0,0.0,0.0,0.0,0.0,0.0,0.0,0.0,0.0,0,0.0,0.005828678129677686,62
9297.593399962,2.959999999999785,0,1,0,0.0,0.0,0.0,0.0,0.0,0.0,0.0,0.0,0.0,0.0,0,0.0,0.005828687947347123,64
9297.603790157,2.969999999999784,0,1,0,0.0,0.0,0.0,0.0,0.0,0.0,0.0,0.0,0.0,0.0,0,0.0,0.005828697506274534,65
9297.613903758,2.979999999999783,0,1,0,0.0,0.0,0.0,0.0,0.0,0.0,0.0,0.0,0.0,0.0,0,0.0,0.005828706813278713,69
9297.623499722,2.9899999999997817,0,1,0,0.0,0.0,0.0,0.0,0.0,0.0,0.0,0.0,0.0,0.0,0,0.0,0.005828715874998765,70
9297.633586951,2.9999999999997806,0,1,0,0.0,0.0,0.0,0.0,0.0,0.0,0.0,0.0,0.0,0.0,0,0.0,0.005828724697898847,71
9297.643738773,3.0099999999997795,0,1,0,0.0,0.0,0.0,0.0,0.0,0.0,0.0,0.0,0.0,0.0,0,0.0,0.005828733288272771,75
9297.653670072,3.0199999999997784,0,1,0,0.0,0.0,0.0,0.0,0.0,0.0,0.0,0.0,0.0,0.0,0,0.0,0.0058287416522484975,75
9297.663649344,3.0299999999997773,0,1,0,0.0,0.0,0.0,0.0,0.0,0.0,0.0,0.0,0.0,0.0,0,0.0,0.005828749795792502,75
9297.673573127,3.039999999999776,0,1,0,0.0,0.0,0.0,0.0,0.0,0.0,0.0,0.0,0.0,0.0,0,0.0,0.005828757724714029,75
9297.683703024,3.049999999999775,0,1,0,0.0,0.0,0.0,0.0,0.0,0.0,0.0,0.0,0.0,0.0,0,0.0,0.005828765444669242,79
9297.694104991,3.059999999999774,0,1,0,0.0,0.0,0.0,0.0,0.0,0.0,0.0,0.0,0.0,0.0,0,0.0,0.00582877296116525,79
9297.70365491,3.069999999999773,0,1,0,0.0,0.0,0.0,0.0,0.0,0.0,0.0,0.0,0.0,0.0,0,0.0,0.005828780279564037,80
9297.71362267,3.079999999999772,0,1,0,0.0,0.0,0.0,0.0,0.0,0.0,0.0,0.0,0.0,0.0,0,0.0,0.005828787405086284,84
9297.723834886,3.0899999999997707,0,1,0,0.0,0.0,0.0,0.0,0.0,0.0,0.0,0.0,0.0,0.0,0,0.0,0.0058287943428150975,84
9297.733852632,3.0999999999997696,0,1,0,0.0,0.0,0.0,0.0,0.0,0.0,0.0,0.0,0.0,0.0,0,0.0,0.005828801097699624,84
9297.74570497,3.1099999999997685,0,1,0,0.0,0.0,0.0,0.0,0.0,0.0,0.0,0.0,0.0,0.0,0,0.0,0.005828807674558591,86
9297.753499846,3.1199999999997674,0,1,0,0.0,0.0,0.0,0.0,0.0,0.0,0.0,0.0,0.0,0.0,0,0.0,0.005828814078083741,89
9297.763735552,3.1299999999997663,0,1,0,0.0,0.0,0.0,0.0,0.0,0.0,0.0,0.0,0.0,0.0,0,0.0,0.005828820312843173,89
9297.773571627,3.139999999999765,0,1,0,0.0,0.0,0.0,0.0,0.0,0.0,0.0,0.0,0.0,0.0,0,0.0,0.005828826383284607,89
9297.783853416,3.149999999999764,0,1,0,0.0,0.0,0.0,0.0,0.0,0.0,0.0,0.0,0.0,0.0,0,0.0,0.005828832293738548,94
9297.793677664,3.159999999999763,0,1,0,0.0,0.0,0.0,0.0,0.0,0.0,0.0,0.0,0.0,0.0,0,0.0,0.005828838048421381,95
9297.803648942,3.169999999999762,0,1,0,0.0,0.0,0.0,0.0,0.0,0.0,0.0,0.0,0.0,0.0,0,0.0,0.005828843651438375,95
9297.8133696,3.179999999999761,0,1,0,0.0,0.0,0.0,0.0,0.0,0.0,0.0,0.0,0.0,0.0,0,0.0,0.005828849106786613,98
9297.823370327,3.1899999999997597,0,1,0,0.0,0.0,0.0,0.0,0.0,0.0,0.0,0.0,0.0,0.0,0,0.0,0.00582885441835784,98
9297.83348836,3.1999999999997586,0,1,0,0.0,0.0,0.0,0.0,0.0,0.0,0.0,0.0,0.0,0.0,0,0.0,0.005828859589941245,98
9297.843554797,3.2099999999997575,0,1,0,0.0,0.0,0.0,0.0,0.0,0.0,0.0,0.0,0.0,0.0,0,0.0,0.005828864625226153,98
9297.853663124,3.2199999999997564,0,1,0,0.0,0.0,0.0,0.0,0.0,0.0,0.0,0.0,0.0,0.0,0,0.0,0.0058288695278046684,101
9297.863878627,3.2299999999997553,0,1,0,0.0,0.0,0.0,0.0,0.0,0.0,0.0,0.0,0.0,0.0,0,0.0,0.0058288743011742266,101
9297.874186115,3.239999999999754,0,1,0,0.0,0.0,0.0,0.0,0.0,0.0,0.0,0.0,0.0,0.0,0,0.0,0.005828878948740097,102
9297.884333886,3.249999999999753,0,1,0,0.0,0.0,0.0,0.0,0.0,0.0,0.0,0.0,0.0,0.0,0,0.0,0.005828883473817802,107
9297.893807383,3.259999999999752,0,1,0,0.0,0.0,0.0,0.0,0.0,0.0,0.0,0.0,0.0,0.0,0,0.0,0.005828887879635492,109
9297.904322873,3.269999999999751,0,1,0,0.0,0.0,0.0,0.0,0.0,0.0,0.0,0.0,0.0,0.0,0,0.0,0.005828892169336243,110
9297.918480867,3.27999999999975,0,1,0,0.0,0.0,0.0,0.0,0.0,0.0,0.0,0.0,0.0,0.0,0,0.0,0.0058288963459803,114
9297.928810866,3.2899999999997487,0,1,0,0.0,0.0,0.0,0.0,0.0,0.0,0.0,0.0,0.0,0.0,0,0.0,0.005828900412547257,115
9297.938500702,3.2999999999997476,0,1,0,0.0,0.0,0.0,0.0,0.0,0.0,0.0,0.0,0.0,0.0,0,0.0,0.005828904371938184,117
9297.949794012,3.3099999999997465,0,1,0,0.0,0.0,0.0,0.0,0.0,0.0,0.0,0.0,0.0,0.0,0,0.0,0.005828908226977698,120
9297.958391465,3.3199999999997454,0,1,0,0.0,0.0,0.0,0.0,0.0,0.0,0.0,0.0,0.0,0.0,0,0.0,0.005828911980415975,122
9297.968809603,3.3299999999997443,0,1,0,0.0,0.0,0.0,0.0,0.0,0.0,0.0,0.0,0.0,0.0,0,0.0,0.005828915634930713,123
9297.978484593,3.339999999999743,0,1,0,0.0,0.0,0.0,0.0,0.0,0.0,0.0,0.0,0.0,0.0,0,0.0,0.0058289191931290415,123
9297.988613705,3.349999999999742,0,1,0,0.0,0.0,0.0,0.0,0.0,0.0,0.0,0.0,0.0,0.0,0,0.0,0.005828922657549381,127
9297.998402723,3.359999999999741,0,1,0,0.0,0.0,0.0,0.0,0.0,0.0,0.0,0.0,0.0,0.0,0,0.0,0.005828926030663254,127
9298.008457553,3.36999999999974,0,1,0,0.0,0.0,0.0,0.0,0.0,0.0,0.0,0.0,0.0,0.0,0,0.0,0.005828929314877047,128
9298.018286755,3.3799999999997388,0,1,0,0.0,0.0,0.0,0.0,0.0,0.0,0.0,0.0,0.0,0.0,0,0.0,0.005828932512533731,132
9298.028555756,3.3899999999997377,0,1,0,0.0,0.0,0.0,0.0,0.0,0.0,0.0,0.0,0.0,0.0,0,0.0,0.0058289356259145254,132
9298.038529801,3.3999999999997366,0,1,0,0.0,0.0,0.0,0.0,0.0,0.0,0.0,0.0,0.0,0.0,0,0.0,0.005828938657240537,133
9298.050973404,3.4099999999997355,0,1,0,0.0,0.0,0.0,0.0,0.0,0.0,0.0,0.0,0.0,0.0,0,0.0,0.005828941608674326,134
9298.058554241,3.4199999999997344,0,1,0,0.0,0.0,0.0,0.0,0.0,0.0,0.0,0.0,0.0,0.0,0,0.0,0.0058289444823214675,137
9298.06835548,3.4299999999997333,0,1,0,0.0,0.0,0.0,0.0,0.0,0.0,0.0,0.0,0.0,0.0,0,0.0,0.0058289472802320426,137
9298.078500423,3.439999999999732,0,1,0,0.0,0.0,0.0,0.0,0.0,0.0,0.0,0.0,0.0,0.0,0,0.0,0.005828950004402106,137
9298.088452771,3.449999999999731,0,1,0,0.0,0.0,0.0,0.0,0.0,0.0,0.0,0.0,0.0,0.0,0,0.0,0.005828952656775104,143
9298.098466723,3.45999999999973,0,1,0,0.0,0.0,0.0,0.0,0.0,0.0,0.0,0.0,0.0,0.0,0,0.0,0.0058289552392432635,144
9298.108504988,3.469999999999729,0,1,0,0.0,0.0,0.0,0.0,0.0,0.0,0.0,0.0,0.0,0.0,0,0.0,0.005828957753648948,144
9298.119659565,3.4799999999997278,0,1,0,0.0,0.0,0.0,0.0,0.0,0.0,0.0,0.0,0.0,0.0,0,0.0,0.005828960201785961,148
9298.128374163,3.4899999999997267,0,1,0,0.0,0.0,0.0,0.0,0.0,0.0,0.0,0.0,0.0,0.0,0,0.0,0.005828962585400833,149
9298.13847928,3.4999999999997256,0,1,0,0.0,0.0,0.0,0.0,0.0,0.0,0.0,0.0,0.0,0.0,0,0.0,0.005828964906194062,149
9298.148459441,3.5099999999997245,0,1,0,0.0,0.0,0.0,0.0,0.0,0.0,0.0,0.0,0.0,0.0,0,0.0,0.005828967165821336,149
9298.158478244,3.5199999999997234,0,1,0,0.0,0.0,0.0,0.0,0.0,0.0,0.0,0.0,0.0,0.0,0,0.0,0.005828969365894701,154
9298.168454534,3.5299999999997222,0,1,0,0.0,0.0,0.0,0.0,0.0,0.0,0.0,0.0,0.0,0.0,0,0.0,0.0058289715079837216,155
9298.178507343,3.539999999999721,0,1,0,0.0,0.0,0.0,0.0,0.0,0.0,0.0,0.0,0.0,0.0,0,0.0,0.0058289735936166,155
9298.188364598,3.54999999999972,0,1,0,0.0,0.0,0.0,0.0,0.0,0.0,0.0,0.0,0.0,0.0,0,0.0,0.005828975624281256,160
9298.198540071,3.559999999999719,0,1,0,0.0,0.0,0.0,0.0,0.0,0.0,0.0,0.0,0.0,0.0,0,0.0,0.0058289776014264,160
9298.208710324,3.569999999999718,0,1,0,0.0,0.0,0.0,0.0,0.0,0.0,0.0,0.0,0.0,0.0,0,0.0,0.00582897952646256,161
9298.220768974,3.5799999999997167,0,1,0,0.0,0.0,0.0,0.0,0.0,0.0,0.0,0.0,0.0,0.0,0,0.0,0.0058289814007630916,164
9298.228258943,3.5899999999997156,0,1,0,0.0,0.0,0.0,0.0,0.0,0.0,0.0,0.0,0.0,0.0,0,0.0,0.005828983225665152,0
9298.238350187,3.5999999999997145,0,1,0,0.0,0.0,0.0,0.0,0.0,0.0,0.0,0.0,0.0,0.0,0,0.0,0.00582898500247066,0
9298.248538523,3.6099999999997134,0,1,0,0.0,0.0,0.0,0.0,0.0,0.0,0.0,0.0,0.0,0.0,0,0.0,0.005828986732447226,1
9298.258346903,3.6199999999997123,0,1,0,0.0,0.0,0.0,0.0,0.0,0.0,0.0,0.0,0.0,0.0,0,0.0,0.0058289884168290455,5
9298.268345766,3.6299999999997112,0,1,0,0.0,0.0,0.0,0.0,0.0,0.0,0.0,0.0,0.0,0.0,0,0.0,0.005828990056817791,6
9298.278309948,3.63999999999971,0,1,0,0.0,0.0,0.0,0.0,0.0,0.0,0.0,0.0,0.0,0.0,0,0.0,0.005828991653583464,8
9298.288327619,3.649999999999709,0,1,0,0.0,0.0,0.0,0.0,0.0,0.0,0.0,0.0,0.0,0.0,0,0.0,0.005828993208265227,14
9298.298381287,3.659999999999708,0,1,0,0.0,0.0,0.0,0.0,0.0,0.0,0.0,0.0,0.0,0.0,0,0.0,0.005828994721972229,14
9298.308449384,3.669999999999707,0,1,0,0.0,0.0,0.0,0.0,0.0,0.0,0.0,0.0,0.0,0.0,0,0.0,0.005828996195784378,14
9298.318305132,3.6799999999997057,0,1,0,0.0,0.0,0.0,0.0,0.0,0.0,0.0,0.0,0.0,0.0,0,0.0,0.005828997630753124,15
9298.32875478,3.6899999999997046,0,1,0,0.0,0.0,0.0,0.0,0.0,0.0,0.0,0.0,0.0,0.0,0,0.0,0.005828999027902206,20
9298.338331731,3.6999999999997035,0,1,0,0.0,0.0,0.0,0.0,0.0,0.0,0.0,0.0,0.0,0.0,0,0.0,0.005829000388228384,20
9298.348545563,3.7099999999997024,0,1,0,0.0,0.0,0.0,0.0,0.0,0.0,0.0,0.0,0.0,0.0,0,0.0,0.005829001712702146,21
9298.358447239,3.7199999999997013,0,1,0,0.0,0.0,0.0,0.0,0.0,0.0,0.0,0.0,0.0,0.0,0,0.0,0.005829003002268401,26
9298.368337431,3.7299999999997,0,1,0,0.0,0.0,0.0,0.0,0.0,0.0,0.0,0.0,0.0,0.0,0,0.0,0.00582900425784716,26
9298.378528015,3.739999999999699,0,1,0,0.0,0.0,0.0,0.0,0.0,0.0,0.0,0.0,0.0,0.0,0,0.0,0.00582900548033418,28
9298.390749252,3.749999999999698,0,1,0,0.0,0.0,0.0,0.0,0.0,0.0,0.0,0.0,0.0,0.0,0,0.0,0.005829006670601615,31
9298.398530869,3.759999999999697,0,1,0,0.0,0.0,0.0,0.0,0.0,0.0,0.0,0.0,0.0,0.0,0,0.0,0.005829007829498632,34
9298.408496367,3.769999999999696,0,1,0,0.0,0.0,0.0,0.0,0.0,0.0,0.0,0.0,0.0,0.0,0,0.0,0.005829008957852017,34
9298.418462394,3.7799999999996947,0,1,0,0.0,0.0,0.0,0.0,0.0,0.0,0.0,0.0,0.0,0.0,0,0.0,0.00582901005646677,35
9298.428493655,3.7899999999996936,0,1,0,0.0,0.0,0.0,0.0,0.0,0.0,0.0,0.0,0.0,0.0,0,0.0,0.0058290111261266675,40
9298.438453291,3.7999999999996925,0,1,0,0.0,0.0,0.0,0.0,0.0,0.0,0.0,0.0,0.0,0.0,0,0.0,0.005829012167594835,41
9298.448540704,3.8099999999996914,0,1,0,0.0,0.0,0.0,0.0,0.0,0.0,0.0,0.0,0.0,0.0,0,0.0,0.0058290131816142845,44
9298.460160104,3.8199999999996903,0,1,0,0.0,0.0,0.0,0.0,0.0,0.0,0.0,0.0,0.0,0.0,0,0.0,0.005829014168908443,49
9298.468441491,3.829999999999689,0,1,0,0.0,0.0,0.0,0.0,0.0,0.0,0.0,0.0,0.0,0.0,0,0.0,0.0058290151301816735,51
9298.478661227,3.839999999999688,0,1,0,0.0,0.0,0.0,0.0,0.0,0.0,0.0,0.0,0.0,0.0,0,0.0,0.005829016066119775,51
9298.488515046,3.849999999999687,0,1,0,0.0,0.0,0.0,0.0,0.0,0.0,0.0,0.0,0.0,0.0,0,0.0,0.005829016977390472,53
9298.498296467,3.859999999999686,0,1,0,0.0,0.0,0.0,0.0,0.0,0.0,0.0,0.0,0.0,0.0,0,0.0,0.00582901786464389,57
9298.508326781,3.869999999999685,0,1,0,0.0,0.0,0.0,0.0,0.0,0.0,0.0,0.0,0.0,0.0,0,0.0,0.0058290187285130225,57
9298.518332332,3.8799999999996837,0,1,0,0.0,0.0,0.0,0.0,0.0,0.0,0.0,0.0,0.0,0.0,0,0.0,0.005829019569614181,57
9298.528347576,3.8899999999996826,0,1,0,0.0,0.0,0.0,0.0,0.0,0.0,0.0,0.0,0.0,0.0,0,0.0,0.005829020388547426,61
9298.538331817,3.8999999999996815,0,1,0,0.0,0.0,0.0,0.0,0.0,0.0,0.0,0.0,0.0,0.0,0,0.0,0.005829021185897013,61
9298.548451696,3.9099999999996804,0,1,0,0.0,0.0,0.0,0.0,0.0,0.0,0.0,0.0,0.0,0.0,0,0.0,0.005829021962231792,61
9298.56141269,3.9199999999996793,0,1,0,0.0,0.0,0.0,0.0,0.0,0.0,0.0,0.0,0.0,0.0,0,0.0,0.005829022718105625,64
9298.568334234,3.929999999999678,0,1,0,0.0,0.0,0.0,0.0,0.0,0.0,0.0,0.0,0.0,0.0,0,0.0,0.005829023454057774,69
9298.578600422,3.939999999999677,0,1,0,0.0,0.0,0.0,0.0,0.0,0.0,0.0,0.0,0.0,0.0,0,0.0,0.00582902417061329,69
9298.588598318,3.949999999999676,0,1,0,0.0,0.0,0.0,0.0,0.0,0.0,0.0,0.0,0.0,0.0,0,0.0,0.005829024868283385,69
9298.598594987,3.959999999999675,0,1,0,0.0,0.0,0.0,0.0,0.0,0.0,0.0,0.0,0.0,0.0,0,0.0,0.005829025547565798,74
9298.608511602,3.969999999999674,0,1,0,0.0,0.0,0.0,0.0,0.0,0.0,0.0,0.0,0.0,0.0,0,0.0,0.005829026208945151,75
9298.618495649,3.9799999999996727,0,1,0,0.0,0.0,0.0,0.0,0.0,0.0,0.0,0.0,0.0,0.0,0,0.0,0.0058290268528932935,75
9298.62837631,3.9899999999996716,0,1,0,0.0,0.0,0.0,0.0,0.0,0.0,0.0,0.0,0.0,0.0,0,0.0,0.005829027479869636,79
9298.638440174,3.9999999999996705,0,1,0,0.0,0.0,0.0,0.0,0.0,0.0,0.0,0.0,0.0,0.0,0,0.0,0.005829028090321485,79
9298.648540636,4.009999999999674,0,1,0,0.0,0.0,0.0,0.0,0.0,0.0,0.0,0.0,0.0,0.0,0,0.0,0.005829028684684355,80
9298.658547167,4.019999999999677,0,1,0,0.0,0.0,0.0,0.0,0.0,0.0,0.0,0.0,0.0,0.0,0,0.0,0.005829029263382284,80
9298.668522042,4.0299999999996805,0,1,0,0.0,0.0,0.0,0.0,0.0,0.0,0.0,0.0,0.0,0.0,0,0.0,0.005829029826828133,83
9298.678586615,4.039999999999684,0,1,0,0.0,0.0,0.0,0.0,0.0,0.0,0.0,0.0,0.0,0.0,0,0.0,0.005829030375423884,84
9298.688583751,4.049999999999687,0,1,0,0.0,0.0,0.0,0.0,0.0,0.0,0.0,0.0,0.0,0.0,0,0.0,0.00582903090956092,85
9298.698429916,4.0599999999996905,0,1,0,0.0,0.0,0.0,0.0,0.0,0.0,0.0,0.0,0.0,0.0,0,0.0,0.005829031429620315,90
9298.708549164,4.069999999999694,0,1,0,0.0,0.0,0.0,0.0,0.0,0.0,0.0,0.0,0.0,0.0,0,0.0,0.005829031935973098,90
9298.718566852,4.079999999999697,0,1,0,0.0,0.0,0.0,0.0,0.0,0.0,0.0,0.0,0.0,0.0,0,0.0,0.005829032428980512,91
9298.730707203,4.0899999999997005,0,1,0,0.0,0.0,0.0,0.0,0.0,0.0,0.0,0.0,0.0,0.0,0,0.0,0.005829032908994287,93
9298.738552563,4.099999999999704,0,1,0,0.0,0.0,0.0,0.0,0.0,0.0,0.0,0.0,0.0,0.0,0,0.0,0.0058290333763568805,97
9298.748471468,4.109999999999707,0,1,0,0.0,0.0,0.0,0.0,0.0,0.0,0.0,0.0,0.0,0.0,0,0.0,0.0058290338314017235,98
9298.75847536,4.119999999999711,0,1,0,0.0,0.0,0.0,0.0,0.0,0.0,0.0,0.0,0.0,0.0,0,0.0,0.005829034274453463,99
9298.768522291,4.129999999999714,0,1,0,0.0,0.0,0.0,0.0,0.0,0.0,0.0,0.0,0.0,0.0,0,0.0,0.005829034705828186,105
9298.778377101,4.139999999999717,0,1,0,0.0,0.0,0.0,0.0,0.0,0.0,0.0,0.0,0.0,0.0,0,0.0,0.005829035125833648,105
9298.788480584,4.149999999999721,0,1,0,0.0,0.0,0.0,0.0,0.0,0.0,0.0,0.0,0.0,0.0,0,0.0,0.0058290355347694976,105
9298.798967478,4.159999999999724,0,1,0,0.0,0.0,0.0,0.0,0.0,0.0,0.0,0.0,0.0,0.0,0,0.0,0.0058290359329274824,109
9298.808279352,4.169999999999727,0,1,0,0.0,0.0,0.0,0.0,0.0,0.0,0.0,0.0,0.0,0.0,0,0.0,0.005829036320591663,110
9298.818281288,4.179999999999731,0,1,0,0.0,0.0,0.0,0.0,0.0,0.0,0.0,0.0,0.0,0.0,0,0.0,0.0058290366980386105,110
9298.828746172,4.189999999999734,0,1,0,0.0,0.0,0.0,0.0,0.0,0.0,0.0,0.0,0.0,0.0,0,0.0,0.00582903706553761,110
9298.838534663,4.199999999999737,0,1,0,0.0,0.0,0.0,0.0,0.0,0.0,0.0,0.0,0.0,0.0,0,0.0,0.005829037423350846,116
9298.848288851,4.209999999999741,0,1,0,0.0,0.0,0.0,0.0,0.0,0.0,0.0,0.0,0.0,0.0,0,0.0,0.0058290377717335985,117
9298.858512543,4.219999999999744,0,1,0,0.0,0.0,0.0,0.0,0.0,0.0,0.0,0.0,0.0,0.0,0,0.0,0.005829038110934413,117
9298.868572299,4.229999999999747,0,1,0,0.0,0.0,0.0,0.0,0.0,0.0,0.0,0.0,0.0,0.0,0,0.0,0.005829038441195285,123
9298.878415216,4.239999999999751,0,1,0,0.0,0.0,0.0,0.0,0.0,0.0,0.0,0.0,0.0,0.0,0,0.0,0.00582903876275184,125
9298.888319137,4.249999999999754,0,1,0,0.0,0.0,0.0,0.0,0.0,0.0,0.0,0.0,0.0,0.0,0,0.0,0.005829039075833484,126
9298.898457265,4.259999999999757,0,1,0,0.0,0.0,0.0,0.0,0.0,0.0,0.0,0.0,0.0,0.0,0,0.0,0.005829039380663579,127
9298.908511273,4.269999999999761,0,1,0,0.0,0.0,0.0,0.0,0.0,0.0,0.0,0.0,0.0,0.0,0,0.0,0.005829039677459605,133
9298.91845039,4.279999999999764,0,1,0,0.0,0.0,0.0,0.0,0.0,0.0,0.0,0.0,0.0,0.0,0,0.0,0.005829039966433307,136
9298.928710838,4.289999999999767,0,1,0,0.0,0.0,0.0,0.0,0.0,0.0,0.0,0.0,0.0,0.0,0,0.0,0.005829040247790846,138
9298.938539504,4.299999999999771,0,1,0,0.0,0.0,0.0,0.0,0.0,0.0,0.0,0.0,0.0,0.0,0,0.0,0.005829040521732954,144
9298.948319113,4.309999999999774,0,1,0,0.0,0.0,0.0,0.0,0.0,0.0,0.0,0.0,0.0,0.0,0,0.0,0.005829040788455073,145
9298.958417975,4.319999999999777,0,1,0,0.0,0.0,0.0,0.0,0.0,0.0,0.0,0.0,0.0,0.0,0,0.0,0.0058290410481474896,146
9298.971164553,4.329999999999781,0,1,0,0.0,0.0,0.0,0.0,0.0,0.0,0.0,0.0,0.0,0.0,0,0.0,0.005829041300995477,149
9298.978346005,4.339999999999784,0,1,0,0.0,0.0,0.0,0.0,0.0,0.0,0.0,0.0,0.0,0.0,0,0.0,0.005829041547179426,153
9298.988493333,4.349999999999787,0,1,0,0.0,0.0,0.0,0.0,0.0,0.0,0.0,0.0,0.0,0.0,0,0.0,0.005829041786874974,155
9298.998546576,4.359999999999791,0,1,0,0.0,0.0,0.0,0.0,0.0,0.0,0.0,0.0,0.0,0.0,0,0.0,0.0058290420202531295,155
9299.008538447,4.369999999999794,0,1,0,0.0,0.0,0.0,0.0,0.0,0.0,0.0,0.0,0.0,0.0,0,0.0,0.005829042247480391,160
9299.018506477,4.379999999999797,0,1,0,0.0,0.0,0.0,0.0,0.0,0.0,0.0,0.0,0.0,0.0,0,0.0,0.0058290424687188706,160
9299.028415678,4.389999999999801,0,1,0,0.0,0.0,0.0,0.0,0.0,0.0,0.0,0.0,0.0,0.0,0,0.0,0.005829042684126411,161
9299.038431482,4.399999999999804,0,1,0,0.0,0.0,0.0,0.0,0.0,0.0,0.0,0.0,0.0,0.0,0,0.0,0.005829042893856691,164
9299.048585117,4.409999999999807,0,1,0,0.0,0.0,0.0,0.0,0.0,0.0,0.0,0.0,0.0,0.0,0,0.0,0.005829043098059338,164
9299.058566439,4.419999999999811,0,1,0,0.0,0.0,0.0,0.0,0.0,0.0,0.0,0.0,0.0,0.0,0,0.0,0.005829043296880038,164
9299.068471517,4.429999999999814,0,1,0,0.0,0.0,0.0,0.0,0.0,0.0,0.0,0.0,0.0,0.0,0,0.0,0.005829043490460636,165
9299.078489317,4.439999999999817,0,1,0,0.0,0.0,0.0,0.0,0.0,0.0,0.0,0.0,0.0,0.0,0,0.0,0.0058290436789392415,169
9299.088478272,4.449999999999821,0,1,0,0.0,0.0,0.0,0.0,0.0,0.0,0.0,0.0,0.0,0.0,0,0.0,0.005829043862450322,169
9299.098517141,4.459999999999824,0,1,0,0.0,0.0,0.0,0.0,0.0,0.0,0.0,0.0,0.0,0.0,0,0.0,0.005829044041124799,170
9299.108207198,4.4699999999998274,0,1,0,0.0,0.0,0.0,0.0,0.0,0.0,0.0,0.0,0.0,0.0,0,0.0,0.005829044215090146,174
9299.118483799,4.479999999999831,0,1,0,0.0,0.0,0.0,0.0,0.0,0.0,0.0,0.0,0.0,0.0,0,0.0,0.005829044384470477,175
9299.128452361,4.489999999999834,0,1,0,0.0,0.0,0.0,0.0,0.0,0.0,0.0,0.0,0.0,0.0,0,0.0,0.005829044549386635,175
9299.138289211,4.4999999999998375,0,1,0,0.0,0.0,0.0,0.0,0.0,0.0,0.0,0.0,0.0,0.0,0,0.0,0.005829044709956277,175
9299.148357685,4.509999999999841,0,1,0,0.0,0.0,0.0,0.0,0.0,0.0,0.0,0.0,0.0,0.0,0,0.0,0.005829044866293957,179
9299.158418423,4.519999999999844,0,1,0,0.0,0.0,0.0,0.0,0.0,0.0,0.0,0.0,0.0,0.0,0,0.0,0.005829045018511214,179
9299.16828644,4.5299999999998475,0,1,0,0.0,0.0,0.0,0.0,0.0,0.0,0.0,0.0,0.0,0.0,0,0.0,0.005829045166716645,179
9299.179826018,4.539999999999851,0,1,0,0.0,0.0,0.0,0.0,0.0,0.0,0.0,0.0,0.0,0.0,0,0.0,0.005829045311015988,186
9299.18847414,4.549999999999854,0,1,0,0.0,0.0,0.0,0.0,0.0,0.0,0.0,0.0,0.0,0.0,0,0.0,0.005829045451512187,192
9299.198320385,4.5599999999998575,0,1,0,0.0,0.0,0.0,0.0,0.0,0.0,0.0,0.0,0.0,0.0,0,0.0,0.0058290455883054796,193
9299.210065668,4.569999999999861,0,1,0,0.0,0.0,0.0,0.0,0.0,0.0,0.0,0.0,0.0,0.0,0,0.0,0.00582904572149346,197
9299.218381571,4.579999999999864,0,1,0,0.0,0.0,0.0,0.0,0.0,0.0,0.0,0.0,0.0,0.0,0,0.0,0.005829045851171149,199
9299.228511382,4.5899999999998675,0,1,0,0.0,0.0,0.0,0.0,0.0,0.0,0.0,0.0,0.0,0.0,0,0.0,0.005829045977431061,1
9299.238424234,4.599999999999871,0,1,0,0.0,0.0,0.0,0.0,0.0,0.0,0.0,0.0,0.0,0.0,0,0.0,0.005829046100363276,2
9299.248468228,4.609999999999874,0,1,0,0.0,0.0,0.0,0.0,0.0,0.0,0.0,0.0,0.0,0.0,0,0.0,0.005829046220055498,7
9299.258594081,4.6199999999998775,0,1,0,0.0,0.0,0.0,0.0,0.0,0.0,0.0,0.0,0.0,0.0,0,0.0,0.005829046336593122,9
9299.268602587,4.629999999999881,0,1,0,0.0,0.0,0.0,0.0,0.0,0.0,0.0,0.0,0.0,0.0,0,0.0,0.005829046450059289,11
9299.279144478,4.639999999999884,0,1,0,0.0,0.0,0.0,0.0,0.0,0.0,0.0,0.0,0.0,0.0,0,0.0,0.005829046560534951,17
9299.288419032,4.649999999999888,0,1,0,0.0,0.0,0.0,0.0,0.0,0.0,0.0,0.0,0.0,0.0,0,0.0,0.0058290466680989235,21
9299.298456119,4.659999999999891,0,1,0,0.0,0.0,0.0,0.0,0.0,0.0,0.0,0.0,0.0,0.0,0,0.0,0.005829046772827948,23
9299.308361187,4.669999999999894,0,1,0,0.0,0.0,0.0,0.0,0.0,0.0,0.0,0.0,0.0,0.0,0,0.0,0.005829046874796742,25
9299.318482307,4.679999999999898,0,1,0,0.0,0.0,0.0,0.0,0.0,0.0,0.0,0.0,0.0,0.0,0,0.0,0.0058290469740780535,29
9299.328518626,4.689999999999901,0,1,0,0.0,0.0,0.0,0.0,0.0,0.0,0.0,0.0,0.0,0.0,0,0.0,0.005829047070742716,31
9299.338536141,4.699999999999904,0,1,0,0.0,0.0,0.0,0.0,0.0,0.0,0.0,0.0,0.0,0.0,0,0.0,0.005829047164859689,32
9299.348252253,4.709999999999908,0,1,0,0.0,0.0,0.0,0.0,0.0,0.0,0.0,0.0,0.0,0.0,0,0.0,0.005829047256496122,36
9299.358544455,4.719999999999911,0,1,0,0.0,0.0,0.0,0.0,0.0,0.0,0.0,0.0,0.0,0.0,0,0.0,0.005829047345717393,37
9299.368286635,4.729999999999914,0,1,0,0.0,0.0,0.0,0.0,0.0,0.0,0.0,0.0,0.0,0.0,0,0.0,0.005829047432587153,39
9299.381112672,4.739999999999918,0,1,0,0.0,0.0,0.0,0.0,0.0,0.0,0.0,0.0,0.0,0.0,0,0.0,0.00582904751716738,42
9299.388436966,4.749999999999921,0,1,0,0.0,0.0,0.0,0.0,0.0,0.0,0.0,0.0,0.0,0.0,0,0.0,0.005829047599518416,47
9299.39829127,4.759999999999924,0,1,0,0.0,0.0,0.0,0.0,0.0,0.0,0.0,0.0,0.0,0.0,0,0.0,0.005829047679699015,50
9299.408285054,4.769999999999928,0,1,0,0.0,0.0,0.0,0.0,0.0,0.0,0.0,0.0,0.0,0.0,0,0.0,0.00582904775776638,52
9299.423570821,4.779999999999931,0,1,0,0.0,0.0,0.0,0.0,0.0,0.0,0.0,0.0,0.0,0.0,0,0.0,0.0058290478337762065,55
9299.434104586,4.789999999999934,0,1,0,0.0,0.0,0.0,0.0,0.0,0.0,0.0,0.0,0.0,0.0,0,0.0,0.005829047907782722,55
9299.443911205,4.799999999999938,0,1,0,0.0,0.0,0.0,0.0,0.0,0.0,0.0,0.0,0.0,0.0,0,0.0,0.005829047979838728,56
9299.453890442,4.809999999999941,0,1,0,0.0,0.0,0.0,0.0,0.0,0.0,0.0,0.0,0.0,0.0,0,0.0,0.00582904804999563,61
9299.463952267,4.819999999999944,0,1,0,0.0,0.0,0.0,0.0,0.0,0.0,0.0,0.0,0.0,0.0,0,0.0,0.005829048118303481,62
9299.473923124,4.829999999999948,0,1,0,0.0,0.0,0.0,0.0,0.0,0.0,0.0,0.0,0.0,0.0,0,0.0,0.005829048184811015,62
9299.483711454,4.839999999999951,0,1,0,0.0,0.0,0.0,0.0,0.0,0.0,0.0,0.0,0.0,0.0,0,0.0,0.005829048249565683,66
9299.494384429,4.849999999999954,0,1,0,0.0,0.0,0.0,0.0,0.0,0.0,0.0,0.0,0.0,0.0,0,0.0,0.0058290483126136805,67
9299.503787319,4.859999999999958,0,1,0,0.0,0.0,0.0,0.0,0.0,0.0,0.0,0.0,0.0,0.0,0,0.0,0.005829048373999989,68
9299.515219771,4.869999999999961,0,1,0,0.0,0.0,0.0,0.0,0.0,0.0,0.0,0.0,0.0,0.0,0,0.0,0.005829048433768404,69
9299.524151605,4.879999999999964,0,1,0,0.0,0.0,0.0,0.0,0.0,0.0,0.0,0.0,0.0,0.0,0,0.0,0.005829048491961566,71
9299.533666618,4.889999999999968,0,1,0,0.0,0.0,0.0,0.0,0.0,0.0,0.0,0.0,0.0,0.0,0,0.0,0.005829048548620992,72
9299.543726215,4.899999999999971,0,1,0,0.0,0.0,0.0,0.0,0.0,0.0,0.0,0.0,0.0,0.0,0,0.0,0.005829048603787106,72
9299.554190514,4.909999999999974,0,1,0,0.0,0.0,0.0,0.0,0.0,0.0,0.0,0.0,0.0,0.0,0,0.0,0.005829048657499266,75
9299.563844698,4.919999999999978,0,1,0,0.0,0.0,0.0,0.0,0.0,0.0,0.0,0.0,0.0,0.0,0,0.0,0.005829048709795791,76
9299.57361601,4.929999999999981,0,1,0,0.0,0.0,0.0,0.0,0.0,0.0,0.0,0.0,0.0,0.0,0,0.0,0.005829048760713993,77
9299.584754895,4.939999999999984,0,1,0,0.0,0.0,0.0,0.0,0.0,0.0,0.0,0.0,0.0,0.0,0,0.0,0.0058290488102901985,81
9299.59366913,4.949999999999988,0,1,0,0.0,0.0,0.0,0.0,0.0,0.0,0.0,0.0,0.0,0.0,0,0.0,0.005829048858559776,82
9299.604044554,4.959999999999991,0,1,0,0.0,0.0,0.0,0.0,0.0,0.0,0.0,0.0,0.0,0.0,0,0.0,0.005829048905557164,83
9299.613945255,4.969999999999994,0,1,0,0.0,0.0,0.0,0.0,0.0,0.0,0.0,0.0,0.0,0.0,0,0.0,0.005829048951315891,85
9299.624560505,4.979999999999998,0,1,0,0.0,0.0,0.0,0.0,0.0,0.0,0.0,0.0,0.0,0.0,0,0.0,0.0058290489958686045,94
9299.633762828,4.990000000000001,0,1,0,0.0,0.0,0.0,0.0,0.0,0.0,0.0,0.0,0.0,0.0,0,0.0,0.005829049039247088,97
9299.643637223,5.000000000000004,0,1,0,0.0,0.0,0.0,0.0,0.0,0.0,0.0,0.0,0.0,0.0,0,0.0,0.005829049081482293,98
9299.653618023,5.010000000000008,0,1,0,0.0,0.0,0.0,0.0,0.0,0.0,0.0,0.0,0.0,0.0,0,0.0,0.0058290491226043505,101
9299.663845804,5.020000000000011,0,1,0,0.0,0.0,0.0,0.0,0.0,0.0,0.0,0.0,0.0,0.0,0,0.0,0.005829049162642595,103
9299.673733598,5.0300000000000145,0,1,0,0.0,0.0,0.0,0.0,0.0,0.0,0.0,0.0,0.0,0.0,0,0.0,0.005829049201625597,104
9299.690819981,5.040000000000018,0,1,0,0.0,0.0,0.0,0.0,0.0,0.0,0.0,0.0,0.0,0.0,0,0.0,0.005829049239581163,106
9299.700662027,5.050000000000021,0,1,0,0.0,0.0,0.0,0.0,0.0,0.0,0.0,0.0,0.0,0.0,0,0.0,0.005829049276536375,107
9299.71076532,5.0600000000000245,0,1,0,0.0,0.0,0.0,0.0,0.0,0.0,0.0,0.0,0.0,0.0,0,0.0,0.005829049312517596,107
9299.721559731,5.070000000000028,0,1,0,0.0,0.0,0.0,0.0,0.0,0.0,0.0,0.0,0.0,0.0,0,0.0,0.005829049347550501,112
9299.730882116,5.080000000000031,0,1,0,0.0,0.0,0.0,0.0,0.0,0.0,0.0,0.0,0.0,0.0,0,0.0,0.00582904938166008,115
9299.74102139,5.0900000000000345,0,1,0,0.0,0.0,0.0,0.0,0.0,0.0,0.0,0.0,0.0,0.0,0,0.0,0.005829049414870668,118
9299.750807278,5.100000000000038,0,1,0,0.0,0.0,0.0,0.0,0.0,0.0,0.0,0.0,0.0,0.0,0,0.0,0.005829049447205963,121
9299.76084198,5.110000000000041,0,1,0,0.0,0.0,0.0,0.0,0.0,0.0,0.0,0.0,0.0,0.0,0,0.0,0.0058290494786890305,125
9299.770814186,5.1200000000000445,0,1,0,0.0,0.0,0.0,0.0,0.0,0.0,0.0,0.0,0.0,0.0,0,0.0,0.005829049509342332,125
9299.78075127,5.130000000000048,0,1,0,0.0,0.0,0.0,0.0,0.0,0.0,0.0,0.0,0.0,0.0,0,0.0,0.0058290495391877355,125
9299.792826329,5.140000000000051,0,1,0,0.0,0.0,0.0,0.0,0.0,0.0,0.0,0.0,0.0,0.0,0,0.0,0.005829049568246536,132
9299.800907829,5.1500000000000545,0,1,0,0.0,0.0,0.0,0.0,0.0,0.0,0.0,0.0,0.0,0.0,0,0.0,0.005829049596539463,137
9299.810803993,5.160000000000058,0,1,0,0.0,0.0,0.0,0.0,0.0,0.0,0.0,0.0,0.0,0.0,0,0.0,0.005829049624086704,140
9299.821777291,5.170000000000061,0,1,0,0.0,0.0,0.0,0.0,0.0,0.0,0.0,0.0,0.0,0.0,0,0.0,0.005829049650907913,144
9299.830510391,5.1800000000000646,0,1,0,0.0,0.0,0.0,0.0,0.0,0.0,0.0,0.0,0.0,0.0,0,0.0,0.005829049677022223,147
9299.841203149,5.190000000000068,0,1,0,0.0,0.0,0.0,0.0,0.0,0.0,0.0,0.0,0.0,0.0,0,0.0,0.005829049702448265,148
9299.851350474,5.200000000000071,0,1,0,0.0,0.0,0.0,0.0,0.0,0.0,0.0,0.0,0.0,0.0,0,0.0,0.00582904972720418,150
9299.860947788,5.210000000000075,0,1,0,0.0,0.0,0.0,0.0,0.0,0.0,0.0,0.0,0.0,0.0,0,0.0,0.005829049751307628,154
9299.87061722,5.220000000000078,0,1,0,0.0,0.0,0.0,0.0,0.0,0.0,0.0,0.0,0.0,0.0,0,0.0,0.005829049774775809,155
9299.881012775,5.230000000000081,0,1,0,0.0,0.0,0.0,0.0,0.0,0.0,0.0,0.0,0.0,0.0,0,0.0,0.005829049797625464,157
9299.892015548,5.240000000000085,0,1,0,0.0,0.0,0.0,0.0,0.0,0.0,0.0,0.0,0.0,0.0,0,0.0,0.005829049819872895,162
9299.901212384,5.250000000000088,0,1,0,0.0,0.0,0.0,0.0,0.0,0.0,0.0,0.0,0.0,0.0,0,0.0,0.005829049841533973,165
9299.911639654,5.260000000000091,0,1,0,0.0,0.0,0.0,0.0,0.0,0.0,0.0,0.0,0.0,0.0,0,0.0,0.005829049862624154,167
9299.921238656,5.270000000000095,0,1,0,0.0,0.0,0.0,0.0,0.0,0.0,0.0,0.0,0.0,0.0,0,0.0,0.0058290498831584815,171
9299.930996147,5.280000000000098,0,1,0,0.0,0.0,0.0,0.0,0.0,0.0,0.0,0.0,0.0,0.0,0,0.0,0.005829049903151609,176
9299.941151988,5.290000000000101,0,1,0,0.0,0.0,0.0,0.0,0.0,0.0,0.0,0.0,0.0,0.0,0,0.0,0.005829049922617798,178
9299.950408403,5.300000000000105,0,1,0,0.0,0.0,0.0,0.0,0.0,0.0,0.0,0.0,0.0,0.0,0,0.0,0.005829049941570939,180
9299.960761963,5.310000000000108,0,1,0,0.0,0.0,0.0,0.0,0.0,0.0,0.0,0.0,0.0,0.0,0,0.0,0.0058290499600245505,184
9299.971210771,5.320000000000111,0,1,0,0.0,0.0,0.0,0.0,0.0,0.0,0.0,0.0,0.0,0.0,0,0.0,0.005829049977991801,184
9299.981258329,5.330000000000115,0,1,0,0.0,0.0,0.0,0.0,0.0,0.0,0.0,0.0,0.0,0.0,0,0.0,0.005829049995485507,185
9299.992597451,5.340000000000118,0,1,0,0.0,0.0,0.0,0.0,0.0,0.0,0.0,0.0,0.0,0.0,0,0.0,0.00582905001251815,187
9300.000646102,5.350000000000121,0,1,0,0.0,0.0,0.0,0.0,0.0,0.0,0.0,0.0,0.0,0.0,0,0.0,0.005829050029101882,190
9300.010401209,5.360000000000125,0,1,0,0.0,0.0,0.0,0.0,0.0,0.0,0.0,0.0,0.0,0.0,0,0.0,0.005829050045248534,190
9300.020523437,5.370000000000128,0,1,0,0.0,0.0,0.0,0.0,0.0,0.0,0.0,0.0,0.0,0.0,0,0.0,0.005829050060969625,190
9300.030713805,5.380000000000131,0,1,0,0.0,0.0,0.0,0.0,0.0,0.0,0.0,0.0,0.0,0.0,0,0.0,0.005829050076276372,195
9300.040548,5.390000000000135,0,1,0,0.0,0.0,0.0,0.0,0.0,0.0,0.0,0.0,0.0,0.0,0,0.0,0.005829050091179696,196
9300.050236397,5.400000000000138,0,1,0,0.0,0.0,0.0,0.0,0.0,0.0,0.0,0.0,0.0,0.0,0,0.0,0.005829050105690228,197
9300.061078037,5.410000000000141,0,1,0,0.0,0.0,0.0,0.0,0.0,0.0,0.0,0.0,0.0,0.0,0,0.0,0.005829050119818322,200
9300.070265033,5.420000000000145,0,1,0,0.0,0.0,0.0,0.0,0.0,0.0,0.0,0.0,0.0,0.0,0,0.0,0.005829050133574056,201
9300.08035978,5.430000000000148,0,1,0,0.0,0.0,0.0,0.0,0.0,0.0,0.0,0.0,0.0,0.0,0,0.0,0.005829050146967245,202
9300.090811425,5.440000000000151,0,1,0,0.0,0.0,0.0,0.0,0.0,0.0,0.0,0.0,0.0,0.0,0,0.0,0.0058290501600074445,203
9300.10088673,5.450000000000155,0,1,0,0.0,0.0,0.0,0.0,0.0,0.0,0.0,0.0,0.0,0.0,0,0.0,0.005829050172703957,207
9300.110967554,5.460000000000158,0,1,0,0.0,0.0,0.0,0.0,0.0,0.0,0.0,0.0,0.0,0.0,0,0.0,0.005829050185065841,208
9300.121346429,5.470000000000161,0,1,0,0.0,0.0,0.0,0.0,0.0,0.0,0.0,0.0,0.0,0.0,0,0.0,0.005829050197101916,210
9300.130630883,5.480000000000165,0,1,0,0.0,0.0,0.0,0.0,0.0,0.0,0.0,0.0,0.0,0.0,0,0.0,0.00582905020882077,214
9300.140412219,5.490000000000168,0,1,0,0.0,0.0,0.0,0.0,0.0,0.0,0.0,0.0,0.0,0.0,0,0.0,0.005829050220230763,214
9300.150615988,5.500000000000171,0,1,0,0.0,0.0,0.0,0.0,0.0,0.0,0.0,0.0,0.0,0.0,0,0.0,0.005829050231340033,215
9300.161573908,5.510000000000175,0,1,0,0.0,0.0,0.0,0.0,0.0,0.0,0.0,0.0,0.0,0.0,0,0.0,0.005829050242156508,218
9300.170668942,5.520000000000178,0,1,0,0.0,0.0,0.0,0.0,0.0,0.0,0.0,0.0,0.0,0.0,0,0.0,0.005829050252687904,219
9300.18070177,5.530000000000181,0,1,0,0.0,0.0,0.0,0.0,0.0,0.0,0.0,0.0,0.0,0.0,0,0.0,0.005829050262941736,220
9300.191021256,5.540000000000185,0,1,0,0.0,0.0,0.0,0.0,0.0,0.0,0.0,0.0,0.0,0.0,0,0.0,0.005829050272925318,221
9300.200839651,5.550000000000188,0,1,0,0.0,0.0,0.0,0.0,0.0,0.0,0.0,0.0,0.0,0.0,0,0.0,0.005829050282645774,225
9300.21084284,5.5600000000001915,0,1,0,0.0,0.0,0.0,0.0,0.0,0.0,0.0,0.0,0.0,0.0,0,0.0,0.005829050292110036,225
9300.221046791,5.570000000000195,0,1,0,0.0,0.0,0.0,0.0,0.0,0.0,0.0,0.0,0.0,0.0,0,0.0,0.005829050301324861,227
9300.231588989,5.580000000000198,0,1,0,0.0,0.0,0.0,0.0,0.0,0.0,0.0,0.0,0.0,0.0,0,0.0,0.0058290503102968174,4
9300.24078231,5.5900000000002015,0,1,0,0.0,0.0,0.0,0.0,0.0,0.0,0.0,0.0,0.0,0.0,0,0.0,0.005829050319032312,5
9300.251017557,5.600000000000205,0,1,0,0.0,0.0,0.0,0.0,0.0,0.0,0.0,0.0,0.0,0.0,0,0.0,0.005829050327537577,6
9300.260882198,5.610000000000208,0,1,0,0.0,0.0,0.0,0.0,0.0,0.0,0.0,0.0,0.0,0.0,0,0.0,0.005829050335818674,8
9300.270964047,5.6200000000002115,0,1,0,0.0,0.0,0.0,0.0,0.0,0.0,0.0,0.0,0.0,0.0,0,0.0,0.005829050343881515,13
9300.280812424,5.630000000000215,0,1,0,0.0,0.0,0.0,0.0,0.0,0.0,0.0,0.0,0.0,0.0,0,0.0,0.0058290503517318525,15
9300.291256206,5.640000000000218,0,1,0,0.0,0.0,0.0,0.0,0.0,0.0,0.0,0.0,0.0,0.0,0,0.0,0.005829050359375289,16
9300.30101114,5.6500000000002215,0,1,0,0.0,0.0,0.0,0.0,0.0,0.0,0.0,0.0,0.0,0.0,0,0.0,0.0058290503668172716,21
9300.310800066,5.660000000000225,0,1,0,0.0,0.0,0.0,0.0,0.0,0.0,0.0,0.0,0.0,0.0,0,0.0,0.005829050374063115,24
9300.320929501,5.670000000000228,0,1,0,0.0,0.0,0.0,0.0,0.0,0.0,0.0,0.0,0.0,0.0,0,0.0,0.00582905038111799,26
9300.331985815,5.6800000000002315,0,1,0,0.0,0.0,0.0,0.0,0.0,0.0,0.0,0.0,0.0,0.0,0,0.0,0.005829050387986927,29
9300.340923463,5.690000000000235,0,1,0,0.0,0.0,0.0,0.0,0.0,0.0,0.0,0.0,0.0,0.0,0,0.0,0.005829050394674824,33
9300.350936383,5.700000000000238,0,1,0,0.0,0.0,0.0,0.0,0.0,0.0,0.0,0.0,0.0,0.0,0,0.0,0.005829050401186455,36
9300.36085839,5.7100000000002415,0,1,0,0.0,0.0,0.0,0.0,0.0,0.0,0.0,0.0,0.0,0.0,0,0.0,0.005829050407526469,39
9300.371278103,5.720000000000245,0,1,0,0.0,0.0,0.0,0.0,0.0,0.0,0.0,0.0,0.0,0.0,0,0.0,0.005829050413699385,44
9300.380874938,5.730000000000248,0,1,0,0.0,0.0,0.0,0.0,0.0,0.0,0.0,0.0,0.0,0.0,0,0.0,0.005829050419709606,46
9300.390597231,5.740000000000252,0,1,0,0.0,0.0,0.0,0.0,0.0,0.0,0.0,0.0,0.0,0.0,0,0.0,0.005829050425561421,48
9300.40137219,5.750000000000255,0,1,0,0.0,0.0,0.0,0.0,0.0,0.0,0.0,0.0,0.0,0.0,0,0.0,0.0058290504312590065,51
9300.410659726,5.760000000000258,0,1,0,0.0,0.0,0.0,0.0,0.0,0.0,0.0,0.0,0.0,0.0,0,0.0,0.005829050436806429,53
9300.420882856,5.770000000000262,0,1,0,0.0,0.0,0.0,0.0,0.0,0.0,0.0,0.0,0.0,0.0,0,0.0,0.005829050442207644,54
9300.430964607,5.780000000000265,0,1,0,0.0,0.0,0.0,0.0,0.0,0.0,0.0,0.0,0.0,0.0,0,0.0,0.005829050447466505,55
9300.440868021,5.790000000000268,0,1,0,0.0,0.0,0.0,0.0,0.0,0.0,0.0,0.0,0.0,0.0,0,0.0,0.005829050452586761,61
9300.45053289,5.800000000000272,0,1,0,0.0,0.0,0.0,0.0,0.0,0.0,0.0,0.0,0.0,0.0,0,0.0,0.005829050457572069,63
9300.460925039,5.810000000000275,0,1,0,0.0,0.0,0.0,0.0,0.0,0.0,0.0,0.0,0.0,0.0,0,0.0,0.005829050462425987,64
9300.471452082,5.820000000000278,0,1,0,0.0,0.0,0.0,0.0,0.0,0.0,0.0,0.0,0.0,0.0,0,0.0,0.0058290504671519765,69
9300.480614981,5.830000000000282,0,1,0,0.0,0.0,0.0,0.0,0.0,0.0,0.0,0.0,0.0,0.0,0,0.0,0.005829050471753407,71
9300.49030917,5.840000000000285,0,1,0,0.0,0.0,0.0,0.0,0.0,0.0,0.0,0.0,0.0,0.0,0,0.0,0.00582905047623356,71
9300.500895963,5.850000000000288,0,1,0,0.0,0.0,0.0,0.0,0.0,0.0,0.0,0.0,0.0,0.0,0,0.0,0.0058290504805956316,71
9300.510891283,5.860000000000292,0,1,0,0.0,0.0,0.0,0.0,0.0,0.0,0.0,0.0,0.0,0.0,0,0.0,0.005829050484842738,75
9300.520319955,5.870000000000295,0,1,0,0.0,0.0,0.0,0.0,0.0,0.0,0.0,0.0,0.0,0.0,0,0.0,0.00582905048897791,77
9300.53078116,5.880000000000298,0,1,0,0.0,0.0,0.0,0.0,0.0,0.0,0.0,0.0,0.0,0.0,0,0.0,0.005829050493004098,77
9300.546843165,5.890000000000302,0,1,0,0.0,0.0,0.0,0.0,0.0,0.0,0.0,0.0,0.0,0.0,0,0.0,0.005829050496924171,78
9300.556791177,5.900000000000305,0,1,0,0.0,0.0,0.0,0.0,0.0,0.0,0.0,0.0,0.0,0.0,0,0.0,0.0058290505007409284,78
9300.566851776,5.910000000000308,0,1,0,0.0,0.0,0.0,0.0,0.0,0.0,0.0,0.0,0.0,0.0,0,0.0,0.005829050504457088,78
9300.576770938,5.920000000000312,0,1,0,0.0,0.0,0.0,0.0,0.0,0.0,0.0,0.0,0.0,0.0,0,0.0,0.005829050508075304,83
9300.586786779,5.930000000000315,0,1,0,0.0,0.0,0.0,0.0,0.0,0.0,0.0,0.0,0.0,0.0,0,0.0,0.005829050511598155,83
9300.597006658,5.940000000000318,0,1,0,0.0,0.0,0.0,0.0,0.0,0.0,0.0,0.0,0.0,0.0,0,0.0,0.005829050515028162,83
9300.609789315,5.950000000000322,0,1,0,0.0,0.0,0.0,0.0,0.0,0.0,0.0,0.0,0.0,0.0,0,0.0,0.00582905051836777,86
9300.616930783,5.960000000000325,0,1,0,0.0,0.0,0.0,0.0,0.0,0.0,0.0,0.0,0.0,0.0,0,0.0,0.005829050521619362,91
9300.626742253,5.970000000000328,0,1,0,0.0,0.0,0.0,0.0,0.0,0.0,0.0,0.0,0.0,0.0,0,0.0,0.005829050524785253,91
9300.63676304,5.980000000000332,0,1,0,0.0,0.0,0.0,0.0,0.0,0.0,0.0,0.0,0.0,0.0,0,0.0,0.005829050527867705,91
9300.646751784,5.990000000000335,0,1,0,0.0,0.0,0.0,0.0,0.0,0.0,0.0,0.0,0.0,0.0,0,0.0,0.005829050530868914,95
9300.656929843,6.000000000000338,0,1,0,0.0,0.0,0.0,0.0,0.0,0.0,0.0,0.0,0.0,0.0,0,0.0,0.00582905053379102,96
9300.666939914,6.010000000000342,0,1,0,0.0,0.0,0.0,0.0,0.0,0.0,0.0,0.0,0.0,0.0,0,0.0,0.00582905053663611,96
9300.676772803,6.020000000000345,0,1,0,0.0,0.0,0.0,0.0,0.0,0.0,0.0,0.0,0.0,0.0,0,0.0,0.005829050539406215,99
9300.686966984,6.030000000000348,0,1,0,0.0,0.0,0.0,0.0,0.0,0.0,0.0,0.0,0.0,0.0,0,0.0,0.005829050542103312,99
9300.69707841,6.040000000000352,0,1,0,0.0,0.0,0.0,0.0,0.0,0.0,0.0,0.0,0.0,0.0,0,0.0,0.005829050544729326,100
9300.708793434,6.050000000000355,0,1,0,0.0,0.0,0.0,0.0,0.0,0.0,0.0,0.0,0.0,0.0,0,0.0,0.005829050547286131,101
9300.716765741,6.060000000000358,0,1,0,0.0,0.0,0.0,0.0,0.0,0.0,0.0,0.0,0.0,0.0,0,0.0,0.005829050549775551,104
9300.72670736,6.070000000000362,0,1,0,0.0,0.0,0.0,0.0,0.0,0.0,0.0,0.0,0.0,0.0,0,0.0,0.00582905055219936,104
9300.736746104,6.080000000000365,0,1,0,0.0,0.0,0.0,0.0,0.0,0.0,0.0,0.0,0.0,0.0,0,0.0,0.005829050554559286,104
9300.747031076,6.0900000000003685,0,1,0,0.0,0.0,0.0,0.0,0.0,0.0,0.0,0.0,0.0,0.0,0,0.0,0.005829050556857013,109
9300.756691559,6.100000000000372,0,1,0,0.0,0.0,0.0,0.0,0.0,0.0,0.0,0.0,0.0,0.0,0,0.0,0.005829050559094181,109
9300.766782937,6.110000000000375,0,1,0,0.0,0.0,0.0,0.0,0.0,0.0,0.0,0.0,0.0,0.0,0,0.0,0.005829050561272385,109
9300.777630499,6.1200000000003785,0,1,0,0.0,0.0,0.0,0.0,0.0,0.0,0.0,0.0,0.0,0.0,0,0.0,0.005829050563393181,112
9300.786709198,6.130000000000382,0,1,0,0.0,0.0,0.0,0.0,0.0,0.0,0.0,0.0,0.0,0.0,0,0.0,0.005829050565458079,113
9300.796894751,6.140000000000385,0,1,0,0.0,0.0,0.0,0.0,0.0,0.0,0.0,0.0,0.0,0.0,0,0.0,0.0058290505674685545,113
9300.806736122,6.1500000000003885,0,1,0,0.0,0.0,0.0,0.0,0.0,0.0,0.0,0.0,0.0,0.0,0,0.0,0.005829050569426041,113
9300.816829269,6.160000000000392,0,1,0,0.0,0.0,0.0,0.0,0.0,0.0,0.0,0.0,0.0,0.0,0,0.0,0.005829050571331938,117
9300.826754382,6.170000000000395,0,1,0,0.0,0.0,0.0,0.0,0.0,0.0,0.0,0.0,0.0,0.0,0,0.0,0.005829050573187607,117
9300.836766563,6.1800000000003985,0,1,0,0.0,0.0,0.0,0.0,0.0,0.0,0.0,0.0,0.0,0.0,0,0.0,0.005829050574994371,117
9300.853601557,6.190000000000402,0,1,0,0.0,0.0,0.0,0.0,0.0,0.0,0.0,0.0,0.0,0.0,0,0.0,0.005829050576753516,118
9300.863701497,6.200000000000405,0,1,0,0.0,0.0,0.0,0.0,0.0,0.0,0.0,0.0,0.0,0.0,0,0.0,0.005829050578466296,118
9300.873611337,6.2100000000004085,0,1,0,0.0,0.0,0.0,0.0,0.0,0.0,0.0,0.0,0.0,0.0,0,0.0,0.0058290505801339345,118
9300.884088186,6.220000000000412,0,1,0,0.0,0.0,0.0,0.0,0.0,0.0,0.0,0.0,0.0,0.0,0,0.0,0.00582905058175762,123
9300.893550222,6.230000000000415,0,1,0,0.0,0.0,0.0,0.0,0.0,0.0,0.0,0.0,0.0,0.0,0,0.0,0.005829050583338511,123
9300.903479035,6.2400000000004185,0,1,0,0.0,0.0,0.0,0.0,0.0,0.0,0.0,0.0,0.0,0.0,0,0.0,0.0058290505848777345,123
9300.914211785,6.250000000000422,0,1,0,0.0,0.0,0.0,0.0,0.0,0.0,0.0,0.0,0.0,0.0,0,0.0,0.005829050586376389,127
9300.923494474,6.260000000000425,0,1,0,0.0,0.0,0.0,0.0,0.0,0.0,0.0,0.0,0.0,0.0,0,0.0,0.005829050587835545,127
9300.933532814,6.270000000000429,0,1,0,0.0,0.0,0.0,0.0,0.0,0.0,0.0,0.0,0.0,0.0,0,0.0,0.0058290505892562424,127
9300.943795061,6.280000000000432,0,1,0,0.0,0.0,0.0,0.0,0.0,0.0,0.0,0.0,0.0,0.0,0,0.0,0.005829050590639496,127
9300.953725359,6.290000000000435,0,1,0,0.0,0.0,0.0,0.0,0.0,0.0,0.0,0.0,0.0,0.0,0,0.0,0.005829050591986292,131
9300.963617222,6.300000000000439,0,1,0,0.0,0.0,0.0,0.0,0.0,0.0,0.0,0.0,0.0,0.0,0,0.0,0.00582905059329759,131
9300.973549155,6.310000000000442,0,1,0,0.0,0.0,0.0,0.0,0.0,0.0,0.0,0.0,0.0,0.0,0,0.0,0.005829050594574328,131
9300.991137253,6.320000000000445,0,1,0,0.0,0.0,0.0,0.0,0.0,0.0,0.0,0.0,0.0,0.0,0,0.0,0.005829050595817414,132
9301.001043894,6.330000000000449,0,1,0,0.0,0.0,0.0,0.0,0.0,0.0,0.0,0.0,0.0,0.0,0,0.0,0.005829050597027738,132
9301.011059985,6.340000000000452,0,1,0,0.0,0.0,0.0,0.0,0.0,0.0,0.0,0.0,0.0,0.0,0,0.0,0.005829050598206163,133
9301.02112592,6.350000000000455,0,1,0,0.0,0.0,0.0,0.0,0.0,0.0,0.0,0.0,0.0,0.0,0,0.0,0.0058290505993535335,137
9301.031176277,6.360000000000459,0,1,0,0.0,0.0,0.0,0.0,0.0,0.0,0.0,0.0,0.0,0.0,0,0.0,0.005829050600470668,139
9301.041078562,6.370000000000462,0,1,0,0.0,0.0,0.0,0.0,0.0,0.0,0.0,0.0,0.0,0.0,0,0.0,0.005829050601558359,141
9301.051067897,6.380000000000465,0,1,0,0.0,0.0,0.0,0.0,0.0,0.0,0.0,0.0,0.0,0.0,0,0.0,0.005829050602617385,145
9301.061416634,6.390000000000469,0,1,0,0.0,0.0,0.0,0.0,0.0,0.0,0.0,0.0,0.0,0.0,0,0.0,0.005829050603648499,148
9301.071428065,6.400000000000472,0,1,0,0.0,0.0,0.0,0.0,0.0,0.0,0.0,0.0,0.0,0.0,0,0.0,0.0058290506046524354,150
9301.082871866,6.410000000000475,0,1,0,0.0,0.0,0.0,0.0,0.0,0.0,0.0,0.0,0.0,0.0,0,0.0,0.005829050605629915,153
9301.091269456,6.420000000000479,0,1,0,0.0,0.0,0.0,0.0,0.0,0.0,0.0,0.0,0.0,0.0,0,0.0,0.00582905060658163,156
9301.101603002,6.430000000000482,0,1,0,0.0,0.0,0.0,0.0,0.0,0.0,0.0,0.0,0.0,0.0,0,0.0,0.005829050607508262,158
9301.111406831,6.440000000000485,0,1,0,0.0,0.0,0.0,0.0,0.0,0.0,0.0,0.0,0.0,0.0,0,0.0,0.005829050608410472,158
9301.121134895,6.450000000000489,0,1,0,0.0,0.0,0.0,0.0,0.0,0.0,0.0,0.0,0.0,0.0,0,0.0,0.005829050609288902,163
9301.131110656,6.460000000000492,0,1,0,0.0,0.0,0.0,0.0,0.0,0.0,0.0,0.0,0.0,0.0,0,0.0,0.0058290506101441805,163
9301.141045421,6.470000000000495,0,1,0,0.0,0.0,0.0,0.0,0.0,0.0,0.0,0.0,0.0,0.0,0,0.0,0.005829050610976916,163
9301.151865275,6.480000000000499,0,1,0,0.0,0.0,0.0,0.0,0.0,0.0,0.0,0.0,0.0,0.0,0,0.0,0.005829050611787705,167
9301.161173083,6.490000000000502,0,1,0,0.0,0.0,0.0,0.0,0.0,0.0,0.0,0.0,0.0,0.0,0,0.0,0.005829050612577124,170
9301.171067769,6.500000000000505,0,1,0,0.0,0.0,0.0,0.0,0.0,0.0,0.0,0.0,0.0,0.0,0,0.0,0.005829050613345738,172
9301.181076545,6.510000000000509,0,1,0,0.0,0.0,0.0,0.0,0.0,0.0,0.0,0.0,0.0,0.0,0,0.0,0.005829050614094092,174
9301.199395102,6.520000000000512,0,1,0,0.0,0.0,0.0,0.0,0.0,0.0,0.0,0.0,0.0,0.0,0,0.0,0.005829050614822723,175
9301.209383748,6.530000000000515,0,1,0,0.0,0.0,0.0,0.0,0.0,0.0,0.0,0.0,0.0,0.0,0,0.0,0.00582905061553215,175
9301.221337946,6.540000000000519,0,1,0,0.0,0.0,0.0,0.0,0.0,0.0,0.0,0.0,0.0,0.0,0,0.0,0.005829050616222879,178
9301.229472183,6.550000000000522,0,1,0,0.0,0.0,0.0,0.0,0.0,0.0,0.0,0.0,0.0,0.0,0,0.0,0.0058290506168954025,0
9301.239527343,6.560000000000525,0,1,0,0.0,0.0,0.0,0.0,0.0,0.0,0.0,0.0,0.0,0.0,0,0.0,0.005829050617550201,0
9301.249401115,6.570000000000529,0,1,0,0.0,0.0,0.0,0.0,0.0,0.0,0.0,0.0,0.0,0.0,0,0.0,0.005829050618187739,1
9301.259382765,6.580000000000532,0,1,0,0.0,0.0,0.0,0.0,0.0,0.0,0.0,0.0,0.0,0.0,0,0.0,0.0058290506188084755,5
9301.269448682,6.590000000000535,0,1,0,0.0,0.0,0.0,0.0,0.0,0.0,0.0,0.0,0.0,0.0,0,0.0,0.0058290506194128506,5
9301.279662018,6.600000000000539,0,1,0,0.0,0.0,0.0,0.0,0.0,0.0,0.0,0.0,0.0,0.0,0,0.0,0.005829050620001298,5
9301.296997106,6.610000000000542,0,1,0,0.0,0.0,0.0,0.0,0.0,0.0,0.0,0.0,0.0,0.0,0,0.0,0.005829050620574237,6
9301.307040351,6.6200000000005454,0,1,0,0.0,0.0,0.0,0.0,0.0,0.0,0.0,0.0,0.0,0.0,0,0.0,0.005829050621132072,6
9301.316505737,6.630000000000549,0,1,0,0.0,0.0,0.0,0.0,0.0,0.0,0.0,0.0,0.0,0.0,0,0.0,0.005829050621675207,6
9301.326599721,6.640000000000552,0,1,0,0.0,0.0,0.0,0.0,0.0,0.0,0.0,0.0,0.0,0.0,0,0.0,0.005829050622204027,10
9301.336519534,6.6500000000005555,0,1,0,0.0,0.0,0.0,0.0,0.0,0.0,0.0,0.0,0.0,0.0,0,0.0,0.005829050622718909,10
9301.347046559,6.660000000000559,0,1,0,0.0,0.0,0.0,0.0,0.0,0.0,0.0,0.0,0.0,0.0,0,0.0,0.00582905062322022,10
9301.365200246,6.670000000000562,0,1,0,0.0,0.0,0.0,0.0,0.0,0.0,0.0,0.0,0.0,0.0,0,0.0,0.005829050623708318,11
9301.375037436,6.6800000000005655,0,1,0,0.0,0.0,0.0,0.0,0.0,0.0,0.0,0.0,0.0,0.0,0,0.0,0.005829050624183552,12
9301.385136336,6.690000000000569,0,1,0,0.0,0.0,0.0,0.0,0.0,0.0,0.0,0.0,0.0,0.0,0,0.0,0.00582905062464626,12
9301.403420027,6.700000000000572,0,1,0,0.0,0.0,0.0,0.0,0.0,0.0,0.0,0.0,0.0,0.0,0,0.0,0.005829050625096773,13
9301.413449969,6.7100000000005755,0,1,0,0.0,0.0,0.0,0.0,0.0,0.0,0.0,0.0,0.0,0.0,0,0.0,0.005829050625535414,13
9301.424739857,6.720000000000579,0,1,0,0.0,0.0,0.0,0.0,0.0,0.0,0.0,0.0,0.0,0.0,0,0.0,0.005829050625962499,16
9301.433391014,6.730000000000582,0,1,0,0.0,0.0,0.0,0.0,0.0,0.0,0.0,0.0,0.0,0.0,0,0.0,0.005829050626378332,18
9301.443673644,6.7400000000005855,0,1,0,0.0,0.0,0.0,0.0,0.0,0.0,0.0,0.0,0.0,0.0,0,0.0,0.005829050626783206,18
9301.453523151,6.750000000000589,0,1,0,0.0,0.0,0.0,0.0,0.0,0.0,0.0,0.0,0.0,0.0,0,0.0,0.005829050627177406,18
9301.472251643,6.760000000000592,0,1,0,0.0,0.0,0.0,0.0,0.0,0.0,0.0,0.0,0.0,0.0,0,0.0,0.005829050627561217,20
9301.482406864,6.7700000000005955,0,1,0,0.0,0.0,0.0,0.0,0.0,0.0,0.0,0.0,0.0,0.0,0,0.0,0.005829050627934911,21
9301.492411655,6.780000000000599,0,1,0,0.0,0.0,0.0,0.0,0.0,0.0,0.0,0.0,0.0,0.0,0,0.0,0.0058290506282987565,25
9301.502227416,6.790000000000602,0,1,0,0.0,0.0,0.0,0.0,0.0,0.0,0.0,0.0,0.0,0.0,0,0.0,0.005829050628653012,25
9301.512257166,6.800000000000606,0,1,0,0.0,0.0,0.0,0.0,0.0,0.0,0.0,0.0,0.0,0.0,0,0.0,0.0058290506289979315,25
9301.522314139,6.810000000000609,0,1,0,0.0,0.0,0.0,0.0,0.0,0.0,0.0,0.0,0.0,0.0,0,0.0,0.005829050629333761,26
9301.532191785,6.820000000000612,0,1,0,0.0,0.0,0.0,0.0,0.0,0.0,0.0,0.0,0.0,0.0,0,0.0,0.005829050629660738,29
9301.542251691,6.830000000000616,0,1,0,0.0,0.0,0.0,0.0,0.0,0.0,0.0,0.0,0.0,0.0,0,0.0,0.005829050629979098,30
9301.552262156,6.840000000000619,0,1,0,0.0,0.0,0.0,0.0,0.0,0.0,0.0,0.0,0.0,0.0,0,0.0,0.005829050630289066,31
9301.561985845,6.850000000000622,0,1,0,0.0,0.0,0.0,0.0,0.0,0.0,0.0,0.0,0.0,0.0,0,0.0,0.0058290506305908665,37
9301.572414387,6.860000000000626,0,1,0,0.0,0.0,0.0,0.0,0.0,0.0,0.0,0.0,0.0,0.0,0,0.0,0.005829050630884712,39
9301.582532183,6.870000000000629,0,1,0,0.0,0.0,0.0,0.0,0.0,0.0,0.0,0.0,0.0,0.0,0,0.0,0.005829050631170812,40
9301.5942051,6.880000000000632,0,1,0,0.0,0.0,0.0,0.0,0.0,0.0,0.0,0.0,0.0,0.0,0,0.0,0.005829050631449372,43
9301.6025254,6.890000000000636,0,1,0,0.0,0.0,0.0,0.0,0.0,0.0,0.0,0.0,0.0,0.0,0,0.0,0.005829050631720589,46
9301.61232327,6.900000000000639,0,1,0,0.0,0.0,0.0,0.0,0.0,0.0,0.0,0.0,0.0,0.0,0,0.0,0.005829050631984659,47
9301.622208865,6.910000000000642,0,1,0,0.0,0.0,0.0,0.0,0.0,0.0,0.0,0.0,0.0,0.0,0,0.0,0.005829050632241768,48
9301.632171442,6.920000000000646,0,1,0,0.0,0.0,0.0,0.0,0.0,0.0,0.0,0.0,0.0,0.0,0,0.0,0.005829050632492102,54
9301.642195413,6.930000000000649,0,1,0,0.0,0.0,0.0,0.0,0.0,0.0,0.0,0.0,0.0,0.0,0,0.0,0.005829050632735837,55
9301.652199155,6.940000000000652,0,1,0,0.0,0.0,0.0,0.0,0.0,0.0,0.0,0.0,0.0,0.0,0,0.0,0.005829050632973148,55
9301.662031974,6.950000000000656,0,1,0,0.0,0.0,0.0,0.0,0.0,0.0,0.0,0.0,0.0,0.0,0,0.0,0.005829050633204205,58
9301.672127947,6.960000000000659,0,1,0,0.0,0.0,0.0,0.0,0.0,0.0,0.0,0.0,0.0,0.0,0,0.0,0.0058290506334291725,59
9301.682386137,6.970000000000662,0,1,0,0.0,0.0,0.0,0.0,0.0,0.0,0.0,0.0,0.0,0.0,0,0.0,0.005829050633648212,60
9301.692142294,6.980000000000666,0,1,0,0.0,0.0,0.0,0.0,0.0,0.0,0.0,0.0,0.0,0.0,0,0.0,0.005829050633861476,61
9301.702100671,6.990000000000669,0,1,0,0.0,0.0,0.0,0.0,0.0,0.0,0.0,0.0,0.0,0.0,0,0.0,0.005829050634069119,64
9301.71248787,7.000000000000672,0,1,0,0.0,0.0,0.0,0.0,0.0,0.0,0.0,0.0,0.0,0.0,0,0.0,0.0058290506342712906,67
9301.7223547,7.010000000000676,0,1,0,0.0,0.0,0.0,0.0,0.0,0.0,0.0,0.0,0.0,0.0,0,0.0,0.005829050634468134,68
9301.732382263,7.020000000000679,0,1,0,0.0,0.0,0.0,0.0,0.0,0.0,0.0,0.0,0.0,0.0,0,0.0,0.005829050634659789,74
9301.742393432,7.030000000000682,0,1,0,0.0,0.0,0.0,0.0,0.0,0.0,0.0,0.0,0.0,0.0,0,0.0,0.005829050634846391,75
9301.752334897,7.040000000000686,0,1,0,0.0,0.0,0.0,0.0,0.0,0.0,0.0,0.0,0.0,0.0,0,0.0,0.005829050635028077,77
9301.765330489,7.050000000000689,0,1,0,0.0,0.0,0.0,0.0,0.0,0.0,0.0,0.0,0.0,0.0,0,0.0,0.005829050635204973,81
9301.77210141,7.060000000000692,0,1,0,0.0,0.0,0.0,0.0,0.0,0.0,0.0,0.0,0.0,0.0,0,0.0,0.005829050635377207,85
9301.782134716,7.070000000000696,0,1,0,0.0,0.0,0.0,0.0,0.0,0.0,0.0,0.0,0.0,0.0,0,0.0,0.005829050635544902,86
9301.792120587,7.080000000000699,0,1,0,0.0,0.0,0.0,0.0,0.0,0.0,0.0,0.0,0.0,0.0,0,0.0,0.0058290506357081785,87
9301.802170161,7.090000000000702,0,1,0,0.0,0.0,0.0,0.0,0.0,0.0,0.0,0.0,0.0,0.0,0,0.0,0.005829050635867149,91
9301.812240065,7.100000000000706,0,1,0,0.0,0.0,0.0,0.0,0.0,0.0,0.0,0.0,0.0,0.0,0,0.0,0.00582905063602193,92
9301.822184089,7.110000000000709,0,1,0,0.0,0.0,0.0,0.0,0.0,0.0,0.0,0.0,0.0,0.0,0,0.0,0.005829050636172633,92
9301.833936295,7.120000000000712,0,1,0,0.0,0.0,0.0,0.0,0.0,0.0,0.0,0.0,0.0,0.0,0,0.0,0.005829050636319364,96
9301.842277611,7.130000000000716,0,1,0,0.0,0.0,0.0,0.0,0.0,0.0,0.0,0.0,0.0,0.0,0,0.0,0.005829050636462229,98
9301.852067006,7.140000000000719,0,1,0,0.0,0.0,0.0,0.0,0.0,0.0,0.0,0.0,0.0,0.0,0,0.0,0.005829050636601327,98
9301.862220954,7.1500000000007224,0,1,0,0.0,0.0,0.0,0.0,0.0,0.0,0.0,0.0,0.0,0.0,0,0.0,0.005829050636736758,98
9301.872126618,7.160000000000726,0,1,0,0.0,0.0,0.0,0.0,0.0,0.0,0.0,0.0,0.0,0.0,0,0.0,0.00582905063686862,102
9301.882345838,7.170000000000729,0,1,0,0.0,0.0,0.0,0.0,0.0,0.0,0.0,0.0,0.0,0.0,0,0.0,0.005829050636997008,102
9301.892388784,7.1800000000007325,0,1,0,0.0,0.0,0.0,0.0,0.0,0.0,0.0,0.0,0.0,0.0,0,0.0,0.00582905063712201,103
9301.902262111,7.190000000000736,0,1,0,0.0,0.0,0.0,0.0,0.0,0.0,0.0,0.0,0.0,0.0,0,0.0,0.005829050637243718,108
9301.912125518,7.200000000000739,0,1,0,0.0,0.0,0.0,0.0,0.0,0.0,0.0,0.0,0.0,0.0,0,0.0,0.00582905063736222,108
9301.922394856,7.2100000000007425,0,1,0,0.0,0.0,0.0,0.0,0.0,0.0,0.0,0.0,0.0,0.0,0,0.0,0.005829050637477599,108
9301.935421829,7.220000000000746,0,1,0,0.0,0.0,0.0,0.0,0.0,0.0,0.0,0.0,0.0,0.0,0,0.0,0.005829050637589935,110
9301.942336977,7.230000000000749,0,1,0,0.0,0.0,0.0,0.0,0.0,0.0,0.0,0.0,0.0,0.0,0,0.0,0.00582905063769931,114
9301.952397912,7.2400000000007525,0,1,0,0.0,0.0,0.0,0.0,0.0,0.0,0.0,0.0,0.0,0.0,0,0.0,0.0058290506378058035,115
9301.962273841,7.250000000000756,0,1,0,0.0,0.0,0.0,0.0,0.0,0.0,0.0,0.0,0.0,0.0,0,0.0,0.00582905063790949,116
9301.972286075,7.260000000000759,0,1,0,0.0,0.0,0.0,0.0,0.0,0.0,0.0,0.0,0.0,0.0,0,0.0,0.005829050638010442,121
9301.982163511,7.2700000000007625,0,1,0,0.0,0.0,0.0,0.0,0.0,0.0,0.0,0.0,0.0,0.0,0,0.0,0.005829050638108736,122
9301.992300676,7.280000000000766,0,1,0,0.0,0.0,0.0,0.0,0.0,0.0,0.0,0.0,0.0,0.0,0,0.0,0.005829050638204439,125
9302.003712707,7.290000000000769,0,1,0,0.0,0.0,0.0,0.0,0.0,0.0,0.0,0.0,0.0,0.0,0,0.0,0.0058290506382976184,130
9302.012246277,7.3000000000007725,0,1,0,0.0,0.0,0.0,0.0,0.0,0.0,0.0,0.0,0.0,0.0,0,0.0,0.005829050638388342,134
9302.022222989,7.310000000000776,0,1,0,0.0,0.0,0.0,0.0,0.0,0.0,0.0,0.0,0.0,0.0,0,0.0,0.005829050638476674,134
9302.032262642,7.320000000000779,0,1,0,0.0,0.0,0.0,0.0,0.0,0.0,0.0,0.0,0.0,0.0,0,0.0,0.005829050638562678,137
9302.042141489,7.330000000000783,0,1,0,0.0,0.0,0.0,0.0,0.0,0.0,0.0,0.0,0.0,0.0,0,0.0,0.005829050638646417,143
9302.052017105,7.340000000000786,0,1,0,0.0,0.0,0.0,0.0,0.0,0.0,0.0,0.0,0.0,0.0,0,0.0,0.005829050638727947,145
9302.062138491,7.350000000000789,0,1,0,0.0,0.0,0.0,0.0,0.0,0.0,0.0,0.0,0.0,0.0,0,0.0,0.005829050638807329,148
9302.072209633,7.360000000000793,0,1,0,0.0,0.0,0.0,0.0,0.0,0.0,0.0,0.0,0.0,0.0,0,0.0,0.005829050638884618,154
9302.082366067,7.370000000000796,0,1,0,0.0,0.0,0.0,0.0,0.0,0.0,0.0,0.0,0.0,0.0,0,0.0,0.00582905063895987,155
9302.092367724,7.380000000000799,0,1,0,0.0,0.0,0.0,0.0,0.0,0.0,0.0,0.0,0.0,0.0,0,0.0,0.005829050639033139,156
9302.104614584,7.390000000000803,0,1,0,0.0,0.0,0.0,0.0,0.0,0.0,0.0,0.0,0.0,0.0,0,0.0,0.005829050639104479,159
9302.112564791,7.400000000000806,0,1,0,0.0,0.0,0.0,0.0,0.0,0.0,0.0,0.0,0.0,0.0,0,0.0,0.0058290506391739366,163
9302.122378242,7.410000000000809,0,1,0,0.0,0.0,0.0,0.0,0.0,0.0,0.0,0.0,0.0,0.0,0,0.0,0.005829050639241565,163
9302.132026952,7.420000000000813,0,1,0,0.0,0.0,0.0,0.0,0.0,0.0,0.0,0.0,0.0,0.0,0,0.0,0.00582905063930741,166
9302.142416922,7.430000000000816,0,1,0,0.0,0.0,0.0,0.0,0.0,0.0,0.0,0.0,0.0,0.0,0,0.0,0.005829050639371519,172
9302.15228702,7.440000000000819,0,1,0,0.0,0.0,0.0,0.0,0.0,0.0,0.0,0.0,0.0,0.0,0,0.0,0.005829050639433939,174
9302.162085514,7.450000000000823,0,1,0,0.0,0.0,0.0,0.0,0.0,0.0,0.0,0.0,0.0,0.0,0,0.0,0.005829050639494713,175
9302.172286341,7.460000000000826,0,1,0,0.0,0.0,0.0,0.0,0.0,0.0,0.0,0.0,0.0,0.0,0,0.0,0.005829050639553885,180
9302.182307975,7.470000000000829,0,1,0,0.0,0.0,0.0,0.0,0.0,0.0,0.0,0.0,0.0,0.0,0,0.0,0.005829050639611499,181
9302.192285422,7.480000000000833,0,1,0,0.0,0.0,0.0,0.0,0.0,0.0,0.0,0.0,0.0,0.0,0,0.0,0.005829050639667594,183
9302.202092903,7.490000000000836,0,1,0,0.0,0.0,0.0,0.0,0.0,0.0,0.0,0.0,0.0,0.0,0,0.0,0.00582905063972221,185
9302.212309684,7.500000000000839,0,1,0,0.0,0.0,0.0,0.0,0.0,0.0,0.0,0.0,0.0,0.0,0,0.0,0.005829050639775386,191
9302.222070028,7.510000000000843,0,1,0,0.0,0.0,0.0,0.0,0.0,0.0,0.0,0.0,0.0,0.0,0,0.0,0.0058290506398271606,194
9302.23236029,7.520000000000846,0,1,0,0.0,0.0,0.0,0.0,0.0,0.0,0.0,0.0,0.0,0.0,0,0.0,0.005829050639877572,2
9302.24223574,7.530000000000849,0,1,0,0.0,0.0,0.0,0.0,0.0,0.0,0.0,0.0,0.0,0.0,0,0.0,0.005829050639926654,9
9302.252322807,7.540000000000853,0,1,0,0.0,0.0,0.0,0.0,0.0,0.0,0.0,0.0,0.0,0.0,0,0.0,0.005829050639974442,11
9302.262117061,7.550000000000856,0,1,0,0.0,0.0,0.0,0.0,0.0,0.0,0.0,0.0,0.0,0.0,0,0.0,0.005829050640020971,13
9302.274242008,7.560000000000859,0,1,0,0.0,0.0,0.0,0.0,0.0,0.0,0.0,0.0,0.0,0.0,0,0.0,0.005829050640066273,15
9302.282082909,7.570000000000863,0,1,0,0.0,0.0,0.0,0.0,0.0,0.0,0.0,0.0,0.0,0.0,0,0.0,0.005829050640110381,18
9302.292177571,7.580000000000866,0,1,0,0.0,0.0,0.0,0.0,0.0,0.0,0.0,0.0,0.0,0.0,0,0.0,0.005829050640153327,18
9302.302079556,7.590000000000869,0,1,0,0.0,0.0,0.0,0.0,0.0,0.0,0.0,0.0,0.0,0.0,0,0.0,0.0058290506401951405,18
9302.312071075,7.600000000000873,0,1,0,0.0,0.0,0.0,0.0,0.0,0.0,0.0,0.0,0.0,0.0,0,0.0,0.005829050640235853,22
9302.322641471,7.610000000000876,0,1,0,0.0,0.0,0.0,0.0,0.0,0.0,0.0,0.0,0.0,0.0,0,0.0,0.005829050640275492,23
9302.33243413,7.620000000000879,0,1,0,0.0,0.0,0.0,0.0,0.0,0.0,0.0,0.0,0.0,0.0,0,0.0,0.005829050640314085,24
9302.342087115,7.630000000000883,0,1,0,0.0,0.0,0.0,0.0,0.0,0.0,0.0,0.0,0.0,0.0,0,0.0,0.005829050640351662,30
9302.352293335,7.640000000000886,0,1,0,0.0,0.0,0.0,0.0,0.0,0.0,0.0,0.0,0.0,0.0,0,0.0,0.005829050640388249,32
9302.362269172,7.650000000000889,0,1,0,0.0,0.0,0.0,0.0,0.0,0.0,0.0,0.0,0.0,0.0,0,0.0,0.005829050640423871,33
9302.374664039,7.660000000000893,0,1,0,0.0,0.0,0.0,0.0,0.0,0.0,0.0,0.0,0.0,0.0,0,0.0,0.005829050640458554,36
9302.382054675,7.670000000000896,0,1,0,0.0,0.0,0.0,0.0,0.0,0.0,0.0,0.0,0.0,0.0,0,0.0,0.005829050640492323,40
9302.392518421,7.680000000000899,0,1,0,0.0,0.0,0.0,0.0,0.0,0.0,0.0,0.0,0.0,0.0,0,0.0,0.005829050640525201,42
9302.402465298,7.690000000000903,0,1,0,0.0,0.0,0.0,0.0,0.0,0.0,0.0,0.0,0.0,0.0,0,0.0,0.005829050640557214,43
9302.412397127,7.700000000000906,0,1,0,0.0,0.0,0.0,0.0,0.0,0.0,0.0,0.0,0.0,0.0,0,0.0,0.005829050640588384,47
9302.422495669,7.7100000000009095,0,1,0,0.0,0.0,0.0,0.0,0.0,0.0,0.0,0.0,0.0,0.0,0,0.0,0.005829050640618731,50
9302.43214118,7.720000000000913,0,1,0,0.0,0.0,0.0,0.0,0.0,0.0,0.0,0.0,0.0,0.0,0,0.0,0.00582905064064828,51
9302.443921789,7.730000000000916,0,1,0,0.0,0.0,0.0,0.0,0.0,0.0,0.0,0.0,0.0,0.0,0,0.0,0.005829050640677048,54
9302.452158338,7.7400000000009195,0,1,0,0.0,0.0,0.0,0.0,0.0,0.0,0.0,0.0,0.0,0.0,0,0.0,0.005829050640705059,56
9302.462097305,7.750000000000923,0,1,0,0.0,0.0,0.0,0.0,0.0,0.0,0.0,0.0,0.0,0.0,0,0.0,0.0058290506407323315,57
9302.472186014,7.760000000000926,0,1,0,0.0,0.0,0.0,0.0,0.0,0.0,0.0,0.0,0.0,0.0,0,0.0,0.005829050640758885,57
9302.482330492,7.7700000000009295,0,1,0,0.0,0.0,0.0,0.0,0.0,0.0,0.0,0.0,0.0,0.0,0,0.0,0.005829050640784741,62
9302.492403242,7.780000000000933,0,1,0,0.0,0.0,0.0,0.0,0.0,0.0,0.0,0.0,0.0,0.0,0,0.0,0.0058290506408099135,63
9302.502230093,7.790000000000936,0,1,0,0.0,0.0,0.0,0.0,0.0,0.0,0.0,0.0,0.0,0.0,0,0.0,0.0058290506408344225,64
9302.512368591,7.8000000000009395,0,1,0,0.0,0.0,0.0,0.0,0.0,0.0,0.0,0.0,0.0,0.0,0,0.0,0.005829050640858285,68
9302.522272444,7.810000000000943,0,1,0,0.0,0.0,0.0,0.0,0.0,0.0,0.0,0.0,0.0,0.0,0,0.0,0.00582905064088152,69
9302.532230799,7.820000000000946,0,1,0,0.0,0.0,0.0,0.0,0.0,0.0,0.0,0.0,0.0,0.0,0,0.0,0.005829050640904145,70
9302.542311303,7.8300000000009495,0,1,0,0.0,0.0,0.0,0.0,0.0,0.0,0.0,0.0,0.0,0.0,0,0.0,0.00582905064092617,70
9302.552343358,7.840000000000953,0,1,0,0.0,0.0,0.0,0.0,0.0,0.0,0.0,0.0,0.0,0.0,0,0.0,0.005829050640947615,75
9302.562292677,7.850000000000956,0,1,0,0.0,0.0,0.0,0.0,0.0,0.0,0.0,0.0,0.0,0.0,0,0.0,0.005829050640968494,76
9302.572380847,7.8600000000009596,0,1,0,0.0,0.0,0.0,0.0,0.0,0.0,0.0,0.0,0.0,0.0,0,0.0,0.005829050640988823,78
9302.582029607,7.870000000000963,0,1,0,0.0,0.0,0.0,0.0,0.0,0.0,0.0,0.0,0.0,0.0,0,0.0,0.005829050641008617,83
9302.592285897,7.880000000000966,0,1,0,0.0,0.0,0.0,0.0,0.0,0.0,0.0,0.0,0.0,0.0,0,0.0,0.00582905064102789,85
9302.602539996,7.89000000000097,0,1,0,0.0,0.0,0.0,0.0,0.0,0.0,0.0,0.0,0.0,0.0,0,0.0,0.005829050641046654,87
9302.613922098,7.900000000000973,0,1,0,0.0,0.0,0.0,0.0,0.0,0.0,0.0,0.0,0.0,0.0,0,0.0,0.005829050641064923,90
9302.622072863,7.910000000000976,0,1,0,0.0,0.0,0.0,0.0,0.0,0.0,0.0,0.0,0.0,0.0,0,0.0,0.005829050641082712,92
9302.632079424,7.92000000000098,0,1,0,0.0,0.0,0.0,0.0,0.0,0.0,0.0,0.0,0.0,0.0,0,0.0,0.00582905064110003,92
9302.642532459,7.930000000000983,0,1,0,0.0,0.0,0.0,0.0,0.0,0.0,0.0,0.0,0.0,0.0,0,0.0,0.005829050641116893,93
9302.652238026,7.940000000000986,0,1,0,0.0,0.0,0.0,0.0,0.0,0.0,0.0,0.0,0.0,0.0,0,0.0,0.00582905064113331,96
9302.66235459,7.95000000000099,0,1,0,0.0,0.0,0.0,0.0,0.0,0.0,0.0,0.0,0.0,0.0,0,0.0,0.005829050641149296,96
9302.672387448,7.960000000000993,0,1,0,0.0,0.0,0.0,0.0,0.0,0.0,0.0,0.0,0.0,0.0,0,0.0,0.00582905064116486,96
9302.682530773,7.970000000000996,0,1,0,0.0,0.0,0.0,0.0,0.0,0.0,0.0,0.0,0.0,0.0,0,0.0,0.005829050641180013,100
9302.692341425,7.980000000001,0,1,0,0.0,0.0,0.0,0.0,0.0,0.0,0.0,0.0,0.0,0.0,0,0.0,0.005829050641194768,100
9302.702337147,7.990000000001003,0,1,0,0.0,0.0,0.0,0.0,0.0,0.0,0.0,0.0,0.0,0.0,0,0.0,0.005829050641209133,100
9302.712361501,8.000000000001005,0,1,0,0.0,0.0,0.0,0.0,0.0,0.0,0.0,0.0,0.0,0.0,0,0.0,0.00582905064122312,101
9302.722384289,8.010000000001,0,1,0,0.0,0.0,0.0,0.0,0.0,0.0,0.0,0.0,0.0,0.0,0,0.0,0.005829050641236739,106
9302.732338648,8.020000000000994,0,1,0,0.0,0.0,0.0,0.0,0.0,0.0,0.0,0.0,0.0,0.0,0,0.0,0.005829050641249999,108
9302.742354726,8.030000000000989,0,1,0,0.0,0.0,0.0,0.0,0.0,0.0,0.0,0.0,0.0,0.0,0,0.0,0.005829050641262907,111
9302.752125521,8.040000000000983,0,1,0,0.0,0.0,0.0,0.0,0.0,0.0,0.0,0.0,0.0,0.0,0,0.0,0.005829050641275478,116
9302.762243862,8.050000000000978,0,1,0,0.0,0.0,0.0,0.0,0.0,0.0,0.0,0.0,0.0,0.0,0,0.0,0.005829050641287716,116
9302.772437248,8.060000000000972,0,1,0,0.0,0.0,0.0,0.0,0.0,0.0,0.0,0.0,0.0,0.0,0,0.0,0.005829050641299632,118
9302.783962645,8.070000000000967,0,1,0,0.0,0.0,0.0,0.0,0.0,0.0,0.0,0.0,0.0,0.0,0,0.0,0.005829050641311235,121
9302.792330245,8.080000000000961,0,1,0,0.0,0.0,0.0,0.0,0.0,0.0,0.0,0.0,0.0,0.0,0,0.0,0.005829050641322532,123
9302.802240828,8.090000000000956,0,1,0,0.0,0.0,0.0,0.0,0.0,0.0,0.0,0.0,0.0,0.0,0,0.0,0.00582905064133353,123
9302.812091311,8.10000000000095,0,1,0,0.0,0.0,0.0,0.0,0.0,0.0,0.0,0.0,0.0,0.0,0,0.0,0.0058290506413442396,123
9302.822103373,8.110000000000944,0,1,0,0.0,0.0,0.0,0.0,0.0,0.0,0.0,0.0,0.0,0.0,0,0.0,0.005829050641354666,128
9302.832505796,8.120000000000939,0,1,0,0.0,0.0,0.0,0.0,0.0,0.0,0.0,0.0,0.0,0.0,0,0.0,0.005829050641364818,128
9302.842274235,8.130000000000933,0,1,0,0.0,0.0,0.0,0.0,0.0,0.0,0.0,0.0,0.0,0.0,0,0.0,0.005829050641374701,128
9302.852252622,8.140000000000928,0,1,0,0.0,0.0,0.0,0.0,0.0,0.0,0.0,0.0,0.0,0.0,0,0.0,0.005829050641384325,133
9302.86230675,8.150000000000922,0,1,0,0.0,0.0,0.0,0.0,0.0,0.0,0.0,0.0,0.0,0.0,0,0.0,0.005829050641393694,134
9302.872328965,8.160000000000917,0,1,0,0.0,0.0,0.0,0.0,0.0,0.0,0.0,0.0,0.0,0.0,0,0.0,0.005829050641402817,135
9302.882166195,8.170000000000911,0,1,0,0.0,0.0,0.0,0.0,0.0,0.0,0.0,0.0,0.0,0.0,0,0.0,0.0058290506414116995,136
9302.892322028,8.180000000000906,0,1,0,0.0,0.0,0.0,0.0,0.0,0.0,0.0,0.0,0.0,0.0,0,0.0,0.005829050641420347,139
9302.902274983,8.1900000000009,0,1,0,0.0,0.0,0.0,0.0,0.0,0.0,0.0,0.0,0.0,0.0,0,0.0,0.005829050641428767,140
9302.912312331,8.200000000000895,0,1,0,0.0,0.0,0.0,0.0,0.0,0.0,0.0,0.0,0.0,0.0,0,0.0,0.005829050641436966,140
9302.922276658,8.210000000000889,0,1,0,0.0,0.0,0.0,0.0,0.0,0.0,0.0,0.0,0.0,0.0,0,0.0,0.005829050641444947,144
9302.932283557,8.220000000000883,0,1,0,0.0,0.0,0.0,0.0,0.0,0.0,0.0,0.0,0.0,0.0,0,0.0,0.005829050641452719,144
9302.942184781,8.230000000000878,0,1,0,0.0,0.0,0.0,0.0,0.0,0.0,0.0,0.0,0.0,0.0,0,0.0,0.0058290506414602865,145
9302.958246367,8.240000000000872,0,1,0,0.0,0.0,0.0,0.0,0.0,0.0,0.0,0.0,0.0,0.0,0,0.0,0.005829050641467655,147
9302.968060661,8.250000000000867,0,1,0,0.0,0.0,0.0,0.0,0.0,0.0,0.0,0.0,0.0,0.0,0,0.0,0.005829050641474829,152
9302.978093709,8.260000000000861,0,1,0,0.0,0.0,0.0,0.0,0.0,0.0,0.0,0.0,0.0,0.0,0,0.0,0.0058290506414818135,156
9302.994701215,8.270000000000856,0,1,0,0.0,0.0,0.0,0.0,0.0,0.0,0.0,0.0,0.0,0.0,0,0.0,0.005829050641488614,161
9303.005312169,8.28000000000085,0,1,0,0.0,0.0,0.0,0.0,0.0,0.0,0.0,0.0,0.0,0.0,0,0.0,0.005829050641495233,167
9303.015468721,8.290000000000845,0,1,0,0.0,0.0,0.0,0.0,0.0,0.0,0.0,0.0,0.0,0.0,0,0.0,0.005829050641501678,176
9303.031336741,8.30000000000084,0,1,0,0.0,0.0,0.0,0.0,0.0,0.0,0.0,0.0,0.0,0.0,0,0.0,0.005829050641507955,180
9303.040886938,8.310000000000834,0,1,0,0.0,0.0,0.0,0.0,0.0,0.0,0.0,0.0,0.0,0.0,0,0.0,0.005829050641514066,182
9303.050846945,8.320000000000828,0,1,0,0.0,0.0,0.0,0.0,0.0,0.0,0.0,0.0,0.0,0.0,0,0.0,0.0058290506415200165,182
9303.060869306,8.330000000000823,0,1,0,0.0,0.0,0.0,0.0,0.0,0.0,0.0,0.0,0.0,0.0,0,0.0,0.00582905064152581,186
9303.071372078,8.340000000000817,0,1,0,0.0,0.0,0.0,0.0,0.0,0.0,0.0,0.0,0.0,0.0,0,0.0,0.00582905064153145,186
9303.081483221,8.350000000000811,0,1,0,0.0,0.0,0.0,0.0,0.0,0.0,0.0,0.0,0.0,0.0,0,0.0,0.005829050641536942,189
9303.091388206,8.360000000000806,0,1,0,0.0,0.0,0.0,0.0,0.0,0.0,0.0,0.0,0.0,0.0,0,0.0,0.0058290506415422895,195
9303.101026624,8.3700000000008,0,1,0,0.0,0.0,0.0,0.0,0.0,0.0,0.0,0.0,0.0,0.0,0,0.0,0.005829050641547496,195
9303.110881932,8.380000000000795,0,1,0,0.0,0.0,0.0,0.0,0.0,0.0,0.0,0.0,0.0,0.0,0,0.0,0.005829050641552564,195
9303.122428875,8.39000000000079,0,1,0,0.0,0.0,0.0,0.0,0.0,0.0,0.0,0.0,0.0,0.0,0,0.0,0.0058290506415574995,197
9303.130774404,8.400000000000784,0,1,0,0.0,0.0,0.0,0.0,0.0,0.0,0.0,0.0,0.0,0.0,0,0.0,0.005829050641562305,199
9303.140802385,8.410000000000778,0,1,0,0.0,0.0,0.0,0.0,0.0,0.0,0.0,0.0,0.0,0.0,0,0.0,0.005829050641566983,199
9303.150775974,8.420000000000773,0,1,0,0.0,0.0,0.0,0.0,0.0,0.0,0.0,0.0,0.0,0.0,0,0.0,0.005829050641571539,199
9303.160771396,8.430000000000767,0,1,0,0.0,0.0,0.0,0.0,0.0,0.0,0.0,0.0,0.0,0.0,0,0.0,0.005829050641575974,203
9303.170768632,8.440000000000762,0,1,0,0.0,0.0,0.0,0.0,0.0,0.0,0.0,0.0,0.0,0.0,0,0.0,0.005829050641580294,203
9303.180792617,8.450000000000756,0,1,0,0.0,0.0,0.0,0.0,0.0,0.0,0.0,0.0,0.0,0.0,0,0.0,0.005829050641584499,203
9303.196594931,8.46000000000075,0,1,0,0.0,0.0,0.0,0.0,0.0,0.0,0.0,0.0,0.0,0.0,0,0.0,0.005829050641588593,204
9303.206277751,8.470000000000745,0,1,0,0.0,0.0,0.0,0.0,0.0,0.0,0.0,0.0,0.0,0.0,0,0.0,0.005829050641592578,205
9303.216410799,8.48000000000074,0,1,0,0.0,0.0,0.0,0.0,0.0,0.0,0.0,0.0,0.0,0.0,0,0.0,0.005829050641596459,205
9303.22636325,8.490000000000734,0,1,0,0.0,0.0,0.0,0.0,0.0,0.0,0.0,0.0,0.0,0.0,0,0.0,0.005829050641600238,210
9303.236320332,8.500000000000728,0,1,0,0.0,0.0,0.0,0.0,0.0,0.0,0.0,0.0,0.0,0.0,0,0.0,0.005829050641603916,0
9303.246244557,8.510000000000723,0,1,0,0.0,0.0,0.0,0.0,0.0,0.0,0.0,0.0,0.0,0.0,0,0.0,0.005829050641607499,1
9303.257104765,8.520000000000717,0,1,0,0.0,0.0,0.0,0.0,0.0,0.0,0.0,0.0,0.0,0.0,0,0.0,0.005829050641610986,3
9303.266280205,8.530000000000712,0,1,0,0.0,0.0,0.0,0.0,0.0,0.0,0.0,0.0,0.0,0.0,0,0.0,0.005829050641614382,4
9303.276324596,8.540000000000706,0,1,0,0.0,0.0,0.0,0.0,0.0,0.0,0.0,0.0,0.0,0.0,0,0.0,0.005829050641617691,4
9303.286260271,8.5500000000007,0,1,0,0.0,0.0,0.0,0.0,0.0,0.0,0.0,0.0,0.0,0.0,0,0.0,0.005829050641620913,4
9303.29624178,8.560000000000695,0,1,0,0.0,0.0,0.0,0.0,0.0,0.0,0.0,0.0,0.0,0.0,0,0.0,0.005829050641624049,7
9303.30633501,8.57000000000069,0,1,0,0.0,0.0,0.0,0.0,0.0,0.0,0.0,0.0,0.0,0.0,0,0.0,0.005829050641627099,8
9303.31630834,8.580000000000684,0,1,0,0.0,0.0,0.0,0.0,0.0,0.0,0.0,0.0,0.0,0.0,0,0.0,0.00582905064163007,9
9303.326492916,8.590000000000678,0,1,0,0.0,0.0,0.0,0.0,0.0,0.0,0.0,0.0,0.0,0.0,0,0.0,0.0058290506416329635,13
9303.336482324,8.600000000000673,0,1,0,0.0,0.0,0.0,0.0,0.0,0.0,0.0,0.0,0.0,0.0,0,0.0,0.005829050641635781,13
9303.346234485,8.610000000000667,0,1,0,0.0,0.0,0.0,0.0,0.0,0.0,0.0,0.0,0.0,0.0,0,0.0,0.005829050641638522,14
9303.356332918,8.620000000000662,0,1,0,0.0,0.0,0.0,0.0,0.0,0.0,0.0,0.0,0.0,0.0,0,0.0,0.005829050641641193,14
9303.366261041,8.630000000000656,0,1,0,0.0,0.0,0.0,0.0,0.0,0.0,0.0,0.0,0.0,0.0,0,0.0,0.005829050641643793,19
9303.376392576,8.64000000000065,0,1,0,0.0,0.0,0.0,0.0,0.0,0.0,0.0,0.0,0.0,0.0,0,0.0,0.005829050641646324,19
9303.386153282,8.650000000000645,0,1,0,0.0,0.0,0.0,0.0,0.0,0.0,0.0,0.0,0.0,0.0,0,0.0,0.0058290506416487885,19
9303.396318813,8.66000000000064,0,1,0,0.0,0.0,0.0,0.0,0.0,0.0,0.0,0.0,0.0,0.0,0,0.0,0.005829050641651188,23
9303.40626227,8.670000000000634,0,1,0,0.0,0.0,0.0,0.0,0.0,0.0,0.0,0.0,0.0,0.0,0,0.0,0.005829050641653524,23
9303.416502954,8.680000000000629,0,1,0,0.0,0.0,0.0,0.0,0.0,0.0,0.0,0.0,0.0,0.0,0,0.0,0.005829050641655799,23
9303.42698437,8.690000000000623,0,1,0,0.0,0.0,0.0,0.0,0.0,0.0,0.0,0.0,0.0,0.0,0,0.0,0.005829050641658014,25
9303.436501116,8.700000000000617,0,1,0,0.0,0.0,0.0,0.0,0.0,0.0,0.0,0.0,0.0,0.0,0,0.0,0.005829050641660171,26
9303.446389525,8.710000000000612,0,1,0,0.0,0.0,0.0,0.0,0.0,0.0,0.0,0.0,0.0,0.0,0,0.0,0.00582905064166227,26
9303.456636516,8.720000000000606,0,1,0,0.0,0.0,0.0,0.0,0.0,0.0,0.0,0.0,0.0,0.0,0,0.0,0.005829050641664314,26
9303.466191968,8.7300000000006,0,1,0,0.0,0.0,0.0,0.0,0.0,0.0,0.0,0.0,0.0,0.0,0,0.0,0.005829050641666305,30
9303.476272146,8.740000000000595,0,1,0,0.0,0.0,0.0,0.0,0.0,0.0,0.0,0.0,0.0,0.0,0,0.0,0.005829050641668243,30
9303.48614697,8.75000000000059,0,1,0,0.0,0.0,0.0,0.0,0.0,0.0,0.0,0.0,0.0,0.0,0,0.0,0.00582905064167013,30
9303.496188422,8.760000000000584,0,1,0,0.0,0.0,0.0,0.0,0.0,0.0,0.0,0.0,0.0,0.0,0,0.0,0.005829050641671966,33
9303.50626962,8.770000000000579,0,1,0,0.0,0.0,0.0,0.0,0.0,0.0,0.0,0.0,0.0,0.0,0,0.0,0.005829050641673755,33
9303.516266774,8.780000000000573,0,1,0,0.0,0.0,0.0,0.0,0.0,0.0,0.0,0.0,0.0,0.0,0,0.0,0.005829050641675495,33
9303.526154943,8.790000000000568,0,1,0,0.0,0.0,0.0,0.0,0.0,0.0,0.0,0.0,0.0,0.0,0,0.0,0.005829050641677191,33
9303.536413647,8.800000000000562,0,1,0,0.0,0.0,0.0,0.0,0.0,0.0,0.0,0.0,0.0,0.0,0,0.0,0.005829050641678843,38
9303.54684045,8.810000000000556,0,1,0,0.0,0.0,0.0,0.0,0.0,0.0,0.0,0.0,0.0,0.0,0,0.0,0.005829050641680452,39
9303.556382988,8.820000000000551,0,1,0,0.0,0.0,0.0,0.0,0.0,0.0,0.0,0.0,0.0,0.0,0,0.0,0.005829050641682018,40
9303.566482479,8.830000000000545,0,1,0,0.0,0.0,0.0,0.0,0.0,0.0,0.0,0.0,0.0,0.0,0,0.0,0.005829050641683541,45
9303.576870483,8.84000000000054,0,1,0,0.0,0.0,0.0,0.0,0.0,0.0,0.0,0.0,0.0,0.0,0,0.0,0.005829050641685024,45
9303.586545838,8.850000000000534,0,1,0,0.0,0.0,0.0,0.0,0.0,0.0,0.0,0.0,0.0,0.0,0,0.0,0.005829050641686469,46
9303.597022802,8.860000000000529,0,1,0,0.0,0.0,0.0,0.0,0.0,0.0,0.0,0.0,0.0,0.0,0,0.0,0.005829050641687875,48
9303.606524342,8.870000000000523,0,1,0,0.0,0.0,0.0,0.0,0.0,0.0,0.0,0.0,0.0,0.0,0,0.0,0.005829050641689244,49
9303.616530417,8.880000000000518,0,1,0,0.0,0.0,0.0,0.0,0.0,0.0,0.0,0.0,0.0,0.0,0,0.0,0.005829050641690577,49
9303.626611215,8.890000000000512,0,1,0,0.0,0.0,0.0,0.0,0.0,0.0,0.0,0.0,0.0,0.0,0,0.0,0.005829050641691875,49
9303.636503225,8.900000000000507,0,1,0,0.0,0.0,0.0,0.0,0.0,0.0,0.0,0.0,0.0,0.0,0,0.0,0.005829050641693138,53
9303.645964563,8.910000000000501,0,1,0,0.0,0.0,0.0,0.0,0.0,0.0,0.0,0.0,0.0,0.0,0,0.0,0.005829050641694369,53
9303.656037659,8.920000000000496,0,1,0,0.0,0.0,0.0,0.0,0.0,0.0,0.0,0.0,0.0,0.0,0,0.0,0.005829050641695567,53
9303.666379302,8.93000000000049,0,1,0,0.0,0.0,0.0,0.0,0.0,0.0,0.0,0.0,0.0,0.0,0,0.0,0.005829050641696734,56
9303.676376501,8.940000000000484,0,1,0,0.0,0.0,0.0,0.0,0.0,0.0,0.0,0.0,0.0,0.0,0,0.0,0.005829050641697869,56
9303.686131266,8.950000000000479,0,1,0,0.0,0.0,0.0,0.0,0.0,0.0,0.0,0.0,0.0,0.0,0,0.0,0.005829050641698975,56
9303.696352421,8.960000000000473,0,1,0,0.0,0.0,0.0,0.0,0.0,0.0,0.0,0.0,0.0,0.0,0,0.0,0.005829050641700052,56
9303.706333287,8.970000000000468,0,1,0,0.0,0.0,0.0,0.0,0.0,0.0,0.0,0.0,0.0,0.0,0,0.0,0.0058290506417011,61
9303.716136626,8.980000000000462,0,1,0,0.0,0.0,0.0,0.0,0.0,0.0,0.0,0.0,0.0,0.0,0,0.0,0.005829050641702121,61
9303.725962702,8.990000000000457,0,1,0,0.0,0.0,0.0,0.0,0.0,0.0,0.0,0.0,0.0,0.0,0,0.0,0.005829050641703115,61
9303.736218352,9.000000000000451,0,1,0,0.0,0.0,0.0,0.0,0.0,0.0,0.0,0.0,0.0,0.0,0,0.0,0.005829050641704083,65
9303.745983267,9.010000000000446,0,1,0,0.0,0.0,0.0,0.0,0.0,0.0,0.0,0.0,0.0,0.0,0,0.0,0.005829050641705025,65
9303.756385311,9.02000000000044,0,1,0,0.0,0.0,0.0,0.0,0.0,0.0,0.0,0.0,0.0,0.0,0,0.0,0.0058290506417059415,65
9303.767556569,9.030000000000435,0,1,0,0.0,0.0,0.0,0.0,0.0,0.0,0.0,0.0,0.0,0.0,0,0.0,0.005829050641706835,67
9303.776647341,9.040000000000429,0,1,0,0.0,0.0,0.0,0.0,0.0,0.0,0.0,0.0,0.0,0.0,0,0.0,0.005829050641707704,69
9303.786851233,9.050000000000423,0,1,0,0.0,0.0,0.0,0.0,0.0,0.0,0.0,0.0,0.0,0.0,0,0.0,0.0058290506417085506,71
9303.796970701,9.060000000000418,0,1,0,0.0,0.0,0.0,0.0,0.0,0.0,0.0,0.0,0.0,0.0,0,0.0,0.0058290506417093746,74
9303.806846663,9.070000000000412,0,1,0,0.0,0.0,0.0,0.0,0.0,0.0,0.0,0.0,0.0,0.0,0,0.0,0.005829050641710177,80
9303.816637156,9.080000000000407,0,1,0,0.0,0.0,0.0,0.0,0.0,0.0,0.0,0.0,0.0,0.0,0,0.0,0.0058290506417109575,83
9303.826768781,9.090000000000401,0,1,0,0.0,0.0,0.0,0.0,0.0,0.0,0.0,0.0,0.0,0.0,0,0.0,0.005829050641711719,86
9303.836301372,9.100000000000396,0,1,0,0.0,0.0,0.0,0.0,0.0,0.0,0.0,0.0,0.0,0.0,0,0.0,0.00582905064171246,90
9303.846024313,9.11000000000039,0,1,0,0.0,0.0,0.0,0.0,0.0,0.0,0.0,0.0,0.0,0.0,0,0.0,0.0058290506417131805,91
9303.856772024,9.120000000000385,0,1,0,0.0,0.0,0.0,0.0,0.0,0.0,0.0,0.0,0.0,0.0,0,0.0,0.005829050641713883,93
9303.868126981,9.13000000000038,0,1,0,0.0,0.0,0.0,0.0,0.0,0.0,0.0,0.0,0.0,0.0,0,0.0,0.0058290506417145675,96
9303.876252505,9.140000000000374,0,1,0,0.0,0.0,0.0,0.0,0.0,0.0,0.0,0.0,0.0,0.0,0,0.0,0.005829050641715233,100
9303.886699321,9.150000000000368,0,1,0,0.0,0.0,0.0,0.0,0.0,0.0,0.0,0.0,0.0,0.0,0,0.0,0.005829050641715881,102
9303.896949564,9.160000000000363,0,1,0,0.0,0.0,0.0,0.0,0.0,0.0,0.0,0.0,0.0,0.0,0,0.0,0.005829050641716511,104
9303.906136681,9.170000000000357,0,1,0,0.0,0.0,0.0,0.0,0.0,0.0,0.0,0.0,0.0,0.0,0,0.0,0.005829050641717126,110
9303.915977402,9.180000000000351,0,1,0,0.0,0.0,0.0,0.0,0.0,0.0,0.0,0.0,0.0,0.0,0,0.0,0.005829050641717725,111
9303.92682068,9.190000000000346,0,1,0,0.0,0.0,0.0,0.0,0.0,0.0,0.0,0.0,0.0,0.0,0,0.0,0.0058290506417183075,112
9303.937568117,9.20000000000034,0,1,0,0.0,0.0,0.0,0.0,0.0,0.0,0.0,0.0,0.0,0.0,0,0.0,0.005829050641718875,116
9303.946904021,9.210000000000335,0,1,0,0.0,0.0,0.0,0.0,0.0,0.0,0.0,0.0,0.0,0.0,0,0.0,0.005829050641719426,119
9303.956181422,9.22000000000033,0,1,0,0.0,0.0,0.0,0.0,0.0,0.0,0.0,0.0,0.0,0.0,0,0.0,0.005829050641719964,121
9303.966647152,9.230000000000324,0,1,0,0.0,0.0,0.0,0.0,0.0,0.0,0.0,0.0,0.0,0.0,0,0.0,0.005829050641720488,121
9303.976746186,9.240000000000318,0,1,0,0.0,0.0,0.0,0.0,0.0,0.0,0.0,0.0,0.0,0.0,0,0.0,0.005829050641720997,126
9303.986110785,9.250000000000313,0,1,0,0.0,0.0,0.0,0.0,0.0,0.0,0.0,0.0,0.0,0.0,0,0.0,0.005829050641721494,128
9303.996756584,9.260000000000307,0,1,0,0.0,0.0,0.0,0.0,0.0,0.0,0.0,0.0,0.0,0.0,0,0.0,0.0058290506417219765,129
9304.006972053,9.270000000000302,0,1,0,0.0,0.0,0.0,0.0,0.0,0.0,0.0,0.0,0.0,0.0,0,0.0,0.005829050641722447,135
9304.016044792,9.280000000000296,0,1,0,0.0,0.0,0.0,0.0,0.0,0.0,0.0,0.0,0.0,0.0,0,0.0,0.0058290506417229045,138
9304.026626974,9.29000000000029,0,1,0,0.0,0.0,0.0,0.0,0.0,0.0,0.0,0.0,0.0,0.0,0,0.0,0.00582905064172335,138
9304.036653359,9.300000000000285,0,1,0,0.0,0.0,0.0,0.0,0.0,0.0,0.0,0.0,0.0,0.0,0,0.0,0.005829050641723785,140
9304.046007186,9.31000000000028,0,1,0,0.0,0.0,0.0,0.0,0.0,0.0,0.0,0.0,0.0,0.0,0,0.0,0.005829050641724207,146
9304.056809443,9.320000000000274,0,1,0,0.0,0.0,0.0,0.0,0.0,0.0,0.0,0.0,0.0,0.0,0,0.0,0.005829050641724619,146
9304.06655108,9.330000000000268,0,1,0,0.0,0.0,0.0,0.0,0.0,0.0,0.0,0.0,0.0,0.0,0,0.0,0.005829050641725021,148
9304.076816079,9.340000000000263,0,1,0,0.0,0.0,0.0,0.0,0.0,0.0,0.0,0.0,0.0,0.0,0,0.0,0.005829050641725411,153
9304.086563286,9.350000000000257,0,1,0,0.0,0.0,0.0,0.0,0.0,0.0,0.0,0.0,0.0,0.0,0,0.0,0.005829050641725791,156
9304.096437274,9.360000000000252,0,1,0,0.0,0.0,0.0,0.0,0.0,0.0,0.0,0.0,0.0,0.0,0,0.0,0.005829050641726161,158
9304.107978399,9.370000000000246,0,1,0,0.0,0.0,0.0,0.0,0.0,0.0,0.0,0.0,0.0,0.0,0,0.0,0.0058290506417265206,161
9304.116480512,9.38000000000024,0,1,0,0.0,0.0,0.0,0.0,0.0,0.0,0.0,0.0,0.0,0.0,0,0.0,0.005829050641726871,164
9304.126487605,9.390000000000235,0,1,0,0.0,0.0,0.0,0.0,0.0,0.0,0.0,0.0,0.0,0.0,0,0.0,0.005829050641727213,165
9304.136670953,9.40000000000023,0,1,0,0.0,0.0,0.0,0.0,0.0,0.0,0.0,0.0,0.0,0.0,0,0.0,0.005829050641727545,167
9304.146069598,9.410000000000224,0,1,0,0.0,0.0,0.0,0.0,0.0,0.0,0.0,0.0,0.0,0.0,0,0.0,0.0058290506417278684,173
9304.156833304,9.420000000000218,0,1,0,0.0,0.0,0.0,0.0,0.0,0.0,0.0,0.0,0.0,0.0,0,0.0,0.005829050641728183,174
9304.166735909,9.430000000000213,0,1,0,0.0,0.0,0.0,0.0,0.0,0.0,0.0,0.0,0.0,0.0,0,0.0,0.00582905064172849,177
9304.177995519,9.440000000000207,0,1,0,0.0,0.0,0.0,0.0,0.0,0.0,0.0,0.0,0.0,0.0,0,0.0,0.005829050641728789,182
9304.186484064,9.450000000000202,0,1,0,0.0,0.0,0.0,0.0,0.0,0.0,0.0,0.0,0.0,0.0,0,0.0,0.005829050641729079,185
9304.197038926,9.460000000000196,0,1,0,0.0,0.0,0.0,0.0,0.0,0.0,0.0,0.0,0.0,0.0,0,0.0,0.005829050641729363,186
9304.206573264,9.47000000000019,0,1,0,0.0,0.0,0.0,0.0,0.0,0.0,0.0,0.0,0.0,0.0,0,0.0,0.00582905064172964,187
9304.216763835,9.480000000000185,0,1,0,0.0,0.0,0.0,0.0,0.0,0.0,0.0,0.0,0.0,0.0,0,0.0,0.0058290506417299085,195
9304.226377865,9.49000000000018,0,1,0,0.0,0.0,0.0,0.0,0.0,0.0,0.0,0.0,0.0,0.0,0,0.0,0.0058290506417301696,197
9304.236524417,9.500000000000174,0,1,0,0.0,0.0,0.0,0.0,0.0,0.0,0.0,0.0,0.0,0.0,0,0.0,0.005829050641730424,0
9304.247750107,9.510000000000169,0,1,0,0.0,0.0,0.0,0.0,0.0,0.0,0.0,0.0,0.0,0.0,0,0.0,0.005829050641730672,4
9304.256095817,9.520000000000163,0,1,0,0.0,0.0,0.0,0.0,0.0,0.0,0.0,0.0,0.0,0.0,0,0.0,0.005829050641730914,6
9304.26588907,9.530000000000157,0,1,0,0.0,0.0,0.0,0.0,0.0,0.0,0.0,0.0,0.0,0.0,0,0.0,0.005829050641731148,6
9304.276505083,9.540000000000152,0,1,0,0.0,0.0,0.0,0.0,0.0,0.0,0.0,0.0,0.0,0.0,0,0.0,0.005829050641731376,6
9304.286653073,9.550000000000146,0,1,0,0.0,0.0,0.0,0.0,0.0,0.0,0.0,0.0,0.0,0.0,0,0.0,0.005829050641731599,12
9304.296360547,9.56000000000014,0,1,0,0.0,0.0,0.0,0.0,0.0,0.0,0.0,0.0,0.0,0.0,0,0.0,0.005829050641731816,13
9304.306317559,9.570000000000135,0,1,0,0.0,0.0,0.0,0.0,0.0,0.0,0.0,0.0,0.0,0.0,0,0.0,0.005829050641732027,13
9304.316308521,9.58000000000013,0,1,0,0.0,0.0,0.0,0.0,0.0,0.0,0.0,0.0,0.0,0.0,0,0.0,0.005829050641732233,17
9304.325962089,9.590000000000124,0,1,0,0.0,0.0,0.0,0.0,0.0,0.0,0.0,0.0,0.0,0.0,0,0.0,0.0058290506417324325,18
9304.335976509,9.600000000000119,0,1,0,0.0,0.0,0.0,0.0,0.0,0.0,0.0,0.0,0.0,0.0,0,0.0,0.005829050641732628,18
9304.347380167,9.610000000000113,0,1,0,0.0,0.0,0.0,0.0,0.0,0.0,0.0,0.0,0.0,0.0,0,0.0,0.0058290506417328185,20
9304.35637879,9.620000000000108,0,1,0,0.0,0.0,0.0,0.0,0.0,0.0,0.0,0.0,0.0,0.0,0,0.0,0.0058290506417330015,21
9304.366394736,9.630000000000102,0,1,0,0.0,0.0,0.0,0.0,0.0,0.0,0.0,0.0,0.0,0.0,0,0.0,0.005829050641733183,22
9304.376441076,9.640000000000096,0,1,0,0.0,0.0,0.0,0.0,0.0,0.0,0.0,0.0,0.0,0.0,0,0.0,0.005829050641733356,22
9304.386715241,9.650000000000091,0,1,0,0.0,0.0,0.0,0.0,0.0,0.0,0.0,0.0,0.0,0.0,0,0.0,0.005829050641733528,29
9304.396298593,9.660000000000085,0,1,0,0.0,0.0,0.0,0.0,0.0,0.0,0.0,0.0,0.0,0.0,0,0.0,0.005829050641733693,31
9304.406657508,9.67000000000008,0,1,0,0.0,0.0,0.0,0.0,0.0,0.0,0.0,0.0,0.0,0.0,0,0.0,0.005829050641733856,31
9304.416495514,9.680000000000074,0,1,0,0.0,0.0,0.0,0.0,0.0,0.0,0.0,0.0,0.0,0.0,0,0.0,0.005829050641734012,36
9304.426552754,9.690000000000069,0,1,0,0.0,0.0,0.0,0.0,0.0,0.0,0.0,0.0,0.0,0.0,0,0.0,0.005829050641734167,37
9304.436041387,9.700000000000063,0,1,0,0.0,0.0,0.0,0.0,0.0,0.0,0.0,0.0,0.0,0.0,0,0.0,0.005829050641734315,37
9304.445933374,9.710000000000058,0,1,0,0.0,0.0,0.0,0.0,0.0,0.0,0.0,0.0,0.0,0.0,0,0.0,0.005829050641734462,37
9304.456239387,9.720000000000052,0,1,0,0.0,0.0,0.0,0.0,0.0,0.0,0.0,0.0,0.0,0.0,0,0.0,0.005829050641734602,42
9304.466637725,9.730000000000047,0,1,0,0.0,0.0,0.0,0.0,0.0,0.0,0.0,0.0,0.0,0.0,0,0.0,0.0058290506417347406,43
9304.476232516,9.740000000000041,0,1,0,0.0,0.0,0.0,0.0,0.0,0.0,0.0,0.0,0.0,0.0,0,0.0,0.005829050641734874,45
9304.485962018,9.750000000000036,0,1,0,0.0,0.0,0.0,0.0,0.0,0.0,0.0,0.0,0.0,0.0,0,0.0,0.005829050641735004,50
9304.496707036,9.76000000000003,0,1,0,0.0,0.0,0.0,0.0,0.0,0.0,0.0,0.0,0.0,0.0,0,0.0,0.0058290506417351335,51
9304.506436578,9.770000000000024,0,1,0,0.0,0.0,0.0,0.0,0.0,0.0,0.0,0.0,0.0,0.0,0,0.0,0.005829050641735255,52
9304.51785131,9.780000000000019,0,1,0,0.0,0.0,0.0,0.0,0.0,0.0,0.0,0.0,0.0,0.0,0,0.0,0.005829050641735376,53
9304.526535044,9.790000000000013,0,1,0,0.0,0.0,0.0,0.0,0.0,0.0,0.0,0.0,0.0,0.0,0,0.0,0.005829050641735494,57
9304.536428408,9.800000000000008,0,1,0,0.0,0.0,0.0,0.0,0.0,0.0,0.0,0.0,0.0,0.0,0,0.0,0.005829050641735607,58
9304.546027398,9.810000000000002,0,1,0,0.0,0.0,0.0,0.0,0.0,0.0,0.0,0.0,0.0,0.0,0,0.0,0.00582905064173572,59
9304.556215103,9.819999999999997,0,1,0,0.0,0.0,0.0,0.0,0.0,0.0,0.0,0.0,0.0,0.0,0,0.0,0.005829050641735828,63
9304.566837496,9.829999999999991,0,1,0,0.0,0.0,0.0,0.0,0.0,0.0,0.0,0.0,0.0,0.0,0,0.0,0.005829050641735932,65
9304.576121739,9.839999999999986,0,1,0,0.0,0.0,0.0,0.0,0.0,0.0,0.0,0.0,0.0,0.0,0,0.0,0.005829050641736036,66
9304.586997877,9.84999999999998,0,1,0,0.0,0.0,0.0,0.0,0.0,0.0,0.0,0.0,0.0,0.0,0,0.0,0.005829050641736137,69
9304.595963885,9.859999999999975,0,1,0,0.0,0.0,0.0,0.0,0.0,0.0,0.0,0.0,0.0,0.0,0,0.0,0.005829050641736232,70
9304.606126284,9.869999999999969,0,1,0,0.0,0.0,0.0,0.0,0.0,0.0,0.0,0.0,0.0,0.0,0,0.0,0.005829050641736328,70
9304.616081237,9.879999999999963,0,1,0,0.0,0.0,0.0,0.0,0.0,0.0,0.0,0.0,0.0,0.0,0,0.0,0.005829050641736423,70
9304.62647307,9.889999999999958,0,1,0,0.0,0.0,0.0,0.0,0.0,0.0,0.0,0.0,0.0,0.0,0,0.0,0.00582905064173651,74
9304.63652699,9.899999999999952,0,1,0,0.0,0.0,0.0,0.0,0.0,0.0,0.0,0.0,0.0,0.0,0,0.0,0.005829050641736597,75
9304.646520628,9.909999999999947,0,1,0,0.0,0.0,0.0,0.0,0.0,0.0,0.0,0.0,0.0,0.0,0,0.0,0.0058290506417366834,75
9304.656480834,9.919999999999941,0,1,0,0.0,0.0,0.0,0.0,0.0,0.0,0.0,0.0,0.0,0.0,0,0.0,0.005829050641736768,79
9304.666463906,9.929999999999936,0,1,0,0.0,0.0,0.0,0.0,0.0,0.0,0.0,0.0,0.0,0.0,0,0.0,0.005829050641736846,80
9304.676497885,9.93999999999993,0,1,0,0.0,0.0,0.0,0.0,0.0,0.0,0.0,0.0,0.0,0.0,0,0.0,0.005829050641736924,80
9304.687231191,9.949999999999925,0,1,0,0.0,0.0,0.0,0.0,0.0,0.0,0.0,0.0,0.0,0.0,0,0.0,0.005829050641737002,82
9304.696264684,9.95999999999992,0,1,0,0.0,0.0,0.0,0.0,0.0,0.0,0.0,0.0,0.0,0.0,0,0.0,0.005829050641737079,83
9304.706248345,9.969999999999914,0,1,0,0.0,0.0,0.0,0.0,0.0,0.0,0.0,0.0,0.0,0.0,0,0.0,0.005829050641737148,83
9304.716296164,9.979999999999908,0,1,0,0.0,0.0,0.0,0.0,0.0,0.0,0.0,0.0,0.0,0.0,0,0.0,0.005829050641737218,83
9304.726293669,9.989999999999903,0,1,0,0.0,0.0,0.0,0.0,0.0,0.0,0.0,0.0,0.0,0.0,0,0.0,0.005829050641737287,89
9304.736226972,9.999999999999897,0,1,0,0.0,0.0,0.0,0.0,0.0,0.0,0.0,0.0,0.0,0.0,0,0.0,0.0058290506417373565,89
9304.746731601,10.009999999999891,0,1,0,0.0,0.0,0.0,0.0,0.0,0.0,0.0,0.0,0.0,0.0,0,0.0,0.0058290506417374216,91
9304.75698988,10.019999999999886,0,1,0,0.0,0.0,0.0,0.0,0.0,0.0,0.0,0.0,0.0,0.0,0,0.0,0.005829050641737482,97
9304.766732592,10.02999999999988,0,1,0,0.0,0.0,0.0,0.0,0.0,0.0,0.0,0.0,0.0,0.0,0,0.0,0.005829050641737543,98
9304.776286569,10.039999999999875,0,1,0,0.0,0.0,0.0,0.0,0.0,0.0,0.0,0.0,0.0,0.0,0,0.0,0.005829050641737604,101
9304.786856478,10.04999999999987,0,1,0,0.0,0.0,0.0,0.0,0.0,0.0,0.0,0.0,0.0,0.0,0,0.0,0.005829050641737664,102
9304.796236811,10.059999999999864,0,1,0,0.0,0.0,0.0,0.0,0.0,0.0,0.0,0.0,0.0,0.0,0,0.0,0.005829050641737724,109
9304.80680901,10.069999999999858,0,1,0,0.0,0.0,0.0,0.0,0.0,0.0,0.0,0.0,0.0,0.0,0,0.0,0.005829050641737776,110
9304.816216421,10.079999999999853,0,1,0,0.0,0.0,0.0,0.0,0.0,0.0,0.0,0.0,0.0,0.0,0,0.0,0.005829050641737828,113
9304.825990428,10.089999999999847,0,1,0,0.0,0.0,0.0,0.0,0.0,0.0,0.0,0.0,0.0,0.0,0,0.0,0.00582905064173788,118
9304.83683114,10.099999999999842,0,1,0,0.0,0.0,0.0,0.0,0.0,0.0,0.0,0.0,0.0,0.0,0,0.0,0.0058290506417379324,119
9304.846834117,10.109999999999836,0,1,0,0.0,0.0,0.0,0.0,0.0,0.0,0.0,0.0,0.0,0.0,0,0.0,0.0058290506417379845,121
9304.858809969,10.11999999999983,0,1,0,0.0,0.0,0.0,0.0,0.0,0.0,0.0,0.0,0.0,0.0,0,0.0,0.0058290506417380365,123
9304.866659538,10.129999999999825,0,1,0,0.0,0.0,0.0,0.0,0.0,0.0,0.0,0.0,0.0,0.0,0,0.0,0.005829050641738082,126
9304.876098033,10.13999999999982,0,1,0,0.0,0.0,0.0,0.0,0.0,0.0,0.0,0.0,0.0,0.0,0,0.0,0.005829050641738125,129
9304.886617849,10.149999999999814,1,1,1,0.0878906249999661,0.026367187499989786,0.00031514231249985425,0.026052045187490033,6.146956327921646,0.6944021979782695,0.0,0.001826080182329483,0.06508314584110263,0.06508314584110263,0,13.371744280374807,0.006042251166021346,129
9304.896677786,10.159999999999808,1,1,1,0.1567125679116701,0.047013770373502684,0.0013519939393568088,0.04577456880586499,6.3552411384797125,0.6944119250766575,0.1,0.0032085017644300036,0.06258206145875628,0.06258206145875628,0,13.371807448868598,0.006434820077832429,137
9304.906477976,10.169999999999803,1,1,1,0.21207501628334816,0.06362250488500244,0.002949069503501207,0.06099890331379226,5.745129626583983,0.6922401771182745,0.1,0.004275629329041414,0.05316343218588653,0.05316343218588653,0,13.372032571470324,0.006919345396520171,141
9304.916651702,10.179999999999797,1,1,1,0.2779345354504482,0.08338036063513886,0.0057222910631601915,0.07771481522250057,5.949102876090505,0.6870927883311622,0.1,0.005447306840207619,0.05365192544181592,0.05365192544181592,0,13.37240752195566,0.0073353658396388965,142
9304.927206169,10.189999999999792,1,1,1,0.4061011624593615,0.1218303487378069,0.009348122825824656,0.11277915021799291,6.041972157656441,0.6802037118320853,0.1,0.007905090357049248,0.06000823769381955,0.06000823769381955,0,13.372912980967882,0.0077756545429223944,147
9304.936455641,10.199999999999786,1,1,1,0.4061011624593615,0.1218303487378069,0.013675289068735523,0.10834832508756086,6.007246733041999,0.671136375919651,0.09016172947992576,0.007594518119675331,0.059085170628017616,0.059085170628017616,0,13.373568358728587,0.008182208235361088,149
9304.94651657,10.20999999999978,1,1,1,0.4394528768214261,0.1318358630464279,0.01786408420949384,0.11432353707081501,5.519541612036518,0.6583660617505042,0.09999999999999999,0.008013341905267054,0.048998979592293025,0.048998979592293025,0,13.37436485848035,0.008473457097307291,152
9304.956466358,10.219999999999775,1,1,1,0.44361710399698434,0.1330851311990959,0.022239330568434978,0.1115315552821593,5.005522036169294,0.6433950426722513,0.09999999999994061,0.007817642006199861,0.044919475909875745,0.044919475909875745,0,13.375249470388468,0.008692370662722881,153
9304.966716601,10.22999999999977,1,1,1,0.4995199179824492,0.14985597539473472,0.026645149104346726,0.12440917665466025,4.772521473678135,0.6265347307181356,0.0,0.008720280129795647,0.0424932573660305,0.0424932573660305,0,13.376205243011054,0.008850599775954926,160
9304.976551753,10.239999999999764,1,1,1,0.49718406554668315,0.14915521966400605,0.031310633143466625,0.11866916638528657,4.806214646742745,0.6092568951277662,0.02854754648070537,0.008317942465944623,0.0479310618188905,0.0479310618188905,0,13.377209406254766,0.009002206082115771,162
9304.986414312,10.249999999999758,1,1,1,0.5754867809340753,0.1726460342802211,0.03647433775212536,0.13819487703033842,4.632984914360003,0.5921963263880103,0.0,0.009686568729189262,0.04896562408797961,0.04896562408797961,0,13.378275228042762,0.009182553982824304,163
9304.996771684,10.259999999999753,1,1,1,0.6283660492427814,0.18850981477283418,0.04155598336037566,0.15262144616429069,4.6755471685836,0.574422507991315,0.0,0.010697778091253603,0.047925210454096916,0.047925210454096916,0,13.379428426395672,0.009324419677220641,169
9305.007349669,10.269999999999747,1,1,1,0.6283660492427814,0.18850981477283418,0.04654639238022693,0.14692060215655525,4.353646951300695,0.555597439215415,0.1,0.010298185729496272,0.04459412225400669,0.04459412225400669,0,13.380653265289128,0.009418119788960011,171
9305.016601791,10.279999999999742,1,1,1,0.6821193461120988,0.20463580383362867,0.05223022776759917,0.1565045212836729,3.7709075565490653,0.5365815898236433,0.1,0.01096995658898644,0.03957350952805182,0.03957350952805182,0,13.381935498128394,0.009471485372847477,174
9305.028538699,10.289999999999736,1,1,1,0.7632292891800282,0.2289687867540086,0.05798199593927788,0.17537613645015762,3.4742160461635803,0.5165638412441774,0.0,0.012292734981855798,0.03629961008223073,0.03629961008223073,0,13.383244985032958,0.009442193317731329,178
9305.036854924,10.29999999999973,1,1,1,0.7509372482351585,0.22528117447054663,0.0643406717182258,0.16508046562689066,3.400212030667157,0.49733114468405404,0.1,0.011795370115322421,0.03334936262756515,0.03334936262756515,0,13.384565674653958,0.009427924590673431,184
9305.046453065,10.309999999999725,1,1,1,0.7632292891800282,0.2289687867540086,0.07042489492207514,0.16182418223932218,2.8811467082706637,0.4772296961168956,0.0,0.011342830479612431,0.02969405981526541,0.02969405981526541,0,13.385892898506007,0.00935261938683074,186
9305.05662653,10.31999999999972,1,1,1,0.845695327548733,0.25370859826462033,0.07699222270315456,0.1801424967427106,2.628401844550545,0.4579484193789291,0.0,0.012626826067965733,0.020351764602171966,0.020351764602171966,0,13.38720569197458,0.009230612451239795,188
9305.06688972,10.329999999999714,1,1,1,0.8456953275487363,0.25370859826462133,0.08369567178389212,0.17302685895170916,2.3065745536240896,0.4390390217746766,0.0,0.012128065795546714,0.02321937339208994,0.02321937339208994,0,13.388475160407395,0.009107800298503665,196
9305.076790326,10.339999999999709,1,1,1,0.8456953275487363,0.25370859826462133,0.09003249025812898,0.1663654300385523,2.012661419848864,0.4196495568543161,0.1,0.011661142633208865,0.019639342703006372,0.019639342703006372,0,13.389709298545627,0.008934074094366418,199
9305.086747488,10.349999999999703,1,1,1,0.8663849922820253,0.25991549768460864,0.09647411919467216,0.16654188988300236,2.085154251208418,0.40192991770724956,0.0,0.01167351132912534,0.01913942317747115,0.01913942317747115,0,13.390901922196383,0.0088180792320951,203
9305.098058243,10.359999999999697,1,1,1,0.9487438775168955,0.2846231632550684,0.10349176791340751,0.18434675704815495,1.8308741864096505,0.38501935768420836,0.0172583267954095,0.012921517573752522,0.016214487373828013,0.016214487373828013,0,13.392055486585338,0.00865179750985523,209
9305.106885477,10.369999999999692,1,1,1,0.9291564560754758,0.27874693682264157,0.11028603511424845,0.17097850527743796,1.2680764287628903,0.36859223384585926,0.022675164986950727,0.01198448942662566,0.011371721270508069,0.011371721270508069,0,13.393155671623182,0.008485041199516097,214
9305.116216442,10.379999999999686,1,1,1,0.9176043214074466,0.2752812964222333,0.11657420366261881,0.16196889581326068,0.9893089279748347,0.35176772670514117,0.027335930475453088,0.011352973966911888,0.01292347355817457,0.01292347355817457,0,13.39419942129921,0.008261356935218789,216
9305.126472879,10.38999999999968,1,1,1,0.9291564560754799,0.278746936822643,0.12286984682229979,0.15794108095097623,1.0411690118009138,0.3367196442845737,0.0,0.011070650147604118,0.009688490518349102,0.009688490518349102,0,13.3951587127249,0.00807112603743887,218
9305.136850281,10.399999999999675,1,1,1,0.9291564560754799,0.278746936822643,0.12888056345165377,0.15175346261893502,0.8367716983455391,0.32239240601002667,0.0,0.010636938048203003,0.008592925003707433,0.008592925003707433,0,13.39604795375558,0.00787635250755625,226
9305.146677646,10.40999999999967,1,1,1,0.9291564560754758,0.27874693682264157,0.13463255285187092,0.1458454523675253,0.4464740541756599,0.30890838078078864,0.1,0.010222824670176227,0.012364698658715824,0.012364698658715824,0,13.396867073278152,0.007667348201364277,227
9305.157100106,10.419999999999664,1,1,1,0.9466097210936102,0.28398291632808387,0.14028699985217857,0.14490647846212693,0.06838607028437758,0.2961649885239508,0.0020252499570491897,0.010157008661182118,0.01686599044943947,0.01686599044943947,0,13.397604089640469,0.00742405493682341,230
9305.167724675,10.429999999999659,1,1,1,0.9435587691582599,0.2830676307474784,0.1459381897978172,0.14192106812916735,0.12485153494685437,0.28489000218863647,0.09999999999999999,0.00994775066988429,0.01670191188984951,0.01670191188984951,0,13.398236362368987,0.007271585024605566,237
9305.176922657,10.439999999999653,1,1,1,0.9466097210936144,0.2839829163280844,0.151291406220926,0.1337428008986264,0.1969224491480374,0.2744628773312232,0.04850641591839502,0.0093745069338165,0.016234015853674552,0.016234015853674552,0,13.398770062316105,0.007181706727592821,242
9305.186590738,10.449999999999648,1,1,1,0.8770215640384151,0.26310646921152486,0.156278210007127,0.10698777899941148,0.02517524993332538,0.2653813532896901,0.0,0.007499152622231982,0.013906892074786749,0.013906892074786749,0,13.399191185320456,0.007114896915892318,243
9305.199395795,10.459999999999642,1,1,1,0.9577504644183452,0.2873251393255042,0.16050871782674933,0.12698022439811413,0.49273617549654125,0.2561850041980276,0.1,0.00873676941772813,0.019307033732089494,0.019307033732089494,0,13.399526072663535,0.007023125237563391,244
9305.206758128,10.469999999999636,1,1,1,0.9466097210936144,0.2839829163280844,0.16530250923319803,0.1195220879243723,0.5251036528165891,0.24844793362973014,0.1,0.008377726759592249,0.018923885510742245,0.018923885510742245,0,13.399795255027852,0.006945741552507098,251
9305.216539257,10.479999999999631,1,1,1,0.8630656421582146,0.25891969264746517,0.16958337626326872,0.09530483812319587,0.8883700966961947,0.24080092813757428,0.1,0.006680253888875384,0.022818593493292624,0.022818593493292624,0,13.399999370595525,0.006861906947198472,253
9305.226502659,10.489999999999625,1,1,1,0.9933224032439641,0.2979967209731885,0.1744197347377918,0.12460236401582282,0.4093484533584351,0.2342910838072011,0.1,0.00873382131664497,0.016762347821692003,0.016762347821692003,0,13.400179021473884,0.006780756755111957,254
9305.236386863,10.49999999999962,1,1,1,0.9933224032439641,0.2979967209731885,0.1791279576083034,0.11986420346266034,0.42491695021809256,0.22863145674054766,0.0,0.008401706850216102,0.016561522090289493,0.016561522090289493,0,13.400343836710393,0.006718769266963222,6
9305.246632588,10.509999999999614,1,1,1,0.9826451335267714,0.29479354005803265,0.18348838899175846,0.11274581818340912,0.999758714480659,0.22271026647421324,0.002025249956827233,0.007902753996607807,0.022851439908162737,0.022851439908162737,0,13.400502558283067,0.0066392196196427365,8
9305.256841049,10.519999999999609,1,1,1,0.9933224032439641,0.2979967209731885,0.1878689592884414,0.11119180913057203,0.5653038763769944,0.21711445251814776,0.1,0.007793827994287404,0.017395481049514265,0.017395481049514265,0,13.400669371901506,0.006561962289588856,11
9305.268372439,10.529999999999603,1,1,1,0.9933224032439614,0.29799672097318813,0.192198520387697,0.10677907079156504,0.8253859029790613,0.21213493665339667,0.0,0.007484523524228637,0.019936897127237087,0.019936897127237087,0,13.400835052839787,0.00649556534265889,15
9305.276659735,10.539999999999598,1,1,1,0.9826451335267714,0.29479354005803265,0.19625250228052657,0.1000053059987318,1.1264126427643624,0.20696593395690757,0.0,0.007009726341937041,0.02321645052368114,0.02321645052368114,0,13.401004971989456,0.006418127878804146,21
9305.286837926,10.549999999999592,1,1,1,0.9826451335267732,0.2947935400580333,0.2000448910657211,0.09606606103868565,0.9629632375195589,0.20154618387272494,0.0,0.006733610700991534,0.020915243125233973,0.020915243125233973,0,13.401182790061076,0.006363305791452092,25
9305.296531857,10.559999999999587,1,1,1,0.979766639362074,0.2939299918086231,0.20369314220242707,0.09644215716276185,1.2685962747367563,0.19631634653418673,0.017220807437704728,0.006759972611309391,0.02454288553681334,0.02454288553681334,0,13.401344671332874,0.006311085054068594,28
9305.306688834,10.569999999999581,1,1,1,1.0115515224812481,0.30346545674437453,0.20740532698499375,0.10169433210066042,0.5991110102265762,0.19212351745986733,0.1,0.0071281161677635005,0.016013604799293184,0.016013604799293184,0,13.40143790349088,0.006277950516183561,35
9305.316966584,10.579999999999576,1,1,1,0.9933224032439584,0.2979967209731872,0.21092034354752043,0.08814857772775095,0.8717192302958663,0.1882907801294692,0.0,0.006178646234134104,0.018960172747966804,0.018960172747966804,0,13.401457417296376,0.006262262179503949,38
9305.326630799,10.58999999999957,1,1,1,1.0115515224812481,0.30346545674437453,0.2143128292508862,0.09502150116085732,0.6321394907124366,0.18491188293391808,0.1,0.006660393796966067,0.01591039450878137,0.01591039450878137,0,13.401402106798164,0.006216903104492076,41
9305.336500604,10.599999999999564,1,1,1,1.0115515224812481,0.30346545674437453,0.21772175306651007,0.09128833191404276,0.5717895641175917,0.18225460401586685,0.0,0.0063987227331466275,0.015067237695741817,0.015067237695741817,0,13.401312550924985,0.006188232362043292,47
9305.346592315,10.609999999999559,1,1,1,1.0724951783750372,0.321748553512512,0.22147311287874202,0.1004638059022682,0.8442117463301938,0.18019893941384066,0.015530524550018956,0.007041864225217167,0.01886070268723304,0.01886070268723304,0,13.40120456044555,0.006162761580451456,49
9305.356638845,10.619999999999553,1,1,1,1.0724951783750407,0.3217485535125131,0.22546672666319337,0.09643205401440962,0.8668821488308971,0.17868552040002664,0.0,0.006759264445833089,0.01825797063439873,0.01825797063439873,0,13.401068490071722,0.006131255779790125,51
9305.368752791,10.629999999999548,1,1,1,1.0619843051609223,0.3185952915482778,0.22924638822513474,0.09097316652215598,0.9313868001418371,0.17712905136941104,0.09999999999999999,0.006376631673802082,0.018941066215382423,0.018941066215382423,0,13.400919721430235,0.0060903574567165485,56
9305.376685996,10.639999999999542,1,1,1,1.0619843051609223,0.3185952915482778,0.23282138876938505,0.08745053136212753,1.0967838634595333,0.17555073310446584,0.1,0.0061297176903119975,0.02071015418997808,0.02071015418997808,0,13.40074923926381,0.006072664241320476,63
9305.386481907,10.649999999999537,1,1,1,1.1698176883521783,0.350945306505653,0.2368410461098342,0.11730262656157651,0.5031324949947669,0.17479106734090827,0.09999999999999999,0.008222156846332812,0.013818820419853503,0.013818820419853503,0,13.400531605668348,0.006052778274702763,65
9305.397178686,10.659999999999531,1,1,1,1.152931855604529,0.3458795566813579,0.24111635631707062,0.10523501835657888,0.7489642538988373,0.17457479329654726,0.0,0.007376295416541932,0.016619247200806382,0.016619247200806382,0,13.40027541155686,0.006041374258164051,65
9305.406639033,10.669999999999526,1,1,1,1.2343853793997404,0.3703156138199198,0.24546633220564457,0.12605272782500196,0.774108778630052,0.174553537240405,0.09999999999999999,0.008835482456492186,0.017911470121398834,0.017911470121398834,0,13.399996552410489,0.006049937855252433,73
9305.416494758,10.67999999999952,1,1,1,1.2241721369533538,0.3672516410860054,0.2503627298049634,0.11956659892988754,0.6610042369542869,0.17536988290871242,0.1,0.008380846693727186,0.015606077923803568,0.015606077923803568,0,13.399680870940958,0.006062424243616186,74
9305.426425982,10.689999999999515,1,1,1,1.3538290023125936,0.40614870069377823,0.25581236696857573,0.1575819225291519,0.27087178765672865,0.17709894392881048,0.1,0.011045475460868833,0.011011722303921048,0.011011722303921048,0,13.399339271776427,0.006049421171021341,74
9305.43671918,10.699999999999509,1,1,1,1.3538290023125936,0.40614870069377823,0.26144837759951967,0.15172031553083484,0.20252904030114377,0.17898759426638136,0.01686906540258767,0.01063461465131626,0.010287573871139134,0.010287573871139134,0,13.399007833453254,0.0060241528024451785,80
9305.446762728,10.709999999999503,1,1,1,1.4355770906457967,0.43067312719374046,0.2674729406535764,0.1694687356074686,0.3461637066810701,0.1812546154435879,0.0,0.011878664319446128,0.012248687770147367,0.012248687770147367,0,13.398699498328437,0.006025453551149807,83
9305.456675821,10.719999999999498,1,1,1,1.5426689138814702,0.4628006741644405,0.27426064935190003,0.1979162304419741,0.5322731816339863,0.18448174024731837,0.08940731558203963,0.013872650057623583,0.013866663793037182,0.013866663793037182,0,13.39841024788872,0.005996602387459205,89
9305.46872125,10.729999999999492,1,1,1,1.6852439160573858,0.5055731748172153,0.28190138427847244,0.2407263897824338,0.511881448967328,0.1885494092734832,0.10000000000000002,0.016929037392871944,0.011572976055020208,0.011572976055020208,0,13.398169873769442,0.0059319988113497755,91
9305.476668168,10.739999999999487,1,1,1,1.8507675354502664,0.5552302606350793,0.2905811069490047,0.3047743372940951,0.7314095123938066,0.19354177820894672,0.1,0.021362713499460666,0.01866125654738016,0.01866125654738016,0,13.398010956822926,0.005838344027272045,95
9305.487504671,10.749999999999481,1,1,1,2.0770802671536543,0.6231240801460954,0.3009873366265528,0.3718168950371051,1.2779113358365324,0.20039580961599965,0.1,0.026061963987709432,0.0362391922040546,0.0362391922040546,0,13.397969108212571,0.0056983100640030275,98
9305.496462652,10.759999999999476,1,1,1,2.443353135795807,0.7330059407387411,0.3132241156853282,0.47567213280025433,1.5874767675751063,0.20902948593985207,0.1,0.03334154569216126,0.04416912374218518,0.04416912374218518,0,13.398053750881973,0.005507037126039896,104
9305.506715186,10.76999999999947,1,1,1,2.7560476559595735,0.8268142967878717,0.32796757571918495,0.5611083414153556,2.1395996198157463,0.22082576886335484,0.0,0.03933007236185708,0.060188877466683735,0.060188877466683735,0,13.398275958291425,0.005756725841932431,109
9305.51652644,10.779999999999465,1,1,1,3.014468625162299,0.9043405875486882,0.3451904582151412,0.6213840578163002,2.509349228115238,0.2354918409910889,0.0,0.043555010957017054,0.07063516011544764,0.07063516011544764,0,13.398804233592807,0.0063989370758577024,114
9305.526567672,10.78999999999946,1,1,1,3.3910228942125653,1.0173068682637687,0.3646132990090528,0.7265036905346431,2.816209819631902,0.2516180735817059,0.1,0.04996756571993373,0.07983784116072563,0.07983784116072563,0,13.399838360554071,0.007085970437872735,116
9305.538133599,10.799999999999454,1,1,1,3.8619061529102696,1.1585718458730796,0.3877261912218472,0.8411102801410331,3.67060891134918,0.27055353822997297,0.1,0.05895640064591527,0.10157958755367862,0.10157958755367862,0,13.40142366107884,0.007852526868387999,120
9305.546703962,10.809999999999448,1,1,1,4.076549645568391,1.2229648936705166,0.4137842834980401,0.8691871523455824,3.7997739968086033,0.2906515047425978,0.1,0.06092440813037738,0.10883345941217598,0.10883345941217598,0,13.403624865025524,0.008674403992385837,125
9305.556590888,10.819999999999443,1,1,1,4.6863944151126224,1.4059183245337856,0.44421655212203187,1.0242466278715945,4.600390199613965,0.31339435849214614,0.1,0.07179307634059616,0.12703092336431673,0.12703092336431673,0,13.406472240675095,0.0095379275898122,128
9305.566687316,10.829999999999437,1,1,1,5.191733436668706,1.55752003100061,0.47980210104798254,1.1395104185204243,5.481814677549337,0.33942139449801595,0.1,0.07987232395164645,0.15179113922133045,0.15179113922133045,0,13.410016185286926,0.010538933169553122,130
9305.576224964,10.839999999999431,1,1,1,5.702109774286158,1.7106329322858456,0.5200287742824335,1.2522948904083735,5.950588092546116,0.3680199983987772,0.10000000000000003,0.08777778732340431,0.16620259305160767,0.16620259305160767,0,13.414337566020626,0.01164492126423844,138
9305.5869264,10.849999999999426,1,1,1,6.186483776912152,1.8559451330736438,0.5651104219088859,1.345103063517029,6.438818215366062,0.3993794679426322,0.0,0.09428304111258862,0.17882261407621122,0.17882261407621122,0,13.419492023017465,0.012781440774264574,140
9305.596149548,10.85999999999942,1,1,1,6.705160679334017,2.0115482038002033,0.6146373317872866,1.448725713340956,7.109269803107186,0.4327820893865529,0.10000000000000002,0.10154631990402897,0.20019272697808171,0.20019272697808171,0,13.425502977495844,0.013955785072349292,144
9305.607596177,10.869999999999415,1,1,1,7.307464112583932,2.1922392337751777,0.6693112452073446,1.5733375591945442,7.6147629076350185,0.46887520648190595,0.1,0.11028080583628908,0.21047031670506774,0.21047031670506774,0,13.432406601827042,0.015135092166022934,148
9305.616437742,10.87999999999941,1,1,1,7.875104767432277,2.3625314302296805,0.728754768531536,1.6796214004142092,8.344887580539764,0.5073079540557887,0.09708591974586775,0.11773061696460238,0.23008785984028948,0.23008785984028948,0,13.440206237319087,0.016377286773695987,153
9305.626653222,10.889999999999404,1,1,1,8.394658254048316,2.5183974762144925,0.7916222269469582,1.7717785374587565,8.392717917435183,0.5464635542405364,0.1,0.12375444980136038,0.23022567899826862,0.23022567899826862,0,13.448942991556715,0.017587895870403658,155
9305.6365452,10.899999999999398,1,1,1,8.923135268424938,2.676940580527478,0.8586727209237786,1.8606027319504765,8.923398437828164,0.5871053223053918,0.09999999999999999,0.1304162399362944,0.2444457824594824,0.2444457824594824,0,13.458589027135995,0.01876835924455178,159
9305.64671136,10.909999999999393,1,1,1,9.379920756235885,2.8139762268707633,0.9296211307791566,1.9225858341925863,9.336279942053357,0.6290209704108275,0.0,0.13476085525647552,0.25637116193369647,0.25637116193369647,0,13.469139832090661,0.019959730855174218,166
9305.65694778,10.919999999999387,1,1,1,9.993175800910178,2.9979527402730515,1.004901192328435,2.0298051914903397,9.729823043310146,0.6725560416681414,0.1,0.14227624002241132,0.2682978939983794,0.2682978939983794,0,13.48060141622356,0.021136740488956418,170
9305.666599291,10.929999999999382,1,1,1,10.693892168707876,3.208167650612359,1.0850960507442429,2.1597391437405955,10.277280158356108,0.7184664354076995,0.1,0.15138377125492564,0.28095036341817536,0.28095036341817536,0,13.492972650313902,0.022315120156754853,174
9305.67768588,10.939999999999376,1,1,1,11.727414534712286,3.518224360413683,1.171428604303074,2.384786651404027,10.810977596257972,0.7681812729956264,0.1,0.16608830149969986,0.29405741009044056,0.29405741009044056,0,13.50625803800674,0.023508377662178725,180
9305.686904726,10.94999999999937,1,1,1,12.179657803661204,3.6538973410983577,1.2623603542836728,2.426064957230416,11.278895516147003,0.8199143796614257,0.10000000000000002,0.17005149144950277,0.30728081087100895,0.30728081087100895,0,13.520467181777605,0.02471795855684733,183
9305.696769262,10.959999999999365,1,1,1,12.76624588460866,3.8298737653825943,1.3581901839779655,2.506459779589022,11.742773485474824,0.8738967737092728,0.1,0.17568664948851326,0.31827142527336477,0.31827142527336477,0,13.535617576154168,0.02592087200376003,184
9305.708707526,10.96999999999936,1,1,1,13.72479899363695,4.117439698091081,1.4579015482031819,2.6944529005416724,12.176889156608429,0.9290433793213546,0.10000000000000002,0.1860365755556222,0.32877749370488724,0.32877749370488724,0,13.551703495120753,0.027113741874430497,188
9305.716448452,10.979999999999354,1,1,1,14.147144426054336,4.244143327816298,1.5622011342656448,2.7158145419903565,12.565158658549388,0.9860199730473808,0.1,0.19036106679226308,0.33760156459779184,0.33760156459779184,0,13.568718065373735,0.02828632691114019,193
9305.726704435,10.989999999999348,1,1,1,14.994770726205385,4.498431217861611,1.670591582464219,2.863186741026728,12.913605378240225,1.044353146684013,0.1,0.20069090654764102,0.33523599473602633,0.33523599473602633,0,13.586646588988739,0.029373568122748495,195
9305.736697726,10.999999999999343,1,1,1,15.595461964172458,4.678638589251734,1.7824620300559395,2.9302271432775258,13.19698817057327,1.1034466041699633,0.10000000000000002,0.205390005949801,0.334903928804497,0.334903928804497,0,13.605421063693848,0.03033637150056112,196
9305.746480832,11.009999999999337,1,1,1,16.35780438678512,4.907341316035532,1.899240298404765,3.043824237721136,13.470489705783912,1.164938151697835,0.10000000000000002,0.21335242891662817,0.3344353163890816,0.3344353163890816,0,13.624961638313463,0.031201510872078675,203
9305.756703708,11.019999999999332,1,1,1,17.303952149836316,5.191185644950891,2.021120040228319,3.2059612833522655,13.736460085650604,1.2291508170632417,0.09999999999999999,0.22471718910024055,0.33222636508429565,0.33222636508429565,0,13.645207519934342,0.03197337294203817,204
9305.766490812,11.029999999999326,1,1,1,18.01654301265187,5.404962903795558,2.147763131191854,3.2906139443385674,13.992472732557546,1.2957009881279655,0.1,0.23065079413953973,0.33012050625809525,0.33012050625809525,0,13.666087834178803,0.032641890964960174,206
9305.777547136,11.03999999999932,1,1,1,19.050008565781372,5.715002569734407,2.279405100001042,3.4703352982807028,14.223543331222636,1.3649649140056295,0.09999999999999999,0.2419543265640065,0.3271086350657189,0.3271086350657189,0,13.687526172290006,0.03322163958100921,210
9305.786614804,11.049999999999315,1,1,1,19.566154169054787,5.8698462507164315,2.4145323293589342,3.488946536252082,14.43843589247082,1.4355512220284234,0.09999999999999999,0.24455262844839565,0.3240459749731106,0.3240459749731106,0,13.709455743432791,0.0337191753470969,214
9305.797080223,11.05999999999931,1,1,1,20.341439481593188,6.102431844477952,2.5529404796509434,3.5830853060967827,14.649053497687355,1.507280767462412,0.1,0.25088131936440655,0.32225992817181087,0.32225992817181087,0,13.731813462497144,0.03414387913608907,215
9305.806419329,11.069999999999304,1,1,1,21.121339492942372,6.336401847882706,2.6943561213919907,3.6754836056947164,14.836019095183984,1.5798801299073104,0.1,0.2574362866751644,0.319649913649675,0.319649913649675,0,13.754548558920646,0.0345073960792146,218
9305.816262036,11.079999999999298,1,1,1,21.86407034678593,6.559221104035772,2.8414968382513894,3.746580193670391,15.005901509434334,1.6555642755565516,0.1,0.26261108461668736,0.3166143489920247,0.3166143489920247,0,13.777614385409262,0.034805022996287516,224
9305.826128995,11.089999999999293,1,1,1,22.669386332625162,6.800815899787541,2.9916934688103543,3.836079948651639,15.16989891345818,1.731964510605817,0.1,0.2688844396534381,0.3142113449819665,0.3142113449819665,0,13.800959776954846,0.035048381462058575,225
9305.837497968,11.099999999999287,1,1,1,23.566571177508322,7.06997135325249,3.146550247788528,3.948931906025543,15.30813049582345,1.8107232597375607,0.09999999999999999,0.27679463332209253,0.3105085663074896,0.3105085663074896,0,13.82454359978007,0.03523553487584663,226
9305.847112348,11.109999999999282,1,1,1,24.45440879100492,7.336322637301468,3.306236405454907,4.054048954903654,15.442853931863269,1.8918287517034522,0.1,0.28416265983977473,0.3072173297335719,0.3072173297335719,0,13.848319615216285,0.03537097791797761,235
9305.856194078,11.119999999999276,1,1,1,25.439745959952894,7.63192378798586,3.469657849635999,4.185254149407743,15.568253214227644,1.9741943226161394,0.1,0.29335929694746915,0.3038426071887888,0.3038426071887888,0,13.87224836329536,0.03546281146053554,237
9305.866124019,11.12999999999927,1,1,1,26.33383877587796,7.900151632763382,3.6379034244709927,4.283945813768455,15.681434417637366,2.058933949750703,0.10000000000000002,0.3002769454911139,0.29989276296634443,0.29989276296634443,0,13.8962943127219,0.03550817343520474,237
9305.877876143,11.139999999999265,1,1,1,27.430996747841046,8.229299024352304,3.8094168614216595,4.439306313540314,15.792501251799273,2.144406873420298,0.1,0.3074142616881089,0.2965011301992459,0.2965011301992459,0,13.92042012929159,0.035515371648651595,240
9305.886201863,11.14999999999926,1,1,1,27.900478490962684,8.370143547288796,3.983861239007807,4.40399009432625,15.895057557817925,2.2300960502359675,0.1,0.3086912745831675,0.2929955740422456,0.2929955740422456,0,13.944596405851938,0.03548751444307885,243
9305.896079035,11.159999999999254,1,1,1,28.716915794757337,8.615074738427193,4.161335851556185,4.470658238960876,15.980562066981125,2.3162606518958264,0.09999999999999999,0.3133642811296335,0.2883686259372944,0.2883686259372944,0,13.968794906697875,0.035422056918588796,243
9305.906404037,11.169999999999249,1,1,1,29.361363636446836,8.808409090934038,4.339594937659488,4.48480719454394,16.06879672819654,2.4005532449950553,0.1,0.3143560315739824,0.28475422125892536,0.28475422125892536,0,13.99298310818493,0.035323668380125905,243
9305.916690678,11.179999999999243,1,1,1,30.25776233367409,9.07732870010222,4.521681403326446,4.570799130937091,16.1483552866404,2.486051226657749,0.10000000000000002,0.32038351117328373,0.2803939497191358,0.2803939497191358,0,14.017134709821718,0.03519502310613509,248
9305.926249253,11.189999999999237,1,1,1,31.186376584850187,9.355912975455047,4.704825623352209,4.664525638081116,16.22404593698038,2.5699940863022697,0.1,0.3269531342498187,0.27617033199327984,0.27617033199327984,0,14.041223754690204,0.03503851243680245,250
9305.936166475,11.199999999999232,1,1,1,32.01514931964157,9.604544795892464,4.891397054083673,4.726690389349744,16.29309125768222,2.6548682543123063,0.1,0.33131048199407903,0.27151290525872,0.27151290525872,0,14.065226503788056,0.034853629150067844,250
9305.946796357,11.209999999999226,1,1,1,32.74938284856743,9.82481485457022,5.081640523982362,4.7562786170736295,16.35706774980332,2.7408389704248193,0.1,0.3333844257435238,0.26649568949849056,0.26649568949849056,0,14.08911656157043,0.034638317363597126,255
9305.956160016,11.21999999999922,1,1,1,33.680816870644854,10.104245061193447,5.272757570608943,4.843180152757192,16.421569300394783,2.8250285582083903,0.1,0.33947566238094345,0.2619400493398403,0.2619400493398403,0,14.112866789684077,0.03439837277789182,257
9305.967063532,11.229999999999215,1,1,1,34.41646265007917,10.324938795023739,5.466831217242325,4.869487051791179,16.48203814577716,2.9097488619495726,0.1,0.34131960617264134,0.25693771073841687,0.25693771073841687,0,14.136455239900455,0.034133740381955935,260
9305.979342622,11.23999999999921,1,1,1,35.509289178910585,10.652786753673162,5.662276368916969,5.0024383096264735,16.537628204063843,2.993434974994089,0.09999999999999999,0.34692625357417173,0.2516239969809459,0.2516239969809459,0,14.159859029520637,0.03384442689271605,263
9305.986512898,11.249999999999204,1,1,1,35.91356495706251,10.774069487118746,5.8589732155902565,4.9249080942184875,16.594469430813888,3.075942309802905,0.1,0.34520426346277805,0.24668506659977477,0.24668506659977477,0,14.183054728200284,0.033533685754608245,270
9305.996706996,11.259999999999199,1,1,1,36.6272053784412,10.988161613532345,6.0564287614790695,4.942370876455362,16.64768777730343,3.156667900006731,0.09999999999999999,0.3464282917623453,0.2415101928636649,0.2415101928636649,0,14.20602281695447,0.03320324907421113,272
9306.006555119,11.269999999999193,1,1,1,37.47555597699807,11.24266679309941,6.2558016418461815,4.9963448178860785,16.69798537390711,3.236960499962148,0.1,0.3502115166147329,0.2360403456752724,0.2360403456752724,0,14.22874432967522,0.03285280663908008,276
9306.016838784,11.279999999999188,1,1,1,38.10392569270631,11.431177707811882,6.456518043795122,4.984929057419203,16.747223282690722,3.316383804068626,0.10000000000000002,0.34941134550322317,0.23055718574330863,0.23055718574330863,0,14.251199291593869,0.03248311234906476,282
9306.026572508,11.289999999999182,1,1,1,38.84307975364731,11.652923926094184,6.656978004568338,5.006045130170187,16.795958304614757,3.393338029008577,0.10000000000000002,0.3508914458831241,0.22515572162832137,0.22515572162832137,0,14.273368608740084,0.03209625965064333,284
9306.036440734,11.299999999999176,1,1,1,39.755369248856624,11.926610774656977,6.858160257878434,5.078295583109833,16.842766615161857,3.4688076271814925,0.1,0.355955736203823,0.21970257787655936,0.21970257787655936,0,14.295235098173565,0.031693791854665365,288
9306.048219565,11.309999999999171,1,1,1,40.66810784365594,12.200432353096769,7.061735979155469,5.148254914945334,16.888401913209613,3.5445571595443677,0.1,0.35991091038008405,0.21419015198882055,0.21419015198882055,0,14.316780589060537,0.031276979602931965,291
9306.057019135,11.319999999999165,1,1,1,41.222911639700186,12.366873491910047,7.266325236880505,5.109158359394753,16.933355782589395,3.6195542857504273,0.1,0.35811901757923775,0.20869852903289393,0.20869852903289393,0,14.337978432742755,0.030846612174418198,294
9306.066788242,11.32999999999916,1,1,1,42.049969905140564,12.614990971542156,7.4720761091576025,5.151286875772667,16.977921277311925,3.6939535819174614,0.1,0.3610719546064464,0.20333223686175825,0.20333223686175825,0,14.358807726958725,0.030405050654971122,297
9306.076232425,11.339999999999154,1,1,1,42.79114703924871,12.837344111774602,7.679391552112836,5.166105497163329,17.02050918939426,3.7682592519818296,0.1,0.36211064430071765,0.19777716328944428,0.19777716328944428,0,14.379255240017295,0.02995291091894625,298
9306.086717363,11.349999999999149,1,1,1,43.59506841166767,13.078520523500291,7.888450635386876,5.198743923081895,17.062014845500595,3.842706949773506,0.09999999999999999,0.36439838725231277,0.19217137729278094,0.19217137729278094,0,14.399310079225781,0.02948993384377019,307
9306.096726249,11.359999999999143,1,1,1,44.38569195784446,13.315707587353327,8.096433757754834,5.227646511638088,17.102516765605976,3.914583304627455,0.1,0.3664242721224126,0.18665507894329195,0.18665507894329195,0,14.418970318462305,0.029017632370761604,311
9306.106668669,11.369999999999138,1,1,1,45.11797246786157,13.535391740358461,8.305724383482204,5.239375813777571,17.140146558423197,3.9859337712402145,0.09999999999999999,0.36724642048102757,0.18098963410142951,0.18098963410142951,0,14.438249546225732,0.028536738652215954,314
9306.11766551,11.379999999999132,1,1,1,46.182279805651966,13.854683941695576,8.517193815989517,5.347370866445465,17.175613489694307,4.057637066379163,0.1,0.3728025789441304,0.1752709225514709,0.1752709225514709,0,14.457140304238662,0.028046991038416458,321
9306.126246363,11.389999999999127,1,1,1,46.70547007636816,14.011641022910434,8.72914835363488,5.293970058323099,17.20931898248903,4.1281669421208145,0.1,0.3710731245772461,0.16961606586984115,0.16961606586984115,0,14.475633771062862,0.027549103107590955,326
9306.136723669,11.399999999999121,1,1,1,47.33879328103819,14.201637984311443,8.940101973047843,5.27344685564349,17.240792385784026,4.196013982398213,0.10000000000000002,0.36963458056193177,0.16395727088154247,0.16395727088154247,0,14.493722853569066,0.02704430753514342,328
9306.149424657,11.409999999999116,1,1,1,48.3325645307315,14.499769359219435,9.151613098006129,5.360949865735797,17.271266123900947,4.262635186320628,0.10000000000000002,0.37164585075779777,0.1584239386520885,0.1584239386520885,0,14.511402286748686,0.02653335407753099,332
9306.156307319,11.41999999999911,1,1,1,48.77078218720795,14.631234656162368,9.364408063369183,5.281347534245712,17.29894897444253,4.3288736282386475,0.1,0.37018836712719544,0.15784863568931382,0.15784863568931382,0,14.528672952471872,0.026017187513507567,340
9306.166905879,11.429999999999104,1,1,1,49.577970874425354,14.873391262327592,9.576634970189042,5.311257017193693,17.329124887065017,4.393231332201402,0.1,0.37228482879390784,0.1596386574403319,0.1596386574403319,0,14.545599389559646,0.02549329709431425,341
9306.17685899,11.439999999999099,1,1,1,50.471823819782735,15.141547145934807,9.790283394900337,5.3655478045534455,17.366489500998096,4.458069429939464,0.09999999999999999,0.3760902625004451,0.16139789161943113,0.16139789161943113,0,14.562221491814062,0.024960021066465554,343
9306.18679153,11.449999999999093,1,1,1,51.193122805391,15.357936841617283,10.005216615165912,5.366997249541495,17.412507583573795,4.523296972040584,0.09999999999999999,0.3761918592368627,0.16312864357029294,0.16312864357029294,0,14.57844461173794,0.024424483513592943,350
9306.196923051,11.459999999999088,1,1,1,51.993500904096756,15.598050271229013,10.22034619279339,5.394056620399915,17.456842576225128,4.587448880358057,0.09999999999999999,0.3780885464456885,0.16482800202421483,0.16482800202421483,0,14.594244283659396,0.02388716789282741,353
9306.207187789,11.469999999999082,1,1,1,52.715373979634215,15.81461219389025,10.435954811711808,5.394877343936303,17.497779027388038,4.650461364030823,0.09999999999999999,0.3781460738672089,0.16647080727804864,0.16647080727804864,0,14.609640318846974,0.023343630085645994,356
9306.218485051,11.479999999999077,1,1,1,53.689499746342044,16.106849923902598,10.652429161597755,5.472325896027739,17.536019914410467,4.712763297919765,0.1,0.38258879615044655,0.16806746753918833,0.16806746753918833,0,14.62465355113839,0.02279172677092678,362
9306.22678488,11.489999999999071,1,1,1,54.30989109721987,16.29296732916595,10.869150048643819,5.440506551012777,17.573022810601422,4.773846188848771,0.1,0.38134438671282667,0.16964659219398037,0.16964659219398037,0,14.639312047229776,0.022235668884466486,368
9306.237066951,11.499999999999066,1,1,1,55.28469561860036,16.585408685580095,11.087795287517167,5.5158372866489325,17.604578017823407,4.835263970863447,0.09999999999999999,0.38662458496503677,0.1712209653184357,0.1712209653184357,0,14.653658034112917,0.021675837126631015,2
9306.247076243,11.50999999999906,1,1,1,56.09375798682063,16.82812739604617,11.308258267293038,5.537414556776497,17.63134561612256,4.897068753225913,0.1,0.3881370123036641,0.1728247420351072,0.1728247420351072,0,14.667745304428461,0.021109440284283743,5
9306.257208139,11.519999999999055,1,1,1,56.79421266957438,17.0382638008723,11.529785636919552,5.526912743037323,17.65551879441333,4.958567345776363,0.10000000000000002,0.3874009029575605,0.17442575113119532,0.17442575113119532,0,14.681638105513432,0.02053652614910839,13
9306.266683019,11.529999999999049,1,1,1,57.51067175623167,17.253201526869486,11.750954329522742,5.522649095702942,17.676723365816326,5.018184089962144,0.09999999999999999,0.3871020488044328,0.17594009300277083,0.17594009300277083,0,14.695410925264948,0.019959410665018273,16
9306.276494646,11.539999999999043,1,1,1,58.211589876125764,17.463476962837714,11.972097017781376,5.512547864312376,17.695979224453435,5.076568329014029,0.1,0.3863940176949099,0.17741998309650472,0.17741998309650472,0,14.70914379769138,0.019379070762931994,19
9306.288313726,11.549999999999038,1,1,1,59.35466962450609,17.80640088735181,12.195229553153183,5.635730861842538,17.710130237568194,5.1357020493405185,0.1,0.39502835058397556,0.17892760206778366,0.17892760206778366,0,14.722907729120745,0.018793140823695653,25
9306.297037336,11.559999999999032,1,1,1,59.99154567215155,17.997463701645454,12.417708275472496,5.603359831976795,17.72253156167776,5.192972088287263,0.1,0.39275935036944304,0.1803677247686105,0.1803677247686105,0,14.736744810043033,0.018200375553499626,29
9306.306843923,11.569999999999027,1,1,1,60.70906041608015,18.212718124824033,12.640301205859663,5.597630466861359,17.732427024858072,5.249134222910669,0.09999999999999999,0.3923577588621608,0.1817453543511232,0.1817453543511232,0,14.750656340698754,0.017601877055303028,31
9306.319032697,11.579999999999021,1,1,1,61.78855228884929,18.53656568665477,12.864581725059402,5.698811108618914,17.742181818223628,5.305724383746311,0.1,0.39673937822918,0.18310093639982464,0.18310093639982464,0,14.764600421195174,0.017474935568959835,35
9306.326706249,11.589999999999016,1,1,1,62.23108859640859,18.669326578922565,13.089812850905563,5.607572354590864,17.748093394284087,5.36206411572028,0.1,0.3930546210097249,0.1844005245921393,0.1844005245921393,0,14.778501860520823,0.017641842829468596,40
9306.336431459,11.59999999999901,1,1,1,63.07392408669153,18.922177226007445,13.314245225898597,5.636790452616327,17.75314830124314,5.416446294519788,0.09999999999999999,0.39510262105677235,0.18559313317824358,0.18559313317824358,0,14.792264624178996,0.01780469544290323,41
9306.346776816,11.609999999999005,1,1,1,63.96477937893468,19.189433813680388,13.53993042643895,5.679067536707842,17.75640184674968,5.470861228487581,0.1,0.39806597172158936,0.18672746773618953,0.18672746773618953,0,14.80578983593631,0.017962961071652954,43
9306.356803669,11.619999999999,1,1,1,64.68310027353637,19.404930082060893,13.765487168870424,5.67032846985218,17.75842929793879,5.524218162206056,0.1,0.397453419552179,0.1877911142547394,0.1877911142547394,0,14.818987367282732,0.018116680203180663,50
9306.366752889,11.629999999998994,1,1,1,65.22185987342894,19.566557962028664,13.990150333919164,5.6073212150634655,17.759185447748024,5.575627617137091,0.1,0.3930370177501467,0.18875541100993493,0.18875541100993493,0,14.831777960975888,0.01826540159296995,53
9306.376972814,11.639999999998988,1,1,1,66.20616357233301,19.861849071699883,14.215155542325082,5.679638716744791,17.758688121798873,5.6264474450764475,0.1,0.3981060077547878,0.1896743061702704,0.1896743061702704,0,14.844096254395662,0.01840870310750503,56
9306.387131827,11.649999999998983,1,1,1,66.83838469227203,20.051515407681592,14.44044110863221,5.645637092912651,17.75551786550356,5.676706221824869,0.09999999999999999,0.3957227134299067,0.1905556189662915,0.1905556189662915,0,14.855889231411306,0.018547040815058813,62
9306.396827546,11.659999999998977,1,1,1,67.32873782883325,20.19862134864996,14.66418809921522,5.569604076237629,17.75302999713106,5.724620816530864,0.10000000000000002,0.390393289810618,0.1913925302894741,0.1913925302894741,0,14.867110566430688,0.018680361521292266,65
9306.406210814,11.669999999998971,1,1,1,68.02255799050292,20.406767397150855,14.88569138037774,5.553285343896764,17.750956580840306,5.7694948511151365,0.1,0.3892494520230687,0.19216307309018504,0.19216307309018504,0,14.877723310799745,0.018808571140240135,67
9306.416913722,11.679999999998966,1,1,1,68.62382868054523,20.587148604163552,15.104880250926138,5.518692532479694,17.748097136178874,5.8113802567232025,0.1,0.3868247192650391,0.19286007007408615,0.19286007007408615,0,14.887700572988942,0.018931465384711646,69
9306.426132957,11.68999999999896,1,1,1,68.94220200201354,20.682660600604045,15.322508558471224,5.398465562708113,17.744180696309755,5.85113973810082,0.09999999999999999,0.3783975848384938,0.19355145050981332,0.19355145050981332,0,14.897021816026653,0.01904939411581394,78
9306.436184856,11.699999999998955,1,1,1,69.51135279283697,20.853405837851067,15.537397439780152,5.3521386967926,17.74001555590134,5.887470984485068,0.1,0.375150370612166,0.19419417264472538,0.19419417264472538,0,14.905670616252943,0.019162278845018588,80
9306.446668812,11.70999999999895,1,1,1,70.00258807543847,21.000776422631525,15.750205645195475,5.287678799754371,17.734230655981854,5.9211769816285225,0.09999999999999999,0.370632147966328,0.1947940488781516,0.1947940488781516,0,14.913638058209953,0.01927029308218585,81
9306.456783102,11.719999999998944,1,1,1,70.4940676341201,21.14822029023601,15.95957439463963,5.226838522334551,17.72678178230886,5.950953685816496,0.1,0.366367637288406,0.19536001617536142,0.19536001617536142,0,14.9209177167973,0.019373486952799723,89
9306.466694088,11.729999999998938,1,1,1,70.8182567462253,21.245477023867572,16.164616720967526,5.117432375357093,17.71665552484575,5.9758290207566676,0.1,0.3586989726832755,0.19583011918164367,0.19583011918164367,0,14.9275079984219,0.019471776432073512,92
9306.477341724,11.739999999998933,1,1,1,71.33620472192133,21.400861416576383,16.367259961650806,5.065339834178277,17.704515962602194,5.997660188523773,0.1,0.35504762184270894,0.1962443677264905,0.1962443677264905,0,14.933410468385077,0.019564906758453446,95
9306.488113702,11.749999999998927,1,1,1,71.68156946037801,21.504470838113388,16.56648804498947,4.966296525904171,17.691618550724684,6.015405892613863,0.09999999999999999,0.3481053253308577,0.19654695095182828,0.19654695095182828,0,14.938646243394954,0.019652577300074178,101
9306.49638636,11.759999999998922,1,1,1,72.10071562640925,21.630214687922756,16.76236242237769,4.897496269216204,17.674560369074396,6.028886067575643,0.10000000000000002,0.3432828714938209,0.19675288054443815,0.19675288054443815,0,14.943373020181923,0.01973422507561977,105
9306.506839205,11.769999999998916,1,1,1,72.33088352705077,21.699265058115216,16.954752726679686,4.771317021630709,17.648074951749816,6.037613481745635,0.1,0.3344385208188971,0.19689414763017582,0.19689414763017582,0,14.947707806308225,0.01980983703163769,107
9306.516710601,11.77999999999891,1,1,1,72.80808412291782,21.842425236875332,17.145236527340543,4.725179437401897,17.608322475078655,6.043326244554726,0.10000000000000002,0.331204574016853,0.1970728017955377,0.1970728017955377,0,14.951580027210392,0.020146222066464003,111
9306.526610423,11.789999999998905,1,1,1,73.14160613373545,21.942481840120614,17.33295052648962,4.639808472485538,17.570568675808914,6.04603411295878,0.10000000000000002,0.32522062050924255,0.19720765377310118,0.19720765377310118,0,14.954769885811496,0.020490967053563947,118
9306.536640431,11.7999999999989,1,1,1,73.35205650030032,22.005616950090076,17.51543843248773,4.520442849118339,17.52380305883982,6.043516465099758,0.1,0.3168538609050133,0.19727434184538506,0.19727434184538506,0,14.95725712648638,0.02082738384693065,121
9306.546693373,11.809999999998894,1,1,1,73.43850617214753,22.03155185164424,17.6933421390105,4.366615926987827,17.480781546085705,6.036500406771849,0.1,0.30607158673077106,0.1972236433142344,0.1972236433142344,0,14.959047008546852,0.021156092130265078,122
9306.557520214,11.819999999998888,1,1,1,73.69787276238004,22.10936182871399,17.866109160835048,4.269146901731585,17.434043770290437,6.0244404079180685,0.09999999999999999,0.299239637295305,0.19700711247923725,0.19700711247923725,0,14.960151731613147,0.02147393462886618,127
9306.566547874,11.829999999998883,1,1,1,73.70617398744709,22.111852196234096,18.032612624658956,4.106677828801723,16.690504087875386,6.006328875831194,0.09742108036219899,0.2878516041415346,0.19615801120635787,0.19615801120635787,0,14.960602507540424,0.021775910233464705,131
9306.576345702,11.839999999998877,1,1,1,73.70617398744706,22.111852196234096,18.192594171565858,3.9455102336522794,15.699196982581688,5.981921303669921,0.1,0.27657813327498215,0.19553964907672164,0.19553964907672164,0,14.960415976775478,0.02206916438742163,131
9306.586711655,11.849999999998872,1,1,1,73.69787276238004,22.10936182871399,18.346567362715366,3.7850567971543283,14.531097116396433,5.951879938215604,0.08504882196370031,0.2653080461258399,0.1946958362424575,0.1946958362424575,0,14.959604794738588,0.0223548032042573,133
9306.596513979,11.859999999998866,1,1,1,73.78433411572719,22.135300234718137,18.495249708101653,3.6609113774435103,13.9142972977719,5.916886532090739,0.0,0.2566062536550607,0.193577817801343,0.193577817801343,0,14.95820635925436,0.022610566211883704,141
9306.606709454,11.86999999999886,1,1,1,73.59669990862868,22.079009972588583,18.637086594116283,3.462204324361599,12.41085488810644,5.875532735013358,0.1,0.24400892776389901,0.19281408250651416,0.19281408250651416,0,14.956262226345364,0.022857893843277594,143
9306.616756185,11.879999999998855,1,1,1,73.66309692374897,22.09892907712467,18.77274265772733,3.3479593533972305,11.484559713222856,5.828578721425863,0.0,0.23467033710731766,0.19098671758551924,0.19098671758551924,0,14.953781287750314,0.023035653178591,145
9306.626699878,11.88999999999885,1,1,1,73.6485504069261,22.09456512207781,18.903182909088233,3.212033093630417,10.612650410060157,5.777063611719029,0.0,0.225142783802691,0.18959113584385098,0.18959113584385098,0,14.950781541133727,0.023151468040469962,152
9306.636478307,11.899999999998844,1,1,1,73.63409146967116,22.09022744090133,19.02865149103685,3.081365992534746,9.491618496418813,5.721319712620746,0.03274119770772098,0.21598386356913377,0.1881993280246395,0.1881993280246395,0,14.947252948969718,0.023158869362707363,154
9306.646666856,11.909999999998838,1,1,1,73.61972016455465,22.08591604936638,19.148718700266354,2.956377371261868,8.654204832946414,5.661092148027856,0.0,0.20722296811234694,0.18656568739772306,0.18656568739772306,0,14.943233624405428,0.0230884251739617,156
9306.65816777,11.919999999998833,1,1,1,73.48497231866314,22.045491695598912,19.263529014237577,2.8046418992359996,7.6345445248401935,5.596911351943555,0.10000000000000002,0.19726145289454883,0.1851375818045506,0.1851375818045506,0,14.938715474046695,0.022914100586800063,160
9306.667298249,11.929999999998827,1,1,1,73.45693054904986,22.03707916471494,19.372558549660454,2.68830553119455,6.440516983318895,5.528397554422418,0.0,0.18843286272658638,0.1835664128937136,0.1835664128937136,0,14.933722449546313,0.022646039512486664,165
9306.676705317,11.939999999998822,1,1,1,73.49653838244136,22.048961514732387,19.477867392350394,2.599971006925963,6.028955601762759,5.457903109314497,0.042009384993921484,0.18224118284036275,0.1820064131647476,0.1820064131647476,0,14.928286169589494,0.02232561580929674,169
9306.686455897,11.949999999998816,1,1,1,73.36919401728808,22.010758205186395,19.57784413275231,2.4672874428812066,5.178854794331196,5.384120290627307,0.0,0.17294092157184157,0.18054203202051206,0.18054203202051206,0,14.922427265873356,0.021980495128839293,172
9306.696285961,11.95999999999881,1,1,1,73.23679997742232,21.97103999322668,19.672324410254348,2.3409655715178146,4.397471701754167,5.307111571994773,0.0,0.1640865738908297,0.1851757114424533,0.1851757114424533,0,14.916143169903998,0.021577116033056922,178
9306.706578706,11.969999999998805,1,1,1,73.00528103715656,21.901584311146948,19.761753561369726,2.19537209524832,3.6033087199168192,5.227501357864365,0.10000000000000002,0.15437666796113148,0.19157396591133666,0.19157396591133666,0,14.90945284700679,0.021122104612958506,179
9306.716421471,11.9799999999988,1,1,1,72.79325099388434,21.837975298165283,19.84446412916969,2.0607544407347587,2.9679925873473274,5.143823450582687,0.0,0.14444558259403975,0.19882851864374962,0.19882851864374962,0,14.902392925962562,0.02056844514334906,182
9306.728156344,11.989999999998794,1,1,1,72.55124214680659,21.765372644041953,19.921900880053514,1.9362008334033134,2.8681854738874364,5.057698760317349,0.1,0.13624597182837775,0.2023145874514305,0.2023145874514305,0,14.895010312547539,0.019976152209991847,187
9306.736662577,11.999999999998789,1,1,1,72.33497403052415,21.700492209157225,19.992917884477894,1.8164274658224402,2.964276734223427,4.9681726779960735,0.0,0.12731983896489285,0.20694537990553907,0.20694537990553907,0,14.887328052692375,0.01933620964349854,192
9306.746492953,12.009999999998783,1,1,1,72.04347505621367,21.613042516864084,20.058047520777645,1.6734275950218587,3.342449096133809,4.875853494777547,0.1,0.11729647119221549,0.21092215573763745,0.21092215573763745,0,14.879376234974199,0.019104561453202107,195
9306.756647399,12.019999999998777,1,1,1,71.67189572352584,21.501568717057726,20.116405264329774,1.5203589841462095,3.8657336019767694,4.779943867855355,0.1,0.10656734974147647,0.2184949393493083,0.2184949393493083,0,14.871180374294427,0.018972852099622045,197
9306.766839349,12.029999999998772,1,1,1,71.1264111078189,21.33792333234565,20.167901340641812,1.3286585541914684,4.83082537828947,4.6803363562347995,0.1,0.09568948399227259,0.22533539569735797,0.22533539569735797,0,14.862784414506873,0.018913974011843582,203
9306.776779851,12.039999999998766,1,1,1,70.95842015991126,21.28752604797335,20.21278319774255,1.235604562839944,5.305622677666993,4.577341114588053,0.0,0.08660790310932637,0.22738763933145273,0.22738763933145273,0,14.854237085068666,0.01938683388834983,207
9306.786455524,12.04999999999876,1,1,1,70.45409689570631,21.13622906871187,20.250834140827603,1.0501496079839132,6.293497680313044,4.47077094877824,0.10000000000000002,0.0736087080234821,0.23381392082822589,0.23381392082822589,0,14.845565525174882,0.019852919884699727,209
9306.797481859,12.059999999998755,1,1,1,69.72848776962326,20.91854633088696,20.281165732993145,0.8496331139003632,7.3737643182601245,4.359915494659546,0.1,0.06037216834526309,0.2406086882348979,0.2406086882348979,0,14.836795872923899,0.020333297635121816,215
9306.807082433,12.06999999999875,1,1,1,69.28158394924309,20.78447518477291,20.30415913669809,0.7287287053255999,8.345717924919564,4.245253050894204,0.10000000000000002,0.05122127598676576,0.2463901081427926,0.2463901081427926,0,14.827954706599197,0.020824075238441875,218
9306.816606162,12.079999999998744,1,1,1,68.92175633484682,20.67652690045403,20.320537062413393,0.6451552726629094,8.93062428780029,4.127774088678184,0.050353411768453496,0.04522121965690587,0.24847373585253346,0.24847373585253346,0,14.819035186131096,0.021304030150604225,221
9306.828014348,12.089999999998739,1,1,1,68.41206400953043,20.523619202859106,20.33139346966002,0.5677384303893757,9.513155351908722,4.00865358017563,0.1,0.039837848703715505,0.25026013143004927,0.25026013143004927,0,14.81003964787131,0.02174536749306455,226
9306.836394948,12.099999999998733,1,1,1,68.22095916346802,20.466287749040387,20.337722648653298,0.549178256573769,9.992295470220744,3.8889090553638894,0.013327748017441823,0.038493850432025765,0.24896287040384937,0.24896287040384937,0,14.800970610703263,0.0221580948856972,231
9306.846439463,12.109999999998728,1,1,1,68.05338608938361,20.41601582681506,20.3421051979113,0.5338900933531345,9.977202007402319,3.7712194018273526,0.1,0.037422248886715276,0.2446350762150983,0.2446350762150983,0,14.791849536570172,0.022483258293350517,232
9306.856389167,12.119999999998722,1,1,1,68.05509347414116,20.416528042242327,20.344466492306477,0.5436203028916945,9.96669007927913,3.655569486734212,0.1,0.03810427375963436,0.23889626052744878,0.23889626052744878,0,14.782709012125439,0.022759826956317397,233
9306.866403113,12.129999999998716,1,1,1,68.0439326220324,20.413179786609703,20.346766542237596,0.548425547613287,9.706896836609511,3.543917743385524,0.0,0.03844109039319185,0.2313826321646344,0.2313826321646344,0,14.773558267626946,0.022931751959888835,240
9306.876588148,12.139999999998711,1,1,1,67.96376901657595,20.38913070497277,20.34823000118553,0.5486754255166522,9.654483552345152,3.435368710336723,0.0,0.03845860522107015,0.22789435768417668,0.22789435768417668,0,14.764445806530592,0.023046034592708375,241
9306.886760721,12.149999999998705,1,1,1,67.97083608256267,20.39125082476878,20.349467959351013,0.5557627429220915,9.305233768262347,3.3304777422965945,0.0,0.03895538041729055,0.22088152382484372,0.22088152382484372,0,14.75536326969772,0.023086282424022775,243
9306.898213026,12.1599999999987,1,1,1,67.9598307304074,20.387949219122202,20.350834900989884,0.5604266048871532,8.923852603732021,3.229437166055702,0.0,0.03928228703234611,0.21356081028396953,0.21356081028396953,0,14.746329525535614,0.023054868685643326,249
9306.90644472,12.169999999998694,1,1,1,67.97797166804826,20.393391500414456,20.352133366523745,0.5420488008623324,8.474394961599323,3.1318977104123684,0.0,0.03799412161258927,0.2066174701864683,0.2066174701864683,0,14.737364928636486,0.022959769153548137,254
9306.916603515,12.179999999998689,1,1,1,67.9670019141053,20.390100574231575,20.35332919699924,0.5467426248269973,8.033178192250984,3.0377210300168063,0.0,0.03832312837039039,0.1990265727107376,0.1990265727107376,0,14.728486539360805,0.022802224648181157,257
9306.926654807,12.189999999998683,1,1,1,67.9670019141053,20.390100574231575,20.35450086862361,0.525262404792707,7.54609080686951,2.9467106514880768,0.0,0.03681750361677106,0.19178669098402593,0.19178669098402593,0,14.719691199554713,0.02259108080228378,258
9306.936416698,12.199999999998678,1,1,1,68.05420090044872,20.416260270134597,20.356571085739347,0.5106151027299694,6.793683587733137,2.8592643051399844,0.0,0.03579082230139355,0.1813415413021318,0.1813415413021318,0,14.710987050230028,0.022306635425741073,265
9306.946339818,12.209999999998672,1,1,1,67.9670019141053,20.390100574231575,20.357656022080896,0.48461139024398336,6.559544132913516,2.7730038073466643,0.0,0.03396812992941611,0.17745482013691832,0.17745482013691832,0,14.702446922693618,0.022002869808339875,265
9306.956895078,12.219999999998667,1,1,1,67.98517573728871,20.395552721186593,20.35892638061483,0.4703393463306218,6.065435683816963,2.689003103362621,0.0,0.03296775178774007,0.17054731502097364,0.17054731502097364,0,14.694093794925173,0.021664428558928917,268
9306.966618143,12.229999999998661,1,1,1,67.99620830641109,20.39886249192331,20.36025555811603,0.4257293096462315,5.56081798344972,2.6074494728443827,0.0,0.029840876207105176,0.16402464220792076,0.16402464220792076,0,14.685925410197726,0.021293731864878485,275
9306.977016,12.239999999998656,1,1,1,67.99620830641109,20.39886249192331,20.361812388517645,0.4089551209044664,5.0813778602843875,2.5286365398620405,0.0,0.028665113866162394,0.15718130598823526,0.15718130598823526,0,14.677924257713647,0.020890073180376945,279
9306.986714285,12.24999999999865,1,1,1,67.99620830641109,20.39886249192331,20.363520851940535,0.39279310967512865,4.609444502786464,2.452465105292079,0.0,0.02753226121678027,0.15045298016265204,0.15045298016265204,0,14.670099952041353,0.020452032238552187,282
9306.997664142,12.259999999998644,1,1,1,68.00733923500168,20.40220177050049,20.365219311873368,0.35095101123803996,4.138034077158222,2.378613404465013,0.0,0.02459940023818239,0.14428417476490674,0.14428417476490674,0,14.662462853480235,0.019993519937120396,285
9307.006652108,12.269999999998639,1,1,1,68.00733923500168,20.40220177050049,20.366765570374895,0.33711184499535274,3.694023130092986,2.3067757309915393,0.0,0.023629364026673313,0.13783854565493206,0.13783854565493206,0,14.655007691623705,0.019527613134786792,289
9307.016962966,12.279999999998633,1,1,1,68.01856847413544,20.40557054224061,20.368838122805126,0.29752078267589666,3.2278656890817197,2.2375870537409273,0.1,0.02085428614781091,0.13152055875173893,0.13152055875173893,0,14.6477372093418,0.019028037290578448,293
9307.026662071,12.289999999998628,1,1,1,68.01856847413544,20.40557054224061,20.37114879064009,0.2858180469782787,2.7760874963838926,2.1705894682368996,0.1,0.020033999925264254,0.1251944765151066,0.1251944765151066,0,14.640656463576383,0.018532684605620187,294
9307.036810047,12.299999999998622,1,1,1,68.21131847890689,20.46339554367205,20.374193128350587,0.30087716139997406,1.968684915658474,2.1062860405509194,0.0,0.021089546628449526,0.11489948582684048,0.11489948582684048,0,14.633737741313356,0.018008482817100102,301
9307.046662755,12.309999999998617,1,1,1,68.22268077985304,20.46680423395589,20.377275980497323,0.2660431794512782,1.6467827955300949,2.0438535357694,0.027335930475404255,0.018647909373088162,0.10976278754720455,0.10976278754720455,0,14.626992392514904,0.01747716157732926,302
9307.057102227,12.319999999998611,1,1,1,68.24128323533046,20.472384970599116,20.38055743448767,0.26739576421332784,1.6162184036254093,1.9833900763559513,0.002025249957004968,0.01874271683296802,0.10733118101323762,0.10733118101323762,0,14.62044382642937,0.01695419254914543,304
9307.066899449,12.329999999998606,1,1,1,68.24128323533046,20.472384970599116,20.385032307302584,0.2564507868293946,1.3498783559368988,1.9260613586859419,0.011025826594594716,0.017975544576317445,0.10227015614720904,0.10227015614720904,0,14.614102567908139,0.01641700061455653,311
9307.076744593,12.3399999999986,1,1,1,68.43422552691926,20.530267658075754,20.390147833531433,0.28777312911432296,0.8027710750274116,1.871422782510337,0.0,0.02017103856149269,0.0930024638435852,0.0930024638435852,0,14.607964019388135,0.015876025656710535,314
9307.086654989,12.349999999998595,1,1,1,68.52135052593948,20.55640515778183,20.39590198963707,0.2930419401353063,0.7431372507432615,1.8194903554662039,0.10000000000000002,0.020540348199972802,0.08753844152879264,0.08753844152879264,0,14.602032012265663,0.015330163797856233,317
9307.096829963,12.359999999998589,1,1,1,68.52135052593944,20.55640515778182,20.401964480582222,0.2816522767575723,0.8069399970585793,1.769805020597176,0.0,0.019742006325935417,0.08471227829248736,0.08471227829248736,0,14.596269238210105,0.014796351185878631,318
9307.106614413,12.369999999998583,1,1,1,68.60847723976434,20.582543171929284,20.408906012616256,0.28789223576506384,0.9401477280885672,1.7224987094327957,0.0020252499568939914,0.020179387168787845,0.07933301245815261,0.07933301245815261,0,14.590667478617572,0.014254360825072254,324
9307.116604704,12.379999999998578,1,1,1,68.69560566178008,20.608681698534006,20.416705015217236,0.2949725041460454,1.236415016410908,1.6772618867547702,0.0,0.020675668273900057,0.07228449900951765,0.07228449900951765,0,14.585256630052157,0.01370660893183806,326
9307.127141949,12.389999999998572,1,1,1,68.69560566178004,20.60868169853399,20.42379620399991,0.28368943447519757,1.3149132163455994,1.6323402314220992,0.0,0.01988479793057403,0.07070490344082712,0.07070490344082712,0,14.580049855777544,0.013190371972470416,328
9307.13659322,12.399999999998567,1,1,1,68.69560566178004,20.60868169853399,20.4314229041237,0.272238245524228,1.4542221063021064,1.5889207674606902,0.0,0.019082143511045997,0.0674390583356688,0.0674390583356688,0,14.575031281009393,0.012680474469344283,336
9307.146568396,12.409999999998561,1,1,1,68.78273578540608,20.6348207356218,20.4393735900819,0.2809585343263016,1.7829881582398328,1.5467524937885213,0.0,0.019693379460126458,0.06117271199943034,0.06117271199943034,0,14.570196201290956,0.012173655632547353,336
9307.156905044,12.419999999998556,1,1,1,68.69560566178004,20.60868169853399,20.44710835779745,0.24968490203026875,1.6774228668699696,1.5052525287394996,0.09999999999999999,0.017501299730713273,0.061570592507069644,0.061570592507069644,0,14.565560718750747,0.011686272819744215,338
9307.167820216,12.42999999999855,1,1,1,68.78273578540613,20.634820735621823,20.454448829996025,0.25924471821607464,1.8495076328242932,1.4641724701848489,0.0,0.018171381129619996,0.0578472476773647,0.0578472476773647,0,14.561103737856328,0.01123772002996426,342
9307.176291399,12.439999999998545,1,1,1,68.78273578540613,20.634820735621823,20.46150357710288,0.24905960855543602,1.9073827441034354,1.4236629551492754,0.0,0.017457470694862056,0.05551875173518762,0.05551875173518762,0,14.556790456942625,0.010808689113712244,346
9307.186203874,12.44999999999854,1,1,1,68.86986760409503,20.660960281228487,20.469001085306008,0.25989389228844634,2.1797421663471317,1.384470595438301,0.09999999999999999,0.018216884041192413,0.05015368586925443,0.05015368586925443,0,14.552620745834668,0.010380734214849419,346
9307.196695399,12.459999999998534,1,1,1,68.86986760409503,20.660960281228487,20.47651471963076,0.2496832781193177,2.2021690677599093,1.3461392672364372,0.0,0.017501185905039372,0.04826147130001175,0.04826147130001175,0,14.548612050293526,0.009962310379374895,348
9307.206658108,12.469999999998528,1,1,1,68.78273578540613,20.634820735621823,20.482911336969778,0.2193796541644892,1.9701533642930282,1.3074796994677662,0.0,0.01537709749822028,0.049781291876167574,0.049781291876167574,0,14.54476911040356,0.00958859779711041,357
9307.216949799,12.479999999998522,1,1,1,68.86986760409503,20.660960281228487,20.489162202433928,0.23186972881089693,2.181990901538759,1.2694151885623697,0.1,0.01625257109821914,0.045867770508545846,0.045867770508545846,0,14.54105213547746,0.009239805210362384,361
9307.226915496,12.489999999998517,1,1,1,68.78273578540613,20.634820735621823,20.495269134450577,0.2021003299786348,1.9309616646817152,1.2321491193235148,0.0,0.014165928423671441,0.04675977906528293,0.04675977906528293,0,14.537452096783825,0.008898679073726656,364
9307.238301403,12.499999999998511,1,1,1,68.86986760409503,20.660960281228487,20.50144994390211,0.21476092168330005,2.1289718030214573,1.1958056840135665,0.09999999999999999,0.015053354168639536,0.042214202984180126,0.042214202984180126,0,14.533978054607855,0.008663572843285838,6
9307.246735399,12.509999999998506,1,1,1,68.86986760409503,20.660960281228487,20.507697902089014,0.20632347480601324,2.077622699153588,1.160399513117675,0.0,0.014461943612532018,0.041076749445457195,0.041076749445457195,0,14.530633494129876,0.008722003077875524,11
9307.256742679,12.5199999999985,1,1,1,68.8512168970911,20.655365069127303,20.51331533582016,0.1870263107785883,2.002658628638308,1.1251582935597995,0.1,0.013109336991744852,0.03997839757182715,0.03997839757182715,0,14.52742520429642,0.00876444587927161,13
9307.266689563,12.529999999998495,0,1,1,68.8512168970911,20.629223532460394,20.517856422251768,0.15891356164479897,0.0,0.0,0.0,0.011138814766155553,0.0,0.0,0,0.0,0.008590747959934489,15
9307.276816031,12.53999999999849,0,1,1,68.74551519844347,20.629223532460394,20.522220081366143,0.15267022498956015,0.0,0.0,0.0,0.010701197172001515,0.0,0.0,0,0.0,0.008297475042145293,21
9307.286151721,12.549999999998484,0,1,1,68.72704613343873,20.629223532460394,20.526413207700728,0.1466721742129268,0.0,0.0,0.0,0.010280772534434943,0.0,0.0,0,0.0,0.008029504188486108,24
9307.296121231,12.559999999998478,0,1,1,68.79582878715098,20.629223532460394,20.53044243085554,0.14090977261491844,0.0,0.0,0.0,0.009876865382999362,0.0,0.0,0,0.0,0.0077866836020076755,24
9307.306298666,12.569999999998473,0,1,1,68.708671323517,20.629223532460394,20.534314125437444,0.13537376209862215,0.0,0.0,0.0,0.009488826784869158,0.0,0.0,0,0.0,0.0075673601891143236,29
9307.316663934,12.579999999998467,0,1,1,68.795828787151,20.629223532460394,20.53803442065035,0.1300552482957666,0.0,0.0,0.0,0.009116033302248602,0.0,0.0,0,0.0,0.00736950871456242,31
9307.326794455,12.589999999998462,0,1,1,68.77755434337884,20.629223532460394,20.541609209542376,0.12494568627672054,0.0,0.0,0.0,0.008757885990733398,0.0,0.0,0,0.0,0.0071911136524326555,33
9307.338007269,12.599999999998456,0,1,1,68.67220477535177,20.629223532460394,20.545044157920735,0.12003686682184447,0.0,0.0,0.0,0.008413809437024373,0.0,0.0,0,0.0,0.007030290998573656,37
9307.346495534,12.60999999999845,0,1,1,68.67220477535177,20.629223532460394,20.548344712944964,0.11532090323224914,0.0,0.0,0.0,0.008083250834443821,0.0,0.0,0,0.0,0.006885318931468619,40
9307.356048541,12.619999999998445,0,1,1,68.77048592965552,20.629223532460394,20.551516111408823,0.11079021865873867,0.0,0.0,0.0,0.007765679094777012,0.0,0.0,0,0.0,0.006754637293389661,40
9307.36670151,12.62999999999844,0,1,1,68.77048592965552,20.629223532460394,20.554563387720997,0.10643753392852812,0.0,0.0,0.0,0.007460583995003945,0.0,0.0,0,0.0,0.006636837111222517,40
9307.376737351,12.639999999998434,0,1,1,68.67633591956812,20.629223532460394,20.557491381594623,0.10225585585027304,0.0,0.0,0.0,0.0071674753575578795,0.0,0.0,0,0.0,0.00653064759496344,45
9307.386604371,12.649999999998428,0,1,1,68.69894694943659,20.629223532460394,20.560304745455213,0.09823846597849031,0.0,0.0,0.0,0.006885882262783158,0.0,0.0,0,0.0,0.006434923158674763,46
9307.396914934,12.659999999998423,0,1,1,68.71039795562672,20.629223532460394,20.563007951576385,0.0943789098194633,0.0,0.0,0.0,0.006615352292339125,0.0,0.0,0,0.0,0.006348631277751052,47
9307.406548242,12.669999999998417,0,1,1,68.80903538907569,20.629223532460394,20.565605298952736,0.09067098646126712,0.0,0.0,0.0,0.006355450802330768,0.0,0.0,0,0.0,0.0062708413896745765,53
9307.416708104,12.679999999998412,0,1,1,68.82066539579353,20.629223532460394,20.568100919918688,0.08710873861104745,0.0,0.0,0.0,0.006105760224987303,0.0,0.0,0,0.0,0.006200716750912827,54
9307.426805725,12.689999999998406,0,1,1,68.84421538722248,20.629223532460394,20.570498786522155,0.08368644302386113,0.0,0.0,0.0,0.005865879397787172,0.0,0.0,0,0.0,0.006137505355779435,55
9307.436777438,12.6999999999984,0,1,1,68.8561352713766,20.629223532460394,20.572802716661243,0.08039860130747041,0.0,0.0,0.0,0.005635422918929997,0.0,0.0,0,0.0,0.0060805234546451176,57
9307.446713987,12.709999999998395,0,1,1,68.84947113444306,20.629223532460394,20.57501637999255,0.07723993108840671,0.0,0.0,0.0,0.005414020528137651,0.0,0.0,0,0.0,0.006029153908230826,63
9307.456565932,12.71999999999839,0,1,1,68.77451787909436,20.629223532460394,20.577143303618833,0.07420535752513957,0.0,0.0,0.0,0.005201316511780431,0.0,0.0,0,0.0,0.0059828416198926745,64
9307.466446464,12.729999999998384,0,1,1,68.8736687077902,20.629223532460394,20.579186877563874,0.07129000515460654,0.0,0.0,0.0,0.004996969131371911,0.0,0.0,0,0.0,0.005941087253707442,65
9307.475957413,12.739999999998378,0,1,1,68.78016110418007,20.629223532460394,20.581150360042066,0.06848919005910015,0.0,0.0,0.0,0.004800650074519831,0.0,0.0,0,0.0,0.005903441316327439,71
9307.486740943,12.749999999998373,0,1,1,68.87941614987997,20.629223532460394,20.58303688252997,0.06579841234096508,0.0,0.0,0.0,0.004612043927448631,0.0,0.0,0,0.0,0.005869498945062522,72
9307.496493181,12.759999999998367,0,1,1,68.89179011556703,20.629223532460394,20.584849454647,0.06321334889280218,0.0,0.0,0.0,0.004430847668238352,0.0,0.0,0,0.0,0.005838895342343033,73
9307.507630127,12.769999999998362,0,1,1,68.89179011556703,20.629223532460394,20.586590968852043,0.06072984645186614,0.0,0.0,0.0,0.004256770179982583,0.0,0.0,0,0.0,0.005811249897860048,75
9307.516569322,12.779999999998356,0,1,1,68.88539399847598,20.629223532460394,20.588264204962577,0.05834391492724003,0.0,0.0,0.0,0.00408953178306742,0.0,0.0,0,0.0,0.005786183986517035,78
9307.526428643,12.78999999999835,0,1,1,68.88539399847598,20.629223532460394,20.58987183450282,0.05605172098919446,0.0,0.0,0.0,0.0039288637858257165,0.0,0.0,0,0.0,0.0057635058023954855,78
9307.536420424,12.799999999998345,0,1,1,68.88539399847598,20.629223532460394,20.59141642488704,0.05384958191044989,0.0,0.0,0.0,0.00377450805285019,0.0,0.0,0,0.0,0.005743043881949149,78
9307.546649865,12.80999999999834,0,1,1,68.88539399847598,20.629223532460394,20.592900443444066,0.051733959649316506,0.0,0.0,0.0,0.003626216590259057,0.0,0.0,0,0.0,0.005724613085662092,82
9307.556361186,12.819999999998334,0,1,1,68.86662138402981,20.629223532460394,20.59432626128878,0.04970145516538799,0.0,0.0,0.0,0.0034837511472624585,0.0,0.0,0,0.0,0.005708026476004366,83
9307.566447063,12.829999999998329,0,1,1,68.86662138402981,20.629223532460394,20.59569615704625,0.04774880295846858,0.0,0.0,0.0,0.003346882833378844,0.0,0.0,0,0.0,0.005693105697616899,83
9307.577439385,12.839999999998323,0,1,1,68.84794263507933,20.629223532460394,20.597012320433844,0.04587286582215466,0.0,0.0,0.0,0.003215391750691338,0.0,0.0,0,0.0,0.005679685749442033,87
9307.586361346,12.849999999998317,0,1,1,68.84794263507933,20.629223532460394,20.598276855706672,0.04407062980336991,0.0,0.0,0.0,0.0030890666405476467,0.0,0.0,0,0.0,0.005667616302139057,89
9307.596557213,12.859999999998312,0,1,1,68.84794263507933,20.629223532460394,20.5994917849713,0.042339199360161985,0.0,0.0,0.0,0.002967704544149144,0.0,0.0,0,0.0,0.005656758274089922,89
9307.606413394,12.869999999998306,0,1,1,68.84794263507933,20.629223532460394,20.600659051372745,0.04067579270951525,0.0,0.0,0.0,0.0028511104764646577,0.0,0.0,0,0.0,0.00564681375750857,89
9307.616625579,12.8799999999983,0,1,1,68.82935782910891,20.629223532460394,20.601780522159334,0.03907773735806483,0.0,0.0,0.0,0.0027390971129629097,0.0,0.0,0,0.0,0.005637405868953213,94
9307.626377965,12.889999999998295,0,1,1,68.74240955245087,20.629223532460394,20.6028579916301,0.037542465808380665,0.0,0.0,0.0,0.0026314844886490356,0.0,0.0,0,0.0,0.005628362108573093,96
9307.636606121,12.89999999999829,0,1,1,68.76099899192016,20.629223532460394,20.603893183969024,0.03606751143391709,0.0,0.0,0.0,0.002528099708925997,0.0,0.0,0,0.0,0.005619608988860457,96
9307.646363466,12.909999999998284,0,1,1,68.82935782910891,20.629223532460394,20.604887755970363,0.03465050451601252,0.0,0.0,0.0,0.0024287766718137363,0.0,0.0,0,0.0,0.005611112866523306,101
9307.656426337,12.919999999998279,0,1,1,68.76099899192016,20.629223532460394,20.60584329965927,0.033289168436654346,0.0,0.0,0.0,0.002333355801086589,0.0,0.0,0,0.0,0.00560285622243728,102
9307.666512955,12.929999999998273,0,1,1,68.84794263507933,20.629223532460394,20.60676134481143,0.031981316020717174,0.0,0.0,0.0,0.0022416837898888023,0.0,0.0,0,0.0,0.005594828141912797,103
9307.677958447,12.939999999998268,0,1,1,68.84794263507933,20.629223532460394,20.607643361375736,0.030724846022006494,0.0,0.0,0.0,0.0021536133544268945,0.0,0.0,0,0.0,0.005587020487065539,105
9307.686437976,12.949999999998262,0,1,1,68.67405746276226,20.629223532460394,20.60849076180349,0.029517739747312897,0.0,0.0,0.0,0.002069002997338891,0.0,0.0,0,0.0,0.00557942635316537,109
9307.696378204,12.959999999998256,0,1,1,68.84794263507933,20.629223532460394,20.60930490328783,0.02835805781307494,0.0,0.0,0.0,0.0019877167803576063,0.0,0.0,0,0.0,0.005572039442755618,110
9307.706474927,12.969999999998251,0,1,1,68.86662138402981,20.629223532460394,20.610087089916526,0.027243937029530985,0.0,0.0,0.0,0.0019096241059087654,0.0,0.0,0,0.0,0.005564853809259938,111
9307.71645263,12.979999999998245,0,1,1,68.90426040062826,20.629223532460394,20.610838574741837,0.026173587407194037,0.0,0.0,0.0,0.0018345995072853566,0.0,0.0,0,0.0,0.005557863749716299,115
9307.726441224,12.98999999999824,0,1,1,68.83629690869283,20.629223532460394,20.611560561770098,0.02514528928104316,0.0,0.0,0.0,0.0017625224470708097,0.0,0.0,0,0.0,0.005551063757911416,117
9307.736427874,12.999999999998234,0,1,1,68.73681033488913,20.629223532460394,20.61225420787449,0.024157390547610125,0.0,0.0,0.0,0.001693277123477553,0.0,0.0,0,0.0,0.005544448502112692,117
9307.74737369,13.009999999998229,0,1,1,68.75581281885708,20.629223532460394,20.61292062463369,0.02320830401062573,0.0,0.0,0.0,0.0016267522842941641,0.0,0.0,0,0.0,0.005538012812913287,122
9307.75645627,13.019999999998223,0,1,1,68.81129583368616,20.629223532460394,20.613560880099314,0.02229650483101252,0.0,0.0,0.0,0.0015628410481447399,0.0,0.0,0,0.0,0.005531751675312106,124
9307.766626407,13.029999999998218,0,1,1,68.62500177055163,20.629223532460394,20.614176000494837,0.021420528077024416,0.0,0.0,0.0,0.0015014407327708567,0.0,0.0,0,0.0,0.005525660222633955,124
9307.776321887,13.039999999998212,0,1,1,68.61271055355314,20.629223532460394,20.614766971848677,0.02057896637057009,0.0,0.0,0.0,0.0014424526900545563,0.0,0.0,0,0.0,0.005519733731308034,127
9307.786254419,13.049999999998207,0,1,1,68.51351837520505,20.629223532460394,20.615334741563846,0.019770467626097094,0.0,0.0,0.0,0.0013857821475275472,0.0,0.0,0,0.0,0.005513967616099236,131
9307.796054418,13.059999999998201,0,1,1,68.3838113273791,20.629223532460394,20.615880219926737,0.01899373287833386,0.0,0.0,0.0,0.0013313380561091252,0.0,0.0,0,0.0,0.005508357425620905,131
9307.806718896,13.069999999998196,0,1,1,68.23068002530877,20.629223532460394,20.616404281557212,0.01824751419521571,0.0,0.0,0.0,0.0012790329438190475,0.0,0.0,0,0.0,0.005502898838054965,132
9307.815905294,13.07999999999819,0,1,1,68.00992394410251,20.629223532460394,20.616907766802502,0.017530612673004625,0.0,0.0,0.0,0.0012287827752441248,0.0,0.0,0,0.0,0.0054975876570447085,139
9307.826571003,13.089999999998184,0,1,1,67.62239990553292,20.629223532460394,20.61739148307673,0.016841876510040803,0.0,0.0,0.0,0.0011805068165242352,0.0,0.0,0,0.0,0.005492419807742337,141
9307.836046903,13.099999999998179,0,1,1,67.22352007854151,20.629223532460394,20.617856206148478,0.016180199156204257,0.0,0.0,0.0,0.0011341275056392923,0.0,0.0,0,0.0,0.005487391333000226,141
9307.848043082,13.109999999998173,0,1,1,66.57088077849572,20.629223532460394,20.618302681378207,0.015544517535104326,0.0,0.0,0.0,0.0010895703277974665,0.0,0.0,0,0.0,0.005482498389698373,143
9307.856244627,13.119999999998168,0,1,1,66.12426085919634,20.629223532460394,20.61873162490752,0.014933810336115601,0.0,0.0,0.0,0.0010467636957170242,0.0,0.0,0,0.0,0.005477737245201161,145
9307.866503454,13.129999999998162,0,1,1,65.48979383536609,20.629223532460394,20.61914372480211,0.014347096373448342,0.0,0.0,0.0,0.0010056388346089435,0.0,0.0,0,0.0,0.005473104273938469,145
9307.876255321,13.139999999998157,0,1,1,64.7184478547616,20.629223532460394,20.619539642150205,0.013783433009807512,0.0,0.0,0.0,0.000966129671683545,0.0,0.0,0,0.0,0.005468595954105274,145
9307.886561426,13.149999999998151,0,1,1,63.74869877779545,20.629223532460394,20.619920012118182,0.013241914641876283,0.0,0.0,0.0,0.0009281727299950695,0.0,0.0,0,0.0,0.005464208864475392,149
9307.896350833,13.159999999998146,0,1,1,63.05900883888385,20.629223532460394,20.620285444965123,0.012721671245317485,0.0,0.0,0.0,0.0008917070264542854,0.0,0.0,0,0.0,0.005459939681324577,150
9307.906382664,13.16999999999814,0,1,1,62.1736404621717,20.629223532460394,20.620636527017655,0.012221866977020051,0.0,0.0,0.0,0.0008566739738543252,0.0,0.0,0,0.0,0.00545578517545859,150
9307.916922136,13.179999999998135,0,1,1,61.19167835402738,20.629223532460394,20.620973821606956,0.011741698832133047,0.0,0.0,0.0,0.0008230172867400928,0.0,0.0,0,0.0,0.005451742209342178,154
9307.926499452,13.189999999998129,0,1,1,60.67400254381712,20.629223532460394,20.62129786996905,0.011280395353969635,0.0,0.0,0.0,0.0007906828909778319,0.0,0.0,0,0.0,0.005447807734324961,156
9307.936317043,13.199999999998123,0,1,1,59.98208661255524,20.629223532460394,20.62160919211008,0.010837215394560732,0.0,0.0,0.0,0.0007596188368790239,0.0,0.0,0,0.0,0.005443978787960435,157
9307.946521815,13.209999999998118,0,1,1,59.12313511589859,20.629223532460394,20.621908287637705,0.010411446923876121,0.0,0.0,0.0,0.0007297752157362264,0.0,0.0,0,0.0,0.005440252491414513,157
9307.956331498,13.219999999998112,0,1,1,58.44318708172782,20.629223532460394,20.62219563656014,0.010002405885828404,0.0,0.0,0.0,0.0007011040796328906,0.0,0.0,0,0.0,0.005436626046960227,163
9307.966550977,13.229999999998107,0,1,1,57.64097410462477,20.629223532460394,20.622471700053943,0.00960943509931668,0.0,0.0,0.0,0.0006735593644168721,0.0,0.0,0,0.0,0.005433096735555087,163
9307.976354062,13.239999999998101,0,1,1,56.85008640334273,20.629223532460394,20.62273692120173,0.009231903202277299,0.0,0.0,0.0,0.00064709681568362,0.0,0.0,0,0.0,0.00542966191449832,163
9307.986271669,13.249999999998096,0,1,1,56.04233336297249,20.629223532460394,20.62299172570125,0.008869203637406411,0.0,0.0,0.0,0.0006216739176812235,0.0,0.0,0,0.0,0.005426319015164584,169
9307.996362776,13.25999999999809,0,1,1,55.04678511320418,20.629223532460394,20.623236522546563,0.008520753677579205,0.0,0.0,0.0,0.0005972498250006945,0.0,0.0,0,0.0,0.005423065540811602,170
9308.006483792,13.269999999998085,0,1,1,53.9568536337704,20.629223532460394,20.623471704682686,0.008185993489619995,0.0,0.0,0.0,0.0005737852969505589,0.0,0.0,0,0.0,0.005419899064458875,170
9308.017778763,13.27999999999808,0,1,1,52.53504774897219,20.629223532460394,20.623697649634675,0.007864385234889432,0.0,0.0,0.0,0.0005512426345141895,0.0,0.0,0,0.0,0.005416817226834673,172
9308.026390338,13.289999999998074,0,1,1,51.74516836120984,20.629223532460394,20.623914720111983,0.0075554122051485146,0.0,0.0,0.0,0.0005295856197799555,0.0,0.0,0,0.0,0.00541381773438912,174
9308.036427228,13.299999999998068,0,1,1,50.171852307814255,20.629223532460394,20.624123264589333,0.007258577992400859,0.0,0.0,0.0,0.0005087794577516261,0.0,0.0,0,0.0,0.0054108983573707276,174
9308.046571477,13.309999999998062,0,1,1,49.40613344734878,20.629223532460394,20.624323617864707,0.006973405691339777,0.0,0.0,0.0,0.0004887907204464078,0.0,0.0,0,0.0,0.005408056927964144,174
9308.056346845,13.319999999998057,0,1,1,48.20413076907297,20.629223532460394,20.624516101595706,0.006699437133114845,0.0,0.0,0.0,0.0004695872931859198,0.0,0.0,0,0.0,0.005405291338486912,178
9308.06650462,13.329999999998051,0,1,1,47.25679141155994,20.629223532460394,20.624701024814684,0.00643623214928442,0.0,0.0,0.0,0.00045113832300294716,0.0,0.0,0,0.0,0.005402599539643144,179
9308.076732696,13.339999999998046,0,1,1,45.75910138074654,20.629223532460394,20.624878684423923,0.006183367864553097,0.0,0.0,0.0,0.0004334141690701534,0.0,0.0,0,0.0,0.0053999795388320615,180
9308.088576042,13.34999999999804,0,1,1,44.62682366127853,20.629223532460394,20.625049365671295,0.005940438017398845,0.0,0.0,0.0,0.0004163863550772456,0.0,0.0,0,0.0,0.005397429398509443,186
9308.096543697,13.359999999998035,0,1,1,43.61606337336678,20.629223532460394,20.62521334260739,0.00570705230733973,0.0,0.0,0.0,0.0004000275234804877,0.0,0.0,0,0.0,0.005394947234600184,191
9308.106914192,13.36999999999803,0,1,1,42.65646673289675,20.629223532460394,20.629223532460394,0.0,0.0,0.0,0.0,0.0,0.0,0.0,0,0.0,0.005392531214960104,194
9308.116445966,13.379999999998024,0,1,1,41.71550408354961,20.629223532460394,20.629223532460394,0.0,0.0,0.0,0.0,0.0,0.0,0.0,0,0.0,0.005390179557885337,195
9308.126035099,13.389999999998018,0,1,1,40.51784415221193,20.629223532460394,20.629223532460394,0.0,0.0,0.0,0.0,0.0,0.0,0.0,0,0.0,0.005387890530667683,200
9308.136367035,13.399999999998013,0,1,1,39.32646135682885,20.629223532460394,20.629223532460394,0.0,0.0,0.0,0.0,0.0,0.0,0.0,0,0.0,0.005385662448194231,200
9308.146642235,13.409999999998007,0,1,1,38.22198818512867,20.629223532460394,20.629223532460394,0.0,0.0,0.0,0.0,0.0,0.0,0.0,0,0.0,0.005383493671589849,200
9308.156333454,13.419999999998002,0,1,1,37.122537174664146,20.629223532460394,20.629223532460394,0.0,0.0,0.0,0.0,0.0,0.0,0.0,0,0.0,0.005381382606901068,206
9308.165981058,13.429999999997996,0,1,1,36.21780424778433,20.629223532460394,20.629223532460394,0.0,0.0,0.0,0.0,0.0,0.0,0.0,0,0.0,0.005379327703819901,206
9308.175945935,13.43999999999799,0,1,1,35.0931656453786,20.629223532460394,20.629223532460394,0.0,0.0,0.0,0.0,0.0,0.0,0.0,0,0.0,0.005377327454446315,206
9308.188063197,13.449999999997985,0,1,1,33.659677104918075,20.629223532460394,20.629223532460394,0.0,0.0,0.0,0.0,0.0,0.0,0.0,0,0.0,0.005375380392088035,208
9308.196541196,13.45999999999798,0,1,1,32.83972581205242,20.629223532460394,20.629223532460394,0.0,0.0,0.0,0.0,0.0,0.0,0.0,0,0.0,0.005373485090096372,210
9308.205995968,13.469999999997974,0,1,1,31.66250868934217,20.629223532460394,20.629223532460394,0.0,0.0,0.0,0.0,0.0,0.0,0.0,0,0.0,0.00537164016073708,211
9308.21655051,13.479999999997968,0,1,1,30.5875447647547,20.629223532460394,20.629223532460394,0.0,0.0,0.0,0.0,0.0,0.0,0.0,0,0.0,0.00536984425409482,211
9308.226191696,13.489999999997963,0,1,1,29.44182768988842,20.629223532460394,20.629223532460394,0.0,0.0,0.0,0.0,0.0,0.0,0.0,0,0.0,0.00536809605701033,214
9308.236559591,13.499999999997957,0,1,1,28.449498687421034,20.629223532460394,20.629223532460394,0.0,0.0,0.0,0.0,0.0,0.0,0.0,0,0.0,0.0053663942920491176,1
9308.246020779,13.509999999997952,0,1,1,27.54578413960178,20.629223532460394,20.629223532460394,0.0,0.0,0.0,0.0,0.0,0.0,0.0,0,0.0,0.005364737716500777,1
9308.256040578,13.519999999997946,0,1,1,26.564112442423855,20.629223532460394,20.629223532460394,0.0,0.0,0.0,0.0,0.0,0.0,0.0,0,0.0,0.005363125121407741,5
9308.266023474,13.52999999999794,0,1,1,25.46052434416718,20.629223532460394,20.629223532460394,0.0,0.0,0.0,0.0,0.0,0.0,0.0,0,0.0,0.005361555330622728,5
9308.27639278,13.539999999997935,0,1,1,24.64228076136266,20.629223532460394,20.629223532460394,0.0,0.0,0.0,0.0,0.0,0.0,0.0,0,0.0,0.005360027199893848,5
9308.286660486,13.54999999999793,0,1,1,23.707456462580204,20.629223532460394,20.629223532460394,0.0,0.0,0.0,0.0,0.0,0.0,0.0,0,0.0,0.005358539615976467,5
9308.296640378,13.559999999997924,0,1,1,22.75070861734478,20.629223532460394,20.629223532460394,0.0,0.0,0.0,0.0,0.0,0.0,0.0,0,0.0,0.0053570914957710575,10
9308.305992444,13.569999999997918,0,1,1,21.755424012002468,20.629223532460394,20.629223532460394,0.0,0.0,0.0,0.0,0.0,0.0,0.0,0,0.0,0.005355681785486163,12
9308.315983147,13.579999999997913,0,1,1,20.79216415797566,20.629223532460394,20.629223532460394,0.0,0.0,0.0,0.0,0.0,0.0,0.0,0,0.0,0.005354309459825721,12
9308.325902646,13.589999999997907,0,1,1,19.890689890257853,20.629223532460394,20.629223532460394,0.0,0.0,0.0,0.0,0.0,0.0,0.0,0,0.0,0.005352973521199872,17
9308.335979716,13.599999999997902,0,1,1,18.99628630741079,20.629223532460394,20.629223532460394,0.0,0.0,0.0,0.0,0.0,0.0,0.0,0,0.0,0.005351672998958702,18
9308.346029445,13.609999999997896,0,1,1,18.137944245874472,20.629223532460394,20.629223532460394,0.0,0.0,0.0,0.0,0.0,0.0,0.0,0,0.0,0.005350406948648009,18
9308.357945187,13.61999999999789,0,1,1,16.956528700145732,20.629223532460394,20.629223532460394,0.0,0.0,0.0,0.0,0.0,0.0,0.0,0,0.0,0.005349174451286583,21
9308.366778207,13.629999999997885,0,1,1,16.171064935037187,20.629223532460394,20.629223532460394,0.0,0.0,0.0,0.0,0.0,0.0,0.0,0,0.0,0.005347974612664209,24
9308.376020003,13.63999999999788,0,1,1,15.432017829918912,20.629223532460394,20.629223532460394,0.0,0.0,0.0,0.0,0.0,0.0,0.0,0,0.0,0.00534680656265981,25
9308.386059948,13.649999999997874,0,1,1,14.600226463312193,20.629223532460394,20.629223532460394,0.0,0.0,0.0,0.0,0.0,0.0,0.0,0,0.0,0.005345669454579059,25
9308.397055404,13.659999999997869,0,1,1,13.647390168723009,20.629223532460394,20.629223532460394,0.0,0.0,0.0,0.0,0.0,0.0,0.0,0,0.0,0.005344562464510982,33
9308.406028521,13.669999999997863,0,1,1,13.24289137003815,20.629223532460394,20.629223532460394,0.0,0.0,0.0,0.0,0.0,0.0,0.0,0,0.0,0.00534348479070286,37
9308.41674203,13.679999999997857,0,1,1,12.57055330731072,20.629223532460394,20.629223532460394,0.0,0.0,0.0,0.0,0.0,0.0,0.0,0,0.0,0.005342435652952865,38
9308.426008399,13.689999999997852,0,1,1,12.063074507980051,20.629223532460394,20.629223532460394,0.0,0.0,0.0,0.0,0.0,0.0,0.0,0,0.0,0.005341414292020043,43
9308.435969629,13.699999999997846,0,1,1,11.543680653138729,20.629223532460394,20.629223532460394,0.0,0.0,0.0,0.0,0.0,0.0,0.0,0,0.0,0.005340419969050922,43
9308.446134069,13.70999999999784,0,1,1,10.95554701127733,20.629223532460394,20.629223532460394,0.0,0.0,0.0,0.0,0.0,0.0,0.0,0,0.0,0.005339451965022328,43
9308.456135259,13.719999999997835,0,1,1,10.393614322274091,20.629223532460394,20.629223532460394,0.0,0.0,0.0,0.0,0.0,0.0,0.0,0,0.0,0.005338509580200046,43
9308.466004742,13.72999999999783,0,1,1,9.980503932919092,20.629223532460394,20.629223532460394,0.0,0.0,0.0,0.0,0.0,0.0,0.0,0,0.0,0.005337592133612623,47
9308.475979827,13.739999999997824,0,1,1,9.674498597730727,20.629223532460394,20.629223532460394,0.0,0.0,0.0,0.0,0.0,0.0,0.0,0,0.0,0.0053366989625400416,47
9308.486347691,13.749999999997819,0,1,1,9.451428038756665,20.629223532460394,20.629223532460394,0.0,0.0,0.0,0.0,0.0,0.0,0.0,0,0.0,0.005335829422016707,47
9308.495966165,13.759999999997813,0,1,1,9.207205568473073,20.629223532460394,20.629223532460394,0.0,0.0,0.0,0.0,0.0,0.0,0.0,0,0.0,0.0053349828843484645,52
9308.505985367,13.769999999997808,0,1,1,9.11784215326633,20.629223532460394,20.629223532460394,0.0,0.0,0.0,0.0,0.0,0.0,0.0,0,0.0,0.005334158738643013,52
9308.515957825,13.779999999997802,0,1,1,9.044854399822068,20.629223532460394,20.629223532460394,0.0,0.0,0.0,0.0,0.0,0.0,0.0,0,0.0,0.005333356390353532,52
9308.527220494,13.789999999997796,0,1,1,9.020941475396196,20.629223532460394,20.629223532460394,0.0,0.0,0.0,0.0,0.0,0.0,0.0,0,0.0,0.005332575260835096,54
9308.535959381,13.799999999997791,0,1,1,8.973564910629296,20.629223532460394,20.629223532460394,0.0,0.0,0.0,0.0,0.0,0.0,0.0,0,0.0,0.0053318147869133095,55
9308.545946113,13.809999999997785,0,1,1,9.089460010821643,20.629223532460394,20.629223532460394,0.0,0.0,0.0,0.0,0.0,0.0,0.0,0,0.0,0.005331074420465078,55
9308.555956446,13.81999999999778,0,1,1,9.136565636003743,20.629223532460394,20.629223532460394,0.0,0.0,0.0,0.0,0.0,0.0,0.0,0,0.0,0.005330353628011028,55
9308.566016286,13.829999999997774,0,1,1,9.2483455868615,20.629223532460394,20.629223532460394,0.0,0.0,0.0,0.0,0.0,0.0,0.0,0,0.0,0.005329651890319122,59
9308.575963635,13.839999999997769,0,1,1,9.343397111272049,20.629223532460394,20.629223532460394,0.0,0.0,0.0,0.0,0.0,0.0,0.0,0,0.0,0.005328968702019397,59
9308.586247675,13.849999999997763,0,1,1,9.45121312164223,20.629223532460394,20.629223532460394,0.0,0.0,0.0,0.0,0.0,0.0,0.0,0,0.0,0.005328303571229334,59
9308.59687813,13.859999999997758,0,1,1,9.621134432415872,20.629223532460394,20.629223532460394,0.0,0.0,0.0,0.0,0.0,0.0,0.0,0,0.0,0.00532765601918956,63
9308.605930202,13.869999999997752,0,1,1,9.751550941130866,20.629223532460394,20.629223532460394,0.0,0.0,0.0,0.0,0.0,0.0,0.0,0,0.0,0.0053270255799096194,64
9308.616004451,13.879999999997747,0,1,1,9.875259315052544,20.629223532460394,20.629223532460394,0.0,0.0,0.0,0.0,0.0,0.0,0.0,0,0.0,0.005326411799823551,64
9308.626280639,13.889999999997741,0,1,1,10.04091627971513,20.629223532460394,20.629223532460394,0.0,0.0,0.0,0.0,0.0,0.0,0.0,0,0.0,0.005325814237454936,64
9308.636192147,13.899999999997736,0,1,1,10.162277220506834,20.629223532460394,20.629223532460394,0.0,0.0,0.0,0.0,0.0,0.0,0.0,0,0.0,0.005325232463091127,69
9308.645965472,13.90999999999773,0,1,1,10.433327816599768,20.629223532460394,20.629223532460394,0.0,0.0,0.0,0.0,0.0,0.0,0.0,0,0.0,0.005324666058466536,69
9308.655947178,13.919999999997724,0,1,1,10.576649564025796,20.629223532460394,20.629223532460394,0.0,0.0,0.0,0.0,0.0,0.0,0.0,0,0.0,0.005324114616454503,69
9308.666016416,13.929999999997719,0,1,1,10.751206440673757,20.629223532460394,20.629223532460394,0.0,0.0,0.0,0.0,0.0,0.0,0.0,0,0.0,0.0053235777407677,73
9308.676344575,13.939999999997713,0,1,1,10.887722439180983,20.629223532460394,20.629223532460394,0.0,0.0,0.0,0.0,0.0,0.0,0.0,0,0.0,0.005323055045666748,73
9308.686311137,13.949999999997708,0,1,1,11.076870912769659,20.629223532460394,20.629223532460394,0.0,0.0,0.0,0.0,0.0,0.0,0.0,0,0.0,0.005322546155676712,73
9308.697617605,13.959999999997702,0,1,1,11.203669164892984,20.629223532460394,20.629223532460394,0.0,0.0,0.0,0.0,0.0,0.0,0.0,0,0.0,0.005322050705311512,75
9308.706247502,13.969999999997697,0,1,1,11.254365352964575,20.629223532460394,20.629223532460394,0.0,0.0,0.0,0.0,0.0,0.0,0.0,0,0.0,0.00532156833880576,77
9308.716532382,13.979999999997691,0,1,1,11.409156355614234,20.629223532460394,20.629223532460394,0.0,0.0,0.0,0.0,0.0,0.0,0.0,0,0.0,0.0053210987098538665,78
9308.726195603,13.989999999997686,0,1,1,11.46163389314645,20.629223532460394,20.629223532460394,0.0,0.0,0.0,0.0,0.0,0.0,0.0,0,0.0,0.005320641481356483,78
9308.73604072,13.99999999999768,0,1,1,11.586843131032797,20.629223532460394,20.629223532460394,0.0,0.0,0.0,0.0,0.0,0.0,0.0,0,0.0,0.005320196325173554,82
9308.746335557,14.009999999997675,0,1,1,11.53869059062212,20.629223532460394,20.629223532460394,0.0,0.0,0.0,0.0,0.0,0.0,0.0,0,0.0,0.005319762921884373,82
9308.755969235,14.019999999997669,0,1,1,11.525498624361823,20.629223532460394,20.629223532460394,0.0,0.0,0.0,0.0,0.0,0.0,0.0,0,0.0,0.005319340960553982,82
9308.766152073,14.029999999997663,0,1,1,11.600133869325592,20.629223532460394,20.629223532460394,0.0,0.0,0.0,0.0,0.0,0.0,0.0,0,0.0,0.0053189301385060325,85
9308.776241751,14.039999999997658,0,1,1,11.600133869325592,20.629223532460394,20.629223532460394,0.0,0.0,0.0,0.0,0.0,0.0,0.0,0,0.0,0.005318530161101717,85
9308.786467203,14.049999999997652,0,1,1,11.710224857004421,20.629223532460394,20.629223532460394,0.0,0.0,0.0,0.0,0.0,0.0,0.0,0,0.0,0.00531814074152482,85
9308.796078081,14.059999999997647,0,1,1,11.70039052151523,20.629223532460394,20.629223532460394,0.0,0.0,0.0,0.0,0.0,0.0,0.0,0,0.0,0.005317761600572492,85
9308.806321815,14.069999999997641,0,1,1,11.858790740328933,20.629223532460394,20.629223532460394,0.0,0.0,0.0,0.0,0.0,0.0,0.0,0,0.0,0.0053173924664517355,89
9308.816267949,14.079999999997636,0,1,1,11.858790740328883,20.629223532460394,20.629223532460394,0.0,0.0,0.0,0.0,0.0,0.0,0.0,0,0.0,0.005317033074581465,89
9308.826079877,14.08999999999763,0,1,1,11.972977468475172,20.629223532460394,20.629223532460394,0.0,0.0,0.0,0.0,0.0,0.0,0.0,0,0.0,0.005316683167399819,89
9308.836079401,14.099999999997625,0,1,1,11.972977468475172,20.629223532460394,20.629223532460394,0.0,0.0,0.0,0.0,0.0,0.0,0.0,0,0.0,0.005316342494176729,93
9308.845969774,14.10999999999762,0,1,1,12.012041436278919,20.629223532460394,20.629223532460394,0.0,0.0,0.0,0.0,0.0,0.0,0.0,0,0.0,0.005316010810831613,93
9308.855994919,14.119999999997614,0,1,1,12.076448693716983,20.629223532460394,20.629223532460394,0.0,0.0,0.0,0.0,0.0,0.0,0.0,0,0.0,0.005315687879755865,93
9308.867579423,14.129999999997608,0,1,1,12.076448693716983,20.629223532460394,20.629223532460394,0.0,0.0,0.0,0.0,0.0,0.0,0.0,0,0.0,0.005315373469640283,96
9308.876126349,14.139999999997602,0,1,1,12.076448693716983,20.629223532460394,20.629223532460394,0.0,0.0,0.0,0.0,0.0,0.0,0.0,0,0.0,0.005315067355307054,98
9308.886300444,14.149999999997597,0,1,1,12.076448693716983,20.629223532460394,20.629223532460394,0.0,0.0,0.0,0.0,0.0,0.0,0.0,0,0.0,0.005314769317546278,98
9308.896305107,14.159999999997591,0,1,1,12.076448693716983,20.629223532460394,20.629223532460394,0.0,0.0,0.0,0.0,0.0,0.0,0.0,0,0.0,0.005314479142956942,98
9308.906486863,14.169999999997586,0,1,1,12.19245057407993,20.629223532460394,20.629223532460394,0.0,0.0,0.0,0.0,0.0,0.0,0.0,0,0.0,0.005314196623792164,101
9308.916345626,14.17999999999758,0,1,1,12.076448693716959,20.629223532460394,20.629223532460394,0.0,0.0,0.0,0.0,0.0,0.0,0.0,0,0.0,0.0053139215578085625,101
9308.926042701,14.189999999997575,0,1,1,12.134270623948563,20.629223532460394,20.629223532460394,0.0,0.0,0.0,0.0,0.0,0.0,0.0,0,0.0,0.005313653748119734,101
9308.936521189,14.19999999999757,0,1,1,12.134078691121625,20.629223532460394,20.629223532460394,0.0,0.0,0.0,0.0,0.0,0.0,0.0,0,0.0,0.005313393003053626,105
9308.946094921,14.209999999997564,0,1,1,12.070159009195681,20.629223532460394,20.629223532460394,0.0,0.0,0.0,0.0,0.0,0.0,0.0,0,0.0,0.005313139136013764,106
9308.956082522,14.219999999997558,0,1,1,12.088636414105345,20.629223532460394,20.629223532460394,0.0,0.0,0.0,0.0,0.0,0.0,0.0,0,0.0,0.005312891965344235,106
9308.966501844,14.229999999997553,0,1,1,12.088636414105345,20.629223532460394,20.629223532460394,0.0,0.0,0.0,0.0,0.0,0.0,0.0,0,0.0,0.005312651314198218,106
9308.975961166,14.239999999997547,0,1,1,12.102572068104424,20.629223532460394,20.629223532460394,0.0,0.0,0.0,0.0,0.0,0.0,0.0,0,0.0,0.00531241701041011,111
9308.985931353,14.249999999997542,0,1,1,12.10233684690255,20.629223532460394,20.629223532460394,0.0,0.0,0.0,0.0,0.0,0.0,0.0,0,0.0,0.005312188886371104,111
9308.995942746,14.259999999997536,0,1,1,11.980622917872685,20.629223532460394,20.629223532460394,0.0,0.0,0.0,0.0,0.0,0.0,0.0,0,0.0,0.005311966778907981,111
9309.006764416,14.26999999999753,0,1,1,11.980622917872685,20.629223532460394,20.629223532460394,0.0,0.0,0.0,0.0,0.0,0.0,0.0,0,0.0,0.005311750529165292,115
9309.015965897,14.279999999997525,0,1,1,11.941864083236414,20.629223532460394,20.629223532460394,0.0,0.0,0.0,0.0,0.0,0.0,0.0,0,0.0,0.0053115399824906345,116
9309.02598422,14.28999999999752,0,1,1,11.878734653106527,20.629223532460394,20.629223532460394,0.0,0.0,0.0,0.0,0.0,0.0,0.0,0,0.0,0.005311334988322966,117
9309.037655474,14.299999999997514,0,1,1,11.815725728622235,20.629223532460394,20.629223532460394,0.0,0.0,0.0,0.0,0.0,0.0,0.0,0,0.0,0.0053111354000839675,119
9309.04660371,14.309999999997508,0,1,1,11.878540402797645,20.629223532460394,20.629223532460394,0.0,0.0,0.0,0.0,0.0,0.0,0.0,0,0.0,0.005310941075072281,121
9309.055974749,14.319999999997503,0,1,1,11.753035130549971,20.629223532460394,20.629223532460394,0.0,0.0,0.0,0.0,0.0,0.0,0.0,0,0.0,0.005310751874360593,121
9309.065915396,14.329999999997497,0,1,1,11.753035130549991,20.629223532460394,20.629223532460394,0.0,0.0,0.0,0.0,0.0,0.0,0.0,0,0.0,0.005310567662695456,121
9309.075964014,14.339999999997492,0,1,1,11.832673513837895,20.629223532460394,20.629223532460394,0.0,0.0,0.0,0.0,0.0,0.0,0.0,0,0.0,0.005310388308399791,124
9309.086039923,14.349999999997486,0,1,1,11.690667979968836,20.629223532460394,20.629223532460394,0.0,0.0,0.0,0.0,0.0,0.0,0.0,0,0.0,0.005310213683277998,124
9309.09599201,14.35999999999748,0,1,1,11.64948950954009,20.629223532460394,20.629223532460394,0.0,0.0,0.0,0.0,0.0,0.0,0.0,0,0.0,0.005310043662523606,124
9309.105976132,14.369999999997475,0,1,1,11.711257313976535,20.629223532460394,20.629223532460394,0.0,0.0,0.0,0.0,0.0,0.0,0.0,0,0.0,0.0053098781246293525,128
9309.115978163,14.37999999999747,0,1,1,11.628629481112398,20.629223532460394,20.629223532460394,0.0,0.0,0.0,0.0,0.0,0.0,0.0,0,0.0,0.0053097169512997255,128
9309.12588626,14.389999999997464,0,1,1,11.64948950954009,20.629223532460394,20.629223532460394,0.0,0.0,0.0,0.0,0.0,0.0,0.0,0,0.0,0.005309560027365781,128
9309.136695647,14.399999999997458,0,1,1,11.64948950954009,20.629223532460394,20.629223532460394,0.0,0.0,0.0,0.0,0.0,0.0,0.0,0,0.0,0.005309407240702273,128
9309.146707577,14.409999999997453,0,1,1,11.64948950954009,20.629223532460394,20.629223532460394,0.0,0.0,0.0,0.0,0.0,0.0,0.0,0,0.0,0.005309258482146979,133
9309.156428373,14.419999999997447,0,1,1,11.590109478227033,20.629223532460394,20.629223532460394,0.0,0.0,0.0,0.0,0.0,0.0,0.0,0,0.0,0.005309113645422157,134
9309.166426115,14.429999999997442,0,1,1,11.64948950954009,20.629223532460394,20.629223532460394,0.0,0.0,0.0,0.0,0.0,0.0,0.0,0,0.0,0.005308972627058123,134
9309.176489916,14.439999999997436,0,1,1,11.709226903186602,20.629223532460394,20.629223532460394,0.0,0.0,0.0,0.0,0.0,0.0,0.0,0,0.0,0.005308835326318845,139
9309.185969636,14.44999999999743,0,1,1,11.70922690318659,20.629223532460394,20.629223532460394,0.0,0.0,0.0,0.0,0.0,0.0,0.0,0,0.0,0.005308701645129525,139
9309.196359267,14.459999999997425,0,1,1,11.711257313976535,20.629223532460394,20.629223532460394,0.0,0.0,0.0,0.0,0.0,0.0,0.0,0,0.0,0.005308571488006147,141
9309.208466409,14.46999999999742,0,1,1,11.711257313976535,20.629223532460394,20.629223532460394,0.0,0.0,0.0,0.0,0.0,0.0,0.0,0,0.0,0.005308444761986816,143
9309.216045146,14.479999999997414,0,1,1,11.711257313976535,20.629223532460394,20.629223532460394,0.0,0.0,0.0,0.0,0.0,0.0,0.0,0,0.0,0.005308321376564999,147
9309.226824536,14.489999999997409,0,1,1,11.64948950954009,20.629223532460394,20.629223532460394,0.0,0.0,0.0,0.0,0.0,0.0,0.0,0,0.0,0.005308201243624501,149
9309.235912729,14.499999999997403,0,1,1,11.64948950954009,20.629223532460394,20.629223532460394,0.0,0.0,0.0,0.0,0.0,0.0,0.0,0,0.0,0.005308084277376217,1
9309.246061151,14.509999999997397,0,1,1,11.709226903186602,20.629223532460394,20.629223532460394,0.0,0.0,0.0,0.0,0.0,0.0,0.0,0,0.0,0.0053079703942964795,6
9309.256787918,14.519999999997392,0,1,1,11.709226903186602,20.629223532460394,20.629223532460394,0.0,0.0,0.0,0.0,0.0,0.0,0.0,0,0.0,0.005307859513067184,8
9309.267267427,14.529999999997386,0,1,1,11.709226903186602,20.629223532460394,20.629223532460394,0.0,0.0,0.0,0.0,0.0,0.0,0.0,0,0.0,0.005307751554517334,11
9309.27706159,14.53999999999738,0,1,1,11.64948950954009,20.629223532460394,20.629223532460394,0.0,0.0,0.0,0.0,0.0,0.0,0.0,0,0.0,0.005307646441566255,17
9309.28603293,14.549999999997375,0,1,1,11.73057846687837,20.629223532460394,20.629223532460394,0.0,0.0,0.0,0.0,0.0,0.0,0.0,0,0.0,0.005307544099168338,18
9309.296022242,14.55999999999737,0,1,1,11.67097199941593,20.629223532460394,20.629223532460394,0.0,0.0,0.0,0.0,0.0,0.0,0.0,0,0.0,0.005307444454259118,18
9309.305953261,14.569999999997364,0,1,1,11.609401214174776,20.629223532460394,20.629223532460394,0.0,0.0,0.0,0.0,0.0,0.0,0.0,0,0.0,0.005307347435702964,18
9309.316027523,14.579999999997359,0,1,1,11.670758297034185,20.629223532460394,20.629223532460394,0.0,0.0,0.0,0.0,0.0,0.0,0.0,0,0.0,0.005307252974241963,23
9309.32592943,14.589999999997353,0,1,1,11.609401214174776,20.629223532460394,20.629223532460394,0.0,0.0,0.0,0.0,0.0,0.0,0.0,0,0.0,0.005307161002446346,23
9309.336382626,14.599999999997348,0,1,1,11.631574210093438,20.629223532460394,20.629223532460394,0.0,0.0,0.0,0.0,0.0,0.0,0.0,0,0.0,0.005307071454666114,23
9309.345986092,14.609999999997342,0,1,1,11.692853134283192,20.629223532460394,20.629223532460394,0.0,0.0,0.0,0.0,0.0,0.0,0.0,0,0.0,0.005306984266983929,28
9309.355963418,14.619999999997336,0,1,1,11.691343373725559,20.629223532460394,20.629223532460394,0.0,0.0,0.0,0.0,0.0,0.0,0.0,0,0.0,0.005306899377169404,28
9309.366579005,14.629999999997331,0,1,1,11.654365729639732,20.629223532460394,20.629223532460394,0.0,0.0,0.0,0.0,0.0,0.0,0.0,0,0.0,0.0053068167246344,28
9309.378417974,14.639999999997325,0,1,1,11.59328057990998,20.629223532460394,20.629223532460394,0.0,0.0,0.0,0.0,0.0,0.0,0.0,0,0.0,0.005306736250389701,30
9309.386293807,14.64999999999732,0,1,1,11.677536837639963,20.629223532460394,20.629223532460394,0.0,0.0,0.0,0.0,0.0,0.0,0.0,0,0.0,0.005306657897002708,33
9309.396382147,14.659999999997314,0,1,1,11.640619007792552,20.629223532460394,20.629223532460394,0.0,0.0,0.0,0.0,0.0,0.0,0.0,0,0.0,0.005306581608556293,33
9309.406264203,14.669999999997309,0,1,1,11.54492511662642,20.629223532460394,20.629223532460394,0.0,0.0,0.0,0.0,0.0,0.0,0.0,0,0.0,0.005306507330608758,33
9309.415957235,14.679999999997303,0,1,1,11.510707951417695,20.629223532460394,20.629223532460394,0.0,0.0,0.0,0.0,0.0,0.0,0.0,0,0.0,0.005306435010154868,37
9309.426344447,14.689999999997298,0,1,1,11.418754075037063,20.629223532460394,20.629223532460394,0.0,0.0,0.0,0.0,0.0,0.0,0.0,0,0.0,0.005306364595587851,37
9309.436328784,14.699999999997292,0,1,1,11.387310117662444,20.629223532460394,20.629223532460394,0.0,0.0,0.0,0.0,0.0,0.0,0.0,0,0.0,0.0053062960366625014,37
9309.445972402,14.709999999997287,0,1,1,11.299483019946155,20.629223532460394,20.629223532460394,0.0,0.0,0.0,0.0,0.0,0.0,0.0,0,0.0,0.0053062292844591324,40
9309.456014065,14.719999999997281,0,1,1,11.270591529772222,20.629223532460394,20.629223532460394,0.0,0.0,0.0,0.0,0.0,0.0,0.0,0,0.0,0.005306164291348642,40
9309.466510452,14.729999999997275,0,1,1,11.10208393025006,20.629223532460394,20.629223532460394,0.0,0.0,0.0,0.0,0.0,0.0,0.0,0,0.0,0.00530610101095836,40
9309.476227585,14.73999999999727,0,1,1,11.101778107051102,20.629223532460394,20.629223532460394,0.0,0.0,0.0,0.0,0.0,0.0,0.0,0,0.0,0.005306039398138909,41
9309.486313327,14.749999999997264,0,1,1,10.962548405863203,20.629223532460394,20.629223532460394,0.0,0.0,0.0,0.0,0.0,0.0,0.0,0,0.0,0.005305979408931842,46
9309.496241726,14.759999999997259,0,1,1,10.900016041263946,20.629223532460394,20.629223532460394,0.0,0.0,0.0,0.0,0.0,0.0,0.0,0,0.0,0.005305921000538255,47
9309.506115196,14.769999999997253,0,1,1,10.78255400415424,20.629223532460394,20.629223532460394,0.0,0.0,0.0,0.0,0.0,0.0,0.0,0,0.0,0.005305864131288085,47
9309.516104506,14.779999999997248,0,1,1,10.720433626497774,20.629223532460394,20.629223532460394,0.0,0.0,0.0,0.0,0.0,0.0,0.0,0,0.0,0.0053058087606103685,51
9309.526154812,14.789999999997242,0,1,1,10.837615586148965,20.629223532460394,20.629223532460394,0.0,0.0,0.0,0.0,0.0,0.0,0.0,0,0.0,0.005305754849004182,51
9309.536167005,14.799999999997237,0,1,1,10.809004650100594,20.629223532460394,20.629223532460394,0.0,0.0,0.0,0.0,0.0,0.0,0.0,0,0.0,0.0053057023580104015,51
9309.547986978,14.809999999997231,1,1,2,0.0,20.629223532460394,20.629223532460394,0.0,0.875754542626702,0.8108799407505645,0.0,0.0,0.036012470891664254,0.036012470891664254,0,14.492379996899276,0.005349201840410905,53
9309.556659702,14.819999999997226,1,1,2,0.0,20.629223532460394,20.629223532460394,0.0,0.8755679389200167,0.8106628918666127,0.09999999999998078,0.0,0.0360010938468783,0.0360010938468783,0,14.492370652620382,0.005571609391863977,57
9309.566675603,14.82999999999722,1,1,2,0.08789083181482306,20.654686933804715,20.630183231079396,0.025333258805435625,1.0464145307663808,0.8100437326110235,0.09999999999999999,0.0017756978972479328,0.0353690943568216,0.0353690943568216,0,14.492343495819313,0.005782948493183865,60
9309.576729795,14.839999999997215,1,1,2,0.2485921790140797,20.67336356534933,20.632076420487607,0.07183643531544322,0.8642940951918553,0.8086410157794989,0.10000000000000002,0.005035270358033964,0.034197780961418574,0.034197780961418574,0,14.492193621002446,0.005966795770857687,63
9309.586638679,14.849999999997209,1,1,2,0.31689406902967837,20.670027277487367,20.633706613245838,0.09000210879447954,0.7791687105514594,0.8056525050678729,0.0,0.0063085667959912215,0.03370274618879834,0.03370274618879834,0,14.49193511339853,0.006112050875527887,71
9309.59674928,14.859999999997203,1,1,2,0.37288798213347374,20.695475332682975,20.635592304026865,0.10308348768858973,0.9040107480538911,0.8014171553775454,0.0,0.007225487006445544,0.033011535928185426,0.033011535928185426,0,14.49159243309552,0.006240081915419304,75
9309.607083362,14.869999999997198,1,1,2,0.38200641804127655,20.700988368889075,20.637668337375036,0.10170439888609138,0.7989988081667156,0.7963644715217061,0.1,0.0071288217844335715,0.03358962281265547,0.03358962281265547,0,14.491190283966526,0.006339519890879247,79
9309.61816135,14.879999999997192,1,1,2,0.3601516922890666,20.709907417605052,20.63981901137651,0.09312802852137879,0.9145210470106875,0.7898803494152843,0.05162429668932608,0.00652767358871188,0.03328153348871224,0.03328153348871224,0,14.490721663314051,0.006430765044322037,85
9309.627461725,14.889999999997187,1,1,2,0.5021628416209211,20.760771622816637,20.64308598505836,0.13172904206881786,1.1358155593995094,0.7831171347677597,0.1,0.009233355440156478,0.030113309177051937,0.030113309177051937,0,14.490201545724606,0.0065040272555975664,88
9309.636753408,14.899999999997181,1,1,2,0.4280346138497928,20.735338365959333,20.64633574615084,0.10502127265527968,0.8892847553509857,0.7753423084221769,0.1,0.0073613132227681915,0.032491165550525766,0.032491165550525766,0,14.4896672429565,0.006546825651700054,92
9309.646596554,14.909999999997176,1,1,2,0.47099629022642814,20.731982184596113,20.64969483491508,0.1124624866240223,0.7184073495060291,0.7666512232690297,0.0,0.007882894283410862,0.03207211042903113,0.03207211042903113,0,14.489154393680595,0.006563723649460819,93
9309.656757191,14.91999999999717,1,1,2,0.4281455723766288,20.73535696817228,20.65305728232722,0.09661617255034392,0.701641795840866,0.7566933626266257,0.013275521759799486,0.006772169966580159,0.03223737820154961,0.03223737820154961,0,14.488670422428298,0.006584852274507322,100
9309.666626061,14.929999999997165,1,1,2,0.5649585232344778,20.77539871396747,20.657218017367303,0.13784290759524184,0.9108297320304599,0.746588482672653,0.0,0.009661897944013235,0.0320093557348439,0.0320093557348439,0,14.48820510136158,0.0065898829387551275,102
9309.676703993,14.939999999997159,1,1,2,0.500745134714442,20.749985007995583,20.66147926882079,0.11461576325949466,0.787491178454463,0.736193608798809,0.1,0.008033825074556388,0.0324881133980293,0.0324881133980293,0,14.487785703469788,0.006573864273567334,103
9309.68673097,14.949999999997154,1,1,2,0.6170789079352701,20.768568896180867,20.665798973407494,0.1395356669211375,0.6332294501313446,0.7252767218306134,0.0,0.009780549444738914,0.031279444991426576,0.031279444991426576,0,14.487414354725344,0.006558176639552299,110
9309.696684225,14.959999999997148,1,1,2,0.6170789079352701,20.768568896180867,20.669882143010614,0.1342225902803588,0.5855862334057538,0.7137046542280259,0.0,0.009408137072078687,0.031180096867595923,0.031180096867595923,0,14.48708506439773,0.006539267522056455,111
9309.706441204,14.969999999997142,1,1,2,0.652648146404812,20.797368959828148,20.673767410824546,0.14073871880613992,0.8577244894111653,0.7014184343948944,0.10000000000000002,0.009864875615283649,0.02886347241950416,0.02886347241950416,0,14.486793587145304,0.006530131616325041,112
9309.718254675,14.979999999997137,1,1,2,0.6700344275913483,20.77418862488527,20.676592919909204,0.14245500879472822,0.4284621658339471,0.6877778381361502,0.1,0.009985176463556187,0.03242671050703698,0.03242671050703698,0,14.486501811813463,0.006550703464667747,114
9309.726467825,14.989999999997131,1,1,2,0.5650005288408295,20.755652003107112,20.67995873167836,0.1127060465261313,0.6053688480812837,0.6745883730128216,0.1,0.007899966260188565,0.03207854160343946,0.03207854160343946,0,14.486171193811805,0.006535461897742435,117
9309.736413472,14.999999999997126,1,1,2,0.5650005288408295,20.755652003107112,20.682831367355366,0.1082880975366067,0.5640492109193009,0.6606434681106002,0.1,0.00759029655716683,0.031872176883207176,0.031872176883207176,0,14.485829177871766,0.0065268387441033485,117
9309.746570219,15.00999999999712,1,1,2,0.5650005288408295,20.755652003107112,20.685454122476944,0.10411687349326165,0.528762434961632,0.6463883434498925,0.08208245327628168,0.007297920680079686,0.03163573360664082,0.03163573360664082,0,14.485450940203245,0.00653643820679712,118
9309.756684998,15.019999999997115,1,1,2,0.6224029164529737,20.781055611477758,20.688611030902965,0.11489779053516604,0.709556760150279,0.6324484350080832,0.020824325581213114,0.008053593365885401,0.02797970729287723,0.02797970729287723,0,14.485018631858448,0.006541218621836466,125
9309.766388471,15.02999999999711,1,1,2,0.5650005288408295,20.755652003107112,20.690881692416855,0.09606557235684011,0.4565451480372711,0.6178640941292408,0.0,0.006733576447549211,0.031090931757205856,0.031090931757205856,0,14.484549627903588,0.006545822621985248,127
9309.776363821,15.039999999997104,1,1,2,0.5650005288408295,20.755652003107112,20.69338087400192,0.09230064705454262,0.42299498244305705,0.60352581345287,0.09999999999999773,0.006469679489248822,0.030784524739420723,0.030784524739420723,0,14.484043540453934,0.006534602953167212,127
9309.78683437,15.049999999997098,1,1,2,0.5162511499843689,20.730250765106938,20.69567199489803,0.07915950983473767,0.39395586540106464,0.5891965999506454,0.09999999999999999,0.006151245750403472,0.02980731113799078,0.02980731113799078,0,14.483497250326003,0.006538138552094751,132
9309.796703692,15.059999999997093,1,1,2,0.703055761011487,20.783289909019835,20.697944817041183,0.12281155055189281,0.2996560399585736,0.5752267019989213,0.10000000000000002,0.008608296853855687,0.027528760690791264,0.027528760690791264,0,14.482878424173089,0.006541932758363685,133
9309.806413677,15.069999999997087,1,1,2,0.6290585984625314,20.76486506868792,20.700056288001413,0.1086937529041909,0.38366893079371434,0.5612493906118993,0.1,0.0076187303796274785,0.03061875696099368,0.03061875696099368,0,14.482211399575405,0.006524587735155914,134
9309.816434804,15.079999999997082,1,1,2,0.5650005288408295,20.755652003107112,20.702650122105663,0.07700072300323994,0.27384476634752075,0.5481101185221942,0.1,0.0053972535856330476,0.028727817225498803,0.028727817225498803,0,14.481509805388232,0.006503821801338551,134
9309.826249819,15.089999999997076,1,1,2,0.5923339616527025,20.735968951413156,20.704647184581805,0.09006600550116534,0.33103003948289045,0.5345838007526315,0.10000000000000002,0.00631304554262925,0.03156525033896239,0.03156525033896239,0,14.48079936164466,0.0064777809183923715,139
9309.836692411,15.09999999999707,1,1,2,0.6809353662492402,20.790259018538087,20.706799468228333,0.10996008455987488,0.26862579443946494,0.5213771957531833,0.09999999999999999,0.007707492053578988,0.028640408102194856,0.028640408102194856,0,14.480061749500804,0.00646441337092403,140
9309.846178196,15.109999999997065,1,1,2,0.6226885635133377,20.78108382086736,20.708830275584138,0.08333015386846088,0.2544680626513307,0.5080854254047735,0.1,0.005840905828105059,0.028054862761176733,0.028054862761176733,0,14.479273439300439,0.006463165610543498,142
9309.856425948,15.11999999999706,1,1,2,0.5652103165920607,20.75567083206116,20.71066852094878,0.06389318472455846,0.18870460743384934,0.49505230355111246,0.0,0.004478499771198893,0.02686811892879083,0.02686811892879083,0,14.478433621480242,0.006458657430926433,148
9309.866900795,15.129999999997054,1,1,2,0.5652103165920562,20.75567083206116,20.712522108507734,0.06103791953267214,0.11890003834032398,0.4825258290933453,0.0,0.004278364114106205,0.02714344352581747,0.02714344352581747,0,14.477558507405691,0.006426304771612705,150
9309.876624413,15.139999999997048,1,1,2,0.6290585984625314,20.76486506868792,20.714458885456548,0.08608690403020332,0.3445670832380369,0.4702754572326103,0.1,0.006034136217572112,0.027113615946768997,0.027113615946768997,0,14.476682132160791,0.006402660041258709,152
9309.887991203,15.149999999997043,1,1,2,0.6164065327824717,20.784551995153187,20.716471156001386,0.07788061992262925,0.2898801686294776,0.4582073269043938,0.0,0.005458928679294098,0.025850134945229437,0.025850134945229437,0,14.475788150377673,0.006393396578422472,155
9309.896624377,15.159999999997037,1,1,2,0.6164065327824717,20.784551995153187,20.719144601980894,0.07482087521573481,0.2755039417322048,0.4469216182791592,0.0,0.005244460328266914,0.025371915628782337,0.025371915628782337,0,14.474892488841201,0.006355201650189483,160
9309.906407621,15.169999999997032,1,1,2,0.6226885635133393,20.78108382086736,20.721671724810246,0.06731713821057012,0.24655732310609407,0.4358310983272564,0.09999999999999999,0.0047184968064037484,0.026221179718276037,0.026221179718276037,0,14.474026556388104,0.00631811877764131,163
9309.916764866,15.179999999997026,1,1,2,0.8229890334738936,20.860778372472495,20.72602202409259,0.13539928361792686,0.46052362968715915,0.4264936250947214,0.0,0.009490615678612055,0.022410030830022343,0.022410030830022343,0,14.473195237984775,0.006244863980290144,164
9309.926617986,15.18999999999702,1,1,2,1.0935539308473843,20.942672405723318,20.733305992524432,0.21013962414961793,0.8293210388804221,0.420202113940584,0.10000000000000002,0.014729431045438708,0.017511689881356634,0.017511689881356634,0,14.47249565280871,0.006119399083230691,172
9309.936567345,15.199999999997015,1,1,2,1.3306092260806286,21.018910655533954,20.74295474669093,0.27628140922971645,1.1589216234026531,0.4158369782232555,0.0,0.019365543185174236,0.02764182997903751,0.02764182997903751,0,14.472028504921594,0.0059454171678438444,175
9309.946627002,15.20999999999701,1,1,2,1.742778546699154,21.146020368486887,20.756347111605947,0.3919553296929814,1.5636719984466552,0.4146437424538861,0.1,0.02747353824852383,0.04189208668783331,0.04189208668783331,0,14.471856910881424,0.005715271302426134,176
9309.957468939,15.219999999997004,1,1,2,2.4423392148487126,21.35526364246773,20.77521029639144,0.5848974780562091,2.319455193191699,0.41829976410504127,0.1,0.039405976511649066,0.06794707024640083,0.06794707024640083,0,14.471933229357491,0.005371529596943418,181
9309.966671769,15.229999999996998,1,1,2,2.7041064692595973,21.438533621254674,20.799508661155908,0.6426118703273574,2.975713562554585,0.42656614887442285,0.0,0.045042943572736076,0.08979997115857281,0.08979997115857281,0,14.472325188244382,0.00590871221895739,184
9309.976607596,15.239999999996993,1,1,2,3.4929831468228105,21.673081374744193,20.829706786082305,0.8494011732190336,3.8519215388126087,0.43887686021559336,0.09999999999999999,0.05953753872680645,0.11808915606709001,0.11808915606709001,0,14.473543908355037,0.006893784985558149,187
9309.986687295,15.249999999996987,1,1,2,3.969571898647938,21.818738842475682,20.865429274786884,0.9556685462316271,4.551565987638989,0.4552453268737692,0.09999999999999999,0.06698619554011856,0.14241638899153217,0.14241638899153217,0,14.475849918187873,0.008036414604299713,188
9309.996446856,15.259999999996982,1,1,2,4.622379718029101,22.01553167480119,20.907015066217312,1.1098636983784662,5.3726667215549275,0.4756345950146675,0.10000000000000002,0.07779428026130734,0.1692529622095957,0.1692529622095957,0,14.47940155049356,0.009318947767067653,194
9310.006621989,15.269999999996976,1,1,2,5.436150481975337,22.259507302917125,20.95545523043087,1.3050847944449377,6.213612822112736,0.5010122168870742,0.1,0.09093455014679028,0.1961324711126162,0.1961324711126162,0,14.484346103394588,0.010736774950324213,194
9310.01636096,15.27999999999697,1,1,2,6.1051091629757614,22.460669488905207,21.010861525590016,1.4511550843671455,7.048881875945742,0.5313818094253634,0.10000000000000002,0.10171660312956943,0.22341297536850466,0.22341297536850466,0,14.490822072956684,0.012276628808556067,195
9310.026793379,15.289999999996965,1,1,2,7.039731113997847,22.740724878972376,21.07364220579124,1.668104162924113,7.845451279574658,0.5667512569468901,0.1,0.11692333296887424,0.24891728122605447,0.24891728122605447,0,14.498973270541141,0.01392262591450244,201
9310.036292763,15.29999999999696,1,1,2,7.835022107183979,22.977412850929383,21.14322307927701,1.837989543540771,8.576349505635129,0.6061493482883967,0.1,0.12850167949263255,0.27135346875873584,0.27135346875873584,0,14.508915152564287,0.01563599939060567,202
9310.046555529,15.309999999996954,1,1,2,8.871856317566378,23.28734420986601,21.220181017592626,2.0720778552004386,9.294922986176044,0.6500560170827334,0.09999999999999999,0.1420835292652161,0.29428084139087773,0.29428084139087773,0,14.520729375625772,0.017409173150340962,202
9310.05878099,15.319999999996949,1,1,2,10.288240812926603,23.71068919307255,21.30729086555676,2.4097099386501104,9.968434003402475,0.7011950011468474,0.1,0.1604497222141897,0.31448363514986405,0.31448363514986405,0,14.534483919476804,0.019212030319612605,204
9310.066573316,15.329999999996943,1,1,2,11.099369616129145,23.954537528139184,21.404203280830778,2.556185514091181,10.613915768450923,0.7590828767878528,0.1,0.17757318499850688,0.334055063708427,0.334055063708427,0,14.550215355422665,0.021036867309147445,209
9310.076916528,15.339999999996937,1,1,2,12.288249046467703,24.311819465280895,21.511259706209366,2.804955508159286,11.217105045210156,0.8242686898506234,0.1,0.19538106149021056,0.35173759149178313,0.35173759149178313,0,14.567939180550326,0.02286208567477299,209
9310.086265716,15.349999999996932,1,1,2,13.471899040058466,24.66713666754205,21.62738554629832,3.04401086344001,11.780554937522357,0.8956259478045563,0.1,0.21050821268795297,0.3680219752972716,0.3680219752972716,0,14.587662468311159,0.024676016912384524,210
9310.096688351,15.359999999996926,1,1,2,14.641731895162016,25.018950860883248,21.75395222983921,3.268131226389394,12.29943026634684,0.9743511906619432,0.1,0.22907490075395628,0.3825036583484274,0.3825036583484274,0,14.609387585219025,0.02646238386262101,216
9310.106301164,15.36999999999692,1,1,2,15.793227888513737,25.365210839730008,21.88834288693931,3.479406776477379,12.782018885623234,1.057698354250336,0.1,0.2413155888576092,0.38667026021378137,0.38667026021378137,0,14.633099129814754,0.028178597936250105,217
9310.116696288,15.379999999996915,1,1,2,16.881108981614673,25.691940350692743,22.031327067131414,3.662639696689505,13.225327890454215,1.146307753827694,0.1,0.2567273976766197,0.3842279530559028,0.3842279530559028,0,14.658710708261225,0.029715375621572004,217
9310.127649088,15.38999999999691,1,1,2,18.241954586551746,26.100804860834412,22.181834386129903,3.9200740758751125,13.634499866860308,1.2391011434942523,0.1,0.2701938705843207,0.3818606674976855,0.3818606674976855,0,14.686054011446938,0.031080631363071598,223
9310.136788071,15.399999999996904,1,1,2,19.058770595284976,26.34583328536403,22.339273984916293,4.00782832734087,14.011081690097647,1.3355895932128843,0.09999999999999999,0.2809228922361254,0.37945726459253354,0.37945726459253354,0,14.714969477958808,0.03229086315040508,226
9310.146563743,15.409999999996899,1,1,2,20.23318760798405,26.698772515041885,22.504622518576888,4.1945325051631075,14.357767058022528,1.4366590657441307,0.1,0.2940096497872381,0.37696317977544924,0.37696317977544924,0,14.74531281812017,0.03336026191265762,228
9310.156526589,15.419999999996893,1,1,2,21.540664455652855,27.091348500676595,22.677312697761025,4.414766079332511,14.67719241540206,1.5418871464133521,0.1,0.3080029525062014,0.374409596838793,0.374409596838793,0,14.77695283441062,0.03430188767241593,230
9310.166504829,15.429999999996888,1,1,2,22.88664713111414,27.495145343925405,22.858995890973823,4.637086293874273,14.97235731750004,1.652902359178796,0.10000000000000002,0.32354363721545937,0.3717128610328652,0.3717128610328652,0,14.80977022554429,0.03512693638089659,237
9310.176973449,15.439999999996882,1,1,2,24.11238700846112,27.862444806527755,23.047845778351792,4.816775615445641,15.246648205954404,1.767905434685322,0.09999999999999999,0.33648904873617513,0.368965116455074,0.368965116455074,0,14.843655860863194,0.035845761646632335,237
9310.186523865,15.449999999996876,1,1,2,25.61288674973846,28.311710510748863,23.245665099105857,5.069975723295123,15.49932687787122,1.8887878008944694,0.10000000000000002,0.35245499398214564,0.36600880512204603,0.36600880512204603,0,14.878510203508972,0.036467360648728686,238
9310.19693451,15.459999999996871,1,1,2,27.38827877796712,28.842820142277,23.452322563299692,5.396928165573139,15.733812147296133,2.0153117058809364,0.1,0.3690606716686877,0.3628307707604995,0.3628307707604995,0,14.914240986094471,0.036998994813570274,244
9310.207009398,15.469999999996865,1,1,2,28.27610579999474,29.10846559195415,23.666594631336856,5.449242248298904,15.952950845165557,2.1462762922653726,0.1,0.3793415855561899,0.35948855031004373,0.35948855031004373,0,14.950762027023133,0.037447344762775225,245
9310.21705469,15.47999999999686,1,1,2,29.45420995372319,29.461477259690344,23.88734907368854,5.581716090384065,16.15835820390083,2.280452074087363,0.1,0.3912422638102305,0.35596761769760626,0.35596761769760626,0,14.987992961394289,0.03781895430755844,246
9310.228188597,15.489999999996854,1,1,2,31.248358366105208,29.99826089692396,24.114975120600292,5.892739618111869,16.350689118686873,2.418308701236448,0.1,0.4047876331631963,0.3522219460991756,0.3522219460991756,0,15.02585350745627,0.038119216683270896,1
9310.236693947,15.499999999996849,1,1,2,32.153723765587,30.2697485648191,24.34961317451052,5.9292373835800385,16.53210886428692,2.5600403771728413,0.10000000000000002,0.4156012629550426,0.34825381839671615,0.34825381839671615,0,15.064265179575425,0.03835264473231681,5
9310.246414692,15.509999999996843,1,1,2,33.52097672136585,30.679790852153715,24.59056435013269,6.09791744227065,16.704054811156496,2.7048884964720443,0.1,0.427424646114113,0.34406420844616603,0.34406420844616603,0,15.103157087892496,0.03852373936691489,8
9310.256482868,15.519999999996838,1,1,2,35.077247955324985,31.146876470255833,24.839175835390623,6.315450944724739,16.866683730848408,2.854131172957592,0.1,0.4404855972967993,0.3395821968009201,0.3395821968009201,0,15.142463845990706,0.03863596485023435,11
9310.266599077,15.529999999996832,1,1,2,36.549326223778735,31.588819729368204,25.095624866301797,6.499899348785446,17.02131761241215,3.0079737812841763,0.1,0.45331263802287974,0.3348491443946706,0.3348491443946706,0,15.18212365663744,0.038692507615113,17
9310.276446621,15.539999999996827,1,1,2,37.988811500697096,32.02065429044763,25.35851151309481,6.668615151943127,17.167038606903148,3.164680306053278,0.1,0.4655331482707234,0.32987543815599196,0.32987543815599196,0,15.222093146322536,0.03869635291693441,17
9310.286459966,15.549999999996821,1,1,2,39.275363966336215,32.40700730548328,25.627862074183593,6.784708502894336,17.304233813872287,3.324052313513921,0.1,0.47541470644246325,0.32469886277785454,0.32469886277785454,0,15.262326331784212,0.03865039049359642,17
9310.298547784,15.559999999996815,1,1,2,41.01854589852428,32.930376208278936,25.902108860988847,7.03292630527768,17.43418155494821,3.484363107299393,0.09999999999999999,0.48592508547435764,0.319418404489288,0.319418404489288,0,15.302767938835197,0.03855819665395277,21
9310.306705995,15.56999999999681,1,1,2,41.87064958401164,33.186703403809474,26.182038080304384,7.008232976590537,17.55581661822817,3.6463981012947504,0.1,0.4912318883066167,0.3139145216926283,0.3139145216926283,0,15.343364691343227,0.03842225851848635,25
9310.316583016,15.579999999996804,1,1,2,43.35077002645945,33.63116172471815,26.46688011259238,7.167217447961581,17.66952274467268,3.8092596590137036,0.1,0.5023756733868073,0.308193926481949,0.308193926481949,0,15.38406414891078,0.03824471194661383,28
9310.326470699,15.589999999996799,1,1,2,44.83222643854854,34.07596660671009,26.75666114238621,7.3217469692564885,17.77688170158612,3.9729275444127774,0.10000000000000002,0.511872688090697,0.3023360487233722,0.3023360487233722,0,15.424815014474644,0.03802810388938127,29
9310.336774233,15.599999999996793,1,1,2,46.22952789923753,34.49557757715594,27.053956077699063,7.443578852565266,17.87665934701118,4.139908086319859,0.1,0.5217468237312671,0.29617193002403064,0.29617193002403064,0,15.46556747369762,0.03777367218595873,35
9310.346553019,15.609999999996788,1,1,2,47.67613547635585,34.92932716948053,27.355466618284993,7.576203076341813,17.970551411621464,4.3070283989365565,0.09999999999999999,0.5310429256300718,0.2898760454585171,0.2898760454585171,0,15.506271806032021,0.037483219743611684,36
9310.356404172,15.619999999996782,1,1,2,48.97311542707521,35.31863727408102,27.661388725980117,7.659614563200349,18.05869780254756,4.474479297814921,0.09999999999999999,0.5368895323757162,0.28343773448807547,0.28343773448807547,0,15.546879329113807,0.037158789113818536,36
9310.366833128,15.629999999996777,1,1,2,50.271030764927154,35.708163138787036,27.971697061028646,7.738983543313682,18.14104969063946,4.642142138618551,0.09999999999999999,0.5426320305987137,0.27683245447179894,0.27683245447179894,0,15.587342546867202,0.03680229556358472,42
9310.376998683,15.639999999996771,1,1,2,51.55313873329277,36.092592404887256,28.283942466842603,7.8120703700200345,18.219255273508942,4.807633504839599,0.1,0.5475757002182383,0.2702129038232083,0.2702129038232083,0,15.627614953813746,0.03641589565641268,44
9310.386679064,15.649999999996766,1,1,2,52.8200271100987,36.472708465552344,28.59805118054792,7.87767452689131,18.29288634351521,4.970978173992473,0.1,0.5516479407440363,0.26353656091928324,0.26353656091928324,0,15.66765189735014,0.0360021290058381,45
9310.398861641,15.65999999999676,1,1,2,54.26403456798272,36.90524385562794,28.915316762483766,7.994397536035487,18.362171596163282,5.133337226931926,0.1,0.5575943270275348,0.25676741124937436,0.25676741124937436,0,15.707410328942668,0.03556293199647742,48
9310.406782946,15.669999999996755,1,1,2,55.351002992104426,37.23122167327683,29.234173301884077,8.001471816005676,18.427594408395045,5.293309442254663,0.09999999999999999,0.5603463546633701,0.2499814012453295,0.2499814012453295,0,15.746848597122543,0.03510045255443517,54
9310.416255334,15.679999999996749,1,1,2,56.43805160784842,37.557244611752786,29.555449438808957,8.006126831586323,18.489203200485097,5.451666304607014,0.10000000000000002,0.561177805395353,0.2431332393205306,0.2431332393205306,0,15.785926515330033,0.03461609170981439,57
9310.426951552,15.689999999996743,1,1,2,57.59426495883319,37.90362461948489,29.87721717429786,8.031376211218,18.546706148474605,5.606567829756618,0.09999999999999999,0.5629476239040228,0.23625513464338316,0.23625513464338316,0,15.824604832360475,0.034111812597154456,60
9310.436629608,15.699999999996738,1,1,2,58.681402069773036,38.22972125467827,30.200336353568808,8.034127561601188,18.60048431629628,5.758723586339373,0.1,0.5632763068576501,0.22932976057825671,0.22932976057825671,0,15.862845826621177,0.03358911512634677,68
9310.446284195,15.709999999996732,1,1,2,59.67836012864318,38.52900800863,30.522039789479674,8.010726209066966,18.65173890112685,5.9053989356296155,0.1,0.5617562412258961,0.22627664905723177,0.22627664905723177,0,15.900612967887078,0.03305011633923027,70
9310.456836649,15.719999999996727,1,1,2,60.58337944841081,38.80079725323318,30.842845062524226,7.960908982674246,18.69952122228905,6.047100827487678,0.1,0.5582502951582975,0.23118412163386193,0.23118412163386193,0,15.93787191437369,0.03249659748668976,71
9310.467308435,15.729999999996721,1,1,2,62.00741891702505,39.227896989770706,31.16471231092713,8.065599852240169,18.7438860460715,6.18589137874471,0.10000000000000002,0.5640700635144832,0.23594970670308044,0.23594970670308044,0,15.974590045399333,0.03193013194365113,78
9310.476640719,15.739999999996716,1,1,2,62.74329396896984,39.44851379876059,31.48437370806747,7.966796999226674,18.78587340725818,6.318580692660566,0.10000000000000002,0.5584210380502395,0.2404750386071032,0.2404750386071032,0,16.01073611496901,0.031352186350155575,82
9310.486496936,15.74999999999671,1,1,2,63.71954930756876,39.74128261832135,31.803463191918457,7.940163950312457,18.82469205654557,6.446884795196425,0.1,0.5565542332574773,0.24481407709902234,0.24481407709902234,0,16.046280728135425,0.03076438915018853,84
9310.49870527,15.759999999996705,1,1,2,64.87122387301235,40.086488105281795,32.12218235286226,7.96686035575121,18.859581866755263,6.571130191292186,0.1,0.5583733326444454,0.248995144577565,0.248995144577565,0,16.081195944209092,0.030167443176357667,85
9310.50638641,15.769999999996699,1,1,2,65.66067853088758,40.32299467702769,32.4387196208881,7.887148198252204,18.89167108063511,6.689624328094502,0.1,0.553059292952578,0.2529724985505769,0.2529724985505769,0,16.115454417368564,0.029562426342248926,90
9310.516361491,15.779999999996694,1,1,2,66.3746288881987,40.53732780770655,32.753457234204376,7.786362853845761,18.92117970874932,6.80277771396323,0.09999999999999999,0.5459664054620583,0.2567444066667821,0.2567444066667821,0,16.149030041205236,0.028950323715685622,90
9310.526654162,15.789999999996688,1,1,2,67.1261026181807,40.76295594132955,33.06471763855368,7.700312649322208,18.94843827276181,6.9089762705669315,0.1,0.5399105208211292,0.260227216384165,0.260227216384165,0,16.18189833818339,0.028333224868990037,90
9310.536629583,15.799999999996682,1,1,2,67.93604295431999,41.00591648142515,33.373586642666254,7.634320609324061,18.972726444696125,7.009377403187738,0.1,0.5354252258524878,0.2634510450596202,0.2634510450596202,0,16.214037551571455,0.027712302301300396,96
9310.546654407,15.809999999996677,1,1,2,68.7459285576916,41.2488658791851,33.678449927641616,7.57232769715928,18.99497588692331,7.102549907286218,0.10000000000000002,0.5307712865678296,0.26638945093625915,0.26638945093625915,0,16.245427330698867,0.02708862099243836,97
9310.55654912,15.819999999996671,1,1,2,69.57629037129162,41.49827226722868,33.980829717592876,7.518849404118905,19.01456141058609,7.190076542395622,0.1,0.5271398309011636,0.2690699740017848,0.2690699740017848,0,16.276049404454174,0.026463696251796565,98
9310.568063505,15.829999999996666,1,1,2,70.76873659738595,41.85632924271672,34.282412072614264,7.57485527936108,19.030938983357082,7.273798166396814,0.1,0.5292373939428953,0.271570708204703,0.271570708204703,0,16.30588717128192,0.025837431205634642,102
9310.576338501,15.83999999999666,1,1,2,71.30159893944021,42.016093729779925,34.58274873649948,7.434360362433593,19.04519688432396,7.353307736582745,0.1,0.5211938149363919,0.27384018573690944,0.27384018573690944,0,16.33492397804681,0.02520951533260818,105
9310.586410836,15.849999999996655,1,1,2,72.15238239599297,42.27189203174062,34.87958839787234,7.392712654690385,19.057807220508124,7.42653030279578,0.10000000000000002,0.5181814316393489,0.2758295682716447,0.2758295682716447,0,16.363143866795433,0.024706504696590803,105
9310.596393504,15.85999999999665,1,1,2,73.15308873753571,42.57226579904609,35.17709689234992,7.395446619356184,19.067366353669478,7.497750427502956,0.1,0.5184552143679403,0.27766837221752405,0.27766837221752405,0,16.390533055504413,0.025073466443024606,106
9310.606343115,15.869999999996644,1,1,2,73.86419134725467,42.7855678763094,35.47272824401565,7.313229223067548,19.07534144706029,7.564680068880844,0.10000000000000003,0.5126690681274009,0.27932253768919,0.27932253768919,0,16.41707773345356,0.025421915898805658,111
9310.616344638,15.879999999996638,1,1,2,74.67712249803296,43.02953366889798,35.76474272983428,7.265245363303885,19.082276537840098,7.625747403320553,0.1,0.5092467974092546,0.2807564114534957,0.2807564114534957,0,16.44276524103625,0.025751521943111366,112
9310.626436744,15.889999999996633,1,1,2,75.4898216888643,43.27342527113683,36.05440666234625,7.21959162867183,19.086988033601024,7.682287697323823,0.1,0.5060467653403343,0.2819953709143264,0.2819953709143264,0,16.467586014995067,0.026062125781259937,112
9310.636785074,15.899999999996627,1,1,2,76.51017126224687,43.57993233121991,36.344194722288364,7.23620839057403,19.090181695737986,7.7368080421830285,0.10000000000000002,0.5054499471500171,0.2831072605107417,0.2831072605107417,0,16.491531456023573,0.02635417035765769,117
9310.646417511,15.909999999996622,1,1,2,77.0460040330614,43.74066756505222,36.630328388239775,7.111033253494871,19.091796693101774,7.785756628488618,0.09999999999999999,0.4984375240654222,0.2839784450751409,0.2839784450751409,0,16.51459386016441,0.026627542389308922,118
9310.656145707,15.919999999996616,1,1,2,77.86353135470488,43.98633372642001,36.91472168163457,7.0720198258276525,19.094113713591504,7.831213946793121,0.1,0.49570293464662024,0.28468305587988746,0.28468305587988746,0,16.53680877614779,0.026881883641273974,119
9310.6692238,15.92999999999661,1,1,2,78.96263484334551,44.316080251103934,37.19914165595425,7.117891510968445,19.104583868802,7.875600252095451,0.1,0.4986877563702444,0.28527294879518345,0.28527294879518345,0,16.558192714364193,0.02711761354093667,120
9310.676775506,15.939999999996605,1,1,2,79.56814794403822,44.49786582880378,37.48262705106313,7.015615978461774,19.125031471116777,7.91834688250221,0.1,0.4917493890750266,0.285758090252899,0.285758090252899,0,16.578614543617526,0.02733608414437022,127
9310.686434478,15.9499999999966,1,1,2,80.47568918751743,44.770053792773126,37.76424115119084,7.006549800839749,19.147816138202753,7.958140220849287,0.10000000000000002,0.49111390855263687,0.2861156383558392,0.2861156383558392,0,16.598068299954004,0.027537636904484575,128
9310.696567364,15.959999999996594,1,1,2,81.37153337621474,45.03887547533414,38.045387422031716,6.9943933868129085,19.16893611614536,7.996140309025485,0.10000000000000002,0.4902618224080426,0.2863861973487847,0.2863861973487847,0,16.61658751053054,0.027722828341495642,128
9310.706885018,15.969999999996588,1,1,2,82.15009804095294,45.272545491360795,38.326815585391756,6.9463393215990115,19.186760534802712,8.033063026997596,0.10000000000000003,0.4868935426612531,0.2866037170662459,0.2866037170662459,0,16.634181410132257,0.027892530553845885,135
9310.716808481,15.979999999996583,1,1,2,82.95445149040901,45.513611249266795,38.60580728321584,6.909254138768879,19.20169159592585,8.06638201633671,0.1,0.48429411075727746,0.28670376288142535,0.28670376288142535,0,16.650849411684295,0.028047351170392032,138
9310.726524659,15.989999999996577,1,1,2,83.64179101272461,45.719588966256296,38.882322613894694,6.839172751180048,19.21371006656614,8.096128837283654,0.1,0.47938185791474186,0.2866817501857323,0.2866817501857323,0,16.666589124257882,0.028187522041545288,142
9310.738637561,15.999999999996572,1,1,2,84.50729615764953,45.97932531893953,39.15631133293038,6.825041659033387,19.22307939310987,8.122323738004576,0.1,0.4783913595819631,0.2865573674822853,0.2865573674822853,0,16.68139917897289,0.028313335240068682,145
9310.74676368,16.009999999996584,1,1,2,84.9674551718289,46.11716113667324,39.42712311939455,6.693160852731937,19.22953719142313,8.144528025180204,0.10000000000000002,0.46914736644884963,0.2863242150817159,0.2863242150817159,0,16.695279505581034,0.02842536706457638,150
9310.756549334,16.019999999996596,1,1,2,85.72720386936733,46.34507344724183,39.69561521814189,6.652321588207859,19.23346713659988,8.163670293897388,0.1,0.466284797653516,0.28602792697224255,0.28602792697224255,0,16.708231612957135,0.028523985640287297,153
9310.766508819,16.02999999999661,1,1,2,86.40875707402921,46.548804579026,39.960963795017946,6.592893698893696,19.234970660930912,8.17905806144089,0.1,0.46211928626378546,0.28564318470861966,0.28564318470861966,0,16.720258810574386,0.02860968434190797,154
9310.776770731,16.03999999999662,1,1,2,86.92926451353081,46.705208297376274,40.223300795704,6.486409699943334,19.234653280274234,8.190801260342274,0.10000000000000002,0.45465544537071717,0.28514513188262913,0.28514513188262913,0,16.73136637206824,0.028682912767232893,159
9310.786527603,16.049999999996633,1,1,2,87.5231090610148,46.88272218307643,40.4812561285397,6.407350401803395,19.232286711658627,8.197774523884911,0.1,0.449113898957634,0.28453530992042336,0.28453530992042336,0,16.741561777096464,0.028743477428142594,160
9310.796631753,16.059999999996645,1,1,2,88.03400225505246,47.0360420452523,40.73494624752317,6.305386373274765,19.227984696284565,8.200101631029785,0.1,0.4419668788113607,0.2837897234832551,0.2837897234832551,0,16.750854605660397,0.028791593857134368,160
9310.806702945,16.069999999996657,1,1,2,88.53310312629625,47.18604803417225,40.985420213139086,6.202948103026863,19.2222196612265,8.198853278816005,0.1,0.4347866173821491,0.28296219911336706,0.28296219911336706,0,16.75925561865219,0.028827385168029462,167
9310.816403103,16.07999999999667,1,1,2,88.90460112353361,47.297388041885945,41.23149653596933,6.068463924118278,19.215107837241728,8.192993466444053,0.1,0.4253601446359809,0.2819866547040461,0.2819866547040461,0,16.766777489141177,0.028851083889546658,168
9310.826804875,16.08999999999668,1,1,2,89.33055955756096,47.425167120668796,41.472524044860414,5.954521424854525,19.20659611096312,8.181923429536866,0.1,0.41737351102110687,0.28084388558848006,0.28084388558848006,0,16.77343490489297,0.028862064378980534,168
9310.839117543,16.099999999996694,1,1,2,89.67140034073584,47.527397370617784,41.70788972521058,5.820982712074272,19.196787327537017,8.165176010246524,0.1,0.4078425027431623,0.2795339230054123,0.2795339230054123,0,16.779244381304558,0.028860121463090804,170
9310.84623219,16.109999999996706,1,1,2,89.84184514177497,47.57851480357527,41.93772161391271,5.642089068345889,19.185818422948834,8.143001725223325,0.1,0.39547401981291214,0.2780690908775661,0.2780690908775661,0,16.784224082080367,0.028844835525786428,177
9310.857051214,16.11999999999672,1,1,2,90.1827830800313,47.68075424752287,42.16153879593717,5.520323921533755,19.173825052895065,8.11500712311902,0.1,0.3869390691059003,0.2764270064064489,0.2764270064064489,0,16.788393939344537,0.028815859523495302,177
9310.867019085,16.12999999999673,1,1,2,90.36988123284563,47.737068526339286,42.37964298131985,5.358096286347557,19.161012189769068,8.08158238599273,0.10000000000000003,0.3755679591793003,0.2746154845997243,0.2746154845997243,0,16.791775536481463,0.0287729485321912,179
9310.876455588,16.139999999996743,1,1,2,90.4551290617277,47.762626670603744,42.590814055389316,5.172480263414954,19.14748082845714,8.041575268882719,0.1,0.3625574742611024,0.27256854737655656,0.27256854737655656,0,16.79439284660007,0.028715405998465005,186
9310.886482285,16.149999999996755,1,1,2,90.74426251817235,47.849678286568775,42.79580993880224,5.05444818160274,19.13326776802181,7.995863197003013,0.1,0.35428418731087613,0.2703028271140613,0.2703028271140613,0,16.796272200470174,0.028642449500892453,187
9310.896364127,16.159999999996767,1,1,2,90.84629116181978,47.88042391256469,42.99472173496002,4.886492573721648,19.118309889206554,7.944653360267553,0.1,0.3425115834766846,0.26783212772451154,0.26783212772451154,0,16.797441824242927,0.028553566377601036,187
9310.908063055,16.16999999999678,1,1,2,90.88003207139761,47.89082722142601,43.18686097091427,4.705449432646228,19.10280185640302,7.887346664238493,0.1,0.3298216280553246,0.2651097519902864,0.2651097519902864,0,16.797931039720567,0.028448103220925114,190
9310.916679427,16.17999999999679,1,1,2,91.06156869360966,47.94508626702268,43.372261782185674,4.574106413404543,19.08668768691409,7.824149770435409,0.1,0.3206153303232859,0.2621636411964463,0.2621636411964463,0,16.79777106172875,0.028325154772418537,195
9310.92651399,16.189999999996804,1,1,2,91.01019589717322,47.92995451370693,43.55139745394792,4.380679092651628,19.06897542410288,7.755543546833498,0.1,0.307057323855617,0.25900041715062777,0.25900041715062777,0,16.7970376456678,0.028184653771485435,197
9310.936917237,16.199999999996816,1,1,2,91.12950711148888,47.96590811903127,43.72428829407019,4.245564212169957,19.046978109925465,7.681353142541391,0.1,0.2975866430008225,0.25561159319167576,0.25561159319167576,0,16.79586931511865,0.028025906865507322,197
9310.946518963,16.20999999999683,1,1,2,91.08052469611854,47.95153994300008,43.891075425707356,4.064685495255321,19.018770867263648,7.601644244830767,0.1,0.28490821265165334,0.25196329860594363,0.25196329860594363,0,16.794336826507624,0.02784846677704217,203
9310.956326059,16.21999999999684,1,1,2,91.20030264956269,47.987552242911455,44.05165655127918,3.942846478444292,18.983730976067832,7.5164249766949665,0.1,0.27636808413460423,0.24809131442248727,0.24809131442248727,0,16.792472303368772,0.027651664461925407,203
9310.966348517,16.229999999996853,1,1,2,91.30286219614014,48.01831510783327,44.206393358975674,3.8204357667581994,18.94255756149277,7.426282218356883,0.1,0.26778788349752874,0.24405275011316943,0.24405275011316943,0,16.790275193492995,0.027435428903874515,203
9310.976970125,16.239999999996865,1,1,2,91.32031553464657,48.023573797968275,44.35598044210803,3.6775520075491683,18.89906275279234,7.332443849322431,0.1,0.25777265439783253,0.23986052760349594,0.23986052760349594,0,16.787625471306526,0.027200115560218785,209
9310.986699115,16.249999999996877,1,1,2,91.32031553464657,48.02357379796827,44.50044162612225,3.532700074117849,18.856081457680375,7.235378053666693,0.1,0.2476194689911814,0.23558439813435575,0.23558439813435575,0,16.784512002401012,0.02694654645422978,210
9310.99651188,16.25999999999689,1,1,2,91.49064344145629,48.074580488330085,44.6404364976427,3.443856830762568,18.814231901424236,7.135872378338019,0.1,0.24139213118114008,0.23125601589194641,0.23125601589194641,0,16.780969166623365,0.02667579120326069,213
9311.008253735,16.2699999999969,1,1,2,91.4837758640092,48.07245796273458,44.77548269633623,3.302778954967574,18.773980482251293,7.033624147460229,0.10000000000000002,0.23150348285044872,0.22687194216562803,0.22687194216562803,0,16.77703744218985,0.026389026419600836,217
9311.016531825,16.279999999996914,1,1,2,91.6435573469553,48.12034452021541,44.9058638015788,3.2222830199770485,18.735220617146247,6.928974363111342,0.1,0.2258612374686977,0.22244884381736,0.22244884381736,0,16.772757795651884,0.02608730697174122,221
9311.026513168,16.289999999996926,1,1,2,91.66098737315107,48.125588760159225,45.03239181548764,3.10258736699095,18.697717533334416,6.822736279967494,0.1,0.2174713449187699,0.21797433269413571,0.21797433269413571,0,16.768170622164572,0.025771749360994467,221
9311.036488258,16.29999999999694,1,1,2,91.67145015670549,48.1287004171264,45.15368558148527,2.98213881249735,18.661761260757775,6.713661418211965,0.10000000000000002,0.20902867883370518,0.21339928745148426,0.21339928745148426,0,16.76331663015772,0.025442811567338908,222
9311.046431116,16.30999999999695,1,1,2,91.58629836001974,48.10320131453458,45.26978247195141,2.839957775471742,18.627016017948996,6.601834410253228,0.10000000000000002,0.19906270602247306,0.20874564416034613,0.20874564416034613,0,16.75823525305953,0.025101061528441215,229
9311.056655758,16.319999999996963,1,1,2,91.65219611158345,48.1226944002417,45.381575915768536,2.748430272497858,18.593048071334234,6.488201319799141,0.10000000000000002,0.19264721894205833,0.20408075129043723,0.20408075129043723,0,16.752965170618488,0.02474709977358258,230
9311.066695763,16.329999999996975,1,1,2,91.65219611158345,48.1226944002417,45.489559952305655,2.640113759214178,18.559797572239095,6.373338410194686,0.1,0.18505493062446635,0.19944565868294079,0.19944565868294079,0,16.747545370618408,0.024382439732303418,233
9311.078225362,16.339999999996987,1,1,2,91.65219611158345,48.1226944002417,45.59280905261995,2.536579256248001,18.527703588127906,6.2563607911220265,0.09999999999999999,0.177797830358701,0.19474506753565196,0.19474506753565196,0,16.7420142278723,0.024007742366217333,238
9311.086516545,16.349999999997,1,1,2,91.60536492272702,48.108415215305406,45.69243299484642,2.4234580777143635,18.495948098758983,6.138422627017213,0.1,0.16986876602477222,0.1900807194960374,0.1900807194960374,0,16.736408508926623,0.023623867951756417,242
9311.09619426,16.35999999999701,1,1,2,91.68192315092932,48.13103290849896,45.787637792218064,2.3507713307579725,18.46460339131872,6.018802414169818,0.1,0.16477389431010162,0.18547453797145919,0.18547453797145919,0,16.730764021762866,0.023232283611355597,242
9311.106043637,16.369999999997024,1,1,2,91.68192315092932,48.13103290849896,45.879690786676434,2.258415104734854,18.433959946164705,5.898797516576803,0.10000000000000002,0.15830031909395867,0.18092102442131391,0.18092102442131391,0,16.72511486530388,0.022834290896678766,242
9311.116351982,16.379999999997036,1,1,2,91.57769184387121,48.09954894636173,45.96761704699595,2.139923707424398,18.403625943245707,5.7774644318558765,0.1,0.14999483709252887,0.17640074700509425,0.17640074700509425,0,16.71949446164725,0.022430881231587707,251
9311.12712126,16.38999999999705,1,1,2,91.62515918757295,48.1131505375645,46.05175895282115,2.074127113477554,18.373087095332007,5.655186302420535,0.10000000000000002,0.1453829206227687,0.17195743016713036,0.17195743016713036,0,16.713935695596415,0.022022956521873305,252
9311.13694262,16.39999999999706,1,1,2,91.52105178189213,48.081672900231574,46.13200211723817,1.9640816817258655,18.34158090859904,5.5318699012114765,0.1,0.1376694462820227,0.16758574053030503,0.16758574053030503,0,16.70847106099278,0.02161184914145564,254
9311.147492372,16.409999999997073,1,1,2,91.57764183108524,48.098300225097034,46.20942987521128,1.9083346261596772,18.30964687874706,5.408646483180213,0.1,0.13379797896812543,0.16333320223977205,0.16333320223977205,0,16.70313362858507,0.021198604571703417,261
9311.156965592,16.419999999997085,1,1,2,91.56895789373282,48.095319118784204,46.28355102329928,1.8323829827071403,18.275952219766936,5.285031471232929,0.09999999999999999,0.12843821769379102,0.1591857761441173,0.1591857761441173,0,16.697956568806113,0.02078477727882444,266
9311.167124576,16.429999999997097,1,1,2,91.53180349726179,48.083459857548874,46.354373032328844,1.7574230353651592,18.239955075399767,5.161073118492361,0.09999999999999999,0.12318400930728828,0.15519451054075362,0.15519451054075362,0,16.692974316507936,0.02037144342615954,270
9311.178842468,16.43999999999711,1,1,2,91.40946418630348,48.04607422546531,46.421760404279965,1.6610781867158189,18.200756010552006,5.036645511931578,0.1,0.11643085739457096,0.15135979198947852,0.15135979198947852,0,16.688221063742084,0.019960316050958826,276
9311.186191927,16.44999999999712,1,1,2,91.391086125597,48.04016103941294,46.4851613343466,1.5962530488535571,18.162340277940373,4.911209228630995,0.1,0.11188703372486934,0.14760492221482444,0.14760492221482444,0,16.68372988532162,0.01955195678364252,283
9311.196284842,16.459999999997134,1,1,2,91.37277099211227,48.034253555501174,46.54644655325185,1.533841274281076,18.110296518292902,4.786646978867073,0.09999999999999999,0.10751237124172762,0.14415592398302873,0.14415592398302873,0,16.679529795278505,0.019148221214553285,284
9311.206210974,16.469999999997146,1,1,2,91.44001580748049,48.05391112819061,46.60458605109642,1.501305908066925,18.039974563998516,4.661939572365923,0.10000000000000002,0.10523185211008475,0.14100198308815365,0.14100198308815365,0,16.675656987356735,0.018752408465096904,285
9311.216801954,16.47999999999716,1,1,2,91.25081597499945,47.99689334221156,46.66010143288683,1.392399054549709,17.42667505500119,4.537695939504593,0.0,0.09759818475320683,0.13764075411329926,0.13764075411329926,0,16.67210354324166,0.018363577380811902,293
9311.226658779,16.48999999999717,1,1,2,91.42184686794195,48.048018452955034,46.7137040324157,1.389420099721419,16.81283051041799,4.414896769443816,0.0,0.09738937925111157,0.13392321284487899,0.13392321284487899,0,16.66880164546692,0.01797622455943282,294
9311.236569533,16.499999999997183,1,1,2,91.33632966578048,48.02245570738909,46.76507946441641,1.3094037377477967,15.684217563516818,4.293380659564122,0.09016172947987883,0.09178074884184498,0.1299786350484364,0.1299786350484364,0,16.665730416132227,0.01758877843627782,1
9311.247565685,16.509999999997195,1,1,2,91.30884906024139,48.01379889390659,46.81362698857287,1.2599197506841622,14.660671073589418,4.1726731422872785,0.10000000000000002,0.08832648237790627,0.12696935639793136,0.12696935639793136,0,16.662897130193723,0.017204674341872672,5
9311.257192186,16.519999999997207,1,1,2,91.30884906024139,48.01379889390659,46.86075752538906,1.2104129617794046,13.598078012051491,4.054073034734889,0.09521578001110007,0.08484213450548951,0.12407546781508555,0.12407546781508555,0,16.660358927326435,0.016829804593810282,10
9311.266887373,16.52999999999722,1,1,2,91.20527724416719,47.98235966550916,46.90494164728955,1.1404707418982896,12.335654907955336,3.9355552086497947,0.0,0.07993963642083358,0.12098878070451903,0.12098878070451903,0,16.65830898015555,0.016460103510044843,13
9311.276203828,16.53999999999723,1,1,2,91.18908180173598,47.977479649860705,46.94703003976993,1.089218614064083,11.349285629213345,3.8177531594165948,0.0,0.07634719313023142,0.1188385102853735,0.1188385102853735,0,16.65676430373722,0.016125030937158967,14
9311.286612821,16.549999999997244,1,1,2,91.18908180173598,47.977479649860705,46.987376546819156,1.0465190189351252,10.359339653734617,3.7009388421364604,0.0,0.07335422716931252,0.11657261335682166,0.11657261335682166,0,16.65564191096985,0.015902969890704333,21
9311.296290012,16.559999999997256,1,1,2,91.18908180173598,47.977479649860705,47.026541220817,1.0050842483317957,9.377914162363178,3.5858499504823715,0.09814977544287809,0.07044991724225748,0.11434182818182538,0.11434182818182538,0,16.65482333782528,0.01563999927915003,24
9311.306683488,16.56999999999727,1,1,2,91.25853634981053,47.99818692448955,47.06437477470723,0.9854591907425361,8.706788472868453,3.4725403835938153,0.09814874716065919,0.06907432739958237,0.11210605246595007,0.11210605246595007,0,16.654214648179966,0.015340672219707453,26
9311.317078646,16.57999999999728,1,1,2,91.17295015277145,47.97260548534491,47.10062487666741,0.9208376271643643,7.471718482775891,3.360995906532157,0.0,0.06454477297297218,0.11015019720573678,0.11015019720573678,0,16.653720133861107,0.015010789120748623,33
9311.326352782,16.589999999997293,1,1,2,91.24247430048648,47.99332222250855,47.13509157919067,0.905527669100996,6.840636795178393,3.251213542647093,0.1,0.06347164374988808,0.10792947851729981,0.10792947851729981,0,16.653218644770888,0.01465825074063648,36
9311.336612363,16.599999999997305,1,1,2,91.14743735431229,47.96497094705901,47.1674306888514,0.8426295126190453,5.576767218570234,3.143075719183476,0.1,0.05906288903484906,0.10739091696629445,0.10739091696629445,0,16.65260131296136,0.014269856289182599,37
9311.348220446,16.609999999997317,1,1,2,91.233049685442,47.99056100394427,47.19931001271996,0.8352657926646087,5.046475967437755,3.038460629532064,0.08788045193113968,0.05854673980432834,0.1051956761356536,0.1051956761356536,0,16.65178834270707,0.01392536351736795,39
9311.356127514,16.61999999999733,1,1,2,91.14087837740378,47.96287472101327,47.229807942204076,0.7751075696381794,4.0184015167716,2.9365590883697474,0.0,0.054330036736214865,0.1018828969055319,0.1018828969055319,0,16.65075189139835,0.01365393949738497,43
9311.366107236,16.62999999999734,1,1,2,91.21054154919172,47.98361034888132,47.25950941770559,0.7666070314398407,3.551661045618272,2.8380514521118965,0.07379394461886632,0.05373420388580281,0.09975317086137671,0.09975317086137671,0,16.649416265352816,0.013385321413063589,43
9311.376189991,16.639999999997354,1,1,2,91.20098296903501,47.98083558289317,47.287163988070446,0.7328989643790694,2.803187273882258,2.7415937673239488,0.09814603491943467,0.051371485995467155,0.09924440065705997,0.09924440065705997,0,16.647809755736475,0.01313275070954495,43
9311.386748129,16.649999999997366,1,1,2,91.1850453434239,47.97598164537447,47.3139607405167,0.7013150026253175,2.16617317141359,2.648098557822797,0.0,0.049157654174475644,0.09735744300054876,0.09735744300054876,0,16.645991295208574,0.012887398932054095,48
9311.39622132,16.65999999999738,1,1,2,91.15336173318559,47.966291330408026,47.33935179160665,0.6713902869734729,1.619661660133478,2.556872412162409,0.0,0.047060124793561066,0.0956506515020769,0.0956506515020769,0,16.64397832984364,0.012648653942583299,49
9311.406826774,16.66999999999739,1,1,2,91.13761581852722,47.96145495857197,47.3631983447441,0.6461463906676101,1.1611265668938109,2.4676868094965823,0.1,0.045290690630631826,0.0950100513643886,0.0950100513643886,0,16.64174967688088,0.012415781625680189,52
9311.417392448,16.679999999997403,1,1,2,91.02066081325337,47.92618150177058,47.38595508110718,0.6019068722940214,0.8972667712894671,2.381349460863217,0.09999999999999999,0.04218978599161311,0.0970205928165601,0.0970205928165601,0,16.63912179012546,0.012187998719117132,58
9311.426784094,16.689999999997415,1,1,2,91.00510199717392,47.92135925501141,47.40678527847751,0.5833689692367737,1.0124662101720694,2.2973592396377933,0.1,0.04089039866324201,0.09633394610242227,0.09633394610242227,0,16.635994020980917,0.011966639194221917,62
9311.436784543,16.699999999997427,1,1,2,90.88851060025479,47.886104113449626,47.42576050888059,0.5528865292661002,1.4740909940187528,2.2158645574168894,0.0,0.03875377640810214,0.09839115311503162,0.09839115311503162,0,16.632329585542443,0.011752500024115986,64
9311.449113434,16.70999999999744,1,1,2,90.85783327921374,47.8764939950534,47.4437284555281,0.5512531758360287,1.7898527830019377,2.1377675950042887,0.10000000000000002,0.038075066631889,0.09651121613210717,0.09651121613210717,0,16.628111946090158,0.011544322503560078,68
9311.456989131,16.71999999999745,1,1,2,90.73130681236225,47.83839494034728,47.460179527491924,0.5166531951476019,2.271429545109076,2.0624478284949963,0.1,0.03621405359949595,0.09522817906014498,0.09522817906014498,0,16.62339787016256,0.011342776737027438,74
9311.466092935,16.729999999997464,1,1,2,90.51294359330674,47.77205313808039,47.47318914084539,0.4998395730162764,2.978620413617758,1.9878528751875761,0.0,0.03503552723251653,0.09665420923467481,0.09665420923467481,0,16.618213638348166,0.011163261879717001,76
9311.47609851,16.739999999997476,1,1,2,90.41221893831217,47.74162437609187,47.48406536509403,0.4848699371008634,3.4388229650784,1.9153286298705563,0.02733593047529006,0.0339862523949715,0.09698839476833226,0.09698839476833226,0,16.61255578611304,0.010992278503068165,76
9311.486701642,16.74999999999749,1,1,2,90.19613314374635,47.676003936527785,47.49214236461763,0.5096100693488265,3.7443283490065733,1.8440339663798242,0.0,0.035720375949612936,0.09587931869307091,0.09587931869307091,0,16.60646423778724,0.010825692439395518,82
9311.496665676,16.7599999999975,1,1,2,89.97892478820897,47.60980060997256,47.498183994821595,0.5316518527710263,4.142643657118626,1.7748186829588801,0.09367737182601302,0.03726536267141596,0.09474650574717648,0.09474650574717648,0,16.59996244899213,0.010663501745245774,85
9311.506528069,16.769999999997513,1,1,2,89.77835498914769,47.54897788770672,47.501083851630696,0.5584737245008035,4.479423258295241,1.7064931166368096,0.0,0.03914540272455735,0.09402845996619107,0.09402845996619107,0,16.593117874912128,0.010599290752753232,86
9311.517341456,16.779999999997525,0,1,2,89.46498783783295,47.54897788770672,47.5028496303738,0.5365326174041141,0.0,0.0,0.0,0.03760747276323228,0.0,0.0,0,0.0,0.009675276941371047,89
9311.525986508,16.789999999997537,0,1,2,89.19162575089875,47.54897788770672,47.50455496917915,0.515453524327988,0.0,0.0,0.0,0.03612996441980735,0.0,0.0,0,0.0,0.008840313531831567,92
9311.536398534,16.79999999999755,0,1,2,88.6306639126144,47.54897788770672,47.506201553548564,0.4952025787875249,0.0,0.0,0.0,0.03471050387232518,0.0,0.0,0,0.0,0.008085883150997786,93
9311.545978273,16.80999999999756,0,1,2,88.2434304476118,47.54897788770672,47.507791055939556,0.47574724483166597,0.0,0.0,0.0,0.03334681056065903,0.0,0.0,0,0.0,0.007404010756916213,93
9311.556570746,16.819999999997574,0,1,2,87.62676247927364,47.54897788770672,47.50932513217112,0.45705626476965605,0.0,0.0,0.0,0.032036693522479794,0.0,0.0,0,0.0,0.006787651523786797,98
9311.566481978,16.829999999997586,0,1,2,87.23794566202446,47.54897788770672,47.510805418288335,0.4390996089511754,0.0,0.0,0.0,0.030778047873163163,0.0,0.0,0,0.0,0.006317142867193731,98
9311.576770751,16.839999999997598,0,1,2,86.5331074962874,47.54897788770672,47.512233527842945,0.4218484275196375,0.0,0.0,0.0,0.02956885142400925,0.0,0.0,0,0.0,0.006195252425253948,98
9311.587838674,16.84999999999761,0,1,2,85.97268607227593,47.54897788770672,47.51361104955095,0.40527500406082023,0.0,0.0,0.0,0.02840716143331214,0.0,0.0,0,0.0,0.006085333853711371,103
9311.596713927,16.859999999997623,0,1,2,85.52725484096302,47.54897788770672,47.51493954529161,0.38935271107263214,0.0,0.0,0.0,0.02729111148507503,0.0,0.0,0,0.0,0.005986191181872873,105
9311.605942379,16.869999999997635,0,1,2,84.89409175811888,47.54897788770672,47.516220548415035,0.3740559671843498,0.0,0.0,0.0,0.026218908490356335,0.0,0.0,0,0.0,0.005896759547758139,106
9311.616247578,16.879999999997647,0,1,2,84.1614101152137,47.54897788770672,47.5174555623285,0.3593601960565552,0.0,0.0,0.0,0.025188829806422466,0.0,0.0,0,0.0,0.005816083839716955,107
9311.625994621,16.88999999999766,0,1,2,83.51223619089222,47.54897788770672,47.51864605933408,0.3452417868959253,0.0,0.0,0.0,0.024199220469086406,0.0,0.0,0,0.0,0.005743304686038418,113
9311.636340323,16.89999999999767,0,1,2,82.7901480178082,47.54897788770672,47.51979347969266,0.3316780565211378,0.0,0.0,0.0,0.023248490533774115,0.0,0.0,0,0.0,0.005677647816093194,113
9311.646303287,16.909999999997684,0,1,2,81.95297428118798,47.54897788770672,47.5208992308914,0.3186472129192176,0.0,0.0,0.0,0.02233511252105931,0.0,0.0,0,0.0,0.0056184152270409085,113
9311.656335584,16.919999999997696,0,1,2,81.12067233954178,47.54897788770672,47.52196468709382,0.3061283202336708,0.0,0.0,0.0,0.021457618962558687,0.0,0.0,0,0.0,0.005564977509194546,118
9311.666290659,16.929999999997708,0,1,2,80.21011773277691,47.54897788770672,47.52299118875328,0.2941012651281147,0.0,0.0,0.0,0.02061460004323828,0.0,0.0,0,0.0,0.005516767037262921,118
9311.676419418,16.93999999999772,0,1,2,79.38809452457028,47.54897788770672,47.52398004237277,0.2825467244714093,0.0,0.0,0.0,0.01980470133635077,0.0,0.0,0,0.0,0.005473271874007896,118
9311.687352679,16.949999999997733,0,1,2,78.11657002813442,47.54897788770672,47.524932520394756,0.2714461342923601,0.0,0.0,0.0,0.019026621627359096,0.0,0.0,0,0.0,0.005434030290065735,121
9311.696596005,16.959999999997745,0,1,2,77.49441229795976,47.54897788770672,47.52584986120712,0.260781659954178,0.0,0.0,0.0,0.018279110823360006,0.0,0.0,0,0.0,0.00539862582923005,122
9311.706698348,16.969999999997757,0,1,2,76.57032765157209,47.54897788770672,47.526733269251345,0.25053616750058005,0.0,0.0,0.0,0.017560967944630912,0.0,0.0,0,0.0,0.0053666828681549344,122
9311.716475019,16.97999999999777,0,1,2,75.58709134325728,47.54897788770672,47.52758391522182,0.24069319612779347,0.0,0.0,0.0,0.016871039195094004,0.0,0.0,0,0.0,0.0053378626629498604,124
9311.727113074,16.98999999999778,0,1,2,74.83824113755333,47.54897788770672,47.528402936344456,0.23123693173790777,0.0,0.0,0.0,0.016208216108577363,0.0,0.0,0,0.0,0.005311859605635731,129
9311.736047355,16.999999999997794,0,1,2,73.76806214198133,47.54897788770672,47.529191436725576,0.22215218153142866,0.0,0.0,0.0,0.015571433767917878,0.0,0.0,0,0.0,0.005288398657720524,130
9311.74636935,17.009999999997806,0,1,2,72.9421503454704,47.54897788770672,47.52995048776136,0.21342434959789275,0.0,0.0,0.0,0.014959669094018802,0.0,0.0,0,0.0,0.005267231620232016,130
9311.75645994,17.019999999997818,0,1,2,71.94030099439213,47.54897788770672,47.53068112860012,0.20503941346548096,0.0,0.0,0.0,0.014371939202131276,0.0,0.0,0,0.0,0.0052480241185164506,135
9311.766632045,17.02999999999783,0,1,2,70.84279679463411,47.54897788770672,47.5313843666501,0.19698390157204498,0.0,0.0,0.0,0.013807299822717582,0.0,0.0,0,0.0,0.0052305456965430555,135
9311.776495094,17.039999999997843,0,1,2,69.8292346528676,47.54897788770672,47.532061178125545,0.18924487162113,0.0,0.0,0.0,0.013264843784348045,0.0,0.0,0,0.0,0.005214711239910776,136
9311.788651267,17.049999999997855,0,1,2,68.44365783643289,47.54897788770672,47.53271250862574,0.18180988978837265,0.0,0.0,0.0,0.01274369955620531,0.0,0.0,0,0.0,0.005200427208498212,138
9311.796076263,17.059999999997867,0,1,2,67.63230248638604,47.54897788770672,47.53333927374106,0.17466701074487337,0.0,0.0,0.0,0.012243029847848797,0.0,0.0,0,0.0,0.005187585331641716,142
9311.806404909,17.06999999999788,0,1,2,66.60862494390643,47.54897788770672,47.533942359681106,0.16780475846535575,0.0,0.0,0.0,0.011762030263992944,0.0,0.0,0,0.0,0.005176045225356134,143
9311.816670529,17.07999999999789,0,1,2,65.50988662495288,47.54897788770672,47.53452262392093,0.16121210779031545,0.0,0.0,0.0,0.011299928012132374,0.0,0.0,0,0.0,0.005165623953103306,144
9311.826506148,17.089999999997904,0,1,2,64.58549106690788,47.54897788770672,47.53508089586085,0.15487846671262417,0.0,0.0,0.0,0.010855980660946877,0.0,0.0,0,0.0,0.005155918168725515,150
9311.836545523,17.099999999997916,0,1,2,63.575000125603324,47.54897788770672,47.53561797749664,0.14879365935996064,0.0,0.0,0.0,0.010429474947479093,0.0,0.0,0,0.0,0.005146655886750513,152
9311.846336184,17.109999999997928,0,1,2,62.565367288474825,47.54897788770672,47.5361346440968,0.1429479096458686,0.0,0.0,0.0,0.010019725631179957,0.0,0.0,0,0.0,0.005137721096707341,153
9311.859384579,17.11999999999794,0,1,2,61.20685251969793,47.54897788770672,47.53663164488387,0.13733182556315596,0.0,0.0,0.0,0.00962607439297846,0.0,0.0,0,0.0,0.005129062001129017,159
9311.867058625,17.129999999997953,0,1,2,60.47406897606714,47.54897788770672,47.53710970371753,0.13193638409426048,0.0,0.0,0.0,0.009247888777593173,0.0,0.0,0,0.0,0.005120653263325926,167
9311.876636979,17.139999999997965,0,1,2,59.29315829263605,47.54897788770672,47.53756951977723,0.12675291671457423,0.0,0.0,0.0,0.008884561177411859,0.0,0.0,0,0.0,0.005112480544491642,169
9311.887313183,17.149999999997977,0,1,2,58.10434123735598,47.54897788770672,47.53801176824186,0.12177309546526141,0.0,0.0,0.0,0.008535507856282026,0.0,0.0,0,0.0,0.005104534154208383,170
9311.896546367,17.15999999999799,0,1,2,57.09101239075559,47.54897788770672,47.53843710096544,0.1169889195732216,0.0,0.0,0.0,0.008200168011661067,0.0,0.0,0,0.0,0.005096806434953541,176
9311.906551968,17.169999999998,0,1,2,56.08880673486732,47.54897788770672,47.53884614714662,0.11239270259672521,0.0,0.0,0.0,0.00787800287360474,0.0,0.0,0,0.0,0.005089290680006811,176
9311.916495969,17.179999999998014,0,1,2,55.174926784496634,47.54897788770672,47.53923951399111,0.10797706007609795,0.0,0.0,0.0,0.0075684948391628445,0.0,0.0,0,0.0,0.0050819806826197175,176
9311.926881964,17.189999999998026,0,1,2,54.087785652311034,47.54897788770672,47.539617787365394,0.10373489766956084,0.0,0.0,0.0,0.007271146640776149,0.0,0.0,0,0.0,0.0050748705457719714,180
9311.936071855,17.199999999998038,0,1,2,53.01143455164468,47.54897788770672,47.539981532441246,0.09965939975520069,0.0,0.0,0.0,0.006985480547346952,0.0,0.0,0,0.0,0.005067954599843126,182
9311.946654619,17.20999999999805,0,1,2,51.93568663533309,47.54897788770672,47.54033129432972,0.09574401848068016,0.0,0.0,0.0,0.0067110375966995895,0.0,0.0,0,0.0,0.005061227365157628,183
9311.958699889,17.219999999998063,0,1,2,50.589471883225244,47.54897788770672,47.540667598703976,0.09198246324325228,0.0,0.0,0.0,0.00644737685819076,0.0,0.0,0,0.0,0.005054683533302656,186
9311.965998591,17.229999999998075,0,1,2,49.70757516673339,47.54897788770672,47.54099095241065,0.08836869058307072,0.0,0.0,0.0,0.006194074724299802,0.0,0.0,0,0.0,0.005048317956381082,190
9311.97663466,17.239999999998087,0,1,2,48.45898702974976,47.54897788770672,47.54130184406863,0.08489689447340665,0.0,0.0,0.0,0.005950724230036429,0.0,0.0,0,0.0,0.005042125639685341,190
9311.986614932,17.2499999999981,0,1,2,47.472148027116944,47.54897788770672,47.54160074465529,0.08156149699256153,0.0,0.0,0.0,0.005716934399099287,0.0,0.0,0,0.0,0.005036101735904311,191
9311.997186104,17.25999999999811,0,1,2,46.40780209826907,47.54897788770672,47.541888108079874,0.07835713936217162,0.0,0.0,0.0,0.005492329615718564,0.0,0.0,0,0.0,0.005030241540069383,196
9312.006347284,17.269999999998124,0,1,2,45.423185872405455,47.54897788770672,47.542164371743304,0.07527867333751447,0.0,0.0,0.0,0.005276549021176213,0.0,0.0,0,0.0,0.005024540484903098,197
9312.016484044,17.279999999998136,0,1,2,44.27266853066647,47.54897788770672,47.54242995708469,0.07232115293622965,0.0,0.0,0.0,0.005069245934038493,0.0,0.0,0,0.0,0.005018994136425196,201
9312.027408882,17.289999999998148,0,1,2,43.020732444701316,47.54897788770672,47.54268527011418,0.06947982649181576,0.0,0.0,0.0,0.004870087293159148,0.0,0.0,0,0.0,0.0050135981897511325,204
9312.036406258,17.29999999999816,0,1,2,41.77772018122448,47.54897788770672,47.54293070193225,0.0667501290195226,0.0,0.0,0.0,0.004678753122576811,0.0,0.0,0,0.0,0.005008348465052867,207
9312.046777687,17.309999999998173,0,1,2,40.978917893141976,47.54897788770672,47.54316662923513,0.06412767488196715,0.0,0.0,0.0,0.0044949360174248365,0.0,0.0,0,0.0,0.0050032409036656,208
9312.056406811,17.319999999998185,0,1,2,40.00014969534135,47.54897788770672,47.54339341480666,0.061608250743074106,0.0,0.0,0.0,0.004318340650043659,0.0,0.0,0,0.0,0.004998271564330761,210
9312.066497579,17.329999999998197,0,1,2,38.941307363602284,47.54897788770672,47.54361140799653,0.0591878087987353,0.0,0.0,0.0,0.004148683295497275,0.0,0.0,0,0.0,0.0049934366195682825,215
9312.076527896,17.33999999999821,0,1,2,37.95548315655952,47.54897788770672,47.54382094518496,0.05686246027346517,0.0,0.0,0.0,0.003985691375728584,0.0,0.0,0,0.0,0.0049887323521723564,216
9312.087172861,17.34999999999822,0,1,2,36.8986684529504,47.54897788770672,47.544022350234016,0.054628469172532584,0.0,0.0,0.0,0.003829103021626225,0.0,0.0,0,0.0,0.004984155151825792,217
9312.096277742,17.359999999998234,0,1,2,36.00318743211167,47.54897788770672,47.54421593492569,0.052482246279572375,0.0,0.0,0.0,0.0036786666522932512,0.0,0.0,0,0.0,0.004979701511828263,223
9312.106474883,17.369999999998246,0,1,2,35.119561095055445,47.54897788770672,47.544401999386864,0.05042034339000854,0.0,0.0,0.0,0.0035341405708502597,0.0,0.0,0,0.0,0.004975368025934131,224
9312.116321266,17.379999999998258,0,1,2,34.141142253686475,47.54897788770672,47.54458083250149,0.048439447771040124,0.0,0.0,0.0,0.0033952925761141666,0.0,0.0,0,0.0,0.004971151385295781,225
9312.128063756,17.38999999999827,0,1,2,32.806857282714375,47.54897788770672,47.54475271230996,0.04653637683928661,0.0,0.0,0.0,0.003261899589535287,0.0,0.0,0,0.0,0.004967048375508355,227
9312.136128292,17.399999999998283,0,1,2,32.0886809254475,47.54897788770672,47.54491790639622,0.044708073047486724,0.0,0.0,0.0,0.0031337472967905918,0.0,0.0,0,0.0,0.004963055873752363,231
9312.1465736,17.409999999998295,0,1,2,31.02057402691924,47.54897788770672,47.545076672262525,0.04295159897219733,0.0,0.0,0.0,0.0030106298034580274,0.0,0.0,0,0.0,0.004959170846030356,232
9312.156290152,17.419999999998307,0,1,2,29.86853672902691,47.54897788770672,47.545229257692355,0.04126413259431641,0.0,0.0,0.0,0.002892349304217825,0.0,0.0,0,0.0,0.004955390344494312,233
9312.166603433,17.42999999999832,0,1,2,28.97947586181446,47.54897788770672,47.54537590110155,0.039642962765221564,0.0,0.0,0.0,0.002778715765054767,0.0,0.0,0,0.0,0.004951711504860387,237
9312.176486093,17.43999999999833,0,1,2,28.00531067152448,47.54897788770672,47.545516831878054,0.03808548485086549,0.0,0.0,0.0,0.0026695466179358315,0.0,0.0,0,0.0,0.004948131543907872,238
9312.186758427,17.449999999998344,0,1,2,27.37487623817273,47.54897788770672,47.54565227071055,0.0365891965470786,0.0,0.0,0.0,0.0025646664674932765,0.0,0.0,0,0.0,0.004944647757059349,240
9312.196991164,17.459999999998356,0,1,2,26.231422090954446,47.54897788770672,47.54578242990602,0.035151693859301475,0.0,0.0,0.0,0.002463906809228695,0.0,0.0,0,0.0,0.00494125751603898,245
9312.206459675,17.469999999998368,0,1,2,25.61640922804628,47.54897788770672,47.54590751369688,0.03377066724021452,0.0,0.0,0.0,0.0023671057587837815,0.0,0.0,0,0.0,0.0049379582666063335,246
9312.216425462,17.47999999999838,0,1,2,24.74856627452296,47.54897788770672,47.54602771853768,0.03244389787912709,0.0,0.0,0.0,0.0022741077918537393,0.0,0.0,0,0.0,0.0049347475263628385,247
9312.226231434,17.489999999998393,0,1,2,23.889157856412236,47.54897788770672,47.54614323339166,0.031169254137136084,0.0,0.0,0.0,0.002184763494313138,0.0,0.0,0,0.0,0.004931622882628481,248
9312.236437983,17.499999999998405,0,1,2,22.86174060463469,47.54897788770672,47.54625424000766,0.02994468812240394,0.0,0.0,0.0,0.0020989293221641246,0.0,0.0,0,0.0,0.004928581990386094,5
9312.246248588,17.509999999998417,0,1,2,22.11344834450268,47.54897788770672,47.54636091318742,0.028768232399876664,0.0,0.0,0.0,0.0020164673709109995,0.0,0.0,0,0.0,0.004925622570290979,5
9312.256678984,17.51999999999843,0,1,2,21.193495869228006,47.54897788770672,47.54646342104351,0.02763799683036021,0.0,0.0,0.0,0.0019372451539979808,0.0,0.0,0,0.0,0.004922742406743515,5
9312.267035869,17.52999999999844,0,1,2,20.698984665368616,47.54897788770672,47.546561925248504,0.026552165533760747,0.0,0.0,0.0,0.0018611353899547023,0.0,0.0,0,0.0,0.004919939346022556,10
9312.276323541,17.539999999998454,0,1,2,19.796482509264397,47.54897788770672,47.54665658127526,0.02550899397158038,0.0,0.0,0.0,0.001788015797893654,0.0,0.0,0,0.0,0.0049172112944775165,11
9312.286311236,17.549999999998466,0,1,2,19.32924085541569,47.54897788770672,47.5467475386287,0.024506806144101397,0.0,0.0,0.0,0.001717768901054433,0.0,0.0,0,0.0,0.004914556216777083,11
9312.298089999,17.559999999998478,0,1,2,18.44379438147079,47.54897788770672,47.54683494106966,0.02354399189768046,0.0,0.0,0.0,0.0016502818380616478,0.0,0.0,0,0.0,0.00491197213421269,13
9312.306117207,17.56999999999849,0,1,2,18.059973574557116,47.54897788770672,47.54691892683039,0.02261900433774095,0.0,0.0,0.0,0.0015854461815924497,0.0,0.0,0,0.0,0.004909457123054746,18
9312.316718777,17.579999999998503,0,1,2,17.446742624152396,47.54897788770672,47.54699962882262,0.021730357343580926,0.0,0.0,0.0,0.0015231577641784673,0.0,0.0,0,0.0,0.004907009312959884,18
9312.3260807,17.589999999998515,0,1,2,16.54067305714725,47.54897788770672,47.547077174838115,0.020876623180620883,0.0,0.0,0.0,0.0014633165108432135,0.0,0.0,0,0.0,0.004904626885427574,20
9312.336026264,17.599999999998527,0,1,2,15.84939354206198,47.54897788770672,47.54715168774204,0.02005643020656892,0.0,0.0,0.0,0.0014058262783178473,0.0,0.0,0,0.0,0.0049023080723041915,24
9312.346085101,17.60999999999854,0,1,2,14.893252395044527,47.54897788770672,47.54722328565908,0.019268460667747497,0.0,0.0,0.0,0.001350594700575252,0.0,0.0,0,0.0,0.004900051154333264,24
9312.356495628,17.61999999999855,0,1,2,14.343027386591796,47.54897788770672,47.54729208215322,0.018511448581868806,0.0,0.0,0.0,0.0012975330404304283,0.0,0.0,0,0.0,0.004897854459750016,24
9312.366817743,17.629999999998564,0,1,2,13.61684059204397,47.54897788770672,47.547358186400615,0.017784177704068052,0.0,0.0,0.0,0.0012465560469710126,0.0,0.0,0,0.0,0.004895716362918946,28
9312.376402086,17.639999999998576,0,1,2,13.027254869134534,47.54897788770672,47.54742170335635,0.017085479572883044,0.0,0.0,0.0,0.0011975818185902686,0.0,0.0,0,0.0,0.0048936352830129745,31
9312.386627168,17.649999999998588,0,1,2,12.536476970371004,47.54897788770672,47.547482733915004,0.0164142316328912,0.0,0.0,0.0,0.0011505316714017634,0.0,0.0,0,0.0,0.004891609682732612,31
9312.398915049,17.6599999999986,0,1,2,11.904113522862518,47.54897788770672,47.547541375065315,0.015769355431274147,0.0,0.0,0.0,0.00110533001282322,0.0,0.0,0,0.0,0.00488963806706412,34
9312.406953632,17.669999999998613,0,1,2,11.657159738609927,47.54897788770672,47.54759772003921,0.015149814884990048,0.0,0.0,0.0,0.0010619042201233668,0.0,0.0,0,0.0,0.004887718982075032,39
9312.416474855,17.679999999998625,0,1,2,11.110542860086966,47.54897788770672,47.54765185845518,0.014554614616285324,0.0,0.0,0.0,0.0010201845237471651,0.0,0.0,0,0.0,0.004885851013746133,40
9312.426780159,17.689999999998637,0,1,2,10.80495428796349,47.54897788770672,47.547703876456566,0.013982798353448424,0.0,0.0,0.0,0.0009801038952211708,0.0,0.0,0,0.0,0.00488403278683848,42
9312.436970487,17.69999999999865,0,1,2,10.386319267242882,47.54897788770672,47.547753856844416,0.013433447394351669,0.0,0.0,0.0,0.0009415979394572968,0.0,0.0,0,0.0,0.004882262963794334,48
9312.446909181,17.70999999999866,0,1,2,9.874833977905874,47.54897788770672,47.54780187920565,0.01290567913056414,0.0,0.0,0.0,0.0009046047913023255,0.0,0.0,0,0.0,0.004880540243671128,51
9312.457048473,17.719999999998674,0,1,2,9.456971928385194,47.54897788770672,47.5478480200363,0.012398645629178941,0.0,0.0,0.0,0.0008690650161331762,0.0,0.0,0,0.0,0.004878863361107051,53
9312.467959237,17.729999999998686,0,1,2,8.95184434378178,47.54897788770672,47.54789235286022,0.011911532270629082,0.0,0.0,0.0,0.0008349215143776612,0.0,0.0,0,0.0,0.004877231085317554,59
9312.476288118,17.739999999998698,0,1,2,8.861656119788725,47.54897788770672,47.54793494834325,0.011443556439770037,0.0,0.0,0.0,0.0008021194297661416,0.0,0.0,0,0.0,0.004875642219121533,62
9312.486284361,17.74999999999871,0,1,2,8.612208443544082,47.54897788770672,47.547975874403136,0.010993966268571692,0.0,0.0,0.0,0.000770606061203718,0.0,0.0,0,0.0,0.004874095597996446,62
9312.496583344,17.759999999998723,0,1,2,8.327248678641636,47.54897788770672,47.54801519631541,0.010562039428094956,0.0,0.0,0.0,0.0007403307780949944,0.0,0.0,0,0.0,0.004872590089161244,63
9312.506421807,17.769999999998735,0,1,2,8.117485535403159,47.54897788770672,47.5480529768151,0.010147081967999481,0.0,0.0,0.0,0.0007112449390011497,0.0,0.0,0,0.0,0.004871124590686379,69
9312.516099004,17.779999999998747,0,1,2,7.947910815816471,47.54897788770672,47.54808927619472,0.009748427201608892,0.0,0.0,0.0,0.0006833018134902334,0.0,0.0,0,0.0,0.00486969803062999,71
9312.525963515,17.78999999999876,0,1,2,7.865861658725215,47.54897788770672,47.54812415239856,0.009365434634779003,0.0,0.0,0.0,0.0006564565070570559,0.0,0.0,0,0.0,0.004868309366199412,72
9312.53683013,17.79999999999877,0,1,2,7.689444668002984,47.54897788770672,47.54815766111325,0.008997488936855353,0.0,0.0,0.0,0.0006306658889958813,0.0,0.0,0,0.0,0.004866957582937183,78
9312.546123719,17.809999999998784,0,1,2,7.593825301361805,47.54897788770672,47.548189855855114,0.00864399895208658,0.0,0.0,0.0,0.0006058885231041701,0.0,0.0,0,0.0,0.004865641693930889,79
9312.556655266,17.819999999998796,0,1,2,7.478883303670508,47.54897788770672,47.548220788054095,0.008304396749817278,0.0,0.0,0.0,0.0005820846011093414,0.0,0.0,0,0.0,0.00486436073904601,81
9312.56773271,17.829999999998808,0,1,2,7.382085080590256,47.54897788770672,47.54825050713434,0.007978136712015535,0.0,0.0,0.0,0.0005592158787106736,0.0,0.0,0,0.0,0.00486311378418109,86
9312.576066378,17.83999999999882,0,1,2,7.337765023347503,47.54897788770672,47.54827906059205,0.007664694656746326,0.0,0.0,0.0,0.0005372456141375123,0.0,0.0,0,0.0,0.0048618999205444074,90
9312.585955922,17.849999999998833,0,1,2,7.3802856015637,47.54897788770672,47.54830649407005,0.007363566995852404,0.0,0.0,0.0,0.0005161385091116361,0.0,0.0,0,0.0,0.0048607182639518465,90
9312.595974545,17.859999999998845,0,1,2,7.361895241993399,47.54897788770672,47.54833285142964,0.007074269926034077,0.0,0.0,0.0,0.0004958606521450894,0.0,0.0,0,0.0,0.004859567954144738,90
9312.606507455,17.869999999998857,0,1,2,7.328134890396214,47.54897788770672,47.54835817481971,0.006796338651444865,0.0,0.0,0.0,0.00047637946404899777,0.0,0.0,0,0.0,0.004858448154127677,95
9312.616944055,17.87999999999887,0,1,2,7.344509288652086,47.54897788770672,47.548382504743174,0.006529326636964392,0.0,0.0,0.0,0.0004576636455955963,0.0,0.0,0,0.0,0.004857358049525168,95
9312.626050141,17.88999999999888,0,1,2,7.32813489039623,47.54897788770672,47.54840588012087,0.006272804890781412,0.0,0.0,0.0,0.0004396831272264188,0.0,0.0,0,0.0,0.004856296847956881,96
9312.636921079,17.899999999998894,0,1,2,7.385258029205827,47.54897788770672,47.54842833835302,0.006026361275151232,0.0,0.0,0.0,0.0004224090207470191,0.0,0.0,0,0.0,0.004855263778430846,100
9312.646532257,17.909999999998906,0,1,2,7.385258029205827,47.54897788770672,47.54844991537829,0.005789599844238471,0.0,0.0,0.0,0.0004058135729108636,0.0,0.0,0,0.0,0.004854258090753898,102
9312.6561669,17.919999999998918,0,1,2,7.47209370646207,47.54897788770672,47.54897788770672,0.0,0.0,0.0,0.0,0.0,0.0,0.0,0,0.0,0.004853279054959067,103
9312.66645889,17.92999999999893,0,1,2,7.47209370646207,47.54897788770672,47.54897788770672,0.0,0.0,0.0,0.0,0.0,0.0,0.0,0,0.0,0.004852325960749318,103
9312.676080999,17.939999999998943,0,1,2,7.459102130682123,47.54897788770672,47.54897788770672,0.0,0.0,0.0,0.0,0.0,0.0,0.0,0,0.0,0.004851398116957013,107
9312.685959116,17.949999999998955,0,1,2,7.47209370646207,47.54897788770672,47.54897788770672,0.0,0.0,0.0,0.0,0.0,0.0,0.0,0,0.0,0.00485049485101887,108
9312.696383089,17.959999999998967,0,1,2,7.474626412299188,47.54897788770672,47.54897788770672,0.0,0.0,0.0,0.0,0.0,0.0,0.0,0,0.0,0.00484961550846575,108
9312.706474078,17.96999999999898,0,1,2,7.461564627054111,47.54897788770672,47.54897788770672,0.0,0.0,0.0,0.0,0.0,0.0,0.0,0,0.0,0.004848759452426903,113
9312.715984518,17.97999999999899,0,1,2,7.474626412299188,47.54897788770672,47.54897788770672,0.0,0.0,0.0,0.0,0.0,0.0,0.0,0,0.0,0.004847926063148267,113
9312.72674401,17.989999999999004,0,1,2,7.461564627054111,47.54897788770672,47.54897788770672,0.0,0.0,0.0,0.0,0.0,0.0,0.0,0,0.0,0.004847114737524361,113
9312.73748635,17.999999999999016,0,1,2,7.459102130682123,47.54897788770672,47.54897788770672,0.0,0.0,0.0,0.0,0.0,0.0,0.0,0,0.0,0.004846324888643352,117
9312.746243845,18.009999999999028,0,1,2,7.47209370646207,47.54897788770672,47.54897788770672,0.0,0.0,0.0,0.0,0.0,0.0,0.0,0,0.0,0.00484555594534497,120
9312.756837756,18.01999999999904,0,1,2,7.47209370646207,47.54897788770672,47.54897788770672,0.0,0.0,0.0,0.0,0.0,0.0,0.0,0,0.0,0.004844807351790867,120
9312.765933239,18.029999999999053,0,1,2,7.372113814591805,47.54897788770672,47.54897788770672,0.0,0.0,0.0,0.0,0.0,0.0,0.0,0,0.0,0.004844078567046946,121
9312.775949294,18.039999999999065,0,1,2,7.385258029205831,47.54897788770672,47.54897788770672,0.0,0.0,0.0,0.0,0.0,0.0,0.0,0,0.0,0.004843369064677472,125
9312.785975807,18.049999999999077,0,1,2,7.385258029205831,47.54897788770672,47.54897788770672,0.0,0.0,0.0,0.0,0.0,0.0,0.0,0,0.0,0.0048426783323505945,125
9312.795931375,18.05999999999909,0,1,2,7.372113814591805,47.54897788770672,47.54897788770672,0.0,0.0,0.0,0.0,0.0,0.0,0.0,0,0.0,0.004842005871454752,125
9312.805896282,18.0699999999991,0,1,2,7.385258029205827,47.54897788770672,47.54897788770672,0.0,0.0,0.0,0.0,0.0,0.0,0.0,0,0.0,0.004841351196725956,129
9312.815984514,18.079999999999114,0,1,2,7.372113814591805,47.54897788770672,47.54897788770672,0.0,0.0,0.0,0.0,0.0,0.0,0.0,0,0.0,0.0048407138358853505,129
9312.825921591,18.089999999999126,0,1,2,7.385258029205827,47.54897788770672,47.54897788770672,0.0,0.0,0.0,0.0,0.0,0.0,0.0,0,0.0,0.004840093329286872,129
9312.83597112,18.099999999999138,0,1,2,7.385258029205827,47.54897788770672,47.54897788770672,0.0,0.0,0.0,0.0,0.0,0.0,0.0,0,0.0,0.004839489229574785,129
9312.846129263,18.10999999999915,0,1,2,7.397841766027227,47.54897788770672,47.54897788770672,0.0,0.0,0.0,0.0,0.0,0.0,0.0,0,0.0,0.004838901101350629,132
9312.856036607,18.119999999999163,0,1,2,7.383749851723039,47.54897788770672,47.54897788770672,0.0,0.0,0.0,0.0,0.0,0.0,0.0,0,0.0,0.004838328520849554,132
9312.866602753,18.129999999999175,0,1,2,7.383749851723039,47.54897788770672,47.54897788770672,0.0,0.0,0.0,0.0,0.0,0.0,0.0,0,0.0,0.004837771075625399,132
9312.876903965,18.139999999999187,0,1,2,7.397841766027227,47.54897788770672,47.54897788770672,0.0,0.0,0.0,0.0,0.0,0.0,0.0,0,0.0,0.004837228364244751,137
9312.886706839,18.1499999999992,0,1,2,7.383749851723039,47.54897788770672,47.54897788770672,0.0,0.0,0.0,0.0,0.0,0.0,0.0,0,0.0,0.004836699995989215,139
9312.895973425,18.15999999999921,0,1,2,7.39942152229472,47.54897788770672,47.54897788770672,0.0,0.0,0.0,0.0,0.0,0.0,0.0,0,0.0,0.004836185590566124,140
9312.907823212,18.169999999999224,0,1,2,7.385258029205827,47.54897788770672,47.54897788770672,0.0,0.0,0.0,0.0,0.0,0.0,0.0,0,0.0,0.0048356847778270595,142
9312.916386144,18.179999999999236,0,1,2,7.385258029205827,47.54897788770672,47.54897788770672,0.0,0.0,0.0,0.0,0.0,0.0,0.0,0,0.0,0.004835197197494236,144
9312.926015299,18.189999999999248,0,1,2,7.387810134406838,47.54897788770672,47.54897788770672,0.0,0.0,0.0,0.0,0.0,0.0,0.0,0,0.0,0.004834722498894377,144
9312.936038353,18.19999999999926,0,1,2,7.488659798147683,47.54897788770672,47.54897788770672,0.0,0.0,0.0,0.0,0.0,0.0,0.0,0,0.0,0.004834260340699871,144
9312.946351025,18.209999999999273,0,1,2,7.474593552886179,47.54897788770672,47.54897788770672,0.0,0.0,0.0,0.0,0.0,0.0,0.0,0,0.0,0.004833810390677179,148
9312.956187386,18.219999999999285,0,1,2,7.4020431633212205,47.54897788770672,47.54897788770672,0.0,0.0,0.0,0.0,0.0,0.0,0.0,0,0.0,0.004833372325441933,148
9312.966489436,18.229999999999297,0,1,2,7.488695577456015,47.54897788770672,47.54897788770672,0.0,0.0,0.0,0.0,0.0,0.0,0.0,0,0.0,0.00483294583022096,148
9312.977198879,18.23999999999931,0,1,2,7.488695577456015,47.54897788770672,47.54897788770672,0.0,0.0,0.0,0.0,0.0,0.0,0.0,0,0.0,0.004832530598620703,152
9312.986521082,18.24999999999932,0,1,2,7.4020431633212205,47.54897788770672,47.54897788770672,0.0,0.0,0.0,0.0,0.0,0.0,0.0,0,0.0,0.004832126332402001,153
9312.996472725,18.259999999999334,0,1,2,7.4020431633212205,47.54897788770672,47.54897788770672,0.0,0.0,0.0,0.0,0.0,0.0,0.0,0,0.0,0.004831732741261037,153
9313.006500764,18.269999999999346,0,1,2,7.391405085982033,47.54897788770672,47.54897788770672,0.0,0.0,0.0,0.0,0.0,0.0,0.0,0,0.0,0.004831349542616339,154
9313.016580472,18.279999999999358,0,1,2,7.405705582614519,47.54897788770672,47.54897788770672,0.0,0.0,0.0,0.0,0.0,0.0,0.0,0,0.0,0.004830976461401432,159
9313.026460084,18.28999999999937,0,1,2,7.4210181125784835,47.54897788770672,47.54897788770672,0.0,0.0,0.0,0.0,0.0,0.0,0.0,0,0.0,0.004830613229863286,159
9313.036407952,18.299999999999383,0,1,2,7.4210181125784835,47.54897788770672,47.54897788770672,0.0,0.0,0.0,0.0,0.0,0.0,0.0,0,0.0,0.004830259587366249,159
9313.046594916,18.309999999999395,0,1,2,7.442166106511332,47.54897788770672,47.54897788770672,0.0,0.0,0.0,0.0,0.0,0.0,0.0,0,0.0,0.004829915280201227,164
9313.056443109,18.319999999999407,0,1,2,7.355987903510722,47.54897788770672,47.54897788770672,0.0,0.0,0.0,0.0,0.0,0.0,0.0,0,0.0,0.004829580061400156,165
9313.065969586,18.32999999999942,0,1,2,7.339416399126544,47.54897788770672,47.54897788770672,0.0,0.0,0.0,0.0,0.0,0.0,0.0,0,0.0,0.004829253690555466,165
9313.077664471,18.33999999999943,0,1,2,7.35598790351072,47.54897788770672,47.54897788770672,0.0,0.0,0.0,0.0,0.0,0.0,0.0,0,0.0,0.004828935933644474,167
9313.086423459,18.349999999999444,0,1,2,7.35598790351072,47.54897788770672,47.54897788770672,0.0,0.0,0.0,0.0,0.0,0.0,0.0,0,0.0,0.0048286265628584915,169
9313.095938898,18.359999999999456,0,1,2,7.35598790351072,47.54897788770672,47.54897788770672,0.0,0.0,0.0,0.0,0.0,0.0,0.0,0,0.0,0.004828325356436659,169
9313.10598959,18.369999999999468,0,1,2,7.465352454828516,47.54897788770672,47.54897788770672,0.0,0.0,0.0,0.0,0.0,0.0,0.0,0,0.0,0.004828032098504222,169
9313.115986692,18.37999999999948,0,1,2,7.379546428645823,47.54897788770672,47.54897788770672,0.0,0.0,0.0,0.0,0.0,0.0,0.0,0,0.0,0.0048277465789151805,173
9313.125956928,18.389999999999493,0,1,2,7.361906132624803,47.54897788770672,47.54897788770672,0.0,0.0,0.0,0.0,0.0,0.0,0.0,0,0.0,0.0048274685930992725,174
9313.135977958,18.399999999999505,0,1,2,7.361906132624803,47.54897788770672,47.54897788770672,0.0,0.0,0.0,0.0,0.0,0.0,0.0,0,0.0,0.004827197941912963,174
9313.147456106,18.409999999999517,0,1,2,7.379546428645823,47.54897788770672,47.54897788770672,0.0,0.0,0.0,0.0,0.0,0.0,0.0,0,0.0,0.004826934431494644,178
9313.155925711,18.41999999999953,0,1,2,7.379546428645823,47.54897788770672,47.54897788770672,0.0,0.0,0.0,0.0,0.0,0.0,0.0,0,0.0,0.004826677873123582,180
9313.165964813,18.42999999999954,0,1,2,7.465468654872269,47.54897788770672,47.54897788770672,0.0,0.0,0.0,0.0,0.0,0.0,0.0,0,0.0,0.0048264280830827705,180
9313.176012239,18.439999999999554,0,1,2,7.448028429937868,47.54897788770672,47.54897788770672,0.0,0.0,0.0,0.0,0.0,0.0,0.0,0,0.0,0.004826184882525453,180
9313.185992487,18.449999999999566,0,1,2,7.534084086527971,47.54897788770672,47.54897788770672,0.0,0.0,0.0,0.0,0.0,0.0,0.0,0,0.0,0.004825948097345226,183
9313.195991953,18.459999999999578,0,1,2,7.6202878237938965,47.54897788770672,47.54897788770672,0.0,0.0,0.0,0.0,0.0,0.0,0.0,0,0.0,0.004825717558049725,183
9313.206057158,18.46999999999959,0,1,2,7.6042180989673165,47.54897788770672,47.54897788770672,0.0,0.0,0.0,0.0,0.0,0.0,0.0,0,0.0,0.004825493099637611,183
9313.215913158,18.479999999999603,0,1,2,7.6042180989673165,47.54897788770672,47.54897788770672,0.0,0.0,0.0,0.0,0.0,0.0,0.0,0,0.0,0.004825274561478923,188
9313.22594158,18.489999999999615,0,1,2,7.6042180989673165,47.54897788770672,47.54897788770672,0.0,0.0,0.0,0.0,0.0,0.0,0.0,0,0.0,0.004825061787198652,189
9313.236022471,18.499999999999627,0,1,2,7.517933493477406,47.54897788770672,47.54897788770672,0.0,0.0,0.0,0.0,0.0,0.0,0.0,0,0.0,0.004824854624563418,0
9313.247755868,18.50999999999964,0,1,2,7.6042180989673165,47.54897788770672,47.54897788770672,0.0,0.0,0.0,0.0,0.0,0.0,0.0,0,0.0,0.0048246529253712644,2
9313.255923083,18.51999999999965,0,1,2,7.517933493477406,47.54897788770672,47.54897788770672,0.0,0.0,0.0,0.0,0.0,0.0,0.0,0,0.0,0.004824456545344323,4
9313.26592727,18.529999999999664,0,1,2,7.614639786827225,47.54897788770672,47.54897788770672,0.0,0.0,0.0,0.0,0.0,0.0,0.0,0,0.0,0.004824265344024428,4
9313.276011141,18.539999999999676,0,1,2,7.6043168967190615,47.54897788770672,47.54897788770672,0.0,0.0,0.0,0.0,0.0,0.0,0.0,0,0.0,0.0048240791846714814,4
9313.285961177,18.549999999999688,0,1,2,7.620393996999501,47.54897788770672,47.54897788770672,0.0,0.0,0.0,0.0,0.0,0.0,0.0,0,0.0,0.004823897934164614,8
9313.29596043,18.5599999999997,0,1,2,7.6043168967190615,47.54897788770672,47.54897788770672,0.0,0.0,0.0,0.0,0.0,0.0,0.0,0,0.0,0.004823721462905918,8
9313.305993091,18.569999999999713,0,1,2,7.706529613237456,47.54897788770672,47.54897788770672,0.0,0.0,0.0,0.0,0.0,0.0,0.0,0,0.0,0.004823549644726817,8
9313.316767706,18.579999999999725,0,1,2,7.637447310824823,47.54897788770672,47.54897788770672,0.0,0.0,0.0,0.0,0.0,0.0,0.0,0,0.0,0.00482338235679694,12
9313.326271724,18.589999999999737,0,1,2,7.637447310824823,47.54897788770672,47.54897788770672,0.0,0.0,0.0,0.0,0.0,0.0,0.0,0,0.0,0.004823219479535408,14
9313.336225717,18.59999999999975,0,1,2,7.6043168967190615,47.54897788770672,47.54897788770672,0.0,0.0,0.0,0.0,0.0,0.0,0.0,0,0.0,0.004823060896524518,17
9313.347186469,18.60999999999976,0,1,2,7.620393996999501,47.54897788770672,47.54897788770672,0.0,0.0,0.0,0.0,0.0,0.0,0.0,0,0.0,0.004822906494425759,18
9313.356204213,18.619999999999774,0,1,2,7.723388553565339,47.54897788770672,47.54897788770672,0.0,0.0,0.0,0.0,0.0,0.0,0.0,0,0.0,0.004822756162898026,24
9313.366633365,18.629999999999786,0,1,2,7.620393996999501,47.54897788770672,47.54897788770672,0.0,0.0,0.0,0.0,0.0,0.0,0.0,0,0.0,0.004822609794518019,26
9313.376011718,18.639999999999798,0,1,2,7.6043168967190615,47.54897788770672,47.54897788770672,0.0,0.0,0.0,0.0,0.0,0.0,0.0,0,0.0,0.0048224672847028555,28
9313.385916566,18.64999999999981,0,1,2,7.620393996999501,47.54897788770672,47.54897788770672,0.0,0.0,0.0,0.0,0.0,0.0,0.0,0,0.0,0.004822328531634668,33
9313.396904201,18.659999999999823,0,1,2,7.620393996999501,47.54897788770672,47.54897788770672,0.0,0.0,0.0,0.0,0.0,0.0,0.0,0,0.0,0.0048221934361872346,34
9313.406136712,18.669999999999835,0,1,2,7.614639786827225,47.54897788770672,47.54897788770672,0.0,0.0,0.0,0.0,0.0,0.0,0.0,0,0.0,0.004822061901854545,35
9313.417704751,18.679999999999847,0,1,2,7.700849113070611,47.54897788770672,47.54897788770672,0.0,0.0,0.0,0.0,0.0,0.0,0.0,0,0.0,0.004821933834681387,37
9313.426622044,18.68999999999986,0,1,2,7.614639786827225,47.54897788770672,47.54897788770672,0.0,0.0,0.0,0.0,0.0,0.0,0.0,0,0.0,0.004821809143195639,40
9313.436104033,18.69999999999987,0,1,2,7.614639786827225,47.54897788770672,47.54897788770672,0.0,0.0,0.0,0.0,0.0,0.0,0.0,0,0.0,0.004821687738342434,41
9313.44612256,18.709999999999884,0,1,2,7.685016936447997,47.54897788770672,47.54897788770672,0.0,0.0,0.0,0.0,0.0,0.0,0.0,0,0.0,0.004821569533420118,42
9313.457170374,18.719999999999896,0,1,2,7.598624544931101,47.54897788770672,47.54897788770672,0.0,0.0,0.0,0.0,0.0,0.0,0.0,0,0.0,0.004821454444017846,46
9313.466104793,18.729999999999908,0,1,2,7.598624544931101,47.54897788770672,47.54897788770672,0.0,0.0,0.0,0.0,0.0,0.0,0.0,0,0.0,0.004821342387954869,47
9313.476830672,18.73999999999992,0,1,2,7.614639786827225,47.54897788770672,47.54897788770672,0.0,0.0,0.0,0.0,0.0,0.0,0.0,0,0.0,0.0048212332852214865,47
9313.487454659,18.749999999999932,0,1,2,7.507464367267139,47.54897788770672,47.54897788770672,0.0,0.0,0.0,0.0,0.0,0.0,0.0,0,0.0,0.004821127057921475,53
9313.496293801,18.759999999999945,0,1,2,7.507464367267139,47.54897788770672,47.54897788770672,0.0,0.0,0.0,0.0,0.0,0.0,0.0,0,0.0,0.004821023630216137,56
9313.506089605,18.769999999999957,0,1,2,7.523597036509122,47.54897788770672,47.54897788770672,0.0,0.0,0.0,0.0,0.0,0.0,0.0,0,0.0,0.0048209229282698066,56
9313.516610102,18.77999999999997,0,1,2,7.4210181125784835,47.54897788770672,47.54897788770672,0.0,0.0,0.0,0.0,0.0,0.0,0.0,0,0.0,0.004820824880196792,56
9313.526613836,18.78999999999998,0,1,2,7.417288995045363,47.54897788770672,47.54897788770672,0.0,0.0,0.0,0.0,0.0,0.0,0.0,0,0.0,0.0048207294160097225,60
9313.536418205,18.799999999999994,0,1,2,7.433541397944341,47.54897788770672,47.54897788770672,0.0,0.0,0.0,0.0,0.0,0.0,0.0,0,0.0,0.0048206364675693406,62
9313.546347941,18.810000000000006,0,1,2,7.433541397944341,47.54897788770672,47.54897788770672,0.0,0.0,0.0,0.0,0.0,0.0,0.0,0,0.0,0.004820545968535581,62
9313.555937103,18.820000000000018,0,1,2,7.414598452722142,47.54897788770672,47.54897788770672,0.0,0.0,0.0,0.0,0.0,0.0,0.0,0,0.0,0.004820457854319879,67
9313.566100587,18.83000000000003,0,1,2,7.344509288652086,47.54897788770672,47.54897788770672,0.0,0.0,0.0,0.0,0.0,0.0,0.0,0,0.0,0.004820372062038912,68
9313.576083298,18.840000000000042,0,1,2,7.347287623968038,47.54897788770672,47.54897788770672,0.0,0.0,0.0,0.0,0.0,0.0,0.0,0,0.0,0.00482028853046939,68
9313.588259641,18.850000000000055,0,1,2,7.347287623968038,47.54897788770672,47.54897788770672,0.0,0.0,0.0,0.0,0.0,0.0,0.0,0,0.0,0.004820207200004187,70
9313.596770468,18.860000000000067,0,1,2,7.330845099361038,47.54897788770672,47.54897788770672,0.0,0.0,0.0,0.0,0.0,0.0,0.0,0,0.0,0.004820128012609587,73
9313.606228976,18.87000000000008,0,1,2,7.330845099361038,47.54897788770672,47.54897788770672,0.0,0.0,0.0,0.0,0.0,0.0,0.0,0,0.0,0.004820050911783634,76
9313.616865268,18.88000000000009,0,1,2,7.328134890396214,47.54897788770672,47.54897788770672,0.0,0.0,0.0,0.0,0.0,0.0,0.0,0,0.0,0.004819975842515645,76
9313.626077891,18.890000000000104,0,1,2,7.328134890396214,47.54897788770672,47.54897788770672,0.0,0.0,0.0,0.0,0.0,0.0,0.0,0,0.0,0.004819902751246753,81
9313.636196934,18.900000000000116,0,1,2,7.328134890396214,47.54897788770672,47.54897788770672,0.0,0.0,0.0,0.0,0.0,0.0,0.0,0,0.0,0.004819831585831505,83
9313.646933148,18.910000000000128,0,1,2,7.244435970668375,47.54897788770672,47.54897788770672,0.0,0.0,0.0,0.0,0.0,0.0,0.0,0,0.0,0.004819762295500525,84
9313.658231066,18.92000000000014,0,1,2,7.261073052724399,47.54897788770672,47.54897788770672,0.0,0.0,0.0,0.0,0.0,0.0,0.0,0,0.0,0.004819694830824117,89
9313.666332555,18.930000000000152,0,1,2,7.244435970668375,47.54897788770672,47.54897788770672,0.0,0.0,0.0,0.0,0.0,0.0,0.0,0,0.0,0.00481962914367684,93
9313.676737869,18.940000000000165,0,1,2,7.2482296779694115,47.54897788770672,47.54897788770672,0.0,0.0,0.0,0.0,0.0,0.0,0.0,0,0.0,0.004819565187203029,94
9313.686248701,18.950000000000177,0,1,2,7.2482296779694115,47.54897788770672,47.54897788770672,0.0,0.0,0.0,0.0,0.0,0.0,0.0,0,0.0,0.004819502915783272,95
9313.696460903,18.96000000000019,0,1,2,7.2482296779694115,47.54897788770672,47.54897788770672,0.0,0.0,0.0,0.0,0.0,0.0,0.0,0,0.0,0.004819442285001675,100
9313.706530756,18.9700000000002,0,1,2,7.3345455324052296,47.54897788770672,47.54897788770672,0.0,0.0,0.0,0.0,0.0,0.0,0.0,0,0.0,0.004819383251614101,100
9313.716624925,18.980000000000214,0,1,2,7.253085092590967,47.54897788770672,47.54897788770672,0.0,0.0,0.0,0.0,0.0,0.0,0.0,0,0.0,0.004819325773517201,100
9313.727171516,18.990000000000226,0,1,2,7.253085092590967,47.54897788770672,47.54897788770672,0.0,0.0,0.0,0.0,0.0,0.0,0.0,0,0.0,0.0048192698097182796,106
9313.73671594,19.000000000000238,0,1,2,7.2698506457512115,47.54897788770672,47.54897788770672,0.0,0.0,0.0,0.0,0.0,0.0,0.0,0,0.0,0.004819215320305929,108
9313.746450058,19.01000000000025,0,1,2,7.275826068914482,47.54897788770672,47.54897788770672,0.0,0.0,0.0,0.0,0.0,0.0,0.0,0,0.0,0.00481916226642147,109
9313.758598217,19.020000000000262,0,1,2,7.275826068914482,47.54897788770672,47.54897788770672,0.0,0.0,0.0,0.0,0.0,0.0,0.0,0,0.0,0.004819110610231166,110
9313.766409398,19.030000000000275,0,1,2,7.259000084059507,47.54897788770672,47.54897788770672,0.0,0.0,0.0,0.0,0.0,0.0,0.0,0,0.0,0.004819060314899107,113
9313.775988246,19.040000000000287,0,1,2,7.345171422537896,47.54897788770672,47.54897788770672,0.0,0.0,0.0,0.0,0.0,0.0,0.0,0,0.0,0.004819011344560913,113
9313.786071997,19.0500000000003,0,1,2,7.259000084059507,47.54897788770672,47.54897788770672,0.0,0.0,0.0,0.0,0.0,0.0,0.0,0,0.0,0.004818963664298036,113
9313.796368192,19.06000000000031,0,1,2,7.259000084059507,47.54897788770672,47.54897788770672,0.0,0.0,0.0,0.0,0.0,0.0,0.0,0,0.0,0.004818917240112776,116
9313.806417232,19.070000000000324,0,1,2,7.259000084059507,47.54897788770672,47.54897788770672,0.0,0.0,0.0,0.0,0.0,0.0,0.0,0,0.0,0.004818872038904,117
9313.81649439,19.080000000000336,0,1,2,7.259000084059507,47.54897788770672,47.54897788770672,0.0,0.0,0.0,0.0,0.0,0.0,0.0,0,0.0,0.004818828028443439,117
9313.827349582,19.090000000000348,0,1,2,7.172765562357115,47.54897788770672,47.54897788770672,0.0,0.0,0.0,0.0,0.0,0.0,0.0,0,0.0,0.004818785177352666,121
9313.836335332,19.10000000000036,0,1,2,7.1897897557403825,47.54897788770672,47.54897788770672,0.0,0.0,0.0,0.0,0.0,0.0,0.0,0,0.0,0.004818743455080633,122
9313.846522002,19.110000000000372,0,1,2,7.086571679320833,47.54897788770672,47.54897788770672,0.0,0.0,0.0,0.0,0.0,0.0,0.0,0,0.0,0.004818702831881842,123
9313.85673405,19.120000000000385,0,1,2,7.103684647134977,47.54897788770672,47.54897788770672,0.0,0.0,0.0,0.0,0.0,0.0,0.0,0,0.0,0.004818663278795085,124
9313.866400464,19.130000000000397,0,1,2,6.931959605684676,47.54897788770672,47.54897788770672,0.0,0.0,0.0,0.0,0.0,0.0,0.0,0,0.0,0.0048186247676227575,130
9313.876571825,19.14000000000041,0,1,2,6.853517441023691,47.54897788770672,47.54897788770672,0.0,0.0,0.0,0.0,0.0,0.0,0.0,0,0.0,0.004818587270910647,131
9313.886496194,19.15000000000042,0,1,2,6.835596559804813,47.54897788770672,47.54897788770672,0.0,0.0,0.0,0.0,0.0,0.0,0.0,0,0.0,0.004818550761928386,132
9313.895914039,19.160000000000434,0,1,2,6.672436433744635,47.54897788770672,47.54897788770672,0.0,0.0,0.0,0.0,0.0,0.0,0.0,0,0.0,0.004818515214650272,137
9313.906304945,19.170000000000446,0,1,2,6.615323790825765,47.54897788770672,47.54897788770672,0.0,0.0,0.0,0.0,0.0,0.0,0.0,0,0.0,0.004818480603736734,138
9313.916421783,19.180000000000458,0,1,2,6.511064769140432,47.54897788770672,47.54897788770672,0.0,0.0,0.0,0.0,0.0,0.0,0.0,0,0.0,0.004818446904516209,138
9313.927620798,19.19000000000047,0,1,2,6.351618047746241,47.54897788770672,47.54897788770672,0.0,0.0,0.0,0.0,0.0,0.0,0.0,0,0.0,0.004818414092967509,140
9313.936174659,19.200000000000482,0,1,2,6.298990953539784,47.54897788770672,47.54897788770672,0.0,0.0,0.0,0.0,0.0,0.0,0.0,0,0.0,0.0048183821457026335,142
9313.946534241,19.210000000000495,0,1,2,6.129641328815482,47.54897788770672,47.54897788770672,0.0,0.0,0.0,0.0,0.0,0.0,0.0,0,0.0,0.004818351039950111,143
9313.955951281,19.220000000000507,0,1,2,6.059404526142904,47.54897788770672,47.54897788770672,0.0,0.0,0.0,0.0,0.0,0.0,0.0,0,0.0,0.0048183207535387185,143
9313.966020676,19.23000000000052,0,1,2,5.891310215720106,47.54897788770672,47.54897788770672,0.0,0.0,0.0,0.0,0.0,0.0,0.0,0,0.0,0.00481829126488164,146
9313.976090559,19.24000000000053,0,1,2,5.886072600796069,47.54897788770672,47.54897788770672,0.0,0.0,0.0,0.0,0.0,0.0,0.0,0,0.0,0.004818262552961014,146
9313.985873597,19.250000000000544,0,1,2,5.718282089922062,47.54897788770672,47.54897788770672,0.0,0.0,0.0,0.0,0.0,0.0,0.0,0,0.0,0.004818234597312988,146
9313.99607046,19.260000000000556,0,1,2,5.740059014932322,47.54897788770672,47.54897788770672,0.0,0.0,0.0,0.0,0.0,0.0,0.0,0,0.0,0.004818207378013063,149
9314.005972772,19.270000000000568,0,1,2,5.740059014932322,47.54897788770672,47.54897788770672,0.0,0.0,0.0,0.0,0.0,0.0,0.0,0,0.0,0.004818180875661875,149
9314.015952714,19.28000000000058,0,1,2,5.652642125708566,47.54897788770672,47.54897788770672,0.0,0.0,0.0,0.0,0.0,0.0,0.0,0,0.0,0.004818155071371365,149
9314.026056951,19.290000000000592,0,1,2,5.8196739142466924,47.54897788770672,47.54897788770672,0.0,0.0,0.0,0.0,0.0,0.0,0.0,0,0.0,0.004818129946751237,149
9314.035905072,19.300000000000605,0,1,2,5.8411322749508106,47.54897788770672,47.54897788770672,0.0,0.0,0.0,0.0,0.0,0.0,0.0,0,0.0,0.0048181054838959195,153
9314.045870219,19.310000000000617,0,1,2,5.8411322749508106,47.54897788770672,47.54897788770672,0.0,0.0,0.0,0.0,0.0,0.0,0.0,0,0.0,0.004818081665371683,153
9314.056319978,19.32000000000063,0,1,2,5.8196739142466924,47.54897788770672,47.54897788770672,0.0,0.0,0.0,0.0,0.0,0.0,0.0,0,0.0,0.004818058474204252,153
9314.066043401,19.33000000000064,0,1,2,5.924715719911922,47.54897788770672,47.54897788770672,0.0,0.0,0.0,0.0,0.0,0.0,0.0,0,0.0,0.004818035893866715,158
9314.075930185,19.340000000000654,0,1,2,5.924715719911922,47.54897788770672,47.54897788770672,0.0,0.0,0.0,0.0,0.0,0.0,0.0,0,0.0,0.004818013908267617,158
9314.085974834,19.350000000000666,0,1,2,5.924715719911922,47.54897788770672,47.54897788770672,0.0,0.0,0.0,0.0,0.0,0.0,0.0,0,0.0,0.004817992501739622,159
9314.097707186,19.360000000000678,0,1,2,6.026909893378828,47.54897788770672,47.54897788770672,0.0,0.0,0.0,0.0,0.0,0.0,0.0,0,0.0,0.004817971659028232,162
9314.106351111,19.37000000000069,0,1,2,6.006018729327736,47.54897788770672,47.54897788770672,0.0,0.0,0.0,0.0,0.0,0.0,0.0,0,0.0,0.004817951365280938,164
9314.116108829,19.380000000000702,0,1,2,6.026909893378828,47.54897788770672,47.54897788770672,0.0,0.0,0.0,0.0,0.0,0.0,0.0,0,0.0,0.004817931606036559,164
9314.125907715,19.390000000000715,0,1,2,6.026909893378828,47.54897788770672,47.54897788770672,0.0,0.0,0.0,0.0,0.0,0.0,0.0,0,0.0,0.004817912367215037,164
9314.136069799,19.400000000000727,0,1,2,6.025723319321404,47.54897788770672,47.54897788770672,0.0,0.0,0.0,0.0,0.0,0.0,0.0,0,0.0,0.00481789363510729,169
9314.146786559,19.41000000000074,0,1,2,6.025723319321404,47.54897788770672,47.54897788770672,0.0,0.0,0.0,0.0,0.0,0.0,0.0,0,0.0,0.004817875396365488,171
9314.156332664,19.42000000000075,0,1,2,6.025723319321404,47.54897788770672,47.54897788770672,0.0,0.0,0.0,0.0,0.0,0.0,0.0,0,0.0,0.004817857637993486,174
9314.165990741,19.430000000000764,0,1,2,6.025723319321404,47.54897788770672,47.54897788770672,0.0,0.0,0.0,0.0,0.0,0.0,0.0,0,0.0,0.004817840347337586,179
9314.176277008,19.440000000000776,0,1,2,5.963416847990773,47.54897788770672,47.54897788770672,0.0,0.0,0.0,0.0,0.0,0.0,0.0,0,0.0,0.004817823512077511,179
9314.186035661,19.450000000000788,0,1,2,6.068275733706987,47.54897788770672,47.54897788770672,0.0,0.0,0.0,0.0,0.0,0.0,0.0,0,0.0,0.004817807120217579,180
9314.198507244,19.4600000000008,0,1,2,5.880352207329637,47.54897788770672,47.54897788770672,0.0,0.0,0.0,0.0,0.0,0.0,0.0,0,0.0,0.004817791160078182,182
9314.206757769,19.470000000000812,0,1,2,5.880375299782024,47.54897788770672,47.54897788770672,0.0,0.0,0.0,0.0,0.0,0.0,0.0,0,0.0,0.004817775620287429,188
9314.216059698,19.480000000000825,0,1,2,5.901826419259761,47.54897788770672,47.54897788770672,0.0,0.0,0.0,0.0,0.0,0.0,0.0,0,0.0,0.004817760489773053,191
9314.226088322,19.490000000000837,0,1,2,5.842175593084385,47.54897788770672,47.54897788770672,0.0,0.0,0.0,0.0,0.0,0.0,0.0,0,0.0,0.00481774575775451,193
9314.236129768,19.50000000000085,0,1,2,5.842175593084385,47.54897788770672,47.54897788770672,0.0,0.0,0.0,0.0,0.0,0.0,0.0,0,0.0,0.004817731413735288,3
9314.246045327,19.51000000000086,0,1,2,5.784547901583206,47.54897788770672,47.54897788770672,0.0,0.0,0.0,0.0,0.0,0.0,0.0,0,0.0,0.004817717447495429,5
9314.256124566,19.520000000000874,0,1,2,5.833541873419832,47.54897788770672,47.54897788770672,0.0,0.0,0.0,0.0,0.0,0.0,0.0,0,0.0,0.004817703849084198,8
9314.267851545,19.530000000000886,0,1,2,5.862636769030469,47.54897788770672,47.54897788770672,0.0,0.0,0.0,0.0,0.0,0.0,0.0,0,0.0,0.004817690608813034,11
9314.275953464,19.540000000000898,0,1,2,5.951039619206123,47.54897788770672,47.54897788770672,0.0,0.0,0.0,0.0,0.0,0.0,0.0,0,0.0,0.004817677717248642,14
9314.286565067,19.55000000000091,0,1,2,6.116004017112837,47.54897788770672,47.54897788770672,0.0,0.0,0.0,0.0,0.0,0.0,0.0,0,0.0,0.0048176651652062225,14
9314.296227377,19.560000000000922,0,1,2,6.22398912246321,47.54897788770672,47.54897788770672,0.0,0.0,0.0,0.0,0.0,0.0,0.0,0,0.0,0.004817652943742964,14
9314.306116798,19.570000000000935,0,1,2,6.352332928758882,47.54897788770672,47.54897788770672,0.0,0.0,0.0,0.0,0.0,0.0,0.0,0,0.0,0.004817641044151659,19
9314.316782737,19.580000000000947,0,1,2,6.568591229328789,47.54897788770672,47.54897788770672,0.0,0.0,0.0,0.0,0.0,0.0,0.0,0,0.0,0.004817629457954449,20
9314.32630176,19.59000000000096,0,1,2,6.679732232373013,47.54897788770672,47.54897788770672,0.0,0.0,0.0,0.0,0.0,0.0,0.0,0,0.0,0.004817618176896833,22
9314.336110553,19.60000000000097,0,1,2,7.021611647024972,47.54897788770672,47.54897788770672,0.0,0.0,0.0,0.0,0.0,0.0,0.0,0,0.0,0.004817607192941789,27
9314.346754414,19.610000000000984,0,1,2,7.251016842318253,47.54897788770672,47.54897788770672,0.0,0.0,0.0,0.0,0.0,0.0,0.0,0,0.0,0.004817596498263986,27
9314.35651328,19.620000000000996,0,1,2,7.529136742591655,47.54897788770672,47.54897788770672,0.0,0.0,0.0,0.0,0.0,0.0,0.0,0,0.0,0.004817586085244269,30
9314.368494439,19.630000000001008,0,1,2,8.037520346783207,47.54897788770672,47.54897788770672,0.0,0.0,0.0,0.0,0.0,0.0,0.0,0,0.0,0.004817575946464141,31
9314.376637742,19.64000000000102,0,1,2,8.28226629161316,47.54897788770672,47.54897788770672,0.0,0.0,0.0,0.0,0.0,0.0,0.0,0,0.0,0.004817566074700574,34
9314.386635301,19.650000000001032,0,1,2,8.90850394467367,47.54897788770672,47.54897788770672,0.0,0.0,0.0,0.0,0.0,0.0,0.0,0,0.0,0.00481755646292082,37
9314.396483938,19.660000000001045,0,1,2,9.419024309449554,47.54897788770672,47.54897788770672,0.0,0.0,0.0,0.0,0.0,0.0,0.0,0,0.0,0.00481754710427737,38
9314.406776935,19.670000000001057,0,1,2,9.980802718503446,47.54897788770672,47.54897788770672,0.0,0.0,0.0,0.0,0.0,0.0,0.0,0,0.0,0.004817537992103098,43
9314.416023633,19.68000000000107,0,1,2,10.459136598999812,47.54897788770672,47.54897788770672,0.0,0.0,0.0,0.0,0.0,0.0,0.0,0,0.0,0.004817529119906495,45
9314.426353082,19.69000000000108,0,1,2,10.977269188973855,47.54897788770672,47.54897788770672,0.0,0.0,0.0,0.0,0.0,0.0,0.0,0,0.0,0.00481752048136707,47
9314.437592737,19.700000000001094,0,1,2,11.94807356988899,47.54897788770672,47.54897788770672,0.0,0.0,0.0,0.0,0.0,0.0,0.0,0,0.0,0.004817512070330807,50
9314.445945646,19.710000000001106,0,1,2,12.49979885854245,47.54897788770672,47.54897788770672,0.0,0.0,0.0,0.0,0.0,0.0,0.0,0,0.0,0.004817503880805797,52
9314.456501662,19.720000000001118,0,1,2,13.201912212946032,47.54897788770672,47.54897788770672,0.0,0.0,0.0,0.0,0.0,0.0,0.0,0,0.0,0.004817495906957965,53
9314.466658769,19.73000000000113,0,1,2,13.96474808165975,47.54897788770672,47.54897788770672,0.0,0.0,0.0,0.0,0.0,0.0,0.0,0,0.0,0.00481748814310691,54
9314.476728943,19.740000000001142,0,1,2,14.673742811226491,47.54897788770672,47.54897788770672,0.0,0.0,0.0,0.0,0.0,0.0,0.0,0,0.0,0.0048174805837218684,60
9314.486795911,19.750000000001155,0,1,2,15.49467299772176,47.54897788770672,47.54897788770672,0.0,0.0,0.0,0.0,0.0,0.0,0.0,0,0.0,0.004817473223417752,61
9314.49627842,19.760000000001167,0,1,2,16.30783026845604,47.54897788770672,47.54897788770672,0.0,0.0,0.0,0.0,0.0,0.0,0.0,0,0.0,0.004817466056951325,64
9314.506197621,19.77000000000118,0,1,2,16.97081415533605,47.54897788770672,47.54897788770672,0.0,0.0,0.0,0.0,0.0,0.0,0.0,0,0.0,0.004817459079217455,70
9314.516229815,19.78000000000119,0,1,2,17.613652272455123,47.54897788770672,47.54897788770672,0.0,0.0,0.0,0.0,0.0,0.0,0.0,0,0.0,0.004817452285245466,70
9314.526264761,19.790000000001204,0,1,2,18.210142595529707,47.54897788770672,47.54897788770672,0.0,0.0,0.0,0.0,0.0,0.0,0.0,0,0.0,0.0048174456701956525,71
9314.537764685,19.800000000001216,0,1,2,18.798876016402858,47.54897788770672,47.54897788770672,0.0,0.0,0.0,0.0,0.0,0.0,0.0,0,0.0,0.0048174392293557425,74
9314.547130843,19.810000000001228,0,1,2,19.12954953711983,47.54897788770672,47.54897788770672,0.0,0.0,0.0,0.0,0.0,0.0,0.0,0,0.0,0.0048174329581375935,78
9314.556233567,19.82000000000124,0,1,2,19.644000219825166,47.54897788770672,47.54897788770672,0.0,0.0,0.0,0.0,0.0,0.0,0.0,0,0.0,0.004817426852073932,79
9314.566739647,19.830000000001252,0,1,2,20.079517979295833,47.54897788770672,47.54897788770672,0.0,0.0,0.0,0.0,0.0,0.0,0.0,0,0.0,0.004817420906815119,80
9314.57624069,19.840000000001265,0,1,2,20.508063378167225,47.54897788770672,47.54897788770672,0.0,0.0,0.0,0.0,0.0,0.0,0.0,0,0.0,0.004817415118126105,85
9314.586276332,19.850000000001277,0,1,2,20.86042167862138,47.54897788770672,47.54897788770672,0.0,0.0,0.0,0.0,0.0,0.0,0.0,0,0.0,0.004817409481883389,87
9314.596600696,19.86000000000129,0,1,2,21.12197780788275,47.54897788770672,47.54897788770672,0.0,0.0,0.0,0.0,0.0,0.0,0.0,0,0.0,0.004817403994072059,87
9314.606579781,19.8700000000013,0,1,2,21.307419667663833,47.54897788770672,47.54897788770672,0.0,0.0,0.0,0.0,0.0,0.0,0.0,0,0.0,0.004817398650783004,93
9314.616792081,19.880000000001314,0,1,2,21.383585321934877,47.54897788770672,47.54897788770672,0.0,0.0,0.0,0.0,0.0,0.0,0.0,0,0.0,0.00481739344821,94
9314.626442806,19.890000000001326,0,1,2,21.39085603887814,47.54897788770672,47.54897788770672,0.0,0.0,0.0,0.0,0.0,0.0,0.0,0,0.0,0.004817388382647107,96
9314.636511492,19.900000000001338,0,1,2,21.398481111477437,47.54897788770672,47.54897788770672,0.0,0.0,0.0,0.0,0.0,0.0,0.0,0,0.0,0.004817383450486011,96
9314.646465954,19.91000000000135,0,1,2,21.30844776004309,47.54897788770672,47.54897788770672,0.0,0.0,0.0,0.0,0.0,0.0,0.0,0,0.0,0.004817378648213418,100
9314.656501753,19.920000000001362,0,1,2,21.39562025206828,47.54897788770672,47.54897788770672,0.0,0.0,0.0,0.0,0.0,0.0,0.0,0,0.0,0.004817373972408577,100
9314.666828356,19.930000000001375,0,1,2,21.325398038129848,47.54897788770672,47.54897788770672,0.0,0.0,0.0,0.0,0.0,0.0,0.0,0,0.0,0.0048173694197408065,100
9314.676850117,19.940000000001387,0,1,2,21.323693138412924,47.54897788770672,47.54897788770672,0.0,0.0,0.0,0.0,0.0,0.0,0.0,0,0.0,0.004817364986967179,105
9314.68640826,19.9500000000014,0,1,2,21.26235591244309,47.54897788770672,47.54897788770672,0.0,0.0,0.0,0.0,0.0,0.0,0.0,0,0.0,0.004817360670930179,106
9314.696388913,19.96000000000141,0,1,2,21.372073201868073,47.54897788770672,47.54897788770672,0.0,0.0,0.0,0.0,0.0,0.0,0.0,0,0.0,0.004817356468555446,106
9314.707663319,19.970000000001424,0,1,2,21.2021157462022,47.54897788770672,47.54897788770672,0.0,0.0,0.0,0.0,0.0,0.0,0.0,0,0.0,0.004817352376849562,109
9314.716491612,19.980000000001436,0,1,2,21.24012021308384,47.54897788770672,47.54897788770672,0.0,0.0,0.0,0.0,0.0,0.0,0.0,0,0.0,0.004817348392897998,113
9314.726462265,19.990000000001448,0,1,2,21.07471848011715,47.54897788770672,47.54897788770672,0.0,0.0,0.0,0.0,0.0,0.0,0.0,0,0.0,0.004817344513862946,114
9314.736130199,20.00000000000146,0,1,2,21.281814970310027,47.54897788770672,47.54897788770672,0.0,0.0,0.0,0.0,0.0,0.0,0.0,0,0.0,0.004817340736981389,114
9314.746333631,20.010000000001472,0,1,2,21.13713351305521,47.54897788770672,47.54897788770672,0.0,0.0,0.0,0.0,0.0,0.0,0.0,0,0.0,0.004817337059563026,118
9314.756469646,20.020000000001485,0,1,2,20.98022905849119,47.54897788770672,47.54897788770672,0.0,0.0,0.0,0.0,0.0,0.0,0.0,0,0.0,0.004817333478988439,118
9314.766144247,20.030000000001497,0,1,2,20.998499282234167,47.54897788770672,47.54897788770672,0.0,0.0,0.0,0.0,0.0,0.0,0.0,0,0.0,0.00481732999270721,118
9314.776549628,20.04000000000151,0,1,2,20.836249802664874,47.54897788770672,47.54897788770672,0.0,0.0,0.0,0.0,0.0,0.0,0.0,0,0.0,0.004817326598236048,123
9314.786615754,20.05000000000152,0,1,2,20.926442650696682,47.54897788770672,47.54897788770672,0.0,0.0,0.0,0.0,0.0,0.0,0.0,0,0.0,0.004817323293157108,123
9314.796648034,20.060000000001533,0,1,2,20.66286874953392,47.54897788770672,47.54897788770672,0.0,0.0,0.0,0.0,0.0,0.0,0.0,0,0.0,0.004817320075116198,125
9314.807513015,20.070000000001546,0,1,2,20.588813382087146,47.54897788770672,47.54897788770672,0.0,0.0,0.0,0.0,0.0,0.0,0.0,0,0.0,0.004817316941821137,128
9314.816493443,20.080000000001558,0,1,2,20.33095728837362,47.54897788770672,47.54897788770672,0.0,0.0,0.0,0.0,0.0,0.0,0.0,0,0.0,0.004817313891040127,130
9314.825987935,20.09000000000157,0,1,2,20.263747347758727,47.54897788770672,47.54897788770672,0.0,0.0,0.0,0.0,0.0,0.0,0.0,0,0.0,0.004817310920600115,131
9314.836969924,20.100000000001582,0,1,2,20.098347014639337,47.54897788770672,47.54897788770672,0.0,0.0,0.0,0.0,0.0,0.0,0.0,0,0.0,0.004817308028385314,131
9314.846203026,20.110000000001595,0,1,2,20.098347014639383,47.54897788770672,47.54897788770672,0.0,0.0,0.0,0.0,0.0,0.0,0.0,0,0.0,0.004817305212335643,137
9314.856498915,20.120000000001607,0,1,2,20.019187450637496,47.54897788770672,47.54897788770672,0.0,0.0,0.0,0.0,0.0,0.0,0.0,0,0.0,0.0048173024704452755,137
9314.866794202,20.13000000000162,0,1,2,20.019187450637496,47.54897788770672,47.54897788770672,0.0,0.0,0.0,0.0,0.0,0.0,0.0,0,0.0,0.004817299800761218,138
9314.875873645,20.14000000000163,0,1,2,20.10495285456913,47.54897788770672,47.54897788770672,0.0,0.0,0.0,0.0,0.0,0.0,0.0,0,0.0,0.004817297201381902,143
9314.886529567,20.150000000001643,0,1,2,20.111936691209937,47.54897788770672,47.54897788770672,0.0,0.0,0.0,0.0,0.0,0.0,0.0,0,0.0,0.004817294670455843,145
9314.896197302,20.160000000001656,0,1,2,20.026184621756023,47.54897788770672,47.54897788770672,0.0,0.0,0.0,0.0,0.0,0.0,0.0,0,0.0,0.00481729220618031,146
9314.908031074,20.170000000001668,0,1,2,20.119298130896055,47.54897788770672,47.54897788770672,0.0,0.0,0.0,0.0,0.0,0.0,0.0,0,0.0,0.0048172898068000805,148
9314.916823804,20.18000000000168,0,1,2,20.29082703617621,47.54897788770672,47.54897788770672,0.0,0.0,0.0,0.0,0.0,0.0,0.0,0,0.0,0.00481728747060612,151
9314.926506726,20.190000000001692,0,1,2,20.279527457424194,47.54897788770672,47.54897788770672,0.0,0.0,0.0,0.0,0.0,0.0,0.0,0,0.0,0.004817285195934447,153
9314.935928535,20.200000000001705,0,1,2,20.373384443643275,47.54897788770672,47.54897788770672,0.0,0.0,0.0,0.0,0.0,0.0,0.0,0,0.0,0.004817282981164843,153
9314.946618564,20.210000000001717,0,1,2,20.553444173825454,47.54897788770672,47.54897788770672,0.0,0.0,0.0,0.0,0.0,0.0,0.0,0,0.0,0.0048172808247198,158
9314.955993673,20.22000000000173,0,1,2,20.72519658030786,47.54897788770672,47.54897788770672,0.0,0.0,0.0,0.0,0.0,0.0,0.0,0,0.0,0.004817278725063365,159
9314.966030957,20.23000000000174,0,1,2,20.78517693578517,47.54897788770672,47.54897788770672,0.0,0.0,0.0,0.0,0.0,0.0,0.0,0,0.0,0.004817276680699999,159
9314.976911003,20.240000000001753,0,1,2,20.966255299200583,47.54897788770672,47.54897788770672,0.0,0.0,0.0,0.0,0.0,0.0,0.0,0,0.0,0.0048172746901735675,162
9314.985949605,20.250000000001766,0,1,2,21.050356061954524,47.54897788770672,47.54897788770672,0.0,0.0,0.0,0.0,0.0,0.0,0.0,0,0.0,0.004817272752066289,163
9314.995970165,20.260000000001778,0,1,2,21.017633941104695,47.54897788770672,47.54897788770672,0.0,0.0,0.0,0.0,0.0,0.0,0.0,0,0.0,0.004817270864997718,163
9315.006245922,20.27000000000179,0,1,2,21.000821824445477,47.54897788770672,47.54897788770672,0.0,0.0,0.0,0.0,0.0,0.0,0.0,0,0.0,0.00481726902762377,163
9315.015905562,20.280000000001802,0,1,2,20.843317150758068,47.54897788770672,47.54897788770672,0.0,0.0,0.0,0.0,0.0,0.0,0.0,0,0.0,0.004817267238635729,167
9315.02597296,20.290000000001815,0,1,2,20.920760451513164,47.54897788770672,47.54897788770672,0.0,0.0,0.0,0.0,0.0,0.0,0.0,0,0.0,0.004817265496759385,167
9315.035939143,20.300000000001827,0,1,2,20.920760451513164,47.54897788770672,47.54897788770672,0.0,0.0,0.0,0.0,0.0,0.0,0.0,0,0.0,0.004817263800754049,167
9315.045858348,20.31000000000184,0,1,2,20.920760451513086,47.54897788770672,47.54897788770672,0.0,0.0,0.0,0.0,0.0,0.0,0.0,0,0.0,0.00481726214941175,171
9315.056253071,20.32000000000185,0,1,2,20.748382601602785,47.54897788770672,47.54897788770672,0.0,0.0,0.0,0.0,0.0,0.0,0.0,0,0.0,0.004817260541556276,171
9315.065941564,20.330000000001863,0,1,2,20.746558606592583,47.54897788770672,47.54897788770672,0.0,0.0,0.0,0.0,0.0,0.0,0.0,0,0.0,0.004817258976042425,171
9315.079108085,20.340000000001876,0,1,2,20.393613271255994,47.54897788770672,47.54897788770672,0.0,0.0,0.0,0.0,0.0,0.0,0.0,0,0.0,0.0048172574517551525,172
9315.086036795,20.350000000001888,0,1,2,20.221368639000918,47.54897788770672,47.54897788770672,0.0,0.0,0.0,0.0,0.0,0.0,0.0,0,0.0,0.004817255967608763,176
9315.095957498,20.3600000000019,0,1,2,19.963116082326568,47.54897788770672,47.54897788770672,0.0,0.0,0.0,0.0,0.0,0.0,0.0,0,0.0,0.004817254522546166,176
9315.105949478,20.370000000001912,0,1,2,19.619001303648222,47.54897788770672,47.54897788770672,0.0,0.0,0.0,0.0,0.0,0.0,0.0,0,0.0,0.004817253115538128,176
9315.116359374,20.380000000001925,0,1,2,19.275152652137564,47.54897788770672,47.54897788770672,0.0,0.0,0.0,0.0,0.0,0.0,0.0,0,0.0,0.004817251745582465,181
9315.125982005,20.390000000001937,0,1,2,19.009121240618537,47.54897788770672,47.54897788770672,0.0,0.0,0.0,0.0,0.0,0.0,0.0,0,0.0,0.004817250411703444,181
9315.136317631,20.40000000000195,0,1,2,18.579869772221937,47.54897788770672,47.54897788770672,0.0,0.0,0.0,0.0,0.0,0.0,0.0,0,0.0,0.004817249112950998,181
9315.147547423,20.41000000000196,0,1,2,18.25629149702839,47.54897788770672,47.54897788770672,0.0,0.0,0.0,0.0,0.0,0.0,0.0,0,0.0,0.004817247848400097,184
9315.156465473,20.420000000001973,0,1,2,17.828391667054166,47.54897788770672,47.54897788770672,0.0,0.0,0.0,0.0,0.0,0.0,0.0,0,0.0,0.0048172466171500575,187
9315.166400267,20.430000000001986,0,1,2,17.345523380863852,47.54897788770672,47.54897788770672,0.0,0.0,0.0,0.0,0.0,0.0,0.0,0,0.0,0.004817245418323901,188
9315.176561235,20.440000000001998,0,1,2,17.00472026060654,47.54897788770672,47.54897788770672,0.0,0.0,0.0,0.0,0.0,0.0,0.0,0,0.0,0.004817244251067769,188
9315.186433602,20.45000000000201,0,1,2,16.516823669210577,47.54897788770672,47.54897788770672,0.0,0.0,0.0,0.0,0.0,0.0,0.0,0,0.0,0.004817243114550306,192
9315.196252553,20.460000000002022,0,1,2,16.116415801878393,47.54897788770672,47.54897788770672,0.0,0.0,0.0,0.0,0.0,0.0,0.0,0,0.0,0.004817242007962005,193
9315.206252308,20.470000000002035,0,1,2,15.718544050995142,47.54897788770672,47.54897788770672,0.0,0.0,0.0,0.0,0.0,0.0,0.0,0,0.0,0.004817240930514707,193
9315.216444546,20.480000000002047,0,1,2,15.323405762713886,47.54897788770672,47.54897788770672,0.0,0.0,0.0,0.0,0.0,0.0,0.0,0,0.0,0.0048172398814409975,198
9315.22634715,20.49000000000206,0,1,2,14.837578258052497,47.54897788770672,47.54897788770672,0.0,0.0,0.0,0.0,0.0,0.0,0.0,0,0.0,0.004817238859993689,198
9315.236599892,20.50000000000207,0,1,2,14.365698385951259,47.54897788770672,47.54897788770672,0.0,0.0,0.0,0.0,0.0,0.0,0.0,0,0.0,0.004817237865445252,0
9315.247268653,20.510000000002083,0,1,2,13.86711926027839,47.54897788770672,47.54897788770672,0.0,0.0,0.0,0.0,0.0,0.0,0.0,0,0.0,0.0048172368970873305,2
9315.25626022,20.520000000002096,0,1,2,13.653069268318923,47.54897788770672,47.54897788770672,0.0,0.0,0.0,0.0,0.0,0.0,0.0,0,0.0,0.004817235954230198,4
9315.266799826,20.530000000002108,0,1,2,13.312892774954646,47.54897788770672,47.54897788770672,0.0,0.0,0.0,0.0,0.0,0.0,0.0,0,0.0,0.004817235036202329,6
9315.27620309,20.54000000000212,0,1,2,12.97070441553289,47.54897788770672,47.54897788770672,0.0,0.0,0.0,0.0,0.0,0.0,0.0,0,0.0,0.004817234142349837,10
9315.286288395,20.550000000002132,0,1,2,12.755032869745827,47.54897788770672,47.54897788770672,0.0,0.0,0.0,0.0,0.0,0.0,0.0,0,0.0,0.004817233272036099,14
9315.296760648,20.560000000002145,0,1,2,12.364525929959695,47.54897788770672,47.54897788770672,0.0,0.0,0.0,0.0,0.0,0.0,0.0,0,0.0,0.0048172324246412365,15
9315.306718998,20.570000000002157,0,1,2,12.030821148784788,47.54897788770672,47.54897788770672,0.0,0.0,0.0,0.0,0.0,0.0,0.0,0,0.0,0.004817231599561697,18
9315.317051914,20.58000000000217,0,1,2,11.617357914266606,47.54897788770672,47.54897788770672,0.0,0.0,0.0,0.0,0.0,0.0,0.0,0,0.0,0.004817230796209819,24
9315.326072416,20.59000000000218,0,1,2,11.447417684422716,47.54897788770672,47.54897788770672,0.0,0.0,0.0,0.0,0.0,0.0,0.0,0,0.0,0.004817230014013421,26
9315.336225223,20.600000000002193,0,1,2,11.243483892906342,47.54897788770672,47.54897788770672,0.0,0.0,0.0,0.0,0.0,0.0,0.0,0,0.0,0.004817229252415407,27
9315.346072891,20.610000000002206,0,1,2,10.867827686818885,47.54897788770672,47.54897788770672,0.0,0.0,0.0,0.0,0.0,0.0,0.0,0,0.0,0.004817228510873316,28
9315.35721129,20.620000000002218,0,1,2,10.70680595439944,47.54897788770672,47.54897788770672,0.0,0.0,0.0,0.0,0.0,0.0,0.0,0,0.0,0.004817227788858992,34
9315.366045444,20.63000000000223,0,1,2,10.506527237901366,47.54897788770672,47.54897788770672,0.0,0.0,0.0,0.0,0.0,0.0,0.0,0,0.0,0.004817227085858189,36
9315.376370936,20.640000000002242,0,1,2,10.260228933884594,47.54897788770672,47.54897788770672,0.0,0.0,0.0,0.0,0.0,0.0,0.0,0,0.0,0.004817226401370216,36
9315.386443346,20.650000000002255,0,1,2,10.210286957456844,47.54897788770672,47.54897788770672,0.0,0.0,0.0,0.0,0.0,0.0,0.0,0,0.0,0.004817225734907539,41
9315.396528734,20.660000000002267,0,1,2,10.113532858759884,47.54897788770672,47.54897788770672,0.0,0.0,0.0,0.0,0.0,0.0,0.0,0,0.0,0.004817225085995483,42
9315.406568189,20.67000000000228,0,1,2,10.031180986315523,47.54897788770672,47.54897788770672,0.0,0.0,0.0,0.0,0.0,0.0,0.0,0,0.0,0.004817224454171862,44
9315.417815555,20.68000000000229,0,1,2,9.90263233444558,47.54897788770672,47.54897788770672,0.0,0.0,0.0,0.0,0.0,0.0,0.0,0,0.0,0.004817223838986653,47
9315.426241115,20.690000000002303,0,1,2,9.754089222027378,47.54897788770672,47.54897788770672,0.0,0.0,0.0,0.0,0.0,0.0,0.0,0,0.0,0.004817223240001708,50
9315.437117176,20.700000000002316,0,1,2,9.73172581622203,47.54897788770672,47.54897788770672,0.0,0.0,0.0,0.0,0.0,0.0,0.0,0,0.0,0.0048172226567904305,50
9315.446684602,20.710000000002328,0,1,2,9.667819180222105,47.54897788770672,47.54897788770672,0.0,0.0,0.0,0.0,0.0,0.0,0.0,0,0.0,0.004817222088937409,51
9315.457243647,20.72000000000234,0,1,2,9.65481762187318,47.54897788770672,47.54897788770672,0.0,0.0,0.0,0.0,0.0,0.0,0.0,0,0.0,0.004817221536038217,57
9315.466677855,20.730000000002352,0,1,2,9.678867938035538,47.54897788770672,47.54897788770672,0.0,0.0,0.0,0.0,0.0,0.0,0.0,0,0.0,0.0048172209976990454,59
9315.476134119,20.740000000002365,0,1,2,9.63651268311694,47.54897788770672,47.54897788770672,0.0,0.0,0.0,0.0,0.0,0.0,0.0,0,0.0,0.004817220473536457,61
9315.487094296,20.750000000002377,0,1,2,9.553660305574914,47.54897788770672,47.54897788770672,0.0,0.0,0.0,0.0,0.0,0.0,0.0,0,0.0,0.004817219963177154,67
9315.496068378,20.76000000000239,0,1,2,9.545233202351694,47.54897788770672,47.54897788770672,0.0,0.0,0.0,0.0,0.0,0.0,0.0,0,0.0,0.0048172194662576134,70
9315.506049143,20.7700000000024,0,1,2,9.508902767974082,47.54897788770672,47.54897788770672,0.0,0.0,0.0,0.0,0.0,0.0,0.0,0,0.0,0.004817218982423918,70
9315.516026194,20.780000000002413,0,1,2,9.382219348963552,47.54897788770672,47.54897788770672,0.0,0.0,0.0,0.0,0.0,0.0,0.0,0,0.0,0.004817218511331461,70
9315.526682613,20.790000000002426,0,1,2,9.263656709389092,47.54897788770672,47.54897788770672,0.0,0.0,0.0,0.0,0.0,0.0,0.0,0,0.0,0.004817218052644734,76
9315.536396339,20.800000000002438,0,1,2,9.339940512727706,47.54897788770672,47.54897788770672,0.0,0.0,0.0,0.0,0.0,0.0,0.0,0,0.0,0.004817217606037025,78
9315.546496791,20.81000000000245,0,1,2,9.110048496489942,47.54897788770672,47.54897788770672,0.0,0.0,0.0,0.0,0.0,0.0,0.0,0,0.0,0.004817217171190262,78
9315.556650788,20.820000000002462,0,1,2,9.109801579529389,47.54897788770672,47.54897788770672,0.0,0.0,0.0,0.0,0.0,0.0,0.0,0,0.0,0.0048172167477947,83
9315.566552081,20.830000000002475,0,1,2,8.907387471994006,47.54897788770672,47.54897788770672,0.0,0.0,0.0,0.0,0.0,0.0,0.0,0,0.0,0.004817216335548803,84
9315.576536778,20.840000000002487,0,1,2,8.875300649353514,47.54897788770672,47.54897788770672,0.0,0.0,0.0,0.0,0.0,0.0,0.0,0,0.0,0.004817215934158958,84
9315.586983424,20.8500000000025,0,1,2,8.603625683406513,47.54897788770672,47.54897788770672,0.0,0.0,0.0,0.0,0.0,0.0,0.0,0,0.0,0.00481721554333929,87
9315.596564104,20.86000000000251,0,1,2,8.574002186123913,47.54897788770672,47.54897788770672,0.0,0.0,0.0,0.0,0.0,0.0,0.0,0,0.0,0.004817215162811424,89
9315.606535383,20.870000000002523,0,1,2,8.424810918579846,47.54897788770672,47.54897788770672,0.0,0.0,0.0,0.0,0.0,0.0,0.0,0,0.0,0.00481721479230434,89
9315.616491338,20.880000000002536,0,1,2,8.251475177494749,47.54897788770672,47.54897788770672,0.0,0.0,0.0,0.0,0.0,0.0,0.0,0,0.0,0.004817214431554154,90
9315.626539645,20.890000000002548,0,1,2,8.00782323759528,47.54897788770672,47.54897788770672,0.0,0.0,0.0,0.0,0.0,0.0,0.0,0,0.0,0.004817214080303937,94
9315.635917429,20.90000000000256,0,1,2,7.91123180972297,47.54897788770672,47.54897788770672,0.0,0.0,0.0,0.0,0.0,0.0,0.0,0,0.0,0.0048172137383034955,94
9315.645861862,20.910000000002572,0,1,2,7.767204328340156,47.54897788770672,47.54897788770672,0.0,0.0,0.0,0.0,0.0,0.0,0.0,0,0.0,0.004817213405309266,94
9315.657252707,20.920000000002585,0,1,2,7.573040121328756,47.54897788770672,47.54897788770672,0.0,0.0,0.0,0.0,0.0,0.0,0.0,0,0.0,0.004817213081084064,98
9315.666686461,20.930000000002597,0,1,2,7.483215282492655,47.54897788770672,47.54897788770672,0.0,0.0,0.0,0.0,0.0,0.0,0.0,0,0.0,0.004817212765396983,101
9315.676630134,20.94000000000261,0,1,2,7.413121943023185,47.54897788770672,47.54897788770672,0.0,0.0,0.0,0.0,0.0,0.0,0.0,0,0.0,0.004817212458023169,102
9315.686846858,20.95000000000262,0,1,2,7.274093325475283,47.54897788770672,47.54897788770672,0.0,0.0,0.0,0.0,0.0,0.0,0.0,0,0.0,0.0048172121587437,105
9315.696541682,20.960000000002633,0,1,2,7.205180393009521,47.54897788770672,47.54897788770672,0.0,0.0,0.0,0.0,0.0,0.0,0.0,0,0.0,0.004817211867345413,110
9315.705992755,20.970000000002646,0,1,2,7.131034704033102,47.54897788770672,47.54897788770672,0.0,0.0,0.0,0.0,0.0,0.0,0.0,0,0.0,0.0048172115836207785,111
9315.716802184,20.980000000002658,0,1,2,7.131034704033101,47.54897788770672,47.54897788770672,0.0,0.0,0.0,0.0,0.0,0.0,0.0,0,0.0,0.0048172113073677025,111
9315.726271761,20.99000000000267,0,1,2,7.119129760097831,47.54897788770672,47.54897788770672,0.0,0.0,0.0,0.0,0.0,0.0,0.0,0,0.0,0.00481721103838946,117
9315.735941478,21.000000000002682,0,1,2,7.119129760097831,47.54897788770672,47.54897788770672,0.0,0.0,0.0,0.0,0.0,0.0,0.0,0,0.0,0.004817210776494461,117
9315.746720961,21.010000000002695,0,1,2,7.182085165181009,47.54897788770672,47.54897788770672,0.0,0.0,0.0,0.0,0.0,0.0,0.0,0,0.0,0.004817210521496147,118
9315.757654547,21.020000000002707,0,1,2,7.182085165181012,47.54897788770672,47.54897788770672,0.0,0.0,0.0,0.0,0.0,0.0,0.0,0,0.0,0.004817210273212941,123
9315.766810289,21.03000000000272,0,1,2,7.291652163265501,47.54897788770672,47.54897788770672,0.0,0.0,0.0,0.0,0.0,0.0,0.0,0,0.0,0.004817210031467997,126
9315.776802696,21.04000000000273,0,1,2,7.346561518046288,47.54897788770672,47.54897788770672,0.0,0.0,0.0,0.0,0.0,0.0,0.0,0,0.0,0.004817209796089121,128
9315.787076058,21.050000000002743,0,1,2,7.470457479235873,47.54897788770672,47.54897788770672,0.0,0.0,0.0,0.0,0.0,0.0,0.0,0,0.0,0.004817209566908683,130
9315.796325347,21.060000000002756,1,1,3,0.0,47.54897788770672,47.54897788770672,0.0,4.944802134355813,1.2352767997168304,0.0,0.0,0.07559989495509652,0.07559989495509652,0,16.51414724621804,0.004765347086051246,136
9315.807039067,21.070000000002768,1,1,3,0.20762400881759438,47.60034003521613,47.549834568143325,0.061585749095389386,4.714798993112621,1.2350493896206527,0.10000000000000002,0.0043167634298054616,0.07555617610928231,0.07555617610928231,0,16.514015818766502,0.004575278074137282,138
9315.816371035,21.08000000000278,1,1,3,0.2830390594967858,47.62535910874367,47.55172892309827,0.08185122282607817,4.6615828036933395,1.2323289317288666,0.0,0.005737242309632741,0.07567041616494712,0.07567041616494712,0,16.513260057927504,0.004354074646257547,141
9315.827451368,21.090000000002792,1,1,3,0.4407580121030895,47.643298458056556,47.55497184823879,0.12487991725538179,4.631411757968455,1.2281561543392157,0.0,0.008753276006925624,0.07650746985977622,0.07650746985977622,0,16.511834238196688,0.004095116148768535,147
9315.837017643,21.100000000002805,1,1,3,0.6320418025279717,47.68979890263507,47.558898799187034,0.17682332735954226,4.346913468067236,1.2223190375090827,0.1,0.012394173721910585,0.07624918596616698,0.07624918596616698,0,16.50994267861689,0.0038479304320158114,152
9315.847029002,21.110000000002817,1,1,3,0.6311570142737025,47.68908693225715,47.56357925988455,0.16982823745757603,4.045084701097347,1.2153755753940787,0.09662211023616553,0.011903863078287147,0.07463530062485518,0.07463530062485518,0,16.507654407676565,0.0036527316120241182,156
9315.858785175,21.12000000000283,1,1,3,0.6840100939531707,47.68557015164943,47.5679905428486,0.1786615936199634,4.279752937195878,1.2066773427289395,0.1,0.012523024319391254,0.07539125714378064,0.07539125714378064,0,16.505038450755254,0.004097548754038394,161
9315.866841953,21.13000000000284,1,1,3,0.9002370701941008,47.76056497696017,47.5729533555,0.2365203493676229,4.142253088112785,1.1973751697282065,0.1,0.015492693860711212,0.07463705851841061,0.07463705851841061,0,16.5021368270742,0.0044915322479118225,167
9315.876691343,21.140000000002853,1,1,3,0.9002370701941231,47.760564976960175,47.58031317438511,0.2272300185806559,3.873391353110035,1.1894890791188195,0.09016172947991659,0.01592735736385692,0.073152028492568,0.073152028492568,0,16.499005347221317,0.004836569993042272,171
9315.886877073,21.150000000002866,1,1,3,0.977502599310653,47.78556603039615,47.58762826235316,0.24140178483932603,3.692888697547733,1.1805079719754308,0.1,0.016920706689306026,0.07222415659977771,0.07222415659977771,0,16.495821998209383,0.005145618069382352,174
9315.896426058,21.160000000002878,1,1,3,1.0564304645041884,47.810568469356255,47.59599135131817,0.2554013824847558,3.3413355093154142,1.1716466114013244,0.0,0.01790198810644295,0.07100305778899067,0.07100305778899067,0,16.492658613854065,0.005409489506059517,181
9315.906783427,21.17000000000289,1,1,3,1.1057053893797504,47.83911349562973,47.605208563394775,0.2612283869443883,3.008673672342912,1.162834252831824,0.08323489742485156,0.018310423501419308,0.06924055449028231,0.06924055449028231,0,16.4895578072706,0.005634465272436995,182
9315.916826473,21.180000000002902,1,1,3,1.1891292759805991,47.864122750938435,47.61451266402956,0.27632503676200165,2.8179217195858888,1.153289234204051,0.0,0.019368601193539656,0.06809908803224611,0.06809908803224611,0,16.486601740350203,0.005824730283269797,185
9315.927838022,21.190000000002915,1,1,3,1.1730060886362168,47.87717764047182,47.624458060979464,0.2629706917919295,2.6046636212197978,1.1433088193614316,0.09999999999999999,0.018432547823358885,0.06633178304159751,0.06633178304159751,0,16.483842042960248,0.005986982380716099,191
9315.936656215,21.200000000002927,1,1,3,1.1667724919178755,47.86847159737762,47.63416057401119,0.2504177310794595,2.540639990301453,1.1321255353988016,0.0,0.017552666316105883,0.0662108181317937,0.0662108181317937,0,16.481310710431234,0.006118282085659399,195
9315.946618532,21.21000000000294,1,1,3,1.0630347922600545,47.84623586774759,47.642513116125386,0.2128894478411181,2.4188313447208056,1.1193831575577102,0.027335930475356145,0.014922175934057057,0.06349517046046096,0.06349517046046096,0,16.478986266397364,0.006218993484992219,198
9315.957251197,21.22000000000295,1,1,3,1.1401177111749492,47.87562471572915,47.65125226188543,0.23081916339691166,2.094323748961193,1.1063517441621389,0.1,0.01617893324487904,0.06239907093168674,0.06239907093168674,0,16.47680678749486,0.0063021397153307235,201
9315.966581785,21.230000000002963,1,1,3,1.1367924589443368,47.879221220151386,47.659625862615634,0.22571990225737715,1.8667628439530572,1.0924488763844575,0.04480616066830785,0.015821507958518232,0.060375249915788784,0.060375249915788784,0,16.474803777071347,0.006350518612141864,210
9315.976802877,21.240000000002976,1,1,3,1.0529257721170733,47.857790471797735,47.66772644247217,0.19870384223171583,1.9045729069983013,1.0777481452318267,0.09999999999999999,0.013927856559464994,0.058694738276601426,0.058694738276601426,0,16.472962833296513,0.006381184372576121,212
9315.986170698,21.250000000002988,1,1,3,1.1059823149794534,47.867922481751876,47.67540004965625,0.2285178143990048,1.642708093892427,1.0622128657887722,0.09999999999999999,0.016017623537043897,0.05491067657110277,0.05491067657110277,0,16.471277355767697,0.006386500111115523,216
9315.997546053,21.260000000003,1,1,3,1.3012277519995346,47.92246050905388,47.68395337081501,0.276818716924355,1.5065296732190299,1.047287292276939,0.1,0.01887215062227155,0.053772359755303874,0.053772359755303874,0,16.46971237161112,0.0063644732743712296,221
9316.00689686,21.270000000003012,1,1,3,1.2535145193388302,47.901079290082,47.692734657982776,0.26285859316480115,1.4493519820793934,1.0324346611406627,0.0,0.018424690433277054,0.05147340980954815,0.05147340980954815,0,16.46824699175807,0.006327293062958705,225
9316.016782761,21.280000000003024,1,1,3,1.3371205276679745,47.90847154256204,47.701039267360365,0.29073223051817215,1.3840836999090602,1.0171073679265228,0.0,0.020378452466703875,0.04889105162503609,0.04889105162503609,0,16.46688197937488,0.0062723932339586175,228
9316.02876778,21.290000000003037,1,1,3,1.314438188640921,47.887116156100845,47.70927927142871,0.28541910813919696,1.3116696013428917,1.001787617368645,0.1,0.020006036888091498,0.046934174562337984,0.046934174562337984,0,16.465613068809823,0.006200173154491284,232
9316.036974826,21.30000000000305,1,1,3,1.437456096450295,47.915916868654804,47.7170186493588,0.309580208944147,1.2768584829071097,0.9860626086535973,0.0,0.02169957407665627,0.044879423727483166,0.044879423727483166,0,16.464432311746343,0.006115750655583174,239
9316.046797116,21.31000000000306,1,1,3,1.5512784473810977,47.923415243532816,47.72464746352007,0.3415992386658291,1.2182553174195212,0.9704278408433932,0.018951393023768876,0.023943901353512473,0.04214173788008685,0.04214173788008685,0,16.463322113699274,0.0060156573992995455,242
9316.056660221,21.320000000003073,1,1,3,1.6758417830305314,47.930966642206506,47.73255737578076,0.374542659929224,1.4622820201661773,0.9553250738646433,0.0,0.026253022509808707,0.03983937154404911,0.03983937154404911,0,16.4622733743094,0.005903184946423445,245
9316.066618456,21.330000000003086,1,1,3,1.7414389560352783,47.93476221761325,47.74009516164448,0.38358923021769037,1.509367342604323,0.9402786165658346,0.0,0.026887128684695987,0.037924794094502556,0.037924794094502556,0,16.46129233164271,0.005780494427643779,253
9316.076183316,21.340000000003098,1,1,3,1.7414389560352783,47.93476221761325,47.74770252717487,0.3685189198125585,1.473752241007117,0.9256266269625477,0.0,0.02583079721534964,0.03662911925114245,0.03662911925114245,0,16.460378655882455,0.00565367497270608,255
9316.086620161,21.35000000000311,1,1,3,1.8157907248745215,47.94880384196779,47.75491493310716,0.38055625576782015,1.5918725391614066,0.910810762032353,0.10000000000000002,0.026674536755864047,0.03447564881374673,0.03447564881374673,0,16.459535880748984,0.005521130334237734,257
9316.098379232,21.360000000003122,1,1,3,1.8781066531280108,47.94239310477129,47.761745037391826,0.38671042469788947,1.6093291041652513,0.8958988819365185,0.1,0.027105904268127538,0.03294644242950225,0.03294644242950225,0,16.4587511118713,0.005384049027402138,262
9316.106573074,21.370000000003134,1,1,3,1.8781066531280108,47.94239310477129,47.76850214404742,0.3716257698870262,1.590934157438385,0.8815134761125,0.1,0.02604856734854382,0.03176925900505511,0.03176925900505511,0,16.458004749602463,0.005248478283288727,266
9316.116941438,21.380000000003147,1,1,3,1.8989695256359735,47.92112358824882,47.77508064880398,0.3735795972472665,1.6103946135943714,0.8673188549952412,0.1,0.02618551803308909,0.03024064865629436,0.03024064865629436,0,16.45729658097848,0.005111528898223361,268
9316.126463966,21.39000000000316,1,1,3,1.898969525635988,47.92112358824882,47.78133055042101,0.3587967414815703,1.6148794426626603,0.8528036301055915,0.0,0.025149335278234344,0.02898546365295082,0.02898546365295082,0,16.456626371782882,0.005029598869497498,272
9316.136586893,21.40000000000317,1,1,3,1.851978253194018,47.896020016885636,47.78598930653026,0.3389057372482713,1.5500022223182321,0.8372628569345918,0.0,0.023755104292695495,0.028062433302814944,0.028062433302814944,0,16.455980517571618,0.0049423247284337,280
9316.146578725,21.410000000003183,1,1,3,1.898969525635988,47.92112358824882,47.79137370797106,0.3313863583535182,1.5624067879147934,0.8221233377616857,0.0,0.023228044375352055,0.0268730651004052,0.0268730651004052,0,16.45533030252175,0.004910610425212347,282
9316.156513912,21.420000000003196,1,1,3,1.851978253194018,47.896020016885636,47.795902084095744,0.3122534588566773,1.486470298029539,0.8066366990337158,0.0,0.021886951637709356,0.02607361187777066,0.02607361187777066,0,16.454672714506287,0.004832515721822972,284
9316.167938803,21.430000000003208,1,1,3,1.8854545026088285,47.87475534990621,47.79931219864199,0.32187901540796576,1.5559748671412217,0.790197810316553,0.0,0.022561641011833573,0.024818225161849887,0.024818225161849887,0,16.453995293544175,0.0046673327108994744,289
9316.176586783,21.44000000000322,1,1,3,1.8465002624076579,47.84965064534017,47.801939488917974,0.307864742503649,1.5390329343442617,0.7731332102699712,0.0,0.021579330953787924,0.024318322323840943,0.024318322323840943,0,16.453261686758236,0.004466935451273191,294
9316.186629779,21.450000000003232,1,1,3,1.7790889736289162,47.799444992533985,47.803363136045554,0.29982257892512854,1.5800596377926017,0.7549520789352497,0.06250791120638789,0.021015627205076513,0.03431473754644185,0.03431473754644185,0,16.452445307613644,0.004253238960830519,296
9316.198322248,21.460000000003244,1,1,3,1.7065246879636056,47.71893274979113,47.80195517476301,0.31049899739324777,1.5677316036542956,0.7347098143139169,0.1,0.021192371200411342,0.037587018173124626,0.037587018173124626,0,16.451405209451856,0.004454940002365924,299
9316.206640005,21.470000000003257,1,1,3,1.7665790130515175,47.672529219736575,47.79782359498021,0.3447358428247468,1.9137279552827817,0.7132142016374436,0.0,0.024163757055941988,0.05929055291202953,0.05929055291202953,0,16.449981875685307,0.0047904995170687525,303
9316.216771396,21.48000000000327,1,1,3,1.7600082219142412,47.617075483544134,47.79155059474373,0.3605824924650595,1.9495448391038945,0.6921277259432905,0.0,0.02527450489382715,0.06312582126311603,0.06312582126311603,0,16.44802719771618,0.005161772133904362,306
9316.226610981,21.49000000000328,1,1,3,1.8705259121975306,47.540260380617866,47.78215331409375,0.4171878443079166,2.234875450384207,0.6702395930280295,0.015670915941664476,0.02924217462839597,0.07691129071445707,0.07691129071445707,0,16.44537725125997,0.005605600860593342,309
9316.236405054,21.500000000003293,1,1,3,1.9773927320250198,47.414696824732275,47.76863859371107,0.49541000110951816,2.719705945157219,0.6468755220587432,0.0,0.03472504283803162,0.10023424448265875,0.10023424448265875,0,16.441928165930822,0.006108655209358799,6
9316.24663079,21.510000000003306,1,1,3,2.249675699640831,47.2875588847331,47.75232369500226,0.5991378384068686,3.0343518117795805,0.6231097757902353,0.1,0.0419956945922953,0.11620399180735572,0.11620399180735572,0,16.43757776598352,0.00663700705867018,7
9316.257242879,21.520000000003318,1,1,3,2.497256475882173,47.162407106333646,47.731782739947946,0.688612771717653,3.5698363984543904,0.5980954729974378,0.1,0.04826730979018898,0.13889073391285855,0.13889073391285855,0,16.432240252281794,0.0072367308827140445,10
9316.268831157,21.53000000000333,1,1,3,2.9203518134123287,47.00999044743383,47.70707099231463,0.8149797873917355,4.122881493247069,0.5721179119742581,0.1,0.05606613501091169,0.16061391353639234,0.16061391353639234,0,16.425749198750097,0.007902390753210975,16
9316.276837549,21.540000000003342,1,1,3,3.3165248823319757,46.859289698031304,47.677774659055686,0.9282906442759111,4.763808609635589,0.5461850988190646,0.1,0.06443098530179836,0.18571495831487142,0.18571495831487142,0,16.417961855276626,0.00863132873925855,24
9316.286837411,21.550000000003354,1,1,3,3.866476444349518,46.6871655176131,47.64249075956748,1.07130729271471,5.573223240047497,0.5201973923619628,0.1,0.0750917251345313,0.21650855359824928,0.21650855359824928,0,16.408723236830696,0.009449129950596241,28
9316.296895452,21.560000000003367,1,1,3,4.589299574791441,46.45927432221565,47.601095110887115,1.2604829163214426,6.395137861377322,0.49490454649027166,0.1,0.08589355813241699,0.24810291813589147,0.24810291813589147,0,16.397824084570214,0.010365972679024692,31
9316.306179453,21.57000000000338,1,1,3,5.214295767342512,46.25846476191284,47.551450135027466,1.4102237451194557,7.217887107532753,0.4716704426262402,0.1,0.09884758049052145,0.27938786100599916,0.27938786100599916,0,16.385055984163742,0.011374298914825713,40
9316.316617531,21.58000000000339,1,1,3,6.019814995141408,46.00757139582108,47.495069160703835,1.6066632035577544,8.005467054932272,0.45288973257380855,0.09999999999999999,0.11252327571814641,0.30926837625104614,0.30926837625104614,0,16.37024230381561,0.012459800419272714,43
9316.327173128,21.590000000003403,1,1,3,6.897828157669735,45.722510219811745,47.43097823547906,1.8188265547698876,8.759532577273612,0.4407306571938772,0.1,0.1255934951431042,0.3377538192499244,0.3377538192499244,0,16.353242686125515,0.013608637782346444,46
9316.336463832,21.600000000003416,1,1,3,7.797939959391535,45.44304772658082,47.358276258507104,2.025471749804876,9.469051558370818,0.43705498314059943,0.1,0.14197249373584692,0.3645983992961214,0.3645983992961214,0,16.33395272820863,0.014805535709166165,54
9316.347040961,21.610000000003428,1,1,3,8.752558497685564,45.165408674957916,47.27719191860467,2.2303378115205166,10.156154385308197,0.44609884722288806,0.10000000000000002,0.15633228209942848,0.3899542945123355,0.3899542945123355,0,16.31230299318031,0.016041505938196914,57
9316.356870136,21.62000000000344,1,1,3,9.861255429502558,44.83396409557173,47.18751384512412,2.4760568171260475,10.806455515941842,0.4699830178376036,0.09999999999999999,0.17230100129455236,0.4136708527167017,0.4136708527167017,0,16.288251645714848,0.01730520987080217,61
9316.369527062,21.630000000003452,1,1,3,11.234230162684353,44.42753801794197,47.09001972597234,2.7929828196147635,11.414855674343068,0.5088151824614819,0.10000000000000002,0.18553190411538992,0.43561429156081394,0.43561429156081394,0,16.26178361754623,0.01858689143115446,64
9316.37671348,21.640000000003464,1,1,3,11.836415383391428,44.24636050062797,46.98330522847336,2.864825675414001,11.98313043239045,0.5625937956708339,0.1,0.20080578526764914,0.45578437235683594,0.45578437235683594,0,16.2329149624818,0.020638472474892477,70
9316.387035363,21.650000000003477,1,1,3,12.871754433206357,43.94013596230967,46.86873041923666,3.060122365632568,12.510024030840698,0.6287446431836946,0.10000000000000002,0.21449482246669133,0.47382367293437266,0.47382367293437266,0,16.201689334793215,0.022716633581884915,72
9316.396801327,21.66000000000349,1,1,3,13.996036476875002,43.60898714937429,46.74646164264147,3.273896107168761,12.99735064351963,0.7063146158312473,0.1,0.22947898167999992,0.47181055267777033,0.47181055267777033,0,16.16819644010359,0.02465722413954219,75
9316.40652216,21.6700000000035,1,1,3,15.035658535736724,43.302912746908326,46.61575414450008,3.4530214804612043,13.446112415198257,0.7938257506506378,0.1,0.24203451396038964,0.4696392766529001,0.4696392766529001,0,16.132678995749366,0.02639009507150969,82
9316.416595759,21.680000000003513,1,1,3,16.238456705881685,42.94415211770423,46.4783198655386,3.676644732291465,13.860163223338636,0.8884607692597923,0.1,0.255543453051425,0.46733960298968963,0.46733960298968963,0,16.09541988690905,0.027933973471306883,84
9316.426687199,21.690000000003526,1,1,3,17.367876268779625,42.60696902975174,46.3327644822756,3.8676103794705385,14.24232890329696,0.989979986872199,0.09999999999999999,0.27068792251472035,0.46490175915913906,0.46490175915913906,0,16.05669160885364,0.029305963422168846,87
9316.438573527,21.700000000003538,1,1,3,19.031709296269792,42.12272163061412,46.17833454218118,4.208532712983779,14.595568713474819,1.0988182340644164,0.1,0.2858830413743552,0.4622494292756274,0.4622494292756274,0,16.0167330483226,0.03052071158979297,92
9316.4467348,21.71000000000355,1,1,3,19.90216570415107,41.86681647997664,46.01570963954641,4.303228137091801,14.922331488492299,1.2137894450003555,0.1,0.30012511309325873,0.45941409937536865,0.45941409937536865,0,15.975750541645978,0.031591454280219367,96
9316.457034665,21.720000000003562,1,1,3,21.131814527272205,41.50707637114082,45.845346143211174,4.496745290332226,15.224599486092538,1.3342654221032875,0.1,0.31381528095018096,0.45640595827447594,0.45640595827447594,0,15.933930557846956,0.03253033956045259,99
9316.466735972,21.730000000003574,1,1,3,22.344159438724393,41.140044652895185,45.667095139779875,4.6805384477056995,15.50268670679094,1.4594978640079934,0.1,0.3265770506765384,0.4531986747481203,0.4531986747481203,0,15.891441148979132,0.03334828162570047,101
9316.476501157,21.740000000003587,1,1,3,23.659592044070727,40.757616233308966,45.48077801792818,4.883705823616819,15.762295702662632,1.5895553281253363,0.1,0.3412639277360832,0.4498389217979178,0.4498389217979178,0,15.848433383269622,0.03405516097141792,107
9316.487016712,21.7500000000036,1,1,3,24.793873543841276,40.4202670058206,45.2884126286896,5.027859856621868,16.001302902341482,1.722569806179693,0.1,0.3514897238336236,0.4462998595603119,0.4462998595603119,0,15.805043187751197,0.034659987390230906,108
9316.49659991,21.76000000000361,1,1,3,26.025226229638392,40.06005595307434,45.08873260760224,5.192318073010812,16.22490157282487,1.859465735559093,0.09999999999999999,0.3639479766459681,0.44261015503219264,0.44261015503219264,0,15.76139239469829,0.03517119455659401,111
9316.507516982,21.770000000003623,1,1,3,27.77033726979901,39.54852083679272,44.8817830266339,5.505401275319302,16.430285277635683,2.0002020836715473,0.09999999999999999,0.37917157225652753,0.43868862689408256,0.43868862689408256,0,15.717590213540204,0.03559584325097842,116
9316.516578433,21.780000000003636,1,1,3,28.55598641403021,39.317701519871974,44.66870619615817,5.523093197996309,16.62142839063693,2.1438177244850953,0.1,0.38663519748158376,0.4346114849482335,0.4346114849482335,0,15.673734360748316,0.03594023725794293,118
9316.52692767,21.790000000003648,1,1,3,29.778919209558566,38.95554842028527,44.451290730600405,5.668380747768094,16.79735429960024,2.288467694960543,0.1,0.39509689607430876,0.430355335185712,0.430355335185712,0,15.629912185076893,0.03621059687787742,120
9316.538572923,21.80000000000366,1,1,3,31.446891603695214,38.47088121258966,44.227589827655414,5.939683580373954,16.961139191745602,2.436196389767601,0.10000000000000002,0.406828260023126,0.42589587425567405,0.42589587425567405,0,15.58620209486616,0.03641206887395776,124
9316.546803699,21.810000000003672,1,1,3,32.407338690837484,38.19057242121759,43.997469644146605,5.992470812749598,17.115257644391637,2.5871671318318343,0.09999999999999999,0.41809764451955683,0.42123336449887483,0.42123336449887483,0,15.54267613534891,0.03654939297616644,129
9316.556755445,21.820000000003684,1,1,3,33.731435061429245,37.81068001814183,43.76145418543876,6.146319317975938,17.25859627673121,2.741361667894279,0.1,0.43051697132313393,0.41633013276642045,0.41633013276642045,0,15.499399001289477,0.03662652593726867,130
9316.566777566,21.830000000003697,1,1,3,35.13670423872559,37.40801015949446,43.51872904538801,6.318331768205835,17.39303666876778,2.8994271410181915,0.1,0.44106133261731817,0.41119143654719,0.41119143654719,0,15.456428224678769,0.036647200982468986,132
9316.576628084,21.84000000000371,1,1,3,36.62934012762192,36.98071269686232,43.267628312955594,6.507876363639057,17.518906332434284,3.06263276346156,0.1,0.45616011991251953,0.4058112062574577,0.4058112062574577,0,15.413811042374732,0.03661462332304177,140
9316.587227923,21.85000000000372,1,1,3,37.94660850427801,36.610886126981505,43.01195448034373,6.639284962594572,17.63548887972522,3.2275362226039848,0.09999999999999999,0.46397224229807926,0.4002315514573462,0.4002315514573462,0,15.371590803700034,0.03653169541064116,142
9316.596612562,21.860000000003733,1,1,3,39.447095481471585,36.2011056385913,42.75054506090823,6.81791131465305,17.74654519413414,3.3961129051488856,0.1,0.4778915684725736,0.39453695332561284,0.39453695332561284,0,15.329807517970456,0.03640165495029746,145
9316.608345824,21.870000000003746,1,1,3,41.29863426434707,35.67692339101648,42.483221939857614,7.096375444965318,17.84882822521063,3.5676844229164457,0.1,0.48887492032753727,0.38858128772390615,0.38858128772390615,0,15.288496799668984,0.03622741750052172,150
9316.616834196,21.880000000003758,1,1,3,42.355179135045745,35.38213099715378,42.2100929462827,7.130215996240776,17.94468408029757,3.741703105634872,0.1,0.4997821104930489,0.3823962626645635,0.3823962626645635,0,15.247690504272654,0.036010561267741714,154
9316.626407907,21.89000000000377,1,1,3,43.848768426901884,34.95604421165038,41.93136947061509,7.2896178754292915,18.035017181969483,3.91807397034469,0.1,0.5100951842363112,0.37600000347942164,0.37600000347942164,0,15.207417389078936,0.035753360687108326,156
9316.63612618,21.900000000003782,1,1,3,45.15919040847594,34.57009843817671,41.64745555604223,7.3897978464225735,18.119384600682427,4.095666415880809,0.10000000000000002,0.5179771223970288,0.3693545129177536,0.3693545129177536,0,15.167703126590931,0.03545734812473422,159
9316.646513844,21.910000000003794,1,1,3,46.547403688416125,34.17666576811354,41.35842327073633,7.508386763784246,18.199413288012277,4.274730744547149,0.1,0.5262894399244852,0.3625147586860439,0.3625147586860439,0,15.128570670229216,0.035124162283341365,165
9316.656473721,21.920000000003807,1,1,3,47.770404501738184,33.833523836116356,41.067289032666444,7.57398321761505,18.273228432972502,4.452590256828748,0.09999999999999999,0.5303711079774864,0.35545917236566554,0.35545917236566554,0,15.090040379942481,0.03475549789501353,166
9316.667134562,21.93000000000382,1,1,3,49.07280856006151,33.46624716729378,40.773155525952724,7.661004451410938,18.343476347648302,4.630148530392586,0.1,0.5369869545665172,0.3482423292484794,0.3482423292484794,0,15.05213014523359,0.03435289388761964,166
9316.678125991,21.94000000000383,1,1,3,50.73382210661913,33.002440181396985,40.47511794951888,7.85060703802662,18.408766528949513,4.8082446160398415,0.1,0.5476815317507647,0.34077314119723634,0.34077314119723634,0,15.014855669003389,0.033917713634295854,172
9316.686079118,21.950000000003843,1,1,3,51.520277803309476,32.773971960446126,40.1753605761519,7.7752116583170645,18.471888724266254,4.984713739163403,0.10000000000000002,0.5449921424782375,0.3331874712388679,0.3331874712388679,0,14.978230793479828,0.03345129555188664,177
9316.696115489,21.960000000003856,1,1,3,52.64149273358235,32.45782741429084,39.87527458316613,7.802081212049459,18.53036592643808,5.157624885226352,0.09999999999999999,0.5468755247319396,0.3253811133907957,0.3253811133907957,0,14.942267497167437,0.03295494932384391,179
9316.708691242,21.970000000003868,1,1,3,54.2004494420573,32.0122768450862,39.57315486506229,7.958525375703978,18.587459680543613,5.329165837052278,0.1,0.5521906687539926,0.3174444991232411,0.3174444991232411,0,14.906976346656823,0.03247772699546217,180
9316.717314914,21.98000000000388,1,1,3,55.068348157919296,31.770601841532123,39.26946996962138,7.904144634512204,18.64260918689051,5.498430016696819,0.1,0.5540295117513327,0.30935465034289433,0.30935465034289433,0,14.872366165154334,0.03243442278297426,185
9316.72647495,21.990000000003892,1,1,3,56.11043590993039,31.471728082579887,38.96535427303948,7.901840144934843,18.695190143857236,5.6642408702004285,0.1,0.5538679819091522,0.3010868339499801,0.3010868339499801,0,14.838444332895824,0.032379545463910864,189
9316.73695067,22.000000000003904,1,1,3,57.14594133048119,31.17433449670823,38.66082534207694,7.898325078733092,18.74640210745044,5.826850604141015,0.1,0.5538458790997294,0.2953080313152443,0.2953080313152443,0,14.805216983957132,0.03231326893974387,190
9316.74623052,22.010000000003917,1,1,3,58.268090312666104,30.844348816958238,38.35480964733101,7.919854591368609,18.7958721953482,5.9868545449680814,0.10000000000000002,0.5556013720589968,0.3026375546522513,0.3026375546522513,0,14.77268913100038,0.03223563110684871,198
9316.756190165,22.02000000000393,1,1,3,59.216919518262785,30.572975175029534,38.050514380763495,7.89081819927198,18.844121833629984,6.141410490223205,0.1,0.553317573603169,0.3096335355196236,0.3096335355196236,0,14.740864939185416,0.03214669879147411,200
9316.767079614,22.03000000000394,1,1,3,60.25830412256012,30.267506045897424,37.746017845995055,7.888352625326226,18.89124648354999,6.292120113402208,0.1,0.5531440559285535,0.3163394489550765,0.3163394489550765,0,14.709747498461237,0.03204656320816571,200
9316.778767149,22.040000000003953,1,1,3,61.6377581084729,29.870535638216563,37.44255239216793,7.992008003558358,18.937304031283485,6.438010985966068,0.1,0.5563659085262066,0.32272070235686046,0.32272070235686046,0,14.67933900210612,0.03193523632409667,205
9316.786932636,22.050000000003966,1,1,3,62.32902167782008,29.662221145545804,37.138675192030256,7.885282934985826,18.98354748556021,6.580435484617229,0.09999999999999999,0.5527074283808217,0.3288237120941303,0.3288237120941303,0,14.649640811967666,0.031812725829838934,210
9316.796465748,22.060000000003978,1,1,3,63.364593737083965,29.36119890090185,36.83505166795377,7.884228351102516,19.0294115895813,6.7188338541156885,0.1,0.5526335088587246,0.33462569760343364,0.33462569760343364,0,14.62065338959237,0.03167901658262162,213
9316.806427654,22.07000000000399,1,1,3,64.39842330546226,29.070195978662653,36.531406172907616,7.8813287618370715,19.075358872348474,6.85352657092244,0.10000000000000002,0.5524302663702206,0.3401397906932974,0.3401397906932974,0,14.592376422317539,0.03153405402436174,216
9316.8161185,22.080000000004002,1,1,3,65.52912484301898,28.7362587603101,36.2260588527043,7.9069466516198395,19.121482725525397,6.98643370688914,0.1,0.5544526324609161,0.3454560119321881,0.3454560119321881,0,14.564808945907297,0.031377798803555595,224
9316.826477377,22.090000000004014,1,1,3,66.39377256005461,28.473209384969902,35.9221339083323,7.853764156907037,19.16813654568834,7.1141106123402915,0.10000000000000002,0.5507098516659046,0.350395701418834,0.350395701418834,0,14.537949362606245,0.031210357783679504,227
9316.836342342,22.100000000004027,1,1,3,67.4407712149901,28.17020950884718,35.619366513524916,7.853635321617436,19.215858090241237,7.237455147386128,0.1,0.5505406739957139,0.3550483290740561,0.3550483290740561,0,14.511794926483184,0.031031983897893356,228
9316.846199499,22.11000000000404,1,1,3,68.40507193905562,27.878128097719333,35.316340546081065,7.828198246592252,19.263908169927923,7.356869821895246,0.09999999999999999,0.5491248336108571,0.3593504793946224,0.3593504793946224,0,14.486341672271019,0.030842863035687312,233
9316.856409613,22.12000000000405,1,1,3,69.26815380640987,27.635422633252176,35.0154412443794,7.775668946143382,19.31266820716816,7.471086167324551,0.1,0.5452138090938696,0.3633273727470084,0.3633273727470084,0,14.46158460712608,0.030643270979576975,233
9316.86614862,22.130000000004063,1,1,3,70.14858266271266,27.357723847107703,34.71585432692628,7.7313227997080665,19.361949092304318,7.579986393765703,0.1,0.5420928967314994,0.3669024570164004,0.3669024570164004,0,14.43751753000819,0.03093930760539715,235
9316.878088907,22.140000000004076,1,1,3,71.10424831977595,27.078863051809183,34.41870629867692,7.710757808394705,19.411828389860368,7.6829175635559075,0.09999999999999999,0.538881754841998,0.37008025875326883,0.37008025875326883,0,14.414132918522764,0.03151271136628636,237
9316.887281147,22.150000000004088,1,1,3,71.63325126678875,26.904410247541502,34.12445540947366,7.565814573171948,19.46197577972536,7.779888370702805,0.1,0.5304641396615098,0.37289514684594843,0.37289514684594843,0,14.391421669289782,0.032059601151726125,240
9316.897114579,22.1600000000041,1,1,3,72.3310347885853,26.696762351928186,33.83311380770898,7.475507188115508,19.51196925659142,7.870194017505344,0.1,0.5240895713270916,0.3752536471555489,0.3752536471555489,0,14.36937311193435,0.032578404888740475,244
9316.9067009,22.170000000004112,1,1,3,72.86149280270817,26.532064004921136,33.54592860531898,7.337969422164519,19.561690276068273,7.9533940100552325,0.1,0.5144101888203093,0.37720565863855327,0.37720565863855327,0,14.347975100331215,0.033067875588005335,248
9316.91728537,22.180000000004124,1,1,3,73.38514080620311,26.38139908999131,33.26312305965491,7.203103537331581,19.610837365793582,8.029466512294771,0.1,0.5051142339692065,0.37876178764853063,0.37876178764853063,0,14.327214040843474,0.03352687503183649,256
9316.926576183,22.190000000004137,1,1,3,73.91608259265851,26.216587287122096,32.98607157282177,7.076637779528198,19.65927517834547,8.096902352670028,0.1,0.4960266233887052,0.37985075041533123,0.37985075041533123,0,14.307074939174855,0.03395415073303287,260
9316.93654732,22.20000000000415,1,1,3,74.27287069933018,26.108525946413643,32.71508365323501,6.902908221378097,19.706773664471037,8.155660324194988,0.09999999999999999,0.4838493029157967,0.38048571934382885,0.38048571934382885,0,14.287541355460757,0.03434838494245529,262
9316.947516833,22.21000000000416,1,1,3,74.80091900744328,25.95314505310709,32.44975226648156,6.786076392459726,19.753170628726828,8.206235869540068,0.1,0.4756601459449043,0.38069963220362046,0.38069963220362046,0,14.268595505565699,0.03470843322426059,266
9316.956067558,22.220000000004173,1,1,3,74.98354441017307,25.901860167120166,32.19135724021534,6.571809791114109,19.798358931859635,8.24772967111988,0.10000000000000002,0.46064144044073113,0.38048725185236737,0.38048725185236737,0,14.250218467690283,0.03503365482387871,271
9316.966100323,22.230000000004186,1,1,3,75.34096548222672,25.793619982803058,31.93917044833135,6.417954366558132,19.842154185965565,8.280996384254268,0.09999999999999999,0.4498571684304675,0.379889392370955,0.379889392370955,0,14.23239028213682,0.035323465348551464,273
9316.976965886,22.240000000004198,1,1,3,75.69830495675423,25.695450215306995,31.693195014667026,6.268868143278971,19.884453491357874,8.306051287407975,0.1,0.4394071866409707,0.37889766562308147,0.37889766562308147,0,14.215090087447622,0.03557739219673134,274
9316.986135672,22.25000000000421,1,1,3,75.96877501698951,25.610520755065423,31.453125473173174,6.101640236932733,19.92517321838061,8.32348409921708,0.10000000000000003,0.4276855899865182,0.3775543561083735,0.3775543561083735,0,14.198296373676586,0.03579554504059518,283
9316.996898273,22.260000000004222,1,1,3,76.24491749798283,25.530804821321745,31.219847719203294,5.940416770615676,19.964293144902065,8.332392050705298,0.09999999999999999,0.4163848658149889,0.37582681137525226,0.37582681137525226,0,14.18198718559127,0.03597759894979624,286
9317.007226638,22.270000000004234,1,1,3,76.42821163973893,25.479441505569014,30.99301363833619,5.7593577854392475,20.0017677428816,8.333355614280917,0.10000000000000002,0.4036937998244337,0.373744957440546,0.373744957440546,0,14.166140087820597,0.03612361493765631,290
9317.016915832,22.280000000004247,1,1,3,76.53048535939755,25.456934803266783,30.773568260067428,5.559410732014868,20.037541059251204,8.325643324264242,0.10000000000000002,0.3896788021862151,0.37130870771838137,0.37130870771838137,0,14.150732316003259,0.036233605996867424,298
9317.026524057,22.29000000000426,1,1,3,76.62754933781449,25.418672382915073,30.56172462379126,5.370002423567574,20.071688025989996,8.308924911716703,0.1,0.376402502535459,0.36846688239298947,0.36846688239298947,0,14.135740720237571,0.036307380847792114,300
9317.03661422,22.30000000000427,1,1,3,76.63687683799895,25.41425100767259,30.358153594991798,5.161453151374967,20.104154850592998,8.282787739289502,0.10000000000000002,0.3617845448953028,0.3652275603021222,0.3652275603021222,0,14.121141708303536,0.03634452271694011,302
9317.048946484,22.310000000004283,1,1,3,76.6462886697421,25.409867624405017,30.1625133426626,4.961242898998777,20.134972470563667,8.247823213561807,0.1,0.34775109870970755,0.36162019211746854,0.36162019211746854,0,14.106911237063274,0.036344885841719354,307
9317.056921477,22.320000000004296,1,1,3,76.65578480128394,25.40552225368131,29.974485905947898,4.76904990702516,20.16415773169937,8.204537516479043,0.1,0.3342796107209577,0.35851137516890363,0.35851137516890363,0,14.093024930714417,0.03630860824944382,313
9317.06673177,22.330000000004308,1,1,3,76.66639292371926,25.390777756974543,29.793656215817048,4.586566922373407,20.191748655606265,8.153442881893321,0.1,0.321488731560157,0.35982319586808476,0.35982319586808476,0,14.079458270088237,0.0362360489225827,314
9317.076799463,22.34000000000432,1,1,3,76.67374640292483,25.396318425160633,29.620130387173994,4.40747418982915,20.21771091722149,8.094713688914574,0.1,0.30893548718549513,0.36077238913574833,0.36077238913574833,0,14.06618677424656,0.03612768681883771,316
9317.08662567,22.350000000004332,1,1,3,76.68365210640287,25.392063389477208,29.453167936775664,4.237695239597868,20.24219976426374,8.029279266376575,0.1,0.2970350788235851,0.3613976054018422,0.3613976054018422,0,14.0531862769725,0.03598428682295718,322
9317.097093165,22.360000000004344,1,1,3,76.69489535064764,25.377343883231685,29.292216097292734,4.076665739174568,20.265211965951536,7.957556149935987,0.1,0.28574795040901446,0.36174311350583427,0.36174311350583427,0,14.040432895115583,0.03580672510691396,324
9317.106473059,22.370000000004357,1,1,3,76.62962803640522,25.382076476092983,29.137698397752853,3.9009693540193657,20.286813833604757,7.879405430756241,0.09999999999999999,0.27343276806037825,0.3617886491831535,0.3617886491831535,0,14.027903051463076,0.03559578294003718,326
9317.118184102,22.38000000000437,1,1,3,76.6416468193612,25.36746303329858,28.989219296567672,3.754310983391468,20.307070851127623,7.795285647121143,0.10000000000000002,0.26315296306814145,0.3615656391599787,0.3615656391599787,0,14.01557358245278,0.03535204352688631,331
9317.126915083,22.39000000000438,1,1,3,76.57759234606395,25.37245809054644,28.84642077031925,3.5931838144758665,20.32619939310412,7.705665494692638,0.09999999999999999,0.2518589887227831,0.36111726860599624,0.36111726860599624,0,14.003421820227038,0.035076424604878365,336
9317.136760843,22.400000000004393,1,1,3,76.60131073015968,25.35392728279682,28.70901556921814,3.4646962016011815,20.343888087598625,7.611012833096437,0.1,0.2428528365433005,0.36041708267199074,0.36041708267199074,0,13.991426003474732,0.03476971962228892,339
9317.147230429,22.410000000004406,1,1,3,76.45412964062274,25.372573290399018,28.577112825204416,3.2961301902622675,20.36024234889215,7.511139851979331,0.09999999999999999,0.2310374473673241,0.3594950207906198,0.3594950207906198,0,13.979564918626128,0.03443282529463282,343
9317.156731118,22.420000000004418,1,1,3,76.4026268424449,25.383707467543218,28.45097382542017,3.160912154914816,20.374927726932036,7.406410948300033,0.09999999999999999,0.22155953602237993,0.3582924077520676,0.3582924077520676,0,13.967817741074322,0.03406668735759355,351
9317.166775941,22.43000000000443,1,1,3,76.2552399591129,25.41331892807705,28.330463829507046,3.0046965240617696,20.388329135989036,7.296948120737327,0.1,0.21060982878757792,0.35684488049954316,0.35684488049954316,0,13.956164262007675,0.03396706338016098,353
9317.176229307,22.440000000004442,0,1,3,76.10664988765951,25.40958533289073,28.21535472733495,2.8936083763938485,0.0,0.0,0.10000000000000002,0.20282326679261034,0.0,0.0,0,0.0,0.03197836410353583,356
9317.185948401,22.450000000004454,0,1,3,75.88597945190057,25.40958533289073,28.104792687632816,2.7799253712729524,0.0,0.0,0.10000000000000002,0.1948548220419229,0.0,0.0,0,0.0,0.028851601923065795,361
9317.19613276,22.460000000004467,0,1,3,75.56356894213457,25.40958533289073,27.99859743479264,2.670708701596316,0.0,0.0,0.1,0.18719943857236304,0.0,0.0,0,0.0,0.026026382202223752,362
9317.20676203,22.47000000000448,0,1,3,75.1588001055107,25.40958533289073,27.896595874599132,2.5657828956452096,0.0,0.0,0.1,0.17984481694924892,0.0,0.0,0,0.0,0.023472495038288965,362
9317.218034362,22.48000000000449,0,1,3,74.5904949009386,25.40958533289073,27.79862180704656,2.4649793755682228,0.0,0.0,0.10000000000000002,0.17277914095349148,0.0,0.0,0,0.0,0.021163462752551654,365
9317.226439754,22.490000000004503,0,1,3,74.17897623447682,25.40958533289073,27.704515650598623,2.36813618653762,0.0,0.0,0.1,0.16599105859720506,0.0,0.0,0,0.0,0.019075664666478254,368
9317.236785763,22.500000000004515,0,1,3,73.68559919520082,25.40958533289073,27.614124177447444,2.275097736546456,0.0,0.0,0.1,0.15946966388516542,0.0,0.0,0,0.0,0.01720893557204345,0
9317.246578468,22.510000000004528,0,1,3,73.03345490539505,25.40958533289073,27.52730025934367,2.1857145464284202,0.0,0.0,0.10000000000000003,0.15320447929281278,0.0,0.0,0,0.0,0.015555396869562588,1
9317.256737317,22.52000000000454,0,1,3,72.45000943783731,25.40958533289073,27.443902623585316,2.099843009698867,0.0,0.0,0.10000000000000002,0.14718543893266028,0.0,0.0,0,0.0,0.01406042000629909,5
9317.266710981,22.530000000004552,0,1,3,71.69377798592703,25.40958533289073,27.3637956187677,2.017345161831081,0.0,0.0,0.1,0.14140287238204916,0.0,0.0,0,0.0,0.012708801301091366,7
9317.276608778,22.540000000004564,0,1,3,71.10214826038778,25.40958533289073,27.2868489899111,1.9380884585971536,0.0,0.0,0.09999999999999999,0.1358474891462734,0.0,0.0,0,0.0,0.011486795063630484,10
9317.286487884,22.550000000004577,0,1,3,70.41878209646823,25.40958533289073,27.21293766259724,1.8619455631172694,0.0,0.0,0.09999999999999999,0.1305103637321135,0.0,0.0,0,0.0,0.010381973523890753,15
9317.296301179,22.56000000000459,0,1,3,69.64907331264422,25.40958533289073,27.141941535759006,1.7887941412754174,0.0,0.0,0.1,0.1253829213077936,0.0,0.0,0,0.0,0.00938310040187923,15
9317.306442627,22.5700000000046,0,1,3,68.87386154872613,25.40958533289073,27.073745282780926,1.718516665172624,0.0,0.0,0.1,0.12045692392632644,0.0,0.0,0,0.0,0.008480016667277879,16
9317.316542195,22.580000000004613,0,1,3,68.10452243394587,25.40958533289073,27.00823816058119,1.6510002243021298,0.0,0.0,0.1,0.11572445729010875,0.0,0.0,0,0.0,0.007920887971521184,16
9317.326089362,22.590000000004625,0,1,3,67.31455762838107,25.40958533289073,26.94531382635776,1.5861363441429754,0.0,0.0,0.1,0.11117791803550525,0.0,0.0,0,0.0,0.007492079513834848,21
9317.336378122,22.600000000004638,0,1,3,66.51901853324871,25.40958533289073,26.88487016169349,1.523820811880663,0.0,0.0,0.0,0.10681000151699091,0.0,0.0,0,0.0,0.007106107349774959,22
9317.346769035,22.61000000000465,0,1,3,65.6671498729826,25.40958533289073,26.826809103726788,1.4639535089748448,0.0,0.0,0.0,0.10261369007122668,0.0,0.0,0,0.0,0.006758686090364285,22
9317.356535394,22.620000000004662,0,1,3,64.71537498915178,25.40958533289073,26.77103648310539,1.4064382503050006,0.0,0.0,0.0,0.09858224174221011,0.0,0.0,0,0.0,0.006445959778516586,29
9317.366842626,22.630000000004674,0,1,3,63.83355528939129,25.40958533289073,26.7174618684517,1.3511826296356522,0.0,0.0,0.0,0.09470917944938649,0.0,0.0,0,0.0,0.0061644587653879035,29
9317.376276078,22.640000000004687,0,1,3,62.784065340975,25.40958533289073,26.66599841707892,1.2980978711530327,0.0,0.0,0.0,0.09098828058132341,0.0,0.0,0,0.0,0.005911057391541075,32
9317.388080572,22.6500000000047,0,1,3,61.28186032234907,25.40958533289073,26.616562731706765,1.2470986868343794,0.0,0.0,0.0,0.08741356699822327,0.0,0.0,0,0.0,0.005682941237624917,34
9317.396252059,22.66000000000471,0,1,3,60.48797410105052,25.40958533289073,26.569074722935973,1.1981031394208903,0.0,0.0,0.0,0.08397929542720961,0.0,0.0,0,0.0,0.005477586445656768,36
9317.406302831,22.670000000004723,0,1,3,59.15112041729512,25.40958533289073,26.523457477249842,1.1510325107742156,0.0,0.0,0.0,0.08067994823496841,0.0,0.0,0,0.0,0.005292722542682371,36
9317.41657309,22.680000000004735,0,1,3,57.89214504065167,25.40958533289073,26.479637130320064,1.1058111754047946,0.0,0.0,0.0,0.07751022456290035,0.0,0.0,0,0.0,0.005126304496903877,36
9317.426687855,22.690000000004748,0,1,3,56.57673788926444,25.40958533289073,26.437542745403594,1.062366478969068,0.0,0.0,0.0,0.07446503181055968,0.0,0.0,0,0.0,0.004976497055789397,42
9317.43647142,22.70000000000476,0,1,3,55.25894970914392,25.40958533289073,26.397106196624577,1.0206286215401958,0.0,0.0,0.0,0.07153947745368494,0.0,0.0,0,0.0,0.004841645545145934,45
9317.446785626,22.710000000004772,0,1,3,53.84494697729065,25.40958533289073,26.35826205694478,0.9805305454647835,0.0,0.0,0.0,0.06872886118368032,0.0,0.0,0,0.0,0.004720248924816872,45
9317.455928725,22.720000000004784,0,1,3,52.53332355180498,25.40958533289073,26.320947490632907,0.9420078276254779,0.0,0.0,0.0,0.06602866735591885,0.0,0.0,0,0.0,0.00461095903781461,50
9317.4667343,22.730000000004797,0,1,3,51.13645126029221,25.40958533289073,26.285102150051184,0.9049985759362982,0.0,0.0,0.0,0.06343455773473218,0.0,0.0,0,0.0,0.00451256507855069,51
9317.476055777,22.74000000000481,0,1,3,50.04762374190522,25.40958533289073,26.250668076584777,0.8694433299044245,0.0,0.0,0.0,0.060942364523435655,0.0,0.0,0,0.0,0.004423974462542446,54
9317.487934919,22.75000000000482,0,1,3,48.23467744633434,25.40958533289073,26.217589605546497,0.8352849650986659,0.0,0.0,0.0,0.05854808366818318,0.0,0.0,0,0.0,0.004344105109598595,57
9317.496945209,22.760000000004833,0,1,3,47.20687256053409,25.40958533289073,26.185813274896233,0.802468601371154,0.0,0.0,0.0,0.0562478684249017,0.0,0.0,0,0.0,0.0042720655691479426,61
9317.506613086,22.770000000004845,0,1,3,46.00788770432111,25.40958533289073,26.155287737620828,0.7709415146847624,0.0,0.0,0.0,0.05403802317896113,0.0,0.0,0,0.0,0.0042102333434486106,64
9317.516641813,22.780000000004858,0,1,3,44.62198580176607,25.40958533289073,26.12596367762635,0.7406530524046521,0.0,0.0,0.0,0.051914997507660064,0.0,0.0,0,0.0,0.004238686772313649,66
9317.526784284,22.79000000000487,0,1,3,43.58326624141418,25.40958533289073,26.097793729000774,0.7115545519177824,0.0,0.0,0.0,0.04987538047597655,0.0,0.0,0,0.0,0.004265801550451753,71
9317.536788094,22.800000000004882,0,1,3,42.40541822153545,25.40958533289073,26.0707323985109,0.6835992624496533,0.0,0.0,0.0,0.04791589515643073,0.0,0.0,0,0.0,0.004291657260264481,74
9317.546835556,22.810000000004894,0,1,3,41.1988517741235,25.40958533289073,26.044735991202657,0.6567422699527768,0.0,0.0,0.0,0.04603339336424655,0.0,0.0,0,0.0,0.00431630944602035,76
9317.555994288,22.820000000004907,0,1,3,40.09765624587076,25.40958533289073,26.01976253897938,0.6309404249459584,0.0,0.0,0.0,0.04422485059935408,0.0,0.0,0,0.0,0.004339806696377568,81
9317.566804851,22.83000000000492,0,1,3,38.91258456347998,25.40958533289073,25.99577173203782,0.6061522731887093,0.0,0.0,0.0,0.04248736118711272,0.0,0.0,0,0.0,0.004362196729310153,82
9317.576511595,22.84000000000493,0,1,3,37.55936251714605,25.40958533289073,25.972724853046323,0.5823379890792498,0.0,0.0,0.0,0.04081813360994262,0.0,0.0,0,0.0,0.004383528671239478,85
9317.586741895,22.850000000004943,0,1,3,36.20984987735088,25.40958533289073,25.95058471395458,0.5594593116691768,0.0,0.0,0.0,0.03921448602236266,0.0,0.0,0,0.0,0.004403874933048835,86
9317.596550832,22.860000000004955,0,1,3,34.88623321632067,25.40958533289073,25.92931559532855,0.5374794831919532,0.0,0.0,0.0,0.03767384194223723,0.0,0.0,0,0.0,0.004423284454070808,93
9317.606695296,22.870000000004968,0,1,3,33.547413349054935,25.40958533289073,25.908883188108735,0.5163631900064051,0.0,0.0,0.0,0.03619372611129645,0.0,0.0,0,0.0,0.004441781564717973,93
9317.616294104,22.88000000000498,0,1,3,32.04678432214818,25.40958533289073,25.889254537694057,0.4960765058605356,0.0,0.0,0.0,0.0347717605182944,0.0,0.0,0,0.0,0.004459393593969407,94
9317.625982873,22.890000000004992,0,1,3,30.91392870580025,25.40958533289073,25.870397990257633,0.4765868373842543,0.0,0.0,0.0,0.033405660578401705,0.0,0.0,0,0.0,0.0044761535690232,99
9317.636094136,22.900000000005004,0,1,3,29.25983435832508,25.40958533289073,25.852283141204207,0.45786287172363166,0.0,0.0,0.0,0.032093231462705984,0.0,0.0,0,0.0,0.004492097726122468,101
9317.646781123,22.910000000005017,0,1,3,27.9508780180109,25.40958533289073,25.834880785683314,0.4398745262324178,0.0,0.0,0.0,0.030832364571911172,0.0,0.0,0,0.0,0.004507263222533808,101
9317.657092777,22.92000000000503,0,1,3,26.127400461081272,25.40958533289073,25.81816287107516,0.4225929001401691,0.0,0.0,0.0,0.029621034148584514,0.0,0.0,0,0.0,0.004521686771293165,106
9317.666887235,22.93000000000504,0,1,3,25.089120721950593,25.40958533289073,25.80210245136992,0.4059902281191024,0.0,0.0,0.0,0.028457294022494632,0.0,0.0,0,0.0,0.0045354039579821315,107
9317.676055022,22.940000000005053,0,1,3,23.86539717736579,25.40958533289073,25.786673643364207,0.39003983567524775,0.0,0.0,0.0,0.02733927448381811,0.0,0.0,0,0.0,0.004548448943998862,108
9317.686723654,22.950000000005065,0,1,3,22.68578420692913,25.40958533289073,25.771851584601755,0.3747160962922036,0.0,0.0,0.0,0.026265179279193165,0.0,0.0,0,0.0,0.00456085398064876,110
9317.696305397,22.960000000005078,0,1,3,21.724744352497023,25.40958533289073,25.75761239298809,0.35999439025859353,0.0,0.0,0.0,0.025233282725790677,0.0,0.0,0,0.0,0.004572649592862854,117
9317.706104523,22.97000000000509,0,1,3,20.889158409662322,25.40958533289073,25.74393312801205,0.3458510651130324,0.0,0.0,0.0,0.024241926938761673,0.0,0.0,0,0.0,0.004583865579214086,118
9317.716425928,22.980000000005102,0,1,3,19.947176886082243,25.40958533289073,25.730791753509614,0.3322633976432158,0.0,0.0,0.0,0.023289519167619507,0.0,0.0,0,0.0,0.004594530537045838,118
9317.72810699,22.990000000005114,0,1,3,18.63351439202017,25.40958533289073,25.7181671019081,0.31920955737792484,0.0,0.0,0.0,0.02237452923726299,0.0,0.0,0,0.0,0.004604671618949396,122
9317.736274419,23.000000000005127,0,1,3,17.904639971245594,25.40958533289073,25.70603883989146,0.30666857151332655,0.0,0.0,0.0,0.021495487089538946,0.0,0.0,0,0.0,0.0046143145395844964,127
9317.746837788,23.01000000000514,0,1,3,16.883421420170013,25.40958533289073,25.694387435429675,0.29462029121728833,0.0,0.0,0.0,0.020650980421390207,0.0,0.0,0,0.0,0.004623483668192652,128
9317.756059638,23.02000000000515,0,1,3,15.856035089426214,25.40958533289073,25.683194126117495,0.2830453592574483,0.0,0.0,0.0,0.019839652415793968,0.0,0.0,0,0.0,0.004632202131256813,130
9317.766240201,23.030000000005163,0,1,3,14.789474470999924,25.40958533289073,25.672440888770282,0.2719251789011765,0.0,0.0,0.0,0.019060199561848,0.0,0.0,0,0.0,0.0046404919021467705,135
9317.776159843,23.040000000005175,0,1,3,13.967032421654098,25.40958533289073,25.662110410226468,0.26124188403732823,0.0,0.0,0.0,0.018311369560500255,0.0,0.0,0,0.0,0.004648373875439038,137
9317.786380331,23.050000000005188,0,1,3,13.125191043201529,25.40958533289073,25.65218605930855,0.2509783104718516,0.0,0.0,0.0,0.017591959312555635,0.0,0.0,0,0.0,0.004655867929308055,139
9317.796542838,23.0600000000052,0,1,3,12.426264579615795,25.40958533289073,25.64265185989604,0.2411179683511391,0.0,0.0,0.0,0.016900812985730394,0.0,0.0,0,0.0,0.004662992979715508,144
9317.806808408,23.070000000005212,0,1,3,11.820267239138154,25.40958533289073,25.633492465066247,0.23164501566879273,0.0,0.0,0.0,0.016236820157647887,0.0,0.0,0,0.0,0.0046697670290671844,146
9317.816634474,23.080000000005224,0,1,3,11.234939678899163,25.40958533289073,25.624693132259964,0.22254423281326174,0.0,0.0,0.0,0.015598914031792024,0.0,0.0,0,0.0,0.004676207211011585,148
9317.827648484,23.090000000005237,0,1,3,10.572508524243824,25.40958533289073,25.61623969943137,0.21380099811538852,0.0,0.0,0.0,0.014986069723549062,0.0,0.0,0,0.0,0.004682329832341514,153
9317.836504476,23.10000000000525,0,1,3,10.271786793558675,25.40958533289073,25.60811856214266,0.205401264356704,0.0,0.0,0.0,0.014397302613589546,0.0,0.0,0,0.0,0.004688150412548886,157
9317.846486114,23.11000000000526,0,1,3,9.731978161376398,25.40958533289073,25.600316651565905,0.19733153620060775,0.0,0.0,0.0,0.013831666765939535,0.0,0.0,0,0.0,0.004693683721356479,158
9317.856714018,23.120000000005273,0,1,3,9.246908468981912,25.40958533289073,25.59282141335588,0.18957884851023984,0.0,0.0,0.0,0.013288253408205596,0.0,0.0,0,0.0,0.004698943814414935,159
9317.866653138,23.130000000005285,0,1,3,8.723683711047602,25.40958533289073,25.585620787359172,0.18213074551819763,0.0,0.0,0.0,0.012766189471503942,0.0,0.0,0,0.0,0.004703944067304899,164
9317.87669962,23.140000000005298,0,1,3,8.348206601997658,25.40958533289073,25.578703188126283,0.174975260814628,0.0,0.0,0.0,0.01226463618775515,0.0,0.0,0,0.0,0.004708697207935542,167
9317.886414384,23.15000000000531,0,1,3,7.964283607881964,25.40958533289073,25.572057486194705,0.168100898121497,0.0,0.0,0.0,0.011782787742086947,0.0,0.0,0,0.0,0.004713215347431188,169
9317.896657129,23.160000000005322,0,1,3,7.6729673080992455,25.40958533289073,25.56567299011234,0.16149661282225616,0.0,0.0,0.0,0.011319869978180276,0.0,0.0,0,0.0,0.0047175100095733224,174
9317.906530986,23.170000000005334,0,1,3,7.258238603771055,25.40958533289073,25.559539429171764,0.15515179421713673,0.0,0.0,0.0,0.01087513915448065,0.0,0.0,0,0.0,0.0047215921588681375,176
9317.915982508,23.180000000005347,0,1,3,6.963353058918247,25.40958533289073,25.55364693682716,0.14905624847556304,0.0,0.0,0.0,0.010447880749274637,0.0,0.0,0,0.0,0.00472547222729891,177
9317.926588384,23.19000000000536,0,1,3,6.89120616956807,25.40958533289073,25.547986034766662,0.14320018225838033,0.0,0.0,0.0,0.010037408312709628,0.0,0.0,0,0.0,0.004729160139828936,177
9317.936188592,23.20000000000537,0,1,3,6.7145723199752405,25.40958533289073,25.542547617614165,0.13757418698347726,0.0,0.0,0.0,0.00964306236391962,0.0,0.0,0,0.0,0.004732665338704756,184
9317.946650274,23.210000000005383,0,1,3,6.67938431326697,25.40958533289073,25.537322938235544,0.13216922370961828,0.0,0.0,0.0,0.00926420933147682,0.0,0.0,0,0.0,0.004735996806620735,184
9317.956303432,23.220000000005395,0,1,3,6.561898753186085,25.40958533289073,25.532303593625315,0.12697660861409116,0.0,0.0,0.0,0.00890024053547034,0.0,0.0,0,0.0,0.004739163088792964,187
9317.96595911,23.230000000005408,0,1,3,6.71551549476961,25.40958533289073,25.527481511350697,0.12198799904098236,0.0,0.0,0.0,0.008550571209577737,0.0,0.0,0,0.0,0.004742172313992432,193
9317.976698897,23.24000000000542,0,1,3,6.6825807829811135,25.40958533289073,25.522848936530945,0.11719538009751662,0.0,0.0,0.0,0.008214639561557963,0.0,0.0,0,0.0,0.004745032214586553,193
9317.986417554,23.250000000005432,0,1,3,6.738169483220147,25.40958533289073,25.518398419330772,0.11259105177705103,0.0,0.0,0.0,0.007891905870654536,0.0,0.0,0,0.0,0.004747750145633445,195
9317.999701671,23.260000000005444,0,1,3,6.968033555192162,25.40958533289073,25.51412280294735,0.10816761658791237,0.0,0.0,0.0,0.0075818516204575175,0.0,0.0,0,0.0,0.004750333103073379,204
9318.006884077,23.270000000005457,0,1,3,7.080834735573382,25.40958533289073,25.510015212071554,0.1039179676683203,0.0,0.0,0.0,0.00728397866583617,0.0,0.0,0,0.0,0.004752787741057807,211
9318.016072936,23.28000000000547,0,1,3,7.310248163881785,25.40958533289073,25.50606904180435,0.09983527736821605,0.0,0.0,0.0,0.006997808432599094,0.0,0.0,0,0.0,0.00475512038845638,213
9318.026731969,23.29000000000548,0,1,3,7.494294181135386,25.40958533289073,25.502277947010622,0.09591298627972679,0.0,0.0,0.0,0.0067228811486001565,0.0,0.0,0,0.0,0.004757337064580369,215
9318.036178939,23.300000000005493,0,1,3,7.7518474518375164,25.40958533289073,25.49863583209286,0.0921447926985413,0.0,0.0,0.0,0.0064587551050488525,0.0,0.0,0,0.0,0.004759443494156912,225
9318.046778163,23.310000000005505,0,1,3,7.948989122488143,25.40958533289073,25.49513684116822,0.08852464249933326,0.0,0.0,0.0,0.006205005946844401,0.0,0.0,0,0.0,0.004761445121591379,228
9318.056062875,23.320000000005518,0,1,3,8.217641047017597,25.40958533289073,25.49177534863299,0.08504671940902474,0.0,0.0,0.0,0.005961225990792215,0.0,0.0,0,0.0,0.00476334712455051,231
9318.068031131,23.33000000000553,0,1,3,8.423130633837848,25.40958533289073,25.488545950099013,0.08170543566207464,0.0,0.0,0.0,0.005727023570600709,0.0,0.0,0,0.0,0.0047651544268949575,236
9318.076228537,23.340000000005542,0,1,3,8.631777611331753,25.40958533289073,25.485443453687527,0.0784954230229953,0.0,0.0,0.0,0.005502022407618327,0.0,0.0,0,0.0,0.004766871710997211,240
9318.086937983,23.350000000005554,0,1,3,8.701429848559894,25.40958533289073,25.482462871666115,0.075411524161531,0.0,0.0,0.0,0.005285861006288991,0.0,0.0,0,0.0,0.004768503429465554,241
9318.099452259,23.360000000005567,0,1,3,8.771959678615268,25.40958533289073,25.479599412415407,0.07244878436669518,0.0,0.0,0.0,0.005078192073358191,0.0,0.0,0,0.0,0.00477005381631157,245
9318.107799322,23.37000000000558,0,1,3,8.771959678615268,25.40958533289073,25.47684847271223,0.06960244358632396,0.0,0.0,0.0,0.00487868195989944,0.0,0.0,0,0.0,0.004771526897579426,251
9318.116303911,23.38000000000559,0,1,3,8.77195967861527,25.40958533289073,25.47420563031695,0.06686792877941188,0.0,0.0,0.0,0.004687010125260367,0.0,0.0,0,0.0,0.0047729265014659905,257
9318.126886018,23.390000000005603,0,1,3,8.842799933215984,25.40958533289073,25.471666636852802,0.06424084656888497,0.0,0.0,0.0,0.004502868622070299,0.0,0.0,0,0.0,0.004774256267952914,260
9318.136631571,23.400000000005615,0,1,3,8.79189633804282,25.40958533289073,25.469227410965857,0.06171697618302627,0.0,0.0,0.0,0.004325961601480723,0.0,0.0,0,0.0,0.004775519657980842,268
9318.146401171,23.410000000005628,0,1,3,8.863453511703367,25.40958533289073,25.466884031754258,0.059292262674202935,0.0,0.0,0.0,0.00415600483784008,0.0,0.0,0,0.0,0.00477671996217599,270
9318.156346994,23.42000000000564,0,1,3,8.935301578882422,25.40958533289073,25.464632732456533,0.05696281040408317,0.0,0.0,0.0,0.0039927252720504715,0.0,0.0,0,0.0,0.0047778603091599425,271
9318.167951749,23.430000000005652,0,1,3,8.863453511703367,25.40958533289073,25.462469894388203,0.05472487678469383,0.0,0.0,0.0,0.00383586057285612,0.0,0.0,0,0.0,0.004778943673458658,275
9318.176377117,23.440000000005664,0,1,3,8.863453511703367,25.40958533289073,25.460392041117377,0.05257486626547554,0.0,0.0,0.0,0.0036851587153746116,0.0,0.0,0,0.0,0.004779972883027117,278
9318.186577623,23.450000000005677,0,1,3,8.863453511703367,25.40958533289073,25.458395832869606,0.05050932455650249,0.0,0.0,0.0,0.003540377576182312,0.0,0.0,0,0.0,0.004780950626415592,278
9318.196391003,23.46000000000569,0,1,3,8.863453511703367,25.40958533289073,25.456478061153096,0.048524933078704306,0.0,0.0,0.0,0.003401284544310351,0.0,0.0,0,0.0,0.004781879459583749,280
9318.206588025,23.4700000000057,0,1,3,8.863453511703367,25.40958533289073,25.454635643595484,0.046618503632105734,0.0,0.0,0.0,0.003267656147522836,0.0,0.0,0,0.0,0.004782761812390568,285
9318.21651879,23.480000000005713,0,1,3,8.92734768341399,25.40958533289073,25.452865618983893,0.0447869732735505,0.0,0.0,0.0,0.003139277693277631,0.0,0.0,0,0.0,0.0047835999947656305,287
9318.227047316,23.490000000005725,0,1,3,8.85547910935646,25.40958533289073,25.451165142500248,0.04302739939563749,0.0,0.0,0.0,0.003015942923793045,0.0,0.0,0,0.0,0.004784396202583974,288
9318.237734511,23.500000000005738,0,1,3,8.92734768341399,25.40958533289073,25.449531481144135,0.041336954999035,0.0,0.0,0.0,0.0028974536846661557,0.0,0.0,0,0.0,0.004785152523255398,3
9318.247114019,23.51000000000575,0,1,3,8.92734768341399,25.40958533289073,25.447962009335797,0.03971292415049846,0.0,0.0,0.0,0.0027836196065098595,0.0,0.0,0,0.0,0.00478587094104288,7
9318.256490672,23.520000000005762,0,1,3,8.85547910935646,25.40958533289073,25.446454204692163,0.038152697619357294,0.0,0.0,0.0,0.0026742577990986043,0.0,0.0,0,0.0,0.00478655334212208,9
9318.266522189,23.530000000005774,0,1,3,8.80547507298655,25.40958533289073,25.445005643969168,0.03665376868542952,0.0,0.0,0.0,0.0025691925575305505,0.0,0.0,0,0.0,0.004787201519395712,9
9318.276493876,23.540000000005787,0,1,3,8.92734768341399,25.40958533289073,25.4436139991637,0.03521372911160558,0.0,0.0,0.0,0.002468255079931287,0.0,0.0,0,0.0,0.004787817177072995,15
9318.286770167,23.5500000000058,0,1,3,8.805475072986553,25.40958533289073,25.442277033768917,0.033830265274694654,0.0,0.0,0.0,0.002371283196251262,0.0,0.0,0,0.0,0.004788401935028164,15
9318.296065583,23.56000000000581,0,1,3,8.80547507298655,25.40958533289073,25.440992599176933,0.03250115444828143,0.0,0.0,0.0,0.0022781211077177632,0.0,0.0,0,0.0,0.004788957332943156,18
9318.306328302,23.570000000005823,0,1,3,8.855479109356462,25.40958533289073,25.439758631223068,0.031224261231588963,0.0,0.0,0.0,0.002188619136522341,0.0,0.0,0,0.0,0.004789484834253566,23
9318.317104456,23.580000000005835,0,1,3,8.855479109356462,25.40958533289073,25.438573146865934,0.029997534118670236,0.0,0.0,0.0,0.0021026334853418887,0.0,0.0,0,0.0,0.004789985829896981,24
9318.327045467,23.590000000005848,0,1,3,8.855479109356462,25.40958533289073,25.437434240998268,0.028819002202375463,0.0,0.0,0.0,0.002020026006308929,0.0,0.0,0,0.0,0.0047904616418816826,27
9318.338301922,23.60000000000586,0,1,3,8.733482834025336,25.40958533289073,25.436340083383175,0.027686772007822706,0.0,0.0,0.0,0.0019406639790581946,0.0,0.0,0,0.0,0.00479091352668215,31
9318.34605933,23.610000000005872,0,1,3,8.805475072986553,25.40958533289073,25.435288915710796,0.026599024450262864,0.0,0.0,0.0,0.001864419897492102,0.0,0.0,0,0.0,0.004791342678464039,36
9318.356904045,23.620000000005884,0,1,3,8.805475072986553,25.40958533289073,25.434279048770886,0.025554011912470864,0.0,0.0,0.0,0.0017911712649258309,0.0,0.0,0,0.0,0.004791750232156833,37
9318.366817146,23.630000000005897,0,1,3,8.805475072986553,25.40958533289073,25.43330885973649,0.02455005543694919,0.0,0.0,0.0,0.001720800397276806,0.0,0.0,0,0.0,0.004792137266373064,39
9318.37691288,23.64000000000591,0,1,3,8.805475072986553,25.40958533289073,25.432376789554528,0.023585542028458754,0.0,0.0,0.0,0.0016531942339923652,0.0,0.0,0,0.0,0.004792504806185649,45
9318.386787367,23.65000000000592,0,1,3,8.733482834025336,25.40958533289073,25.431481340438978,0.02265892206250918,0.0,0.0,0.0,0.0015882441563998346,0.0,0.0,0,0.0,0.0047928538257688835,47
9318.396662311,23.660000000005933,0,1,3,8.683660003550493,25.40958533289073,25.430621073462625,0.02176870679568423,0.0,0.0,0.0,0.0015258458131967225,0.0,0.0,0,0.0,0.004793185250911547,50
9318.406528967,23.670000000005945,0,1,3,8.756066531249314,25.40958533289073,25.429794606243572,0.020913465973762462,0.0,0.0,0.0,0.0014658989527950325,0.0,0.0,0,0.0,0.004793499961405212,56
9318.416279202,23.680000000005958,0,1,3,8.733482834025336,25.40958533289073,25.42900061072265,0.020091825533826768,0.0,0.0,0.0,0.001408307262255255,0.0,0.0,0,0.0,0.004793798793315318,56
9318.426390845,23.69000000000597,0,1,3,8.733482834025336,25.40958533289073,25.42823781102827,0.01930246539660489,0.0,0.0,0.0,0.001352978212542298,0.0,0.0,0,0.0,0.004794082541143441,57
9318.438612564,23.700000000005982,0,1,3,8.805475072986553,25.40958533289073,25.427504981425248,0.01854411734562046,0.0,0.0,0.0,0.0012998229098687595,0.0,0.0,0,0.0,0.004794351959879872,58
9318.446338261,23.710000000005994,0,1,3,8.733482834025336,25.40958533289073,25.426800944344258,0.01781556298962065,0.0,0.0,0.0,0.00124875595287291,0.0,0.0,0,0.0,0.004794607766958059,61
9318.456489286,23.720000000006007,0,1,3,8.855479109356462,25.40958533289073,25.426124568488763,0.017115631805045627,0.0,0.0,0.0,0.001199695295410199,0.0,0.0,0,0.0,0.004794850644113113,62
9318.466381352,23.73000000000602,0,1,3,8.855479109356462,25.40958533289073,25.4254747670164,0.01644319925542331,0.0,0.0,0.0,0.0011525621147333175,0.0,0.0,0,0.0,0.004795081239145738,62
9318.476482161,23.74000000000603,0,1,3,8.783901359785297,25.40958533289073,25.424850495791816,0.015797184984659395,0.0,0.0,0.0,0.0011072806848550108,0.0,0.0,0,0.0,0.004795300167603989,67
9318.486746788,23.750000000006043,0,1,3,8.783901359785297,25.40958533289073,25.424250751708282,0.015176551081277499,0.0,0.0,0.0,0.0010637782548809846,0.0,0.0,0,0.0,0.004795508014379335,70
9318.49664554,23.760000000006055,0,1,3,8.783901359785297,25.40958533289073,25.423674571075164,0.014580300410885762,0.0,0.0,0.0,0.0010219849321279188,0.0,0.0,0,0.0,0.00479570533522411,71
9318.506953834,23.770000000006068,0,1,3,8.783901359785297,25.40958533289073,25.42312102806893,0.014007475014122984,0.0,0.0,0.0,0.0009818335698286637,0.0,0.0,0,0.0,0.0047958926581961325,75
9318.516571065,23.78000000000608,0,1,3,8.783901359785297,25.40958533289073,25.42258923324497,0.013457154567598138,0.0,0.0,0.0,0.0009432596592546239,0.0,0.0,0,0.0,0.004796070485031834,76
9318.526253997,23.790000000006092,0,1,3,8.712621602452431,25.40958533289073,25.422078332107894,0.012928454905229151,0.0,0.0,0.0,0.0009062012260715972,0.0,0.0,0,0.0,0.0047962392924501,76
9318.536241385,23.800000000006104,0,1,3,8.906068609936277,25.40958533289073,25.421587503738106,0.012420526597721625,0.0,0.0,0.0,0.0008705987307702487,0.0,0.0,0,0.0,0.004796399533392615,76
9318.546222521,23.810000000006116,0,1,3,8.834905382367669,25.40958533289073,25.42111595947233,0.011932553587846928,0.0,0.0,0.0,0.0008363949730066711,0.0,0.0,0,0.0,0.0047965516382044715,80
9318.556248321,23.82000000000613,0,1,3,8.886484820361336,25.40958533289073,25.420662941635985,0.011463751879331125,0.0,0.0,0.0,0.0008035349997028766,0.0,0.0,0,0.0,0.004796696015754387,80
9318.566298342,23.83000000000614,0,1,3,8.886484820361336,25.40958533289073,25.420227722325393,0.011013368277236295,0.0,0.0,0.0,0.0007719660167569128,0.0,0.0,0,0.0,0.004796833054501404,80
9318.576256982,23.840000000006153,0,1,3,9.008964437716799,25.40958533289073,25.419809602237933,0.01058067917789224,0.0,0.0,0.0,0.0007416373042224061,0.0,0.0,0,0.0,0.004796963123507636,84
9318.586398054,23.850000000006165,0,1,3,8.938629712615265,25.40958533289073,25.419407909548013,0.010164989406259102,0.0,0.0,0.0,0.0007125001348176721,0.0,0.0,0,0.0,0.004797086573401499,84
9318.596473366,23.860000000006178,0,1,3,9.04457663350001,25.40958533289073,25.419021998827397,0.009765631099111168,0.0,0.0,0.0,0.0006845076956410809,0.0,0.0,0,0.0,0.004797203737294087,84
9318.607641085,23.87000000000619,0,1,3,9.114084579473559,25.40958533289073,25.418651250007876,0.009381962631979109,0.0,0.0,0.0,0.0006576150129604566,0.0,0.0,0,0.0,0.004797314931649588,86
9318.616228787,23.880000000006202,0,1,3,9.098359365366587,25.40958533289073,25.41829506738472,0.009013367588284452,0.0,0.0,0.0,0.0006317788799522853,0.0,0.0,0,0.0,0.004797420457111956,88
9318.626469761,23.890000000006214,0,1,3,9.098359365366587,25.40958533289073,25.41795287865928,0.008659253768993532,0.0,0.0,0.0,0.0006069577872878315,0.0,0.0,0,0.0,0.004797520599291838,88
9318.636564373,23.900000000006226,0,1,3,9.167454919913903,25.40958533289073,25.417624134019295,0.008319052241176787,0.0,0.0,0.0,0.0005831118564414992,0.0,0.0,0,0.0,0.004797615629514862,88
9318.64615794,23.91000000000624,0,1,3,9.167454919913903,25.40958533289073,25.417308305255272,0.007992216423922133,0.0,0.0,0.0,0.0005602027756200557,0.0,0.0,0,0.0,0.004797705805530628,92
9318.656327037,23.92000000000625,0,1,3,9.098359365366587,25.40958533289073,25.41700488491157,0.007678221210179261,0.0,0.0,0.0,0.0005381937382094134,0.0,0.0,0,0.0,0.0047977913721912735,92
9318.666382492,23.930000000006263,0,1,3,9.152668962150779,25.40958533289073,25.416713385470967,0.0073765621231139476,0.0,0.0,0.0,0.0005170493836394619,0.0,0.0,0,0.0,0.0047978725620902996,92
9318.676304944,23.940000000006275,0,1,3,9.167454919913903,25.40958533289073,25.41643333857115,0.007086754505585208,0.0,0.0,0.0,0.0004967357405745449,0.0,0.0,0,0.0,0.004797949596173856,96
9318.686266771,23.950000000006288,0,1,3,9.098359365366587,25.40958533289073,25.41616429425205,0.006808332741493697,0.0,0.0,0.0,0.0004772201723309095,0.0,0.0,0,0.0,0.00479802268432139,96
9318.69631401,23.9600000000063,0,1,3,9.098359365366587,25.40958533289073,25.415905820232794,0.006540849507670714,0.0,0.0,0.0,0.00045847132444312895,0.0,0.0,0,0.0,0.004798092025896983,96
9318.706499809,23.970000000006312,0,1,3,9.04457663350001,25.40958533289073,25.415657501216966,0.006283875055240667,0.0,0.0,0.0,0.0004404590742886317,0.0,0.0,0,0.0,0.004798157810272929,96
9318.71635087,23.980000000006324,0,1,3,9.114084579473559,25.40958533289073,25.415418938225287,0.006036996519107389,0.0,0.0,0.0,0.00042315448269023215,0.0,0.0,0,0.0,0.004798220217326232,101
9318.726302638,23.990000000006336,0,1,3,9.04457663350001,25.40958533289073,25.41518974795446,0.005799817254700685,0.0,0.0,0.0,0.0004065297474238276,0.0,0.0,0,0.0,0.004798279417914664,101
9318.73629651,24.00000000000635,0,1,3,9.04457663350001,25.40958533289073,25.40958533289073,0.0,0.0,0.0,0.0,0.0,0.0,0.0,0,0.0,0.00479833557432463,101
9318.746340102,24.01000000000636,0,1,3,9.114084579473559,25.40958533289073,25.40958533289073,0.0,0.0,0.0,0.0,0.0,0.0,0.0,0,0.0,0.004798388840699497,106
9318.756328649,24.020000000006373,0,1,3,9.0520760572501,25.40958533289073,25.40958533289073,0.0,0.0,0.0,0.0,0.0,0.0,0.0,0,0.0,0.004798439363445706,106
9318.766610695,24.030000000006385,1,1,4,0.08789062500002422,25.434022688809865,25.410350818044954,0.025517658990092385,26.572519745576848,7.825823507972597,0.0,0.001788623159752292,0.42071361252926465,0.42071361252926465,0,13.824895361556646,0.00494792187994525,106
9318.778491947,24.040000000006398,1,1,4,0.21528715276222637,25.41683227504903,25.410154650544253,0.06311338194091477,26.427319886767382,7.796334090609866,0.038069707689516195,0.00442384063027175,0.4193268774768607,0.4193268774768607,0,13.823619959321793,0.006861700350168309,109
9318.787138046,24.05000000000641,1,1,4,0.19652939666975494,25.392389327766423,25.41012217894485,0.05559098276748352,26.312201428956392,7.74743995416412,0.0,0.0038965690108915207,0.41695844328272735,0.41695844328272735,0,13.821578372721472,0.010156359458035169,114
9318.796657452,24.060000000006422,1,1,4,0.30446193661305604,25.43232861859245,25.40994224418359,0.08478150672169356,26.055654014867255,7.682103291416677,0.1,0.005942636293555244,0.4161068293537355,0.4161068293537355,0,13.818882704866544,0.013115634204996285,118
9318.806334037,24.070000000006434,1,1,4,0.32885649340887263,25.39893205199802,25.409533456850653,0.08863656070373543,25.727479277914135,7.602377904340133,0.0,0.0062128506904577975,0.41200708938825004,0.41200708938825004,0,13.815604514379693,0.015765272852025447,120
9318.816840299,24.080000000006446,1,1,4,0.2636718750000021,25.382560398242628,25.40891422169073,0.06984704854872208,25.40494438786172,7.510325365027711,0.02750509272087565,0.004895827188656731,0.40757879048060713,0.40757879048060713,0,13.811798651476872,0.01812308339801727,127
9318.826766799,24.09000000000646,1,1,4,0.2636718750000021,25.382560398242628,25.407875785777634,0.06710292379340502,24.964096979704728,7.407567160980963,0.0,0.004703481758673811,0.4036579496234083,0.4036579496234083,0,13.80750656092493,0.020215218281816494,130
9318.83674576,24.10000000000647,1,1,4,0.27793453545048746,25.386647142260607,25.40689368455546,0.07214396622488785,24.476994282025576,7.294914278993126,0.0,0.005056826289445502,0.3991040019298074,0.3991040019298074,0,13.802760054638796,0.022069057217888766,133
9318.847502394,24.110000000006483,1,1,4,0.27793453545048746,25.386647142260607,25.40609474279567,0.06930960102582127,23.928478858941332,7.173548930217485,0.0,0.004858155586924658,0.3944530633799855,0.3944530633799855,0,13.797588284262023,0.02369756126986511,140
9318.856245975,24.120000000006495,1,1,4,0.3623822969364998,25.377669099615613,25.405219368029908,0.09053396582293405,23.33114227383166,7.044732489083505,0.0,0.006345846540153451,0.38958936093486196,0.38958936093486196,0,13.792018402515204,0.025123902409476484,144
9318.867174978,24.130000000006508,1,1,4,0.4025298498509444,25.40625454422441,25.404583100157424,0.1008795371128234,22.72275861874583,6.909193198656049,0.10000000000000002,0.007071004299223381,0.38545845016554386,0.38545845016554386,0,13.786073693104226,0.02636548496591895,146
9318.878698982,24.14000000000652,1,1,4,0.4394528768215226,25.385886835166904,25.40372835926988,0.11110164869974525,22.04339542466844,6.768482375101555,0.0,0.007787508330138901,0.3784954110047286,0.3784954110047286,0,13.779769672376926,0.027435018880894724,152
9318.886938226,24.150000000006532,1,1,4,0.4394528768215226,25.385886835166904,25.403018621230995,0.1067367286224072,21.336339123167832,6.622988622007909,0.0,0.007481555611520735,0.372901284382447,0.372901284382447,0,13.773078057848446,0.028346304466153827,159
9318.896225578,24.160000000006544,1,1,4,0.49718406554674377,25.39003514021014,25.40283229248882,0.12210399806693312,20.612183760770566,6.47302985830931,0.0,0.008558701992436935,0.36683290826049075,0.36683290826049075,0,13.766005908829056,0.029119802906828696,161
9318.907455325,24.170000000006556,1,1,4,0.5627740528611003,25.394209719609194,25.402367313945636,0.139104905326703,19.862611338706007,6.320221456626595,0.0,0.009750355837854675,0.36062008293366316,0.36062008293366316,0,13.758568114733608,0.029754976323584703,163
9318.917206931,24.18000000000657,1,1,4,0.5698869392009538,25.369715115836012,25.400590326955637,0.13659956152924632,19.112801749343188,6.166321188865173,0.1,0.00957474741150961,0.35393709901642817,0.35393709901642817,0,13.75075601672629,0.030256615628029726,171
9318.926951661,24.19000000000658,1,1,4,0.6401489046218672,25.373913164912558,25.399524164084,0.1532688793431642,18.320285435073288,6.009782192309285,0.0,0.010743158977429949,0.34758721022728606,0.34758721022728606,0,13.742555041025607,0.030656587412088543,174
9318.936958236,24.200000000006593,1,1,4,0.7143245684501939,25.378137498188007,25.398598075731936,0.17056110297669586,17.509152873411054,5.851778242759746,0.0,0.011955232219985647,0.3410430139016741,0.3410430139016741,0,13.733998128561655,0.030956935024985865,178
9318.948297226,24.210000000006605,1,1,4,0.75690822975807,25.329148265929135,25.396995337218822,0.17938256235879405,16.743331883685702,5.693701181067237,0.02749569191162633,0.012573559573594581,0.33339564785577014,0.33339564785577014,0,13.725099267837319,0.031162154015849097,184
9318.956814636,24.220000000006618,1,1,4,0.8017182013782076,25.32005562497092,25.394021210219645,0.1824705821953826,15.881299454506014,5.536522004720667,0.0,0.012790009828676332,0.32723941599749284,0.32723941599749284,0,13.715843894464044,0.031280230716127067,189
9318.966571473,24.23000000000663,1,1,4,0.9844505304516431,25.25078448133054,25.38937001886493,0.23571403813792988,15.14954459368096,5.38115849350623,0.0,0.016522032364170124,0.31827892926080265,0.31827892926080265,0,13.706215667998325,0.03131153206305459,192
9318.976621141,24.240000000006642,1,1,4,1.08931968062446,25.20180365785896,25.38339947461173,0.2625292799964225,14.355035301994068,5.227595572208088,0.0549874697236717,0.018401607706135113,0.3102927314600804,0.3102927314600804,0,13.696183199036854,0.03126551403496447,194
9318.987339307,24.250000000006654,1,1,4,1.210738990650233,25.152837782955302,25.374980390886304,0.29242392260061323,13.555520382139933,5.077266838856994,0.0,0.020497029160553272,0.3021807690221607,0.3021807690221607,0,13.685711247010431,0.031140228848815177,202
9318.996741472,24.260000000006666,1,1,4,1.3175794033187997,25.113101715374714,25.36547314373675,0.3197830552272817,12.75734256014025,4.928992312774046,0.0,0.02241472773414834,0.2937173294060302,0.2937173294060302,0,13.674749597727436,0.030951056718182546,204
9319.006608306,24.27000000000668,1,1,4,1.4624106031738666,25.064189511353753,25.35427415215739,0.35322123095551256,11.953608434958882,4.783700800586086,0.0,0.024758527984421633,0.2821206063758641,0.2821206063758641,0,13.663263657390832,0.0306827550676676,207
9319.017069348,24.28000000000669,1,1,4,1.6740293588406874,25.00014769329411,25.341418480562822,0.40918421630824003,11.186388060146532,4.641609257320552,0.10000000000000002,0.028224859023313602,0.26876533495729926,0.26876533495729926,0,13.651282702437392,0.03031598252140988,213
9319.026514794,24.290000000006703,1,1,4,1.707644055871609,24.980817061920987,25.32770574534733,0.410167097198627,10.352651964374529,4.502190461013411,0.0,0.028750065580175413,0.25640841490301686,0.25640841490301686,0,13.63889936039205,0.029862195046105766,215
9319.036558819,24.300000000006715,1,1,4,1.8717773945358658,24.932004324654518,25.313167751919416,0.4443163925465437,9.577983794974877,4.365636919112698,0.0,0.031143710724983155,0.24367859427867342,0.24367859427867342,0,13.626223933414657,0.029332235262821138,217
9319.048475619,24.310000000006728,1,1,4,2.031583711469167,24.89259595310738,25.297547496013138,0.4785009605988914,8.83266333611162,4.232388770198126,0.027495728497887447,0.033539828258659914,0.23106404364056352,0.23106404364056352,0,13.613344269611513,0.028731543285175798,219
9319.056685291,24.32000000000674,1,1,4,2.115431375176947,24.86821538613204,25.281297668991996,0.48517528422779027,8.039284553795664,4.101988146148076,0.0,0.03400765525732635,0.21945996528305894,0.21945996528305894,0,13.600338069841397,0.02807308562371258,224
9319.066430891,24.330000000006752,1,1,4,2.36873356813077,24.795097651525307,25.26318575265589,0.5418445649350639,7.435656339818234,3.9757797123927148,0.0,0.037979805992582695,0.20693375308066345,0.20693375308066345,0,13.587285972146718,0.02735863003582195,227
9319.076781842,24.340000000006764,1,1,4,2.4536531402948327,24.770733101407103,25.24406399811492,0.5458151856537525,6.687120897843489,3.852895975962511,0.002025249956920264,0.03825812087165508,0.19797429311645964,0.19797429311645964,0,13.574227127193053,0.02660642831950022,228
9319.086659969,24.350000000006776,1,1,4,2.81588075531435,24.67753189850519,25.222567798019643,0.6294384266483043,6.331878105834291,3.7348722165547623,0.0,0.04411957021520376,0.18336901016963764,0.18336901016963764,0,13.561229877478747,0.025810927163759434,235
9319.096756572,24.36000000000679,1,1,4,3.0717827555918626,24.604502456338604,25.1991512226728,0.6806293079756853,5.913416760298444,3.6212492025958163,0.0,0.0477077205210691,0.17216357816099379,0.17216357816099379,0,13.548290461104818,0.024973648019766426,238
9319.106617894,24.3700000000068,1,1,4,3.328897431512552,24.531510005322577,25.17368290662164,0.7299336799683126,5.567639008783812,3.512047687580109,0.0,0.05116363870138809,0.16146352203879244,0.16146352203879244,0,13.535401206666409,0.024111306143625333,240
9319.117710745,24.380000000006813,1,1,4,3.8628862786424705,24.389845446988204,25.145035964431873,0.8577937782316182,5.653929275592874,3.408449565272773,0.10000000000000002,0.06012580615768606,0.14920980114924984,0.14920980114924984,0,13.522560724810006,0.023223829267452256,246
9319.126704714,24.390000000006825,1,1,4,4.035057290025967,24.341248806057415,25.11427507459184,0.87526431085008,5.348977190179566,3.30924316281228,0.0,0.06135037770896787,0.14020908864964154,0.14020908864964154,0,13.5097273445854,0.022321091300159468,251
9319.136491046,24.400000000006838,1,1,4,4.501284912344964,24.22828882920571,25.081054297279206,0.9757845726778371,5.495765795483453,3.2147797911147795,0.07530673533052523,0.06839619913009713,0.1293417807850078,0.1293417807850078,0,13.496890266902495,0.021407403638313394,254
9319.146563152,24.41000000000685,1,1,4,4.949338833051537,24.111204259935334,25.044922425426872,1.068977806119547,5.708240960708991,3.125478425158468,0.1,0.07492844316277779,0.11849009717345889,0.11849009717345889,0,13.484024389700972,0.02048289962270977,256
9319.156579324,24.420000000006862,1,1,4,5.586313354352739,23.960069554476124,25.004285508393348,1.2135373769526396,6.2350705773047075,3.043135687539397,0.10000000000000002,0.08506113583871132,0.12499055997857708,0.12499055997857708,0,13.471069378394791,0.019529416321923954,264
9319.166756995,24.430000000006874,1,1,4,6.139629056231918,23.823478189427938,24.960472109814386,1.3280333031725164,6.690355695012232,2.966015904648074,0.1,0.09308656111042765,0.13933843388215345,0.13933843388215345,0,13.457915666277595,0.018548169012011062,265
9319.176902481,24.440000000006886,1,1,4,7.054861342027731,23.605150384716605,24.911568150537647,1.5454003527244118,7.293889935979138,2.8961964081924485,0.1,0.10615673240810906,0.1556481837925985,0.1556481837925985,0,13.444481645235442,0.017547929722627753,268
9319.18711484,24.4500000000069,1,1,4,7.885742065164495,23.401325970405736,24.855166153850934,1.7278483908838744,7.9387634299929335,2.835964035648131,0.09999999999999999,0.12111101765546015,0.1734634386194636,0.1734634386194636,0,13.430681231608759,0.01653046060134633,275
9319.196900523,24.46000000000691,1,1,4,8.801711242579191,23.18462630378991,24.793016522950385,1.9292784219276122,8.557159969859763,2.783475571371266,0.1,0.13521049765641963,0.1912074291907528,0.1912074291907528,0,13.416421600548857,0.01551158553886034,278
9319.207068785,24.470000000006923,1,1,4,9.888028132002235,22.92088924530066,24.72309315510096,2.1726924430179833,9.156246587441974,2.7405754346298337,0.1,0.1522917139110966,0.20852607445763172,0.20852607445763172,0,13.40161223640412,0.014505734843227591,280
9319.218605442,24.480000000006935,1,1,4,11.442837978751825,22.548257008199602,24.645019770835898,2.546263179241419,9.726628722618601,2.707777227581727,0.1,0.16944039494533406,0.2250143307756974,0.2250143307756974,0,13.38617139218633,0.013520271620622637,285
9319.226456191,24.490000000006948,1,1,4,12.16692072518822,22.37812876966296,24.55895804170132,2.66130565922391,10.259416588520844,2.684846931831386,0.1,0.18628563140398788,0.24082332014938537,0.24082332014938537,0,13.370031941968568,0.012561523656280604,290
9319.236854272,24.50000000000696,1,1,4,13.316304681597765,22.089732423559393,24.465913771620485,2.895446654103442,10.743799217821573,2.670689206616684,0.1,0.20010989403411633,0.25607083145656956,0.25607083145656956,0,13.35313854029907,0.012499545639087895,292
9319.246809502,24.510000000006972,1,1,4,14.295872411341893,21.85014720196191,24.365471279950487,3.070006212790034,11.190430967251954,2.665476843699734,0.1,0.21518761634485023,0.2705013257607121,0.2705013257607121,0,13.335443361667174,0.01261274530840456,4
9319.257841622,24.520000000006984,1,1,4,15.428040282246496,21.57170430059153,24.25750412867703,3.2826285510187936,11.602525827377548,2.6692311682423164,0.1,0.22888111978244055,0.28425564984793694,0.28425564984793694,0,13.316909445209554,0.012786721792906186,11
9319.266767485,24.530000000006996,1,1,4,16.559169927353075,21.27033662726238,24.143428896207787,3.4868116677669905,11.985904427007302,2.6806261724960896,0.10000000000000002,0.24223074375535672,0.2970700677337641,0.2970700677337641,0,13.29750916883306,0.013835389214824412,16
9319.27692239,24.54000000000701,1,1,4,17.60622602506354,20.99345964418779,24.022190612277686,3.6583112901199324,12.329852773516427,2.700057163353051,0.10000000000000002,0.256154208812698,0.30905347894167345,0.30905347894167345,0,13.277225932147152,0.015024103476836359,19
9319.287662247,24.55000000000702,1,1,4,19.15418445262599,20.5725684248942,23.893102545542945,3.9732303309019197,12.631925821537317,2.7279527817402878,0.1,0.27113225358725856,0.3162429498064412,0.3162429498064412,0,13.25605101698773,0.01619683449997722,25
9319.296860477,24.560000000007033,1,1,4,20.10249889088014,20.290361201870812,23.75576193755105,4.09968651372629,12.896028026073012,2.764219456317866,0.09999999999999999,0.28459396504796913,0.3184444430734913,0.3184444430734913,0,13.234003284709546,0.01728600407064751,28
9319.307218939,24.570000000007045,1,1,4,21.485514391805598,19.9189586032234,23.608555724840052,4.347548812950696,13.131237816250811,2.810341316534942,0.1,0.30325990397348357,0.3204801764933991,0.3204801764933991,0,13.211145930680065,0.018288622841444724,31
9319.316798237,24.580000000007058,1,1,4,22.871332456895985,19.54955214959418,23.452475681247527,4.586935760604057,13.338393417521575,2.865624997406028,0.10000000000000002,0.31885665698415183,0.32235107032079197,0.32235107032079197,0,13.187542622168609,0.01921153542685583,34
9319.3265195,24.59000000000707,1,1,4,24.359114883156405,19.16400350377345,23.286604314131846,4.845599786351502,13.521516302631062,2.931106549141148,0.1,0.3385810104415513,0.32393292291796816,0.32393292291796816,0,13.163251024550677,0.020060182330434273,42
9319.336539318,24.600000000007082,1,1,4,25.835471230262268,18.776287008969806,23.112090053752198,5.092201664566518,13.688477992669092,3.005387229513714,0.1,0.3523959083280033,0.32509980721579457,0.32509980721579457,0,13.138324156539992,0.020837842560007314,42
9319.346799652,24.610000000007094,1,1,4,27.225168445666707,18.442919430761243,22.92906742872545,5.302576723616476,13.841915639724,3.088549459556172,0.1,0.3715049733982051,0.32585512580506576,0.32585512580506576,0,13.112812201416151,0.02154781742864742,44
9319.35668969,24.620000000007106,1,1,4,28.54094139734437,18.125366937435555,22.73765532080702,5.479732628697517,13.983106350016529,3.180970461785291,0.10000000000000002,0.3840938815250426,0.3261623692919783,0.3261623692919783,0,13.086762785881858,0.02219244862915315,52
9319.367081331,24.63000000000712,1,1,4,30.630340609645152,17.607016677985808,22.540331375314988,5.883801632118759,14.113353163757182,3.279162932999295,0.1,0.3992739593161023,0.3261110726288299,0.3261110726288299,0,13.060221510661547,0.022774232623303137,56
9319.3772999,24.64000000000713,1,1,4,31.676142839131174,17.342834898096505,22.33487288989448,5.964237617215935,14.230148070211298,3.3855353776316637,0.10000000000000002,0.4177207060066111,0.32567607049793174,0.32567607049793174,0,13.033231487705963,0.02329594777356503,60
9319.387864863,24.650000000007143,1,1,4,33.507603800127306,16.884746801596652,22.122611220019856,6.273537868812478,14.33428432384887,3.4980661805780193,0.1,0.4287460689076354,0.3248499336125132,0.3248499336125132,0,13.005832586585996,0.023759567520118985,66
9319.397224626,24.660000000007155,1,1,4,34.467530442276164,16.647068331813475,21.902751120566506,6.311762698792815,14.431952123919567,3.617477747133638,0.1,0.4424138180662563,0.32354761580149105,0.32354761580149105,0,12.978062188248217,0.024166597897990805,73
9319.407068173,24.670000000007168,1,1,4,35.87436139031682,16.31425224626897,21.677972106734334,6.47756851904438,14.520850529885788,3.7409445778216277,0.09999999999999999,0.45403573566609395,0.321780504423671,0.321780504423671,0,12.94995633484681,0.024517949808897654,76
9319.416913844,24.68000000000718,1,1,4,37.359910265211894,15.937430134687453,21.447356464794577,6.661427492768475,14.605504724374715,3.8692332753258047,0.10000000000000002,0.46682790250215156,0.31952380956469123,0.31952380956469123,0,12.92154950952374,0.02481448769686012,79
9319.426734406,24.690000000007192,1,1,4,38.76595326063085,15.606504320109545,21.20983997829835,6.8124498843859165,14.686973996577311,4.002771760128731,0.1,0.47750875746843907,0.31675762464571716,0.31675762464571716,0,12.892875475354415,0.02505665472458407,87
9319.436725123,24.700000000007204,1,1,4,40.07675881964347,15.2963534745045,20.96883395558668,6.931013069089876,14.763152964683881,4.138565882037914,0.10000000000000002,0.4858192713027131,0.3135130612800617,0.3135130612800617,0,12.863967260820825,0.025245066995148724,90
9319.446919825,24.710000000007216,1,1,4,41.91410484922411,14.85045100403247,20.72306747548886,7.2028513751718775,14.83915270116355,4.277393279828986,0.09999999999999999,0.4965160519292503,0.30980290378979936,0.30980290378979936,0,12.834856984765757,0.025380378438249585,94
9319.45762226,24.72000000000723,1,1,4,43.31347430780241,14.529930813204796,20.47244887339951,7.336488328799253,14.914232395297036,4.4193765958109825,0.1,0.5087633257854454,0.3056191936553084,0.3056191936553084,0,12.805576194403338,0.025463278602704476,100
9319.466885701,24.73000000000724,1,1,4,44.28289475978444,14.315997630985358,20.218287801332675,7.335073013148365,14.990020549221857,4.563369217705468,0.09999999999999999,0.514141264873977,0.3010124903655766,0.3010124903655766,0,12.776155800217436,0.02549450748240023,104
9319.477102249,24.740000000007253,1,1,4,45.68267483495844,14.004334868569986,19.96103159467841,7.459518361615072,15.066158085473752,4.708971987469811,0.1,0.5222460398340275,0.2959915023728918,0.2959915023728918,0,12.746626078747441,0.025475132056801186,106
9319.489396177,24.750000000007265,1,1,4,47.443667586867996,13.586022092889792,19.700075376592796,7.688592782532334,15.142008901150781,4.8558989620792765,0.09999999999999999,0.529105263422902,0.29055366962261847,0.29055366962261847,0,12.717016552175188,0.025406161554609508,109
9319.496266804,24.760000000007278,1,1,4,48.40869183632775,13.359389929136691,19.434468908683186,7.67289291049985,15.21927991870743,5.005168621833748,0.1,0.537820258799811,0.28471076705948767,0.28471076705948767,0,12.687355761255215,0.025288406356569926,118
9319.507114012,24.77000000000729,1,1,4,49.81598979271204,13.067314649472959,19.166450748340498,7.7850182281784015,15.297436500256717,5.155073773789106,0.1,0.5456795197168204,0.2785459781593133,0.2785459781593133,0,12.657671366944475,0.025123246219206363,120
9319.516482395,24.780000000007302,1,1,4,51.21670443349491,12.779216993422155,18.895744530818803,7.89149526589955,15.376134112578375,5.306274438493661,0.1,0.5531428726726609,0.2720587943528933,0.2720587943528933,0,12.627989957966319,0.02491217941990942,123
9319.527445835,24.790000000007314,1,1,4,52.624053887403846,12.50119957224125,18.622497864814115,7.994886059873282,15.454814879969017,5.458609956327659,0.1,0.5603898998658045,0.2652646855013361,0.2652646855013361,0,12.598336972878842,0.02465668115276598,129
9319.536904485,24.800000000007326,1,1,4,53.94498396515856,12.261068384199888,18.34762492240035,8.068458804755728,15.534379646475214,5.611271608553645,0.1,0.5655468743153165,0.2582332974858323,0.2582332974858323,0,12.568736647130876,0.02435852781695802,132
9319.546848739,24.81000000000734,1,1,4,55.420419558643985,11.962104265995382,18.07155607125894,8.188359772278481,15.613990246505397,5.7636322629116785,0.1,0.5721092778001752,0.250998090125154,0.250998090125154,0,12.539211973010259,0.02401978831618523,136
9319.558220566,24.82000000000735,1,1,4,57.26283212035771,11.606348807632838,17.79387527488001,8.414141351789999,15.693082326555551,5.916179417091767,0.1,0.5787959969651533,0.2435463093054485,0.2435463093054485,0,12.509784464400648,0.023642432884192877,141
9319.566923487,24.830000000007363,1,1,4,58.22112333146174,11.43701884004914,17.512848319071953,8.368872020188274,15.7725293622339,6.070505686671204,0.09999999999999999,0.5866039013265654,0.23590187539485583,0.23590187539485583,0,12.480474126458665,0.023228281020932995,146
9319.576847907,24.840000000007375,1,1,4,59.889065827357825,11.13518104592231,17.228763547822478,8.531826946450892,15.85190073759539,6.226600742212122,0.10000000000000002,0.5967697536509398,0.23937054237140404,0.23937054237140404,0,12.4512995343103,0.022860574711819237,150
9319.586100866,24.850000000007388,1,1,4,61.28639779565409,10.912142370965393,16.943294093606298,8.609812740688744,15.930160346711165,6.382933965861515,0.1,0.6023263689166177,0.2482540219113056,0.2482540219113056,0,12.422277821378222,0.02296965280840141,152
9319.59754208,24.8600000000074,1,1,4,62.864537052071704,10.676917672232252,16.654904454771437,8.73528859313698,16.00746890746601,6.54189033036141,0.1,0.6122873375989706,0.258537317878067,0.258537317878067,0,12.393424692724322,0.023056143794800033,158
9319.606481694,24.870000000007412,1,1,4,64.44565986658448,10.432206867716667,16.364851737034847,8.858168477136774,16.08383053417019,6.701741724210054,0.1,0.6209004241863803,0.26887309019891503,0.26887309019891503,0,12.364754690828525,0.023120055068952317,161
9319.61661528,24.880000000007424,1,1,4,66.11476554322694,10.192983891418665,16.073280921735417,9.00342646218022,16.158773829775498,6.862165594493172,0.09999999999999999,0.629854238235581,0.2792859009253445,0.2792859009253445,0,12.336281188930913,0.023161589458813026,162
9319.62754602,24.890000000007436,1,1,4,68.30583326499928,9.917192851368709,15.77885663683939,9.300252396457125,16.232227446343703,7.025276078741629,0.10000000000000002,0.6422464673473794,0.2898485983958044,0.2898485983958044,0,12.3080164265658,0.02318089730735129,170
9319.636936612,24.90000000000745,1,1,4,69.53697895439946,9.766782393871228,15.481356388249893,9.301264433321807,16.30434949358874,7.191220544967745,0.10000000000000002,0.6509857009787,0.30056158085466306,0.30056158085466306,0,12.279971644007286,0.02317806557388158,174
9319.646491298,24.91000000000746,1,1,4,71.37804359908172,9.578861633373998,15.181245033397119,9.479727680832415,16.374615685727143,7.360386829478657,0.09999999999999999,0.6636605351017294,0.31144769484665763,0.31144769484665763,0,12.252157230145883,0.023153227195491344,177
9319.658532463,24.920000000007473,1,1,4,73.57379417560428,9.37134775463948,14.878429327315892,9.759120066991054,16.44307404191681,7.532706247032387,0.09999999999999999,0.6758096884033263,0.3225118202986574,0.3225118202986574,0,12.224582784452783,0.02310658873606042,180
9319.666706181,24.930000000007485,1,1,4,74.7137399322321,9.283148607059989,14.574692274588617,9.715396868822602,16.50983124924308,7.706139783950836,0.1,0.6809866003971968,0.333668843421273,0.333668843421273,0,12.197257157858699,0.02355295389760978,187
9319.676977093,24.940000000007498,1,1,4,76.55938329009909,9.154845472686509,14.27025868936121,9.880156576571931,16.57513103482112,7.880635460869147,0.10000000000000002,0.690662106073041,0.3449032343932406,0.3449032343932406,0,12.170188483904244,0.024108850786090708,189
9319.686891863,24.95000000000751,1,1,4,78.31767922881635,9.06139864068877,13.965342022088837,10.013428732415337,16.638659025539976,8.056749309598082,0.1,0.7011534589151424,0.35624036045009627,0.35624036045009627,0,12.143384029457186,0.025103348416813498,192
9319.697183256,24.960000000007522,1,1,4,80.16733825115735,9.024241602078344,13.657913761632711,10.163944107168875,16.700151418036654,8.23774675705931,0.09999999999999999,0.7132914905595656,0.36782373404047125,0.36782373404047125,0,12.11685035203138,0.02611248273711242,200
9319.706420289,24.970000000007534,1,1,4,81.83865716178607,9.017311599339454,13.352707857476304,10.257210709936556,16.75997683733498,8.417951946995556,0.1,0.718964252848265,0.3794133675797382,0.3794133675797382,0,12.090593590219346,0.02713625980004286,204
9319.716850794,24.980000000007546,1,1,4,83.68250958902426,8.998024073760677,13.048965761317595,10.401423282224338,16.818343559262225,8.599250357524875,0.10000000000000002,0.7288564145547517,0.39105283476738106,0.39105283476738106,0,12.064619439284009,0.028173277754716564,207
9319.728382905,24.99000000000756,1,1,4,85.63138692980527,9.00863093540974,12.747192282292758,10.572050710194429,16.87499365569766,8.780487710580946,0.1,0.7342654264226813,0.40275079305748346,0.40275079305748346,0,12.03893292551461,0.029222941456364504,212
9319.736489776,25.00000000000757,1,1,4,86.42292065641124,9.006597194596191,12.449781835672493,10.39328355477045,16.930443244678997,8.958803430517387,0.09999999999999999,0.7294315246940516,0.41436218674075614,0.41436218674075614,0,12.013538449673446,0.030283958838217107,218
9319.746969658,25.010000000007583,1,1,4,87.58249219116573,9.007205922324276,12.159926848270224,10.329921677123481,16.98466606074915,9.129618219427025,0.09999999999999999,0.724972357818304,0.4256999536531223,0.4256999536531223,0,11.98843968318596,0.03135320151395149,220
9319.756937595,25.020000000007595,1,1,4,88.56069710522573,9.008510446392552,11.87729983535276,10.21511967835826,17.038137436462154,9.29395520460598,0.1,0.7168930317444185,0.43675809599260185,0.43675809599260185,0,11.963639209852394,0.03242743582946872,224
9319.767105845,25.030000000007607,1,1,4,89.35483728490208,9.035982973057163,11.604733992823911,10.049885920159356,17.090349324324777,9.448932440257645,0.09999999999999999,0.7060572908713548,0.44738757200349105,0.44738757200349105,0,11.93913828153569,0.033502576414584206,232
9319.776947896,25.04000000000762,1,1,4,90.24587127183914,9.046997113471617,11.342466349042375,9.92139602277513,17.141484995343593,9.593536224739132,0.1,0.6962218830310337,0.4575738100072689,0.4575738100072689,0,11.914936806683906,0.03457421358576873,234
9319.787402136,25.050000000007632,1,1,4,91.13406485641148,9.116256548223424,11.090515490421115,9.79319354007369,17.191437032879907,9.729208910087774,0.09999999999999999,0.687199482094053,0.46731890770054196,0.46731890770054196,0,11.89103335744004,0.03563857436050166,236
9319.797299431,25.060000000007644,1,1,4,92.28882291824854,9.176543170335915,10.848164175469517,9.753449017715488,17.239679485452577,9.857047317653828,0.1,0.6823396819025808,0.47671628435156604,0.47671628435156604,0,11.867425229198426,0.036692372807800355,244
9319.806957175,25.070000000007656,1,1,4,92.82006262859389,9.218410788900126,10.617820041277362,9.528714665683042,17.286453704960604,9.975348059333317,0.1,0.6685864693517735,0.48561871298364223,0.48561871298364223,0,11.844108756170387,0.03773285571775875,249
9319.816447674,25.08000000000767,1,1,4,93.61456267818247,9.298335130508564,10.400217139901034,9.389690121629128,17.331378906974425,10.083523676193098,0.1,0.6588024530823189,0.49401419279549735,0.49401419279549735,0,11.821079508244656,0.03875629034812378,252
9319.828662572,25.09000000000768,1,1,4,94.41394710171433,9.359841793040125,10.194126731033544,9.259350045529168,17.374732022515555,10.183483642299999,0.09999999999999999,0.6496296164885922,0.5019669024875606,0.5019669024875606,0,11.798332353917113,0.03975979777785699,255
9319.836815431,25.100000000007693,1,1,4,94.68208491719487,9.37378196345078,10.000815533655718,8.975848588434745,17.416293375342473,10.272048176377156,0.1,0.6303053409927648,0.5093686664987134,0.5093686664987134,0,11.77586128882524,0.040740699554563164,259
9319.847254045,25.110000000007705,1,1,4,95.13102293036059,9.40664194567699,9.820820838792022,8.75497645544432,17.455996877927397,10.34829149751779,0.1,0.6149781347039383,0.5161763926381576,0.5161763926381576,0,11.753659551791833,0.04169543203392645,262
9319.856518673,25.120000000007717,1,1,4,95.74486008843407,9.483622866207261,9.653750845126204,8.59319216242954,17.493727929809147,10.413793196786745,0.1,0.6028040984347843,0.5224464954176622,0.5224464954176622,0,11.731719672296801,0.042621139610507175,266
9319.866980067,25.13000000000773,1,1,4,95.92537064890178,9.487443641029802,9.500016906698955,8.309881836594212,17.52946017684917,10.467540172353162,0.1,0.5840473883877011,0.5281151079461894,0.5281151079461894,0,11.710033618486905,0.04351511477000858,273
9319.876936211,25.140000000007742,1,1,4,96.19909943768751,9.497511531231195,9.36010741030439,8.063900953803135,17.563278773408975,10.508626232301058,0.09999999999999999,0.5666729599872189,0.5331302000890382,0.5331302000890382,0,11.68859284599792,0.04437424363277498,277
9319.886410472,25.150000000007754,1,1,4,96.54997975197085,9.553055904489613,9.23316375721255,7.849263798362228,17.595071350934216,10.53759093483387,0.1,0.5506735469684304,0.537511200880131,0.537511200880131,0,11.66738824833402,0.04519578674307523,281
9319.898337426,25.160000000007766,1,1,4,96.90634320145205,9.601529530742644,9.118720059839978,7.644139577206912,17.6247770853705,10.555887681423782,0.09999999999999999,0.5368636542088111,0.5413386176107069,0.5413386176107069,0,11.646410097223455,0.045977591189469535,287
9319.907130549,25.17000000000778,1,1,4,96.90634320145205,9.601529530742642,9.016597100773117,7.34284155946618,17.652383444876115,10.562621947548902,0.1,0.5168642535196881,0.5445673976282754,0.5445673976282754,0,11.625648225123415,0.046718171736899405,292
9319.916165777,25.18000000000779,1,1,4,96.99931524401715,9.593081228982648,8.925834308281255,7.08301105065846,17.677845341243145,10.556543836412313,0.09999999999999999,0.4974186460454983,0.5471550496514662,0.5471550496514662,0,11.605091687027027,0.047415403052662786,295
9319.927174511,25.190000000007803,1,1,4,97.0926271809222,9.59953101870379,8.846515118460928,6.831046909643304,17.701493552869717,10.537888897938242,0.10000000000000002,0.479254018435154,0.5490759590487546,0.5490759590487546,0,11.584666770143494,0.04806761626283618,297
9319.936791202,25.200000000007815,1,1,4,97.01057853575233,9.577463265290278,8.777532136728334,6.537508852930822,17.72512017842315,10.506436105379553,0.09999999999999999,0.45964152799178437,0.5503891123767141,0.5503891123767141,0,11.564245471432612,0.0486729573550202,307
9319.947119254,25.210000000007827,1,1,4,97.01133384890544,9.60034317189373,8.718569500033148,6.277520327886231,17.750227137788947,10.462407246750974,0.1,0.4411775774440866,0.5510690989839558,0.5510690989839558,0,11.543810476245906,0.04922918320973246,310
9319.956582076,25.22000000000784,1,1,4,97.01057853575233,9.577463265290278,8.66864680968901,6.032903531305671,17.775639376424518,10.406622610362618,0.1,0.42286759066858126,0.5511363262417581,0.5511363262417581,0,11.523521263897587,0.049734662259606655,312
9319.96762412,25.230000000007852,1,1,4,97.01712675018959,9.59268809663201,8.627206900327632,5.7941770297998625,17.79930552332221,10.341346901664515,0.1,0.40738917079187015,0.5506685229553167,0.5506685229553167,0,11.503419850807106,0.05018930325475335,319
9319.977019963,25.240000000007864,1,1,4,97.01172547490442,9.61540089976058,8.593619988921883,5.562400736814041,17.82045432773952,10.266257471644925,0.1,0.3904550246708424,0.5496450363321148,0.5496450363321148,0,11.483500571254853,0.05059297878219793,325
9319.986821497,25.250000000007876,1,1,4,96.9240246004976,9.60123428074733,8.568286537118992,5.318062702523876,17.83889741783663,10.181786552375701,0.10000000000000002,0.3727618633997967,0.5480511102203438,0.5480511102203438,0,11.46375180251038,0.05094511289042236,330
9319.998399512,25.26000000000789,1,1,4,96.83097397214333,9.609940453912904,8.549343244829407,5.079437471628441,17.854562143111,10.088331324474144,0.10000000000000003,0.3568121809029527,0.545932886076002,0.545932886076002,0,11.444160026556625,0.051245461631101996,334
9320.006636314,25.2700000000079,1,1,4,96.74326953482476,9.595916567652017,8.536726628827203,4.853802590428752,17.867433090521406,9.986525193752653,0.1,0.34022022668598995,0.5432964419983299,0.5432964419983299,0,11.42471114565332,0.0514939971577979,340
9320.016785926,25.280000000007913,1,1,4,96.39348418463258,9.563496894282574,8.529014775512744,4.557831484532607,17.877758807776182,9.875407386735413,0.1,0.3213952097162438,0.5401408311081185,0.5401408311081185,0,11.405390649038665,0.051690740711372474,344
9320.026303262,25.290000000007925,1,1,4,96.11941457941127,9.553124057907922,8.526287974202686,4.295613875157996,17.88542362828456,9.755044847773704,0.09999999999999999,0.30302008156963606,0.5364231552926015,0.5364231552926015,0,11.386183936335511,0.051835455247983164,348
9320.036750226,25.300000000007937,1,1,4,95.94296799086996,9.502830031376849,8.52719279946336,4.076804313746867,17.890460667370014,9.625636264104461,0.09999999999999999,0.2857576635919307,0.5321791340354568,0.5321791340354568,0,11.367076403883017,0.05192780140693776,354
9320.046646092,25.31000000000795,1,1,4,95.67983829750911,9.462601465009401,8.530861716027404,3.838851159023912,17.893418171609568,9.489063358961547,0.1,0.269223987059085,0.5275317450468844,0.5275317450468844,0,11.348053304310774,0.05196849129242942,357
9320.05673592,25.320000000007962,1,1,4,95.58690998666378,9.472714472286253,8.53789207563824,3.6588778219439475,17.893948679702596,9.345374108043133,0.1,0.25646371454265343,0.522419442257422,0.522419442257422,0,11.329100125545063,0.051958249192953776,359
9320.066516384,25.330000000007974,1,1,4,95.23605900690833,9.420219137461318,8.546687427067445,3.4125309587722263,17.89244529338574,9.194975212365652,0.1,0.23919638978640248,0.5169108494826868,0.5169108494826868,0,11.31020255643613,0.05189796908661792,366
9320.076701402,25.340000000007986,1,1,4,94.97854601252149,9.37404466802836,8.556599660971408,3.2027632379198945,17.889237903448098,9.038064685941036,0.1,0.2244930267611914,0.5110367703673762,0.5110367703673762,0,11.29134631881341,0.0517885841969028,367
9320.08665764,25.350000000008,0,1,4,94.80313214073443,9.37404466802836,8.567659930156697,3.076934272069568,0.0,0.0,0.1,0.21567322857457416,0.0,0.0,0,0.0,0.04675894126928237,368
9320.098130232,25.36000000000801,0,1,4,94.80882510833752,9.37404466802836,8.580007206061788,2.9560488276320935,0.0,0.0,0.1,0.20719993932489297,0.0,0.0,0,0.0,0.04221023663199808,370
9320.106422102,25.370000000008023,0,1,4,94.72112297271242,9.37404466802836,8.593451478220304,2.8399126853846295,0.0,0.0,0.10000000000000002,0.19905954549845625,0.0,0.0,0,0.0,0.038098621510603614,373
9320.116035974,25.380000000008035,0,1,4,94.72112297271238,9.37404466802836,8.607820947140377,2.7283392565166054,0.0,0.0,0.1,0.1912389684242126,0.0,0.0,0,0.0,0.03438162023077651,373
9320.126612405,25.390000000008047,0,1,4,94.54571950068745,9.37404466802836,8.62296061041283,2.6211492828489615,0.0,0.0,0.09999999999999999,0.1837256432610542,0.0,0.0,0,0.0,0.03102121099574595,373
9320.136573765,25.40000000000806,0,1,4,94.370680880893,9.37404466802836,8.638730922644942,2.518170548831015,0.0,0.0,0.1,0.17650749881065797,0.0,0.0,0,0.0,0.027983140778570448,377
9320.146301489,25.410000000008072,0,1,4,94.28298066984772,9.37404466802836,8.655006532002993,2.419237604852318,0.0,0.0,0.1,0.16957293812343177,0.0,0.0,0,0.0,0.025236479495869046,377
9320.156571662,25.420000000008084,0,1,4,94.10221819869787,9.37404466802836,8.671675094427707,2.324191501424926,0.0,0.0,0.1,0.16291081986640735,0.0,0.0,0,0.0,0.022753274743649854,378
9320.167400575,25.430000000008096,0,1,4,93.65838525287019,9.37404466802836,8.68863616521154,2.2328795338090015,0.0,0.0,0.09999999999999999,0.15651044042314508,0.0,0.0,0,0.0,0.02050825802644396,382
9320.176158426,25.44000000000811,0,1,4,93.3900014555126,9.37404466802836,8.705800166551182,2.1451549966714927,0.0,0.0,0.09999999999999999,0.15036151669688977,0.0,0.0,0,0.0,0.018478584904045636,384
9320.186527957,25.45000000000812,0,1,4,92.94623855434405,9.37404466802836,8.723087428869592,2.0608769483836813,0.0,0.0,0.1,0.14445416958935126,0.0,0.0,0,0.0,0.01664360182846414,384
9320.196496073,25.460000000008133,0,1,4,92.49739795887098,9.37404466802836,8.740427303099112,1.9799099845789132,0.0,0.0,0.1,0.13877890812856297,0.0,0.0,0,0.0,0.014984635875427754,385
9320.206621389,25.470000000008145,0,1,4,91.8783147796668,9.37404466802836,8.757757340693981,1.9021240206067198,0.0,0.0,0.09999999999999999,0.13332661422032016,0.0,0.0,0,0.0,0.013484804794166472,390
9320.216500247,25.480000000008157,0,1,4,91.25963462433106,9.37404466802836,8.7750225378647,1.8273940825337904,0.0,0.0,0.1,0.12808852799869744,0.0,0.0,0,0.0,0.012128845311424774,392
9320.226560721,25.49000000000817,0,1,4,90.63084921929921,9.37404466802836,8.792174640369424,1.7556001063560285,0.0,0.0,0.10000000000000002,0.12305623375210972,0.0,0.0,0,0.0,0.01090295790526774,392
9320.236443778,25.500000000008182,0,1,4,89.9194955657453,9.37404466802836,8.809171505134731,1.6866267450990848,0.0,0.0,0.1,0.11822164640230597,0.0,0.0,0,0.0,0.009794666460276824,397
9320.246469604,25.510000000008194,0,1,4,89.30111685878971,9.37404466802836,8.825976514988744,1.6203631834974606,0.0,0.0,0.1,0.11357699851456925,0.0,0.0,0,0.0,0.008792691375446804,0
9320.256026132,25.520000000008206,0,1,4,88.50527027783087,9.37404466802836,8.842558042856604,1.5567029599544158,0.0,0.0,0.1,0.109114827818257,0.0,0.0,0,0.0,0.00788683483518593,1
9320.267496064,25.53000000000822,0,1,4,87.62478756171082,9.37404466802836,8.858888961877168,1.495543795496658,0.0,0.0,0.1,0.1048279652176282,0.0,0.0,0,0.0,0.007067877077927998,3
9320.276463032,25.54000000000823,0,1,4,87.00700324633357,9.37404466802836,8.874946198038648,1.4367874294489948,0.0,0.0,0.1,0.10070952327369764,0.0,0.0,0,0.0,0.006327482608167623,5
9320.286196306,25.550000000008243,0,1,4,86.1219278799147,9.37404466802836,8.890710322090554,1.380339461564944,0.0,0.0,0.1,0.0967528851386104,0.0,0.0,0,0.0,0.005658115312664247,5
9320.296523175,25.560000000008255,0,1,4,85.15024239659472,9.37404466802836,8.906165177661814,1.326109200359649,0.0,0.0,0.1,0.09295169392475915,0.0,0.0,0,0.0,0.0054756262747912565,6
9320.306357424,25.570000000008267,0,1,4,84.27507011410066,9.37404466802836,8.921297542694454,1.2740095174014299,0.0,0.0,0.09999999999999999,0.0892998424915621,0.0,0.0,0,0.0,0.005427255530444652,11
9320.316527791,25.58000000000828,0,1,4,83.22073683178021,9.37404466802836,8.936096821484032,1.2239567073278983,0.0,0.0,0.10000000000000002,0.08579146363349568,0.0,0.0,0,0.0,0.005383385373751937,11
9320.326729322,25.590000000008292,0,1,4,81.99674931067854,9.37404466802836,8.950554764798616,1.1758703533616683,0.0,0.0,0.1,0.08242092065361552,0.0,0.0,0,0.0,0.005342817396191579,11
9320.336919614,25.600000000008304,0,1,4,80.24403000836315,9.37404466802836,8.96466521572469,1.1296731981096737,0.0,0.0,0.09999999999999999,0.0791827983074218,0.0,0.0,0,0.0,0.005304948956676103,16
9320.346418754,25.610000000008316,0,1,4,79.46397125791071,9.37404466802836,8.97842387905914,1.0852910194384555,0.0,0.0,0.1,0.0760718941025174,0.0,0.0,0,0.0,0.005269462542021763,17
9320.356522718,25.62000000000833,0,1,4,78.15550417908366,9.37404466802836,8.99182811222995,1.0426525112260014,0.0,0.0,0.1,0.07308320994008387,0.0,0.0,0,0.0,0.005236150237954096,17
9320.366344929,25.63000000000834,0,1,4,76.6696262032796,9.37404466802836,9.004876735883617,1.001689168798599,0.0,0.0,0.1,0.0702119440847422,0.0,0.0,0,0.0,0.005204850135449357,17
9320.376320415,25.640000000008353,0,1,4,75.374025576055,9.37404466802836,9.01756986242397,0.9623351788685583,0.0,0.0,0.1,0.06745348344989924,0.0,0.0,0,0.0,0.0051754249534270436,22
9320.386269273,25.650000000008365,0,1,4,73.90326659775275,9.37404466802836,9.029908740924947,0.9245273137960642,0.0,0.0,0.1,0.06480339618618518,0.0,0.0,0,0.0,0.005147759317350342,23
9320.396369294,25.660000000008377,0,1,4,72.43372129148442,9.37404466802836,9.04189561696842,0.8882048300051929,0.0,0.0,0.09999999999999999,0.06225742456107287,0.0,0.0,0,0.0,0.005121735141624617,23
9320.406325976,25.67000000000839,0,1,4,70.88029421518596,9.37404466802836,9.053533606078519,0.8533093703909482,0.0,0.0,0.0,0.0598114781182404,0.0,0.0,0,0.0,0.005097239724332292,28
9320.41655695,25.680000000008402,0,1,4,69.32553185756193,9.37404466802836,9.064826579534992,0.8197848705604752,0.0,0.0,0.0,0.05746162710568612,0.0,0.0,0,0.0,0.005074171599912081,28
9320.42638614,25.690000000008414,0,1,4,67.69477465708854,9.37404466802836,9.075779061451327,0.7875774687578482,0.0,0.0,0.0,0.05520409616203706,0.0,0.0,0,0.0,0.005052445893236168,28
9320.438580166,25.700000000008426,0,1,4,65.4559220737378,9.37404466802836,9.086396136098761,0.7566354193276889,0.0,0.0,0.0,0.053035258250908046,0.0,0.0,0,0.0,0.0050319800343257,29
9320.44627382,25.71000000000844,0,1,4,64.33521962674023,9.37404466802836,9.096683364544932,0.7269090095786017,0.0,0.0,0.0,0.050951628833564626,0.0,0.0,0,0.0,0.005012689645889079,32
9320.456555039,25.72000000000845,0,1,4,62.623799451396515,9.37404466802836,9.106646709756761,0.6983504799128332,0.0,0.0,0.0,0.04894986027052798,0.0,0.0,0,0.0,0.004994497232114092,33
9320.466435351,25.730000000008463,0,1,4,60.74349910049806,9.37404466802836,9.116292469391526,0.6709139470938856,0.0,0.0,0.0,0.047026736443129845,0.0,0.0,0,0.0,0.004977332751742836,33
9320.476298756,25.740000000008475,0,1,4,58.860842683255,9.37404466802836,9.125627215567922,0.6445553305287057,0.0,0.0,0.0,0.045179167586370486,0.0,0.0,0,0.0,0.004961132374295962,38
9320.486600625,25.750000000008487,0,1,4,57.1637503913239,9.37404466802836,9.134657740971564,0.6192322814461216,0.0,0.0,0.0,0.04340418532478317,0.0,0.0,0,0.0,0.004945837340030401,38
9320.495948257,25.7600000000085,0,1,4,55.307850723574965,9.37404466802836,9.143391010706436,0.5949041148576623,0.0,0.0,0.0,0.041698937903328244,0.0,0.0,0,0.0,0.004931393172185494,38
9320.507053708,25.770000000008512,0,1,4,52.832167716703495,9.37404466802836,9.151834119356078,0.5715317441914931,0.0,0.0,0.0,0.040060685605652714,0.0,0.0,0,0.0,0.004917749148716899,41
9320.516729087,25.780000000008524,0,1,4,51.72987989252843,9.37404466802836,9.159994252766072,0.5490776184944103,0.0,0.0,0.0,0.038486796352356495,0.0,0.0,0,0.0,0.0049048579269774795,42
9320.526390283,25.790000000008536,0,1,4,49.78838878690553,9.37404466802836,9.167878654103115,0.5275056621010354,0.0,0.0,0.0,0.03697474147219176,0.0,0.0,0,0.0,0.004892685801630492,45
9320.536539147,25.80000000000855,0,1,4,48.17650737600346,9.37404466802836,9.175494593785793,0.5067812166732567,0.0,0.0,0.0,0.03552209163940199,0.0,0.0,0,0.0,0.004881219759529154,45
9320.545995591,25.81000000000856,0,1,4,46.56958560345084,9.37404466802836,9.182849342918516,0.48687098551680597,0.0,0.0,0.0,0.03412651297067427,0.0,0.0,0,0.0,0.0048704055321238116,51
9320.556278544,25.820000000008573,0,1,4,45.05555291186106,9.37404466802836,9.189950149893383,0.4677429800855026,0.0,0.0,0.0,0.032785763275430944,0.0,0.0,0,0.0,0.0048601855457719445,53
9320.566804107,25.830000000008585,0,1,4,43.56349006099344,9.37404466802836,9.196804219854904,0.44936646858721924,0.0,0.0,0.0,0.03149768845344033,0.0,0.0,0,0.0,0.004850514338340384,53
9320.576699325,25.840000000008597,0,1,4,42.05942222537164,9.37404466802836,9.203418696750132,0.4317119266090035,0.0,0.0,0.0,0.030260219033956735,0.0,0.0,0,0.0,0.004841355652109192,60
9320.586452599,25.85000000000861,0,1,4,40.562286697242556,9.37404466802836,9.209800647711969,0.41475098968200746,0.0,0.0,0.0,0.029071366850827517,0.0,0.0,0,0.0,0.004832678904210352,61
9320.595996307,25.860000000008622,0,1,4,39.197424631618695,9.37404466802836,9.215957049546287,0.3984564077100397,0.0,0.0,0.0,0.02792922184822934,0.0,0.0,0,0.0,0.004824456982930325,62
9320.607588114,25.870000000008634,0,1,4,37.3099385595735,9.37404466802836,9.221894777114409,0.3828020011885159,0.0,0.0,0.0,0.02683194901189898,0.0,0.0,0,0.0,0.004816665077269633,64
9320.6165295,25.880000000008646,0,1,4,36.22567284945948,9.37404466802836,9.227620593421497,0.36776261914344616,0.0,0.0,0.0,0.025777785420927964,0.0,0.0,0,0.0,0.004809280086186751,66
9320.626708655,25.89000000000866,0,1,4,34.814132403608426,9.37404466802836,9.233141141238773,0.3533140987229117,0.0,0.0,0.0,0.024765037415385924,0.0,0.0,0,0.0,0.0048022803154474936,66
9320.636474338,25.90000000000867,0,1,4,33.16345463785321,9.37404466802836,9.238462936103309,0.3394332263760954,0.0,0.0,0.0,0.023792077875221376,0.0,0.0,0,0.0,0.004795645309059182,67
9320.646828835,25.910000000008683,0,1,4,31.57564609388512,9.37404466802836,9.243592360553349,0.3260977005574967,0.0,0.0,0.0,0.02285734360606765,0.0,0.0,0,0.0,0.004789355742264023,71
9320.656364737,25.920000000008695,0,1,4,30.11281248568928,9.37404466802836,9.248535659470441,0.3132860958964011,0.0,0.0,0.0,0.02195933282775459,0.0,0.0,0,0.0,0.004783393342997044,72
9320.666951291,25.930000000008707,0,1,4,28.792399200082986,9.37404466802836,9.253298936411406,0.3009778287740611,0.0,0.0,0.0,0.021096602761490387,0.0,0.0,0,0.0,0.004777740827252019,72
9320.676843983,25.94000000000872,0,1,4,27.25584055339099,9.37404466802836,9.257888150824138,0.28915312425325007,0.0,0.0,0.0,0.020267767311837305,0.0,0.0,0,0.0,0.0047723818420397635,77
9320.686049647,25.950000000008732,0,1,4,26.39446647909547,9.37404466802836,9.262309116050977,0.27779298430709326,0.0,0.0,0.0,0.019471494839757908,0.0,0.0,0,0.0,0.004767300913184336,79
9320.696041202,25.960000000008744,0,1,4,25.50301252000689,9.37404466802836,9.266567498032554,0.26687915729609685,0.0,0.0,0.0,0.018706506023151576,0.0,0.0,0,0.0,0.004762483396718364,79
9320.706692145,25.970000000008756,0,1,4,24.57212490598202,9.37404466802836,9.270668814633146,0.2563941086443628,0.0,0.0,0.0,0.017971571801446557,0.0,0.0,0,0.0,0.00475791543327353,81
9320.716734354,25.98000000000877,0,1,4,23.71693592393287,9.37404466802836,9.274618435515887,0.24632099266786558,0.0,0.0,0.0,0.017265511400944074,0.0,0.0,0,0.0,0.004753583905139136,88
9320.726906941,25.99000000000878,0,1,4,22.62932556439558,9.37404466802836,9.278421582503253,0.23664362550951426,0.0,0.0,0.0,0.01658719043774089,0.0,0.0,0,0.0,0.004749476395758068,89
9320.736270383,26.000000000008793,0,1,4,21.597140323809764,9.37404466802836,9.282083330364117,0.22734645913755508,0.0,0.0,0.0,0.015935519095185095,0.0,0.0,0,0.0,0.004745581151507805,91
9320.746321429,26.010000000008805,0,1,4,20.684362400829226,9.37404466802836,9.285608607974531,0.21841455636550014,0.0,0.0,0.0,0.015309450372934592,0.0,0.0,0,0.0,0.004741887045613735,97
9320.756287465,26.020000000008817,0,1,4,19.80818563830975,9.37404466802836,9.289002199804319,0.2098335668534615,0.0,0.0,0.0,0.014707978404805453,0.0,0.0,0,0.0,0.004738383544074187,98
9320.767220285,26.03000000000883,0,1,4,18.988137574153928,9.37404466802836,9.292268747686363,0.20158970405235027,0.0,0.0,0.0,0.014130136842708736,0.0,0.0,0,0.0,0.00473506067348195,99
9320.779346718,26.040000000008842,0,1,4,18.05860793194391,9.37404466802836,9.295412752829597,0.19366972305386548,0.0,0.0,0.0,0.013574997304078375,0.0,0.0,0,0.0,0.004731908990627476,102
9320.786862755,26.050000000008854,0,1,4,17.60820623266961,9.37404466802836,9.29843857804061,0.18606089931071135,0.0,0.0,0.0,0.013041667880295415,0.0,0.0,0,0.0,0.0047289195537900675,108
9320.796250293,26.060000000008866,0,1,4,17.062272774533135,9.37404466802836,9.301350450122294,0.17875100819286047,0.0,0.0,0.0,0.012529291703713995,0.0,0.0,0,0.0,0.004726083895613353,110
9320.806817122,26.07000000000888,0,1,4,16.612121318121883,9.37404466802836,9.304152462421065,0.17172830534698347,0.0,0.0,0.0,0.012037045570984142,0.0,0.0,0,0.0,0.004723393997480896,112
9320.816366114,26.08000000000889,0,1,4,15.90736372434091,9.37404466802836,9.306848577497176,0.16498150782751722,0.0,0.0,0.0,0.011564138620461687,0.0,0.0,0,0.0,0.0047208422653071125,118
9320.826974328,26.090000000008903,0,1,4,15.33534219631998,9.37404466802836,9.309442629895218,0.15849977596904596,0.0,0.0,0.0,0.011109811061579277,0.0,0.0,0,0.0,0.0047184215066582436,119
9320.836369282,26.100000000008915,0,1,4,14.768141681648009,9.37404466802836,9.311938328994259,0.15227269597088763,0.0,0.0,0.0,0.010673332954137624,0.0,0.0,0,0.0,0.0047161249091338675,122
9320.84830594,26.110000000008927,0,1,4,13.964759488649056,9.37404466802836,9.314339261919372,0.14629026316586255,0.0,0.0,0.0,0.010254003035555424,0.0,0.0,0,0.0,0.004713946019936133,127
9320.856228796,26.12000000000894,0,1,4,13.600533706248807,9.37404466802836,9.316648896498076,0.1405428659464263,0.0,0.0,0.0,0.009851147594193312,0.0,0.0,0,0.0,0.00471187872655765,132
9320.867030747,26.130000000008952,0,1,4,12.985183959367804,9.37404466802836,9.318870584247168,0.13502127032227831,0.0,0.0,0.0,0.00946411938694404,0.0,0.0,0,0.0,0.004709917238530759,132
9320.877237162,26.140000000008964,0,1,4,12.554113561904554,9.37404466802836,9.321007563376995,0.12971660508467947,0.0,0.0,0.0,0.00909229659934485,0.0,0.0,0,0.0,0.004708056070172439,136
9320.887124826,26.150000000008976,0,1,4,12.136450465286687,9.37404466802836,9.32306296180161,0.12462034755362861,0.0,0.0,0.0,0.00873508184654814,0.0,0.0,0,0.0,0.004706290024273363,144
9320.896178445,26.16000000000899,0,1,4,11.819217425247539,9.37404466802836,9.325039800144733,0.1197243098849922,0.0,0.0,0.0,0.008391901213538567,0.0,0.0,0,0.0,0.004704614176676003,145
9320.907385971,26.170000000009,0,1,4,11.430339123722739,9.37404466802836,9.326940994732487,0.11502062591559636,0.0,0.0,0.0,0.00806220333305972,0.0,0.0,0,0.0,0.0047030238616943,146
9320.915988238,26.180000000009013,0,1,4,10.944337138330853,9.37404466802836,9.328769360565087,0.11050173852514998,0.0,0.0,0.0,0.0077454584997659875,0.0,0.0,0,0.0,0.004701514658326689,153
9320.926874896,26.190000000009025,0,1,4,10.492263925944018,9.37404466802836,9.330527614260614,0.1061603874946828,0.0,0.0,0.0,0.0074411578191776176,0.0,0.0,0,0.0,0.0047000823772183065,155
9320.936905941,26.200000000009037,0,1,4,10.036956704227828,9.37404466802836,9.332218376964867,0.10198959784199406,0.0,0.0,0.0,0.007148812390070983,0.0,0.0,0,0.0,0.004698723048329967,157
9320.948192489,26.21000000000905,0,1,4,9.550255087786446,9.37404466802836,9.333844177222153,0.09798266861537942,0.0,0.0,0.0,0.006867952518991479,0.0,0.0,0,0.0,0.004697432909277044,161
9320.956955786,26.220000000009062,0,1,4,9.201579973785389,9.37404466802836,9.335407453802526,0.09413316212762088,0.0,0.0,0.0,0.006598126965625024,0.0,0.0,0,0.0,0.004696208394301182,166
9320.966828567,26.230000000009074,0,1,4,8.920796279255782,9.37404466802836,9.336910558481698,0.09043489361295438,0.0,0.0,0.0,0.006338902217818638,0.0,0.0,0,0.0,0.004695046123833313,168
9320.976203012,26.240000000009086,0,1,4,8.65137151555674,9.37404466802836,9.338355758770488,0.08688192129037503,0.0,0.0,0.0,0.006089861795082738,0.0,0.0,0,0.0,0.004693942894627767,170
9320.986238232,26.2500000000091,0,1,4,8.441934449385053,9.37404466802836,9.339745240591027,0.08346853681735934,0.0,0.0,0.0,0.005850605579457977,0.0,0.0,0,0.0,0.0046928956704221925,175
9320.996017238,26.26000000000911,0,1,4,8.274513030324348,9.37404466802836,9.34108111089761,0.08018925611861186,0.0,0.0,0.0,0.005620749172669769,0.0,0.0,0,0.0,0.004691901573105062,175
9321.00614381,26.270000000009123,0,1,4,8.094430564912473,9.37404466802836,9.342365400240416,0.0770388105751342,0.0,0.0,0.0,0.005399923278539488,0.0,0.0,0,0.0,0.004690957874356583,176
9321.017902641,26.280000000009135,0,1,4,7.8602525782514245,9.37404466802836,9.34360006527075,0.0740121385594725,0.0,0.0,0.0,0.005187773109658802,0.0,0.0,0,0.0,0.004690061987739025,180
9321.026043428,26.290000000009147,0,1,4,7.8602525782514645,9.37404466802836,9.34478699118667,0.07110437730348627,0.0,0.0,0.0,0.004983957817374225,0.0,0.0,0,0.0,0.004689211461213372,182
9321.036097767,26.30000000000916,0,1,4,7.718694524093451,9.37404466802836,9.345927994118416,0.06831085508567038,0.0,0.0,0.0,0.00478814994416736,0.0,0.0,0,0.0,0.004688403970056987,182
9321.04713172,26.310000000009172,0,1,4,7.650936320271034,9.37404466802836,9.347024823453067,0.06562708372535848,0.0,0.0,0.0,0.004600034897548218,0.0,0.0,0,0.0,0.004687637310157422,183
9321.056577598,26.320000000009184,0,1,4,7.539151516428536,9.37404466802836,9.348079164098284,0.06304875137185713,0.0,0.0,0.0,0.0044193104446192686,0.0,0.0,0,0.0,0.004686909391671046,189
9321.066083897,26.330000000009196,0,1,4,7.471806548846096,9.37404466802836,9.349092638685104,0.06057171557684494,0.0,0.0,0.0,0.004245686226495937,0.0,0.0,0,0.0,0.004686218233016293,190
9321.076058408,26.34000000000921,0,1,4,7.320185490486888,9.37404466802836,9.350066809710002,0.058191996638968596,0.0,0.0,0.0,0.004078883291805016,0.0,0.0,0,0.0,0.004685561955188877,191
9321.087176778,26.35000000000922,0,1,4,7.316634523588499,9.37404466802836,9.351003181616575,0.05590577120989085,0.0,0.0,0.0,0.003918633648511004,0.0,0.0,0,0.0,0.004684938776380543,196
9321.096341314,26.360000000009233,0,1,4,7.182410891535393,9.37404466802836,9.351903202817338,0.05370936615155885,0.0,0.0,0.0,0.003764679833349108,0.0,0.0,0,0.0,0.0046843470068840265,199
9321.106126747,26.370000000009245,0,1,4,7.138612743673517,9.37404466802836,9.352768267656305,0.05159925263479571,0.0,0.0,0.0,0.003616774498174856,0.0,0.0,0,0.0,0.004683785044270694,199
9321.118677179,26.380000000009257,0,1,4,7.095631895697911,9.37404466802836,9.353599718313024,0.0495720404697465,0.0,0.0,0.0,0.0034746800125661707,0.0,0.0,0,0.0,0.004683251368823527,200
9321.126133247,26.39000000000927,0,1,4,7.163384171251658,9.37404466802836,9.354398846649001,0.04762447265906692,0.0,0.0,0.0,0.003338168082035135,0.0,0.0,0,0.0,0.004682744539211914,204
9321.136021418,26.400000000009282,0,1,4,7.149699296693138,9.37404466802836,9.355166895997373,0.04575342016511503,0.0,0.0,0.0,0.003207019381243443,0.0,0.0,0,0.0,0.004682263188397817,204
9321.146098242,26.410000000009294,0,1,4,7.149699296693138,9.37404466802836,9.355905062896843,0.04395587688270081,0.0,0.0,0.0,0.0030810232016239307,0.0,0.0,0,0.0,0.004681806019757984,205
9321.15604552,26.420000000009306,0,1,4,7.048496923735945,9.37404466802836,9.356614498770917,0.042228954809377994,0.0,0.0,0.0,0.002959977112849514,0.0,0.0,0,0.0,0.004681371803409995,210
9321.166463495,26.43000000000932,0,1,4,7.035986529171851,9.37404466802836,9.357296311553567,0.04056987940546146,0.0,0.0,0.0,0.0028436866375997176,0.0,0.0,0,0.0,0.00468095937273727,210
9321.176365647,26.44000000000933,0,1,4,7.008239237305844,9.37404466802836,9.357951567262385,0.038975985136342324,0.0,0.0,0.0,0.0027319649391066175,0.0,0.0,0,0.0,0.0046805676210919245,210
9321.187753867,26.450000000009343,0,1,4,6.968856415727153,9.37404466802836,9.358581291520547,0.0374447111899474,0.0,0.0,0.0,0.0026246325209756576,0.0,0.0,0,0.0,0.004680195498677264,213
9321.196598736,26.460000000009355,0,1,4,6.930363373683692,9.37404466802836,9.359186471028616,0.03597359736242257,0.0,0.0,0.0,0.0025215169387992893,0.0,0.0,0,0.0,0.004679842009590818,216
9321.206086281,26.470000000009367,0,1,4,6.958768269997824,9.37404466802836,9.359768054987466,0.03456028010548907,0.0,0.0,0.0,0.0024224525231014327,0.0,0.0,0,0.0,0.004679506209024353,216
9321.215999152,26.48000000000938,0,1,4,6.892775018262809,9.37404466802836,9.360326956473585,0.03320248872906684,0.0,0.0,0.0,0.0023272801131667856,0.0,0.0,0,0.0,0.0046791872006117785,216
9321.226034858,26.490000000009392,0,1,4,6.885168214025324,9.37404466802836,9.360864053767958,0.031898041753100036,0.0,0.0,0.0,0.0022358468013261566,0.0,0.0,0,0.0,0.004678884133916927,221
9321.236024402,26.500000000009404,0,1,4,6.885168214025324,9.37404466802836,9.361380191639684,0.030644843402711997,0.0,0.0,0.0,0.002148005687290736,0.0,0.0,0,0.0,0.004678596202052576,221
9321.246091151,26.510000000009416,0,1,4,6.778595132611498,9.37404466802836,9.361876182585705,0.02944088024104286,0.0,0.0,0.0,0.002063615642134657,0.0,0.0,0,0.0,0.0046783226394251365,0
9321.255890139,26.52000000000943,0,1,4,6.815303583869237,9.37404466802836,9.362352808027778,0.02828421793438304,0.0,0.0,0.0,0.0019825410815526474,0.0,0.0,0,0.0,0.0046780627195970315,5
9321.266341553,26.53000000000944,0,1,4,6.853686815106387,9.37404466802836,9.362810819467862,0.027172998144412635,0.0,0.0,0.0,0.001904651748025369,0.0,0.0,0,0.0,0.004677815753260983,6
9321.27601655,26.540000000009453,0,1,4,6.675314246815046,9.37404466802836,9.363250939603297,0.026105435542505547,0.0,0.0,0.0,0.0018298225015417147,0.0,0.0,0,0.0,0.004677581086321547,6
9321.288605542,26.550000000009465,0,1,4,6.787983311208929,9.37404466802836,9.363673863402722,0.025079814941364565,0.0,0.0,0.0,0.0017579331185448006,0.0,0.0,0,0.0,0.004677358098077011,9
9321.296455329,26.560000000009477,0,1,4,6.6728920299874135,9.37404466802836,9.364080259144139,0.024094488539329363,0.0,0.0,0.0,0.0016888680987764816,0.0,0.0,0,0.0,0.004677146199494331,13
9321.307000033,26.57000000000949,0,1,4,6.6185909416391535,9.37404466802836,9.364470769416096,0.023147873272956296,0.0,0.0,0.0,0.001622516479708749,0.0,0.0,0,0.0,0.004676944831577323,14
9321.316019824,26.580000000009502,0,1,4,6.648645155814963,9.37404466802836,9.364846012083278,0.022238448273603103,0.0,0.0,0.0,0.0015587716582683361,0.0,0.0,0,0.0,0.004676753463816796,15
9321.326082636,26.590000000009514,0,1,4,6.471216118770366,9.37404466802836,9.365206581217485,0.021364752423954036,0.0,0.0,0.0,0.0014975312195639721,0.0,0.0,0,0.0,0.00467657159272461,19
9321.336330048,26.600000000009526,0,1,4,6.5451281245715744,9.37404466802836,9.365553047995181,0.020525382010516038,0.0,0.0,0.0,0.0014386967723418903,0.0,0.0,0,0.0,0.0046763987404421226,21
9321.346444546,26.61000000000954,0,1,4,6.5106658473458765,9.37404466802836,9.365885961562693,0.019718988468377555,0.0,0.0,0.0,0.0013821737909074476,0.0,0.0,0,0.0,0.004676234453421024,22
9321.35760551,26.62000000000955,0,1,4,6.584987186107944,9.37404466802836,9.366205849870006,0.018944276214528512,0.0,0.0,0.0,0.0013278714632561162,0.0,0.0,0,0.0,0.004676078301174558,25
9321.366583982,26.630000000009563,0,1,4,6.584987186107944,9.37404466802836,9.366513220474314,0.018200000566350818,0.0,0.0,0.0,0.0012757025451713155,0.0,0.0,0,0.0,0.00467592987509291,28
9321.376367353,26.640000000009575,0,1,4,6.626985272827699,9.37404466802836,9.366808561314233,0.017484965741856488,0.0,0.0,0.0,0.0012255832200554263,0.0,0.0,0,0.0,0.0046757887873174475,30
9321.386485731,26.650000000009587,0,1,4,6.477211804728389,9.37404466802836,9.367092341455686,0.016798022938474034,0.0,0.0,0.0,0.0011774329642646295,0.0,0.0,0,0.0,0.004675654669679341,31
9321.396539895,26.6600000000096,0,1,4,6.477211804728389,9.37404466802836,9.367365011810415,0.016138068487374105,0.0,0.0,0.0,0.0011311744177390601,0.0,0.0,0,0.0,0.004675527172686822,35
9321.406372429,26.670000000009612,0,1,4,6.551937181450639,9.37404466802836,9.367627005828023,0.01550404208025406,0.0,0.0,0.0,0.0010867332597115959,0.0,0.0,0,0.0,0.004675405964570167,36
9321.416347529,26.680000000009624,0,1,4,6.595340383634773,9.37404466802836,9.367878740162485,0.014894925065809129,0.0,0.0,0.0,0.0010440380893019271,0.0,0.0,0,0.0,0.004675290730372206,37
9321.427182029,26.690000000009636,0,1,4,6.568317750087224,9.37404466802836,9.368120615313972,0.014309738813121002,0.0,0.0,0.0,0.001003020310800616,0.0,0.0,0,0.0,0.004675181171088116,41
9321.436146828,26.70000000000965,0,1,4,6.687998010303444,9.37404466802836,9.368353016246855,0.013747543139358264,0.0,0.0,0.0,0.0009636140234608935,0.0,0.0,0,0.0,0.004675077002849859,43
9321.446046793,26.71000000000966,0,1,4,6.729287812280587,9.37404466802836,9.368576312984723,0.013207434799246397,0.0,0.0,0.0,0.0009257559156197893,0.0,0.0,0,0.0,0.0046749779561519045,44
9321.456279058,26.720000000009673,0,1,4,6.757120512336138,9.37404466802836,9.368790861183193,0.012688546033866988,0.0,0.0,0.0,0.0008893851629792011,0.0,0.0,0,0.0,0.0046748837751164896,44
9321.466177835,26.730000000009685,0,1,4,6.7275958521007455,9.37404466802836,9.368997002681335,0.01219004317649607,0.0,0.0,0.0,0.0008544433308840578,0.0,0.0,0,0.0,0.004674794216798839,48
9321.476956859,26.740000000009697,0,1,4,6.765065291241647,9.37404466802836,9.369195066032406,0.011711125313190952,0.0,0.0,0.0,0.0008208742804370809,0.0,0.0,0,0.0,0.004674709050526582,48
9321.486117907,26.75000000000971,0,1,4,6.765065291241647,9.37404466802836,9.369385367014699,0.011251022996026159,0.0,0.0,0.0,0.0007886240783062571,0.0,0.0,0,0.0,0.0046746280572724785,49
9321.496089331,26.760000000009722,0,1,4,6.794370907887598,9.37404466802836,9.369568209123186,0.010808997006845285,0.0,0.0,0.0,0.0007576409100710211,0.0,0.0,0,0.0,0.004674551029062224,54
9321.50603571,26.770000000009734,0,1,4,6.794370907887598,9.37404466802836,9.36974388404259,0.010384337169632435,0.0,0.0,0.0,0.0007278749969771628,0.0,0.0,0,0.0,0.004674477768409568,54
9321.516061958,26.780000000009746,0,1,4,6.794370907887598,9.37404466802836,9.369912672102664,0.009976361209492251,0.0,0.0,0.0,0.0006992785159594122,0.0,0.0,0,0.0,0.0046744080877834104,54
9321.527610973,26.79000000000976,0,1,4,6.820175025849404,9.37404466802836,9.37007484271621,0.00958441365649451,0.0,0.0,0.0,0.0006718055228069404,0.0,0.0,0,0.0,0.004674341809101756,56
9321.536264072,26.80000000000977,0,1,4,6.820175025849404,9.37404466802836,9.370230654800542,0.009207864792564613,0.0,0.0,0.0,0.0006454118783482422,0.0,0.0,0,0.0,0.00467427876324833,58
9321.546323147,26.810000000009783,0,1,4,6.820175025849404,9.37404466802836,9.37038035718295,0.008846109639755526,0.0,0.0,0.0,0.0006200551775347627,0.0,0.0,0,0.0,0.004674218789618045,58
9321.556133839,26.820000000009795,0,1,4,6.780261204420957,9.37404466802836,9.370524188990784,0.008498566988276378,0.0,0.0,0.0,0.0005956946813120368,0.0,0.0,0,0.0,0.004674161735684912,58
9321.566205736,26.830000000009807,0,1,4,6.851485414329615,9.37404466802836,9.370662380026664,0.00816467846267868,0.0,0.0,0.0,0.0005722912511663131,0.0,0.0,0,0.0,0.004674107456591026,62
9321.576124999,26.84000000000982,0,1,4,6.88377446628015,9.37404466802836,9.370795151129448,0.007843907624765443,0.0,0.0,0.0,0.0005498072862428311,0.0,0.0,0,0.0,0.0046740558147575495,62
9321.586841105,26.850000000009832,0,1,4,6.88377446628015,9.37404466802836,9.3709227145214,0.007535739111725166,0.0,0.0,0.0,0.0005282066629353965,0.0,0.0,0,0.0,0.00467400667951412,62
9321.597298882,26.860000000009844,0,1,4,6.917028476341669,9.37404466802836,9.371045274142132,0.007239677808122286,0.0,0.0,0.0,0.0005074546768486626,0.0,0.0,0,0.0,0.0046739599267504595,67
9321.606056679,26.870000000009856,0,1,4,6.981937284278716,9.37404466802836,9.37116302596974,0.0069552480504349945,0.0,0.0,0.0,0.0004875179870401515,0.0,0.0,0,0.0,0.004673915438581311,68
9321.616991212,26.88000000000987,0,1,4,6.844730111574278,9.37404466802836,9.371276158329678,0.006681992862834322,0.0,0.0,0.0,0.0004683645624547017,0.0,0.0,0,0.0,0.004673873103033577,68
9321.626064035,26.89000000000988,0,1,4,6.845277846461204,9.37404466802836,9.371384852191847,0.006419473222982131,0.0,0.0,0.0,0.0004499636304603511,0.0,0.0,0,0.0,0.004673832813744783,69
9321.63614922,26.900000000009893,0,1,4,6.882222512738386,9.37404466802836,9.371489281456158,0.006167267356688718,0.0,0.0,0.0,0.00043228562740955706,0.0,0.0,0,0.0,0.004673794469680637,75
9321.646152928,26.910000000009905,0,1,4,7.057926351901652,9.37404466802836,9.371589613227282,0.005924970060268697,0.0,0.0,0.0,0.00041530215113966154,0.0,0.0,0,0.0,0.0046737579748643565,75
9321.656091964,26.920000000009917,0,1,4,7.097284405675742,9.37404466802836,9.37404466802836,0.0,0.0,0.0,0.0,0.0,0.0,0.0,0,0.0,0.004673723238121319,75
9321.666082139,26.93000000000993,0,1,4,7.133242049599758,9.37404466802836,9.37404466802836,0.0,0.0,0.0,0.0,0.0,0.0,0.0,0,0.0,0.004673690172836142,80
9321.675983719,26.94000000000994,0,1,4,7.140972891660918,9.37404466802836,9.37404466802836,0.0,0.0,0.0,0.0,0.0,0.0,0.0,0,0.0,0.004673658696721761,80
9321.686031066,26.950000000009954,0,1,4,7.140447811640415,9.37404466802836,9.37404466802836,0.0,0.0,0.0,0.0,0.0,0.0,0.0,0,0.0,0.00467362873160293,80
9321.697616423,26.960000000009966,0,1,4,7.1783911434183905,9.37404466802836,9.37404466802836,0.0,0.0,0.0,0.0,0.0,0.0,0.0,0,0.0,0.004673600203206396,82
9321.706075931,26.97000000000998,0,1,4,7.1107592057915925,9.37404466802836,9.37404466802836,0.0,0.0,0.0,0.0,0.0,0.0,0.0,0,0.0,0.004673573040964607,84
9321.716014031,26.98000000000999,0,1,4,7.218442418156434,9.37404466802836,9.37404466802836,0.0,0.0,0.0,0.0,0.0,0.0,0.0,0,0.0,0.004673547177829862,84
9321.726043026,26.990000000010003,0,1,4,7.326193962412445,9.37404466802836,9.37404466802836,0.0,0.0,0.0,0.0,0.0,0.0,0.0,0,0.0,0.004673522550096232,84
9321.736242213,27.000000000010015,0,1,4,7.294805888887772,9.37404466802836,9.37404466802836,0.0,0.0,0.0,0.0,0.0,0.0,0.0,0,0.0,0.004673499097229916,88
9321.746219791,27.010000000010027,0,1,4,7.270223904429317,9.37404466802836,9.37404466802836,0.0,0.0,0.0,0.0,0.0,0.0,0.0,0,0.0,0.0046734767617120365,88
9321.756608196,27.02000000001004,0,1,4,7.372367728132419,9.37404466802836,9.37404466802836,0.0,0.0,0.0,0.0,0.0,0.0,0.0,0,0.0,0.004673455488885203,88
9321.766927068,27.03000000001005,0,1,4,7.404294460800518,9.37404466802836,9.37404466802836,0.0,0.0,0.0,0.0,0.0,0.0,0.0,0,0.0,0.004673435226809852,92
9321.776698893,27.040000000010064,0,1,4,7.404294460800518,9.37404466802836,9.37404466802836,0.0,0.0,0.0,0.0,0.0,0.0,0.0,0,0.0,0.004673415926127467,94
9321.786450135,27.050000000010076,0,1,4,7.338853726963239,9.37404466802836,9.37404466802836,0.0,0.0,0.0,0.0,0.0,0.0,0.0,0,0.0,0.0046733975399313454,96
9321.796517401,27.06000000001009,0,1,4,7.404294460800518,9.37404466802836,9.37404466802836,0.0,0.0,0.0,0.0,0.0,0.0,0.0,0,0.0,0.004673380023643148,97
9321.806521725,27.0700000000101,0,1,4,7.404294460800518,9.37404466802836,9.37404466802836,0.0,0.0,0.0,0.0,0.0,0.0,0.0,0,0.0,0.004673363334895875,103
9321.815987418,27.080000000010113,0,1,4,7.338853726963239,9.37404466802836,9.37404466802836,0.0,0.0,0.0,0.0,0.0,0.0,0.0,0,0.0,0.004673347433423514,105
9321.82669066,27.090000000010125,0,1,4,7.273885592614277,9.37404466802836,9.37404466802836,0.0,0.0,0.0,0.0,0.0,0.0,0.0,0,0.0,0.0046733322809546785,105
9321.836673817,27.100000000010137,0,1,4,7.43554275065791,9.37404466802836,9.37404466802836,0.0,0.0,0.0,0.0,0.0,0.0,0.0,0,0.0,0.00467331784111269,111
9321.846478722,27.11000000001015,0,1,4,7.361731324594623,9.37404466802836,9.37404466802836,0.0,0.0,0.0,0.0,0.0,0.0,0.0,0,0.0,0.00467330407932165,114
9321.856197514,27.12000000001016,0,1,4,7.361731324594623,9.37404466802836,9.37404466802836,0.0,0.0,0.0,0.0,0.0,0.0,0.0,0,0.0,0.004673290962715404,115
9321.867802087,27.130000000010174,0,1,4,7.357507137442562,9.37404466802836,9.37404466802836,0.0,0.0,0.0,0.0,0.0,0.0,0.0,0,0.0,0.004673278460051833,118
9321.876245716,27.140000000010186,0,1,4,7.29156119857282,9.37404466802836,9.37404466802836,0.0,0.0,0.0,0.0,0.0,0.0,0.0,0,0.0,0.00467326654163247,120
9321.886211608,27.1500000000102,0,1,4,7.322785984200128,9.37404466802836,9.37404466802836,0.0,0.0,0.0,0.0,0.0,0.0,0.0,0,0.0,0.004673255179223901,120
9321.896015975,27.16000000001021,0,1,4,7.357507137442562,9.37404466802836,9.37404466802836,0.0,0.0,0.0,0.0,0.0,0.0,0.0,0,0.0,0.004673244345985372,120
9321.906281491,27.170000000010223,0,1,4,7.291561198572835,9.37404466802836,9.37404466802836,0.0,0.0,0.0,0.0,0.0,0.0,0.0,0,0.0,0.004673234016400407,124
9321.91631012,27.180000000010235,0,1,4,7.322785984200128,9.37404466802836,9.37404466802836,0.0,0.0,0.0,0.0,0.0,0.0,0.0,0,0.0,0.004673224166207746,124
9321.926687826,27.190000000010247,0,1,4,7.361731324594623,9.37404466802836,9.37404466802836,0.0,0.0,0.0,0.0,0.0,0.0,0.0,0,0.0,0.004673214772341172,124
9321.936730802,27.20000000001026,0,1,4,7.442121520909219,9.37404466802836,9.37404466802836,0.0,0.0,0.0,0.0,0.0,0.0,0.0,0,0.0,0.004673205812868675,129
9321.946977769,27.21000000001027,0,1,4,7.47580342154967,9.37404466802836,9.37404466802836,0.0,0.0,0.0,0.0,0.0,0.0,0.0,0,0.0,0.004673197266936047,130
9321.956107915,27.220000000010284,0,1,4,7.556118849850027,9.37404466802836,9.37404466802836,0.0,0.0,0.0,0.0,0.0,0.0,0.0,0,0.0,0.004673189114714038,131
9321.966049193,27.230000000010296,0,1,4,7.452445683140774,9.37404466802836,9.37404466802836,0.0,0.0,0.0,0.0,0.0,0.0,0.0,0,0.0,0.004673181337346621,131
9321.976060369,27.24000000001031,0,1,4,7.418859232322615,9.37404466802836,9.37404466802836,0.0,0.0,0.0,0.0,0.0,0.0,0.0,0,0.0,0.004673173916901918,136
9321.986958658,27.25000000001032,0,1,4,7.483539526367625,9.37404466802836,9.37404466802836,0.0,0.0,0.0,0.0,0.0,0.0,0.0,0,0.0,0.004673166836326903,136
9321.996239894,27.260000000010333,0,1,4,7.480788789518716,9.37404466802836,9.37404466802836,0.0,0.0,0.0,0.0,0.0,0.0,0.0,0,0.0,0.004673160079403882,137
9322.005955894,27.270000000010345,0,1,4,7.377050434610554,9.37404466802836,9.37404466802836,0.0,0.0,0.0,0.0,0.0,0.0,0.0,0,0.0,0.0046731536307087485,141
9322.015951272,27.280000000010357,0,1,4,7.556118849850027,9.37404466802836,9.37404466802836,0.0,0.0,0.0,0.0,0.0,0.0,0.0,0,0.0,0.00467314747557146,141
9322.026099306,27.29000000001037,0,1,4,7.483539526367625,9.37404466802836,9.37404466802836,0.0,0.0,0.0,0.0,0.0,0.0,0.0,0,0.0,0.0046731416000378445,141
9322.037533729,27.30000000001038,0,1,4,7.480788789518716,9.37404466802836,9.37404466802836,0.0,0.0,0.0,0.0,0.0,0.0,0.0,0,0.0,0.004673135990835631,143
9322.045973069,27.310000000010394,0,1,4,7.4109902951892055,9.37404466802836,9.37404466802836,0.0,0.0,0.0,0.0,0.0,0.0,0.0,0,0.0,0.00467313063534025,145
9322.05623006,27.320000000010406,0,1,4,7.450877070892487,9.37404466802836,9.37404466802836,0.0,0.0,0.0,0.0,0.0,0.0,0.0,0,0.0,0.004673125521541088,145
9322.066126088,27.33000000001042,0,1,4,7.5153128738453105,9.37404466802836,9.37404466802836,0.0,0.0,0.0,0.0,0.0,0.0,0.0,0,0.0,0.004673120638013284,145
9322.076322762,27.34000000001043,0,1,4,7.5153128738453105,9.37404466802836,9.37404466802836,0.0,0.0,0.0,0.0,0.0,0.0,0.0,0,0.0,0.0046731159738870875,148
9322.086100847,27.350000000010443,0,1,4,7.480788789518716,9.37404466802836,9.37404466802836,0.0,0.0,0.0,0.0,0.0,0.0,0.0,0,0.0,0.004673111518820772,148
9322.096522305,27.360000000010455,0,1,4,7.5153128738453105,9.37404466802836,9.37404466802836,0.0,0.0,0.0,0.0,0.0,0.0,0.0,0,0.0,0.004673107262975762,148
9322.106604095,27.370000000010467,0,1,4,7.5153128738453105,9.37404466802836,9.37404466802836,0.0,0.0,0.0,0.0,0.0,0.0,0.0,0,0.0,0.00467310319698977,152
9322.11594322,27.38000000001048,0,1,4,7.450877070892506,9.37404466802836,9.37404466802836,0.0,0.0,0.0,0.0,0.0,0.0,0.0,0,0.0,0.004673099311955253,152
9322.125914594,27.39000000001049,0,1,4,7.5153128738453105,9.37404466802836,9.37404466802836,0.0,0.0,0.0,0.0,0.0,0.0,0.0,0,0.0,0.004673095599395216,152
9322.136045781,27.400000000010504,0,1,4,7.5153128738453105,9.37404466802836,9.37404466802836,0.0,0.0,0.0,0.0,0.0,0.0,0.0,0,0.0,0.004673092051242778,152
9322.145959989,27.410000000010516,0,1,4,7.5153128738453105,9.37404466802836,9.37404466802836,0.0,0.0,0.0,0.0,0.0,0.0,0.0,0,0.0,0.0046730886598207455,155
9322.156142891,27.42000000001053,0,1,4,7.5153128738453105,9.37404466802836,9.37404466802836,0.0,0.0,0.0,0.0,0.0,0.0,0.0,0,0.0,0.00467308541782252,155
9322.166010669,27.43000000001054,0,1,4,7.5153128738453105,9.37404466802836,9.37404466802836,0.0,0.0,0.0,0.0,0.0,0.0,0.0,0,0.0,0.0046730823182945525,155
9322.176145955,27.440000000010553,0,1,4,7.5153128738453105,9.37404466802836,9.37404466802836,0.0,0.0,0.0,0.0,0.0,0.0,0.0,0,0.0,0.004673079354617693,159
9322.18604053,27.450000000010565,0,1,4,7.492061256239367,9.37404466802836,9.37404466802836,0.0,0.0,0.0,0.0,0.0,0.0,0.0,0,0.0,0.004673076520491426,159
9322.195951529,27.460000000010577,0,1,4,7.556118849850027,9.37404466802836,9.37404466802836,0.0,0.0,0.0,0.0,0.0,0.0,0.0,0,0.0,0.0046730738099174385,159
9322.208101136,27.47000000001059,0,1,4,7.5153128738453105,9.37404466802836,9.37404466802836,0.0,0.0,0.0,0.0,0.0,0.0,0.0,0,0.0,0.004673071217186742,161
9322.215977527,27.4800000000106,0,1,4,7.5153128738453105,9.37404466802836,9.37404466802836,0.0,0.0,0.0,0.0,0.0,0.0,0.0,0,0.0,0.0046730687368630175,164
9322.226074563,27.490000000010614,0,1,4,7.5153128738453105,9.37404466802836,9.37404466802836,0.0,0.0,0.0,0.0,0.0,0.0,0.0,0,0.0,0.00467306636377085,164
9322.235956956,27.500000000010626,0,1,4,7.5153128738453105,9.37404466802836,9.37404466802836,0.0,0.0,0.0,0.0,0.0,0.0,0.0,0,0.0,0.00467306409298307,164
9322.245885406,27.51000000001064,0,1,4,7.556118849850027,9.37404466802836,9.37404466802836,0.0,0.0,0.0,0.0,0.0,0.0,0.0,0,0.0,0.004673061919806765,4
9322.25601086,27.52000000001065,0,1,4,7.5153128738453105,9.37404466802836,9.37404466802836,0.0,0.0,0.0,0.0,0.0,0.0,0.0,0,0.0,0.004673059839773508,4
9322.266021216,27.530000000010663,0,1,4,7.5153128738453105,9.37404466802836,9.37404466802836,0.0,0.0,0.0,0.0,0.0,0.0,0.0,0,0.0,0.004673057848628703,4
9322.275868518,27.540000000010675,0,1,4,7.5153128738453105,9.37404466802836,9.37404466802836,0.0,0.0,0.0,0.0,0.0,0.0,0.0,0,0.0,0.004673055942319149,8
9322.286022569,27.550000000010687,0,1,4,7.5153128738453105,9.37404466802836,9.37404466802836,0.0,0.0,0.0,0.0,0.0,0.0,0.0,0,0.0,0.004673054116985265,8
9322.295957335,27.5600000000107,0,1,4,7.5153128738453105,9.37404466802836,9.37404466802836,0.0,0.0,0.0,0.0,0.0,0.0,0.0,0,0.0,0.004673052368950659,8
9322.307522308,27.57000000001071,0,1,4,7.5153128738453105,9.37404466802836,9.37404466802836,0.0,0.0,0.0,0.0,0.0,0.0,0.0,0,0.0,0.004673050694713021,10
9322.31599864,27.580000000010724,0,1,4,7.450877070892487,9.37404466802836,9.37404466802836,0.0,0.0,0.0,0.0,0.0,0.0,0.0,0,0.0,0.00467304909093591,12
9322.325963743,27.590000000010736,0,1,4,7.450877070892487,9.37404466802836,9.37404466802836,0.0,0.0,0.0,0.0,0.0,0.0,0.0,0,0.0,0.004673047554441201,12
9322.335960604,27.60000000001075,0,1,4,7.450877070892487,9.37404466802836,9.37404466802836,0.0,0.0,0.0,0.0,0.0,0.0,0.0,0,0.0,0.004673046082200205,12
9322.345950002,27.61000000001076,0,1,4,7.5153128738453105,9.37404466802836,9.37404466802836,0.0,0.0,0.0,0.0,0.0,0.0,0.0,0,0.0,0.004673044671327897,16
9322.3559547,27.620000000010773,0,1,4,7.5153128738453105,9.37404466802836,9.37404466802836,0.0,0.0,0.0,0.0,0.0,0.0,0.0,0,0.0,0.004673043319074477,16
9322.365974089,27.630000000010785,0,1,4,7.5153128738453105,9.37404466802836,9.37404466802836,0.0,0.0,0.0,0.0,0.0,0.0,0.0,0,0.0,0.004673042022819818,16
9322.377134512,27.640000000010797,0,1,4,7.450877070892487,9.37404466802836,9.37404466802836,0.0,0.0,0.0,0.0,0.0,0.0,0.0,0,0.0,0.004673040780066806,20
9322.386748331,27.65000000001081,0,1,4,7.450877070892506,9.37404466802836,9.37404466802836,0.0,0.0,0.0,0.0,0.0,0.0,0.0,0,0.0,0.004673039588435124,21
9322.396688763,27.66000000001082,0,1,4,7.5153128738453105,9.37404466802836,9.37404466802836,0.0,0.0,0.0,0.0,0.0,0.0,0.0,0,0.0,0.004673038445656363,22
9322.406465896,27.670000000010834,0,1,4,7.5153128738453105,9.37404466802836,9.37404466802836,0.0,0.0,0.0,0.0,0.0,0.0,0.0,0,0.0,0.004673037349567366,24
9322.416420362,27.680000000010846,0,1,4,7.5153128738453105,9.37404466802836,9.37404466802836,0.0,0.0,0.0,0.0,0.0,0.0,0.0,0,0.0,0.00467303629810667,29
9322.42662152,27.69000000001086,0,1,4,7.450877070892487,9.37404466802836,9.37404466802836,0.0,0.0,0.0,0.0,0.0,0.0,0.0,0,0.0,0.004673035289308736,29
9322.436472883,27.70000000001087,0,1,4,7.450877070892487,9.37404466802836,9.37404466802836,0.0,0.0,0.0,0.0,0.0,0.0,0.0,0,0.0,0.004673034321299507,32
9322.4459147,27.710000000010883,0,1,4,7.4920612562393485,9.37404466802836,9.37404466802836,0.0,0.0,0.0,0.0,0.0,0.0,0.0,0,0.0,0.004673033392291748,37
9322.456158839,27.720000000010895,0,1,4,7.5153128738453105,9.37404466802836,9.37404466802836,0.0,0.0,0.0,0.0,0.0,0.0,0.0,0,0.0,0.0046730325005812645,37
9322.465929829,27.730000000010907,0,1,4,7.4920612562393485,9.37404466802836,9.37404466802836,0.0,0.0,0.0,0.0,0.0,0.0,0.0,0,0.0,0.004673031644542691,37
9322.478533518,27.74000000001092,0,1,4,7.5153128738453105,9.37404466802836,9.37404466802836,0.0,0.0,0.0,0.0,0.0,0.0,0.0,0,0.0,0.004673030822624602,39
9322.486040809,27.75000000001093,0,1,4,7.450877070892487,9.37404466802836,9.37404466802836,0.0,0.0,0.0,0.0,0.0,0.0,0.0,0,0.0,0.004673030033348624,42
9322.495900502,27.760000000010944,0,1,4,7.556118849850027,9.37404466802836,9.37404466802836,0.0,0.0,0.0,0.0,0.0,0.0,0.0,0,0.0,0.00467302927530433,42
9322.505921628,27.770000000010956,0,1,4,7.556118849850027,9.37404466802836,9.37404466802836,0.0,0.0,0.0,0.0,0.0,0.0,0.0,0,0.0,0.0046730285471450195,42
9322.516688965,27.78000000001097,0,1,4,7.492061256239367,9.37404466802836,9.37404466802836,0.0,0.0,0.0,0.0,0.0,0.0,0.0,0,0.0,0.004673027847587274,46
9322.525938798,27.79000000001098,0,1,4,7.556118849850027,9.37404466802836,9.37404466802836,0.0,0.0,0.0,0.0,0.0,0.0,0.0,0,0.0,0.004673027175404965,47
9322.536629133,27.800000000010993,0,1,4,7.4920612562393485,9.37404466802836,9.37404466802836,0.0,0.0,0.0,0.0,0.0,0.0,0.0,0,0.0,0.004673026529428137,47
9322.546190553,27.810000000011005,0,1,4,7.5153128738453105,9.37404466802836,9.37404466802836,0.0,0.0,0.0,0.0,0.0,0.0,0.0,0,0.0,0.004673025908540573,52
9322.555953144,27.820000000011017,0,1,4,7.5153128738453105,9.37404466802836,9.37404466802836,0.0,0.0,0.0,0.0,0.0,0.0,0.0,0,0.0,0.004673025311677126,52
9322.565992974,27.83000000001103,0,1,4,7.450877070892487,9.37404466802836,9.37404466802836,0.0,0.0,0.0,0.0,0.0,0.0,0.0,0,0.0,0.004673024737820608,52
9322.57611192,27.84000000001104,0,1,4,7.5153128738453105,9.37404466802836,9.37404466802836,0.0,0.0,0.0,0.0,0.0,0.0,0.0,0,0.0,0.004673024185999797,52
9322.586146079,27.850000000011054,0,1,4,7.475316391960375,9.37404466802836,9.37404466802836,0.0,0.0,0.0,0.0,0.0,0.0,0.0,0,0.0,0.004673023655287434,57
9322.596078452,27.860000000011066,0,1,4,7.475316391960375,9.37404466802836,9.37404466802836,0.0,0.0,0.0,0.0,0.0,0.0,0.0,0,0.0,0.004673023144798005,57
9322.605916908,27.87000000001108,0,1,4,7.451481052630317,9.37404466802836,9.37404466802836,0.0,0.0,0.0,0.0,0.0,0.0,0.0,0,0.0,0.004673022653685965,59
9322.615892327,27.88000000001109,0,1,4,7.49158150323027,9.37404466802836,9.37404466802836,0.0,0.0,0.0,0.0,0.0,0.0,0.0,0,0.0,0.004673022181143738,62
9322.62590689,27.890000000011103,0,1,4,7.4915815032302815,9.37404466802836,9.37404466802836,0.0,0.0,0.0,0.0,0.0,0.0,0.0,0,0.0,0.004673021726400384,62
9322.635986732,27.900000000011115,0,1,4,7.532492890480468,9.37404466802836,9.37404466802836,0.0,0.0,0.0,0.0,0.0,0.0,0.0,0,0.0,0.004673021288718049,62
9322.647482163,27.910000000011127,0,1,4,7.66033691127736,9.37404466802836,9.37404466802836,0.0,0.0,0.0,0.0,0.0,0.0,0.0,0,0.0,0.004673020867393074,64
9322.655970841,27.92000000001114,0,1,4,7.555636989937015,9.37404466802836,9.37404466802836,0.0,0.0,0.0,0.0,0.0,0.0,0.0,0,0.0,0.004673020461752886,66
9322.665998854,27.93000000001115,0,1,4,7.555636989937015,9.37404466802836,9.37404466802836,0.0,0.0,0.0,0.0,0.0,0.0,0.0,0,0.0,0.004673020071153777,66
9322.675952286,27.940000000011164,0,1,4,7.491581503230259,9.37404466802836,9.37404466802836,0.0,0.0,0.0,0.0,0.0,0.0,0.0,0,0.0,0.004673019694982239,66
9322.686292566,27.950000000011176,0,1,4,7.555636989937015,9.37404466802836,9.37404466802836,0.0,0.0,0.0,0.0,0.0,0.0,0.0,0,0.0,0.004673019332650297,70
9322.69596861,27.96000000001119,0,1,4,7.532492890480468,9.37404466802836,9.37404466802836,0.0,0.0,0.0,0.0,0.0,0.0,0.0,0,0.0,0.0046730189835964,70
9322.705979978,27.9700000000112,0,1,4,7.450877070892506,9.37404466802836,9.37404466802836,0.0,0.0,0.0,0.0,0.0,0.0,0.0,0,0.0,0.004673018647283644,70
9322.715843952,27.980000000011213,0,1,4,7.555636989937015,9.37404466802836,9.37404466802836,0.0,0.0,0.0,0.0,0.0,0.0,0.0,0,0.0,0.004673018323199107,74
9322.725943943,27.990000000011225,0,1,4,7.528057509447288,9.37404466802836,9.37404466802836,0.0,0.0,0.0,0.0,0.0,0.0,0.0,0,0.0,0.004673018010851848,74
9322.735931738,28.000000000011237,0,1,4,7.491581503230259,9.37404466802836,9.37404466802836,0.0,0.0,0.0,0.0,0.0,0.0,0.0,0,0.0,0.0046730177097720205,74
9322.746391968,28.01000000001125,0,1,4,7.491581503230259,9.37404466802836,9.37404466802836,0.0,0.0,0.0,0.0,0.0,0.0,0.0,0,0.0,0.00467301741951065,74
9322.756074609,28.02000000001126,0,1,4,7.591842364125483,9.37404466802836,9.37404466802836,0.0,0.0,0.0,0.0,0.0,0.0,0.0,0,0.0,0.0046730171396383025,80
9322.765992836,28.030000000011274,0,1,4,7.596175744331702,9.37404466802836,9.37404466802836,0.0,0.0,0.0,0.0,0.0,0.0,0.0,0,0.0,0.004673016869743307,80
9322.776015606,28.040000000011286,0,1,4,7.555636989937015,9.37404466802836,9.37404466802836,0.0,0.0,0.0,0.0,0.0,0.0,0.0,0,0.0,0.004673016609433089,81
9322.786616743,28.0500000000113,0,1,4,7.596175744331702,9.37404466802836,9.37404466802836,0.0,0.0,0.0,0.0,0.0,0.0,0.0,0,0.0,0.004673016358330839,86
9322.795948887,28.06000000001131,0,1,4,7.555636989937015,9.37404466802836,9.37404466802836,0.0,0.0,0.0,0.0,0.0,0.0,0.0,0,0.0,0.0046730161160759565,88
9322.806404431,28.070000000011323,0,1,4,7.555636989937015,9.37404466802836,9.37404466802836,0.0,0.0,0.0,0.0,0.0,0.0,0.0,0,0.0,0.004673015882323828,88
9322.818141579,28.080000000011335,0,1,4,7.555636989937015,9.37404466802836,9.37404466802836,0.0,0.0,0.0,0.0,0.0,0.0,0.0,0,0.0,0.004673015656743829,89
9322.826039018,28.090000000011347,0,1,4,7.596175744331702,9.37404466802836,9.37404466802836,0.0,0.0,0.0,0.0,0.0,0.0,0.0,0,0.0,0.004673015439020212,92
9322.83595851,28.10000000001136,0,1,4,7.491581503230259,9.37404466802836,9.37404466802836,0.0,0.0,0.0,0.0,0.0,0.0,0.0,0,0.0,0.004673015228850108,92
9322.845907856,28.11000000001137,0,1,4,7.4915815032302815,9.37404466802836,9.37404466802836,0.0,0.0,0.0,0.0,0.0,0.0,0.0,0,0.0,0.004673015025943528,92
9322.856249472,28.120000000011384,0,1,4,7.596175744331702,9.37404466802836,9.37404466802836,0.0,0.0,0.0,0.0,0.0,0.0,0.0,0,0.0,0.0046730148300220264,95
9322.86591729,28.130000000011396,0,1,4,7.555636989937015,9.37404466802836,9.37404466802836,0.0,0.0,0.0,0.0,0.0,0.0,0.0,0,0.0,0.004673014640820039,95
9322.876058889,28.14000000001141,0,1,4,7.555636989937015,9.37404466802836,9.37404466802836,0.0,0.0,0.0,0.0,0.0,0.0,0.0,0,0.0,0.004673014458081992,95
9322.887693846,28.15000000001142,0,1,4,7.532492890480468,9.37404466802836,9.37404466802836,0.0,0.0,0.0,0.0,0.0,0.0,0.0,0,0.0,0.004673014281563859,98
9322.895938658,28.160000000011433,0,1,4,7.620167080917503,9.37404466802836,9.37404466802836,0.0,0.0,0.0,0.0,0.0,0.0,0.0,0,0.0,0.00467301411103116,100
9322.905874642,28.170000000011445,0,1,4,7.491581503230259,9.37404466802836,9.37404466802836,0.0,0.0,0.0,0.0,0.0,0.0,0.0,0,0.0,0.004673013946259186,100
9322.915965962,28.180000000011457,0,1,4,7.555636989937015,9.37404466802836,9.37404466802836,0.0,0.0,0.0,0.0,0.0,0.0,0.0,0,0.0,0.004673013787032776,100
9322.926365857,28.19000000001147,0,1,4,7.596175744331702,9.37404466802836,9.37404466802836,0.0,0.0,0.0,0.0,0.0,0.0,0.0,0,0.0,0.004673013633145429,105
9322.93595288,28.20000000001148,0,1,4,7.632030355497538,9.37404466802836,9.37404466802836,0.0,0.0,0.0,0.0,0.0,0.0,0.0,0,0.0,0.004673013484399746,105
9322.946013049,28.210000000011494,0,1,4,7.555636989937015,9.37404466802836,9.37404466802836,0.0,0.0,0.0,0.0,0.0,0.0,0.0,0,0.0,0.004673013340604548,105
9322.955990229,28.220000000011506,0,1,4,7.568611178330943,9.37404466802836,9.37404466802836,0.0,0.0,0.0,0.0,0.0,0.0,0.0,0,0.0,0.004673013201578646,109
9322.966069425,28.23000000001152,0,1,4,7.555636989937015,9.37404466802836,9.37404466802836,0.0,0.0,0.0,0.0,0.0,0.0,0.0,0,0.0,0.004673013067147069,109
9322.976017129,28.24000000001153,0,1,4,7.555636989937015,9.37404466802836,9.37404466802836,0.0,0.0,0.0,0.0,0.0,0.0,0.0,0,0.0,0.004673012937142174,109
9322.988664143,28.250000000011543,0,1,4,7.591842364125483,9.37404466802836,9.37404466802836,0.0,0.0,0.0,0.0,0.0,0.0,0.0,0,0.0,0.004673012811402533,110
9322.996292018,28.260000000011555,0,1,4,7.491581503230259,9.37404466802836,9.37404466802836,0.0,0.0,0.0,0.0,0.0,0.0,0.0,0,0.0,0.0046730126897738256,114
9323.005989711,28.270000000011567,0,1,4,7.591842364125483,9.37404466802836,9.37404466802836,0.0,0.0,0.0,0.0,0.0,0.0,0.0,0,0.0,0.004673012572108393,114
9323.015990744,28.28000000001158,0,1,4,7.491581503230259,9.37404466802836,9.37404466802836,0.0,0.0,0.0,0.0,0.0,0.0,0.0,0,0.0,0.004673012458263015,114
9323.026826803,28.29000000001159,0,1,4,7.555636989937015,9.37404466802836,9.37404466802836,0.0,0.0,0.0,0.0,0.0,0.0,0.0,0,0.0,0.004673012348100913,118
9323.036578517,28.300000000011604,0,1,4,7.491581503230259,9.37404466802836,9.37404466802836,0.0,0.0,0.0,0.0,0.0,0.0,0.0,0,0.0,0.004673012241491303,119
9323.046169563,28.310000000011616,0,1,4,7.491581503230259,9.37404466802836,9.37404466802836,0.0,0.0,0.0,0.0,0.0,0.0,0.0,0,0.0,0.004673012138307842,119
9323.057635877,28.32000000001163,0,1,4,7.555636989937015,9.37404466802836,9.37404466802836,0.0,0.0,0.0,0.0,0.0,0.0,0.0,0,0.0,0.004673012038429292,122
9323.066791482,28.33000000001164,0,1,4,7.555636989937015,9.37404466802836,9.37404466802836,0.0,0.0,0.0,0.0,0.0,0.0,0.0,0,0.0,0.004673011941738858,124
9323.076147542,28.340000000011653,0,1,4,7.555636989937015,9.37404466802836,9.37404466802836,0.0,0.0,0.0,0.0,0.0,0.0,0.0,0,0.0,0.004673011848125075,126
9323.086303338,28.350000000011665,0,1,4,7.532492890480468,9.37404466802836,9.37404466802836,0.0,0.0,0.0,0.0,0.0,0.0,0.0,0,0.0,0.004673011757479806,126
9323.09596574,28.360000000011677,0,1,4,7.620167080917503,9.37404466802836,9.37404466802836,0.0,0.0,0.0,0.0,0.0,0.0,0.0,0,0.0,0.004673011669700022,131
9323.1064132,28.37000000001169,0,1,4,7.532492890480468,9.37404466802836,9.37404466802836,0.0,0.0,0.0,0.0,0.0,0.0,0.0,0,0.0,0.004673011584686693,131
9323.116142475,28.3800000000117,0,1,4,7.596175744331702,9.37404466802836,9.37404466802836,0.0,0.0,0.0,0.0,0.0,0.0,0.0,0,0.0,0.004673011502343893,132
9323.125869834,28.390000000011714,0,1,4,7.532492890480468,9.37404466802836,9.37404466802836,0.0,0.0,0.0,0.0,0.0,0.0,0.0,0,0.0,0.004673011422579254,136
9323.136130403,28.400000000011726,0,1,4,7.555636989937015,9.37404466802836,9.37404466802836,0.0,0.0,0.0,0.0,0.0,0.0,0.0,0,0.0,0.004673011345304845,136
9323.145950926,28.41000000001174,0,1,4,7.555636989937015,9.37404466802836,9.37404466802836,0.0,0.0,0.0,0.0,0.0,0.0,0.0,0,0.0,0.004673011270435401,137
9323.158305581,28.42000000001175,0,1,4,7.528057509447288,9.37404466802836,9.37404466802836,0.0,0.0,0.0,0.0,0.0,0.0,0.0,0,0.0,0.004673011197888766,138
9323.166088332,28.430000000011763,0,1,4,7.555636989937015,9.37404466802836,9.37404466802836,0.0,0.0,0.0,0.0,0.0,0.0,0.0,0,0.0,0.004673011127586779,141
9323.176034002,28.440000000011775,0,1,4,7.591842364125483,9.37404466802836,9.37404466802836,0.0,0.0,0.0,0.0,0.0,0.0,0.0,0,0.0,0.00467301105945328,141
9323.185953127,28.450000000011787,0,1,4,7.555636989937015,9.37404466802836,9.37404466802836,0.0,0.0,0.0,0.0,0.0,0.0,0.0,0,0.0,0.004673010993415216,141
9323.19595729,28.4600000000118,0,1,4,7.555636989937015,9.37404466802836,9.37404466802836,0.0,0.0,0.0,0.0,0.0,0.0,0.0,0,0.0,0.004673010929402643,146
9323.206144344,28.47000000001181,0,1,4,7.491581503230259,9.37404466802836,9.37404466802836,0.0,0.0,0.0,0.0,0.0,0.0,0.0,0,0.0,0.004673010867347616,146
9323.215883694,28.480000000011824,0,1,4,7.555636989937015,9.37404466802836,9.37404466802836,0.0,0.0,0.0,0.0,0.0,0.0,0.0,0,0.0,0.00467301080718463,146
9323.226936975,28.490000000011836,0,1,4,7.555636989937015,9.37404466802836,9.37404466802836,0.0,0.0,0.0,0.0,0.0,0.0,0.0,0,0.0,0.004673010748851514,149
9323.236394578,28.50000000001185,0,1,4,7.591842364125483,9.37404466802836,9.37404466802836,0.0,0.0,0.0,0.0,0.0,0.0,0.0,0,0.0,0.004673010692287427,150
9323.246473078,28.51000000001186,0,1,4,7.596175744331702,9.37404466802836,9.37404466802836,0.0,0.0,0.0,0.0,0.0,0.0,0.0,0,0.0,0.004673010637434194,0
9323.256508506,28.520000000011873,0,1,4,7.555636989937015,9.37404466802836,9.37404466802836,0.0,0.0,0.0,0.0,0.0,0.0,0.0,0,0.0,0.004673010584235193,0
9323.266843098,28.530000000011885,0,1,4,7.491581503230259,9.37404466802836,9.37404466802836,0.0,0.0,0.0,0.0,0.0,0.0,0.0,0,0.0,0.004673010532637356,6
9323.276392157,28.540000000011897,0,1,4,7.596175744331702,9.37404466802836,9.37404466802836,0.0,0.0,0.0,0.0,0.0,0.0,0.0,0,0.0,0.004673010482587392,8
9323.286082298,28.55000000001191,0,1,4,7.632030355497538,9.37404466802836,9.37404466802836,0.0,0.0,0.0,0.0,0.0,0.0,0.0,0,0.0,0.004673010434036007,8
9323.296722049,28.56000000001192,0,1,4,7.532492890480468,9.37404466802836,9.37404466802836,0.0,0.0,0.0,0.0,0.0,0.0,0.0,0,0.0,0.004673010386934351,13
9323.305991237,28.570000000011934,0,1,4,7.555636989937015,9.37404466802836,9.37404466802836,0.0,0.0,0.0,0.0,0.0,0.0,0.0,0,0.0,0.004673010341235573,15
9323.316651698,28.580000000011946,0,1,4,7.591842364125483,9.37404466802836,9.37404466802836,0.0,0.0,0.0,0.0,0.0,0.0,0.0,0,0.0,0.004673010296894375,16
9323.32786811,28.59000000001196,0,1,4,7.555636989937015,9.37404466802836,9.37404466802836,0.0,0.0,0.0,0.0,0.0,0.0,0.0,0,0.0,0.004673010253867238,19
9323.336148042,28.60000000001197,0,1,4,7.591842364125483,9.37404466802836,9.37404466802836,0.0,0.0,0.0,0.0,0.0,0.0,0.0,0,0.0,0.004673010212113526,22
9323.346477698,28.610000000011983,0,1,4,7.491581503230259,9.37404466802836,9.37404466802836,0.0,0.0,0.0,0.0,0.0,0.0,0.0,0,0.0,0.004673010171591274,22
9323.356230926,28.620000000011995,0,1,4,7.555636989937015,9.37404466802836,9.37404466802836,0.0,0.0,0.0,0.0,0.0,0.0,0.0,0,0.0,0.004673010132261846,22
9323.366114468,28.630000000012007,0,1,4,7.555636989937015,9.37404466802836,9.37404466802836,0.0,0.0,0.0,0.0,0.0,0.0,0.0,0,0.0,0.004673010094087271,27
9323.376437655,28.64000000001202,0,1,4,7.596175744331702,9.37404466802836,9.37404466802836,0.0,0.0,0.0,0.0,0.0,0.0,0.0,0,0.0,0.004673010057031801,27
9323.38611764,28.65000000001203,0,1,4,7.555636989937015,9.37404466802836,9.37404466802836,0.0,0.0,0.0,0.0,0.0,0.0,0.0,0,0.0,0.004673010021059687,28
9323.396745106,28.660000000012044,0,1,4,7.591842364125483,9.37404466802836,9.37404466802836,0.0,0.0,0.0,0.0,0.0,0.0,0.0,0,0.0,0.0046730099861374,32
9323.406155153,28.670000000012056,0,1,4,7.491581503230259,9.37404466802836,9.37404466802836,0.0,0.0,0.0,0.0,0.0,0.0,0.0,0,0.0,0.004673009952231633,33
9323.416052974,28.68000000001207,0,1,4,7.491581503230259,9.37404466802836,9.37404466802836,0.0,0.0,0.0,0.0,0.0,0.0,0.0,0,0.0,0.0046730099193115215,33
9323.426088565,28.69000000001208,0,1,4,7.66033691127736,9.37404466802836,9.37404466802836,0.0,0.0,0.0,0.0,0.0,0.0,0.0,0,0.0,0.004673009887345758,33
9323.435993039,28.700000000012093,0,1,4,7.528057509447288,9.37404466802836,9.37404466802836,0.0,0.0,0.0,0.0,0.0,0.0,0.0,0,0.0,0.0046730098563045885,38
9323.4460398,28.710000000012105,0,1,4,7.656104101296065,9.37404466802836,9.37404466802836,0.0,0.0,0.0,0.0,0.0,0.0,0.0,0,0.0,0.004673009826160479,38
9323.456385538,28.720000000012117,0,1,4,7.555636989937015,9.37404466802836,9.37404466802836,0.0,0.0,0.0,0.0,0.0,0.0,0.0,0,0.0,0.004673009796884786,38
9323.466581737,28.73000000001213,0,1,4,7.620167080917503,9.37404466802836,9.37404466802836,0.0,0.0,0.0,0.0,0.0,0.0,0.0,0,0.0,0.00467300976845153,42
9323.476589855,28.74000000001214,0,1,4,7.555636989937015,9.37404466802836,9.37404466802836,0.0,0.0,0.0,0.0,0.0,0.0,0.0,0,0.0,0.004673009740834955,43
9323.486511313,28.750000000012154,0,1,4,7.555636989937015,9.37404466802836,9.37404466802836,0.0,0.0,0.0,0.0,0.0,0.0,0.0,0,0.0,0.004673009714010412,43
9323.497018144,28.760000000012166,0,1,4,7.591842364125483,9.37404466802836,9.37404466802836,0.0,0.0,0.0,0.0,0.0,0.0,0.0,0,0.0,0.004673009687953034,47
9323.506027811,28.77000000001218,0,1,4,7.532492890480468,9.37404466802836,9.37404466802836,0.0,0.0,0.0,0.0,0.0,0.0,0.0,0,0.0,0.004673009662640171,48
9323.516352298,28.78000000001219,0,1,4,7.596175744331702,9.37404466802836,9.37404466802836,0.0,0.0,0.0,0.0,0.0,0.0,0.0,0,0.0,0.004673009638048953,48
9323.525998682,28.790000000012203,0,1,4,7.555636989937015,9.37404466802836,9.37404466802836,0.0,0.0,0.0,0.0,0.0,0.0,0.0,0,0.0,0.0046730096141578414,48
9323.536493979,28.800000000012215,0,1,4,7.555636989937015,9.37404466802836,9.37404466802836,0.0,0.0,0.0,0.0,0.0,0.0,0.0,0,0.0,0.0046730095909457425,52
9323.546474886,28.810000000012227,0,1,4,7.591842364125483,9.37404466802836,9.37404466802836,0.0,0.0,0.0,0.0,0.0,0.0,0.0,0,0.0,0.004673009568392228,53
9323.556340373,28.82000000001224,0,1,4,7.591842364125483,9.37404466802836,9.37404466802836,0.0,0.0,0.0,0.0,0.0,0.0,0.0,0,0.0,0.0046730095464770915,53
9323.566595025,28.83000000001225,0,1,4,7.555636989937015,9.37404466802836,9.37404466802836,0.0,0.0,0.0,0.0,0.0,0.0,0.0,0,0.0,0.004673009525182126,58
9323.576423453,28.840000000012264,0,1,4,7.555636989937015,9.37404466802836,9.37404466802836,0.0,0.0,0.0,0.0,0.0,0.0,0.0,0,0.0,0.004673009504488679,58
9323.586728422,28.850000000012276,0,1,4,7.555636989937015,9.37404466802836,9.37404466802836,0.0,0.0,0.0,0.0,0.0,0.0,0.0,0,0.0,0.004673009484377877,58
9323.598317865,28.86000000001229,0,1,4,7.528057509447288,9.37404466802836,9.37404466802836,0.0,0.0,0.0,0.0,0.0,0.0,0.0,0,0.0,0.004673009464833955,61
9323.606140175,28.8700000000123,0,1,4,7.528057509447288,9.37404466802836,9.37404466802836,0.0,0.0,0.0,0.0,0.0,0.0,0.0,0,0.0,0.004673009445839149,64
9323.615931049,28.880000000012313,0,1,4,7.591842364125483,9.37404466802836,9.37404466802836,0.0,0.0,0.0,0.0,0.0,0.0,0.0,0,0.0,0.0046730094273776945,64
9323.626025694,28.890000000012325,0,1,4,7.555636989937015,9.37404466802836,9.37404466802836,0.0,0.0,0.0,0.0,0.0,0.0,0.0,0,0.0,0.00467300940943316,64
9323.636034669,28.900000000012337,0,1,4,7.591842364125483,9.37404466802836,9.37404466802836,0.0,0.0,0.0,0.0,0.0,0.0,0.0,0,0.0,0.004673009391991334,68
9323.646197686,28.91000000001235,0,1,4,7.555636989937015,9.37404466802836,9.37404466802836,0.0,0.0,0.0,0.0,0.0,0.0,0.0,0,0.0,0.004673009375036896,68
9323.656218794,28.92000000001236,0,1,4,7.528057509447288,9.37404466802836,9.37404466802836,0.0,0.0,0.0,0.0,0.0,0.0,0.0,0,0.0,0.004673009358555635,68
9323.666362466,28.930000000012374,0,1,4,7.555636989937015,9.37404466802836,9.37404466802836,0.0,0.0,0.0,0.0,0.0,0.0,0.0,0,0.0,0.004673009342534229,71
9323.676020325,28.940000000012386,0,1,4,7.532492890480468,9.37404466802836,9.37404466802836,0.0,0.0,0.0,0.0,0.0,0.0,0.0,0,0.0,0.00467300932695891,71
9323.686017408,28.9500000000124,0,1,4,7.596175744331702,9.37404466802836,9.37404466802836,0.0,0.0,0.0,0.0,0.0,0.0,0.0,0,0.0,0.004673009311816578,71
9323.695946148,28.96000000001241,0,1,4,7.596175744331702,9.37404466802836,9.37404466802836,0.0,0.0,0.0,0.0,0.0,0.0,0.0,0,0.0,0.004673009297094799,71
9323.706034507,28.970000000012423,0,1,4,7.596175744331702,9.37404466802836,9.37404466802836,0.0,0.0,0.0,0.0,0.0,0.0,0.0,0,0.0,0.00467300928278136,76
9323.716346576,28.980000000012435,0,1,4,7.591842364125483,9.37404466802836,9.37404466802836,0.0,0.0,0.0,0.0,0.0,0.0,0.0,0,0.0,0.00467300926886427,76
9323.726246644,28.990000000012447,0,1,4,7.532492890480468,9.37404466802836,9.37404466802836,0.0,0.0,0.0,0.0,0.0,0.0,0.0,0,0.0,0.004673009255333094,77
9323.736420976,29.00000000001246,0,1,4,7.591842364125483,9.37404466802836,9.37404466802836,0.0,0.0,0.0,0.0,0.0,0.0,0.0,0,0.0,0.004673009242175397,82
9323.746759912,29.01000000001247,0,1,4,7.591842364125483,9.37404466802836,9.37404466802836,0.0,0.0,0.0,0.0,0.0,0.0,0.0,0,0.0,0.004673009229380742,83
9323.756556464,29.020000000012484,0,1,4,7.532492890480468,9.37404466802836,9.37404466802836,0.0,0.0,0.0,0.0,0.0,0.0,0.0,0,0.0,0.004673009216939583,84
9323.76809123,29.030000000012496,0,1,4,7.591842364125483,9.37404466802836,9.37404466802836,0.0,0.0,0.0,0.0,0.0,0.0,0.0,0,0.0,0.004673009204841261,87
9323.776232742,29.04000000001251,0,1,4,7.568611178330943,9.37404466802836,9.37404466802836,0.0,0.0,0.0,0.0,0.0,0.0,0.0,0,0.0,0.004673009193075783,91
9323.786019939,29.05000000001252,0,1,4,7.591842364125483,9.37404466802836,9.37404466802836,0.0,0.0,0.0,0.0,0.0,0.0,0.0,0,0.0,0.004673009181633825,91
9323.795954684,29.060000000012533,0,1,4,7.632030355497538,9.37404466802836,9.37404466802836,0.0,0.0,0.0,0.0,0.0,0.0,0.0,0,0.0,0.004673009170506726,91
9323.806555603,29.070000000012545,0,1,4,7.596175744331702,9.37404466802836,9.37404466802836,0.0,0.0,0.0,0.0,0.0,0.0,0.0,0,0.0,0.004673009159684494,95
9323.816570186,29.080000000012557,0,1,4,7.591842364125483,9.37404466802836,9.37404466802836,0.0,0.0,0.0,0.0,0.0,0.0,0.0,0,0.0,0.004673009149159135,95
9323.82686588,29.09000000001257,0,1,4,7.555636989937015,9.37404466802836,9.37404466802836,0.0,0.0,0.0,0.0,0.0,0.0,0.0,0,0.0,0.004673009138922213,95
9323.835981553,29.10000000001258,0,1,4,7.555636989937015,9.37404466802836,9.37404466802836,0.0,0.0,0.0,0.0,0.0,0.0,0.0,0,0.0,0.004673009128965511,101
9323.846093066,29.110000000012594,0,1,4,7.528057509447288,9.37404466802836,9.37404466802836,0.0,0.0,0.0,0.0,0.0,0.0,0.0,0,0.0,0.004673009119281035,101
9323.856357607,29.120000000012606,0,1,4,7.591842364125483,9.37404466802836,9.37404466802836,0.0,0.0,0.0,0.0,0.0,0.0,0.0,0,0.0,0.004673009109860793,101
9323.867363603,29.13000000001262,0,1,4,7.451481052630317,9.37404466802836,9.37404466802836,0.0,0.0,0.0,0.0,0.0,0.0,0.0,0,0.0,0.0046730091006979,104
9323.876477379,29.14000000001263,0,1,4,7.488314663110113,9.37404466802836,9.37404466802836,0.0,0.0,0.0,0.0,0.0,0.0,0.0,0,0.0,0.00467300909178503,106
9323.885966978,29.150000000012643,0,1,4,7.488314663110113,9.37404466802836,9.37404466802836,0.0,0.0,0.0,0.0,0.0,0.0,0.0,0,0.0,0.004673009083114854,106
9323.896341995,29.160000000012655,0,1,4,7.451481052630317,9.37404466802836,9.37404466802836,0.0,0.0,0.0,0.0,0.0,0.0,0.0,0,0.0,0.00467300907468049,106
9323.906290196,29.170000000012667,0,1,4,7.620167080917503,9.37404466802836,9.37404466802836,0.0,0.0,0.0,0.0,0.0,0.0,0.0,0,0.0,0.004673009066475942,110
9323.91631477,29.18000000001268,0,1,4,7.596175744331702,9.37404466802836,9.37404466802836,0.0,0.0,0.0,0.0,0.0,0.0,0.0,0,0.0,0.004673009058494548,110
9323.926342275,29.19000000001269,0,1,4,7.497229758919647,9.37404466802836,9.37404466802836,0.0,0.0,0.0,0.0,0.0,0.0,0.0,0,0.0,0.0046730090507298705,111
9323.936172042,29.200000000012704,0,1,4,7.521942810260289,9.37404466802836,9.37404466802836,0.0,0.0,0.0,0.0,0.0,0.0,0.0,0,0.0,0.004673009043175913,115
9323.945977887,29.210000000012716,0,1,4,7.418859232322615,9.37404466802836,9.37404466802836,0.0,0.0,0.0,0.0,0.0,0.0,0.0,0,0.0,0.004673009035826903,115
9323.955979285,29.22000000001273,0,1,4,7.483539526367625,9.37404466802836,9.37404466802836,0.0,0.0,0.0,0.0,0.0,0.0,0.0,0,0.0,0.0046730090286772885,115
9323.966308958,29.23000000001274,0,1,4,7.452445683140758,9.37404466802836,9.37404466802836,0.0,0.0,0.0,0.0,0.0,0.0,0.0,0,0.0,0.004673009021721075,115
9323.975955128,29.240000000012753,0,1,4,7.516875008413332,9.37404466802836,9.37404466802836,0.0,0.0,0.0,0.0,0.0,0.0,0.0,0,0.0,0.004673009014953156,121
9323.986346503,29.250000000012765,0,1,4,7.516875008413332,9.37404466802836,9.37404466802836,0.0,0.0,0.0,0.0,0.0,0.0,0.0,0,0.0,0.004673009008368423,122
9323.996379745,29.260000000012777,0,1,4,7.516875008413332,9.37404466802836,9.37404466802836,0.0,0.0,0.0,0.0,0.0,0.0,0.0,0,0.0,0.00467300900196177,122
9324.006506728,29.27000000001279,0,1,4,7.556118849850027,9.37404466802836,9.37404466802836,0.0,0.0,0.0,0.0,0.0,0.0,0.0,0,0.0,0.00467300899572809,126
9324.017085179,29.2800000000128,0,1,4,7.596175744331702,9.37404466802836,9.37404466802836,0.0,0.0,0.0,0.0,0.0,0.0,0.0,0,0.0,0.004673008989662941,126
9324.026038707,29.290000000012814,0,1,4,7.568611178330943,9.37404466802836,9.37404466802836,0.0,0.0,0.0,0.0,0.0,0.0,0.0,0,0.0,0.00467300898376144,127
9324.038271603,29.300000000012826,0,1,4,7.488314663110113,9.37404466802836,9.37404466802836,0.0,0.0,0.0,0.0,0.0,0.0,0.0,0,0.0,0.004673008978018478,129
9324.046452897,29.31000000001284,0,1,4,7.552462192090009,9.37404466802836,9.37404466802836,0.0,0.0,0.0,0.0,0.0,0.0,0.0,0,0.0,0.0046730089724305035,132
9324.056552175,29.32000000001285,0,1,4,7.515906233297995,9.37404466802836,9.37404466802836,0.0,0.0,0.0,0.0,0.0,0.0,0.0,0,0.0,0.004673008966993297,133
9324.066533333,29.330000000012863,0,1,4,7.488314663110113,9.37404466802836,9.37404466802836,0.0,0.0,0.0,0.0,0.0,0.0,0.0,0,0.0,0.0046730089617026405,134
9324.076519684,29.340000000012875,0,1,4,7.488314663110113,9.37404466802836,9.37404466802836,0.0,0.0,0.0,0.0,0.0,0.0,0.0,0,0.0,0.004673008956554314,138
9324.08596463,29.350000000012887,0,1,4,7.591842364125483,9.37404466802836,9.37404466802836,0.0,0.0,0.0,0.0,0.0,0.0,0.0,0,0.0,0.004673008951544322,138
9324.096011375,29.3600000000129,0,1,4,7.660913705654422,9.37404466802836,9.37404466802836,0.0,0.0,0.0,0.0,0.0,0.0,0.0,0,0.0,0.004673008946668222,138
9324.107048213,29.37000000001291,0,1,4,7.59676279694746,9.37404466802836,9.37404466802836,0.0,0.0,0.0,0.0,0.0,0.0,0.0,0,0.0,0.004673008941924017,142
9324.115971987,29.380000000012924,0,1,4,7.533090337772374,9.37404466802836,9.37404466802836,0.0,0.0,0.0,0.0,0.0,0.0,0.0,0,0.0,0.004673008937307266,143
9324.126054232,29.390000000012936,0,1,4,7.633772840782415,9.37404466802836,9.37404466802836,0.0,0.0,0.0,0.0,0.0,0.0,0.0,0,0.0,0.004673008932814193,144
9324.136640911,29.400000000012948,0,1,4,7.599481939998352,9.37404466802836,9.37404466802836,0.0,0.0,0.0,0.0,0.0,0.0,0.0,0,0.0,0.004673008928442135,144
9324.146485621,29.41000000001296,0,1,4,7.575390351507877,9.37404466802836,9.37404466802836,0.0,0.0,0.0,0.0,0.0,0.0,0.0,0,0.0,0.004673008924187094,150
9324.156011604,29.420000000012973,0,1,4,7.676479469848347,9.37404466802836,9.37404466802836,0.0,0.0,0.0,0.0,0.0,0.0,0.0,0,0.0,0.004673008920046184,151
9324.16635062,29.430000000012985,0,1,4,7.716126940841509,9.37404466802836,9.37404466802836,0.0,0.0,0.0,0.0,0.0,0.0,0.0,0,0.0,0.004673008916016297,151
9324.17584754,29.440000000012997,0,1,4,7.678677537386484,9.37404466802836,9.37404466802836,0.0,0.0,0.0,0.0,0.0,0.0,0.0,0,0.0,0.004673008912094101,157
9324.186617557,29.45000000001301,0,1,4,7.716126940841509,9.37404466802836,9.37404466802836,0.0,0.0,0.0,0.0,0.0,0.0,0.0,0,0.0,0.004673008908277154,159
9324.196351659,29.46000000001302,0,1,4,7.742088599101135,9.37404466802836,9.37404466802836,0.0,0.0,0.0,0.0,0.0,0.0,0.0,0,0.0,0.004673008904562126,161
9324.207479778,29.470000000013034,0,1,4,7.716126940841491,9.37404466802836,9.37404466802836,0.0,0.0,0.0,0.0,0.0,0.0,0.0,0,0.0,0.004673008900946574,164
9324.21651159,29.480000000013046,0,1,4,7.716126940841509,9.37404466802836,9.37404466802836,0.0,0.0,0.0,0.0,0.0,0.0,0.0,0,0.0,0.004673008897427389,166
9324.226578072,29.490000000013058,0,1,4,7.678677537386484,9.37404466802836,9.37404466802836,0.0,0.0,0.0,0.0,0.0,0.0,0.0,0,0.0,0.004673008894002573,166
9324.236587106,29.50000000001307,0,1,4,7.678677537386484,9.37404466802836,9.37404466802836,0.0,0.0,0.0,0.0,0.0,0.0,0.0,0,0.0,0.004673008890669461,166
9324.24655987,29.510000000013083,0,1,4,7.779269975348575,9.37404466802836,9.37404466802836,0.0,0.0,0.0,0.0,0.0,0.0,0.0,0,0.0,0.0046730088874253894,3
9324.256004556,29.520000000013095,0,1,4,7.678677537386484,9.37404466802836,9.37404466802836,0.0,0.0,0.0,0.0,0.0,0.0,0.0,0,0.0,0.004673008884267693,4
9324.266615008,29.530000000013107,0,1,4,7.615752091033255,9.37404466802836,9.37404466802836,0.0,0.0,0.0,0.0,0.0,0.0,0.0,0,0.0,0.004673008881194152,5
9324.276758903,29.54000000001312,0,1,4,7.678677537386484,9.37404466802836,9.37404466802836,0.0,0.0,0.0,0.0,0.0,0.0,0.0,0,0.0,0.004673008878202767,10
9324.286504986,29.55000000001313,0,1,4,7.678677537386484,9.37404466802836,9.37404466802836,0.0,0.0,0.0,0.0,0.0,0.0,0.0,0,0.0,0.004673008875291318,11
9324.296484021,29.560000000013144,0,1,4,7.716126940841509,9.37404466802836,9.37404466802836,0.0,0.0,0.0,0.0,0.0,0.0,0.0,0,0.0,0.004673008872457363,11
9324.306482932,29.570000000013156,0,1,4,7.553324396807086,9.37404466802836,9.37404466802836,0.0,0.0,0.0,0.0,0.0,0.0,0.0,0,0.0,0.0046730088696989025,11
9324.31635357,29.580000000013168,0,1,4,7.553324396807086,9.37404466802836,9.37404466802836,0.0,0.0,0.0,0.0,0.0,0.0,0.0,0,0.0,0.004673008867013717,16
9324.326541607,29.59000000001318,0,1,4,7.615752091033255,9.37404466802836,9.37404466802836,0.0,0.0,0.0,0.0,0.0,0.0,0.0,0,0.0,0.004673008864400252,16
