wall_time,sim_time,teleop_active,ros_fresh,position_error_mm,orientation_error_deg,target_linear_speed_mps,target_angular_speed_radps,raw_max_qdot_radps,cmd_max_qdot_radps,qdot_saturated,jacobian_condition,max_q_command_error_rad,deadline_misses
7422.90657431,0.010000000000000002,0,1,0.0,0.0,0.0,0.0,0.0,0.0,0,0.0,0.00023156172738025838,2
7422.916389861,0.02000000000000001,0,1,0.0,0.0,0.0,0.0,0.0,0.0,0,0.0,0.0006420883348210449,2
7422.926528929,0.03000000000000002,0,1,0.0,0.0,0.0,0.0,0.0,0.0,0,0.0,0.0010870701046840686,2
7422.936406798,0.04000000000000003,0,1,0.0,0.0,0.0,0.0,0.0,0.0,0,0.0,0.0015382914321710002,5
7422.946496391,0.05000000000000004,0,1,0.0,0.0,0.0,0.0,0.0,0.0,0,0.0,0.0019525120983990981,5
7422.9564813,0.060000000000000046,0,1,0.0,0.0,0.0,0.0,0.0,0.0,0,0.0,0.002326993557708709,5
7422.971854756,0.07000000000000005,0,1,0.0,0.0,0.0,0.0,0.0,0.0,0,0.0,0.0026636721412751654,6
7422.981485934,0.08000000000000006,0,1,0.0,0.0,0.0,0.0,0.0,0.0,0,0.0,0.0029657491512482194,6
7422.991718247,0.09000000000000007,0,1,0.0,0.0,0.0,0.0,0.0,0.0,0,0.0,0.003236578567500767,6
7423.001771961,0.10000000000000007,0,1,0.0,0.0,0.0,0.0,0.0,0.0,0,0.0,0.0034793261918181517,8
7423.01142502,0.11000000000000008,0,1,0.0,0.0,0.0,0.0,0.0,0.0,0,0.0,0.0036968818133849154,8
7423.021494113,0.12000000000000009,0,1,0.0,0.0,0.0,0.0,0.0,0.0,0,0.0,0.003891852468140432,8
7423.03302715,0.1300000000000001,0,1,0.0,0.0,0.0,0.0,0.0,0.0,0,0.0,0.004066580160140322,9
7423.041741528,0.1400000000000001,0,1,0.0,0.0,0.0,0.0,0.0,0.0,0,0.0,0.0042231655706561405,10
7423.052126675,0.1500000000000001,0,1,0.0,0.0,0.0,0.0,0.0,0.0,0,0.0,0.0043634918762542945,10
7423.061416283,0.16000000000000011,0,1,0.0,0.0,0.0,0.0,0.0,0.0,0,0.0,0.004489246934098883,10
7423.071734438,0.17000000000000012,0,1,0.0,0.0,0.0,0.0,0.0,0.0,0,0.0,0.004601943436198346,13
7423.081524415,0.18000000000000013,0,1,0.0,0.0,0.0,0.0,0.0,0.0,0,0.0,0.0047029370580503,13
7423.09149972,0.19000000000000014,0,1,0.0,0.0,0.0,0.0,0.0,0.0,0,0.0,0.00479344274985854,13
7423.104618995,0.20000000000000015,0,1,0.0,0.0,0.0,0.0,0.0,0.0,0,0.0,0.004874549344019622,16
7423.112150342,0.21000000000000016,0,1,0.0,0.0,0.0,0.0,0.0,0.0,0,0.0,0.004947232647788313,20
7423.122031632,0.22000000000000017,0,1,0.0,0.0,0.0,0.0,0.0,0.0,0,0.0,0.005012367176722273,20
7423.131969855,0.23000000000000018,0,1,0.0,0.0,0.0,0.0,0.0,0.0,0,0.0,0.005070736669659783,20
7423.141969105,0.24000000000000019,0,1,0.0,0.0,0.0,0.0,0.0,0.0,0,0.0,0.0051230435117468704,24
7423.151714415,0.25000000000000017,0,1,0.0,0.0,0.0,0.0,0.0,0.0,0,0.0,0.005169917178980228,24
7423.161395218,0.2600000000000002,0,1,0.0,0.0,0.0,0.0,0.0,0.0,0,0.0,0.005211921805952601,24
7423.171462741,0.2700000000000002,0,1,0.0,0.0,0.0,0.0,0.0,0.0,0,0.0,0.005249536049669865,28
7423.181819735,0.2800000000000002,0,1,0.0,0.0,0.0,0.0,0.0,0.0,0,0.0,0.00528308929435087,28
7423.1921764,0.2900000000000002,0,1,0.0,0.0,0.0,0.0,0.0,0.0,0,0.0,0.0053130514465207146,29
7423.203511591,0.3000000000000002,0,1,0.0,0.0,0.0,0.0,0.0,0.0,0,0.0,0.005339878191504068,30
7423.211916823,0.3100000000000002,0,1,0.0,0.0,0.0,0.0,0.0,0.0,0,0.0,0.00536393785246659,32
7423.221766094,0.32000000000000023,0,1,0.0,0.0,0.0,0.0,0.0,0.0,0,0.0,0.005385533541666898,32
7423.231645898,0.33000000000000024,0,1,0.0,0.0,0.0,0.0,0.0,0.0,0,0.0,0.005404924413936385,33
7423.241967534,0.34000000000000025,0,1,0.0,0.0,0.0,0.0,0.0,0.0,0,0.0,0.005422337788624488,36
7423.252433323,0.35000000000000026,0,1,0.0,0.0,0.0,0.0,0.0,0.0,0,0.0,0.005437975731847331,36
7423.261885776,0.36000000000000026,0,1,0.0,0.0,0.0,0.0,0.0,0.0,0,0.0,0.005452018977451459,37
7423.272207603,0.3700000000000003,0,1,0.0,0.0,0.0,0.0,0.0,0.0,0,0.0,0.005464629620454852,40
7423.281946125,0.3800000000000003,0,1,0.0,0.0,0.0,0.0,0.0,0.0,0,0.0,0.005475953208739359,0
7423.291464132,0.3900000000000003,0,1,0.0,0.0,0.0,0.0,0.0,0.0,0,0.0,0.005486125359485088,0
7423.301835086,0.4000000000000003,0,1,0.0,0.0,0.0,0.0,0.0,0.0,0,0.0,0.00549545203010255,0
7423.31176749,0.4100000000000003,0,1,0.0,0.0,0.0,0.0,0.0,0.0,0,0.0,0.005504294128597727,4
7423.321708043,0.4200000000000003,0,1,0.0,0.0,0.0,0.0,0.0,0.0,0,0.0,0.005512811472181938,4
7423.331862342,0.4300000000000003,0,1,0.0,0.0,0.0,0.0,0.0,0.0,0,0.0,0.00552107084652051,4
7423.341585519,0.44000000000000034,0,1,0.0,0.0,0.0,0.0,0.0,0.0,0,0.0,0.005529102057472208,7
7423.351867526,0.45000000000000034,0,1,0.0,0.0,0.0,0.0,0.0,0.0,0,0.0,0.005536920144885517,7
7423.361505745,0.46000000000000035,0,1,0.0,0.0,0.0,0.0,0.0,0.0,0,0.0,0.0055445341969600805,7
7423.374390275,0.47000000000000036,0,1,0.0,0.0,0.0,0.0,0.0,0.0,0,0.0,0.005551950854058594,8
7423.381651522,0.48000000000000037,0,1,0.0,0.0,0.0,0.0,0.0,0.0,0,0.0,0.005559175705129038,11
7423.391521784,0.4900000000000004,0,1,0.0,0.0,0.0,0.0,0.0,0.0,0,0.0,0.0055662138464504015,11
7423.40150714,0.5000000000000003,0,1,0.0,0.0,0.0,0.0,0.0,0.0,0,0.0,0.00557307010671817,11
7423.411453787,0.5100000000000003,0,1,0.0,0.0,0.0,0.0,0.0,0.0,0,0.0,0.00557974913889795,14
7423.421596552,0.5200000000000004,0,1,0.0,0.0,0.0,0.0,0.0,0.0,0,0.0,0.005586255458720616,14
7423.431434067,0.5300000000000004,0,1,0.0,0.0,0.0,0.0,0.0,0.0,0,0.0,0.005592593461728072,14
7423.442224799,0.5400000000000004,0,1,0.0,0.0,0.0,0.0,0.0,0.0,0,0.0,0.005598767431652431,17
7423.451429061,0.5500000000000004,0,1,0.0,0.0,0.0,0.0,0.0,0.0,0,0.0,0.005604781545265028,17
7423.461456927,0.5600000000000004,0,1,0.0,0.0,0.0,0.0,0.0,0.0,0,0.0,0.005610639875766005,17
7423.471476525,0.5700000000000004,0,1,0.0,0.0,0.0,0.0,0.0,0.0,0,0.0,0.005616346395552348,17
7423.481486643,0.5800000000000004,0,1,0.0,0.0,0.0,0.0,0.0,0.0,0,0.0,0.005621904978704771,20
7423.492162898,0.5900000000000004,0,1,0.0,0.0,0.0,0.0,0.0,0.0,0,0.0,0.005627319403332436,20
7423.50155018,0.6000000000000004,0,1,0.0,0.0,0.0,0.0,0.0,0.0,0,0.0,0.005632593353832658,20
7423.513041383,0.6100000000000004,0,1,0.0,0.0,0.0,0.0,0.0,0.0,0,0.0,0.005637730423089379,25
7423.52168631,0.6200000000000004,0,1,0.0,0.0,0.0,0.0,0.0,0.0,0,0.0,0.005642734114620527,27
7423.532183626,0.6300000000000004,0,1,0.0,0.0,0.0,0.0,0.0,0.0,0,0.0,0.005647607844678777,27
7423.54323845,0.6400000000000005,0,1,0.0,0.0,0.0,0.0,0.0,0.0,0,0.0,0.0056523549443079505,28
7423.551703344,0.6500000000000005,0,1,0.0,0.0,0.0,0.0,0.0,0.0,0,0.0,0.005656978661356293,30
7423.561630305,0.6600000000000005,0,1,0.0,0.0,0.0,0.0,0.0,0.0,0,0.0,0.005661482162447525,30
7423.571805389,0.6700000000000005,0,1,0.0,0.0,0.0,0.0,0.0,0.0,0,0.0,0.00566586853491038,30
7423.582129666,0.6800000000000005,0,1,0.0,0.0,0.0,0.0,0.0,0.0,0,0.0,0.0056701407886672805,36
7423.591656913,0.6900000000000005,0,1,0.0,0.0,0.0,0.0,0.0,0.0,0,0.0,0.005674301858082796,36
7423.601905625,0.7000000000000005,0,1,0.0,0.0,0.0,0.0,0.0,0.0,0,0.0,0.005678354603772501,36
7423.612184528,0.7100000000000005,0,1,0.0,0.0,0.0,0.0,0.0,0.0,0,0.0,0.005682301814372843,39
7423.621823631,0.7200000000000005,0,1,0.0,0.0,0.0,0.0,0.0,0.0,0,0.0,0.0056861462082726895,39
7423.631658642,0.7300000000000005,0,1,0.0,0.0,0.0,0.0,0.0,0.0,0,0.0,0.00568989043530711,39
7423.641666464,0.7400000000000005,0,1,0.0,0.0,0.0,0.0,0.0,0.0,0,0.0,0.005693537078414077,39
7423.652154369,0.7500000000000006,0,1,0.0,0.0,0.0,0.0,0.0,0.0,0,0.0,0.005697088655254685,44
7423.66201794,0.7600000000000006,0,1,0.0,0.0,0.0,0.0,0.0,0.0,0,0.0,0.0057005476197975235,44
7423.67165038,0.7700000000000006,0,1,0.0,0.0,0.0,0.0,0.0,0.0,0,0.0,0.005703916363867799,44
7423.681799119,0.7800000000000006,0,1,0.0,0.0,0.0,0.0,0.0,0.0,0,0.0,0.005707197218661874,48
7423.691555037,0.7900000000000006,0,1,0.0,0.0,0.0,0.0,0.0,0.0,0,0.0,0.005710392456227798,48
7423.701457455,0.8000000000000006,0,1,0.0,0.0,0.0,0.0,0.0,0.0,0,0.0,0.005713504290912477,48
7423.714562588,0.8100000000000006,0,1,0.0,0.0,0.0,0.0,0.0,0.0,0,0.0,0.005716534880776081,50
7423.721546619,0.8200000000000006,0,1,0.0,0.0,0.0,0.0,0.0,0.0,0,0.0,0.005719486328974297,53
7423.731821841,0.8300000000000006,0,1,0.0,0.0,0.0,0.0,0.0,0.0,0,0.0,0.005722360685109035,53
7423.742371758,0.8400000000000006,0,1,0.0,0.0,0.0,0.0,0.0,0.0,0,0.0,0.0057251599465481945,53
7423.751939237,0.8500000000000006,0,1,0.0,0.0,0.0,0.0,0.0,0.0,0,0.0,0.005727886059715068,60
7423.761765021,0.8600000000000007,0,1,0.0,0.0,0.0,0.0,0.0,0.0,0,0.0,0.005730540921347992,60
7423.771874892,0.8700000000000007,0,1,0.0,0.0,0.0,0.0,0.0,0.0,0,0.0,0.005733126379730814,60
7423.783229659,0.8800000000000007,0,1,0.0,0.0,0.0,0.0,0.0,0.0,0,0.0,0.005735644235894754,64
7423.791598647,0.8900000000000007,0,1,0.0,0.0,0.0,0.0,0.0,0.0,0,0.0,0.005738096244792243,66
7423.801807069,0.9000000000000007,0,1,0.0,0.0,0.0,0.0,0.0,0.0,0,0.0,0.005740484116443287,66
7423.811904997,0.9100000000000007,0,1,0.0,0.0,0.0,0.0,0.0,0.0,0,0.0,0.005742809517054933,66
7423.821716414,0.9200000000000007,0,1,0.0,0.0,0.0,0.0,0.0,0.0,0,0.0,0.005745074070114369,70
7423.831651997,0.9300000000000007,0,1,0.0,0.0,0.0,0.0,0.0,0.0,0,0.0,0.0057472793574562114,70
7423.84193404,0.9400000000000007,0,1,0.0,0.0,0.0,0.0,0.0,0.0,0,0.0,0.005749426920304515,70
7423.852561128,0.9500000000000007,0,1,0.0,0.0,0.0,0.0,0.0,0.0,0,0.0,0.005751518260290047,76
7423.861453422,0.9600000000000007,0,1,0.0,0.0,0.0,0.0,0.0,0.0,0,0.0,0.005753554840443318,77
7423.871450994,0.9700000000000008,0,1,0.0,0.0,0.0,0.0,0.0,0.0,0,0.0,0.005755538086163913,77
7423.882017619,0.9800000000000008,0,1,0.0,0.0,0.0,0.0,0.0,0.0,0,0.0,0.005757469386166609,79
7423.891775586,0.9900000000000008,0,1,0.0,0.0,0.0,0.0,0.0,0.0,0,0.0,0.0057593500934047925,79
7423.901492141,1.0000000000000007,0,1,0.0,0.0,0.0,0.0,0.0,0.0,0,0.0,0.005761181525971657,79
7423.911546345,1.0099999999999996,0,1,0.0,0.0,0.0,0.0,0.0,0.0,0,0.0,0.005762964967979673,79
7423.921546867,1.0199999999999985,0,1,0.0,0.0,0.0,0.0,0.0,0.0,0,0.0,0.005764701670418786,85
7423.931663897,1.0299999999999974,0,1,0.0,0.0,0.0,0.0,0.0,0.0,0,0.0,0.005766392851993848,86
7423.941488983,1.0399999999999963,0,1,0.0,0.0,0.0,0.0,0.0,0.0,0,0.0,0.0057680396999416975,86
7423.951460463,1.0499999999999952,0,1,0.0,0.0,0.0,0.0,0.0,0.0,0,0.0,0.005769643370828369,89
7423.961857832,1.059999999999994,0,1,0.0,0.0,0.0,0.0,0.0,0.0,0,0.0,0.005771204991326869,89
7423.971890331,1.069999999999993,0,1,0.0,0.0,0.0,0.0,0.0,0.0,0,0.0,0.005772725658975941,89
7423.981977017,1.0799999999999919,0,1,0.0,0.0,0.0,0.0,0.0,0.0,0,0.0,0.005774206442920276,90
7423.991967692,1.0899999999999908,0,1,0.0,0.0,0.0,0.0,0.0,0.0,0,0.0,0.005775648384632552,96
7424.001443585,1.0999999999999897,0,1,0.0,0.0,0.0,0.0,0.0,0.0,0,0.0,0.005777052498617756,96
7424.011796273,1.1099999999999886,0,1,0.0,0.0,0.0,0.0,0.0,0.0,0,0.0,0.005778419773100146,96
7424.021677086,1.1199999999999875,0,1,0.0,0.0,0.0,0.0,0.0,0.0,0,0.0,0.005779751170693301,99
7424.031538841,1.1299999999999863,0,1,0.0,0.0,0.0,0.0,0.0,0.0,0,0.0,0.005781047629053602,99
7424.041708332,1.1399999999999852,0,1,0.0,0.0,0.0,0.0,0.0,0.0,0,0.0,0.005782310061517564,99
7424.05208062,1.1499999999999841,0,1,0.0,0.0,0.0,0.0,0.0,0.0,0,0.0,0.005783539357723364,101
7424.062428955,1.159999999999983,0,1,0.0,0.0,0.0,0.0,0.0,0.0,0,0.0,0.005784736384216947,101
7424.071569656,1.169999999999982,0,1,0.0,0.0,0.0,0.0,0.0,0.0,0,0.0,0.005785901985043075,102
7424.081577895,1.1799999999999808,0,1,0.0,0.0,0.0,0.0,0.0,0.0,0,0.0,0.005787036982321657,102
7424.091554165,1.1899999999999797,0,1,0.0,0.0,0.0,0.0,0.0,0.0,0,0.0,0.005788142176809713,105
7424.101487495,1.1999999999999786,0,1,0.0,0.0,0.0,0.0,0.0,0.0,0,0.0,0.005789218348449308,105
7424.111443524,1.2099999999999775,0,1,0.0,0.0,0.0,0.0,0.0,0.0,0,0.0,0.005790266256901799,105
7424.121511609,1.2199999999999764,0,1,0.0,0.0,0.0,0.0,0.0,0.0,0,0.0,0.005791286642068696,107
7424.131657913,1.2299999999999753,0,1,0.0,0.0,0.0,0.0,0.0,0.0,0,0.0,0.0057922802245994765,107
7424.14145265,1.2399999999999742,0,1,0.0,0.0,0.0,0.0,0.0,0.0,0,0.0,0.005793247706386661,107
7424.151429093,1.2499999999999731,0,1,0.0,0.0,0.0,0.0,0.0,0.0,0,0.0,0.005794189771048435,107
7424.161473609,1.259999999999972,0,1,0.0,0.0,0.0,0.0,0.0,0.0,0,0.0,0.005795107084399147,109
7424.171429787,1.269999999999971,0,1,0.0,0.0,0.0,0.0,0.0,0.0,0,0.0,0.0057960002949079435,109
7424.181573182,1.2799999999999698,0,1,0.0,0.0,0.0,0.0,0.0,0.0,0,0.0,0.005796870034145843,109
7424.191516895,1.2899999999999687,0,1,0.0,0.0,0.0,0.0,0.0,0.0,0,0.0,0.00579771691722153,113
7424.202109968,1.2999999999999676,0,1,0.0,0.0,0.0,0.0,0.0,0.0,0,0.0,0.005798541543206137,113
7424.211735923,1.3099999999999665,0,1,0.0,0.0,0.0,0.0,0.0,0.0,0,0.0,0.005799344495547273,113
7424.222648078,1.3199999999999654,0,1,0.0,0.0,0.0,0.0,0.0,0.0,0,0.0,0.0058001263424725755,115
7424.231903136,1.3299999999999643,0,1,0.0,0.0,0.0,0.0,0.0,0.0,0,0.0,0.005800887637383025,116
7424.242317926,1.3399999999999632,0,1,0.0,0.0,0.0,0.0,0.0,0.0,0,0.0,0.005801628919236292,116
7424.251736774,1.3499999999999621,0,1,0.0,0.0,0.0,0.0,0.0,0.0,0,0.0,0.005802350712920339,117
7424.261931494,1.359999999999961,0,1,0.0,0.0,0.0,0.0,0.0,0.0,0,0.0,0.005803053529617535,120
7424.271539124,1.36999999999996,0,1,0.0,0.0,0.0,0.0,0.0,0.0,0,0.0,0.0058037378671594924,121
7424.281501774,1.3799999999999588,0,1,0.0,0.0,0.0,0.0,0.0,0.0,0,0.0,0.005804404210372877,0
7424.292283777,1.3899999999999577,0,1,0.0,0.0,0.0,0.0,0.0,0.0,0,0.0,0.0058050530314164035,4
7424.301781243,1.3999999999999566,0,1,0.0,0.0,0.0,0.0,0.0,0.0,0,0.0,0.005805684790109235,5
7424.311487652,1.4099999999999555,0,1,0.0,0.0,0.0,0.0,0.0,0.0,0,0.0,0.005806299934250996,5
7424.322470102,1.4199999999999544,0,1,0.0,0.0,0.0,0.0,0.0,0.0,0,0.0,0.005806898899933616,5
7424.336711038,1.4299999999999533,0,1,0.0,0.0,0.0,0.0,0.0,0.0,0,0.0,0.005807482111845191,6
7424.346778811,1.4399999999999522,0,1,0.0,0.0,0.0,0.0,0.0,0.0,0,0.0,0.0058080499835660715,6
7424.356706755,1.449999999999951,0,1,0.0,0.0,0.0,0.0,0.0,0.0,0,0.0,0.005808602917857379,6
7424.366711784,1.45999999999995,0,1,0.0,0.0,0.0,0.0,0.0,0.0,0,0.0,0.005809141306942113,8
7424.376714593,1.469999999999949,0,1,0.0,0.0,0.0,0.0,0.0,0.0,0,0.0,0.005809665532779057,8
7424.386678329,1.4799999999999478,0,1,0.0,0.0,0.0,0.0,0.0,0.0,0,0.0,0.0058101759673296685,8
7424.396696204,1.4899999999999467,0,1,0.0,0.0,0.0,0.0,0.0,0.0,0,0.0,0.005810672972818086,11
7424.406714886,1.4999999999999456,0,1,0.0,0.0,0.0,0.0,0.0,0.0,0,0.0,0.005811156901984485,11
7424.416836888,1.5099999999999445,0,1,0.0,0.0,0.0,0.0,0.0,0.0,0,0.0,0.0058116280983319096,11
7424.428228115,1.5199999999999434,0,1,0.0,0.0,0.0,0.0,0.0,0.0,0,0.0,0.005812086896366748,13
7424.436806555,1.5299999999999423,0,1,0.0,0.0,0.0,0.0,0.0,0.0,0,0.0,0.005812533621833021,14
7424.446687121,1.5399999999999412,0,1,0.0,0.0,0.0,0.0,0.0,0.0,0,0.0,0.005812968591940642,14
7424.456687376,1.54999999999994,0,1,0.0,0.0,0.0,0.0,0.0,0.0,0,0.0,0.005813392115587792,14
7424.466723835,1.559999999999939,0,1,0.0,0.0,0.0,0.0,0.0,0.0,0,0.0,0.005813804493577553,19
7424.476836172,1.569999999999938,0,1,0.0,0.0,0.0,0.0,0.0,0.0,0,0.0,0.0058142060188289615,19
7424.486716286,1.5799999999999368,0,1,0.0,0.0,0.0,0.0,0.0,0.0,0,0.0,0.005814596976582612,19
7424.496742465,1.5899999999999357,0,1,0.0,0.0,0.0,0.0,0.0,0.0,0,0.0,0.005814977644600948,22
7424.506697099,1.5999999999999346,0,1,0.0,0.0,0.0,0.0,0.0,0.0,0,0.0,0.005815348293363375,22
7424.516702625,1.6099999999999335,0,1,0.0,0.0,0.0,0.0,0.0,0.0,0,0.0,0.005815709186256342,22
7424.526690678,1.6199999999999324,0,1,0.0,0.0,0.0,0.0,0.0,0.0,0,0.0,0.005816060579758493,22
7424.536692219,1.6299999999999313,0,1,0.0,0.0,0.0,0.0,0.0,0.0,0,0.0,0.005816402723621032,25
7424.546749177,1.6399999999999302,0,1,0.0,0.0,0.0,0.0,0.0,0.0,0,0.0,0.005816735861043424,25
7424.556722984,1.649999999999929,0,1,0.0,0.0,0.0,0.0,0.0,0.0,0,0.0,0.005817060228844534,25
7424.566723669,1.659999999999928,0,1,0.0,0.0,0.0,0.0,0.0,0.0,0,0.0,0.005817376057629348,27
7424.576661609,1.6699999999999269,0,1,0.0,0.0,0.0,0.0,0.0,0.0,0,0.0,0.005817683571951356,27
7424.586724229,1.6799999999999258,0,1,0.0,0.0,0.0,0.0,0.0,0.0,0,0.0,0.005817982990470733,27
7424.600199102,1.6899999999999247,0,1,0.0,0.0,0.0,0.0,0.0,0.0,0,0.0,0.005818274526108418,29
7424.60670266,1.6999999999999236,0,1,0.0,0.0,0.0,0.0,0.0,0.0,0,0.0,0.005818558386196187,32
7424.616706035,1.7099999999999225,0,1,0.0,0.0,0.0,0.0,0.0,0.0,0,0.0,0.005818834772622834,32
7424.626708111,1.7199999999999214,0,1,0.0,0.0,0.0,0.0,0.0,0.0,0,0.0,0.005819103881976558,32
7424.636735122,1.7299999999999203,0,1,0.0,0.0,0.0,0.0,0.0,0.0,0,0.0,0.005819365905683644,35
7424.646743729,1.7399999999999192,0,1,0.0,0.0,0.0,0.0,0.0,0.0,0,0.0,0.00581962103014355,35
7424.6567293,1.749999999999918,0,1,0.0,0.0,0.0,0.0,0.0,0.0,0,0.0,0.005819869436860468,35
7424.666735098,1.759999999999917,0,1,0.0,0.0,0.0,0.0,0.0,0.0,0,0.0,0.005820111302571475,38
7424.67675078,1.7699999999999159,0,1,0.0,0.0,0.0,0.0,0.0,0.0,0,0.0,0.005820346799371346,38
7424.686870441,1.7799999999999148,0,1,0.0,0.0,0.0,0.0,0.0,0.0,0,0.0,0.005820576094834116,38
7424.696714039,1.7899999999999137,0,1,0.0,0.0,0.0,0.0,0.0,0.0,0,0.0,0.005820799352131482,38
7424.706822316,1.7999999999999126,0,1,0.0,0.0,0.0,0.0,0.0,0.0,0,0.0,0.005821016730148117,42
7424.716779738,1.8099999999999115,0,1,0.0,0.0,0.0,0.0,0.0,0.0,0,0.0,0.0058212283835939885,42
7424.726940317,1.8199999999999104,0,1,0.0,0.0,0.0,0.0,0.0,0.0,0,0.0,0.0058214344631137395,42
7424.736685652,1.8299999999999093,0,1,0.0,0.0,0.0,0.0,0.0,0.0,0,0.0,0.0058216351153932274,47
7424.746664505,1.8399999999999082,0,1,0.0,0.0,0.0,0.0,0.0,0.0,0,0.0,0.005821830483263278,47
7424.756781229,1.849999999999907,0,1,0.0,0.0,0.0,0.0,0.0,0.0,0,0.0,0.005822020705800745,48
7424.769283718,1.859999999999906,0,1,0.0,0.0,0.0,0.0,0.0,0.0,0,0.0,0.005822205918426916,51
7424.776848544,1.8699999999999048,0,1,0.0,0.0,0.0,0.0,0.0,0.0,0,0.0,0.005822386253003375,54
7424.786770623,1.8799999999999037,0,1,0.0,0.0,0.0,0.0,0.0,0.0,0,0.0,0.005822561837925336,54
7424.796711264,1.8899999999999026,0,1,0.0,0.0,0.0,0.0,0.0,0.0,0,0.0,0.005822732798212564,54
7424.806728653,1.8999999999999015,0,1,0.0,0.0,0.0,0.0,0.0,0.0,0,0.0,0.005822899255597908,57
7424.81672012,1.9099999999999004,0,1,0.0,0.0,0.0,0.0,0.0,0.0,0,0.0,0.005823061328613527,57
7424.826762559,1.9199999999998993,0,1,0.0,0.0,0.0,0.0,0.0,0.0,0,0.0,0.005823219132674857,57
7424.836746148,1.9299999999998982,0,1,0.0,0.0,0.0,0.0,0.0,0.0,0,0.0,0.0058233727801623985,60
7424.846758904,1.9399999999998971,0,1,0.0,0.0,0.0,0.0,0.0,0.0,0,0.0,0.005823522380501354,60
7424.856726221,1.949999999999896,0,1,0.0,0.0,0.0,0.0,0.0,0.0,0,0.0,0.005823668040239185,60
7424.868175465,1.959999999999895,0,1,0.0,0.0,0.0,0.0,0.0,0.0,0,0.0,0.00582380986312115,61
7424.876831246,1.9699999999998938,0,1,0.0,0.0,0.0,0.0,0.0,0.0,0,0.0,0.0058239479501638585,63
7424.886808277,1.9799999999998927,0,1,0.0,0.0,0.0,0.0,0.0,0.0,0,0.0,0.005824082399726902,63
7424.896746081,1.9899999999998916,0,1,0.0,0.0,0.0,0.0,0.0,0.0,0,0.0,0.005824213307582619,63
7424.906706737,1.9999999999998905,0,1,0.0,0.0,0.0,0.0,0.0,0.0,0,0.0,0.005824340766984022,68
7424.916691099,2.0099999999998897,0,1,0.0,0.0,0.0,0.0,0.0,0.0,0,0.0,0.00582446486873096,68
7424.926816115,2.0199999999998886,0,1,0.0,0.0,0.0,0.0,0.0,0.0,0,0.0,0.0058245857012345454,68
7424.937389966,2.0299999999998875,0,1,0.0,0.0,0.0,0.0,0.0,0.0,0,0.0,0.0058247033505798825,71
7424.94669539,2.0399999999998863,0,1,0.0,0.0,0.0,0.0,0.0,0.0,0,0.0,0.005824817900587173,71
7424.956666793,2.0499999999998852,0,1,0.0,0.0,0.0,0.0,0.0,0.0,0,0.0,0.0058249294328712115,71
7424.966674397,2.059999999999884,0,1,0.0,0.0,0.0,0.0,0.0,0.0,0,0.0,0.005825038026899319,71
7424.976684271,2.069999999999883,0,1,0.0,0.0,0.0,0.0,0.0,0.0,0,0.0,0.005825143760047766,74
7424.986686641,2.079999999999882,0,1,0.0,0.0,0.0,0.0,0.0,0.0,0,0.0,0.005825246707656712,74
7424.996681575,2.089999999999881,0,1,0.0,0.0,0.0,0.0,0.0,0.0,0,0.0,0.005825346943083713,74
7425.006760862,2.0999999999998797,0,1,0.0,0.0,0.0,0.0,0.0,0.0,0,0.0,0.005825444537755819,77
7425.016712207,2.1099999999998786,0,1,0.0,0.0,0.0,0.0,0.0,0.0,0,0.0,0.005825539561220309,77
7425.026780946,2.1199999999998775,0,1,0.0,0.0,0.0,0.0,0.0,0.0,0,0.0,0.0058256320811941,77
7425.038504808,2.1299999999998764,0,1,0.0,0.0,0.0,0.0,0.0,0.0,0,0.0,0.0058257221636118465,78
7425.046753428,2.1399999999998753,0,1,0.0,0.0,0.0,0.0,0.0,0.0,0,0.0,0.005825809872672802,80
7425.056698768,2.1499999999998742,0,1,0.0,0.0,0.0,0.0,0.0,0.0,0,0.0,0.005825895270886429,80
7425.066726754,2.159999999999873,0,1,0.0,0.0,0.0,0.0,0.0,0.0,0,0.0,0.005825978419116834,80
7425.076685273,2.169999999999872,0,1,0.0,0.0,0.0,0.0,0.0,0.0,0,0.0,0.005826059376626013,83
7425.086687353,2.179999999999871,0,1,0.0,0.0,0.0,0.0,0.0,0.0,0,0.0,0.00582613820111598,83
7425.096711715,2.18999999999987,0,1,0.0,0.0,0.0,0.0,0.0,0.0,0,0.0,0.005826214948769786,83
7425.106687272,2.1999999999998687,0,1,0.0,0.0,0.0,0.0,0.0,0.0,0,0.0,0.005826289674291467,86
7425.116711793,2.2099999999998676,0,1,0.0,0.0,0.0,0.0,0.0,0.0,0,0.0,0.005826362430944929,86
7425.126705701,2.2199999999998665,0,1,0.0,0.0,0.0,0.0,0.0,0.0,0,0.0,0.005826433270591821,86
7425.136700077,2.2299999999998654,0,1,0.0,0.0,0.0,0.0,0.0,0.0,0,0.0,0.005826502243728421,86
7425.146717477,2.2399999999998643,0,1,0.0,0.0,0.0,0.0,0.0,0.0,0,0.0,0.005826569399521545,89
7425.156784319,2.249999999999863,0,1,0.0,0.0,0.0,0.0,0.0,0.0,0,0.0,0.0058266347858435185,89
7425.167010927,2.259999999999862,0,1,0.0,0.0,0.0,0.0,0.0,0.0,0,0.0,0.005826698449306215,89
7425.176696822,2.269999999999861,0,1,0.0,0.0,0.0,0.0,0.0,0.0,0,0.0,0.005826760435294223,94
7425.186904984,2.27999999999986,0,1,0.0,0.0,0.0,0.0,0.0,0.0,0,0.0,0.005826820787997131,94
7425.196724488,2.289999999999859,0,1,0.0,0.0,0.0,0.0,0.0,0.0,0,0.0,0.005826879550440963,95
7425.207373044,2.2999999999998577,0,1,0.0,0.0,0.0,0.0,0.0,0.0,0,0.0,0.005826936764518787,97
7425.216738014,2.3099999999998566,0,1,0.0,0.0,0.0,0.0,0.0,0.0,0,0.0,0.005826992471020532,97
7425.226705811,2.3199999999998555,0,1,0.0,0.0,0.0,0.0,0.0,0.0,0,0.0,0.005827046709662002,97
7425.236695429,2.3299999999998544,0,1,0.0,0.0,0.0,0.0,0.0,0.0,0,0.0,0.005827099519113149,97
7425.246744587,2.3399999999998533,0,1,0.0,0.0,0.0,0.0,0.0,0.0,0,0.0,0.005827150937025587,101
7425.256692892,2.349999999999852,0,1,0.0,0.0,0.0,0.0,0.0,0.0,0,0.0,0.005827201000059388,101
7425.266712271,2.359999999999851,0,1,0.0,0.0,0.0,0.0,0.0,0.0,0,0.0,0.005827249743909178,101
7425.276707067,2.36999999999985,0,1,0.0,0.0,0.0,0.0,0.0,0.0,0,0.0,0.005827297203329544,104
7425.286759552,2.379999999999849,0,1,0.0,0.0,0.0,0.0,0.0,0.0,0,0.0,0.005827343412159769,0
7425.296762122,2.389999999999848,0,1,0.0,0.0,0.0,0.0,0.0,0.0,0,0.0,0.005827388403347927,0
7425.306697163,2.3999999999998467,0,1,0.0,0.0,0.0,0.0,0.0,0.0,0,0.0,0.005827432208974336,0
7425.316697146,2.4099999999998456,0,1,0.0,0.0,0.0,0.0,0.0,0.0,0,0.0,0.005827474860274394,2
7425.326763241,2.4199999999998445,0,1,0.0,0.0,0.0,0.0,0.0,0.0,0,0.0,0.005827516387660826,2
7425.336690015,2.4299999999998434,0,1,0.0,0.0,0.0,0.0,0.0,0.0,0,0.0,0.0058275568207453304,2
7425.346722686,2.4399999999998423,0,1,0.0,0.0,0.0,0.0,0.0,0.0,0,0.0,0.005827596188359675,5
7425.356695454,2.449999999999841,0,1,0.0,0.0,0.0,0.0,0.0,0.0,0,0.0,0.005827634518576209,5
7425.366703933,2.45999999999984,0,1,0.0,0.0,0.0,0.0,0.0,0.0,0,0.0,0.005827671838727871,5
7425.377445901,2.469999999999839,0,1,0.0,0.0,0.0,0.0,0.0,0.0,0,0.0,0.005827708175427649,7
7425.386701864,2.479999999999838,0,1,0.0,0.0,0.0,0.0,0.0,0.0,0,0.0,0.005827743554587529,7
7425.39671716,2.489999999999837,0,1,0.0,0.0,0.0,0.0,0.0,0.0,0,0.0,0.005827778001436958,7
7425.406801719,2.4999999999998357,0,1,0.0,0.0,0.0,0.0,0.0,0.0,0,0.0,0.0058278115405408035,7
7425.416688778,2.5099999999998346,0,1,0.0,0.0,0.0,0.0,0.0,0.0,0,0.0,0.005827844195816862,11
7425.426692217,2.5199999999998335,0,1,0.0,0.0,0.0,0.0,0.0,0.0,0,0.0,0.0058278759905528894,11
7425.436799316,2.5299999999998324,0,1,0.0,0.0,0.0,0.0,0.0,0.0,0,0.0,0.005827906947423184,11
7425.448474866,2.5399999999998313,0,1,0.0,0.0,0.0,0.0,0.0,0.0,0,0.0,0.005827937088504746,15
7425.456794163,2.54999999999983,0,1,0.0,0.0,0.0,0.0,0.0,0.0,0,0.0,0.005827966435293006,17
7425.466891706,2.559999999999829,0,1,0.0,0.0,0.0,0.0,0.0,0.0,0,0.0,0.005827995008717133,17
7425.476791438,2.569999999999828,0,1,0.0,0.0,0.0,0.0,0.0,0.0,0,0.0,0.005828022829154949,17
7425.486803192,2.579999999999827,0,1,0.0,0.0,0.0,0.0,0.0,0.0,0,0.0,0.005828049916447445,23
7425.496800322,2.5899999999998258,0,1,0.0,0.0,0.0,0.0,0.0,0.0,0,0.0,0.00582807628991292,23
7425.506834175,2.5999999999998247,0,1,0.0,0.0,0.0,0.0,0.0,0.0,0,0.0,0.00582810196836074,23
7425.516706361,2.6099999999998236,0,1,0.0,0.0,0.0,0.0,0.0,0.0,0,0.0,0.0058281269701047494,28
7425.526845671,2.6199999999998225,0,1,0.0,0.0,0.0,0.0,0.0,0.0,0,0.0,0.005828151312976308,28
7425.536791073,2.6299999999998214,0,1,0.0,0.0,0.0,0.0,0.0,0.0,0,0.0,0.005828175014337006,28
7425.549841587,2.6399999999998203,0,1,0.0,0.0,0.0,0.0,0.0,0.0,0,0.0,0.005828198091091035,30
7425.556718853,2.649999999999819,0,1,0.0,0.0,0.0,0.0,0.0,0.0,0,0.0,0.005828220559697232,33
7425.566807419,2.659999999999818,0,1,0.0,0.0,0.0,0.0,0.0,0.0,0,0.0,0.005828242436180812,33
7425.576729618,2.669999999999817,0,1,0.0,0.0,0.0,0.0,0.0,0.0,0,0.0,0.005828263736144779,33
7425.586719773,2.679999999999816,0,1,0.0,0.0,0.0,0.0,0.0,0.0,0,0.0,0.005828284474781059,36
7425.59674424,2.6899999999998148,0,1,0.0,0.0,0.0,0.0,0.0,0.0,0,0.0,0.005828304666881317,36
7425.606721763,2.6999999999998137,0,1,0.0,0.0,0.0,0.0,0.0,0.0,0,0.0,0.005828324326847506,36
7425.616702556,2.7099999999998126,0,1,0.0,0.0,0.0,0.0,0.0,0.0,0,0.0,0.005828343468702124,39
7425.62669095,2.7199999999998115,0,1,0.0,0.0,0.0,0.0,0.0,0.0,0,0.0,0.005828362106098213,39
7425.636700688,2.7299999999998104,0,1,0.0,0.0,0.0,0.0,0.0,0.0,0,0.0,0.005828380252329096,39
7425.646704818,2.7399999999998093,0,1,0.0,0.0,0.0,0.0,0.0,0.0,0,0.0,0.005828397920337841,39
7425.656721433,2.749999999999808,0,1,0.0,0.0,0.0,0.0,0.0,0.0,0,0.0,0.005828415122726492,41
7425.666723003,2.759999999999807,0,1,0.0,0.0,0.0,0.0,0.0,0.0,0,0.0,0.005828431871765057,41
7425.67670854,2.769999999999806,0,1,0.0,0.0,0.0,0.0,0.0,0.0,0,0.0,0.005828448179400243,41
7425.686765963,2.779999999999805,0,1,0.0,0.0,0.0,0.0,0.0,0.0,0,0.0,0.005828464057263982,44
7425.696812273,2.7899999999998037,0,1,0.0,0.0,0.0,0.0,0.0,0.0,0,0.0,0.005828479516681718,44
7425.706755041,2.7999999999998026,0,1,0.0,0.0,0.0,0.0,0.0,0.0,0,0.0,0.005828494568680481,44
7425.719510207,2.8099999999998015,0,1,0.0,0.0,0.0,0.0,0.0,0.0,0,0.0,0.005828509223996753,46
7425.726704095,2.8199999999998004,0,1,0.0,0.0,0.0,0.0,0.0,0.0,0,0.0,0.005828523493084115,49
7425.73668462,2.8299999999997993,0,1,0.0,0.0,0.0,0.0,0.0,0.0,0,0.0,0.0058285373861207005,50
7425.746716014,2.8399999999997982,0,1,0.0,0.0,0.0,0.0,0.0,0.0,0,0.0,0.005828550913016457,50
7425.756707361,2.849999999999797,0,1,0.0,0.0,0.0,0.0,0.0,0.0,0,0.0,0.0058285640834202,52
7425.766707695,2.859999999999796,0,1,0.0,0.0,0.0,0.0,0.0,0.0,0,0.0,0.00582857690672651,52
7425.776843044,2.869999999999795,0,1,0.0,0.0,0.0,0.0,0.0,0.0,0,0.0,0.005828589392082414,52
7425.786692964,2.879999999999794,0,1,0.0,0.0,0.0,0.0,0.0,0.0,0,0.0,0.005828601548393915,55
7425.796706306,2.8899999999997927,0,1,0.0,0.0,0.0,0.0,0.0,0.0,0,0.0,0.0058286133843323375,55
7425.806684305,2.8999999999997916,0,1,0.0,0.0,0.0,0.0,0.0,0.0,0,0.0,0.005828624908340515,55
7425.816711,2.9099999999997905,0,1,0.0,0.0,0.0,0.0,0.0,0.0,0,0.0,0.0058286361286388096,55
7425.826692789,2.9199999999997894,0,1,0.0,0.0,0.0,0.0,0.0,0.0,0,0.0,0.005828647053230966,57
7425.836703734,2.9299999999997883,0,1,0.0,0.0,0.0,0.0,0.0,0.0,0,0.0,0.005828657689909825,57
7425.846702388,2.9399999999997872,0,1,0.0,0.0,0.0,0.0,0.0,0.0,0,0.0,0.00582866804626288,57
7425.856753667,2.949999999999786,0,1,0.0,0.0,0.0,0.0,0.0,0.0,0,0.0,0.005828678129677686,60
7425.86668263,2.959999999999785,0,1,0.0,0.0,0.0,0.0,0.0,0.0,0,0.0,0.005828687947347123,60
7425.876732387,2.969999999999784,0,1,0.0,0.0,0.0,0.0,0.0,0.0,0,0.0,0.005828697506274534,60
7425.887887722,2.979999999999783,0,1,0.0,0.0,0.0,0.0,0.0,0.0,0,0.0,0.005828706813278713,62
7425.896758528,2.9899999999997817,0,1,0.0,0.0,0.0,0.0,0.0,0.0,0,0.0,0.005828715874998765,63
7425.906753478,2.9999999999997806,0,1,0.0,0.0,0.0,0.0,0.0,0.0,0,0.0,0.005828724697898847,63
7425.916692905,3.0099999999997795,0,1,0.0,0.0,0.0,0.0,0.0,0.0,0,0.0,0.005828733288272771,63
7425.926720975,3.0199999999997784,0,1,0.0,0.0,0.0,0.0,0.0,0.0,0,0.0,0.0058287416522484975,66
7425.937088858,3.0299999999997773,1,1,6.03596376168337,0.6941473228784041,0.04952522260390307,0.004,0.06329885274718791,0.06329885274718791,0,13.371749035726351,0.0061515520822250525,66
7425.947557697,3.039999999999776,1,1,6.175201786050336,0.6952821580054777,0.10000000000000002,0.019797329067563672,0.06468739795922315,0.06468739795922315,0,13.37186715318453,0.006604946955524271,70
7425.964684644,3.049999999999775,1,1,6.146393119404104,0.6956695173149792,0.06331053344244036,0.007075130588330472,0.060777288813062394,0.060777288813062394,0,13.372199470227205,0.007131813428584044,77
7425.974435199,3.059999999999774,1,1,5.934720615639848,0.6914642874409365,0.049596371819351795,0.019824211381717503,0.06292498035413563,0.06292498035413563,0,13.372701741829793,0.007612621395695296,81
7425.983566853,3.069999999999773,1,1,5.80917682066218,0.6899822893189389,0.0,0.036928322128561265,0.061315720503590895,0.061315720503590895,0,13.373375633773195,0.00804623013895811,86
7425.993582855,3.079999999999772,1,1,5.66795064061791,0.6936349167672742,0.0,0.05114078518895582,0.05704477339197907,0.05704477339197907,0,13.374213037497372,0.008411805883991041,93
7426.00363851,3.0899999999997707,1,1,5.504506338878281,0.7019580804925399,0.06268369582197092,0.06035087953758043,0.05853013391611873,0.05853013391611873,0,13.375189873179323,0.008733032516673234,95
7426.013561837,3.0999999999997696,1,1,5.396218813354039,0.7154500725828893,0.04454369150080119,0.061733529648345956,0.054120010252939575,0.054120010252939575,0,13.376294991133966,0.008999295403859353,95
7426.025481021,3.1099999999997685,1,1,5.0463354128240745,0.7289800217639535,0.06383980320871055,0.060362258284823916,0.05224042662871191,0.05224042662871191,0,13.377510841063339,0.009208834893957185,97
7426.033526154,3.1199999999997674,1,1,4.787832697963417,0.7404148871902742,0.0,0.06370057320104867,0.04849201554207873,0.04849201554207873,0,13.37882474432707,0.00936947725385373,99
7426.043558007,3.1299999999997663,1,1,4.514877543649698,0.7486631057861416,0.0,0.0692878339012217,0.04460161929676011,0.04460161929676011,0,13.38021992565263,0.009475788189098555,100
7426.053343487,3.139999999999765,0,1,0.0,0.0,0.0,0.0,0.0,0.0,0,0.0,0.009279855311754348,100
7426.063301545,3.149999999999764,0,1,0.0,0.0,0.0,0.0,0.0,0.0,0,0.0,0.008934102373971964,103
7426.073348383,3.159999999999763,0,1,0.0,0.0,0.0,0.0,0.0,0.0,0,0.0,0.008618097378210399,103
7426.083316292,3.169999999999762,0,1,0.0,0.0,0.0,0.0,0.0,0.0,0,0.0,0.008332210230317827,103
7426.09329239,3.179999999999761,0,1,0.0,0.0,0.0,0.0,0.0,0.0,0,0.0,0.008074523893982777,106
7426.103301553,3.1899999999997597,0,1,0.0,0.0,0.0,0.0,0.0,0.0,0,0.0,0.007842570125171866,106
7426.11330983,3.1999999999997586,0,1,0.0,0.0,0.0,0.0,0.0,0.0,0,0.0,0.00763388164507095,106
7426.125710882,3.2099999999997575,0,1,0.0,0.0,0.0,0.0,0.0,0.0,0,0.0,0.007446156760981593,107
7426.133351544,3.2199999999997564,0,1,0.0,0.0,0.0,0.0,0.0,0.0,0,0.0,0.007277288313270125,109
7426.143366079,3.2299999999997553,0,1,0.0,0.0,0.0,0.0,0.0,0.0,0,0.0,0.007125383424859466,109
7426.153302118,3.239999999999754,0,1,0.0,0.0,0.0,0.0,0.0,0.0,0,0.0,0.0069887433860740256,109
7426.163306282,3.249999999999753,0,1,0.0,0.0,0.0,0.0,0.0,0.0,0,0.0,0.006865836811887016,112
7426.173315734,3.259999999999752,0,1,0.0,0.0,0.0,0.0,0.0,0.0,0,0.0,0.00675528392362823,112
7426.183390642,3.269999999999751,0,1,0.0,0.0,0.0,0.0,0.0,0.0,0,0.0,0.00665584251957263,112
7426.193675909,3.27999999999975,0,1,0.0,0.0,0.0,0.0,0.0,0.0,0,0.0,0.006566394860209934,115
7426.203287316,3.2899999999997487,0,1,0.0,0.0,0.0,0.0,0.0,0.0,0,0.0,0.006485935503937501,115
7426.213351687,3.2999999999997476,0,1,0.0,0.0,0.0,0.0,0.0,0.0,0,0.0,0.006413560164139964,115
7426.223323361,3.3099999999997465,0,1,0.0,0.0,0.0,0.0,0.0,0.0,0,0.0,0.006357846051377167,115
7426.233356144,3.3199999999997454,0,1,0.0,0.0,0.0,0.0,0.0,0.0,0,0.0,0.006324926506953591,120
7426.243332874,3.3299999999997443,0,1,0.0,0.0,0.0,0.0,0.0,0.0,0,0.0,0.006295499592582876,120
7426.253415099,3.339999999999743,0,1,0.0,0.0,0.0,0.0,0.0,0.0,0,0.0,0.006269195575813949,120
7426.264224397,3.349999999999742,0,1,0.0,0.0,0.0,0.0,0.0,0.0,0,0.0,0.006245683779081636,125
7426.273390431,3.359999999999741,0,1,0.0,0.0,0.0,0.0,0.0,0.0,0,0.0,0.0062246684641788196,127
7426.283468614,3.36999999999974,0,1,0.0,0.0,0.0,0.0,0.0,0.0,0,0.0,0.006205959977781962,1
7426.297463587,3.3799999999997388,0,1,0.0,0.0,0.0,0.0,0.0,0.0,0,0.0,0.006189392871207896,2
7426.303699015,3.3899999999997377,0,1,0.0,0.0,0.0,0.0,0.0,0.0,0,0.0,0.006174656390843081,7
7426.313417667,3.3999999999997366,0,1,0.0,0.0,0.0,0.0,0.0,0.0,0,0.0,0.006161489568476008,7
7426.323413087,3.4099999999997355,0,1,0.0,0.0,0.0,0.0,0.0,0.0,0,0.0,0.006149695707854608,7
7426.333343968,3.4199999999997344,0,1,0.0,0.0,0.0,0.0,0.0,0.0,0,0.0,0.006139119275161956,10
7426.343291989,3.4299999999997333,0,1,0.0,0.0,0.0,0.0,0.0,0.0,0,0.0,0.0061295706504427136,10
7426.353459162,3.439999999999732,0,1,0.0,0.0,0.0,0.0,0.0,0.0,0,0.0,0.006120647786310758,10
7426.363321795,3.449999999999731,0,1,0.0,0.0,0.0,0.0,0.0,0.0,0,0.0,0.006112102764477895,14
7426.37335792,3.45999999999973,0,1,0.0,0.0,0.0,0.0,0.0,0.0,0,0.0,0.0061038340789803264,14
7426.383299643,3.469999999999729,0,1,0.0,0.0,0.0,0.0,0.0,0.0,0,0.0,0.006095798380415109,14
7426.396685713,3.4799999999997278,0,1,0.0,0.0,0.0,0.0,0.0,0.0,0,0.0,0.006087975458668068,15
7426.403295482,3.4899999999997267,0,1,0.0,0.0,0.0,0.0,0.0,0.0,0,0.0,0.006080354362338571,18
7426.413289997,3.4999999999997256,0,1,0.0,0.0,0.0,0.0,0.0,0.0,0,0.0,0.006072927888629705,18
7426.423378113,3.5099999999997245,0,1,0.0,0.0,0.0,0.0,0.0,0.0,0,0.0,0.006065690391714713,18
7426.433311797,3.5199999999997234,0,1,0.0,0.0,0.0,0.0,0.0,0.0,0,0.0,0.0060586369086753624,20
7426.443414916,3.5299999999997222,0,1,0.0,0.0,0.0,0.0,0.0,0.0,0,0.0,0.0060517628095386996,20
7426.453303566,3.539999999999721,0,1,0.0,0.0,0.0,0.0,0.0,0.0,0,0.0,0.006045063656240517,20
7426.465285325,3.54999999999972,0,1,0.0,0.0,0.0,0.0,0.0,0.0,0,0.0,0.00603853514507895,22
7426.473406092,3.559999999999719,0,1,0.0,0.0,0.0,0.0,0.0,0.0,0,0.0,0.00603217308261996,24
7426.48353293,3.569999999999718,0,1,0.0,0.0,0.0,0.0,0.0,0.0,0,0.0,0.0060259733750424194,24
7426.493292244,3.5799999999997167,0,1,0.0,0.0,0.0,0.0,0.0,0.0,0,0.0,0.0060199320228969105,24
7426.503315603,3.5899999999997156,0,1,0.0,0.0,0.0,0.0,0.0,0.0,0,0.0,0.006014045118050472,29
7426.513311045,3.5999999999997145,0,1,0.0,0.0,0.0,0.0,0.0,0.0,0,0.0,0.006008308841515798,29
7426.523288695,3.6099999999997134,0,1,0.0,0.0,0.0,0.0,0.0,0.0,0,0.0,0.006002719461639231,29
7426.533338422,3.6199999999997123,0,1,0.0,0.0,0.0,0.0,0.0,0.0,0,0.0,0.005997273332435302,33
7426.543307345,3.6299999999997112,0,1,0.0,0.0,0.0,0.0,0.0,0.0,0,0.0,0.005991966891982612,33
7426.553290288,3.63999999999971,0,1,0.0,0.0,0.0,0.0,0.0,0.0,0,0.0,0.0059867966608473985,33
7426.565903321,3.649999999999709,0,1,0.0,0.0,0.0,0.0,0.0,0.0,0,0.0,0.0059817592405221704,34
7426.573307013,3.659999999999708,0,1,0.0,0.0,0.0,0.0,0.0,0.0,0,0.0,0.005976851311875231,36
7426.583486512,3.669999999999707,0,1,0.0,0.0,0.0,0.0,0.0,0.0,0,0.0,0.005972069633610341,36
7426.593306667,3.6799999999997057,0,1,0.0,0.0,0.0,0.0,0.0,0.0,0,0.0,0.0059674110407371,36
7426.603324515,3.6899999999997046,0,1,0.0,0.0,0.0,0.0,0.0,0.0,0,0.0,0.005962872443053073,38
7426.613395454,3.6999999999997035,0,1,0.0,0.0,0.0,0.0,0.0,0.0,0,0.0,0.005958450823638815,39
7426.623305737,3.7099999999997024,0,1,0.0,0.0,0.0,0.0,0.0,0.0,0,0.0,0.005954143237366901,39
7426.633706234,3.7199999999997013,0,1,0.0,0.0,0.0,0.0,0.0,0.0,0,0.0,0.005949946809426032,42
7426.643362518,3.7299999999997,0,1,0.0,0.0,0.0,0.0,0.0,0.0,0,0.0,0.005945858733861156,42
7426.653392719,3.739999999999699,0,1,0.0,0.0,0.0,0.0,0.0,0.0,0,0.0,0.005941876272130471,42
7426.663298662,3.749999999999698,0,1,0.0,0.0,0.0,0.0,0.0,0.0,0,0.0,0.005937996751680077,42
7426.673404722,3.759999999999697,0,1,0.0,0.0,0.0,0.0,0.0,0.0,0,0.0,0.0059342175645369375,45
7426.683543962,3.769999999999696,0,1,0.0,0.0,0.0,0.0,0.0,0.0,0,0.0,0.005930536165920772,49
7426.693460519,3.7799999999996947,0,1,0.0,0.0,0.0,0.0,0.0,0.0,0,0.0,0.005926950072875378,52
7426.709272177,3.7899999999996936,0,1,0.0,0.0,0.0,0.0,0.0,0.0,0,0.0,0.005923456862919814,54
7426.719404091,3.7999999999996925,0,1,0.0,0.0,0.0,0.0,0.0,0.0,0,0.0,0.005920054172719872,57
7426.729179085,3.8099999999996914,0,1,0.0,0.0,0.0,0.0,0.0,0.0,0,0.0,0.00591673969678009,58
7426.745631423,3.8199999999996903,0,1,0.0,0.0,0.0,0.0,0.0,0.0,0,0.0,0.005913511186156623,59
7426.75492643,3.829999999999689,0,1,0.0,0.0,0.0,0.0,0.0,0.0,0,0.0,0.005910366447191144,60
7426.764926384,3.839999999999688,0,1,0.0,0.0,0.0,0.0,0.0,0.0,0,0.0,0.005907303340265957,60
7426.774971075,3.849999999999687,0,1,0.0,0.0,0.0,0.0,0.0,0.0,0,0.0,0.005904319778580417,64
7426.785362399,3.859999999999686,0,1,0.0,0.0,0.0,0.0,0.0,0.0,0,0.0,0.005901413726948741,65
7426.795289387,3.869999999999685,0,1,0.0,0.0,0.0,0.0,0.0,0.0,0,0.0,0.005898583200619257,65
7426.806676897,3.8799999999996837,0,1,0.0,0.0,0.0,0.0,0.0,0.0,0,0.0,0.0058958262641150665,69
7426.815481023,3.8899999999996826,0,1,0.0,0.0,0.0,0.0,0.0,0.0,0,0.0,0.005893141030096111,72
7426.825555742,3.8999999999996815,0,1,0.0,0.0,0.0,0.0,0.0,0.0,0,0.0,0.005890525658242567,72
7426.835592517,3.9099999999996804,0,1,0.0,0.0,0.0,0.0,0.0,0.0,0,0.0,0.005887978354159499,74
7426.844958906,3.9199999999996793,0,1,0.0,0.0,0.0,0.0,0.0,0.0,0,0.0,0.005885497368302638,80
7426.855190359,3.929999999999678,0,1,0.0,0.0,0.0,0.0,0.0,0.0,0,0.0,0.005883080994925179,80
7426.865209737,3.939999999999677,0,1,0.0,0.0,0.0,0.0,0.0,0.0,0,0.0,0.005880727571045413,80
7426.875418888,3.949999999999676,0,1,0.0,0.0,0.0,0.0,0.0,0.0,0,0.0,0.005878435475435045,83
7426.885312135,3.959999999999675,0,1,0.0,0.0,0.0,0.0,0.0,0.0,0,0.0,0.005876203127628003,83
7426.895220854,3.969999999999674,0,1,0.0,0.0,0.0,0.0,0.0,0.0,0,0.0,0.005874028986949523,83
7426.906607935,3.9799999999996727,0,1,0.0,0.0,0.0,0.0,0.0,0.0,0,0.0,0.0058719115515653165,84
7426.915869722,3.9899999999996716,0,1,0.0,0.0,0.0,0.0,0.0,0.0,0,0.0,0.0058698493575505654,85
7426.925557174,3.9999999999996705,0,1,0.0,0.0,0.0,0.0,0.0,0.0,0,0.0,0.005867840977978522,88
7426.935278441,4.009999999999674,0,1,0.0,0.0,0.0,0.0,0.0,0.0,0,0.0,0.00586588502202846,89
7426.944918036,4.019999999999677,0,1,0.0,0.0,0.0,0.0,0.0,0.0,0,0.0,0.005863980134112728,93
7426.955088752,4.0299999999996805,0,1,0.0,0.0,0.0,0.0,0.0,0.0,0,0.0,0.005862124993022615,93
7426.965162551,4.039999999999684,0,1,0.0,0.0,0.0,0.0,0.0,0.0,0,0.0,0.005860318311092793,93
7426.975190632,4.049999999999687,0,1,0.0,0.0,0.0,0.0,0.0,0.0,0,0.0,0.005858558833384031,96
7426.985543492,4.0599999999996905,0,1,0.0,0.0,0.0,0.0,0.0,0.0,0,0.0,0.005856845336883922,97
7426.995294557,4.069999999999694,0,1,0.0,0.0,0.0,0.0,0.0,0.0,0,0.0,0.005855176629725322,97
7427.005330376,4.079999999999697,0,1,0.0,0.0,0.0,0.0,0.0,0.0,0,0.0,0.0058535515504222245,97
7427.020616431,4.0899999999997005,0,1,0.0,0.0,0.0,0.0,0.0,0.0,0,0.0,0.005851968967122777,98
7427.030525562,4.099999999999704,0,1,0.0,0.0,0.0,0.0,0.0,0.0,0,0.0,0.005850427776879147,98
7427.045436147,4.109999999999707,0,1,0.0,0.0,0.0,0.0,0.0,0.0,0,0.0,0.005848926904933953,99
7427.050535969,4.119999999999711,0,1,0.0,0.0,0.0,0.0,0.0,0.0,0,0.0,0.005847465304022957,105
7427.060570254,4.129999999999714,0,1,0.0,0.0,0.0,0.0,0.0,0.0,0,0.0,0.005846041953693734,105
7427.07044963,4.139999999999717,0,1,0.0,0.0,0.0,0.0,0.0,0.0,0,0.0,0.0058446558596400265,105
7427.086012139,4.149999999999721,0,1,0.0,0.0,0.0,0.0,0.0,0.0,0,0.0,0.0058433060530514785,106
7427.095913954,4.159999999999724,0,1,0.0,0.0,0.0,0.0,0.0,0.0,0,0.0,0.005841991589978481,107
7427.105930469,4.169999999999727,0,1,0.0,0.0,0.0,0.0,0.0,0.0,0,0.0,0.005840711550711815,107
7427.121259287,4.179999999999731,0,1,0.0,0.0,0.0,0.0,0.0,0.0,0,0.0,0.005839465039176825,108
7427.131391888,4.189999999999734,0,1,0.0,0.0,0.0,0.0,0.0,0.0,0,0.0,0.005838251182341823,108
7427.1409978,4.199999999999737,0,1,0.0,0.0,0.0,0.0,0.0,0.0,0,0.0,0.005837069129640458,108
7427.151160271,4.209999999999741,0,1,0.0,0.0,0.0,0.0,0.0,0.0,0,0.0,0.00583591805240774,111
7427.161017302,4.219999999999744,0,1,0.0,0.0,0.0,0.0,0.0,0.0,0,0.0,0.005834797143329471,111
7427.171031323,4.229999999999747,0,1,0.0,0.0,0.0,0.0,0.0,0.0,0,0.0,0.005833705615904788,111
7427.18101644,4.239999999999751,0,1,0.0,0.0,0.0,0.0,0.0,0.0,0,0.0,0.005832642703921561,115
7427.191251842,4.249999999999754,0,1,0.0,0.0,0.0,0.0,0.0,0.0,0,0.0,0.0058316076609443625,115
7427.201221723,4.259999999999757,0,1,0.0,0.0,0.0,0.0,0.0,0.0,0,0.0,0.005830599759814748,115
7427.213919534,4.269999999999761,0,1,0.0,0.0,0.0,0.0,0.0,0.0,0,0.0,0.005829618292163597,117
7427.221012371,4.279999999999764,0,1,0.0,0.0,0.0,0.0,0.0,0.0,0,0.0,0.005828662567935229,120
7427.230993818,4.289999999999767,0,1,0.0,0.0,0.0,0.0,0.0,0.0,0,0.0,0.005827731914923079,120
7427.240959473,4.299999999999771,0,1,0.0,0.0,0.0,0.0,0.0,0.0,0,0.0,0.0058268256783166345,120
7427.251088125,4.309999999999774,0,1,0.0,0.0,0.0,0.0,0.0,0.0,0,0.0,0.00582594322025943,124
7427.261150003,4.319999999999777,0,1,0.0,0.0,0.0,0.0,0.0,0.0,0,0.0,0.005825083919417825,124
7427.271020465,4.329999999999781,0,1,0.0,0.0,0.0,0.0,0.0,0.0,0,0.0,0.005824247170560344,124
7427.280982103,4.339999999999784,0,1,0.0,0.0,0.0,0.0,0.0,0.0,0,0.0,0.00582343238414733,2
7427.291047018,4.349999999999787,0,1,0.0,0.0,0.0,0.0,0.0,0.0,0,0.0,0.005822638985930693,2
7427.300965561,4.359999999999791,0,1,0.0,0.0,0.0,0.0,0.0,0.0,0,0.0,0.005821866416563509,2
7427.311273069,4.369999999999794,0,1,0.0,0.0,0.0,0.0,0.0,0.0,0,0.0,0.005821114131219262,3
7427.32125709,4.379999999999797,0,1,0.0,0.0,0.0,0.0,0.0,0.0,0,0.0,0.005820381599220508,8
7427.331010527,4.389999999999801,0,1,0.0,0.0,0.0,0.0,0.0,0.0,0,0.0,0.0058196683036767175,8
7427.341053824,4.399999999999804,0,1,0.0,0.0,0.0,0.0,0.0,0.0,0,0.0,0.005818973741131136,9
7427.35101466,4.409999999999807,0,1,0.0,0.0,0.0,0.0,0.0,0.0,0,0.0,0.0058182974212164056,12
7427.361164943,4.419999999999811,0,1,0.0,0.0,0.0,0.0,0.0,0.0,0,0.0,0.005817638866318765,12
7427.371333637,4.429999999999814,0,1,0.0,0.0,0.0,0.0,0.0,0.0,0,0.0,0.005816997611250633,12
7427.382471539,4.439999999999817,0,1,0.0,0.0,0.0,0.0,0.0,0.0,0,0.0,0.00581637320293137,14
7427.391308041,4.449999999999821,0,1,0.0,0.0,0.0,0.0,0.0,0.0,0,0.0,0.005815765200076022,15
7427.401196354,4.459999999999824,0,1,0.0,0.0,0.0,0.0,0.0,0.0,0,0.0,0.005815173172891878,15
7427.411093372,4.4699999999998274,0,1,0.0,0.0,0.0,0.0,0.0,0.0,0,0.0,0.005814596702782625,15
7427.421165909,4.479999999999831,0,1,0.0,0.0,0.0,0.0,0.0,0.0,0,0.0,0.005814035382059955,22
7427.431405346,4.489999999999834,0,1,0.0,0.0,0.0,0.0,0.0,0.0,0,0.0,0.00581348881366242,23
7427.441171981,4.4999999999998375,0,1,0.0,0.0,0.0,0.0,0.0,0.0,0,0.0,0.005812956610881366,23
7427.451457568,4.509999999999841,0,1,0.0,0.0,0.0,0.0,0.0,0.0,0,0.0,0.0058124383970937915,27
7427.460966702,4.519999999999844,0,1,0.0,0.0,0.0,0.0,0.0,0.0,0,0.0,0.005811933805501953,27
7427.471008916,4.5299999999998475,0,1,0.0,0.0,0.0,0.0,0.0,0.0,0,0.0,0.005811442478879545,27
7427.481030687,4.539999999999851,0,1,0.0,0.0,0.0,0.0,0.0,0.0,0,0.0,0.005810964069324316,27
7427.491099284,4.549999999999854,0,1,0.0,0.0,0.0,0.0,0.0,0.0,0,0.0,0.005810498238016958,30
7427.501016904,4.5599999999998575,0,1,0.0,0.0,0.0,0.0,0.0,0.0,0,0.0,0.005810044654986094,30
7427.511259785,4.569999999999861,0,1,0.0,0.0,0.0,0.0,0.0,0.0,0,0.0,0.0058096029988792645,30
7427.520998458,4.579999999999864,0,1,0.0,0.0,0.0,0.0,0.0,0.0,0,0.0,0.005809172956739708,34
7427.530998282,4.5899999999998675,0,1,0.0,0.0,0.0,0.0,0.0,0.0,0,0.0,0.005808754223788839,34
7427.541006725,4.599999999999871,0,1,0.0,0.0,0.0,0.0,0.0,0.0,0,0.0,0.005808346503214266,34
7427.552892956,4.609999999999874,0,1,0.0,0.0,0.0,0.0,0.0,0.0,0,0.0,0.005807949505963212,37
7427.561010694,4.6199999999998775,0,1,0.0,0.0,0.0,0.0,0.0,0.0,0,0.0,0.0058075629505412035,39
7427.571129951,4.629999999999881,0,1,0.0,0.0,0.0,0.0,0.0,0.0,0,0.0,0.0058071865628159065,40
7427.581091113,4.639999999999884,0,1,0.0,0.0,0.0,0.0,0.0,0.0,0,0.0,0.005806820075825978,40
7427.591206428,4.649999999999888,0,1,0.0,0.0,0.0,0.0,0.0,0.0,0,0.0,0.005806463229594804,44
7427.601213345,4.659999999999891,0,1,0.0,0.0,0.0,0.0,0.0,0.0,0,0.0,0.005806115770949012,45
7427.611016011,4.669999999999894,0,1,0.0,0.0,0.0,0.0,0.0,0.0,0,0.0,0.0058057774533416305,45
7427.6210961,4.679999999999898,0,1,0.0,0.0,0.0,0.0,0.0,0.0,0,0.0,0.005805448036679782,47
7427.630966199,4.689999999999901,0,1,0.0,0.0,0.0,0.0,0.0,0.0,0,0.0,0.005805127287156804,47
7427.641110743,4.699999999999904,0,1,0.0,0.0,0.0,0.0,0.0,0.0,0,0.0,0.005804814977088676,47
7427.651068642,4.709999999999908,0,1,0.0,0.0,0.0,0.0,0.0,0.0,0,0.0,0.005804510884754656,47
7427.66113757,4.719999999999911,0,1,0.0,0.0,0.0,0.0,0.0,0.0,0,0.0,0.005804214794242012,50
7427.671013384,4.729999999999914,0,1,0.0,0.0,0.0,0.0,0.0,0.0,0,0.0,0.005803926495294743,50
7427.681054258,4.739999999999918,0,1,0.0,0.0,0.0,0.0,0.0,0.0,0,0.0,0.005803645783166209,51
7427.691015947,4.749999999999921,0,1,0.0,0.0,0.0,0.0,0.0,0.0,0,0.0,0.005803372458475547,55
7427.701279697,4.759999999999924,0,1,0.0,0.0,0.0,0.0,0.0,0.0,0,0.0,0.005803106327067788,56
7427.711172448,4.769999999999928,0,1,0.0,0.0,0.0,0.0,0.0,0.0,0,0.0,0.005802847199877597,57
7427.722035634,4.779999999999931,0,1,0.0,0.0,0.0,0.0,0.0,0.0,0,0.0,0.0058025948927965115,59
7427.731038106,4.789999999999934,0,1,0.0,0.0,0.0,0.0,0.0,0.0,0,0.0,0.005802349226543621,60
7427.741019776,4.799999999999938,0,1,0.0,0.0,0.0,0.0,0.0,0.0,0,0.0,0.0058021100265395805,61
7427.751009514,4.809999999999941,0,1,0.0,0.0,0.0,0.0,0.0,0.0,0,0.0,0.00580187712278389,61
7427.761199746,4.819999999999944,0,1,0.0,0.0,0.0,0.0,0.0,0.0,0,0.0,0.005801650349735339,64
7427.771004338,4.829999999999948,0,1,0.0,0.0,0.0,0.0,0.0,0.0,0,0.0,0.005801429546195544,64
7427.781285053,4.839999999999951,1,1,1.1191234378141524,0.47387176736860814,0.0,0.0020000000000000013,0.01323738102173676,0.01323738102173676,0,13.396397873269725,0.005895805879955046,64
7427.792750854,4.849999999999954,1,1,1.226947446949053,0.47415463702103267,0.1,0.005999999999999998,0.012021654389131838,0.012021654389131838,0,13.396425995559456,0.005990852611342303,68
7427.801968709,4.859999999999958,1,1,1.1625590371564252,0.48029133024287324,0.0,0.02439269654616899,0.013075743294206717,0.013075743294206717,0,13.39648930937936,0.006070333039125313,75
7427.811275992,4.869999999999961,1,1,1.2055873636333814,0.49354443947928267,0.0,0.04298252729154641,0.013226231999397963,0.013226231999397963,0,13.39659247858194,0.006149731781517126,82
7427.821189893,4.879999999999964,1,1,1.2471013412319973,0.5137432464820414,0.0,0.062403804033471934,0.013581586134995102,0.013581586134995102,0,13.396734841645909,0.006223855069678435,82
7427.831605449,4.889999999999968,1,1,1.4263129466281725,0.5437480097461226,0.0,0.08175983009110792,0.01255327888488004,0.01255327888488004,0,13.396916753028911,0.0062937368537843985,92
7427.841324112,4.899999999999971,1,1,1.4004110823594509,0.583393677530005,0.0,0.09802021936504929,0.014397578431853412,0.014397578431853412,0,13.397139227040892,0.006358306749106834,92
7427.851257552,4.909999999999974,1,1,1.142230805312968,0.6326691623881241,0.003993960387192178,0.10943434359472258,0.01997041017108197,0.01997041017108197,0,13.397402692039773,0.006397393750148905,92
7427.861509566,4.919999999999978,1,1,1.2597512004483604,0.6870567269583939,0.0,0.11575551634666231,0.02096633413568149,0.02096633413568149,0,13.397726134070119,0.006423254592570883,96
7427.871260112,4.929999999999981,1,1,1.347950338180773,0.7398211780913372,0.0,0.10754978478476987,0.02186262380057805,0.02186262380057805,0,13.398131305410512,0.006459629071697514,97
7427.881007284,4.939999999999984,0,1,0.0,0.0,0.0,0.0,0.0,0.0,0,0.0,0.006446928900793755,97
7427.892550983,4.949999999999988,0,1,0.0,0.0,0.0,0.0,0.0,0.0,0,0.0,0.006406987532835104,99
7427.901027958,4.959999999999991,0,1,0.0,0.0,0.0,0.0,0.0,0.0,0,0.0,0.00636951268436712,100
7427.911009081,4.969999999999994,0,1,0.0,0.0,0.0,0.0,0.0,0.0,0,0.0,0.006335383794621359,100
7427.921042863,4.979999999999998,0,1,0.0,0.0,0.0,0.0,0.0,0.0,0,0.0,0.00630474006396498,100
7427.93100721,4.990000000000001,0,1,0.0,0.0,0.0,0.0,0.0,0.0,0,0.0,0.006277393445507021,103
7427.940995653,5.000000000000004,0,1,0.0,0.0,0.0,0.0,0.0,0.0,0,0.0,0.006252949742016197,103
7427.950988742,5.010000000000008,0,1,0.0,0.0,0.0,0.0,0.0,0.0,0,0.0,0.0062310492842213155,103
7427.961009937,5.020000000000011,0,1,0.0,0.0,0.0,0.0,0.0,0.0,0,0.0,0.006211402199721014,106
7427.971130654,5.0300000000000145,0,1,0.0,0.0,0.0,0.0,0.0,0.0,0,0.0,0.006193767302570015,106
7427.981014937,5.040000000000018,0,1,0.0,0.0,0.0,0.0,0.0,0.0,0,0.0,0.006177935904480647,106
7427.99109401,5.050000000000021,0,1,0.0,0.0,0.0,0.0,0.0,0.0,0,0.0,0.006163723377169415,106
7428.001049221,5.0600000000000245,0,1,0.0,0.0,0.0,0.0,0.0,0.0,0,0.0,0.006150964755828642,110
7428.011016353,5.070000000000028,0,1,0.0,0.0,0.0,0.0,0.0,0.0,0,0.0,0.006139512078350843,110
7428.021030297,5.080000000000031,0,1,0.0,0.0,0.0,0.0,0.0,0.0,0,0.0,0.006129230038693811,110
7428.030996074,5.0900000000000345,0,1,0.0,0.0,0.0,0.0,0.0,0.0,0,0.0,0.006119830370999931,114
7428.041008017,5.100000000000038,0,1,0.0,0.0,0.0,0.0,0.0,0.0,0,0.0,0.006110937223436354,114
7428.051094774,5.110000000000041,0,1,0.0,0.0,0.0,0.0,0.0,0.0,0,0.0,0.00610237945737968,115
7428.061821477,5.1200000000000445,0,1,0.0,0.0,0.0,0.0,0.0,0.0,0,0.0,0.006094085619954102,117
7428.07101168,5.130000000000048,0,1,0.0,0.0,0.0,0.0,0.0,0.0,0,0.0,0.006086023904724327,117
7428.080952771,5.140000000000051,0,1,0.0,0.0,0.0,0.0,0.0,0.0,0,0.0,0.006078178346896962,117
7428.091041604,5.1500000000000545,0,1,0.0,0.0,0.0,0.0,0.0,0.0,0,0.0,0.006070539373127949,118
7428.101251606,5.160000000000058,0,1,0.0,0.0,0.0,0.0,0.0,0.0,0,0.0,0.0060631000428629945,121
7428.111004886,5.170000000000061,0,1,0.0,0.0,0.0,0.0,0.0,0.0,0,0.0,0.006055854549229126,121
7428.121028202,5.1800000000000646,0,1,0.0,0.0,0.0,0.0,0.0,0.0,0,0.0,0.00604879761849532,122
7428.131023424,5.190000000000068,0,1,0.0,0.0,0.0,0.0,0.0,0.0,0,0.0,0.006041924267633061,125
7428.141017947,5.200000000000071,0,1,0.0,0.0,0.0,0.0,0.0,0.0,0,0.0,0.0060352297049626105,125
7428.151013514,5.210000000000075,0,1,0.0,0.0,0.0,0.0,0.0,0.0,0,0.0,0.0060287092881616,125
7428.161014767,5.220000000000078,0,1,0.0,0.0,0.0,0.0,0.0,0.0,0,0.0,0.006022358505373393,125
7428.171005094,5.230000000000081,0,1,0.0,0.0,0.0,0.0,0.0,0.0,0,0.0,0.00601617296568164,128
7428.181040091,5.240000000000085,0,1,0.0,0.0,0.0,0.0,0.0,0.0,0,0.0,0.006010148393428078,128
7428.191004326,5.250000000000088,0,1,0.0,0.0,0.0,0.0,0.0,0.0,0,0.0,0.006004280624144016,128
7428.201045282,5.260000000000091,0,1,0.0,0.0,0.0,0.0,0.0,0.0,0,0.0,0.005998565601191094,131
7428.21104097,5.270000000000095,0,1,0.0,0.0,0.0,0.0,0.0,0.0,0,0.0,0.00599299937274196,131
7428.221024143,5.280000000000098,0,1,0.0,0.0,0.0,0.0,0.0,0.0,0,0.0,0.005987578088948383,132
7428.231550857,5.290000000000101,0,1,0.0,0.0,0.0,0.0,0.0,0.0,0,0.0,0.005982297999232549,134
7428.241019902,5.300000000000105,0,1,0.0,0.0,0.0,0.0,0.0,0.0,0,0.0,0.005977155449673468,134
7428.25103063,5.310000000000108,0,1,0.0,0.0,0.0,0.0,0.0,0.0,0,0.0,0.0059721468804752355,134
7428.261032388,5.320000000000111,0,1,0.0,0.0,0.0,0.0,0.0,0.0,0,0.0,0.005967268823510171,134
7428.271143741,5.330000000000115,0,1,0.0,0.0,0.0,0.0,0.0,0.0,0,0.0,0.005962517899932443,138
7428.281079733,5.340000000000118,0,1,0.0,0.0,0.0,0.0,0.0,0.0,0,0.0,0.00595789081785899,0
7428.291043848,5.350000000000121,0,1,0.0,0.0,0.0,0.0,0.0,0.0,0,0.0,0.005953384370115081,0
7428.301067127,5.360000000000125,0,1,0.0,0.0,0.0,0.0,0.0,0.0,0,0.0,0.005948995432042192,2
7428.311269974,5.370000000000128,0,1,0.0,0.0,0.0,0.0,0.0,0.0,0,0.0,0.005944720959366014,2
7428.321226137,5.380000000000131,0,1,0.0,0.0,0.0,0.0,0.0,0.0,0,0.0,0.005940557986122568,3
7428.332742365,5.390000000000135,0,1,0.0,0.0,0.0,0.0,0.0,0.0,0,0.0,0.0059365036226405165,4
7428.34119063,5.400000000000138,0,1,0.0,0.0,0.0,0.0,0.0,0.0,0,0.0,0.005932555053577831,5
7428.351230692,5.410000000000141,0,1,0.0,0.0,0.0,0.0,0.0,0.0,0,0.0,0.0059287095360111,5
7428.361059278,5.420000000000145,0,1,0.0,0.0,0.0,0.0,0.0,0.0,0,0.0,0.005924964397575779,5
7428.371031011,5.430000000000148,0,1,0.0,0.0,0.0,0.0,0.0,0.0,0,0.0,0.005921317034655845,8
7428.381132498,5.440000000000151,0,1,0.0,0.0,0.0,0.0,0.0,0.0,0,0.0,0.005917764910621297,8
7428.391180973,5.450000000000155,0,1,0.0,0.0,0.0,0.0,0.0,0.0,0,0.0,0.005914305554112079,8
7428.403349731,5.460000000000158,0,1,0.0,0.0,0.0,0.0,0.0,0.0,0,0.0,0.005910936557367008,11
7428.411438809,5.470000000000161,0,1,0.0,0.0,0.0,0.0,0.0,0.0,0,0.0,0.005907655574596404,15
7428.421247352,5.480000000000165,0,1,0.0,0.0,0.0,0.0,0.0,0.0,0,0.0,0.005904460320397108,15
7428.431193087,5.490000000000168,0,1,0.0,0.0,0.0,0.0,0.0,0.0,0,0.0,0.005901348568208693,15
7428.441176019,5.500000000000171,0,1,0.0,0.0,0.0,0.0,0.0,0.0,0,0.0,0.005898318148809642,18
7428.451208694,5.510000000000175,0,1,0.0,0.0,0.0,0.0,0.0,0.0,0,0.0,0.0058953669488524055,18
7428.461137411,5.520000000000178,0,1,0.0,0.0,0.0,0.0,0.0,0.0,0,0.0,0.005892492909436199,18
7428.471123594,5.530000000000181,0,1,0.0,0.0,0.0,0.0,0.0,0.0,0,0.0,0.005889694024716519,21
7428.481262864,5.540000000000185,0,1,0.0,0.0,0.0,0.0,0.0,0.0,0,0.0,0.005886968340550331,21
7428.49118439,5.550000000000188,0,1,0.0,0.0,0.0,0.0,0.0,0.0,0,0.0,0.005884313953175983,21
7428.503055052,5.5600000000001915,0,1,0.0,0.0,0.0,0.0,0.0,0.0,0,0.0,0.005881729007926861,22
7428.511211639,5.570000000000195,0,1,0.0,0.0,0.0,0.0,0.0,0.0,0,0.0,0.005879211697977896,24
7428.521128849,5.580000000000198,0,1,0.0,0.0,0.0,0.0,0.0,0.0,0,0.0,0.005876760263124036,24
7428.531147816,5.5900000000002015,0,1,0.0,0.0,0.0,0.0,0.0,0.0,0,0.0,0.005874372988589819,24
7428.541158689,5.600000000000205,0,1,0.0,0.0,0.0,0.0,0.0,0.0,0,0.0,0.005872048203869226,27
7428.551143649,5.610000000000208,0,1,0.0,0.0,0.0,0.0,0.0,0.0,0,0.0,0.005869784281595013,27
7428.561284955,5.6200000000002115,0,1,0.0,0.0,0.0,0.0,0.0,0.0,0,0.0,0.005867579636436752,27
7428.57125006,5.630000000000215,0,1,0.0,0.0,0.0,0.0,0.0,0.0,0,0.0,0.005865432724026811,30
7428.581212684,5.640000000000218,0,1,0.0,0.0,0.0,0.0,0.0,0.0,0,0.0,0.005863342039913573,30
7428.591242979,5.6500000000002215,0,1,0.0,0.0,0.0,0.0,0.0,0.0,0,0.0,0.005861306118541168,30
7428.601229243,5.660000000000225,0,1,0.0,0.0,0.0,0.0,0.0,0.0,0,0.0,0.00585932353225503,30
7428.611168376,5.670000000000228,0,1,0.0,0.0,0.0,0.0,0.0,0.0,0,0.0,0.005857392890332632,33
7428.621062523,5.6800000000002315,0,1,0.0,0.0,0.0,0.0,0.0,0.0,0,0.0,0.005855512838038739,33
7428.63101579,5.690000000000235,0,1,0.0,0.0,0.0,0.0,0.0,0.0,0,0.0,0.005853682055704557,33
7428.641313613,5.700000000000238,0,1,0.0,0.0,0.0,0.0,0.0,0.0,0,0.0,0.005851899257830166,35
7428.651253923,5.7100000000002415,0,1,0.0,0.0,0.0,0.0,0.0,0.0,0,0.0,0.005850163192209647,35
7428.661178979,5.720000000000245,0,1,0.0,0.0,0.0,0.0,0.0,0.0,0,0.0,0.005848472639078326,35
7428.673281767,5.730000000000248,0,1,0.0,0.0,0.0,0.0,0.0,0.0,0,0.0,0.0058468264102815816,36
7428.681185119,5.740000000000252,0,1,0.0,0.0,0.0,0.0,0.0,0.0,0,0.0,0.0058452233484646565,38
7428.691102108,5.750000000000255,0,1,0.0,0.0,0.0,0.0,0.0,0.0,0,0.0,0.005843662326282956,38
7428.701173538,5.760000000000258,0,1,0.0,0.0,0.0,0.0,0.0,0.0,0,0.0,0.005842142245632318,38
7428.711206757,5.770000000000262,0,1,0.0,0.0,0.0,0.0,0.0,0.0,0,0.0,0.0058406620368987435,43
7428.721205967,5.780000000000265,0,1,0.0,0.0,0.0,0.0,0.0,0.0,0,0.0,0.005839220658227107,44
7428.731031587,5.790000000000268,0,1,0.0,0.0,0.0,0.0,0.0,0.0,0,0.0,0.005837817094808367,44
7428.742430754,5.800000000000272,0,1,0.0,0.0,0.0,0.0,0.0,0.0,0,0.0,0.005836450358184816,47
7428.751042004,5.810000000000275,0,1,0.0,0.0,0.0,0.0,0.0,0.0,0,0.0,0.0058351194855729115,48
7428.761088803,5.820000000000278,0,1,0.0,0.0,0.0,0.0,0.0,0.0,0,0.0,0.0058338235392032586,48
7428.771018564,5.830000000000282,0,1,0.0,0.0,0.0,0.0,0.0,0.0,0,0.0,0.005832561605677314,48
7428.781033573,5.840000000000285,0,1,0.0,0.0,0.0,0.0,0.0,0.0,0,0.0,0.005831332795340381,51
7428.791052299,5.850000000000288,0,1,0.0,0.0,0.0,0.0,0.0,0.0,0,0.0,0.005830136241670508,51
7428.801107808,5.860000000000292,0,1,0.0,0.0,0.0,0.0,0.0,0.0,0,0.0,0.00582897110068287,52
7428.811026936,5.870000000000295,0,1,0.0,0.0,0.0,0.0,0.0,0.0,0,0.0,0.005827836550349278,56
7428.821034944,5.880000000000298,0,1,0.0,0.0,0.0,0.0,0.0,0.0,0,0.0,0.005826731790032409,56
7428.831080095,5.890000000000302,0,1,0.0,0.0,0.0,0.0,0.0,0.0,0,0.0,0.005825656039934408,56
7428.843151988,5.900000000000305,0,1,0.0,0.0,0.0,0.0,0.0,0.0,0,0.0,0.005824608540559488,58
7428.851107002,5.910000000000308,0,1,0.0,0.0,0.0,0.0,0.0,0.0,0,0.0,0.005823588552190205,60
7428.861051044,5.920000000000312,0,1,0.0,0.0,0.0,0.0,0.0,0.0,0,0.0,0.005822595354377034,60
7428.871022461,5.930000000000315,0,1,0.0,0.0,0.0,0.0,0.0,0.0,0,0.0,0.0058216282454409355,60
7428.880996669,5.940000000000318,0,1,0.0,0.0,0.0,0.0,0.0,0.0,0,0.0,0.0058206865419885845,62
7428.891054579,5.950000000000322,0,1,0.0,0.0,0.0,0.0,0.0,0.0,0,0.0,0.005819769578439946,62
7428.901061479,5.960000000000325,0,1,0.0,0.0,0.0,0.0,0.0,0.0,0,0.0,0.0058188767065678795,62
7428.911218734,5.970000000000328,0,1,0.0,0.0,0.0,0.0,0.0,0.0,0,0.0,0.005818007295049483,65
7428.921210794,5.980000000000332,0,1,0.0,0.0,0.0,0.0,0.0,0.0,0,0.0,0.005817160729028885,66
7428.931252431,5.990000000000335,0,1,0.0,0.0,0.0,0.0,0.0,0.0,0,0.0,0.005816336409691182,67
7428.941181166,6.000000000000338,0,1,0.0,0.0,0.0,0.0,0.0,0.0,0,0.0,0.005815533753847262,67
7428.951275205,6.010000000000342,0,1,0.0,0.0,0.0,0.0,0.0,0.0,0,0.0,0.00581475219352923,71
7428.961211151,6.020000000000345,0,1,0.0,0.0,0.0,0.0,0.0,0.0,0,0.0,0.005813991175596172,71
7428.971011905,6.030000000000348,0,1,0.0,0.0,0.0,0.0,0.0,0.0,0,0.0,0.005813250161350001,71
7428.981081803,6.040000000000352,0,1,0.0,0.0,0.0,0.0,0.0,0.0,0,0.0,0.0058125286261611255,74
7428.991031737,6.050000000000355,0,1,0.0,0.0,0.0,0.0,0.0,0.0,0,0.0,0.005811826059103708,74
7429.001043399,6.060000000000358,0,1,0.0,0.0,0.0,0.0,0.0,0.0,0,0.0,0.005811141962600256,74
7429.011587074,6.070000000000362,0,1,0.0,0.0,0.0,0.0,0.0,0.0,0,0.0,0.005810475852075323,76
7429.021198381,6.080000000000365,0,1,0.0,0.0,0.0,0.0,0.0,0.0,0,0.0,0.005809827255618089,77
7429.031177238,6.0900000000003685,0,1,0.0,0.0,0.0,0.0,0.0,0.0,0,0.0,0.0058091957136535855,77
7429.041155273,6.100000000000372,0,1,0.0,0.0,0.0,0.0,0.0,0.0,0,0.0,0.0058085807786223695,77
7429.051190709,6.110000000000375,0,1,0.0,0.0,0.0,0.0,0.0,0.0,0,0.0,0.005807982014668406,81
7429.061193117,6.1200000000003785,0,1,0.0,0.0,0.0,0.0,0.0,0.0,0,0.0,0.005807398997334986,81
7429.071202176,6.130000000000382,0,1,0.0,0.0,0.0,0.0,0.0,0.0,0,0.0,0.005806831313268441,81
7429.081242221,6.140000000000385,0,1,0.0,0.0,0.0,0.0,0.0,0.0,0,0.0,0.005806278559929484,86
7429.091010534,6.1500000000003885,0,1,0.0,0.0,0.0,0.0,0.0,0.0,0,0.0,0.005805740345311974,87
7429.101038666,6.160000000000392,0,1,0.0,0.0,0.0,0.0,0.0,0.0,0,0.0,0.005805216287668915,87
7429.113659465,6.170000000000395,0,1,0.0,0.0,0.0,0.0,0.0,0.0,0,0.0,0.005804706015245514,88
7429.121011564,6.1800000000003985,0,1,0.0,0.0,0.0,0.0,0.0,0.0,0,0.0,0.005804209166019111,91
7429.131036783,6.190000000000402,0,1,0.0,0.0,0.0,0.0,0.0,0.0,0,0.0,0.0058037253874458124,91
7429.141253556,6.200000000000405,0,1,0.0,0.0,0.0,0.0,0.0,0.0,0,0.0,0.005803254336213653,91
7429.151258349,6.2100000000004085,0,1,0.0,0.0,0.0,0.0,0.0,0.0,0,0.0,0.00580279567800213,96
7429.161187674,6.220000000000412,0,1,0.0,0.0,0.0,0.0,0.0,0.0,0,0.0,0.005802349087247933,96
7429.171419722,6.230000000000415,0,1,0.0,0.0,0.0,0.0,0.0,0.0,0,0.0,0.005801914246916737,96
7429.181879306,6.2400000000004185,0,1,0.0,0.0,0.0,0.0,0.0,0.0,0,0.0,0.005801490848280871,99
7429.191213156,6.250000000000422,0,1,0.0,0.0,0.0,0.0,0.0,0.0,0,0.0,0.005801078590702739,100
7429.201512825,6.260000000000425,0,1,0.0,0.0,0.0,0.0,0.0,0.0,0,0.0,0.005800677181423838,100
7429.211191213,6.270000000000429,0,1,0.0,0.0,0.0,0.0,0.0,0.0,0,0.0,0.005800286335359235,100
7429.221399092,6.280000000000432,0,1,0.0,0.0,0.0,0.0,0.0,0.0,0,0.0,0.005799905774897353,104
7429.231267825,6.290000000000435,0,1,0.0,0.0,0.0,0.0,0.0,0.0,0,0.0,0.005799535229704941,104
7429.241276907,6.300000000000439,0,1,0.0,0.0,0.0,0.0,0.0,0.0,0,0.0,0.005799174436537092,104
7429.251205962,6.310000000000442,0,1,0.0,0.0,0.0,0.0,0.0,0.0,0,0.0,0.005798823139052182,107
7429.261192004,6.320000000000445,0,1,0.0,0.0,0.0,0.0,0.0,0.0,0,0.0,0.0057984810876316045,107
7429.271322338,6.330000000000449,0,1,0.0,0.0,0.0,0.0,0.0,0.0,0,0.0,0.005798148039204172,107
7429.282696416,6.340000000000452,0,1,0.0,0.0,0.0,0.0,0.0,0.0,0,0.0,0.005797823757075075,1
7429.291184882,6.350000000000455,0,1,0.0,0.0,0.0,0.0,0.0,0.0,0,0.0,0.005797508010759269,2
7429.301163271,6.360000000000459,0,1,0.0,0.0,0.0,0.0,0.0,0.0,0,0.0,0.005797200575819194,2
7429.311284184,6.370000000000462,0,1,0.0,0.0,0.0,0.0,0.0,0.0,0,0.0,0.005796901233706697,3
7429.321276347,6.380000000000465,0,1,0.0,0.0,0.0,0.0,0.0,0.0,0,0.0,0.0057966097716090625,6
7429.331232534,6.390000000000469,0,1,0.0,0.0,0.0,0.0,0.0,0.0,0,0.0,0.005796325982299039,6
7429.341295554,6.400000000000472,0,1,0.0,0.0,0.0,0.0,0.0,0.0,0,0.0,0.0057960496639887634,6
7429.352228607,6.410000000000475,0,1,0.0,0.0,0.0,0.0,0.0,0.0,0,0.0,0.00579578062018748,10
7429.361223677,6.420000000000479,0,1,0.0,0.0,0.0,0.0,0.0,0.0,0,0.0,0.005795518659562956,11
7429.371192473,6.430000000000482,0,1,0.0,0.0,0.0,0.0,0.0,0.0,0,0.0,0.005795263595806503,11
7429.381187147,6.440000000000485,0,1,0.0,0.0,0.0,0.0,0.0,0.0,0,0.0,0.005795015247501508,11
7429.391204637,6.450000000000489,0,1,0.0,0.0,0.0,0.0,0.0,0.0,0,0.0,0.0057947734379953835,14
7429.401248897,6.460000000000492,0,1,0.0,0.0,0.0,0.0,0.0,0.0,0,0.0,0.005794537995274853,14
7429.411445276,6.470000000000495,0,1,0.0,0.0,0.0,0.0,0.0,0.0,0,0.0,0.005794308751844478,14
7429.421270633,6.480000000000499,0,1,0.0,0.0,0.0,0.0,0.0,0.0,0,0.0,0.005794085544608355,17
7429.431161938,6.490000000000502,0,1,0.0,0.0,0.0,0.0,0.0,0.0,0,0.0,0.005793868214754885,17
7429.441141654,6.500000000000505,0,1,0.0,0.0,0.0,0.0,0.0,0.0,0,0.0,0.00579365660764455,17
7429.453438709,6.510000000000509,0,1,0.0,0.0,0.0,0.0,0.0,0.0,0,0.0,0.005793450572700615,18
7429.461260952,6.520000000000512,0,1,0.0,0.0,0.0,0.0,0.0,0.0,0,0.0,0.005793249963302676,20
7429.471234808,6.530000000000515,0,1,0.0,0.0,0.0,0.0,0.0,0.0,0,0.0,0.005793054636682984,21
7429.481049235,6.540000000000519,0,1,0.0,0.0,0.0,0.0,0.0,0.0,0,0.0,0.005792864453825473,21
7429.491442013,6.550000000000522,0,1,0.0,0.0,0.0,0.0,0.0,0.0,0,0.0,0.005792679279367418,23
7429.501184743,6.560000000000525,0,1,0.0,0.0,0.0,0.0,0.0,0.0,0,0.0,0.00579249898150367,23
7429.511037493,6.570000000000529,0,1,0.0,0.0,0.0,0.0,0.0,0.0,0,0.0,0.005792323431893372,23
7429.522551906,6.580000000000532,0,1,0.0,0.0,0.0,0.0,0.0,0.0,0,0.0,0.00579215250556913,26
7429.53136085,6.590000000000535,0,1,0.0,0.0,0.0,0.0,0.0,0.0,0,0.0,0.005791986080848539,27
7429.541370769,6.600000000000539,0,1,0.0,0.0,0.0,0.0,0.0,0.0,0,0.0,0.005791824039248028,27
7429.551185614,6.610000000000542,0,1,0.0,0.0,0.0,0.0,0.0,0.0,0,0.0,0.005791666265398954,27
7429.561194226,6.6200000000005454,0,1,0.0,0.0,0.0,0.0,0.0,0.0,0,0.0,0.005791512646965881,30
7429.571222937,6.630000000000549,0,1,0.0,0.0,0.0,0.0,0.0,0.0,0,0.0,0.005791363074567008,31
7429.58121826,6.640000000000552,0,1,0.0,0.0,0.0,0.0,0.0,0.0,0,0.0,0.005791217441696665,31
7429.591216756,6.6500000000005555,0,1,0.0,0.0,0.0,0.0,0.0,0.0,0,0.0,0.005791075644649838,36
7429.601307973,6.660000000000559,0,1,0.0,0.0,0.0,0.0,0.0,0.0,0,0.0,0.0057909375824486695,36
7429.611151379,6.670000000000562,0,1,0.0,0.0,0.0,0.0,0.0,0.0,0,0.0,0.005790803156770875,38
7429.622843615,6.6800000000005655,0,1,0.0,0.0,0.0,0.0,0.0,0.0,0,0.0,0.0057906722718800395,40
7429.631477567,6.690000000000569,0,1,0.0,0.0,0.0,0.0,0.0,0.0,0,0.0,0.005790544834557737,43
7429.641044147,6.700000000000572,0,1,0.0,0.0,0.0,0.0,0.0,0.0,0,0.0,0.005790420754037415,43
7429.651436114,6.7100000000005755,0,1,0.0,0.0,0.0,0.0,0.0,0.0,0,0.0,0.005790299941940021,43
7429.661231141,6.720000000000579,0,1,0.0,0.0,0.0,0.0,0.0,0.0,0,0.0,0.0057901823122113085,46
7429.671188861,6.730000000000582,0,1,0.0,0.0,0.0,0.0,0.0,0.0,0,0.0,0.005790067781060783,46
7429.681281436,6.7400000000005855,0,1,0.0,0.0,0.0,0.0,0.0,0.0,0,0.0,0.0057899562669022535,47
7429.691265216,6.750000000000589,0,1,0.0,0.0,0.0,0.0,0.0,0.0,0,0.0,0.00578984769029593,50
7429.701200668,6.760000000000592,0,1,0.0,0.0,0.0,0.0,0.0,0.0,0,0.0,0.005789741973892044,52
7429.711064479,6.7700000000005955,0,1,0.0,0.0,0.0,0.0,0.0,0.0,0,0.0,0.005789639042375949,53
7429.721137369,6.780000000000599,0,1,0.0,0.0,0.0,0.0,0.0,0.0,0,0.0,0.005789538822414645,54
7429.731252943,6.790000000000602,0,1,0.0,0.0,0.0,0.0,0.0,0.0,0,0.0,0.005789441242604722,57
7429.741250803,6.800000000000606,0,1,0.0,0.0,0.0,0.0,0.0,0.0,0,0.0,0.005789346233421654,57
7429.751183776,6.810000000000609,0,1,0.0,0.0,0.0,0.0,0.0,0.0,0,0.0,0.005789253727170432,57
7429.761248154,6.820000000000612,0,1,0.0,0.0,0.0,0.0,0.0,0.0,0,0.0,0.00578916365793748,61
7429.771302944,6.830000000000616,0,1,0.0,0.0,0.0,0.0,0.0,0.0,0,0.0,0.00578907596154384,62
7429.781218732,6.840000000000619,0,1,0.0,0.0,0.0,0.0,0.0,0.0,0,0.0,0.005788990575499581,62
7429.792453122,6.850000000000622,0,1,0.0,0.0,0.0,0.0,0.0,0.0,0,0.0,0.005788907438959405,64
7429.801056477,6.860000000000626,0,1,0.0,0.0,0.0,0.0,0.0,0.0,0,0.0,0.005788826492679414,65
7429.81104046,6.870000000000629,0,1,0.0,0.0,0.0,0.0,0.0,0.0,0,0.0,0.005788747678975015,65
7429.820964996,6.880000000000632,0,1,0.0,0.0,0.0,0.0,0.0,0.0,0,0.0,0.005788670941679923,65
7429.83109884,6.890000000000636,0,1,0.0,0.0,0.0,0.0,0.0,0.0,0,0.0,0.00578859622610625,68
7429.841103591,6.900000000000639,0,1,0.0,0.0,0.0,0.0,0.0,0.0,0,0.0,0.005788523479005625,68
7429.850977554,6.910000000000642,0,1,0.0,0.0,0.0,0.0,0.0,0.0,0,0.0,0.005788452648531355,68
7429.861275139,6.920000000000646,0,1,0.0,0.0,0.0,0.0,0.0,0.0,0,0.0,0.005788383684201554,71
7429.871267845,6.930000000000649,0,1,0.0,0.0,0.0,0.0,0.0,0.0,0,0.0,0.005788316536863266,71
7429.881183465,6.940000000000652,0,1,0.0,0.0,0.0,0.0,0.0,0.0,0,0.0,0.005788251158657507,71
7429.891027592,6.950000000000656,0,1,0.0,0.0,0.0,0.0,0.0,0.0,0,0.0,0.005788187502985242,71
7429.901192499,6.960000000000659,0,1,0.0,0.0,0.0,0.0,0.0,0.0,0,0.0,0.00578812552447424,74
7429.911269927,6.970000000000662,0,1,0.0,0.0,0.0,0.0,0.0,0.0,0,0.0,0.005788065178946811,74
7429.921260128,6.980000000000666,0,1,0.0,0.0,0.0,0.0,0.0,0.0,0,0.0,0.005788006423388383,74
7429.931209482,6.990000000000669,0,1,0.0,0.0,0.0,0.0,0.0,0.0,0,0.0,0.005787949215916908,77
7429.941265137,7.000000000000672,0,1,0.0,0.0,0.0,0.0,0.0,0.0,0,0.0,0.005787893515753074,77
7429.951164794,7.010000000000676,0,1,0.0,0.0,0.0,0.0,0.0,0.0,0,0.0,0.005787839283191286,77
7429.962248991,7.020000000000679,0,1,0.0,0.0,0.0,0.0,0.0,0.0,0,0.0,0.005787786479571429,79
7429.971216646,7.030000000000682,0,1,0.0,0.0,0.0,0.0,0.0,0.0,0,0.0,0.005787735067251355,80
7429.981117103,7.040000000000686,0,1,0.0,0.0,0.0,0.0,0.0,0.0,0,0.0,0.005787685009580102,80
7429.991135269,7.050000000000689,0,1,0.0,0.0,0.0,0.0,0.0,0.0,0,0.0,0.005787636270871817,80
7430.001268355,7.060000000000692,0,1,0.0,0.0,0.0,0.0,0.0,0.0,0,0.0,0.0057875888163803554,83
7430.011067801,7.070000000000696,0,1,0.0,0.0,0.0,0.0,0.0,0.0,0,0.0,0.005787542612274563,83
7430.021139563,7.080000000000699,0,1,0.0,0.0,0.0,0.0,0.0,0.0,0,0.0,0.005787497625614191,84
7430.031034336,7.090000000000702,0,1,0.0,0.0,0.0,0.0,0.0,0.0,0,0.0,0.005787453824326453,87
7430.041094869,7.100000000000706,0,1,0.0,0.0,0.0,0.0,0.0,0.0,0,0.0,0.005787411177183202,87
7430.051161251,7.110000000000709,0,1,0.0,0.0,0.0,0.0,0.0,0.0,0,0.0,0.005787369653778693,87
7430.060996395,7.120000000000712,0,1,0.0,0.0,0.0,0.0,0.0,0.0,0,0.0,0.005787329224507947,87
7430.071042823,7.130000000000716,0,1,0.0,0.0,0.0,0.0,0.0,0.0,0,0.0,0.005787289860545669,91
7430.081070794,7.140000000000719,0,1,0.0,0.0,0.0,0.0,0.0,0.0,0,0.0,0.005787251533825733,91
7430.091198209,7.1500000000007224,0,1,0.0,0.0,0.0,0.0,0.0,0.0,0,0.0,0.005787214217021196,93
7430.101199317,7.160000000000726,0,1,0.0,0.0,0.0,0.0,0.0,0.0,0,0.0,0.005787177883524843,96
7430.111115497,7.170000000000729,0,1,0.0,0.0,0.0,0.0,0.0,0.0,0,0.0,0.0057871425074302405,96
7430.121186017,7.1800000000007325,0,1,0.0,0.0,0.0,0.0,0.0,0.0,0,0.0,0.005787108063513292,96
7430.132521533,7.190000000000736,0,1,0.0,0.0,0.0,0.0,0.0,0.0,0,0.0,0.005787074527214275,98
7430.141016901,7.200000000000739,0,1,0.0,0.0,0.0,0.0,0.0,0.0,0,0.0,0.005787041874620353,99
7430.151364206,7.2100000000007425,0,1,0.0,0.0,0.0,0.0,0.0,0.0,0,0.0,0.005787010082448543,99
7430.161223931,7.220000000000746,0,1,0.0,0.0,0.0,0.0,0.0,0.0,0,0.0,0.005786979128029137,99
7430.171490198,7.230000000000749,0,1,0.0,0.0,0.0,0.0,0.0,0.0,0,0.0,0.005786948989289555,102
7430.18110721,7.2400000000007525,0,1,0.0,0.0,0.0,0.0,0.0,0.0,0,0.0,0.0057869196447386225,102
7430.191013946,7.250000000000756,0,1,0.0,0.0,0.0,0.0,0.0,0.0,0,0.0,0.005786891073451267,102
7430.20105662,7.260000000000759,0,1,0.0,0.0,0.0,0.0,0.0,0.0,0,0.0,0.0057868632550536125,105
7430.211135912,7.2700000000007625,0,1,0.0,0.0,0.0,0.0,0.0,0.0,0,0.0,0.005786836169708464,105
7430.221025298,7.280000000000766,0,1,0.0,0.0,0.0,0.0,0.0,0.0,0,0.0,0.005786809798101178,105
7430.231021321,7.290000000000769,0,1,0.0,0.0,0.0,0.0,0.0,0.0,0,0.0,0.0057867841214259055,105
7430.240971847,7.3000000000007725,0,1,0.0,0.0,0.0,0.0,0.0,0.0,0,0.0,0.00578675912137219,108
7430.251287078,7.310000000000776,0,1,0.0,0.0,0.0,0.0,0.0,0.0,0,0.0,0.00578673478011193,108
7430.261065218,7.320000000000779,0,1,0.0,0.0,0.0,0.0,0.0,0.0,0,0.0,0.005786711080286671,108
7430.271345912,7.330000000000783,0,1,0.0,0.0,0.0,0.0,0.0,0.0,0,0.0,0.005786688004995244,111
7430.281141565,7.340000000000786,0,1,0.0,0.0,0.0,0.0,0.0,0.0,0,0.0,0.005786665537781713,0
7430.291011568,7.350000000000789,0,1,0.0,0.0,0.0,0.0,0.0,0.0,0,0.0,0.005786643662623667,0
7430.302161327,7.360000000000793,0,1,0.0,0.0,0.0,0.0,0.0,0.0,0,0.0,0.005786622363920788,2
7430.310999804,7.370000000000796,0,1,0.0,0.0,0.0,0.0,0.0,0.0,0,0.0,0.005786601626483746,3
7430.321060703,7.380000000000799,0,1,0.0,0.0,0.0,0.0,0.0,0.0,0,0.0,0.005786581435523366,3
7430.331042307,7.390000000000803,0,1,0.0,0.0,0.0,0.0,0.0,0.0,0,0.0,0.0057865617766401,3
7430.340997742,7.400000000000806,0,1,0.0,0.0,0.0,0.0,0.0,0.0,0,0.0,0.005786542635813757,6
7430.351161733,7.410000000000809,0,1,0.0,0.0,0.0,0.0,0.0,0.0,0,0.0,0.005786523999393517,6
7430.361053158,7.420000000000813,0,1,0.0,0.0,0.0,0.0,0.0,0.0,0,0.0,0.0057865058540881985,6
7430.37116523,7.430000000000816,0,1,0.0,0.0,0.0,0.0,0.0,0.0,0,0.0,0.00578648818695679,9
7430.380986128,7.440000000000819,0,1,0.0,0.0,0.0,0.0,0.0,0.0,0,0.0,0.005786470985399227,9
7430.391333319,7.450000000000823,0,1,0.0,0.0,0.0,0.0,0.0,0.0,0,0.0,0.005786454237147411,9
7430.401232327,7.460000000000826,0,1,0.0,0.0,0.0,0.0,0.0,0.0,0,0.0,0.005786437930256467,9
7430.410973845,7.470000000000829,0,1,0.0,0.0,0.0,0.0,0.0,0.0,0,0.0,0.0057864220530962265,12
7430.42124337,7.480000000000833,0,1,0.0,0.0,0.0,0.0,0.0,0.0,0,0.0,0.005786406594342943,12
7430.431202332,7.490000000000836,0,1,0.0,0.0,0.0,0.0,0.0,0.0,0,0.0,0.005786391542971218,12
7430.441207904,7.500000000000839,0,1,0.0,0.0,0.0,0.0,0.0,0.0,0,0.0,0.0057863768882461435,15
7430.451044327,7.510000000000843,0,1,0.0,0.0,0.0,0.0,0.0,0.0,0,0.0,0.005786362619715651,16
7430.460966249,7.520000000000846,0,1,0.0,0.0,0.0,0.0,0.0,0.0,0,0.0,0.005786348727203058,16
7430.472166411,7.530000000000849,0,1,0.0,0.0,0.0,0.0,0.0,0.0,0,0.0,0.005786335200799818,18
7430.481008441,7.540000000000853,0,1,0.0,0.0,0.0,0.0,0.0,0.0,0,0.0,0.005786322030858455,19
7430.491195727,7.550000000000856,0,1,0.0,0.0,0.0,0.0,0.0,0.0,0,0.0,0.005786309207985684,20
7430.501241714,7.560000000000859,0,1,0.0,0.0,0.0,0.0,0.0,0.0,0,0.0,0.005786296723035723,20
7430.51131284,7.570000000000863,0,1,0.0,0.0,0.0,0.0,0.0,0.0,0,0.0,0.005786284567103765,24
7430.521092424,7.580000000000866,0,1,0.0,0.0,0.0,0.0,0.0,0.0,0,0.0,0.005786272731519633,24
7430.531066006,7.590000000000869,0,1,0.0,0.0,0.0,0.0,0.0,0.0,0,0.0,0.0057862612078416024,24
7430.541017492,7.600000000000873,0,1,0.0,0.0,0.0,0.0,0.0,0.0,0,0.0,0.005786249987850375,26
7430.551354552,7.610000000000876,0,1,0.0,0.0,0.0,0.0,0.0,0.0,0,0.0,0.005786239063543225,26
7430.561205828,7.620000000000879,0,1,0.0,0.0,0.0,0.0,0.0,0.0,0,0.0,0.0057862284271282954,26
7430.572748309,7.630000000000883,0,1,0.0,0.0,0.0,0.0,0.0,0.0,0,0.0,0.005786218071019039,27
7430.581223811,7.640000000000886,0,1,0.0,0.0,0.0,0.0,0.0,0.0,0,0.0,0.005786207987828808,28
7430.591280664,7.650000000000889,0,1,0.0,0.0,0.0,0.0,0.0,0.0,0,0.0,0.0057861981703655925,28
7430.601191771,7.660000000000893,0,1,0.0,0.0,0.0,0.0,0.0,0.0,0,0.0,0.00578618861162689,28
7430.611399667,7.670000000000896,0,1,0.0,0.0,0.0,0.0,0.0,0.0,0,0.0,0.005786179304794712,31
7430.62126524,7.680000000000899,0,1,0.0,0.0,0.0,0.0,0.0,0.0,0,0.0,0.0057861702432307266,31
7430.631196899,7.690000000000903,0,1,0.0,0.0,0.0,0.0,0.0,0.0,0,0.0,0.005786161420471524,31
7430.642773999,7.700000000000906,0,1,0.0,0.0,0.0,0.0,0.0,0.0,0,0.0,0.005786152830224003,34
7430.651267429,7.7100000000009095,0,1,0.0,0.0,0.0,0.0,0.0,0.0,0,0.0,0.005786144466360891,36
7430.661179428,7.720000000000913,0,1,0.0,0.0,0.0,0.0,0.0,0.0,0,0.0,0.005786136322916371,36
7430.671190628,7.730000000000916,0,1,0.0,0.0,0.0,0.0,0.0,0.0,0,0.0,0.005786128394081828,36
7430.681156661,7.7400000000009195,0,1,0.0,0.0,0.0,0.0,0.0,0.0,0,0.0,0.00578612067420171,39
7430.691221388,7.750000000000923,0,1,0.0,0.0,0.0,0.0,0.0,0.0,0,0.0,0.005786113157769491,39
7430.701475923,7.760000000000926,0,1,0.0,0.0,0.0,0.0,0.0,0.0,0,0.0,0.005786105839423747,39
7430.711343934,7.7700000000009295,0,1,0.0,0.0,0.0,0.0,0.0,0.0,0,0.0,0.005786098713944337,42
7430.721014042,7.780000000000933,0,1,0.0,0.0,0.0,0.0,0.0,0.0,0,0.0,0.00578609177624867,43
7430.731057914,7.790000000000936,0,1,0.0,0.0,0.0,0.0,0.0,0.0,0,0.0,0.005786085021388092,43
7430.743219532,7.8000000000009395,0,1,0.0,0.0,0.0,0.0,0.0,0.0,0,0.0,0.005786078444544349,44
7430.751060659,7.810000000000943,0,1,0.0,0.0,0.0,0.0,0.0,0.0,0,0.0,0.005786072041026159,46
7430.761474204,7.820000000000946,0,1,0.0,0.0,0.0,0.0,0.0,0.0,0,0.0,0.005786065806265858,46
7430.771239113,7.8300000000009495,0,1,0.0,0.0,0.0,0.0,0.0,0.0,0,0.0,0.005786059735816147,47
7430.800589228,7.840000000000953,0,1,0.0,0.0,0.0,0.0,0.0,0.0,0,0.0,0.005786053825346923,50
7430.812549521,7.850000000000956,0,1,0.0,0.0,0.0,0.0,0.0,0.0,0,0.0,0.005786048070642185,52
7430.82050169,7.8600000000009596,0,1,0.0,0.0,0.0,0.0,0.0,0.0,0,0.0,0.005786042467597033,54
7430.830531693,7.870000000000963,0,1,0.0,0.0,0.0,0.0,0.0,0.0,0,0.0,0.00578603701221474,55
7430.840570843,7.880000000000966,0,1,0.0,0.0,0.0,0.0,0.0,0.0,0,0.0,0.005786031700603897,55
7430.850481862,7.89000000000097,0,1,0.0,0.0,0.0,0.0,0.0,0.0,0,0.0,0.0057860265289756425,57
7430.860504404,7.900000000000973,0,1,0.0,0.0,0.0,0.0,0.0,0.0,0,0.0,0.005786021493640963,57
7430.870558895,7.910000000000976,0,1,0.0,0.0,0.0,0.0,0.0,0.0,0,0.0,0.005786016591008052,57
7430.880514024,7.92000000000098,0,1,0.0,0.0,0.0,0.0,0.0,0.0,0,0.0,0.00578601181757976,60
7430.89054894,7.930000000000983,0,1,0.0,0.0,0.0,0.0,0.0,0.0,0,0.0,0.005786007169951092,60
7430.900473432,7.940000000000986,0,1,0.0,0.0,0.0,0.0,0.0,0.0,0,0.0,0.005786002644806785,60
7430.910525645,7.95000000000099,0,1,0.0,0.0,0.0,0.0,0.0,0.0,0,0.0,0.005785998238918941,60
7430.920517644,7.960000000000993,0,1,0.0,0.0,0.0,0.0,0.0,0.0,0,0.0,0.005785993949144721,65
7430.930556181,7.970000000000996,0,1,0.0,0.0,0.0,0.0,0.0,0.0,0,0.0,0.005785989772424111,65
7430.940511805,7.980000000001,0,1,0.0,0.0,0.0,0.0,0.0,0.0,0,0.0,0.005785985705777735,65
7430.950553157,7.990000000001003,0,1,0.0,0.0,0.0,0.0,0.0,0.0,0,0.0,0.005785981746304734,70
7430.960470651,8.000000000001005,0,1,0.0,0.0,0.0,0.0,0.0,0.0,0,0.0,0.0057859778911806894,70
7430.970695308,8.010000000001,0,1,0.0,0.0,0.0,0.0,0.0,0.0,0,0.0,0.005785974137655615,70
7430.982992114,8.020000000000994,0,1,0.0,0.0,0.0,0.0,0.0,0.0,0,0.0,0.005785970483051999,72
7430.990533951,8.030000000000989,0,1,0.0,0.0,0.0,0.0,0.0,0.0,0,0.0,0.005785966924762884,74
7431.000464057,8.040000000000983,0,1,0.0,0.0,0.0,0.0,0.0,0.0,0,0.0,0.005785963460250017,74
7431.010566918,8.050000000000978,0,1,0.0,0.0,0.0,0.0,0.0,0.0,0,0.0,0.005785960087042033,74
7431.020566325,8.060000000000972,0,1,0.0,0.0,0.0,0.0,0.0,0.0,0,0.0,0.005785956802732696,78
7431.030547755,8.070000000000967,0,1,0.0,0.0,0.0,0.0,0.0,0.0,0,0.0,0.005785953604979181,78
7431.040559849,8.080000000000961,0,1,0.0,0.0,0.0,0.0,0.0,0.0,0,0.0,0.005785950491500403,78
7431.050465579,8.090000000000956,0,1,0.0,0.0,0.0,0.0,0.0,0.0,0,0.0,0.0057859474600753915,81
7431.060572198,8.10000000000095,0,1,0.0,0.0,0.0,0.0,0.0,0.0,0,0.0,0.005785944508541705,83
7431.070655396,8.110000000000944,0,1,0.0,0.0,0.0,0.0,0.0,0.0,0,0.0,0.005785941634793889,85
7431.080628253,8.120000000000939,0,1,0.0,0.0,0.0,0.0,0.0,0.0,0,0.0,0.005785938836781976,86
7431.090573509,8.130000000000933,0,1,0.0,0.0,0.0,0.0,0.0,0.0,0,0.0,0.005785936112510021,92
7431.100528396,8.140000000000928,0,1,0.0,0.0,0.0,0.0,0.0,0.0,0,0.0,0.005785933460034679,92
7431.110526991,8.150000000000922,0,1,0.0,0.0,0.0,0.0,0.0,0.0,0,0.0,0.005785930877463816,92
7431.12047504,8.160000000000917,0,1,0.0,0.0,0.0,0.0,0.0,0.0,0,0.0,0.005785928362955165,95
7431.130516311,8.170000000000911,0,1,0.0,0.0,0.0,0.0,0.0,0.0,0,0.0,0.0057859259147150085,95
7431.140544921,8.180000000000906,0,1,0.0,0.0,0.0,0.0,0.0,0.0,0,0.0,0.0057859235309969,95
7431.150583521,8.1900000000009,0,1,0.0,0.0,0.0,0.0,0.0,0.0,0,0.0,0.005785921210100417,95
7431.160512313,8.200000000000895,0,1,0.0,0.0,0.0,0.0,0.0,0.0,0,0.0,0.005785918950369949,98
7431.170507215,8.210000000000889,0,1,0.0,0.0,0.0,0.0,0.0,0.0,0,0.0,0.005785916750193515,98
7431.180534028,8.220000000000883,0,1,0.0,0.0,0.0,0.0,0.0,0.0,0,0.0,0.005785914608001619,98
7431.190492765,8.230000000000878,0,1,0.0,0.0,0.0,0.0,0.0,0.0,0,0.0,0.005785912522266127,101
7431.200554928,8.240000000000872,0,1,0.0,0.0,0.0,0.0,0.0,0.0,0,0.0,0.005785910491499172,101
7431.210497403,8.250000000000867,0,1,0.0,0.0,0.0,0.0,0.0,0.0,0,0.0,0.005785908514252103,101
7431.225948368,8.260000000000861,0,1,0.0,0.0,0.0,0.0,0.0,0.0,0,0.0,0.005785906589114443,102
7431.235856242,8.270000000000856,0,1,0.0,0.0,0.0,0.0,0.0,0.0,0,0.0,0.005785904714712889,103
7431.245838354,8.28000000000085,0,1,0.0,0.0,0.0,0.0,0.0,0.0,0,0.0,0.005785902889710326,103
7431.257645031,8.290000000000845,0,1,0.0,0.0,0.0,0.0,0.0,0.0,0,0.0,0.005785901112804879,106
7431.265645607,8.30000000000084,0,1,0.0,0.0,0.0,0.0,0.0,0.0,0,0.0,0.005785899382728983,109
7431.275691607,8.310000000000834,0,1,0.0,0.0,0.0,0.0,0.0,0.0,0,0.0,0.005785897698248479,109
7431.285732713,8.320000000000828,0,1,0.0,0.0,0.0,0.0,0.0,0.0,0,0.0,0.005785896058161731,0
7431.295652035,8.330000000000823,0,1,0.0,0.0,0.0,0.0,0.0,0.0,0,0.0,0.00578589446129877,3
7431.305599799,8.340000000000817,0,1,0.0,0.0,0.0,0.0,0.0,0.0,0,0.0,0.005785892906520461,3
7431.315643988,8.350000000000811,0,1,0.0,0.0,0.0,0.0,0.0,0.0,0,0.0,0.005785891392717691,3
7431.32562017,8.360000000000806,0,1,0.0,0.0,0.0,0.0,0.0,0.0,0,0.0,0.005785889918810577,6
7431.335714681,8.3700000000008,0,1,0.0,0.0,0.0,0.0,0.0,0.0,0,0.0,0.005785888483747691,6
7431.345649182,8.380000000000795,0,1,0.0,0.0,0.0,0.0,0.0,0.0,0,0.0,0.00578588708650532,6
7431.358641458,8.39000000000079,0,1,0.0,0.0,0.0,0.0,0.0,0.0,0,0.0,0.0057858857260867265,7
7431.365690833,8.400000000000784,0,1,0.0,0.0,0.0,0.0,0.0,0.0,0,0.0,0.005785884401521439,11
7431.375647324,8.410000000000778,0,1,0.0,0.0,0.0,0.0,0.0,0.0,0,0.0,0.005785883111864567,11
7431.385672502,8.420000000000773,0,1,0.0,0.0,0.0,0.0,0.0,0.0,0,0.0,0.005785881856196117,11
7431.395675009,8.430000000000767,0,1,0.0,0.0,0.0,0.0,0.0,0.0,0,0.0,0.005785880633620342,16
7431.405687001,8.440000000000762,0,1,0.0,0.0,0.0,0.0,0.0,0.0,0,0.0,0.005785879443265104,16
7431.415651499,8.450000000000756,0,1,0.0,0.0,0.0,0.0,0.0,0.0,0,0.0,0.005785878284281249,16
7431.429479296,8.46000000000075,0,1,0.0,0.0,0.0,0.0,0.0,0.0,0,0.0,0.005785877155842002,18
7431.435695426,8.470000000000745,0,1,0.0,0.0,0.0,0.0,0.0,0.0,0,0.0,0.005785876057142373,23
7431.445677249,8.48000000000074,0,1,0.0,0.0,0.0,0.0,0.0,0.0,0,0.0,0.005785874987398593,23
7431.455657145,8.490000000000734,0,1,0.0,0.0,0.0,0.0,0.0,0.0,0,0.0,0.005785873945847544,23
7431.465723144,8.500000000000728,0,1,0.0,0.0,0.0,0.0,0.0,0.0,0,0.0,0.005785872931746219,28
7431.475678467,8.510000000000723,0,1,0.0,0.0,0.0,0.0,0.0,0.0,0,0.0,0.0057858719443711955,28
7431.485631403,8.520000000000717,0,1,0.0,0.0,0.0,0.0,0.0,0.0,0,0.0,0.0057858709830181125,28
7431.495663757,8.530000000000712,0,1,0.0,0.0,0.0,0.0,0.0,0.0,0,0.0,0.005785870047001176,31
7431.505734318,8.540000000000706,0,1,0.0,0.0,0.0,0.0,0.0,0.0,0,0.0,0.005785869135652663,32
7431.515599571,8.5500000000007,0,1,0.0,0.0,0.0,0.0,0.0,0.0,0,0.0,0.005785868248322449,33
7431.525649625,8.560000000000695,0,1,0.0,0.0,0.0,0.0,0.0,0.0,0,0.0,0.005785867384377544,33
7431.535709822,8.57000000000069,0,1,0.0,0.0,0.0,0.0,0.0,0.0,0,0.0,0.005785866543201636,37
7431.54568581,8.580000000000684,0,1,0.0,0.0,0.0,0.0,0.0,0.0,0,0.0,0.005785865724194659,37
7431.555684642,8.590000000000678,0,1,0.0,0.0,0.0,0.0,0.0,0.0,0,0.0,0.00578586492677236,37
7431.565676913,8.600000000000673,0,1,0.0,0.0,0.0,0.0,0.0,0.0,0,0.0,0.005785864150365885,41
7431.575674584,8.610000000000667,0,1,0.0,0.0,0.0,0.0,0.0,0.0,0,0.0,0.00578586339442137,41
7431.586429233,8.620000000000662,0,1,0.0,0.0,0.0,0.0,0.0,0.0,0,0.0,0.005785862658399549,41
7431.596629603,8.630000000000656,0,1,0.0,0.0,0.0,0.0,0.0,0.0,0,0.0,0.005785861941775368,44
7431.606089667,8.64000000000065,0,1,0.0,0.0,0.0,0.0,0.0,0.0,0,0.0,0.005785861244037609,45
7431.615753582,8.650000000000645,0,1,0.0,0.0,0.0,0.0,0.0,0.0,0,0.0,0.005785860564688529,45
7431.625727276,8.66000000000064,0,1,0.0,0.0,0.0,0.0,0.0,0.0,0,0.0,0.0057858599032435,45
7431.63574303,8.670000000000634,0,1,0.0,0.0,0.0,0.0,0.0,0.0,0,0.0,0.005785859259230669,52
7431.645691476,8.680000000000629,0,1,0.0,0.0,0.0,0.0,0.0,0.0,0,0.0,0.0057858586321906155,52
7431.655676057,8.690000000000623,0,1,0.0,0.0,0.0,0.0,0.0,0.0,0,0.0,0.0057858580216760295,52
7431.665615324,8.700000000000617,0,1,0.0,0.0,0.0,0.0,0.0,0.0,0,0.0,0.005785857427251388,56
7431.675675845,8.710000000000612,0,1,0.0,0.0,0.0,0.0,0.0,0.0,0,0.0,0.005785856848492647,56
7431.685657322,8.720000000000606,0,1,0.0,0.0,0.0,0.0,0.0,0.0,0,0.0,0.005785856284986936,56
7431.697885255,8.7300000000006,0,1,0.0,0.0,0.0,0.0,0.0,0.0,0,0.0,0.005785855736332269,57
7431.705752634,8.740000000000595,0,1,0.0,0.0,0.0,0.0,0.0,0.0,0,0.0,0.005785855202137251,59
7431.715753042,8.75000000000059,0,1,0.0,0.0,0.0,0.0,0.0,0.0,0,0.0,0.005785854682020803,59
7431.725791643,8.760000000000584,0,1,0.0,0.0,0.0,0.0,0.0,0.0,0,0.0,0.005785854175611888,60
7431.735828558,8.770000000000579,0,1,0.0,0.0,0.0,0.0,0.0,0.0,0,0.0,0.00578585368254925,67
7431.745792715,8.780000000000573,0,1,0.0,0.0,0.0,0.0,0.0,0.0,0,0.0,0.005785853202481154,67
7431.755842453,8.790000000000568,0,1,0.0,0.0,0.0,0.0,0.0,0.0,0,0.0,0.00578585273506513,67
7431.76563554,8.800000000000562,0,1,0.0,0.0,0.0,0.0,0.0,0.0,0,0.0,0.0057858522799677375,71
7431.775743567,8.810000000000556,0,1,0.0,0.0,0.0,0.0,0.0,0.0,0,0.0,0.005785851836864323,71
7431.785701808,8.820000000000551,0,1,0.0,0.0,0.0,0.0,0.0,0.0,0,0.0,0.005785851405438789,71
7431.795796228,8.830000000000545,0,1,0.0,0.0,0.0,0.0,0.0,0.0,0,0.0,0.005785850985383369,71
7431.811235939,8.84000000000054,0,1,0.0,0.0,0.0,0.0,0.0,0.0,0,0.0,0.005785850576398407,73
7431.821204815,8.850000000000534,0,1,0.0,0.0,0.0,0.0,0.0,0.0,0,0.0,0.005785850178192144,73
7431.836824276,8.860000000000529,0,1,0.0,0.0,0.0,0.0,0.0,0.0,0,0.0,0.005785849790480512,74
7431.846861742,8.870000000000523,0,1,0.0,0.0,0.0,0.0,0.0,0.0,0,0.0,0.005785849412986928,74
7431.856735659,8.880000000000518,0,1,0.0,0.0,0.0,0.0,0.0,0.0,0,0.0,0.005785849045442096,74
7431.870242485,8.890000000000512,0,1,0.0,0.0,0.0,0.0,0.0,0.0,0,0.0,0.005785848687583822,77
7431.876794552,8.900000000000507,0,1,0.0,0.0,0.0,0.0,0.0,0.0,0,0.0,0.0057858483391568195,82
7431.886731355,8.910000000000501,0,1,0.0,0.0,0.0,0.0,0.0,0.0,0,0.0,0.00578584799991253,82
7431.896721847,8.920000000000496,0,1,0.0,0.0,0.0,0.0,0.0,0.0,0,0.0,0.005785847669608945,82
7431.906711959,8.93000000000049,0,1,0.0,0.0,0.0,0.0,0.0,0.0,0,0.0,0.005785847348010436,88
7431.9166751,8.940000000000484,0,1,0.0,0.0,0.0,0.0,0.0,0.0,0,0.0,0.005785847034887581,88
7431.926757905,8.950000000000479,0,1,0.0,0.0,0.0,0.0,0.0,0.0,0,0.0,0.0057858467300170085,88
7431.936682865,8.960000000000473,0,1,0.0,0.0,0.0,0.0,0.0,0.0,0,0.0,0.005785846433181231,91
7431.946684146,8.970000000000468,0,1,0.0,0.0,0.0,0.0,0.0,0.0,0,0.0,0.005785846144168494,91
7431.956695365,8.980000000000462,0,1,0.0,0.0,0.0,0.0,0.0,0.0,0,0.0,0.005785845862772622,91
7431.968722448,8.990000000000457,0,1,0.0,0.0,0.0,0.0,0.0,0.0,0,0.0,0.005785845588792876,92
7431.976644224,9.000000000000451,0,1,0.0,0.0,0.0,0.0,0.0,0.0,0,0.0,0.005785845322033806,94
7431.986716868,9.010000000000446,0,1,0.0,0.0,0.0,0.0,0.0,0.0,0,0.0,0.0057858450623051155,94
7431.9966845,9.02000000000044,0,1,0.0,0.0,0.0,0.0,0.0,0.0,0,0.0,0.005785844809421518,94
7432.006723544,9.030000000000435,0,1,0.0,0.0,0.0,0.0,0.0,0.0,0,0.0,0.005785844563202613,96
7432.016933459,9.040000000000429,0,1,0.0,0.0,0.0,0.0,0.0,0.0,0,0.0,0.005785844323472755,96
7432.026640501,9.050000000000423,0,1,0.0,0.0,0.0,0.0,0.0,0.0,0,0.0,0.005785844090060923,96
7432.036644968,9.060000000000418,0,1,0.0,0.0,0.0,0.0,0.0,0.0,0,0.0,0.005785843862800611,98
7432.04668743,9.070000000000412,0,1,0.0,0.0,0.0,0.0,0.0,0.0,0,0.0,0.0057858436415296945,98
7432.056692825,9.080000000000407,0,1,0.0,0.0,0.0,0.0,0.0,0.0,0,0.0,0.005785843426090327,98
7432.066863925,9.090000000000401,0,1,0.0,0.0,0.0,0.0,0.0,0.0,0,0.0,0.005785843216328817,98
7432.076718559,9.100000000000396,0,1,0.0,0.0,0.0,0.0,0.0,0.0,0,0.0,0.005785843012095529,100
7432.086690036,9.11000000000039,0,1,0.0,0.0,0.0,0.0,0.0,0.0,0,0.0,0.005785842813244766,100
7432.096707872,9.120000000000385,0,1,0.0,0.0,0.0,0.0,0.0,0.0,0,0.0,0.0057858426196346745,100
7432.106693513,9.13000000000038,0,1,0.0,0.0,0.0,0.0,0.0,0.0,0,0.0,0.005785842431127137,103
7432.116771486,9.140000000000374,0,1,0.0,0.0,0.0,0.0,0.0,0.0,0,0.0,0.005785842247587675,103
7432.126680798,9.150000000000368,0,1,0.0,0.0,0.0,0.0,0.0,0.0,0,0.0,0.0057858420688853595,103
7432.138051672,9.160000000000363,0,1,0.0,0.0,0.0,0.0,0.0,0.0,0,0.0,0.005785841894892706,104
7432.146839453,9.170000000000357,0,1,0.0,0.0,0.0,0.0,0.0,0.0,0,0.0,0.005785841725485593,105
7432.156693351,9.180000000000351,0,1,0.0,0.0,0.0,0.0,0.0,0.0,0,0.0,0.005785841560543171,105
7432.166678972,9.190000000000346,0,1,0.0,0.0,0.0,0.0,0.0,0.0,0,0.0,0.005785841399947773,105
7432.176716094,9.20000000000034,0,1,0.0,0.0,0.0,0.0,0.0,0.0,0,0.0,0.0057858412435848345,110
7432.186737876,9.210000000000335,0,1,0.0,0.0,0.0,0.0,0.0,0.0,0,0.0,0.00578584109134281,110
7432.196847561,9.22000000000033,0,1,0.0,0.0,0.0,0.0,0.0,0.0,0,0.0,0.005785840943113093,112
7432.212836879,9.230000000000324,0,1,0.0,0.0,0.0,0.0,0.0,0.0,0,0.0,0.005785840798789942,115
7432.222696545,9.240000000000318,0,1,0.0,0.0,0.0,0.0,0.0,0.0,0,0.0,0.005785840658270397,115
7432.232662137,9.250000000000313,0,1,0.0,0.0,0.0,0.0,0.0,0.0,0,0.0,0.005785840521454218,115
7432.24784828,9.260000000000307,0,1,0.0,0.0,0.0,0.0,0.0,0.0,0,0.0,0.005785840388243802,116
7432.257757711,9.270000000000302,0,1,0.0,0.0,0.0,0.0,0.0,0.0,0,0.0,0.00578584025854412,116
7432.267790962,9.280000000000296,0,1,0.0,0.0,0.0,0.0,0.0,0.0,0,0.0,0.005785840132262647,116
7432.277761357,9.29000000000029,0,1,0.0,0.0,0.0,0.0,0.0,0.0,0,0.0,0.0057858400093092986,121
7432.287784988,9.300000000000285,0,1,0.0,0.0,0.0,0.0,0.0,0.0,0,0.0,0.005785839889596361,1
7432.297761397,9.31000000000028,0,1,0.0,0.0,0.0,0.0,0.0,0.0,0,0.0,0.005785839773038436,1
7432.309888551,9.320000000000274,0,1,0.0,0.0,0.0,0.0,0.0,0.0,0,0.0,0.005785839659552372,3
7432.317680445,9.330000000000268,0,1,0.0,0.0,0.0,0.0,0.0,0.0,0,0.0,0.005785839549057212,5
7432.327690367,9.340000000000263,0,1,0.0,0.0,0.0,0.0,0.0,0.0,0,0.0,0.00578583944147413,5
7432.337709327,9.350000000000257,0,1,0.0,0.0,0.0,0.0,0.0,0.0,0,0.0,0.0057858393367263795,5
7432.347670811,9.360000000000252,0,1,0.0,0.0,0.0,0.0,0.0,0.0,0,0.0,0.005785839234739236,8
7432.357661094,9.370000000000246,0,1,0.0,0.0,0.0,0.0,0.0,0.0,0,0.0,0.005785839135439944,8
7432.367808172,9.38000000000024,0,1,0.0,0.0,0.0,0.0,0.0,0.0,0,0.0,0.0057858390387576656,9
7432.377731762,9.390000000000235,0,1,0.0,0.0,0.0,0.0,0.0,0.0,0,0.0,0.0057858389446234304,13
7432.387637665,9.40000000000023,0,1,0.0,0.0,0.0,0.0,0.0,0.0,0,0.0,0.005785838852970085,13
7432.397656041,9.410000000000224,0,1,0.0,0.0,0.0,0.0,0.0,0.0,0,0.0,0.005785838763732246,13
7432.409588781,9.420000000000218,0,1,0.0,0.0,0.0,0.0,0.0,0.0,0,0.0,0.005785838676846252,15
7432.417699319,9.430000000000213,0,1,0.0,0.0,0.0,0.0,0.0,0.0,0,0.0,0.005785838592250124,17
7432.427741749,9.440000000000207,0,1,0.0,0.0,0.0,0.0,0.0,0.0,0,0.0,0.00578583850988351,17
7432.437852212,9.450000000000202,0,1,0.0,0.0,0.0,0.0,0.0,0.0,0,0.0,0.005785838429687654,17
7432.447690971,9.460000000000196,0,1,0.0,0.0,0.0,0.0,0.0,0.0,0,0.0,0.0057858383516053435,24
7432.457689484,9.47000000000019,0,1,0.0,0.0,0.0,0.0,0.0,0.0,0,0.0,0.005785838275580878,25
7432.467744499,9.480000000000185,0,1,0.0,0.0,0.0,0.0,0.0,0.0,0,0.0,0.005785838201560023,25
7432.479576148,9.49000000000018,0,1,0.0,0.0,0.0,0.0,0.0,0.0,0,0.0,0.005785838129489974,28
7432.487692632,9.500000000000174,0,1,0.0,0.0,0.0,0.0,0.0,0.0,0,0.0,0.0057858380593193166,30
7432.497762003,9.510000000000169,0,1,0.0,0.0,0.0,0.0,0.0,0.0,0,0.0,0.005785837990997995,30
7432.507657467,9.520000000000163,0,1,0.0,0.0,0.0,0.0,0.0,0.0,0,0.0,0.0057858379244772684,30
7432.51772078,9.530000000000157,0,1,0.0,0.0,0.0,0.0,0.0,0.0,0,0.0,0.005785837859709684,33
7432.52772983,9.540000000000152,0,1,0.0,0.0,0.0,0.0,0.0,0.0,0,0.0,0.005785837796649038,33
7432.537777897,9.550000000000146,0,1,0.0,0.0,0.0,0.0,0.0,0.0,0,0.0,0.005785837735250343,33
7432.547708373,9.56000000000014,0,1,0.0,0.0,0.0,0.0,0.0,0.0,0,0.0,0.005785837675469798,35
7432.557702943,9.570000000000135,0,1,0.0,0.0,0.0,0.0,0.0,0.0,0,0.0,0.00578583761726476,35
7432.567696247,9.58000000000013,0,1,0.0,0.0,0.0,0.0,0.0,0.0,0,0.0,0.005785837560593705,35
7432.579556954,9.590000000000124,0,1,0.0,0.0,0.0,0.0,0.0,0.0,0,0.0,0.005785837505416205,36
7432.587683023,9.600000000000119,0,1,0.0,0.0,0.0,0.0,0.0,0.0,0,0.0,0.005785837451692898,38
7432.597684051,9.610000000000113,0,1,0.0,0.0,0.0,0.0,0.0,0.0,0,0.0,0.005785837399385458,38
7432.607675873,9.620000000000108,0,1,0.0,0.0,0.0,0.0,0.0,0.0,0,0.0,0.005785837348456572,38
7432.617682764,9.630000000000102,0,1,0.0,0.0,0.0,0.0,0.0,0.0,0,0.0,0.0057858372988699065,40
7432.6277829,9.640000000000096,0,1,0.0,0.0,0.0,0.0,0.0,0.0,0,0.0,0.00578583725059009,40
7432.637733847,9.650000000000091,0,1,0.0,0.0,0.0,0.0,0.0,0.0,0,0.0,0.005785837203582679,40
7432.648018214,9.660000000000085,0,1,0.0,0.0,0.0,0.0,0.0,0.0,0,0.0,0.00578583715781414,43
7432.657864333,9.67000000000008,0,1,0.0,0.0,0.0,0.0,0.0,0.0,0,0.0,0.005785837113251822,44
7432.667662889,9.680000000000074,0,1,0.0,0.0,0.0,0.0,0.0,0.0,0,0.0,0.005785837069863936,44
7432.677768303,9.690000000000069,0,1,0.0,0.0,0.0,0.0,0.0,0.0,0,0.0,0.00578583702761953,44
7432.687845422,9.700000000000063,0,1,0.0,0.0,0.0,0.0,0.0,0.0,0,0.0,0.005785836986488468,48
7432.697953585,9.710000000000058,0,1,0.0,0.0,0.0,0.0,0.0,0.0,0,0.0,0.005785836946441407,48
7432.70770427,9.720000000000052,0,1,0.0,0.0,0.0,0.0,0.0,0.0,0,0.0,0.005785836907449779,48
7432.717653116,9.730000000000047,0,1,0.0,0.0,0.0,0.0,0.0,0.0,0,0.0,0.005785836869485769,51
7432.727641488,9.740000000000041,0,1,0.0,0.0,0.0,0.0,0.0,0.0,0,0.0,0.005785836832522293,51
7432.737940954,9.750000000000036,0,1,0.0,0.0,0.0,0.0,0.0,0.0,0,0.0,0.005785836796532983,53
7432.74776488,9.76000000000003,0,1,0.0,0.0,0.0,0.0,0.0,0.0,0,0.0,0.005785836761492165,54
7432.758119587,9.770000000000024,0,1,0.0,0.0,0.0,0.0,0.0,0.0,0,0.0,0.005785836727374842,59
7432.767938302,9.780000000000019,0,1,0.0,0.0,0.0,0.0,0.0,0.0,0,0.0,0.005785836694156675,59
7432.777653428,9.790000000000013,0,1,0.0,0.0,0.0,0.0,0.0,0.0,0,0.0,0.0057858366618139655,60
7432.787701767,9.800000000000008,0,1,0.0,0.0,0.0,0.0,0.0,0.0,0,0.0,0.005785836630323644,63
7432.797734392,9.810000000000002,0,1,0.0,0.0,0.0,0.0,0.0,0.0,0,0.0,0.0057858365996632435,63
7432.807700091,9.819999999999997,0,1,0.0,0.0,0.0,0.0,0.0,0.0,0,0.0,0.005785836569810892,63
7432.819554477,9.829999999999991,0,1,0.0,0.0,0.0,0.0,0.0,0.0,0,0.0,0.005785836540745295,65
7432.827664981,9.839999999999986,0,1,0.0,0.0,0.0,0.0,0.0,0.0,0,0.0,0.005785836512445715,67
7432.83798561,9.84999999999998,0,1,0.0,0.0,0.0,0.0,0.0,0.0,0,0.0,0.005785836484891968,67
7432.847699947,9.859999999999975,0,1,0.0,0.0,0.0,0.0,0.0,0.0,0,0.0,0.005785836458064394,67
7432.857682003,9.869999999999969,0,1,0.0,0.0,0.0,0.0,0.0,0.0,0,0.0,0.005785836431943856,71
7432.867739842,9.879999999999963,0,1,0.0,0.0,0.0,0.0,0.0,0.0,0,0.0,0.005785836406511719,72
7432.877694458,9.889999999999958,0,1,0.0,0.0,0.0,0.0,0.0,0.0,0,0.0,0.005785836381749843,72
7432.887684968,9.899999999999952,0,1,0.0,0.0,0.0,0.0,0.0,0.0,0,0.0,0.00578583635764056,75
7432.897722228,9.909999999999947,0,1,0.0,0.0,0.0,0.0,0.0,0.0,0,0.0,0.005785836334166674,75
7432.907694407,9.919999999999941,0,1,0.0,0.0,0.0,0.0,0.0,0.0,0,0.0,0.0057858363113114375,75
7432.920510197,9.929999999999936,0,1,0.0,0.0,0.0,0.0,0.0,0.0,0,0.0,0.005785836289058547,76
7432.927777571,9.93999999999993,0,1,0.0,0.0,0.0,0.0,0.0,0.0,0,0.0,0.0057858362673921275,79
7432.937690458,9.949999999999925,0,1,0.0,0.0,0.0,0.0,0.0,0.0,0,0.0,0.005785836246296723,79
7432.947857542,9.95999999999992,0,1,0.0,0.0,0.0,0.0,0.0,0.0,0,0.0,0.0057858362257572835,80
7432.957706092,9.969999999999914,0,1,0.0,0.0,0.0,0.0,0.0,0.0,0,0.0,0.005785836205759158,85
7432.967695235,9.979999999999908,0,1,0.0,0.0,0.0,0.0,0.0,0.0,0,0.0,0.0057858361862880795,85
7432.977690286,9.989999999999903,0,1,0.0,0.0,0.0,0.0,0.0,0.0,0,0.0,0.0057858361673301575,85
7432.990307986,9.999999999999897,0,1,0.0,0.0,0.0,0.0,0.0,0.0,0,0.0,0.005785836148871869,88
7432.997860332,10.009999999999891,0,1,0.0,0.0,0.0,0.0,0.0,0.0,0,0.0,0.005785836130900043,92
7433.00788098,10.019999999999886,0,1,0.0,0.0,0.0,0.0,0.0,0.0,0,0.0,0.005785836113401864,92
7433.017808587,10.02999999999988,0,1,0.0,0.0,0.0,0.0,0.0,0.0,0,0.0,0.005785836096364846,93
7433.02783776,10.039999999999875,0,1,0.0,0.0,0.0,0.0,0.0,0.0,0,0.0,0.005785836079776835,97
7433.037692966,10.04999999999987,0,1,0.0,0.0,0.0,0.0,0.0,0.0,0,0.0,0.0057858360636259985,97
7433.047692198,10.059999999999864,0,1,0.0,0.0,0.0,0.0,0.0,0.0,0,0.0,0.005785836047900814,97
7433.057690143,10.069999999999858,0,1,0.0,0.0,0.0,0.0,0.0,0.0,0,0.0,0.005785836032590064,101
7433.067719643,10.079999999999853,0,1,0.0,0.0,0.0,0.0,0.0,0.0,0,0.0,0.005785836017682826,101
7433.077790564,10.089999999999847,0,1,0.0,0.0,0.0,0.0,0.0,0.0,0,0.0,0.005785836003168466,101
7433.087684583,10.099999999999842,0,1,0.0,0.0,0.0,0.0,0.0,0.0,0,0.0,0.005785835989036629,101
7433.097659912,10.109999999999836,0,1,0.0,0.0,0.0,0.0,0.0,0.0,0,0.0,0.005785835975277234,104
7433.107681468,10.11999999999983,0,1,0.0,0.0,0.0,0.0,0.0,0.0,0,0.0,0.0057858359618804655,104
7433.117700909,10.129999999999825,0,1,0.0,0.0,0.0,0.0,0.0,0.0,0,0.0,0.005785835948836767,104
7433.127642441,10.13999999999982,0,1,0.0,0.0,0.0,0.0,0.0,0.0,0,0.0,0.005785835936136833,110
7433.137867113,10.149999999999814,0,1,0.0,0.0,0.0,0.0,0.0,0.0,0,0.0,0.005785835923771604,110
7433.14765873,10.159999999999808,0,1,0.0,0.0,0.0,0.0,0.0,0.0,0,0.0,0.005785835911732257,110
7433.160112429,10.169999999999803,0,1,0.0,0.0,0.0,0.0,0.0,0.0,0,0.0,0.005785835900010206,112
7433.16781874,10.179999999999797,0,1,0.0,0.0,0.0,0.0,0.0,0.0,0,0.0,0.005785835888597088,114
7433.177744349,10.189999999999792,0,1,0.0,0.0,0.0,0.0,0.0,0.0,0,0.0,0.00578583587748476,114
7433.187787941,10.199999999999786,0,1,0.0,0.0,0.0,0.0,0.0,0.0,0,0.0,0.0057858358666652955,114
7433.197787333,10.20999999999978,0,1,0.0,0.0,0.0,0.0,0.0,0.0,0,0.0,0.0057858358561309765,120
7433.207842962,10.219999999999775,0,1,0.0,0.0,0.0,0.0,0.0,0.0,0,0.0,0.005785835845874286,120
7433.217806816,10.22999999999977,0,1,0.0,0.0,0.0,0.0,0.0,0.0,0,0.0,0.0057858358358879106,120
7433.229484146,10.239999999999764,0,1,0.0,0.0,0.0,0.0,0.0,0.0,0,0.0,0.005785835826164723,124
7433.237695332,10.249999999999758,0,1,0.0,0.0,0.0,0.0,0.0,0.0,0,0.0,0.00578583581669779,126
7433.247665794,10.259999999999753,0,1,0.0,0.0,0.0,0.0,0.0,0.0,0,0.0,0.0057858358074803565,126
7433.257793859,10.269999999999747,0,1,0.0,0.0,0.0,0.0,0.0,0.0,0,0.0,0.005785835798505845,126
7433.267691452,10.279999999999742,0,1,0.0,0.0,0.0,0.0,0.0,0.0,0,0.0,0.005785835789767855,131
7433.277971931,10.289999999999736,0,1,0.0,0.0,0.0,0.0,0.0,0.0,0,0.0,0.005785835781260155,131
7433.287725152,10.29999999999973,0,1,0.0,0.0,0.0,0.0,0.0,0.0,0,0.0,0.005785835772976674,0
7433.297675988,10.309999999999725,0,1,0.0,0.0,0.0,0.0,0.0,0.0,0,0.0,0.005785835764911501,5
7433.307799111,10.31999999999972,0,1,0.0,0.0,0.0,0.0,0.0,0.0,0,0.0,0.005785835757058886,6
7433.317747539,10.329999999999714,0,1,0.0,0.0,0.0,0.0,0.0,0.0,0,0.0,0.0057858357494132255,6
7433.332910139,10.339999999999709,0,1,0.0,0.0,0.0,0.0,0.0,0.0,0,0.0,0.005785835741969064,7
7433.342787565,10.349999999999703,0,1,0.0,0.0,0.0,0.0,0.0,0.0,0,0.0,0.005785835734721091,7
7433.352825238,10.359999999999697,0,1,0.0,0.0,0.0,0.0,0.0,0.0,0,0.0,0.005785835727664139,7
7433.362793128,10.369999999999692,0,1,0.0,0.0,0.0,0.0,0.0,0.0,0,0.0,0.00578583572079317,10
7433.372778837,10.379999999999686,0,1,0.0,0.0,0.0,0.0,0.0,0.0,0,0.0,0.005785835714103285,10
7433.383152,10.38999999999968,0,1,0.0,0.0,0.0,0.0,0.0,0.0,0,0.0,0.0057858357075897095,11
7433.392826148,10.399999999999675,0,1,0.0,0.0,0.0,0.0,0.0,0.0,0,0.0,0.005785835701247801,11
7433.403108996,10.40999999999967,0,1,0.0,0.0,0.0,0.0,0.0,0.0,0,0.0,0.005785835695073031,16
7433.412773546,10.419999999999664,0,1,0.0,0.0,0.0,0.0,0.0,0.0,0,0.0,0.005785835689060995,16
7433.422786869,10.429999999999659,0,1,0.0,0.0,0.0,0.0,0.0,0.0,0,0.0,0.005785835683207405,16
7433.433009176,10.439999999999653,0,1,0.0,0.0,0.0,0.0,0.0,0.0,0,0.0,0.0057858356775080865,19
7433.442795278,10.449999999999648,0,1,0.0,0.0,0.0,0.0,0.0,0.0,0,0.0,0.005785835671958973,19
7433.452774292,10.459999999999642,0,1,0.0,0.0,0.0,0.0,0.0,0.0,0,0.0,0.005785835666556105,19
7433.464600587,10.469999999999636,0,1,0.0,0.0,0.0,0.0,0.0,0.0,0,0.0,0.005785835661295626,20
7433.472777383,10.479999999999631,0,1,0.0,0.0,0.0,0.0,0.0,0.0,0,0.0,0.005785835656173787,22
7433.482780442,10.489999999999625,0,1,0.0,0.0,0.0,0.0,0.0,0.0,0,0.0,0.005785835651186935,22
7433.492772095,10.49999999999962,0,1,0.0,0.0,0.0,0.0,0.0,0.0,0,0.0,0.005785835646331511,22
7433.502781063,10.509999999999614,0,1,0.0,0.0,0.0,0.0,0.0,0.0,0,0.0,0.0057858356416040525,25
7433.51285357,10.519999999999609,0,1,0.0,0.0,0.0,0.0,0.0,0.0,0,0.0,0.005785835637001182,25
7433.52277457,10.529999999999603,0,1,0.0,0.0,0.0,0.0,0.0,0.0,0,0.0,0.00578583563251962,25
7433.535797778,10.539999999999598,0,1,0.0,0.0,0.0,0.0,0.0,0.0,0,0.0,0.005785835628156169,28
7433.542771035,10.549999999999592,0,1,0.0,0.0,0.0,0.0,0.0,0.0,0,0.0,0.005785835623907717,31
7433.552764205,10.559999999999587,0,1,0.0,0.0,0.0,0.0,0.0,0.0,0,0.0,0.005785835619771234,31
7433.5627997,10.569999999999581,0,1,0.0,0.0,0.0,0.0,0.0,0.0,0,0.0,0.005785835615743766,31
7433.572902979,10.579999999999576,0,1,0.0,0.0,0.0,0.0,0.0,0.0,0,0.0,0.005785835611822439,35
7433.582979408,10.58999999999957,0,1,0.0,0.0,0.0,0.0,0.0,0.0,0,0.0,0.005785835608004455,35
7433.592850384,10.599999999999564,0,1,0.0,0.0,0.0,0.0,0.0,0.0,0,0.0,0.005785835604287095,35
7433.603264258,10.609999999999559,0,1,0.0,0.0,0.0,0.0,0.0,0.0,0,0.0,0.005785835600667706,40
7433.612776018,10.619999999999553,0,1,0.0,0.0,0.0,0.0,0.0,0.0,0,0.0,0.0057858355971437065,40
7433.622776436,10.629999999999548,0,1,0.0,0.0,0.0,0.0,0.0,0.0,0,0.0,0.005785835593712584,40
7433.634802911,10.639999999999542,0,1,0.0,0.0,0.0,0.0,0.0,0.0,0,0.0,0.005785835590371888,41
7433.642768245,10.649999999999537,0,1,0.0,0.0,0.0,0.0,0.0,0.0,0,0.0,0.005785835587119235,43
7433.652770103,10.659999999999531,0,1,0.0,0.0,0.0,0.0,0.0,0.0,0,0.0,0.005785835583952301,43
7433.662910314,10.669999999999526,0,1,0.0,0.0,0.0,0.0,0.0,0.0,0,0.0,0.005785835580868832,43
7433.678252236,10.67999999999952,0,1,0.0,0.0,0.0,0.0,0.0,0.0,0,0.0,0.0057858355778666265,44
7433.688653344,10.689999999999515,0,1,0.0,0.0,0.0,0.0,0.0,0.0,0,0.0,0.0057858355749435455,45
7433.698117762,10.699999999999509,0,1,0.0,0.0,0.0,0.0,0.0,0.0,0,0.0,0.005785835572097503,45
7433.708168468,10.709999999999503,0,1,0.0,0.0,0.0,0.0,0.0,0.0,0,0.0,0.0057858355693264675,49
7433.718607332,10.719999999999498,0,1,0.0,0.0,0.0,0.0,0.0,0.0,0,0.0,0.005785835566628465,49
7433.728156368,10.729999999999492,0,1,0.0,0.0,0.0,0.0,0.0,0.0,0,0.0,0.005785835564001569,49
7433.738095053,10.739999999999487,0,1,0.0,0.0,0.0,0.0,0.0,0.0,0,0.0,0.005785835561443903,52
7433.748193876,10.749999999999481,0,1,0.0,0.0,0.0,0.0,0.0,0.0,0,0.0,0.00578583555895364,52
7433.758146607,10.759999999999476,0,1,0.0,0.0,0.0,0.0,0.0,0.0,0,0.0,0.005785835556529005,52
7433.768090889,10.76999999999947,0,1,0.0,0.0,0.0,0.0,0.0,0.0,0,0.0,0.00578583555416827,52
7433.778662986,10.779999999999465,0,1,0.0,0.0,0.0,0.0,0.0,0.0,0,0.0,0.005785835551869751,54
7433.788143917,10.78999999999946,0,1,0.0,0.0,0.0,0.0,0.0,0.0,0,0.0,0.005785835549631811,54
7433.798216532,10.799999999999454,0,1,0.0,0.0,0.0,0.0,0.0,0.0,0,0.0,0.005785835547452852,54
7433.808134539,10.809999999999448,0,1,0.0,0.0,0.0,0.0,0.0,0.0,0,0.0,0.00578583554533132,57
7433.818227394,10.819999999999443,0,1,0.0,0.0,0.0,0.0,0.0,0.0,0,0.0,0.005785835543265701,57
7433.828135637,10.829999999999437,0,1,0.0,0.0,0.0,0.0,0.0,0.0,0,0.0,0.005785835541254523,57
7433.838650071,10.839999999999431,0,1,0.0,0.0,0.0,0.0,0.0,0.0,0,0.0,0.005785835539296351,60
7433.848175523,10.849999999999426,0,1,0.0,0.0,0.0,0.0,0.0,0.0,0,0.0,0.005785835537389787,60
7433.858117556,10.85999999999942,0,1,0.0,0.0,0.0,0.0,0.0,0.0,0,0.0,0.00578583553553347,60
7433.868100601,10.869999999999415,0,1,0.0,0.0,0.0,0.0,0.0,0.0,0,0.0,0.005785835533726072,60
7433.878182541,10.87999999999941,0,1,0.0,0.0,0.0,0.0,0.0,0.0,0,0.0,0.005785835531966305,63
7433.888119448,10.889999999999404,0,1,0.0,0.0,0.0,0.0,0.0,0.0,0,0.0,0.005785835530252915,63
7433.89827453,10.899999999999398,0,1,0.0,0.0,0.0,0.0,0.0,0.0,0,0.0,0.005785835528584681,63
7433.908411263,10.909999999999393,0,1,0.0,0.0,0.0,0.0,0.0,0.0,0,0.0,0.005785835526960414,66
7433.918649917,10.919999999999387,0,1,0.0,0.0,0.0,0.0,0.0,0.0,0,0.0,0.005785835525378955,66
7433.928084298,10.929999999999382,0,1,0.0,0.0,0.0,0.0,0.0,0.0,0,0.0,0.0057858355238391765,66
7433.939908236,10.939999999999376,0,1,0.0,0.0,0.0,0.0,0.0,0.0,0,0.0,0.005785835522339978,67
7433.948181026,10.94999999999937,0,1,0.0,0.0,0.0,0.0,0.0,0.0,0,0.0,0.005785835520880292,69
7433.958119926,10.959999999999365,0,1,0.0,0.0,0.0,0.0,0.0,0.0,0,0.0,0.005785835519459077,69
7433.968151934,10.96999999999936,0,1,0.0,0.0,0.0,0.0,0.0,0.0,0,0.0,0.0057858355180753175,69
7433.978212205,10.979999999999354,0,1,0.0,0.0,0.0,0.0,0.0,0.0,0,0.0,0.005785835516728029,71
7433.988208865,10.989999999999348,0,1,0.0,0.0,0.0,0.0,0.0,0.0,0,0.0,0.0057858355154162475,71
7433.998467131,10.999999999999343,0,1,0.0,0.0,0.0,0.0,0.0,0.0,0,0.0,0.00578583551413904,72
7434.009229985,11.009999999999337,0,1,0.0,0.0,0.0,0.0,0.0,0.0,0,0.0,0.005785835512895492,75
7434.018334668,11.019999999999332,0,1,0.0,0.0,0.0,0.0,0.0,0.0,0,0.0,0.005785835511684719,76
7434.028765439,11.029999999999326,0,1,0.0,0.0,0.0,0.0,0.0,0.0,0,0.0,0.005785835510505856,76
7434.038883092,11.03999999999932,0,1,0.0,0.0,0.0,0.0,0.0,0.0,0,0.0,0.005785835509358063,76
7434.048387206,11.049999999999315,0,1,0.0,0.0,0.0,0.0,0.0,0.0,0,0.0,0.005785835508240518,84
7434.05886649,11.05999999999931,0,1,0.0,0.0,0.0,0.0,0.0,0.0,0,0.0,0.005785835507152422,84
7434.068420317,11.069999999999304,0,1,0.0,0.0,0.0,0.0,0.0,0.0,0,0.0,0.005785835506092999,84
7434.078108033,11.079999999999298,0,1,0.0,0.0,0.0,0.0,0.0,0.0,0,0.0,0.0057858355050614966,89
7434.088762046,11.089999999999293,0,1,0.0,0.0,0.0,0.0,0.0,0.0,0,0.0,0.005785835504057178,89
7434.098354108,11.099999999999287,0,1,0.0,0.0,0.0,0.0,0.0,0.0,0,0.0,0.0057858355030793295,89
7434.110232718,11.109999999999282,0,1,0.0,0.0,0.0,0.0,0.0,0.0,0,0.0,0.005785835502127251,91
7434.118163204,11.119999999999276,0,1,0.0,0.0,0.0,0.0,0.0,0.0,0,0.0,0.005785835501200263,93
7434.128375005,11.12999999999927,0,1,0.0,0.0,0.0,0.0,0.0,0.0,0,0.0,0.005785835500297707,93
7434.138698271,11.139999999999265,0,1,0.0,0.0,0.0,0.0,0.0,0.0,0,0.0,0.005785835499418938,93
7434.148640665,11.14999999999926,0,1,0.0,0.0,0.0,0.0,0.0,0.0,0,0.0,0.00578583549856333,96
7434.15825053,11.159999999999254,0,1,0.0,0.0,0.0,0.0,0.0,0.0,0,0.0,0.005785835497730271,96
7434.168149561,11.169999999999249,0,1,0.0,0.0,0.0,0.0,0.0,0.0,0,0.0,0.005785835496919168,96
7434.178284807,11.179999999999243,0,1,0.0,0.0,0.0,0.0,0.0,0.0,0,0.0,0.005785835496129441,100
7434.188310136,11.189999999999237,0,1,0.0,0.0,0.0,0.0,0.0,0.0,0,0.0,0.005785835495360528,100
7434.199067836,11.199999999999232,0,1,0.0,0.0,0.0,0.0,0.0,0.0,0,0.0,0.0057858354946118806,100
7434.208372824,11.209999999999226,0,1,0.0,0.0,0.0,0.0,0.0,0.0,0,0.0,0.005785835493882964,101
7434.22558855,11.21999999999922,0,1,0.0,0.0,0.0,0.0,0.0,0.0,0,0.0,0.005785835493173258,102
7434.235767071,11.229999999999215,0,1,0.0,0.0,0.0,0.0,0.0,0.0,0,0.0,0.005785835492482256,102
7434.247300037,11.23999999999921,0,1,0.0,0.0,0.0,0.0,0.0,0.0,0,0.0,0.005785835491809466,106
7434.255772671,11.249999999999204,0,1,0.0,0.0,0.0,0.0,0.0,0.0,0,0.0,0.0057858354911544075,108
7434.265736468,11.259999999999199,0,1,0.0,0.0,0.0,0.0,0.0,0.0,0,0.0,0.005785835490516614,108
7434.275638771,11.269999999999193,0,1,0.0,0.0,0.0,0.0,0.0,0.0,0,0.0,0.005785835489895629,108
7434.290882428,11.279999999999188,0,1,0.0,0.0,0.0,0.0,0.0,0.0,0,0.0,0.00578583548929101,1
7434.301086023,11.289999999999182,0,1,0.0,0.0,0.0,0.0,0.0,0.0,0,0.0,0.005785835488702327,1
7434.31235651,11.299999999999176,0,1,0.0,0.0,0.0,0.0,0.0,0.0,0,0.0,0.005785835488129158,2
7434.320742292,11.309999999999171,0,1,0.0,0.0,0.0,0.0,0.0,0.0,0,0.0,0.005785835487571096,3
7434.330796954,11.319999999999165,0,1,0.0,0.0,0.0,0.0,0.0,0.0,0,0.0,0.005785835487027741,3
7434.34073983,11.32999999999916,0,1,0.0,0.0,0.0,0.0,0.0,0.0,0,0.0,0.005785835486498707,3
7434.350756539,11.339999999999154,0,1,0.0,0.0,0.0,0.0,0.0,0.0,0,0.0,0.005785835485983616,6
7434.36079047,11.349999999999149,0,1,0.0,0.0,0.0,0.0,0.0,0.0,0,0.0,0.005785835485482099,6
7434.370862697,11.359999999999143,0,1,0.0,0.0,0.0,0.0,0.0,0.0,0,0.0,0.005785835484993801,6
7434.381062948,11.369999999999138,0,1,0.0,0.0,0.0,0.0,0.0,0.0,0,0.0,0.005785835484518371,8
7434.391118716,11.379999999999132,0,1,0.0,0.0,0.0,0.0,0.0,0.0,0,0.0,0.005785835484055472,8
7434.40080529,11.389999999999127,0,1,0.0,0.0,0.0,0.0,0.0,0.0,0,0.0,0.005785835483604773,8
7434.4113779,11.399999999999121,0,1,0.0,0.0,0.0,0.0,0.0,0.0,0,0.0,0.005785835483165952,8
7434.420915416,11.409999999999116,0,1,0.0,0.0,0.0,0.0,0.0,0.0,0,0.0,0.005785835482738696,12
7434.430800194,11.41999999999911,0,1,0.0,0.0,0.0,0.0,0.0,0.0,0,0.0,0.005785835482322697,12
7434.440781332,11.429999999999104,0,1,0.0,0.0,0.0,0.0,0.0,0.0,0,0.0,0.005785835481917657,12
7434.450895777,11.439999999999099,0,1,0.0,0.0,0.0,0.0,0.0,0.0,0,0.0,0.0057858354815232904,17
7434.460836414,11.449999999999093,0,1,0.0,0.0,0.0,0.0,0.0,0.0,0,0.0,0.005785835481139316,17
7434.471063363,11.459999999999088,0,1,0.0,0.0,0.0,0.0,0.0,0.0,0,0.0,0.0057858354807654635,17
7434.482539037,11.469999999999082,0,1,0.0,0.0,0.0,0.0,0.0,0.0,0,0.0,0.005785835480401463,19
7434.490795649,11.479999999999077,0,1,0.0,0.0,0.0,0.0,0.0,0.0,0,0.0,0.0057858354800470555,20
7434.500825673,11.489999999999071,0,1,0.0,0.0,0.0,0.0,0.0,0.0,0,0.0,0.0057858354797019895,20
7434.510891986,11.499999999999066,0,1,0.0,0.0,0.0,0.0,0.0,0.0,0,0.0,0.005785835479366018,20
7434.529179369,11.50999999999906,0,1,0.0,0.0,0.0,0.0,0.0,0.0,0,0.0,0.0057858354790389,21
7434.539158998,11.519999999999055,0,1,0.0,0.0,0.0,0.0,0.0,0.0,0,0.0,0.005785835478720403,21
7434.549753532,11.529999999999049,0,1,0.0,0.0,0.0,0.0,0.0,0.0,0,0.0,0.005785835478410301,23
7434.558594119,11.539999999999043,0,1,0.0,0.0,0.0,0.0,0.0,0.0,0,0.0,0.005785835478108372,24
7434.569088647,11.549999999999038,0,1,0.0,0.0,0.0,0.0,0.0,0.0,0,0.0,0.0057858354778144005,26
7434.579174275,11.559999999999032,0,1,0.0,0.0,0.0,0.0,0.0,0.0,0,0.0,0.0057858354775281754,26
7434.588550469,11.569999999999027,0,1,0.0,0.0,0.0,0.0,0.0,0.0,0,0.0,0.005785835477249495,29
7434.599189507,11.579999999999021,0,1,0.0,0.0,0.0,0.0,0.0,0.0,0,0.0,0.005785835476978159,29
7434.608480922,11.589999999999016,0,1,0.0,0.0,0.0,0.0,0.0,0.0,0,0.0,0.0057858354767139734,30
7434.618395035,11.59999999999901,0,1,0.0,0.0,0.0,0.0,0.0,0.0,0,0.0,0.00578583547645675,34
7434.629032681,11.609999999999005,0,1,0.0,0.0,0.0,0.0,0.0,0.0,0,0.0,0.0057858354762063075,34
7434.638574035,11.619999999999,0,1,0.0,0.0,0.0,0.0,0.0,0.0,0,0.0,0.005785835475962464,35
7434.648642527,11.629999999998994,0,1,0.0,0.0,0.0,0.0,0.0,0.0,0,0.0,0.005785835475725048,35
7434.658887471,11.639999999998988,0,1,0.0,0.0,0.0,0.0,0.0,0.0,0,0.0,0.005785835475493889,38
7434.669011272,11.649999999998983,0,1,0.0,0.0,0.0,0.0,0.0,0.0,0,0.0,0.005785835475268821,38
7434.67892032,11.659999999998977,0,1,0.0,0.0,0.0,0.0,0.0,0.0,0,0.0,0.005785835475049687,38
7434.689210648,11.669999999998971,0,1,0.0,0.0,0.0,0.0,0.0,0.0,0,0.0,0.005785835474836327,42
7434.698994831,11.679999999998966,0,1,0.0,0.0,0.0,0.0,0.0,0.0,0,0.0,0.0057858354746285895,42
7434.709358106,11.68999999999896,0,1,0.0,0.0,0.0,0.0,0.0,0.0,0,0.0,0.005785835474426328,42
7434.71983341,11.699999999998955,0,1,0.0,0.0,0.0,0.0,0.0,0.0,0,0.0,0.005785835474229397,46
7434.728481168,11.70999999999895,0,1,0.0,0.0,0.0,0.0,0.0,0.0,0,0.0,0.005785835474037656,47
7434.73845595,11.719999999998944,0,1,0.0,0.0,0.0,0.0,0.0,0.0,0,0.0,0.005785835473850968,47
7434.748610899,11.729999999998938,0,1,0.0,0.0,0.0,0.0,0.0,0.0,0,0.0,0.005785835473669201,47
7434.758572019,11.739999999998933,0,1,0.0,0.0,0.0,0.0,0.0,0.0,0,0.0,0.0057858354734922224,50
7434.769078467,11.749999999998927,0,1,0.0,0.0,0.0,0.0,0.0,0.0,0,0.0,0.005785835473319911,50
7434.778625798,11.759999999998922,0,1,0.0,0.0,0.0,0.0,0.0,0.0,0,0.0,0.005785835473152139,50
7434.789260596,11.769999999998916,0,1,0.0,0.0,0.0,0.0,0.0,0.0,0,0.0,0.005785835472988789,54
7434.798992696,11.77999999999891,0,1,0.0,0.0,0.0,0.0,0.0,0.0,0,0.0,0.0057858354728297446,54
7434.808470724,11.789999999998905,0,1,0.0,0.0,0.0,0.0,0.0,0.0,0,0.0,0.005785835472674891,54
7434.818706013,11.7999999999989,0,1,0.0,0.0,0.0,0.0,0.0,0.0,0,0.0,0.00578583547252412,54
7434.828814704,11.809999999998894,0,1,0.0,0.0,0.0,0.0,0.0,0.0,0,0.0,0.005785835472377322,57
7434.838956739,11.819999999998888,0,1,0.0,0.0,0.0,0.0,0.0,0.0,0,0.0,0.005785835472234392,57
7434.848729707,11.829999999998883,0,1,0.0,0.0,0.0,0.0,0.0,0.0,0,0.0,0.0057858354720952306,57
7434.85914738,11.839999999998877,0,1,0.0,0.0,0.0,0.0,0.0,0.0,0,0.0,0.005785835471959735,59
7434.868638657,11.849999999998872,0,1,0.0,0.0,0.0,0.0,0.0,0.0,0,0.0,0.005785835471827811,59
7434.878704393,11.859999999998866,0,1,0.0,0.0,0.0,0.0,0.0,0.0,0,0.0,0.005785835471699364,59
7434.891310986,11.86999999999886,0,1,0.0,0.0,0.0,0.0,0.0,0.0,0,0.0,0.005785835471574303,62
7434.898962186,11.879999999998855,0,1,0.0,0.0,0.0,0.0,0.0,0.0,0,0.0,0.005785835471452537,66
7434.90888012,11.88999999999885,0,1,0.0,0.0,0.0,0.0,0.0,0.0,0,0.0,0.005785835471333981,66
7434.91847566,11.899999999998844,0,1,0.0,0.0,0.0,0.0,0.0,0.0,0,0.0,0.005785835471218549,66
7434.928716182,11.909999999998838,0,1,0.0,0.0,0.0,0.0,0.0,0.0,0,0.0,0.005785835471106159,69
7434.938799601,11.919999999998833,0,1,0.0,0.0,0.0,0.0,0.0,0.0,0,0.0,0.005785835470996732,70
7434.948590611,11.929999999998827,0,1,0.0,0.0,0.0,0.0,0.0,0.0,0,0.0,0.0057858354708901875,70
7434.959717134,11.939999999998822,0,1,0.0,0.0,0.0,0.0,0.0,0.0,0,0.0,0.005785835470786452,75
7434.969131775,11.949999999998816,0,1,0.0,0.0,0.0,0.0,0.0,0.0,0,0.0,0.00578583547068545,76
7434.978741049,11.95999999999881,0,1,0.0,0.0,0.0,0.0,0.0,0.0,0,0.0,0.0057858354705871105,76
7434.992881698,11.969999999998805,0,1,0.0,0.0,0.0,0.0,0.0,0.0,0,0.0,0.0057858354704913625,77
7434.998762651,11.9799999999988,0,1,0.0,0.0,0.0,0.0,0.0,0.0,0,0.0,0.0057858354703981376,82
7435.008970156,11.989999999998794,0,1,0.0,0.0,0.0,0.0,0.0,0.0,0,0.0,0.00578583547030737,83
7435.019005379,11.999999999998789,0,1,0.0,0.0,0.0,0.0,0.0,0.0,0,0.0,0.005785835470218995,83
7435.028784311,12.009999999998783,0,1,0.0,0.0,0.0,0.0,0.0,0.0,0,0.0,0.005785835470132949,88
7435.039063044,12.019999999998777,0,1,0.0,0.0,0.0,0.0,0.0,0.0,0,0.0,0.00578583547004917,88
7435.049147804,12.029999999998772,0,1,0.0,0.0,0.0,0.0,0.0,0.0,0,0.0,0.0057858354699676,88
7435.06440531,12.039999999998766,0,1,0.0,0.0,0.0,0.0,0.0,0.0,0,0.0,0.005785835469888179,89
7435.074113356,12.04999999999876,0,1,0.0,0.0,0.0,0.0,0.0,0.0,0,0.0,0.005785835469810851,90
7435.084087349,12.059999999998755,0,1,0.0,0.0,0.0,0.0,0.0,0.0,0,0.0,0.005785835469735562,90
7435.094080929,12.06999999999875,0,1,0.0,0.0,0.0,0.0,0.0,0.0,0,0.0,0.005785835469662257,93
7435.10443848,12.079999999998744,0,1,0.0,0.0,0.0,0.0,0.0,0.0,0,0.0,0.005785835469590883,95
7435.114055478,12.089999999998739,0,1,0.0,0.0,0.0,0.0,0.0,0.0,0,0.0,0.005785835469521391,95
7435.124341648,12.099999999998733,0,1,0.0,0.0,0.0,0.0,0.0,0.0,0,0.0,0.00578583546945373,95
7435.134189263,12.109999999998728,0,1,0.0,0.0,0.0,0.0,0.0,0.0,0,0.0,0.005785835469387853,98
7435.144282186,12.119999999998722,0,1,0.0,0.0,0.0,0.0,0.0,0.0,0,0.0,0.005785835469323711,100
7435.154244783,12.129999999998716,0,1,0.0,0.0,0.0,0.0,0.0,0.0,0,0.0,0.00578583546926126,100
7435.164281114,12.139999999998711,0,1,0.0,0.0,0.0,0.0,0.0,0.0,0,0.0,0.005785835469200455,104
7435.174331545,12.149999999998705,0,1,0.0,0.0,0.0,0.0,0.0,0.0,0,0.0,0.005785835469141252,104
7435.184184487,12.1599999999987,0,1,0.0,0.0,0.0,0.0,0.0,0.0,0,0.0,0.00578583546908361,105
7435.196492776,12.169999999998694,0,1,0.0,0.0,0.0,0.0,0.0,0.0,0,0.0,0.005785835469027487,108
7435.204073173,12.179999999998689,0,1,0.0,0.0,0.0,0.0,0.0,0.0,0,0.0,0.005785835468972843,110
7435.214278726,12.189999999998683,0,1,0.0,0.0,0.0,0.0,0.0,0.0,0,0.0,0.005785835468919639,110
7435.224247597,12.199999999998678,0,1,0.0,0.0,0.0,0.0,0.0,0.0,0,0.0,0.005785835468867837,110
7435.23408119,12.209999999998672,0,1,0.0,0.0,0.0,0.0,0.0,0.0,0,0.0,0.005785835468817401,116
7435.244155647,12.219999999998667,0,1,0.0,0.0,0.0,0.0,0.0,0.0,0,0.0,0.005785835468768295,116
7435.254375101,12.229999999998661,0,1,0.0,0.0,0.0,0.0,0.0,0.0,0,0.0,0.005785835468720481,117
7435.266321793,12.239999999998656,0,1,0.0,0.0,0.0,0.0,0.0,0.0,0,0.0,0.005785835468673928,121
7435.274038614,12.24999999999865,0,1,0.0,0.0,0.0,0.0,0.0,0.0,0,0.0,0.0057858354686286025,123
7435.28403262,12.259999999998644,0,1,0.0,0.0,0.0,0.0,0.0,0.0,0,0.0,0.005785835468584472,0
7435.294046563,12.269999999998639,0,1,0.0,0.0,0.0,0.0,0.0,0.0,0,0.0,0.005785835468541503,0
7435.304332094,12.279999999998633,0,1,0.0,0.0,0.0,0.0,0.0,0.0,0,0.0,0.0057858354684996675,2
7435.314281296,12.289999999998628,0,1,0.0,0.0,0.0,0.0,0.0,0.0,0,0.0,0.005785835468458934,3
7435.324279649,12.299999999998622,0,1,0.0,0.0,0.0,0.0,0.0,0.0,0,0.0,0.005785835468419275,4
7435.339335945,12.309999999998617,0,1,0.0,0.0,0.0,0.0,0.0,0.0,0,0.0,0.00578583546838066,6
7435.349333912,12.319999999998611,0,1,0.0,0.0,0.0,0.0,0.0,0.0,0,0.0,0.005785835468343063,6
7435.359410894,12.329999999998606,0,1,0.0,0.0,0.0,0.0,0.0,0.0,0,0.0,0.0057858354683064574,6
7435.369661972,12.3399999999986,0,1,0.0,0.0,0.0,0.0,0.0,0.0,0,0.0,0.005785835468270816,13
7435.37932716,12.349999999998595,0,1,0.0,0.0,0.0,0.0,0.0,0.0,0,0.0,0.005785835468236114,13
7435.389326452,12.359999999998589,0,1,0.0,0.0,0.0,0.0,0.0,0.0,0,0.0,0.005785835468202327,13
7435.399659674,12.369999999998583,0,1,0.0,0.0,0.0,0.0,0.0,0.0,0,0.0,0.005785835468169431,17
7435.409283024,12.379999999998578,0,1,0.0,0.0,0.0,0.0,0.0,0.0,0,0.0,0.005785835468137402,17
7435.419281575,12.389999999998572,0,1,0.0,0.0,0.0,0.0,0.0,0.0,0,0.0,0.005785835468106216,17
7435.429285077,12.399999999998567,0,1,0.0,0.0,0.0,0.0,0.0,0.0,0,0.0,0.005785835468075852,17
7435.439240035,12.409999999998561,0,1,0.0,0.0,0.0,0.0,0.0,0.0,0,0.0,0.005785835468046289,22
7435.449197489,12.419999999998556,0,1,0.0,0.0,0.0,0.0,0.0,0.0,0,0.0,0.005785835468017504,22
7435.459252677,12.42999999999855,0,1,0.0,0.0,0.0,0.0,0.0,0.0,0,0.0,0.0057858354679894775,22
7435.469212051,12.439999999998545,0,1,0.0,0.0,0.0,0.0,0.0,0.0,0,0.0,0.00578583546796219,25
7435.479231551,12.44999999999854,0,1,0.0,0.0,0.0,0.0,0.0,0.0,0,0.0,0.005785835467935623,25
7435.489270655,12.459999999998534,0,1,0.0,0.0,0.0,0.0,0.0,0.0,0,0.0,0.005785835467909756,25
7435.499960681,12.469999999998528,0,1,0.0,0.0,0.0,0.0,0.0,0.0,0,0.0,0.005785835467884569,27
7435.509202155,12.479999999998522,0,1,0.0,0.0,0.0,0.0,0.0,0.0,0,0.0,0.005785835467860047,27
7435.519215539,12.489999999998517,0,1,0.0,0.0,0.0,0.0,0.0,0.0,0,0.0,0.005785835467836171,28
7435.529196446,12.499999999998511,0,1,0.0,0.0,0.0,0.0,0.0,0.0,0,0.0,0.005785835467812925,28
7435.539256272,12.509999999998506,0,1,0.0,0.0,0.0,0.0,0.0,0.0,0,0.0,0.0057858354677902905,30
7435.549237282,12.5199999999985,0,1,0.0,0.0,0.0,0.0,0.0,0.0,0,0.0,0.005785835467768253,30
7435.559214211,12.529999999998495,0,1,0.0,0.0,0.0,0.0,0.0,0.0,0,0.0,0.005785835467746797,30
7435.569223657,12.53999999999849,0,1,0.0,0.0,0.0,0.0,0.0,0.0,0,0.0,0.005785835467725905,33
7435.57921202,12.549999999998484,0,1,0.0,0.0,0.0,0.0,0.0,0.0,0,0.0,0.005785835467705564,33
7435.589227897,12.559999999998478,0,1,0.0,0.0,0.0,0.0,0.0,0.0,0,0.0,0.0057858354676857595,33
7435.599236328,12.569999999998473,0,1,0.0,0.0,0.0,0.0,0.0,0.0,0,0.0,0.005785835467666477,33
7435.609194246,12.579999999998467,0,1,0.0,0.0,0.0,0.0,0.0,0.0,0,0.0,0.005785835467647703,36
7435.619227254,12.589999999998462,0,1,0.0,0.0,0.0,0.0,0.0,0.0,0,0.0,0.005785835467629423,36
7435.629215321,12.599999999998456,0,1,0.0,0.0,0.0,0.0,0.0,0.0,0,0.0,0.005785835467611626,36
7435.639197547,12.60999999999845,0,1,0.0,0.0,0.0,0.0,0.0,0.0,0,0.0,0.005785835467594297,39
7435.649213377,12.619999999998445,0,1,0.0,0.0,0.0,0.0,0.0,0.0,0,0.0,0.005785835467577425,39
7435.659218922,12.62999999999844,0,1,0.0,0.0,0.0,0.0,0.0,0.0,0,0.0,0.005785835467560998,39
7435.671151906,12.639999999998434,0,1,0.0,0.0,0.0,0.0,0.0,0.0,0,0.0,0.005785835467545003,41
7435.679233151,12.649999999998428,0,1,0.0,0.0,0.0,0.0,0.0,0.0,0,0.0,0.0057858354675294306,43
7435.689293325,12.659999999998423,0,1,0.0,0.0,0.0,0.0,0.0,0.0,0,0.0,0.005785835467514268,43
7435.699322453,12.669999999998417,0,1,0.0,0.0,0.0,0.0,0.0,0.0,0,0.0,0.005785835467499505,43
7435.709234471,12.679999999998412,0,1,0.0,0.0,0.0,0.0,0.0,0.0,0,0.0,0.005785835467485131,47
7435.719213944,12.689999999998406,0,1,0.0,0.0,0.0,0.0,0.0,0.0,0,0.0,0.005785835467471136,47
7435.729233948,12.6999999999984,0,1,0.0,0.0,0.0,0.0,0.0,0.0,0,0.0,0.00578583546745751,47
7435.740016398,12.709999999998395,0,1,0.0,0.0,0.0,0.0,0.0,0.0,0,0.0,0.005785835467444243,51
7435.749204217,12.71999999999839,0,1,0.0,0.0,0.0,0.0,0.0,0.0,0,0.0,0.005785835467431325,51
7435.759212968,12.729999999998384,0,1,0.0,0.0,0.0,0.0,0.0,0.0,0,0.0,0.005785835467418748,51
7435.769261849,12.739999999998378,0,1,0.0,0.0,0.0,0.0,0.0,0.0,0,0.0,0.005785835467406503,51
7435.779208213,12.749999999998373,0,1,0.0,0.0,0.0,0.0,0.0,0.0,0,0.0,0.005785835467394581,55
7435.789287351,12.759999999998367,0,1,0.0,0.0,0.0,0.0,0.0,0.0,0,0.0,0.005785835467382972,55
7435.799226459,12.769999999998362,0,1,0.0,0.0,0.0,0.0,0.0,0.0,0,0.0,0.0057858354673716705,55
7435.809497403,12.779999999998356,0,1,0.0,0.0,0.0,0.0,0.0,0.0,0,0.0,0.005785835467360665,60
7435.8192202,12.78999999999835,0,1,0.0,0.0,0.0,0.0,0.0,0.0,0,0.0,0.005785835467349951,60
7435.829860952,12.799999999998345,0,1,0.0,0.0,0.0,0.0,0.0,0.0,0,0.0,0.005785835467339519,61
7435.840731705,12.80999999999834,0,1,0.0,0.0,0.0,0.0,0.0,0.0,0,0.0,0.005785835467329362,63
7435.849492134,12.819999999998334,0,1,0.0,0.0,0.0,0.0,0.0,0.0,0,0.0,0.005785835467319473,64
7435.859299299,12.829999999998329,0,1,0.0,0.0,0.0,0.0,0.0,0.0,0,0.0,0.005785835467309844,65
7435.869301774,12.839999999998323,0,1,0.0,0.0,0.0,0.0,0.0,0.0,0,0.0,0.005785835467300469,65
7435.879336368,12.849999999998317,0,1,0.0,0.0,0.0,0.0,0.0,0.0,0,0.0,0.005785835467291341,69
7435.88937095,12.859999999998312,0,1,0.0,0.0,0.0,0.0,0.0,0.0,0,0.0,0.005785835467282454,71
7435.899327384,12.869999999998306,0,1,0.0,0.0,0.0,0.0,0.0,0.0,0,0.0,0.0057858354672738,71
7435.909206836,12.8799999999983,0,1,0.0,0.0,0.0,0.0,0.0,0.0,0,0.0,0.005785835467265375,74
7435.919249404,12.889999999998295,0,1,0.0,0.0,0.0,0.0,0.0,0.0,0,0.0,0.005785835467257172,74
7435.929322703,12.89999999999829,0,1,0.0,0.0,0.0,0.0,0.0,0.0,0,0.0,0.005785835467249185,74
7435.939303636,12.909999999998284,0,1,0.0,0.0,0.0,0.0,0.0,0.0,0,0.0,0.005785835467241408,74
7435.949285201,12.919999999998279,0,1,0.0,0.0,0.0,0.0,0.0,0.0,0,0.0,0.005785835467233837,79
7435.959259588,12.929999999998273,0,1,0.0,0.0,0.0,0.0,0.0,0.0,0,0.0,0.0057858354672264654,80
7435.969210499,12.939999999998268,0,1,0.0,0.0,0.0,0.0,0.0,0.0,0,0.0,0.005785835467219287,80
7435.979202304,12.949999999998262,0,1,0.0,0.0,0.0,0.0,0.0,0.0,0,0.0,0.005785835467212299,83
7435.989202392,12.959999999998256,0,1,0.0,0.0,0.0,0.0,0.0,0.0,0,0.0,0.005785835467205494,83
7435.999213691,12.969999999998251,0,1,0.0,0.0,0.0,0.0,0.0,0.0,0,0.0,0.0057858354671988695,83
7436.012078896,12.979999999998245,0,1,0.0,0.0,0.0,0.0,0.0,0.0,0,0.0,0.005785835467192419,85
7436.019227891,12.98999999999824,0,1,0.0,0.0,0.0,0.0,0.0,0.0,0,0.0,0.005785835467186138,88
7436.029269672,12.999999999998234,0,1,0.0,0.0,0.0,0.0,0.0,0.0,0,0.0,0.005785835467180023,88
7436.039230098,13.009999999998229,0,1,0.0,0.0,0.0,0.0,0.0,0.0,0,0.0,0.00578583546717407,88
7436.049222308,13.019999999998223,0,1,0.0,0.0,0.0,0.0,0.0,0.0,0,0.0,0.005785835467168272,92
7436.059367041,13.029999999998218,0,1,0.0,0.0,0.0,0.0,0.0,0.0,0,0.0,0.005785835467162629,92
7436.069235263,13.039999999998212,0,1,0.0,0.0,0.0,0.0,0.0,0.0,0,0.0,0.005785835467157134,92
7436.07927059,13.049999999998207,0,1,0.0,0.0,0.0,0.0,0.0,0.0,0,0.0,0.005785835467151783,95
7436.089795508,13.059999999998201,0,1,0.0,0.0,0.0,0.0,0.0,0.0,0,0.0,0.005785835467146574,96
7436.099343215,13.069999999998196,0,1,0.0,0.0,0.0,0.0,0.0,0.0,0,0.0,0.005785835467141502,97
7436.109302044,13.07999999999819,0,1,0.0,0.0,0.0,0.0,0.0,0.0,0,0.0,0.005785835467136563,97
7436.11928797,13.089999999998184,0,1,0.0,0.0,0.0,0.0,0.0,0.0,0,0.0,0.005785835467131756,100
7436.129449149,13.099999999998179,0,1,0.0,0.0,0.0,0.0,0.0,0.0,0,0.0,0.005785835467127074,102
7436.139334893,13.109999999998173,0,1,0.0,0.0,0.0,0.0,0.0,0.0,0,0.0,0.005785835467122516,102
7436.149326271,13.119999999998168,0,1,0.0,0.0,0.0,0.0,0.0,0.0,0,0.0,0.005785835467118077,106
7436.159384998,13.129999999998162,0,1,0.0,0.0,0.0,0.0,0.0,0.0,0,0.0,0.005785835467113757,106
7436.169333853,13.139999999998157,0,1,0.0,0.0,0.0,0.0,0.0,0.0,0,0.0,0.005785835467109549,106
7436.180523075,13.149999999998151,0,1,0.0,0.0,0.0,0.0,0.0,0.0,0,0.0,0.005785835467105452,108
7436.189393775,13.159999999998146,0,1,0.0,0.0,0.0,0.0,0.0,0.0,0,0.0,0.005785835467101463,109
7436.199286957,13.16999999999814,0,1,0.0,0.0,0.0,0.0,0.0,0.0,0,0.0,0.005785835467097581,109
7436.20922094,13.179999999998135,0,1,0.0,0.0,0.0,0.0,0.0,0.0,0,0.0,0.0057858354670938,109
7436.219207767,13.189999999998129,0,1,0.0,0.0,0.0,0.0,0.0,0.0,0,0.0,0.005785835467090119,112
7436.22919617,13.199999999998123,0,1,0.0,0.0,0.0,0.0,0.0,0.0,0,0.0,0.005785835467086534,112
7436.239316909,13.209999999998118,0,1,0.0,0.0,0.0,0.0,0.0,0.0,0,0.0,0.005785835467083045,112
7436.249200843,13.219999999998112,0,1,0.0,0.0,0.0,0.0,0.0,0.0,0,0.0,0.005785835467079647,114
7436.259206272,13.229999999998107,0,1,0.0,0.0,0.0,0.0,0.0,0.0,0,0.0,0.005785835467076339,114
7436.26921568,13.239999999998101,0,1,0.0,0.0,0.0,0.0,0.0,0.0,0,0.0,0.005785835467073118,114
7436.279253166,13.249999999998096,0,1,0.0,0.0,0.0,0.0,0.0,0.0,0,0.0,0.005785835467069982,115
7436.289340528,13.25999999999809,0,1,0.0,0.0,0.0,0.0,0.0,0.0,0,0.0,0.005785835467066928,0
7436.299202957,13.269999999998085,0,1,0.0,0.0,0.0,0.0,0.0,0.0,0,0.0,0.005785835467063955,0
7436.309223852,13.27999999999808,0,1,0.0,0.0,0.0,0.0,0.0,0.0,0,0.0,0.00578583546706106,0
7436.319420345,13.289999999998074,0,1,0.0,0.0,0.0,0.0,0.0,0.0,0,0.0,0.005785835467058242,3
7436.329260512,13.299999999998068,0,1,0.0,0.0,0.0,0.0,0.0,0.0,0,0.0,0.005785835467055498,3
7436.339552205,13.309999999998062,0,1,0.0,0.0,0.0,0.0,0.0,0.0,0,0.0,0.0057858354670528266,4
7436.352993187,13.319999999998057,0,1,0.0,0.0,0.0,0.0,0.0,0.0,0,0.0,0.005785835467050225,6
7436.359347487,13.329999999998051,0,1,0.0,0.0,0.0,0.0,0.0,0.0,0,0.0,0.005785835467047693,10
7436.369276538,13.339999999998046,0,1,0.0,0.0,0.0,0.0,0.0,0.0,0,0.0,0.005785835467045226,10
7436.3792441,13.34999999999804,0,1,0.0,0.0,0.0,0.0,0.0,0.0,0,0.0,0.005785835467042824,10
7436.389252977,13.359999999998035,0,1,0.0,0.0,0.0,0.0,0.0,0.0,0,0.0,0.005785835467040487,15
7436.399343179,13.36999999999803,0,1,0.0,0.0,0.0,0.0,0.0,0.0,0,0.0,0.005785835467038211,16
7436.409317036,13.379999999998024,0,1,0.0,0.0,0.0,0.0,0.0,0.0,0,0.0,0.0057858354670359945,16
7436.420742853,13.389999999998018,0,1,0.0,0.0,0.0,0.0,0.0,0.0,0,0.0,0.0057858354670338365,20
7436.429324992,13.399999999998013,0,1,0.0,0.0,0.0,0.0,0.0,0.0,0,0.0,0.005785835467031736,22
7436.439353213,13.409999999998007,0,1,0.0,0.0,0.0,0.0,0.0,0.0,0,0.0,0.0057858354670296906,22
7436.449332909,13.419999999998002,0,1,0.0,0.0,0.0,0.0,0.0,0.0,0,0.0,0.005785835467027698,22
7436.459202001,13.429999999997996,0,1,0.0,0.0,0.0,0.0,0.0,0.0,0,0.0,0.00578583546702576,27
7436.469208285,13.43999999999799,0,1,0.0,0.0,0.0,0.0,0.0,0.0,0,0.0,0.0057858354670238706,27
7436.479197274,13.449999999997985,0,1,0.0,0.0,0.0,0.0,0.0,0.0,0,0.0,0.005785835467022033,27
7436.489268352,13.45999999999798,0,1,0.0,0.0,0.0,0.0,0.0,0.0,0,0.0,0.005785835467020243,30
7436.499200106,13.469999999997974,0,1,0.0,0.0,0.0,0.0,0.0,0.0,0,0.0,0.0057858354670185,30
7436.509191852,13.479999999997968,0,1,0.0,0.0,0.0,0.0,0.0,0.0,0,0.0,0.005785835467016803,30
7436.520232896,13.489999999997963,0,1,0.0,0.0,0.0,0.0,0.0,0.0,0,0.0,0.005785835467015152,32
7436.529485036,13.499999999997957,0,1,0.0,0.0,0.0,0.0,0.0,0.0,0,0.0,0.005785835467013542,35
7436.539286786,13.509999999997952,0,1,0.0,0.0,0.0,0.0,0.0,0.0,0,0.0,0.005785835467011976,35
7436.54921388,13.519999999997946,0,1,0.0,0.0,0.0,0.0,0.0,0.0,0,0.0,0.005785835467010452,35
7436.559499196,13.52999999999794,0,1,0.0,0.0,0.0,0.0,0.0,0.0,0,0.0,0.0057858354670089675,38
7436.569245304,13.539999999997935,0,1,0.0,0.0,0.0,0.0,0.0,0.0,0,0.0,0.005785835467007522,38
7436.57925005,13.54999999999793,0,1,0.0,0.0,0.0,0.0,0.0,0.0,0,0.0,0.005785835467006114,38
7436.589658671,13.559999999997924,0,1,0.0,0.0,0.0,0.0,0.0,0.0,0,0.0,0.005785835467004744,42
7436.59947361,13.569999999997918,0,1,0.0,0.0,0.0,0.0,0.0,0.0,0,0.0,0.0057858354670034095,42
7436.609254531,13.579999999997913,0,1,0.0,0.0,0.0,0.0,0.0,0.0,0,0.0,0.005785835467002111,42
7436.621920154,13.589999999997907,0,1,0.0,0.0,0.0,0.0,0.0,0.0,0,0.0,0.0057858354670008464,44
7436.629244685,13.599999999997902,0,1,0.0,0.0,0.0,0.0,0.0,0.0,0,0.0,0.005785835466999615,48
7436.639271066,13.609999999997896,0,1,0.0,0.0,0.0,0.0,0.0,0.0,0,0.0,0.005785835466998415,48
7436.649240321,13.61999999999789,0,1,0.0,0.0,0.0,0.0,0.0,0.0,0,0.0,0.005785835466997248,48
7436.659236689,13.629999999997885,0,1,0.0,0.0,0.0,0.0,0.0,0.0,0,0.0,0.0057858354669961115,51
7436.669508092,13.63999999999788,0,1,0.0,0.0,0.0,0.0,0.0,0.0,0,0.0,0.005785835466995005,51
7436.679238522,13.649999999997874,0,1,0.0,0.0,0.0,0.0,0.0,0.0,0,0.0,0.0057858354669939275,51
7436.692931377,13.659999999997869,0,1,0.0,0.0,0.0,0.0,0.0,0.0,0,0.0,0.005785835466992878,53
7436.699296631,13.669999999997863,0,1,0.0,0.0,0.0,0.0,0.0,0.0,0,0.0,0.005785835466991857,57
7436.709218059,13.679999999997857,0,1,0.0,0.0,0.0,0.0,0.0,0.0,0,0.0,0.005785835466990862,58
7436.719389911,13.689999999997852,0,1,0.0,0.0,0.0,0.0,0.0,0.0,0,0.0,0.005785835466989894,59
7436.729217042,13.699999999997846,0,1,0.0,0.0,0.0,0.0,0.0,0.0,0,0.0,0.0057858354669889514,64
7436.739211461,13.70999999999784,0,1,0.0,0.0,0.0,0.0,0.0,0.0,0,0.0,0.005785835466988034,64
7436.749404994,13.719999999997835,0,1,0.0,0.0,0.0,0.0,0.0,0.0,0,0.0,0.0057858354669871395,64
7436.762563669,13.72999999999783,0,1,0.0,0.0,0.0,0.0,0.0,0.0,0,0.0,0.0057858354669862696,69
7436.769306172,13.739999999997824,0,1,0.0,0.0,0.0,0.0,0.0,0.0,0,0.0,0.005785835466985422,72
7436.779207969,13.749999999997819,0,1,0.0,0.0,0.0,0.0,0.0,0.0,0,0.0,0.005785835466984597,72
7436.789412975,13.759999999997813,0,1,0.0,0.0,0.0,0.0,0.0,0.0,0,0.0,0.005785835466983794,73
7436.799259939,13.769999999997808,0,1,0.0,0.0,0.0,0.0,0.0,0.0,0,0.0,0.005785835466983013,80
7436.809464477,13.779999999997802,0,1,0.0,0.0,0.0,0.0,0.0,0.0,0,0.0,0.005785835466982251,80
7436.819285182,13.789999999997796,0,1,0.0,0.0,0.0,0.0,0.0,0.0,0,0.0,0.0057858354669815095,81
7436.830256397,13.799999999997791,0,1,0.0,0.0,0.0,0.0,0.0,0.0,0,0.0,0.005785835466980788,87
7436.839379533,13.809999999997785,0,1,0.0,0.0,0.0,0.0,0.0,0.0,0,0.0,0.005785835466980084,89
7436.849267641,13.81999999999778,0,1,0.0,0.0,0.0,0.0,0.0,0.0,0,0.0,0.005785835466979401,89
7436.859981268,13.829999999997774,0,1,0.0,0.0,0.0,0.0,0.0,0.0,0,0.0,0.005785835466978735,91
7436.869236705,13.839999999997769,0,1,0.0,0.0,0.0,0.0,0.0,0.0,0,0.0,0.005785835466978086,92
7436.879234454,13.849999999997763,0,1,0.0,0.0,0.0,0.0,0.0,0.0,0,0.0,0.005785835466977454,92
7436.889213763,13.859999999997758,0,1,0.0,0.0,0.0,0.0,0.0,0.0,0,0.0,0.005785835466976839,92
7436.899247969,13.869999999997752,0,1,0.0,0.0,0.0,0.0,0.0,0.0,0,0.0,0.00578583546697624,94
7436.909222572,13.879999999997747,0,1,0.0,0.0,0.0,0.0,0.0,0.0,0,0.0,0.005785835466975657,94
7436.91922593,13.889999999997741,0,1,0.0,0.0,0.0,0.0,0.0,0.0,0,0.0,0.00578583546697509,94
7436.929193782,13.899999999997736,0,1,0.0,0.0,0.0,0.0,0.0,0.0,0,0.0,0.005785835466974537,97
7436.939232891,13.90999999999773,0,1,0.0,0.0,0.0,0.0,0.0,0.0,0,0.0,0.005785835466973999,97
7436.949220324,13.919999999997724,0,1,0.0,0.0,0.0,0.0,0.0,0.0,0,0.0,0.005785835466973475,97
7436.959228747,13.929999999997719,0,1,0.0,0.0,0.0,0.0,0.0,0.0,0,0.0,0.005785835466972965,97
7436.96923259,13.939999999997713,0,1,0.0,0.0,0.0,0.0,0.0,0.0,0,0.0,0.005785835466972469,99
7436.979248417,13.949999999997708,0,1,0.0,0.0,0.0,0.0,0.0,0.0,0,0.0,0.005785835466971985,99
7436.989214535,13.959999999997702,0,1,0.0,0.0,0.0,0.0,0.0,0.0,0,0.0,0.005785835466971515,99
7436.999370815,13.969999999997697,0,1,0.0,0.0,0.0,0.0,0.0,0.0,0,0.0,0.005785835466971056,103
7437.009277982,13.979999999997691,0,1,0.0,0.0,0.0,0.0,0.0,0.0,0,0.0,0.005785835466970609,103
7437.019290004,13.989999999997686,0,1,0.0,0.0,0.0,0.0,0.0,0.0,0,0.0,0.005785835466970175,103
7437.030652563,13.99999999999768,0,1,0.0,0.0,0.0,0.0,0.0,0.0,0,0.0,0.005785835466969752,105
7437.039253898,14.009999999997675,0,1,0.0,0.0,0.0,0.0,0.0,0.0,0,0.0,0.00578583546696934,107
7437.049273087,14.019999999997669,0,1,0.0,0.0,0.0,0.0,0.0,0.0,0,0.0,0.005785835466968939,107
7437.059331179,14.029999999997663,0,1,0.0,0.0,0.0,0.0,0.0,0.0,0,0.0,0.0057858354669685485,107
7437.069279512,14.039999999997658,0,1,0.0,0.0,0.0,0.0,0.0,0.0,0,0.0,0.005785835466968169,109
7437.079224386,14.049999999997652,0,1,0.0,0.0,0.0,0.0,0.0,0.0,0,0.0,0.005785835466967798,109
7437.089348776,14.059999999997647,0,1,0.0,0.0,0.0,0.0,0.0,0.0,0,0.0,0.005785835466967438,109
7437.099204128,14.069999999997641,0,1,0.0,0.0,0.0,0.0,0.0,0.0,0,0.0,0.005785835466967087,112
7437.109216218,14.079999999997636,0,1,0.0,0.0,0.0,0.0,0.0,0.0,0,0.0,0.005785835466966745,112
7437.11919747,14.08999999999763,0,1,0.0,0.0,0.0,0.0,0.0,0.0,0,0.0,0.005785835466966412,112
7437.129214707,14.099999999997625,0,1,0.0,0.0,0.0,0.0,0.0,0.0,0,0.0,0.005785835466966089,112
7437.139193877,14.10999999999762,0,1,0.0,0.0,0.0,0.0,0.0,0.0,0,0.0,0.005785835466965773,116
7437.149197731,14.119999999997614,0,1,0.0,0.0,0.0,0.0,0.0,0.0,0,0.0,0.005785835466965466,116
7437.159274607,14.129999999997608,0,1,0.0,0.0,0.0,0.0,0.0,0.0,0,0.0,0.0057858354669651675,116
7437.169257014,14.139999999997602,0,1,0.0,0.0,0.0,0.0,0.0,0.0,0,0.0,0.005785835466964876,119
7437.179190305,14.149999999997597,0,1,0.0,0.0,0.0,0.0,0.0,0.0,0,0.0,0.0057858354669645925,119
7437.189220747,14.159999999997591,0,1,0.0,0.0,0.0,0.0,0.0,0.0,0,0.0,0.005785835466964317,119
7437.201359685,14.169999999997586,0,1,0.0,0.0,0.0,0.0,0.0,0.0,0,0.0,0.005785835466964049,120
7437.209213457,14.17999999999758,0,1,0.0,0.0,0.0,0.0,0.0,0.0,0,0.0,0.005785835466963787,123
7437.219243096,14.189999999997575,0,1,0.0,0.0,0.0,0.0,0.0,0.0,0,0.0,0.005785835466963532,123
7437.229240222,14.19999999999757,0,1,0.0,0.0,0.0,0.0,0.0,0.0,0,0.0,0.005785835466963284,123
7437.2392576,14.209999999997564,0,1,0.0,0.0,0.0,0.0,0.0,0.0,0,0.0,0.0057858354669630425,126
7437.249731757,14.219999999997558,0,1,0.0,0.0,0.0,0.0,0.0,0.0,0,0.0,0.005785835466962807,127
7437.259224257,14.229999999997553,0,1,0.0,0.0,0.0,0.0,0.0,0.0,0,0.0,0.0057858354669625784,127
7437.269206221,14.239999999997547,0,1,0.0,0.0,0.0,0.0,0.0,0.0,0,0.0,0.0057858354669623555,129
7437.279379582,14.249999999997542,0,1,0.0,0.0,0.0,0.0,0.0,0.0,0,0.0,0.005785835466962139,130
7437.289283089,14.259999999997536,0,1,0.0,0.0,0.0,0.0,0.0,0.0,0,0.0,0.005785835466961927,0
7437.299213761,14.26999999999753,0,1,0.0,0.0,0.0,0.0,0.0,0.0,0,0.0,0.0057858354669617215,0
7437.309246659,14.279999999997525,0,1,0.0,0.0,0.0,0.0,0.0,0.0,0,0.0,0.005785835466961521,2
7437.319322,14.28999999999752,0,1,0.0,0.0,0.0,0.0,0.0,0.0,0,0.0,0.005785835466961326,3
7437.329298983,14.299999999997514,0,1,0.0,0.0,0.0,0.0,0.0,0.0,0,0.0,0.005785835466961136,3
7437.340020831,14.309999999997508,0,1,0.0,0.0,0.0,0.0,0.0,0.0,0,0.0,0.005785835466960951,8
7437.349223656,14.319999999997503,0,1,0.0,0.0,0.0,0.0,0.0,0.0,0,0.0,0.005785835466960772,9
7437.359263107,14.329999999997497,0,1,0.0,0.0,0.0,0.0,0.0,0.0,0,0.0,0.005785835466960596,9
7437.371380632,14.339999999997492,0,1,0.0,0.0,0.0,0.0,0.0,0.0,0,0.0,0.005785835466960425,10
7437.379235801,14.349999999997486,0,1,0.0,0.0,0.0,0.0,0.0,0.0,0,0.0,0.005785835466960259,12
7437.389256149,14.35999999999748,0,1,0.0,0.0,0.0,0.0,0.0,0.0,0,0.0,0.005785835466960097,12
7437.399315672,14.369999999997475,0,1,0.0,0.0,0.0,0.0,0.0,0.0,0,0.0,0.00578583546695994,12
7437.409275286,14.37999999999747,0,1,0.0,0.0,0.0,0.0,0.0,0.0,0,0.0,0.005785835466959786,14
7437.419342389,14.389999999997464,0,1,0.0,0.0,0.0,0.0,0.0,0.0,0,0.0,0.005785835466959637,14
7437.429257651,14.399999999997458,0,1,0.0,0.0,0.0,0.0,0.0,0.0,0,0.0,0.0057858354669594915,14
7437.43922585,14.409999999997453,0,1,0.0,0.0,0.0,0.0,0.0,0.0,0,0.0,0.00578583546695935,17
7437.449188225,14.419999999997447,0,1,0.0,0.0,0.0,0.0,0.0,0.0,0,0.0,0.005785835466959212,17
7437.459253194,14.429999999997442,0,1,0.0,0.0,0.0,0.0,0.0,0.0,0,0.0,0.005785835466959079,18
7437.469205023,14.439999999997436,0,1,0.0,0.0,0.0,0.0,0.0,0.0,0,0.0,0.005785835466958948,18
7437.479268536,14.44999999999743,0,1,0.0,0.0,0.0,0.0,0.0,0.0,0,0.0,0.005785835466958821,21
7437.4892106,14.459999999997425,0,1,0.0,0.0,0.0,0.0,0.0,0.0,0,0.0,0.005785835466958697,21
7437.499376649,14.46999999999742,0,1,0.0,0.0,0.0,0.0,0.0,0.0,0,0.0,0.005785835466958576,22
7437.509213487,14.479999999997414,0,1,0.0,0.0,0.0,0.0,0.0,0.0,0,0.0,0.005785835466958459,25
7437.519193652,14.489999999997409,0,1,0.0,0.0,0.0,0.0,0.0,0.0,0,0.0,0.005785835466958345,25
7437.529241465,14.499999999997403,0,1,0.0,0.0,0.0,0.0,0.0,0.0,0,0.0,0.005785835466958234,25
7437.540833129,14.509999999997397,0,1,0.0,0.0,0.0,0.0,0.0,0.0,0,0.0,0.0057858354669581245,26
7437.54920089,14.519999999997392,0,1,0.0,0.0,0.0,0.0,0.0,0.0,0,0.0,0.00578583546695802,27
7437.559352547,14.529999999997386,0,1,0.0,0.0,0.0,0.0,0.0,0.0,0,0.0,0.005785835466957916,27
7437.569386449,14.53999999999738,0,1,0.0,0.0,0.0,0.0,0.0,0.0,0,0.0,0.005785835466957817,27
7437.579285165,14.549999999997375,0,1,0.0,0.0,0.0,0.0,0.0,0.0,0,0.0,0.0057858354669577195,31
7437.589243515,14.55999999999737,0,1,0.0,0.0,0.0,0.0,0.0,0.0,0,0.0,0.005785835466957625,31
7437.599205466,14.569999999997364,0,1,0.0,0.0,0.0,0.0,0.0,0.0,0,0.0,0.005785835466957532,31
7437.609208994,14.579999999997359,0,1,0.0,0.0,0.0,0.0,0.0,0.0,0,0.0,0.005785835466957443,33
7437.619222077,14.589999999997353,0,1,0.0,0.0,0.0,0.0,0.0,0.0,0,0.0,0.005785835466957354,33
7437.629227157,14.599999999997348,0,1,0.0,0.0,0.0,0.0,0.0,0.0,0,0.0,0.005785835466957269,33
7437.639322315,14.609999999997342,0,1,0.0,0.0,0.0,0.0,0.0,0.0,0,0.0,0.005785835466957186,33
7437.649211274,14.619999999997336,0,1,0.0,0.0,0.0,0.0,0.0,0.0,0,0.0,0.005785835466957106,36
7437.65922736,14.629999999997331,0,1,0.0,0.0,0.0,0.0,0.0,0.0,0,0.0,0.005785835466957027,36
7437.669294763,14.639999999997325,0,1,0.0,0.0,0.0,0.0,0.0,0.0,0,0.0,0.00578583546695695,36
7437.679281041,14.64999999999732,0,1,0.0,0.0,0.0,0.0,0.0,0.0,0,0.0,0.0057858354669568755,38
7437.689246335,14.659999999997314,0,1,0.0,0.0,0.0,0.0,0.0,0.0,0,0.0,0.0057858354669568035,38
7437.699270773,14.669999999997309,0,1,0.0,0.0,0.0,0.0,0.0,0.0,0,0.0,0.005785835466956732,38
7437.711789527,14.679999999997303,0,1,0.0,0.0,0.0,0.0,0.0,0.0,0,0.0,0.005785835466956664,39
7437.719248599,14.689999999997298,0,1,0.0,0.0,0.0,0.0,0.0,0.0,0,0.0,0.005785835466956596,41
7437.7292604,14.699999999997292,0,1,0.0,0.0,0.0,0.0,0.0,0.0,0,0.0,0.005785835466956531,41
7437.739200455,14.709999999997287,0,1,0.0,0.0,0.0,0.0,0.0,0.0,0,0.0,0.005785835466956468,41
7437.749207586,14.719999999997281,0,1,0.0,0.0,0.0,0.0,0.0,0.0,0,0.0,0.005785835466956406,44
7437.759226018,14.729999999997275,0,1,0.0,0.0,0.0,0.0,0.0,0.0,0,0.0,0.005785835466956346,44
7437.769211518,14.73999999999727,0,1,0.0,0.0,0.0,0.0,0.0,0.0,0,0.0,0.0057858354669562875,44
7437.779200834,14.749999999997264,0,1,0.0,0.0,0.0,0.0,0.0,0.0,0,0.0,0.00578583546695623,46
7437.789227756,14.759999999997259,0,1,0.0,0.0,0.0,0.0,0.0,0.0,0,0.0,0.005785835466956175,46
7437.799197478,14.769999999997253,0,1,0.0,0.0,0.0,0.0,0.0,0.0,0,0.0,0.005785835466956121,46
7437.809194585,14.779999999997248,0,1,0.0,0.0,0.0,0.0,0.0,0.0,0,0.0,0.005785835466956068,46
7437.819215198,14.789999999997242,0,1,0.0,0.0,0.0,0.0,0.0,0.0,0,0.0,0.005785835466956017,48
7437.829197243,14.799999999997237,0,1,0.0,0.0,0.0,0.0,0.0,0.0,0,0.0,0.0057858354669559665,48
7437.839189273,14.809999999997231,0,1,0.0,0.0,0.0,0.0,0.0,0.0,0,0.0,0.005785835466955918,48
7437.849268064,14.819999999997226,0,1,0.0,0.0,0.0,0.0,0.0,0.0,0,0.0,0.00578583546695587,52
7437.859201704,14.82999999999722,0,1,0.0,0.0,0.0,0.0,0.0,0.0,0,0.0,0.005785835466955824,52
7437.86919678,14.839999999997215,0,1,0.0,0.0,0.0,0.0,0.0,0.0,0,0.0,0.005785835466955779,52
7437.881210975,14.849999999997209,0,1,0.0,0.0,0.0,0.0,0.0,0.0,0,0.0,0.005785835466955736,53
7437.889306429,14.859999999997203,0,1,0.0,0.0,0.0,0.0,0.0,0.0,0,0.0,0.005785835466955693,55
7437.899189927,14.869999999997198,0,1,0.0,0.0,0.0,0.0,0.0,0.0,0,0.0,0.005785835466955652,55
7437.909208609,14.879999999997192,0,1,0.0,0.0,0.0,0.0,0.0,0.0,0,0.0,0.005785835466955611,55
7437.919235147,14.889999999997187,0,1,0.0,0.0,0.0,0.0,0.0,0.0,0,0.0,0.005785835466955573,58
7437.929282054,14.899999999997181,0,1,0.0,0.0,0.0,0.0,0.0,0.0,0,0.0,0.005785835466955534,58
7437.939208882,14.909999999997176,0,1,0.0,0.0,0.0,0.0,0.0,0.0,0,0.0,0.005785835466955496,58
7437.949263883,14.91999999999717,0,1,0.0,0.0,0.0,0.0,0.0,0.0,0,0.0,0.00578583546695546,61
7437.959213839,14.929999999997165,0,1,0.0,0.0,0.0,0.0,0.0,0.0,0,0.0,0.005785835466955425,61
7437.96921344,14.939999999997159,0,1,0.0,0.0,0.0,0.0,0.0,0.0,0,0.0,0.005785835466955391,62
7437.979203536,14.949999999997154,0,1,0.0,0.0,0.0,0.0,0.0,0.0,0,0.0,0.005785835466955358,62
7437.989300892,14.959999999997148,0,1,0.0,0.0,0.0,0.0,0.0,0.0,0,0.0,0.005785835466955325,64
7437.999215411,14.969999999997142,0,1,0.0,0.0,0.0,0.0,0.0,0.0,0,0.0,0.005785835466955293,64
7438.009199364,14.979999999997137,0,1,0.0,0.0,0.0,0.0,0.0,0.0,0,0.0,0.005785835466955262,64
7438.01918845,14.989999999997131,0,1,0.0,0.0,0.0,0.0,0.0,0.0,0,0.0,0.005785835466955232,69
7438.029230119,14.999999999997126,0,1,0.0,0.0,0.0,0.0,0.0,0.0,0,0.0,0.005785835466955203,69
7438.039221687,15.00999999999712,0,1,0.0,0.0,0.0,0.0,0.0,0.0,0,0.0,0.005785835466955175,69
7438.051527285,15.019999999997115,0,1,0.0,0.0,0.0,0.0,0.0,0.0,0,0.0,0.005785835466955146,70
7438.059190908,15.02999999999711,0,1,0.0,0.0,0.0,0.0,0.0,0.0,0,0.0,0.00578583546695512,72
7438.06918591,15.039999999997104,0,1,0.0,0.0,0.0,0.0,0.0,0.0,0,0.0,0.005785835466955094,72
7438.079237916,15.049999999997098,0,1,0.0,0.0,0.0,0.0,0.0,0.0,0,0.0,0.005785835466955068,72
7438.089208222,15.059999999997093,0,1,0.0,0.0,0.0,0.0,0.0,0.0,0,0.0,0.005785835466955043,76
7438.099207812,15.069999999997087,0,1,0.0,0.0,0.0,0.0,0.0,0.0,0,0.0,0.005785835466955019,76
7438.109201131,15.079999999997082,0,1,0.0,0.0,0.0,0.0,0.0,0.0,0,0.0,0.005785835466954995,76
7438.121316109,15.089999999997076,0,1,0.0,0.0,0.0,0.0,0.0,0.0,0,0.0,0.005785835466954972,78
7438.129321047,15.09999999999707,0,1,0.0,0.0,0.0,0.0,0.0,0.0,0,0.0,0.00578583546695495,80
7438.139214401,15.109999999997065,0,1,0.0,0.0,0.0,0.0,0.0,0.0,0,0.0,0.005785835466954928,80
7438.149202569,15.11999999999706,0,1,0.0,0.0,0.0,0.0,0.0,0.0,0,0.0,0.005785835466954907,80
7438.159214906,15.129999999997054,0,1,0.0,0.0,0.0,0.0,0.0,0.0,0,0.0,0.005785835466954886,85
7438.169244905,15.139999999997048,0,1,0.0,0.0,0.0,0.0,0.0,0.0,0,0.0,0.005785835466954866,85
7438.179190464,15.149999999997043,0,1,0.0,0.0,0.0,0.0,0.0,0.0,0,0.0,0.005785835466954846,85
7438.189330996,15.159999999997037,0,1,0.0,0.0,0.0,0.0,0.0,0.0,0,0.0,0.005785835466954827,87
7438.199219142,15.169999999997032,0,1,0.0,0.0,0.0,0.0,0.0,0.0,0,0.0,0.005785835466954808,87
7438.209275935,15.179999999997026,0,1,0.0,0.0,0.0,0.0,0.0,0.0,0,0.0,0.00578583546695479,87
7438.219200362,15.18999999999702,0,1,0.0,0.0,0.0,0.0,0.0,0.0,0,0.0,0.005785835466954773,87
7438.229251813,15.199999999997015,0,1,0.0,0.0,0.0,0.0,0.0,0.0,0,0.0,0.005785835466954756,90
7438.239220531,15.20999999999701,0,1,0.0,0.0,0.0,0.0,0.0,0.0,0,0.0,0.005785835466954738,90
7438.249206041,15.219999999997004,0,1,0.0,0.0,0.0,0.0,0.0,0.0,0,0.0,0.005785835466954723,90
7438.259222398,15.229999999996998,0,1,0.0,0.0,0.0,0.0,0.0,0.0,0,0.0,0.005785835466954707,93
7438.269213553,15.239999999996993,0,1,0.0,0.0,0.0,0.0,0.0,0.0,0,0.0,0.0057858354669546915,93
7438.279189661,15.249999999996987,0,1,0.0,0.0,0.0,0.0,0.0,0.0,0,0.0,0.005785835466954677,93
7438.290353692,15.259999999996982,0,1,0.0,0.0,0.0,0.0,0.0,0.0,0,0.0,0.005785835466954662,2
7438.299438036,15.269999999996976,0,1,0.0,0.0,0.0,0.0,0.0,0.0,0,0.0,0.005785835466954646,3
7438.309227961,15.27999999999697,0,1,0.0,0.0,0.0,0.0,0.0,0.0,0,0.0,0.005785835466954634,3
7438.319251042,15.289999999996965,0,1,0.0,0.0,0.0,0.0,0.0,0.0,0,0.0,0.00578583546695462,3
7438.32928711,15.29999999999696,0,1,0.0,0.0,0.0,0.0,0.0,0.0,0,0.0,0.005785835466954608,6
7438.339237444,15.309999999996954,0,1,0.0,0.0,0.0,0.0,0.0,0.0,0,0.0,0.005785835466954594,7
7438.349209479,15.319999999996949,0,1,0.0,0.0,0.0,0.0,0.0,0.0,0,0.0,0.005785835466954582,7
7438.359193115,15.329999999996943,0,1,0.0,0.0,0.0,0.0,0.0,0.0,0,0.0,0.005785835466954568,10
7438.369199989,15.339999999996937,0,1,0.0,0.0,0.0,0.0,0.0,0.0,0,0.0,0.005785835466954558,10
7438.379274224,15.349999999996932,0,1,0.0,0.0,0.0,0.0,0.0,0.0,0,0.0,0.005785835466954547,10
7438.389219564,15.359999999996926,0,1,0.0,0.0,0.0,0.0,0.0,0.0,0,0.0,0.005785835466954536,10
7438.399201084,15.36999999999692,0,1,0.0,0.0,0.0,0.0,0.0,0.0,0,0.0,0.005785835466954525,13
7438.409234958,15.379999999996915,0,1,0.0,0.0,0.0,0.0,0.0,0.0,0,0.0,0.005785835466954515,13
7438.419232644,15.38999999999691,0,1,0.0,0.0,0.0,0.0,0.0,0.0,0,0.0,0.005785835466954503,14
7438.429208349,15.399999999996904,0,1,0.0,0.0,0.0,0.0,0.0,0.0,0,0.0,0.005785835466954493,17
7438.439218798,15.409999999996899,0,1,0.0,0.0,0.0,0.0,0.0,0.0,0,0.0,0.0057858354669544825,17
7438.44922668,15.419999999996893,0,1,0.0,0.0,0.0,0.0,0.0,0.0,0,0.0,0.005785835466954474,17
7438.460186976,15.429999999996888,0,1,0.0,0.0,0.0,0.0,0.0,0.0,0,0.0,0.005785835466954465,19
7438.469214958,15.439999999996882,0,1,0.0,0.0,0.0,0.0,0.0,0.0,0,0.0,0.0057858354669544565,20
7438.479250163,15.449999999996876,0,1,0.0,0.0,0.0,0.0,0.0,0.0,0,0.0,0.005785835466954448,20
7438.489210825,15.459999999996871,0,1,0.0,0.0,0.0,0.0,0.0,0.0,0,0.0,0.005785835466954439,20
7438.499210565,15.469999999996865,0,1,0.0,0.0,0.0,0.0,0.0,0.0,0,0.0,0.0057858354669544304,23
7438.509233446,15.47999999999686,0,1,0.0,0.0,0.0,0.0,0.0,0.0,0,0.0,0.005785835466954422,23
7438.519294257,15.489999999996854,0,1,0.0,0.0,0.0,0.0,0.0,0.0,0,0.0,0.005785835466954413,23
7438.529303384,15.499999999996849,0,1,0.0,0.0,0.0,0.0,0.0,0.0,0,0.0,0.005785835466954404,27
7438.539270366,15.509999999996843,0,1,0.0,0.0,0.0,0.0,0.0,0.0,0,0.0,0.005785835466954398,27
7438.549220163,15.519999999996838,0,1,0.0,0.0,0.0,0.0,0.0,0.0,0,0.0,0.005785835466954391,27
7438.559210862,15.529999999996832,0,1,0.0,0.0,0.0,0.0,0.0,0.0,0,0.0,0.005785835466954385,27
7438.569213071,15.539999999996827,0,1,0.0,0.0,0.0,0.0,0.0,0.0,0,0.0,0.005785835466954378,29
7438.579263516,15.549999999996821,0,1,0.0,0.0,0.0,0.0,0.0,0.0,0,0.0,0.005785835466954372,29
7438.589243091,15.559999999996815,0,1,0.0,0.0,0.0,0.0,0.0,0.0,0,0.0,0.005785835466954365,30
7438.599211887,15.56999999999681,0,1,0.0,0.0,0.0,0.0,0.0,0.0,0,0.0,0.005785835466954359,33
7438.60920685,15.579999999996804,0,1,0.0,0.0,0.0,0.0,0.0,0.0,0,0.0,0.005785835466954352,33
7438.61920394,15.589999999996799,0,1,0.0,0.0,0.0,0.0,0.0,0.0,0,0.0,0.005785835466954346,33
7438.629221141,15.599999999996793,0,1,0.0,0.0,0.0,0.0,0.0,0.0,0,0.0,0.005785835466954339,36
7438.639194105,15.609999999996788,0,1,0.0,0.0,0.0,0.0,0.0,0.0,0,0.0,0.005785835466954333,36
7438.64929517,15.619999999996782,0,1,0.0,0.0,0.0,0.0,0.0,0.0,0,0.0,0.005785835466954326,36
7438.659202819,15.629999999996777,0,1,0.0,0.0,0.0,0.0,0.0,0.0,0,0.0,0.005785835466954321,36
7438.669205636,15.639999999996771,0,1,0.0,0.0,0.0,0.0,0.0,0.0,0,0.0,0.005785835466954317,39
7438.6792219,15.649999999996766,0,1,0.0,0.0,0.0,0.0,0.0,0.0,0,0.0,0.0057858354669543125,39
7438.68925863,15.65999999999676,0,1,0.0,0.0,0.0,0.0,0.0,0.0,0,0.0,0.005785835466954308,39
7438.699247044,15.669999999996755,0,1,0.0,0.0,0.0,0.0,0.0,0.0,0,0.0,0.005785835466954304,42
7438.709212587,15.679999999996749,0,1,0.0,0.0,0.0,0.0,0.0,0.0,0,0.0,0.0057858354669542995,42
7438.719381373,15.689999999996743,0,1,0.0,0.0,0.0,0.0,0.0,0.0,0,0.0,0.005785835466954295,43
7438.7318226,15.699999999996738,0,1,0.0,0.0,0.0,0.0,0.0,0.0,0,0.0,0.005785835466954291,44
7438.739226779,15.709999999996732,0,1,0.0,0.0,0.0,0.0,0.0,0.0,0,0.0,0.0057858354669542865,47
7438.749198838,15.719999999996727,0,1,0.0,0.0,0.0,0.0,0.0,0.0,0,0.0,0.005785835466954282,47
7438.759346784,15.729999999996721,0,1,0.0,0.0,0.0,0.0,0.0,0.0,0,0.0,0.005785835466954278,47
7438.769297456,15.739999999996716,0,1,0.0,0.0,0.0,0.0,0.0,0.0,0,0.0,0.0057858354669542734,51
7438.779227444,15.74999999999671,0,1,0.0,0.0,0.0,0.0,0.0,0.0,0,0.0,0.005785835466954269,51
7438.789209996,15.759999999996705,0,1,0.0,0.0,0.0,0.0,0.0,0.0,0,0.0,0.005785835466954265,51
7438.800101966,15.769999999996699,0,1,0.0,0.0,0.0,0.0,0.0,0.0,0,0.0,0.0057858354669542604,54
7438.809266147,15.779999999996694,0,1,0.0,0.0,0.0,0.0,0.0,0.0,0,0.0,0.005785835466954256,55
7438.819204453,15.789999999996688,0,1,0.0,0.0,0.0,0.0,0.0,0.0,0,0.0,0.005785835466954252,55
7438.829287588,15.799999999996682,0,1,0.0,0.0,0.0,0.0,0.0,0.0,0,0.0,0.005785835466954247,55
7438.839221719,15.809999999996677,0,1,0.0,0.0,0.0,0.0,0.0,0.0,0,0.0,0.005785835466954243,58
7438.849215165,15.819999999996671,0,1,0.0,0.0,0.0,0.0,0.0,0.0,0,0.0,0.0057858354669542405,58
7438.859206026,15.829999999996666,0,1,0.0,0.0,0.0,0.0,0.0,0.0,0,0.0,0.005785835466954239,58
7438.869350651,15.83999999999666,0,1,0.0,0.0,0.0,0.0,0.0,0.0,0,0.0,0.005785835466954236,60
7438.879204833,15.849999999996655,0,1,0.0,0.0,0.0,0.0,0.0,0.0,0,0.0,0.005785835466954234,60
7438.88919326,15.85999999999665,0,1,0.0,0.0,0.0,0.0,0.0,0.0,0,0.0,0.005785835466954232,60
7438.901262883,15.869999999996644,0,1,0.0,0.0,0.0,0.0,0.0,0.0,0,0.0,0.00578583546695423,61
7438.909296084,15.879999999996638,0,1,0.0,0.0,0.0,0.0,0.0,0.0,0,0.0,0.0057858354669542275,63
7438.919214527,15.889999999996633,0,1,0.0,0.0,0.0,0.0,0.0,0.0,0,0.0,0.005785835466954226,63
7438.929198229,15.899999999996627,0,1,0.0,0.0,0.0,0.0,0.0,0.0,0,0.0,0.005785835466954223,63
7438.939301945,15.909999999996622,0,1,0.0,0.0,0.0,0.0,0.0,0.0,0,0.0,0.005785835466954221,65
7438.949296664,15.919999999996616,0,1,0.0,0.0,0.0,0.0,0.0,0.0,0,0.0,0.005785835466954219,65
7438.959307434,15.92999999999661,0,1,0.0,0.0,0.0,0.0,0.0,0.0,0,0.0,0.005785835466954217,65
7438.970462572,15.939999999996605,0,1,0.0,0.0,0.0,0.0,0.0,0.0,0,0.0,0.0057858354669542145,68
7438.979230939,15.9499999999966,0,1,0.0,0.0,0.0,0.0,0.0,0.0,0,0.0,0.005785835466954213,69
7438.989207645,15.959999999996594,0,1,0.0,0.0,0.0,0.0,0.0,0.0,0,0.0,0.00578583546695421,69
7438.999301074,15.969999999996588,0,1,0.0,0.0,0.0,0.0,0.0,0.0,0,0.0,0.005785835466954208,69
7439.009210465,15.979999999996583,0,1,0.0,0.0,0.0,0.0,0.0,0.0,0,0.0,0.005785835466954206,72
7439.019210234,15.989999999996577,0,1,0.0,0.0,0.0,0.0,0.0,0.0,0,0.0,0.005785835466954204,72
7439.029200359,15.999999999996572,0,1,0.0,0.0,0.0,0.0,0.0,0.0,0,0.0,0.0057858354669542015,72
7439.039191869,16.009999999996584,0,1,0.0,0.0,0.0,0.0,0.0,0.0,0,0.0,0.0057858354669542,74
7439.049251422,16.019999999996596,0,1,0.0,0.0,0.0,0.0,0.0,0.0,0,0.0,0.005785835466954197,74
7439.059211568,16.02999999999661,0,1,0.0,0.0,0.0,0.0,0.0,0.0,0,0.0,0.005785835466954195,74
7439.07296453,16.03999999999662,0,1,0.0,0.0,0.0,0.0,0.0,0.0,0,0.0,0.005785835466954193,75
7439.079211918,16.049999999996633,0,1,0.0,0.0,0.0,0.0,0.0,0.0,0,0.0,0.005785835466954191,79
7439.08920099,16.059999999996645,0,1,0.0,0.0,0.0,0.0,0.0,0.0,0,0.0,0.0057858354669541884,79
7439.099190597,16.069999999996657,0,1,0.0,0.0,0.0,0.0,0.0,0.0,0,0.0,0.005785835466954187,79
7439.109282196,16.07999999999667,0,1,0.0,0.0,0.0,0.0,0.0,0.0,0,0.0,0.005785835466954184,82
7439.119252404,16.08999999999668,0,1,0.0,0.0,0.0,0.0,0.0,0.0,0,0.0,0.005785835466954182,83
7439.12920222,16.099999999996694,0,1,0.0,0.0,0.0,0.0,0.0,0.0,0,0.0,0.00578583546695418,83
7439.139230451,16.109999999996706,0,1,0.0,0.0,0.0,0.0,0.0,0.0,0,0.0,0.005785835466954178,85
7439.149204998,16.11999999999672,0,1,0.0,0.0,0.0,0.0,0.0,0.0,0,0.0,0.0057858354669541754,86
7439.15927705,16.12999999999673,0,1,0.0,0.0,0.0,0.0,0.0,0.0,0,0.0,0.005785835466954174,86
7439.169193324,16.139999999996743,0,1,0.0,0.0,0.0,0.0,0.0,0.0,0,0.0,0.005785835466954171,86
7439.179339668,16.149999999996755,0,1,0.0,0.0,0.0,0.0,0.0,0.0,0,0.0,0.005785835466954169,88
7439.189218083,16.159999999996767,0,1,0.0,0.0,0.0,0.0,0.0,0.0,0,0.0,0.005785835466954167,89
7439.199224252,16.16999999999678,0,1,0.0,0.0,0.0,0.0,0.0,0.0,0,0.0,0.005785835466954165,89
7439.215541158,16.17999999999679,0,1,0.0,0.0,0.0,0.0,0.0,0.0,0,0.0,0.005785835466954162,91
7439.224760149,16.189999999996804,0,1,0.0,0.0,0.0,0.0,0.0,0.0,0,0.0,0.005785835466954162,92
7439.234738098,16.199999999996816,0,1,0.0,0.0,0.0,0.0,0.0,0.0,0,0.0,0.005785835466954162,92
7439.244653688,16.20999999999683,0,1,0.0,0.0,0.0,0.0,0.0,0.0,0,0.0,0.005785835466954162,95
7439.254662828,16.21999999999684,0,1,0.0,0.0,0.0,0.0,0.0,0.0,0,0.0,0.005785835466954162,95
7439.26467308,16.229999999996853,0,1,0.0,0.0,0.0,0.0,0.0,0.0,0,0.0,0.005785835466954162,95
7439.274596776,16.239999999996865,0,1,0.0,0.0,0.0,0.0,0.0,0.0,0,0.0,0.005785835466954162,97
7439.284631877,16.249999999996877,0,1,0.0,0.0,0.0,0.0,0.0,0.0,0,0.0,0.005785835466954162,97
7439.295098672,16.25999999999689,0,1,0.0,0.0,0.0,0.0,0.0,0.0,0,0.0,0.005785835466954162,0
7439.305274205,16.2699999999969,0,1,0.0,0.0,0.0,0.0,0.0,0.0,0,0.0,0.005785835466954162,0
7439.31475069,16.279999999996914,0,1,0.0,0.0,0.0,0.0,0.0,0.0,0,0.0,0.005785835466954162,4
7439.324668918,16.289999999996926,0,1,0.0,0.0,0.0,0.0,0.0,0.0,0,0.0,0.005785835466954162,4
7439.334666697,16.29999999999694,0,1,0.0,0.0,0.0,0.0,0.0,0.0,0,0.0,0.005785835466954162,4
7439.344689226,16.30999999999695,0,1,0.0,0.0,0.0,0.0,0.0,0.0,0,0.0,0.005785835466954162,6
7439.35473637,16.319999999996963,0,1,0.0,0.0,0.0,0.0,0.0,0.0,0,0.0,0.005785835466954162,6
7439.364671376,16.329999999996975,0,1,0.0,0.0,0.0,0.0,0.0,0.0,0,0.0,0.005785835466954162,6
7439.3755275,16.339999999996987,0,1,0.0,0.0,0.0,0.0,0.0,0.0,0,0.0,0.005785835466954162,8
7439.384920902,16.349999999997,0,1,0.0,0.0,0.0,0.0,0.0,0.0,0,0.0,0.005785835466954162,9
7439.394685795,16.35999999999701,0,1,0.0,0.0,0.0,0.0,0.0,0.0,0,0.0,0.005785835466954162,9
7439.40467227,16.369999999997024,0,1,0.0,0.0,0.0,0.0,0.0,0.0,0,0.0,0.005785835466954162,9
7439.414658413,16.379999999997036,0,1,0.0,0.0,0.0,0.0,0.0,0.0,0,0.0,0.005785835466954162,13
7439.42470501,16.38999999999705,0,1,0.0,0.0,0.0,0.0,0.0,0.0,0,0.0,0.005785835466954162,13
7439.434686218,16.39999999999706,0,1,0.0,0.0,0.0,0.0,0.0,0.0,0,0.0,0.005785835466954162,13
7439.445031647,16.409999999997073,0,1,0.0,0.0,0.0,0.0,0.0,0.0,0,0.0,0.005785835466954162,15
7439.455071877,16.419999999997085,0,1,0.0,0.0,0.0,0.0,0.0,0.0,0,0.0,0.005785835466954162,15
7439.464637736,16.429999999997097,0,1,0.0,0.0,0.0,0.0,0.0,0.0,0,0.0,0.005785835466954162,15
7439.474666786,16.43999999999711,0,1,0.0,0.0,0.0,0.0,0.0,0.0,0,0.0,0.005785835466954162,15
7439.484656384,16.44999999999712,0,1,0.0,0.0,0.0,0.0,0.0,0.0,0,0.0,0.005785835466954162,18
7439.494662766,16.459999999997134,0,1,0.0,0.0,0.0,0.0,0.0,0.0,0,0.0,0.005785835466954162,18
7439.504648081,16.469999999997146,0,1,0.0,0.0,0.0,0.0,0.0,0.0,0,0.0,0.005785835466954162,18
7439.514646902,16.47999999999716,0,1,0.0,0.0,0.0,0.0,0.0,0.0,0,0.0,0.005785835466954162,20
7439.524642742,16.48999999999717,0,1,0.0,0.0,0.0,0.0,0.0,0.0,0,0.0,0.005785835466954162,20
7439.53470835,16.499999999997183,0,1,0.0,0.0,0.0,0.0,0.0,0.0,0,0.0,0.005785835466954162,20
7439.546144826,16.509999999997195,0,1,0.0,0.0,0.0,0.0,0.0,0.0,0,0.0,0.005785835466954162,22
7439.554647331,16.519999999997207,0,1,0.0,0.0,0.0,0.0,0.0,0.0,0,0.0,0.005785835466954162,23
7439.564697989,16.52999999999722,0,1,0.0,0.0,0.0,0.0,0.0,0.0,0,0.0,0.005785835466954162,23
7439.574889154,16.53999999999723,0,1,0.0,0.0,0.0,0.0,0.0,0.0,0,0.0,0.005785835466954162,23
7439.58473158,16.549999999997244,0,1,0.0,0.0,0.0,0.0,0.0,0.0,0,0.0,0.005785835466954162,27
7439.594613859,16.559999999997256,0,1,0.0,0.0,0.0,0.0,0.0,0.0,0,0.0,0.005785835466954162,27
7439.605052443,16.56999999999727,0,1,0.0,0.0,0.0,0.0,0.0,0.0,0,0.0,0.005785835466954162,27
7439.614626223,16.57999999999728,0,1,0.0,0.0,0.0,0.0,0.0,0.0,0,0.0,0.005785835466954162,30
7439.624740695,16.589999999997293,0,1,0.0,0.0,0.0,0.0,0.0,0.0,0,0.0,0.005785835466954162,30
7439.6346052,16.599999999997305,0,1,0.0,0.0,0.0,0.0,0.0,0.0,0,0.0,0.005785835466954162,30
7439.644613214,16.609999999997317,0,1,0.0,0.0,0.0,0.0,0.0,0.0,0,0.0,0.005785835466954162,30
7439.654756535,16.61999999999733,0,1,0.0,0.0,0.0,0.0,0.0,0.0,0,0.0,0.005785835466954162,32
7439.664634823,16.62999999999734,0,1,0.0,0.0,0.0,0.0,0.0,0.0,0,0.0,0.005785835466954162,32
7439.674687951,16.639999999997354,0,1,0.0,0.0,0.0,0.0,0.0,0.0,0,0.0,0.005785835466954162,32
7439.684734887,16.649999999997366,0,1,0.0,0.0,0.0,0.0,0.0,0.0,0,0.0,0.005785835466954162,34
7439.694958443,16.65999999999738,0,1,0.0,0.0,0.0,0.0,0.0,0.0,0,0.0,0.005785835466954162,34
7439.704725983,16.66999999999739,0,1,0.0,0.0,0.0,0.0,0.0,0.0,0,0.0,0.005785835466954162,34
7439.715829527,16.679999999997403,0,1,0.0,0.0,0.0,0.0,0.0,0.0,0,0.0,0.005785835466954162,36
7439.725177001,16.689999999997415,0,1,0.0,0.0,0.0,0.0,0.0,0.0,0,0.0,0.005785835466954162,37
7439.735211069,16.699999999997427,0,1,0.0,0.0,0.0,0.0,0.0,0.0,0,0.0,0.005785835466954162,37
7439.744907074,16.70999999999744,0,1,0.0,0.0,0.0,0.0,0.0,0.0,0,0.0,0.005785835466954162,37
7439.754726414,16.71999999999745,0,1,0.0,0.0,0.0,0.0,0.0,0.0,0,0.0,0.005785835466954162,42
7439.765007326,16.729999999997464,0,1,0.0,0.0,0.0,0.0,0.0,0.0,0,0.0,0.005785835466954162,42
7439.774752972,16.739999999997476,0,1,0.0,0.0,0.0,0.0,0.0,0.0,0,0.0,0.005785835466954162,42
7439.784648015,16.74999999999749,0,1,0.0,0.0,0.0,0.0,0.0,0.0,0,0.0,0.005785835466954162,45
7439.794677422,16.7599999999975,0,1,0.0,0.0,0.0,0.0,0.0,0.0,0,0.0,0.005785835466954162,45
7439.804788477,16.769999999997513,0,1,0.0,0.0,0.0,0.0,0.0,0.0,0,0.0,0.005785835466954162,45
7439.81670369,16.779999999997525,0,1,0.0,0.0,0.0,0.0,0.0,0.0,0,0.0,0.005785835466954162,46
7439.824784357,16.789999999997537,0,1,0.0,0.0,0.0,0.0,0.0,0.0,0,0.0,0.005785835466954162,48
7439.834652613,16.79999999999755,0,1,0.0,0.0,0.0,0.0,0.0,0.0,0,0.0,0.005785835466954162,48
7439.844777562,16.80999999999756,0,1,0.0,0.0,0.0,0.0,0.0,0.0,0,0.0,0.005785835466954162,48
7439.854693312,16.819999999997574,0,1,0.0,0.0,0.0,0.0,0.0,0.0,0,0.0,0.005785835466954162,51
7439.864658084,16.829999999997586,0,1,0.0,0.0,0.0,0.0,0.0,0.0,0,0.0,0.005785835466954162,51
7439.874689309,16.839999999997598,0,1,0.0,0.0,0.0,0.0,0.0,0.0,0,0.0,0.005785835466954162,51
7439.885907238,16.84999999999761,0,1,0.0,0.0,0.0,0.0,0.0,0.0,0,0.0,0.005785835466954162,54
7439.894664572,16.859999999997623,0,1,0.0,0.0,0.0,0.0,0.0,0.0,0,0.0,0.005785835466954162,55
7439.904647023,16.869999999997635,0,1,0.0,0.0,0.0,0.0,0.0,0.0,0,0.0,0.005785835466954162,55
7439.914649739,16.879999999997647,0,1,0.0,0.0,0.0,0.0,0.0,0.0,0,0.0,0.005785835466954162,55
7439.924697574,16.88999999999766,0,1,0.0,0.0,0.0,0.0,0.0,0.0,0,0.0,0.005785835466954162,58
7439.934672472,16.89999999999767,0,1,0.0,0.0,0.0,0.0,0.0,0.0,0,0.0,0.005785835466954162,58
7439.944930942,16.909999999997684,0,1,0.0,0.0,0.0,0.0,0.0,0.0,0,0.0,0.005785835466954162,58
7439.954628606,16.919999999997696,0,1,0.0,0.0,0.0,0.0,0.0,0.0,0,0.0,0.005785835466954162,62
7439.965027956,16.929999999997708,0,1,0.0,0.0,0.0,0.0,0.0,0.0,0,0.0,0.005785835466954162,62
7439.974998741,16.93999999999772,0,1,0.0,0.0,0.0,0.0,0.0,0.0,0,0.0,0.005785835466954162,62
7439.986548044,16.949999999997733,0,1,0.0,0.0,0.0,0.0,0.0,0.0,0,0.0,0.005785835466954162,63
7439.99463017,16.959999999997745,0,1,0.0,0.0,0.0,0.0,0.0,0.0,0,0.0,0.005785835466954162,65
7440.004650591,16.969999999997757,0,1,0.0,0.0,0.0,0.0,0.0,0.0,0,0.0,0.005785835466954162,65
7440.014641767,16.97999999999777,0,1,0.0,0.0,0.0,0.0,0.0,0.0,0,0.0,0.005785835466954162,65
7440.024642022,16.98999999999778,0,1,0.0,0.0,0.0,0.0,0.0,0.0,0,0.0,0.005785835466954162,69
7440.03472535,16.999999999997794,0,1,0.0,0.0,0.0,0.0,0.0,0.0,0,0.0,0.005785835466954162,69
7440.045208538,17.009999999997806,0,1,0.0,0.0,0.0,0.0,0.0,0.0,0,0.0,0.005785835466954162,69
7440.055580812,17.019999999997818,0,1,0.0,0.0,0.0,0.0,0.0,0.0,0,0.0,0.005785835466954162,72
7440.064954557,17.02999999999783,0,1,0.0,0.0,0.0,0.0,0.0,0.0,0,0.0,0.005785835466954162,73
7440.074609992,17.039999999997843,0,1,0.0,0.0,0.0,0.0,0.0,0.0,0,0.0,0.005785835466954162,73
7440.084704782,17.049999999997855,0,1,0.0,0.0,0.0,0.0,0.0,0.0,0,0.0,0.005785835466954162,73
7440.095009472,17.059999999997867,0,1,0.0,0.0,0.0,0.0,0.0,0.0,0,0.0,0.005785835466954162,76
7440.104671982,17.06999999999788,0,1,0.0,0.0,0.0,0.0,0.0,0.0,0,0.0,0.005785835466954162,76
7440.114873635,17.07999999999789,0,1,0.0,0.0,0.0,0.0,0.0,0.0,0,0.0,0.005785835466954162,76
7440.125006982,17.089999999997904,0,1,0.0,0.0,0.0,0.0,0.0,0.0,0,0.0,0.005785835466954162,80
7440.134926646,17.099999999997916,0,1,0.0,0.0,0.0,0.0,0.0,0.0,0,0.0,0.005785835466954162,80
7440.144731446,17.109999999997928,0,1,0.0,0.0,0.0,0.0,0.0,0.0,0,0.0,0.005785835466954162,80
7440.15722442,17.11999999999794,0,1,0.0,0.0,0.0,0.0,0.0,0.0,0,0.0,0.005785835466954162,81
7440.164956853,17.129999999997953,0,1,0.0,0.0,0.0,0.0,0.0,0.0,0,0.0,0.005785835466954162,83
7440.174845842,17.139999999997965,0,1,0.0,0.0,0.0,0.0,0.0,0.0,0,0.0,0.005785835466954162,83
7440.184703663,17.149999999997977,0,1,0.0,0.0,0.0,0.0,0.0,0.0,0,0.0,0.005785835466954162,83
7440.19470856,17.15999999999799,0,1,0.0,0.0,0.0,0.0,0.0,0.0,0,0.0,0.005785835466954162,86
7440.2046763,17.169999999998,0,1,0.0,0.0,0.0,0.0,0.0,0.0,0,0.0,0.005785835466954162,86
7440.214698287,17.179999999998014,0,1,0.0,0.0,0.0,0.0,0.0,0.0,0,0.0,0.005785835466954162,86
7440.22507255,17.189999999998026,0,1,0.0,0.0,0.0,0.0,0.0,0.0,0,0.0,0.005785835466954162,89
7440.234747163,17.199999999998038,0,1,0.0,0.0,0.0,0.0,0.0,0.0,0,0.0,0.005785835466954162,89
7440.244665048,17.20999999999805,0,1,0.0,0.0,0.0,0.0,0.0,0.0,0,0.0,0.005785835466954162,89
7440.255094083,17.219999999998063,0,1,0.0,0.0,0.0,0.0,0.0,0.0,0,0.0,0.005785835466954162,89
7440.26496418,17.229999999998075,0,1,0.0,0.0,0.0,0.0,0.0,0.0,0,0.0,0.005785835466954162,92
7440.274796063,17.239999999998087,0,1,0.0,0.0,0.0,0.0,0.0,0.0,0,0.0,0.005785835466954162,92
7440.284842573,17.2499999999981,0,1,0.0,0.0,0.0,0.0,0.0,0.0,0,0.0,0.005785835466954162,92
7440.295363557,17.25999999999811,0,1,0.0,0.0,0.0,0.0,0.0,0.0,0,0.0,0.005785835466954162,4
7440.304870861,17.269999999998124,0,1,0.0,0.0,0.0,0.0,0.0,0.0,0,0.0,0.005785835466954162,4
7440.314678675,17.279999999998136,0,1,0.0,0.0,0.0,0.0,0.0,0.0,0,0.0,0.005785835466954162,4
7440.32668251,17.289999999998148,0,1,0.0,0.0,0.0,0.0,0.0,0.0,0,0.0,0.005785835466954162,6
7440.334681502,17.29999999999816,0,1,0.0,0.0,0.0,0.0,0.0,0.0,0,0.0,0.005785835466954162,8
7440.344666762,17.309999999998173,0,1,0.0,0.0,0.0,0.0,0.0,0.0,0,0.0,0.005785835466954162,8
7440.354738442,17.319999999998185,0,1,0.0,0.0,0.0,0.0,0.0,0.0,0,0.0,0.005785835466954162,8
7440.365249281,17.329999999998197,0,1,0.0,0.0,0.0,0.0,0.0,0.0,0,0.0,0.005785835466954162,13
7440.375195657,17.33999999999821,0,1,0.0,0.0,0.0,0.0,0.0,0.0,0,0.0,0.005785835466954162,13
7440.384745216,17.34999999999822,0,1,0.0,0.0,0.0,0.0,0.0,0.0,0,0.0,0.005785835466954162,13
7440.394618529,17.359999999998234,0,1,0.0,0.0,0.0,0.0,0.0,0.0,0,0.0,0.005785835466954162,16
7440.404704455,17.369999999998246,0,1,0.0,0.0,0.0,0.0,0.0,0.0,0,0.0,0.005785835466954162,16
7440.414750942,17.379999999998258,0,1,0.0,0.0,0.0,0.0,0.0,0.0,0,0.0,0.005785835466954162,16
7440.425161811,17.38999999999827,0,1,0.0,0.0,0.0,0.0,0.0,0.0,0,0.0,0.005785835466954162,16
7440.434650285,17.399999999998283,0,1,0.0,0.0,0.0,0.0,0.0,0.0,0,0.0,0.005785835466954162,20
7440.444886513,17.409999999998295,0,1,0.0,0.0,0.0,0.0,0.0,0.0,0,0.0,0.005785835466954162,20
7440.454687085,17.419999999998307,0,1,0.0,0.0,0.0,0.0,0.0,0.0,0,0.0,0.005785835466954162,20
7440.464659777,17.42999999999832,0,1,0.0,0.0,0.0,0.0,0.0,0.0,0,0.0,0.005785835466954162,24
7440.475175448,17.43999999999833,0,1,0.0,0.0,0.0,0.0,0.0,0.0,0,0.0,0.005785835466954162,24
7440.484675973,17.449999999998344,0,1,0.0,0.0,0.0,0.0,0.0,0.0,0,0.0,0.005785835466954162,24
7440.495391904,17.459999999998356,0,1,0.0,0.0,0.0,0.0,0.0,0.0,0,0.0,0.005785835466954162,27
7440.504735072,17.469999999998368,0,1,0.0,0.0,0.0,0.0,0.0,0.0,0,0.0,0.005785835466954162,27
7440.514761024,17.47999999999838,0,1,0.0,0.0,0.0,0.0,0.0,0.0,0,0.0,0.005785835466954162,28
7440.524707593,17.489999999998393,0,1,0.0,0.0,0.0,0.0,0.0,0.0,0,0.0,0.005785835466954162,28
7440.534787696,17.499999999998405,0,1,0.0,0.0,0.0,0.0,0.0,0.0,0,0.0,0.005785835466954162,32
7440.544942821,17.509999999998417,0,1,0.0,0.0,0.0,0.0,0.0,0.0,0,0.0,0.005785835466954162,32
7440.555196843,17.51999999999843,0,1,0.0,0.0,0.0,0.0,0.0,0.0,0,0.0,0.005785835466954162,32
7440.565209551,17.52999999999844,0,1,0.0,0.0,0.0,0.0,0.0,0.0,0,0.0,0.005785835466954162,35
7440.574838837,17.539999999998454,0,1,0.0,0.0,0.0,0.0,0.0,0.0,0,0.0,0.005785835466954162,35
7440.584699058,17.549999999998466,0,1,0.0,0.0,0.0,0.0,0.0,0.0,0,0.0,0.005785835466954162,35
7440.597204237,17.559999999998478,0,1,0.0,0.0,0.0,0.0,0.0,0.0,0,0.0,0.005785835466954162,36
7440.605334753,17.56999999999849,0,1,0.0,0.0,0.0,0.0,0.0,0.0,0,0.0,0.005785835466954162,38
7440.615414603,17.579999999998503,0,1,0.0,0.0,0.0,0.0,0.0,0.0,0,0.0,0.005785835466954162,38
7440.625028775,17.589999999998515,0,1,0.0,0.0,0.0,0.0,0.0,0.0,0,0.0,0.005785835466954162,38
7440.634617466,17.599999999998527,0,1,0.0,0.0,0.0,0.0,0.0,0.0,0,0.0,0.005785835466954162,41
7440.644728119,17.60999999999854,0,1,0.0,0.0,0.0,0.0,0.0,0.0,0,0.0,0.005785835466954162,42
7440.654693518,17.61999999999855,0,1,0.0,0.0,0.0,0.0,0.0,0.0,0,0.0,0.005785835466954162,42
7440.66478286,17.629999999998564,0,1,0.0,0.0,0.0,0.0,0.0,0.0,0,0.0,0.005785835466954162,45
7440.674698908,17.639999999998576,0,1,0.0,0.0,0.0,0.0,0.0,0.0,0,0.0,0.005785835466954162,45
7440.684852393,17.649999999998588,0,1,0.0,0.0,0.0,0.0,0.0,0.0,0,0.0,0.005785835466954162,45
7440.695465281,17.6599999999986,0,1,0.0,0.0,0.0,0.0,0.0,0.0,0,0.0,0.005785835466954162,45
7440.704730176,17.669999999998613,0,1,0.0,0.0,0.0,0.0,0.0,0.0,0,0.0,0.005785835466954162,49
7440.714941214,17.679999999998625,0,1,0.0,0.0,0.0,0.0,0.0,0.0,0,0.0,0.005785835466954162,49
7440.72484416,17.689999999998637,0,1,0.0,0.0,0.0,0.0,0.0,0.0,0,0.0,0.005785835466954162,49
7440.735200554,17.69999999999865,0,1,0.0,0.0,0.0,0.0,0.0,0.0,0,0.0,0.005785835466954162,52
7440.744776876,17.70999999999866,0,1,0.0,0.0,0.0,0.0,0.0,0.0,0,0.0,0.005785835466954162,53
7440.754626974,17.719999999998674,0,1,0.0,0.0,0.0,0.0,0.0,0.0,0,0.0,0.005785835466954162,53
7440.767006653,17.729999999998686,0,1,0.0,0.0,0.0,0.0,0.0,0.0,0,0.0,0.005785835466954162,54
7440.77525055,17.739999999998698,0,1,0.0,0.0,0.0,0.0,0.0,0.0,0,0.0,0.005785835466954162,56
7440.784851787,17.74999999999871,0,1,0.0,0.0,0.0,0.0,0.0,0.0,0,0.0,0.005785835466954162,56
7440.794948996,17.759999999998723,0,1,0.0,0.0,0.0,0.0,0.0,0.0,0,0.0,0.005785835466954162,56
7440.810423225,17.769999999998735,0,1,0.0,0.0,0.0,0.0,0.0,0.0,0,0.0,0.005785835466954162,58
7440.820265503,17.779999999998747,0,1,0.0,0.0,0.0,0.0,0.0,0.0,0,0.0,0.005785835466954162,58
7440.83038879,17.78999999999876,0,1,0.0,0.0,0.0,0.0,0.0,0.0,0,0.0,0.005785835466954162,58
7440.840358841,17.79999999999877,0,1,0.0,0.0,0.0,0.0,0.0,0.0,0,0.0,0.005785835466954162,62
7440.850200069,17.809999999998784,0,1,0.0,0.0,0.0,0.0,0.0,0.0,0,0.0,0.005785835466954162,62
7440.860033274,17.819999999998796,0,1,0.0,0.0,0.0,0.0,0.0,0.0,0,0.0,0.005785835466954162,62
7440.870269724,17.829999999998808,0,1,0.0,0.0,0.0,0.0,0.0,0.0,0,0.0,0.005785835466954162,65
7440.880236736,17.83999999999882,0,1,0.0,0.0,0.0,0.0,0.0,0.0,0,0.0,0.005785835466954162,65
7440.890079093,17.849999999998833,0,1,0.0,0.0,0.0,0.0,0.0,0.0,0,0.0,0.005785835466954162,66
7440.902226615,17.859999999998845,0,1,0.0,0.0,0.0,0.0,0.0,0.0,0,0.0,0.005785835466954162,67
7440.910249233,17.869999999998857,0,1,0.0,0.0,0.0,0.0,0.0,0.0,0,0.0,0.005785835466954162,69
7440.920189563,17.87999999999887,0,1,0.0,0.0,0.0,0.0,0.0,0.0,0,0.0,0.005785835466954162,70
7440.930079882,17.88999999999888,0,1,0.0,0.0,0.0,0.0,0.0,0.0,0,0.0,0.005785835466954162,70
7440.940126086,17.899999999998894,0,1,0.0,0.0,0.0,0.0,0.0,0.0,0,0.0,0.005785835466954162,73
7440.950080792,17.909999999998906,0,1,0.0,0.0,0.0,0.0,0.0,0.0,0,0.0,0.005785835466954162,73
7440.96007779,17.919999999998918,0,1,0.0,0.0,0.0,0.0,0.0,0.0,0,0.0,0.005785835466954162,73
7440.971732884,17.92999999999893,0,1,0.0,0.0,0.0,0.0,0.0,0.0,0,0.0,0.005785835466954162,76
7440.980065124,17.939999999998943,0,1,0.0,0.0,0.0,0.0,0.0,0.0,0,0.0,0.005785835466954162,78
7440.99007462,17.949999999998955,0,1,0.0,0.0,0.0,0.0,0.0,0.0,0,0.0,0.005785835466954162,78
7441.00009349,17.959999999998967,0,1,0.0,0.0,0.0,0.0,0.0,0.0,0,0.0,0.005785835466954162,78
7441.010219733,17.96999999999898,0,1,0.0,0.0,0.0,0.0,0.0,0.0,0,0.0,0.005785835466954162,82
7441.020115317,17.97999999999899,0,1,0.0,0.0,0.0,0.0,0.0,0.0,0,0.0,0.005785835466954162,82
7441.030375797,17.989999999999004,0,1,0.0,0.0,0.0,0.0,0.0,0.0,0,0.0,0.005785835466954162,82
7441.040269876,17.999999999999016,0,1,0.0,0.0,0.0,0.0,0.0,0.0,0,0.0,0.005785835466954162,85
7441.05016146,18.009999999999028,0,1,0.0,0.0,0.0,0.0,0.0,0.0,0,0.0,0.005785835466954162,85
7441.060059056,18.01999999999904,0,1,0.0,0.0,0.0,0.0,0.0,0.0,0,0.0,0.005785835466954162,85
7441.072198471,18.029999999999053,0,1,0.0,0.0,0.0,0.0,0.0,0.0,0,0.0,0.005785835466954162,86
7441.080289125,18.039999999999065,0,1,0.0,0.0,0.0,0.0,0.0,0.0,0,0.0,0.005785835466954162,89
7441.090101037,18.049999999999077,0,1,0.0,0.0,0.0,0.0,0.0,0.0,0,0.0,0.005785835466954162,89
7441.100069685,18.05999999999909,0,1,0.0,0.0,0.0,0.0,0.0,0.0,0,0.0,0.005785835466954162,89
7441.110181333,18.0699999999991,0,1,0.0,0.0,0.0,0.0,0.0,0.0,0,0.0,0.005785835466954162,92
7441.120274298,18.079999999999114,0,1,0.0,0.0,0.0,0.0,0.0,0.0,0,0.0,0.005785835466954162,92
7441.130412776,18.089999999999126,0,1,0.0,0.0,0.0,0.0,0.0,0.0,0,0.0,0.005785835466954162,93
7441.145621712,18.099999999999138,0,1,0.0,0.0,0.0,0.0,0.0,0.0,0,0.0,0.005785835466954162,94
7441.155592923,18.10999999999915,0,1,0.0,0.0,0.0,0.0,0.0,0.0,0,0.0,0.005785835466954162,94
7441.165653923,18.119999999999163,0,1,0.0,0.0,0.0,0.0,0.0,0.0,0,0.0,0.005785835466954162,94
7441.177798285,18.129999999999175,0,1,0.0,0.0,0.0,0.0,0.0,0.0,0,0.0,0.005785835466954162,98
7441.186135946,18.139999999999187,0,1,0.0,0.0,0.0,0.0,0.0,0.0,0,0.0,0.005785835466954162,101
7441.195645321,18.1499999999992,0,1,0.0,0.0,0.0,0.0,0.0,0.0,0,0.0,0.005785835466954162,101
7441.205609855,18.15999999999921,0,1,0.0,0.0,0.0,0.0,0.0,0.0,0,0.0,0.005785835466954162,101
7441.215710703,18.169999999999224,0,1,0.0,0.0,0.0,0.0,0.0,0.0,0,0.0,0.005785835466954162,107
7441.225631829,18.179999999999236,0,1,0.0,0.0,0.0,0.0,0.0,0.0,0,0.0,0.005785835466954162,109
7441.235598274,18.189999999999248,0,1,0.0,0.0,0.0,0.0,0.0,0.0,0,0.0,0.005785835466954162,110
7441.246866373,18.19999999999926,0,1,0.0,0.0,0.0,0.0,0.0,0.0,0,0.0,0.005785835466954162,115
7441.255583785,18.209999999999273,0,1,0.0,0.0,0.0,0.0,0.0,0.0,0,0.0,0.005785835466954162,116
7441.265780419,18.219999999999285,0,1,0.0,0.0,0.0,0.0,0.0,0.0,0,0.0,0.005785835466954162,116
7441.279383005,18.229999999999297,0,1,0.0,0.0,0.0,0.0,0.0,0.0,0,0.0,0.005785835466954162,118
7441.285590384,18.23999999999931,0,1,0.0,0.0,0.0,0.0,0.0,0.0,0,0.0,0.005785835466954162,0
7441.296354562,18.24999999999932,0,1,0.0,0.0,0.0,0.0,0.0,0.0,0,0.0,0.005785835466954162,1
7441.305885181,18.259999999999334,0,1,0.0,0.0,0.0,0.0,0.0,0.0,0,0.0,0.005785835466954162,3
7441.315990367,18.269999999999346,0,1,0.0,0.0,0.0,0.0,0.0,0.0,0,0.0,0.005785835466954162,10
7441.325623482,18.279999999999358,0,1,0.0,0.0,0.0,0.0,0.0,0.0,0,0.0,0.005785835466954162,10
7441.335848399,18.28999999999937,0,1,0.0,0.0,0.0,0.0,0.0,0.0,0,0.0,0.005785835466954162,11
7441.351184121,18.299999999999383,0,1,0.0,0.0,0.0,0.0,0.0,0.0,0,0.0,0.005785835466954162,12
7441.361187069,18.309999999999395,0,1,0.0,0.0,0.0,0.0,0.0,0.0,0,0.0,0.005785835466954162,12
7441.371175947,18.319999999999407,0,1,0.0,0.0,0.0,0.0,0.0,0.0,0,0.0,0.005785835466954162,12
7441.381217937,18.32999999999942,0,1,0.0,0.0,0.0,0.0,0.0,0.0,0,0.0,0.005785835466954162,15
7441.391254707,18.33999999999943,0,1,0.0,0.0,0.0,0.0,0.0,0.0,0,0.0,0.005785835466954162,15
7441.401167286,18.349999999999444,0,1,0.0,0.0,0.0,0.0,0.0,0.0,0,0.0,0.005785835466954162,15
7441.414253011,18.359999999999456,0,1,0.0,0.0,0.0,0.0,0.0,0.0,0,0.0,0.005785835466954162,16
7441.421350815,18.369999999999468,0,1,0.0,0.0,0.0,0.0,0.0,0.0,0,0.0,0.005785835466954162,20
7441.431279184,18.37999999999948,0,1,0.0,0.0,0.0,0.0,0.0,0.0,0,0.0,0.005785835466954162,20
7441.441344246,18.389999999999493,0,1,0.0,0.0,0.0,0.0,0.0,0.0,0,0.0,0.005785835466954162,20
7441.45134783,18.399999999999505,0,1,0.0,0.0,0.0,0.0,0.0,0.0,0,0.0,0.005785835466954162,25
7441.461296572,18.409999999999517,0,1,0.0,0.0,0.0,0.0,0.0,0.0,0,0.0,0.005785835466954162,25
7441.471447457,18.41999999999953,0,1,0.0,0.0,0.0,0.0,0.0,0.0,0,0.0,0.005785835466954162,26
7441.484306856,18.42999999999954,0,1,0.0,0.0,0.0,0.0,0.0,0.0,0,0.0,0.005785835466954162,29
7441.491116023,18.439999999999554,0,1,0.0,0.0,0.0,0.0,0.0,0.0,0,0.0,0.005785835466954162,33
7441.501446738,18.449999999999566,0,1,0.0,0.0,0.0,0.0,0.0,0.0,0,0.0,0.005785835466954162,33
7441.511133873,18.459999999999578,0,1,0.0,0.0,0.0,0.0,0.0,0.0,0,0.0,0.005785835466954162,33
7441.521111244,18.46999999999959,0,1,0.0,0.0,0.0,0.0,0.0,0.0,0,0.0,0.005785835466954162,37
7441.531085418,18.479999999999603,0,1,0.0,0.0,0.0,0.0,0.0,0.0,0,0.0,0.005785835466954162,37
7441.541399359,18.489999999999615,0,1,0.0,0.0,0.0,0.0,0.0,0.0,0,0.0,0.005785835466954162,37
7441.551298497,18.499999999999627,0,1,0.0,0.0,0.0,0.0,0.0,0.0,0,0.0,0.005785835466954162,40
7441.561316518,18.50999999999964,0,1,0.0,0.0,0.0,0.0,0.0,0.0,0,0.0,0.005785835466954162,40
7441.571352793,18.51999999999965,0,1,0.0,0.0,0.0,0.0,0.0,0.0,0,0.0,0.005785835466954162,40
7441.583454535,18.529999999999664,0,1,0.0,0.0,0.0,0.0,0.0,0.0,0,0.0,0.005785835466954162,41
7441.591440574,18.539999999999676,0,1,0.0,0.0,0.0,0.0,0.0,0.0,0,0.0,0.005785835466954162,43
7441.601468804,18.549999999999688,0,1,0.0,0.0,0.0,0.0,0.0,0.0,0,0.0,0.005785835466954162,43
7441.611288177,18.5599999999997,0,1,0.0,0.0,0.0,0.0,0.0,0.0,0,0.0,0.005785835466954162,43
7441.621290572,18.569999999999713,0,1,0.0,0.0,0.0,0.0,0.0,0.0,0,0.0,0.005785835466954162,47
7441.631323327,18.579999999999725,0,1,0.0,0.0,0.0,0.0,0.0,0.0,0,0.0,0.005785835466954162,47
7441.641328599,18.589999999999737,0,1,0.0,0.0,0.0,0.0,0.0,0.0,0,0.0,0.005785835466954162,47
7441.651130535,18.59999999999975,0,1,0.0,0.0,0.0,0.0,0.0,0.0,0,0.0,0.005785835466954162,50
7441.66163026,18.60999999999976,0,1,0.0,0.0,0.0,0.0,0.0,0.0,0,0.0,0.005785835466954162,50
7441.671258693,18.619999999999774,0,1,0.0,0.0,0.0,0.0,0.0,0.0,0,0.0,0.005785835466954162,50
7441.681091594,18.629999999999786,0,1,0.0,0.0,0.0,0.0,0.0,0.0,0,0.0,0.005785835466954162,50
7441.691317345,18.639999999999798,0,1,0.0,0.0,0.0,0.0,0.0,0.0,0,0.0,0.005785835466954162,52
7441.701221166,18.64999999999981,0,1,0.0,0.0,0.0,0.0,0.0,0.0,0,0.0,0.005785835466954162,52
7441.711178894,18.659999999999823,0,1,0.0,0.0,0.0,0.0,0.0,0.0,0,0.0,0.005785835466954162,52
7441.721141252,18.669999999999835,0,1,0.0,0.0,0.0,0.0,0.0,0.0,0,0.0,0.005785835466954162,55
7441.731173686,18.679999999999847,0,1,0.0,0.0,0.0,0.0,0.0,0.0,0,0.0,0.005785835466954162,55
7441.741157954,18.68999999999986,0,1,0.0,0.0,0.0,0.0,0.0,0.0,0,0.0,0.005785835466954162,55
7441.753251545,18.69999999999987,0,1,0.0,0.0,0.0,0.0,0.0,0.0,0,0.0,0.005785835466954162,56
7441.761291546,18.709999999999884,0,1,0.0,0.0,0.0,0.0,0.0,0.0,0,0.0,0.005785835466954162,58
7441.7712442,18.719999999999896,0,1,0.0,0.0,0.0,0.0,0.0,0.0,0,0.0,0.005785835466954162,58
7441.781347014,18.729999999999908,0,1,0.0,0.0,0.0,0.0,0.0,0.0,0,0.0,0.005785835466954162,58
7441.79124157,18.73999999999992,0,1,0.0,0.0,0.0,0.0,0.0,0.0,0,0.0,0.005785835466954162,61
7441.801285767,18.749999999999932,0,1,0.0,0.0,0.0,0.0,0.0,0.0,0,0.0,0.005785835466954162,61
7441.811226956,18.759999999999945,0,1,0.0,0.0,0.0,0.0,0.0,0.0,0,0.0,0.005785835466954162,61
7441.821268122,18.769999999999957,0,1,0.0,0.0,0.0,0.0,0.0,0.0,0,0.0,0.005785835466954162,64
7441.831424535,18.77999999999997,0,1,0.0,0.0,0.0,0.0,0.0,0.0,0,0.0,0.005785835466954162,65
7441.841194501,18.78999999999998,0,1,0.0,0.0,0.0,0.0,0.0,0.0,0,0.0,0.005785835466954162,65
7441.851161674,18.799999999999994,0,1,0.0,0.0,0.0,0.0,0.0,0.0,0,0.0,0.005785835466954162,65
7441.861187928,18.810000000000006,0,1,0.0,0.0,0.0,0.0,0.0,0.0,0,0.0,0.005785835466954162,67
7441.871169114,18.820000000000018,0,1,0.0,0.0,0.0,0.0,0.0,0.0,0,0.0,0.005785835466954162,67
7441.881360221,18.83000000000003,0,1,0.0,0.0,0.0,0.0,0.0,0.0,0,0.0,0.005785835466954162,68
7441.892487395,18.840000000000042,0,1,0.0,0.0,0.0,0.0,0.0,0.0,0,0.0,0.005785835466954162,73
7441.90134197,18.850000000000055,0,1,0.0,0.0,0.0,0.0,0.0,0.0,0,0.0,0.005785835466954162,74
7441.911334888,18.860000000000067,0,1,0.0,0.0,0.0,0.0,0.0,0.0,0,0.0,0.005785835466954162,75
7441.922877533,18.87000000000008,0,1,0.0,0.0,0.0,0.0,0.0,0.0,0,0.0,0.005785835466954162,76
7441.931094075,18.88000000000009,0,1,0.0,0.0,0.0,0.0,0.0,0.0,0,0.0,0.005785835466954162,78
7441.941365703,18.890000000000104,0,1,0.0,0.0,0.0,0.0,0.0,0.0,0,0.0,0.005785835466954162,79
7441.951542793,18.900000000000116,0,1,0.0,0.0,0.0,0.0,0.0,0.0,0,0.0,0.005785835466954162,79
7441.961296278,18.910000000000128,0,1,0.0,0.0,0.0,0.0,0.0,0.0,0,0.0,0.005785835466954162,82
7441.971118867,18.92000000000014,0,1,0.0,0.0,0.0,0.0,0.0,0.0,0,0.0,0.005785835466954162,82
7441.981131092,18.930000000000152,0,1,0.0,0.0,0.0,0.0,0.0,0.0,0,0.0,0.005785835466954162,82
7441.991111363,18.940000000000165,0,1,0.0,0.0,0.0,0.0,0.0,0.0,0,0.0,0.005785835466954162,84
7442.001222539,18.950000000000177,0,1,0.0,0.0,0.0,0.0,0.0,0.0,0,0.0,0.005785835466954162,84
7442.01111091,18.96000000000019,0,1,0.0,0.0,0.0,0.0,0.0,0.0,0,0.0,0.005785835466954162,84
7442.02129434,18.9700000000002,0,1,0.0,0.0,0.0,0.0,0.0,0.0,0,0.0,0.005785835466954162,84
7442.031100698,18.980000000000214,0,1,0.0,0.0,0.0,0.0,0.0,0.0,0,0.0,0.005785835466954162,88
7442.041084767,18.990000000000226,0,1,0.0,0.0,0.0,0.0,0.0,0.0,0,0.0,0.005785835466954162,88
7442.051115033,19.000000000000238,0,1,0.0,0.0,0.0,0.0,0.0,0.0,0,0.0,0.005785835466954162,88
7442.06134217,19.01000000000025,0,1,0.0,0.0,0.0,0.0,0.0,0.0,0,0.0,0.005785835466954162,91
7442.071189052,19.020000000000262,0,1,0.0,0.0,0.0,0.0,0.0,0.0,0,0.0,0.005785835466954162,92
7442.081319563,19.030000000000275,0,1,0.0,0.0,0.0,0.0,0.0,0.0,0,0.0,0.005785835466954162,92
7442.097580143,19.040000000000287,0,1,0.0,0.0,0.0,0.0,0.0,0.0,0,0.0,0.005785835466954162,93
7442.107538128,19.0500000000003,0,1,0.0,0.0,0.0,0.0,0.0,0.0,0,0.0,0.005785835466954162,93
7442.11758059,19.06000000000031,0,1,0.0,0.0,0.0,0.0,0.0,0.0,0,0.0,0.005785835466954162,93
7442.132642012,19.070000000000324,0,1,0.0,0.0,0.0,0.0,0.0,0.0,0,0.0,0.005785835466954162,94
7442.14273109,19.080000000000336,0,1,0.0,0.0,0.0,0.0,0.0,0.0,0,0.0,0.005785835466954162,94
7442.152631434,19.090000000000348,0,1,0.0,0.0,0.0,0.0,0.0,0.0,0,0.0,0.005785835466954162,94
7442.162549031,19.10000000000036,0,1,0.0,0.0,0.0,0.0,0.0,0.0,0,0.0,0.005785835466954162,99
7442.172656715,19.110000000000372,0,1,0.0,0.0,0.0,0.0,0.0,0.0,0,0.0,0.005785835466954162,99
7442.182714975,19.120000000000385,0,1,0.0,0.0,0.0,0.0,0.0,0.0,0,0.0,0.005785835466954162,99
7442.197603609,19.130000000000397,0,1,0.0,0.0,0.0,0.0,0.0,0.0,0,0.0,0.005785835466954162,100
7442.202716315,19.14000000000041,0,1,0.0,0.0,0.0,0.0,0.0,0.0,0,0.0,0.005785835466954162,107
7442.21272329,19.15000000000042,0,1,0.0,0.0,0.0,0.0,0.0,0.0,0,0.0,0.005785835466954162,107
7442.222700637,19.160000000000434,0,1,0.0,0.0,0.0,0.0,0.0,0.0,0,0.0,0.005785835466954162,107
7442.232586854,19.170000000000446,0,1,0.0,0.0,0.0,0.0,0.0,0.0,0,0.0,0.005785835466954162,114
7442.242641733,19.180000000000458,0,1,0.0,0.0,0.0,0.0,0.0,0.0,0,0.0,0.005785835466954162,114
7442.252597022,19.19000000000047,0,1,0.0,0.0,0.0,0.0,0.0,0.0,0,0.0,0.005785835466954162,114
7442.263405531,19.200000000000482,0,1,0.0,0.0,0.0,0.0,0.0,0.0,0,0.0,0.005785835466954162,118
7442.272717279,19.210000000000495,0,1,0.0,0.0,0.0,0.0,0.0,0.0,0,0.0,0.005785835466954162,119
7442.282686899,19.220000000000507,0,1,0.0,0.0,0.0,0.0,0.0,0.0,0,0.0,0.005785835466954162,120
7442.292709734,19.23000000000052,0,1,0.0,0.0,0.0,0.0,0.0,0.0,0,0.0,0.005785835466954162,1
7442.308023696,19.24000000000053,0,1,0.0,0.0,0.0,0.0,0.0,0.0,0,0.0,0.005785835466954162,2
7442.318073195,19.250000000000544,0,1,0.0,0.0,0.0,0.0,0.0,0.0,0,0.0,0.005785835466954162,2
7442.327947346,19.260000000000556,0,1,0.0,0.0,0.0,0.0,0.0,0.0,0,0.0,0.005785835466954162,2
7442.338145076,19.270000000000568,0,1,0.0,0.0,0.0,0.0,0.0,0.0,0,0.0,0.005785835466954162,4
7442.347963809,19.28000000000058,0,1,0.0,0.0,0.0,0.0,0.0,0.0,0,0.0,0.005785835466954162,4
7442.357956452,19.290000000000592,0,1,0.0,0.0,0.0,0.0,0.0,0.0,0,0.0,0.005785835466954162,4
7442.367990959,19.300000000000605,0,1,0.0,0.0,0.0,0.0,0.0,0.0,0,0.0,0.005785835466954162,8
7442.378066458,19.310000000000617,0,1,0.0,0.0,0.0,0.0,0.0,0.0,0,0.0,0.005785835466954162,8
7442.387960186,19.32000000000063,0,1,0.0,0.0,0.0,0.0,0.0,0.0,0,0.0,0.005785835466954162,8
7442.399588143,19.33000000000064,0,1,0.0,0.0,0.0,0.0,0.0,0.0,0,0.0,0.005785835466954162,11
7442.407983294,19.340000000000654,0,1,0.0,0.0,0.0,0.0,0.0,0.0,0,0.0,0.005785835466954162,12
7442.41796023,19.350000000000666,0,1,0.0,0.0,0.0,0.0,0.0,0.0,0,0.0,0.005785835466954162,12
7442.428218496,19.360000000000678,0,1,0.0,0.0,0.0,0.0,0.0,0.0,0,0.0,0.005785835466954162,12
7442.437994133,19.37000000000069,0,1,0.0,0.0,0.0,0.0,0.0,0.0,0,0.0,0.005785835466954162,17
7442.448220212,19.380000000000702,0,1,0.0,0.0,0.0,0.0,0.0,0.0,0,0.0,0.005785835466954162,24
7442.458014335,19.390000000000715,0,1,0.0,0.0,0.0,0.0,0.0,0.0,0,0.0,0.005785835466954162,25
7442.474474054,19.400000000000727,0,1,0.0,0.0,0.0,0.0,0.0,0.0,0,0.0,0.005785835466954162,26
7442.484280503,19.41000000000074,0,1,0.0,0.0,0.0,0.0,0.0,0.0,0,0.0,0.005785835466954162,26
7442.494247731,19.42000000000075,0,1,0.0,0.0,0.0,0.0,0.0,0.0,0,0.0,0.005785835466954162,26
7442.50442906,19.430000000000764,0,1,0.0,0.0,0.0,0.0,0.0,0.0,0,0.0,0.005785835466954162,32
7442.514341951,19.440000000000776,0,1,0.0,0.0,0.0,0.0,0.0,0.0,0,0.0,0.005785835466954162,32
7442.524241304,19.450000000000788,0,1,0.0,0.0,0.0,0.0,0.0,0.0,0,0.0,0.005785835466954162,32
7442.534237481,19.4600000000008,0,1,0.0,0.0,0.0,0.0,0.0,0.0,0,0.0,0.005785835466954162,35
7442.544662513,19.470000000000812,0,1,0.0,0.0,0.0,0.0,0.0,0.0,0,0.0,0.005785835466954162,35
7442.554756993,19.480000000000825,0,1,0.0,0.0,0.0,0.0,0.0,0.0,0,0.0,0.005785835466954162,35
7442.564279741,19.490000000000837,0,1,0.0,0.0,0.0,0.0,0.0,0.0,0,0.0,0.005785835466954162,38
7442.574368128,19.50000000000085,0,1,0.0,0.0,0.0,0.0,0.0,0.0,0,0.0,0.005785835466954162,43
7442.584262754,19.51000000000086,0,1,0.0,0.0,0.0,0.0,0.0,0.0,0,0.0,0.005785835466954162,43
7442.594301325,19.520000000000874,0,1,0.0,0.0,0.0,0.0,0.0,0.0,0,0.0,0.005785835466954162,43
7442.604289975,19.530000000000886,0,1,0.0,0.0,0.0,0.0,0.0,0.0,0,0.0,0.005785835466954162,46
7442.614298135,19.540000000000898,0,1,0.0,0.0,0.0,0.0,0.0,0.0,0,0.0,0.005785835466954162,46
7442.624272221,19.55000000000091,0,1,0.0,0.0,0.0,0.0,0.0,0.0,0,0.0,0.005785835466954162,46
7442.63513554,19.560000000000922,0,1,0.0,0.0,0.0,0.0,0.0,0.0,0,0.0,0.005785835466954162,48
7442.644247641,19.570000000000935,0,1,0.0,0.0,0.0,0.0,0.0,0.0,0,0.0,0.005785835466954162,49
7442.654226196,19.580000000000947,0,1,0.0,0.0,0.0,0.0,0.0,0.0,0,0.0,0.005785835466954162,49
7442.664489685,19.59000000000096,0,1,0.0,0.0,0.0,0.0,0.0,0.0,0,0.0,0.005785835466954162,49
7442.679978537,19.60000000000097,0,1,0.0,0.0,0.0,0.0,0.0,0.0,0,0.0,0.005785835466954162,52
7442.689794539,19.610000000000984,0,1,0.0,0.0,0.0,0.0,0.0,0.0,0,0.0,0.005785835466954162,54
7442.699695497,19.620000000000996,0,1,0.0,0.0,0.0,0.0,0.0,0.0,0,0.0,0.005785835466954162,54
7442.709926505,19.630000000001008,0,1,0.0,0.0,0.0,0.0,0.0,0.0,0,0.0,0.005785835466954162,59
7442.719660983,19.64000000000102,0,1,0.0,0.0,0.0,0.0,0.0,0.0,0,0.0,0.005785835466954162,59
7442.729634023,19.650000000001032,0,1,0.0,0.0,0.0,0.0,0.0,0.0,0,0.0,0.005785835466954162,59
7442.739633185,19.660000000001045,0,1,0.0,0.0,0.0,0.0,0.0,0.0,0,0.0,0.005785835466954162,62
7442.749640937,19.670000000001057,0,1,0.0,0.0,0.0,0.0,0.0,0.0,0,0.0,0.005785835466954162,63
7442.759645264,19.68000000000107,0,1,0.0,0.0,0.0,0.0,0.0,0.0,0,0.0,0.005785835466954162,63
7442.771929922,19.69000000000108,0,1,0.0,0.0,0.0,0.0,0.0,0.0,0,0.0,0.005785835466954162,64
7442.779688024,19.700000000001094,0,1,0.0,0.0,0.0,0.0,0.0,0.0,0,0.0,0.005785835466954162,66
7442.789750108,19.710000000001106,0,1,0.0,0.0,0.0,0.0,0.0,0.0,0,0.0,0.005785835466954162,66
7442.799622585,19.720000000001118,0,1,0.0,0.0,0.0,0.0,0.0,0.0,0,0.0,0.005785835466954162,66
7442.809651564,19.73000000000113,0,1,0.0,0.0,0.0,0.0,0.0,0.0,0,0.0,0.005785835466954162,69
7442.819632511,19.740000000001142,0,1,0.0,0.0,0.0,0.0,0.0,0.0,0,0.0,0.005785835466954162,69
7442.829672388,19.750000000001155,0,1,0.0,0.0,0.0,0.0,0.0,0.0,0,0.0,0.005785835466954162,69
7442.842914235,19.760000000001167,0,1,0.0,0.0,0.0,0.0,0.0,0.0,0,0.0,0.005785835466954162,72
7442.849796373,19.77000000000118,0,1,0.0,0.0,0.0,0.0,0.0,0.0,0,0.0,0.005785835466954162,76
7442.859756079,19.78000000000119,0,1,0.0,0.0,0.0,0.0,0.0,0.0,0,0.0,0.005785835466954162,79
7442.869797164,19.790000000001204,0,1,0.0,0.0,0.0,0.0,0.0,0.0,0,0.0,0.005785835466954162,79
7442.885092617,19.800000000001216,0,1,0.0,0.0,0.0,0.0,0.0,0.0,0,0.0,0.005785835466954162,80
7442.89492983,19.810000000001228,0,1,0.0,0.0,0.0,0.0,0.0,0.0,0,0.0,0.005785835466954162,80
7442.905938162,19.82000000000124,0,1,0.0,0.0,0.0,0.0,0.0,0.0,0,0.0,0.005785835466954162,82
7442.921122336,19.830000000001252,0,1,0.0,0.0,0.0,0.0,0.0,0.0,0,0.0,0.005785835466954162,83
7442.931033699,19.840000000001265,0,1,0.0,0.0,0.0,0.0,0.0,0.0,0,0.0,0.005785835466954162,83
7442.946013887,19.850000000001277,0,1,0.0,0.0,0.0,0.0,0.0,0.0,0,0.0,0.005785835466954162,87
7442.956184484,19.86000000000129,0,1,0.0,0.0,0.0,0.0,0.0,0.0,0,0.0,0.005785835466954162,87
7442.966156191,19.8700000000013,0,1,0.0,0.0,0.0,0.0,0.0,0.0,0,0.0,0.005785835466954162,87
7442.975928867,19.880000000001314,0,1,0.0,0.0,0.0,0.0,0.0,0.0,0,0.0,0.005785835466954162,90
7442.986180515,19.890000000001326,0,1,0.0,0.0,0.0,0.0,0.0,0.0,0,0.0,0.005785835466954162,90
7442.996065633,19.900000000001338,0,1,0.0,0.0,0.0,0.0,0.0,0.0,0,0.0,0.005785835466954162,90
7443.005998664,19.91000000000135,0,1,0.0,0.0,0.0,0.0,0.0,0.0,0,0.0,0.005785835466954162,90
7443.015957093,19.920000000001362,0,1,0.0,0.0,0.0,0.0,0.0,0.0,0,0.0,0.005785835466954162,95
7443.026014607,19.930000000001375,0,1,0.0,0.0,0.0,0.0,0.0,0.0,0,0.0,0.005785835466954162,95
7443.036569702,19.940000000001387,0,1,0.0,0.0,0.0,0.0,0.0,0.0,0,0.0,0.005785835466954162,96
7443.051191775,19.9500000000014,0,1,0.0,0.0,0.0,0.0,0.0,0.0,0,0.0,0.005785835466954162,98
7443.061419959,19.96000000000141,0,1,0.0,0.0,0.0,0.0,0.0,0.0,0,0.0,0.005785835466954162,98
7443.071196404,19.970000000001424,0,1,0.0,0.0,0.0,0.0,0.0,0.0,0,0.0,0.005785835466954162,98
7443.086196786,19.980000000001436,0,1,0.0,0.0,0.0,0.0,0.0,0.0,0,0.0,0.005785835466954162,99
7443.096149477,19.990000000001448,0,1,0.0,0.0,0.0,0.0,0.0,0.0,0,0.0,0.005785835466954162,99
7443.106216426,20.00000000000146,0,1,0.0,0.0,0.0,0.0,0.0,0.0,0,0.0,0.005785835466954162,100
7443.116168135,20.010000000001472,0,1,0.0,0.0,0.0,0.0,0.0,0.0,0,0.0,0.005785835466954162,103
7443.126292789,20.020000000001485,0,1,0.0,0.0,0.0,0.0,0.0,0.0,0,0.0,0.005785835466954162,103
7443.136272157,20.030000000001497,0,1,0.0,0.0,0.0,0.0,0.0,0.0,0,0.0,0.005785835466954162,104
7443.149714682,20.04000000000151,0,1,0.0,0.0,0.0,0.0,0.0,0.0,0,0.0,0.005785835466954162,108
7443.156233758,20.05000000000152,0,1,0.0,0.0,0.0,0.0,0.0,0.0,0,0.0,0.005785835466954162,112
7443.1661869,20.060000000001533,0,1,0.0,0.0,0.0,0.0,0.0,0.0,0,0.0,0.005785835466954162,112
7443.176158556,20.070000000001546,0,1,0.0,0.0,0.0,0.0,0.0,0.0,0,0.0,0.005785835466954162,112
7443.186182735,20.080000000001558,0,1,0.0,0.0,0.0,0.0,0.0,0.0,0,0.0,0.005785835466954162,116
7443.196188008,20.09000000000157,0,1,0.0,0.0,0.0,0.0,0.0,0.0,0,0.0,0.005785835466954162,116
7443.206181493,20.100000000001582,0,1,0.0,0.0,0.0,0.0,0.0,0.0,0,0.0,0.005785835466954162,116
7443.216197769,20.110000000001595,0,1,0.0,0.0,0.0,0.0,0.0,0.0,0,0.0,0.005785835466954162,121
7443.226179652,20.120000000001607,0,1,0.0,0.0,0.0,0.0,0.0,0.0,0,0.0,0.005785835466954162,121
7443.236145166,20.13000000000162,0,1,0.0,0.0,0.0,0.0,0.0,0.0,0,0.0,0.005785835466954162,121
7443.247278681,20.14000000000163,0,1,0.0,0.0,0.0,0.0,0.0,0.0,0,0.0,0.005785835466954162,124
7443.256335355,20.150000000001643,0,1,0.0,0.0,0.0,0.0,0.0,0.0,0,0.0,0.005785835466954162,125
7443.266305298,20.160000000001656,0,1,0.0,0.0,0.0,0.0,0.0,0.0,0,0.0,0.005785835466954162,125
7443.276216363,20.170000000001668,0,1,0.0,0.0,0.0,0.0,0.0,0.0,0,0.0,0.005785835466954162,125
7443.286364343,20.18000000000168,0,1,0.0,0.0,0.0,0.0,0.0,0.0,0,0.0,0.005785835466954162,129
7443.296297712,20.190000000001692,0,1,0.0,0.0,0.0,0.0,0.0,0.0,0,0.0,0.005785835466954162,0
7443.306194384,20.200000000001705,0,1,0.0,0.0,0.0,0.0,0.0,0.0,0,0.0,0.005785835466954162,0
7443.316148605,20.210000000001717,0,1,0.0,0.0,0.0,0.0,0.0,0.0,0,0.0,0.005785835466954162,5
7443.326418692,20.22000000000173,0,1,0.0,0.0,0.0,0.0,0.0,0.0,0,0.0,0.005785835466954162,5
7443.336185304,20.23000000000174,0,1,0.0,0.0,0.0,0.0,0.0,0.0,0,0.0,0.005785835466954162,5
7443.350678048,20.240000000001753,0,1,0.0,0.0,0.0,0.0,0.0,0.0,0,0.0,0.005785835466954162,7
7443.356124416,20.250000000001766,0,1,0.0,0.0,0.0,0.0,0.0,0.0,0,0.0,0.005785835466954162,13
7443.366430722,20.260000000001778,0,1,0.0,0.0,0.0,0.0,0.0,0.0,0,0.0,0.005785835466954162,13
7443.376090964,20.27000000000179,0,1,0.0,0.0,0.0,0.0,0.0,0.0,0,0.0,0.005785835466954162,13
7443.386132649,20.280000000001802,0,1,0.0,0.0,0.0,0.0,0.0,0.0,0,0.0,0.005785835466954162,15
7443.396332043,20.290000000001815,0,1,0.0,0.0,0.0,0.0,0.0,0.0,0,0.0,0.005785835466954162,16
7443.406383587,20.300000000001827,0,1,0.0,0.0,0.0,0.0,0.0,0.0,0,0.0,0.005785835466954162,17
7443.416073998,20.31000000000184,0,1,0.0,0.0,0.0,0.0,0.0,0.0,0,0.0,0.005785835466954162,19
7443.426235761,20.32000000000185,0,1,0.0,0.0,0.0,0.0,0.0,0.0,0,0.0,0.005785835466954162,19
7443.436185587,20.330000000001863,0,1,0.0,0.0,0.0,0.0,0.0,0.0,0,0.0,0.005785835466954162,19
7443.446164034,20.340000000001876,0,1,0.0,0.0,0.0,0.0,0.0,0.0,0,0.0,0.005785835466954162,19
7443.456384813,20.350000000001888,0,1,0.0,0.0,0.0,0.0,0.0,0.0,0,0.0,0.005785835466954162,21
7443.4663045,20.3600000000019,0,1,0.0,0.0,0.0,0.0,0.0,0.0,0,0.0,0.005785835466954162,22
7443.476177749,20.370000000001912,0,1,0.0,0.0,0.0,0.0,0.0,0.0,0,0.0,0.005785835466954162,22
7443.486231353,20.380000000001925,0,1,0.0,0.0,0.0,0.0,0.0,0.0,0,0.0,0.005785835466954162,25
7443.496319984,20.390000000001937,0,1,0.0,0.0,0.0,0.0,0.0,0.0,0,0.0,0.005785835466954162,25
7443.506336732,20.40000000000195,0,1,0.0,0.0,0.0,0.0,0.0,0.0,0,0.0,0.005785835466954162,25
7443.519668707,20.41000000000196,0,1,0.0,0.0,0.0,0.0,0.0,0.0,0,0.0,0.005785835466954162,26
7443.526364728,20.420000000001973,0,1,0.0,0.0,0.0,0.0,0.0,0.0,0,0.0,0.005785835466954162,30
7443.536308721,20.430000000001986,0,1,0.0,0.0,0.0,0.0,0.0,0.0,0,0.0,0.005785835466954162,30
7443.546328776,20.440000000001998,0,1,0.0,0.0,0.0,0.0,0.0,0.0,0,0.0,0.005785835466954162,30
7443.55618785,20.45000000000201,0,1,0.0,0.0,0.0,0.0,0.0,0.0,0,0.0,0.005785835466954162,33
7443.566279447,20.460000000002022,0,1,0.0,0.0,0.0,0.0,0.0,0.0,0,0.0,0.005785835466954162,33
7443.576187502,20.470000000002035,0,1,0.0,0.0,0.0,0.0,0.0,0.0,0,0.0,0.005785835466954162,33
7443.586683226,20.480000000002047,0,1,0.0,0.0,0.0,0.0,0.0,0.0,0,0.0,0.005785835466954162,37
7443.596367937,20.49000000000206,0,1,0.0,0.0,0.0,0.0,0.0,0.0,0,0.0,0.005785835466954162,37
7443.606272037,20.50000000000207,0,1,0.0,0.0,0.0,0.0,0.0,0.0,0,0.0,0.005785835466954162,37
7443.616308727,20.510000000002083,0,1,0.0,0.0,0.0,0.0,0.0,0.0,0,0.0,0.005785835466954162,37
7443.626297955,20.520000000002096,0,1,0.0,0.0,0.0,0.0,0.0,0.0,0,0.0,0.005785835466954162,40
7443.636367708,20.530000000002108,0,1,0.0,0.0,0.0,0.0,0.0,0.0,0,0.0,0.005785835466954162,40
7443.646289138,20.54000000000212,0,1,0.0,0.0,0.0,0.0,0.0,0.0,0,0.0,0.005785835466954162,40
7443.656320741,20.550000000002132,0,1,0.0,0.0,0.0,0.0,0.0,0.0,0,0.0,0.005785835466954162,43
7443.666409199,20.560000000002145,0,1,0.0,0.0,0.0,0.0,0.0,0.0,0,0.0,0.005785835466954162,43
7443.676290016,20.570000000002157,0,1,0.0,0.0,0.0,0.0,0.0,0.0,0,0.0,0.005785835466954162,43
7443.689695393,20.58000000000217,0,1,0.0,0.0,0.0,0.0,0.0,0.0,0,0.0,0.005785835466954162,44
7443.696477245,20.59000000000218,0,1,0.0,0.0,0.0,0.0,0.0,0.0,0,0.0,0.005785835466954162,48
7443.706329831,20.600000000002193,0,1,0.0,0.0,0.0,0.0,0.0,0.0,0,0.0,0.005785835466954162,48
7443.716434046,20.610000000002206,0,1,0.0,0.0,0.0,0.0,0.0,0.0,0,0.0,0.005785835466954162,48
7443.726325914,20.620000000002218,0,1,0.0,0.0,0.0,0.0,0.0,0.0,0,0.0,0.005785835466954162,51
7443.736390797,20.63000000000223,0,1,0.0,0.0,0.0,0.0,0.0,0.0,0,0.0,0.005785835466954162,51
7443.746261793,20.640000000002242,0,1,0.0,0.0,0.0,0.0,0.0,0.0,0,0.0,0.005785835466954162,51
7443.756425238,20.650000000002255,0,1,0.0,0.0,0.0,0.0,0.0,0.0,0,0.0,0.005785835466954162,54
7443.766265281,20.660000000002267,0,1,0.0,0.0,0.0,0.0,0.0,0.0,0,0.0,0.005785835466954162,54
7443.776251118,20.67000000000228,0,1,0.0,0.0,0.0,0.0,0.0,0.0,0,0.0,0.005785835466954162,54
7443.78637413,20.68000000000229,0,1,0.0,0.0,0.0,0.0,0.0,0.0,0,0.0,0.005785835466954162,54
7443.79635001,20.690000000002303,0,1,0.0,0.0,0.0,0.0,0.0,0.0,0,0.0,0.005785835466954162,57
7443.80627523,20.700000000002316,0,1,0.0,0.0,0.0,0.0,0.0,0.0,0,0.0,0.005785835466954162,57
7443.816184643,20.710000000002328,0,1,0.0,0.0,0.0,0.0,0.0,0.0,0,0.0,0.005785835466954162,57
7443.826306255,20.72000000000234,0,1,0.0,0.0,0.0,0.0,0.0,0.0,0,0.0,0.005785835466954162,60
7443.836308378,20.730000000002352,0,1,0.0,0.0,0.0,0.0,0.0,0.0,0,0.0,0.005785835466954162,60
7443.846102048,20.740000000002365,0,1,0.0,0.0,0.0,0.0,0.0,0.0,0,0.0,0.005785835466954162,60
7443.859311876,20.750000000002377,0,1,0.0,0.0,0.0,0.0,0.0,0.0,0,0.0,0.005785835466954162,62
7443.866299157,20.76000000000239,0,1,0.0,0.0,0.0,0.0,0.0,0.0,0,0.0,0.005785835466954162,65
7443.876280549,20.7700000000024,0,1,0.0,0.0,0.0,0.0,0.0,0.0,0,0.0,0.005785835466954162,65
7443.886278331,20.780000000002413,0,1,0.0,0.0,0.0,0.0,0.0,0.0,0,0.0,0.005785835466954162,65
7443.89635607,20.790000000002426,0,1,0.0,0.0,0.0,0.0,0.0,0.0,0,0.0,0.005785835466954162,68
7443.906383605,20.800000000002438,0,1,0.0,0.0,0.0,0.0,0.0,0.0,0,0.0,0.005785835466954162,68
7443.916329879,20.81000000000245,0,1,0.0,0.0,0.0,0.0,0.0,0.0,0,0.0,0.005785835466954162,68
7443.926442669,20.820000000002462,0,1,0.0,0.0,0.0,0.0,0.0,0.0,0,0.0,0.005785835466954162,71
7443.936166062,20.830000000002475,0,1,0.0,0.0,0.0,0.0,0.0,0.0,0,0.0,0.005785835466954162,71
7443.946298406,20.840000000002487,0,1,0.0,0.0,0.0,0.0,0.0,0.0,0,0.0,0.005785835466954162,71
7443.956257402,20.8500000000025,0,1,0.0,0.0,0.0,0.0,0.0,0.0,0,0.0,0.005785835466954162,71
7443.966269209,20.86000000000251,0,1,0.0,0.0,0.0,0.0,0.0,0.0,0,0.0,0.005785835466954162,74
7443.976201378,20.870000000002523,0,1,0.0,0.0,0.0,0.0,0.0,0.0,0,0.0,0.005785835466954162,74
7443.986336331,20.880000000002536,0,1,0.0,0.0,0.0,0.0,0.0,0.0,0,0.0,0.005785835466954162,74
7443.996583792,20.890000000002548,0,1,0.0,0.0,0.0,0.0,0.0,0.0,0,0.0,0.005785835466954162,79
7444.006314234,20.90000000000256,0,1,0.0,0.0,0.0,0.0,0.0,0.0,0,0.0,0.005785835466954162,79
7444.016289953,20.910000000002572,0,1,0.0,0.0,0.0,0.0,0.0,0.0,0,0.0,0.005785835466954162,79
7444.028824974,20.920000000002585,0,1,0.0,0.0,0.0,0.0,0.0,0.0,0,0.0,0.005785835466954162,81
7444.03630649,20.930000000002597,0,1,0.0,0.0,0.0,0.0,0.0,0.0,0,0.0,0.005785835466954162,84
7444.04631761,20.94000000000261,0,1,0.0,0.0,0.0,0.0,0.0,0.0,0,0.0,0.005785835466954162,84
7444.05635924,20.95000000000262,0,1,0.0,0.0,0.0,0.0,0.0,0.0,0,0.0,0.005785835466954162,84
7444.066332647,20.960000000002633,0,1,0.0,0.0,0.0,0.0,0.0,0.0,0,0.0,0.005785835466954162,88
7444.076326284,20.970000000002646,0,1,0.0,0.0,0.0,0.0,0.0,0.0,0,0.0,0.005785835466954162,88
7444.086383552,20.980000000002658,0,1,0.0,0.0,0.0,0.0,0.0,0.0,0,0.0,0.005785835466954162,88
7444.096101652,20.99000000000267,0,1,0.0,0.0,0.0,0.0,0.0,0.0,0,0.0,0.005785835466954162,91
7444.106282728,21.000000000002682,0,1,0.0,0.0,0.0,0.0,0.0,0.0,0,0.0,0.005785835466954162,91
7444.116396392,21.010000000002695,0,1,0.0,0.0,0.0,0.0,0.0,0.0,0,0.0,0.005785835466954162,91
7444.12631499,21.020000000002707,0,1,0.0,0.0,0.0,0.0,0.0,0.0,0,0.0,0.005785835466954162,91
7444.136203395,21.03000000000272,0,1,0.0,0.0,0.0,0.0,0.0,0.0,0,0.0,0.005785835466954162,95
7444.146165483,21.04000000000273,0,1,0.0,0.0,0.0,0.0,0.0,0.0,0,0.0,0.005785835466954162,95
7444.156221498,21.050000000002743,0,1,0.0,0.0,0.0,0.0,0.0,0.0,0,0.0,0.005785835466954162,95
7444.166358772,21.060000000002756,0,1,0.0,0.0,0.0,0.0,0.0,0.0,0,0.0,0.005785835466954162,98
7444.176282069,21.070000000002768,0,1,0.0,0.0,0.0,0.0,0.0,0.0,0,0.0,0.005785835466954162,98
7444.186187217,21.08000000000278,0,1,0.0,0.0,0.0,0.0,0.0,0.0,0,0.0,0.005785835466954162,98
7444.197366135,21.090000000002792,0,1,0.0,0.0,0.0,0.0,0.0,0.0,0,0.0,0.005785835466954162,100
7444.206285885,21.100000000002805,0,1,0.0,0.0,0.0,0.0,0.0,0.0,0,0.0,0.005785835466954162,101
7444.216322176,21.110000000002817,0,1,0.0,0.0,0.0,0.0,0.0,0.0,0,0.0,0.005785835466954162,101
7444.226195885,21.12000000000283,0,1,0.0,0.0,0.0,0.0,0.0,0.0,0,0.0,0.005785835466954162,101
7444.236329436,21.13000000000284,0,1,0.0,0.0,0.0,0.0,0.0,0.0,0,0.0,0.005785835466954162,104
7444.246383598,21.140000000002853,0,1,0.0,0.0,0.0,0.0,0.0,0.0,0,0.0,0.005785835466954162,104
7444.256431831,21.150000000002866,0,1,0.0,0.0,0.0,0.0,0.0,0.0,0,0.0,0.005785835466954162,104
7444.266155688,21.160000000002878,0,1,0.0,0.0,0.0,0.0,0.0,0.0,0,0.0,0.005785835466954162,107
7444.276344893,21.17000000000289,0,1,0.0,0.0,0.0,0.0,0.0,0.0,0,0.0,0.005785835466954162,107
7444.286382962,21.180000000002902,0,1,0.0,0.0,0.0,0.0,0.0,0.0,0,0.0,0.005785835466954162,107
7444.296234812,21.190000000002915,0,1,0.0,0.0,0.0,0.0,0.0,0.0,0,0.0,0.005785835466954162,0
7444.306433595,21.200000000002927,0,1,0.0,0.0,0.0,0.0,0.0,0.0,0,0.0,0.005785835466954162,3
7444.316312602,21.21000000000294,0,1,0.0,0.0,0.0,0.0,0.0,0.0,0,0.0,0.005785835466954162,3
7444.326382199,21.22000000000295,0,1,0.0,0.0,0.0,0.0,0.0,0.0,0,0.0,0.005785835466954162,3
7444.336306617,21.230000000002963,0,1,0.0,0.0,0.0,0.0,0.0,0.0,0,0.0,0.005785835466954162,6
7444.346311006,21.240000000002976,0,1,0.0,0.0,0.0,0.0,0.0,0.0,0,0.0,0.005785835466954162,6
7444.356345082,21.250000000002988,0,1,0.0,0.0,0.0,0.0,0.0,0.0,0,0.0,0.005785835466954162,6
7444.369209637,21.260000000003,0,1,0.0,0.0,0.0,0.0,0.0,0.0,0,0.0,0.005785835466954162,10
7444.376321565,21.270000000003012,0,1,0.0,0.0,0.0,0.0,0.0,0.0,0,0.0,0.005785835466954162,13
7444.386462792,21.280000000003024,0,1,0.0,0.0,0.0,0.0,0.0,0.0,0,0.0,0.005785835466954162,13
7444.396294246,21.290000000003037,0,1,0.0,0.0,0.0,0.0,0.0,0.0,0,0.0,0.005785835466954162,13
7444.40635668,21.30000000000305,0,1,0.0,0.0,0.0,0.0,0.0,0.0,0,0.0,0.005785835466954162,16
7444.416412525,21.31000000000306,0,1,0.0,0.0,0.0,0.0,0.0,0.0,0,0.0,0.005785835466954162,16
7444.42621341,21.320000000003073,0,1,0.0,0.0,0.0,0.0,0.0,0.0,0,0.0,0.005785835466954162,16
7444.436133009,21.330000000003086,0,1,0.0,0.0,0.0,0.0,0.0,0.0,0,0.0,0.005785835466954162,19
7444.446316843,21.340000000003098,0,1,0.0,0.0,0.0,0.0,0.0,0.0,0,0.0,0.005785835466954162,19
7444.456309999,21.35000000000311,0,1,0.0,0.0,0.0,0.0,0.0,0.0,0,0.0,0.005785835466954162,19
7444.466215683,21.360000000003122,0,1,0.0,0.0,0.0,0.0,0.0,0.0,0,0.0,0.005785835466954162,19
7444.476301955,21.370000000003134,0,1,0.0,0.0,0.0,0.0,0.0,0.0,0,0.0,0.005785835466954162,22
7444.486299318,21.380000000003147,0,1,0.0,0.0,0.0,0.0,0.0,0.0,0,0.0,0.005785835466954162,22
7444.4962901,21.39000000000316,0,1,0.0,0.0,0.0,0.0,0.0,0.0,0,0.0,0.005785835466954162,22
7444.506402075,21.40000000000317,0,1,0.0,0.0,0.0,0.0,0.0,0.0,0,0.0,0.005785835466954162,26
7444.51649869,21.410000000003183,0,1,0.0,0.0,0.0,0.0,0.0,0.0,0,0.0,0.005785835466954162,26
7444.526168323,21.420000000003196,0,1,0.0,0.0,0.0,0.0,0.0,0.0,0,0.0,0.005785835466954162,26
7444.537982511,21.430000000003208,0,1,0.0,0.0,0.0,0.0,0.0,0.0,0,0.0,0.005785835466954162,28
7444.546191034,21.44000000000322,0,1,0.0,0.0,0.0,0.0,0.0,0.0,0,0.0,0.005785835466954162,30
7444.556143828,21.450000000003232,0,1,0.0,0.0,0.0,0.0,0.0,0.0,0,0.0,0.005785835466954162,30
7444.566174003,21.460000000003244,0,1,0.0,0.0,0.0,0.0,0.0,0.0,0,0.0,0.005785835466954162,30
7444.576288194,21.470000000003257,0,1,0.0,0.0,0.0,0.0,0.0,0.0,0,0.0,0.005785835466954162,34
7444.586327183,21.48000000000327,0,1,0.0,0.0,0.0,0.0,0.0,0.0,0,0.0,0.005785835466954162,34
7444.596368911,21.49000000000328,0,1,0.0,0.0,0.0,0.0,0.0,0.0,0,0.0,0.005785835466954162,35
7444.606159768,21.500000000003293,0,1,0.0,0.0,0.0,0.0,0.0,0.0,0,0.0,0.005785835466954162,38
7444.616296345,21.510000000003306,0,1,0.0,0.0,0.0,0.0,0.0,0.0,0,0.0,0.005785835466954162,38
7444.626277801,21.520000000003318,0,1,0.0,0.0,0.0,0.0,0.0,0.0,0,0.0,0.005785835466954162,38
7444.636331903,21.53000000000333,0,1,0.0,0.0,0.0,0.0,0.0,0.0,0,0.0,0.005785835466954162,38
7444.64633594,21.540000000003342,0,1,0.0,0.0,0.0,0.0,0.0,0.0,0,0.0,0.005785835466954162,41
7444.656330895,21.550000000003354,0,1,0.0,0.0,0.0,0.0,0.0,0.0,0,0.0,0.005785835466954162,41
7444.666230352,21.560000000003367,0,1,0.0,0.0,0.0,0.0,0.0,0.0,0,0.0,0.005785835466954162,41
7444.676351683,21.57000000000338,0,1,0.0,0.0,0.0,0.0,0.0,0.0,0,0.0,0.005785835466954162,45
7444.686171727,21.58000000000339,0,1,0.0,0.0,0.0,0.0,0.0,0.0,0,0.0,0.005785835466954162,46
7444.696321937,21.590000000003403,0,1,0.0,0.0,0.0,0.0,0.0,0.0,0,0.0,0.005785835466954162,46
7444.707175893,21.600000000003416,0,1,0.0,0.0,0.0,0.0,0.0,0.0,0,0.0,0.005785835466954162,48
7444.716187087,21.610000000003428,0,1,0.0,0.0,0.0,0.0,0.0,0.0,0,0.0,0.005785835466954162,49
7444.72614885,21.62000000000344,0,1,0.0,0.0,0.0,0.0,0.0,0.0,0,0.0,0.005785835466954162,49
7444.73617686,21.630000000003452,0,1,0.0,0.0,0.0,0.0,0.0,0.0,0,0.0,0.005785835466954162,49
7444.746123401,21.640000000003464,0,1,0.0,0.0,0.0,0.0,0.0,0.0,0,0.0,0.005785835466954162,51
7444.756134572,21.650000000003477,0,1,0.0,0.0,0.0,0.0,0.0,0.0,0,0.0,0.005785835466954162,51
7444.766208795,21.66000000000349,0,1,0.0,0.0,0.0,0.0,0.0,0.0,0,0.0,0.005785835466954162,51
7444.776226957,21.6700000000035,0,1,0.0,0.0,0.0,0.0,0.0,0.0,0,0.0,0.005785835466954162,54
7444.786185619,21.680000000003513,0,1,0.0,0.0,0.0,0.0,0.0,0.0,0,0.0,0.005785835466954162,54
7444.796163619,21.690000000003526,0,1,0.0,0.0,0.0,0.0,0.0,0.0,0,0.0,0.005785835466954162,54
7444.806188593,21.700000000003538,0,1,0.0,0.0,0.0,0.0,0.0,0.0,0,0.0,0.005785835466954162,54
7444.816164458,21.71000000000355,0,1,0.0,0.0,0.0,0.0,0.0,0.0,0,0.0,0.005785835466954162,57
7444.826159165,21.720000000003562,0,1,0.0,0.0,0.0,0.0,0.0,0.0,0,0.0,0.005785835466954162,57
7444.836202005,21.730000000003574,0,1,0.0,0.0,0.0,0.0,0.0,0.0,0,0.0,0.005785835466954162,57
7444.846188677,21.740000000003587,0,1,0.0,0.0,0.0,0.0,0.0,0.0,0,0.0,0.005785835466954162,60
7444.85615189,21.7500000000036,0,1,0.0,0.0,0.0,0.0,0.0,0.0,0,0.0,0.005785835466954162,60
7444.866133537,21.76000000000361,0,1,0.0,0.0,0.0,0.0,0.0,0.0,0,0.0,0.005785835466954162,60
7444.877417732,21.770000000003623,0,1,0.0,0.0,0.0,0.0,0.0,0.0,0,0.0,0.005785835466954162,62
7444.886153309,21.780000000003636,0,1,0.0,0.0,0.0,0.0,0.0,0.0,0,0.0,0.005785835466954162,63
7444.896277004,21.790000000003648,0,1,0.0,0.0,0.0,0.0,0.0,0.0,0,0.0,0.005785835466954162,63
7444.906171249,21.80000000000366,0,1,0.0,0.0,0.0,0.0,0.0,0.0,0,0.0,0.005785835466954162,63
7444.916157822,21.810000000003672,0,1,0.0,0.0,0.0,0.0,0.0,0.0,0,0.0,0.005785835466954162,67
7444.926284095,21.820000000003684,0,1,0.0,0.0,0.0,0.0,0.0,0.0,0,0.0,0.005785835466954162,67
7444.936325117,21.830000000003697,0,1,0.0,0.0,0.0,0.0,0.0,0.0,0,0.0,0.005785835466954162,67
7444.946281151,21.84000000000371,0,1,0.0,0.0,0.0,0.0,0.0,0.0,0,0.0,0.005785835466954162,70
7444.956181453,21.85000000000372,0,1,0.0,0.0,0.0,0.0,0.0,0.0,0,0.0,0.005785835466954162,70
7444.966200776,21.860000000003733,0,1,0.0,0.0,0.0,0.0,0.0,0.0,0,0.0,0.005785835466954162,70
7444.976265827,21.870000000003746,0,1,0.0,0.0,0.0,0.0,0.0,0.0,0,0.0,0.005785835466954162,70
7444.986246269,21.880000000003758,0,1,0.0,0.0,0.0,0.0,0.0,0.0,0,0.0,0.005785835466954162,73
7444.996416311,21.89000000000377,0,1,0.0,0.0,0.0,0.0,0.0,0.0,0,0.0,0.005785835466954162,73
7445.006362631,21.900000000003782,0,1,0.0,0.0,0.0,0.0,0.0,0.0,0,0.0,0.005785835466954162,73
7445.016282204,21.910000000003794,0,1,0.0,0.0,0.0,0.0,0.0,0.0,0,0.0,0.005785835466954162,76
7445.026366699,21.920000000003807,0,1,0.0,0.0,0.0,0.0,0.0,0.0,0,0.0,0.005785835466954162,76
7445.036283924,21.93000000000382,0,1,0.0,0.0,0.0,0.0,0.0,0.0,0,0.0,0.005785835466954162,76
7445.049965805,21.94000000000383,0,1,0.0,0.0,0.0,0.0,0.0,0.0,0,0.0,0.005785835466954162,78
7445.056253671,21.950000000003843,0,1,0.0,0.0,0.0,0.0,0.0,0.0,0,0.0,0.005785835466954162,83
7445.066431581,21.960000000003856,0,1,0.0,0.0,0.0,0.0,0.0,0.0,0,0.0,0.005785835466954162,84
7445.076373295,21.970000000003868,0,1,0.0,0.0,0.0,0.0,0.0,0.0,0,0.0,0.005785835466954162,85
7445.086457415,21.98000000000388,0,1,0.0,0.0,0.0,0.0,0.0,0.0,0,0.0,0.005785835466954162,93
7445.096228787,21.990000000003892,0,1,0.0,0.0,0.0,0.0,0.0,0.0,0,0.0,0.005785835466954162,93
7445.106590015,22.000000000003904,0,1,0.0,0.0,0.0,0.0,0.0,0.0,0,0.0,0.005785835466954162,93
7445.116331284,22.010000000003917,0,1,0.0,0.0,0.0,0.0,0.0,0.0,0,0.0,0.005785835466954162,96
7445.12629058,22.02000000000393,0,1,0.0,0.0,0.0,0.0,0.0,0.0,0,0.0,0.005785835466954162,96
7445.13644563,22.03000000000394,0,1,0.0,0.0,0.0,0.0,0.0,0.0,0,0.0,0.005785835466954162,96
7445.146442254,22.040000000003953,0,1,0.0,0.0,0.0,0.0,0.0,0.0,0,0.0,0.005785835466954162,96
7445.161481742,22.050000000003966,0,1,0.0,0.0,0.0,0.0,0.0,0.0,0,0.0,0.005785835466954162,97
7445.171483044,22.060000000003978,0,1,0.0,0.0,0.0,0.0,0.0,0.0,0,0.0,0.005785835466954162,97
7445.185549359,22.07000000000399,0,1,0.0,0.0,0.0,0.0,0.0,0.0,0,0.0,0.005785835466954162,98
7445.191149707,22.080000000004002,0,1,0.0,0.0,0.0,0.0,0.0,0.0,0,0.0,0.005785835466954162,103
7445.201856891,22.090000000004014,0,1,0.0,0.0,0.0,0.0,0.0,0.0,0,0.0,0.005785835466954162,103
7445.211149435,22.100000000004027,0,1,0.0,0.0,0.0,0.0,0.0,0.0,0,0.0,0.005785835466954162,103
7445.221370131,22.11000000000404,0,1,0.0,0.0,0.0,0.0,0.0,0.0,0,0.0,0.005785835466954162,108
7445.2313796,22.12000000000405,0,1,0.0,0.0,0.0,0.0,0.0,0.0,0,0.0,0.005785835466954162,109
7445.241598985,22.130000000004063,0,1,0.0,0.0,0.0,0.0,0.0,0.0,0,0.0,0.005785835466954162,109
7445.251879414,22.140000000004076,0,1,0.0,0.0,0.0,0.0,0.0,0.0,0,0.0,0.005785835466954162,113
7445.262009111,22.150000000004088,0,1,0.0,0.0,0.0,0.0,0.0,0.0,0,0.0,0.005785835466954162,113
7445.271131779,22.1600000000041,0,1,0.0,0.0,0.0,0.0,0.0,0.0,0,0.0,0.005785835466954162,114
7445.281559888,22.170000000004112,0,1,0.0,0.0,0.0,0.0,0.0,0.0,0,0.0,0.005785835466954162,114
7445.29154563,22.180000000004124,0,1,0.0,0.0,0.0,0.0,0.0,0.0,0,0.0,0.005785835466954162,5
7445.301165753,22.190000000004137,0,1,0.0,0.0,0.0,0.0,0.0,0.0,0,0.0,0.005785835466954162,5
7445.311398019,22.20000000000415,0,1,0.0,0.0,0.0,0.0,0.0,0.0,0,0.0,0.005785835466954162,6
7445.321211684,22.21000000000416,0,1,0.0,0.0,0.0,0.0,0.0,0.0,0,0.0,0.005785835466954162,9
7445.331092393,22.220000000004173,0,1,0.0,0.0,0.0,0.0,0.0,0.0,0,0.0,0.005785835466954162,9
7445.341205483,22.230000000004186,0,1,0.0,0.0,0.0,0.0,0.0,0.0,0,0.0,0.005785835466954162,9
7445.352860116,22.240000000004198,0,1,0.0,0.0,0.0,0.0,0.0,0.0,0,0.0,0.005785835466954162,10
7445.361167854,22.25000000000421,0,1,0.0,0.0,0.0,0.0,0.0,0.0,0,0.0,0.005785835466954162,12
7445.371211094,22.260000000004222,0,1,0.0,0.0,0.0,0.0,0.0,0.0,0,0.0,0.005785835466954162,12
7445.381147499,22.270000000004234,0,1,0.0,0.0,0.0,0.0,0.0,0.0,0,0.0,0.005785835466954162,12
7445.391164997,22.280000000004247,0,1,0.0,0.0,0.0,0.0,0.0,0.0,0,0.0,0.005785835466954162,15
7445.401419895,22.29000000000426,0,1,0.0,0.0,0.0,0.0,0.0,0.0,0,0.0,0.005785835466954162,15
7445.411180854,22.30000000000427,0,1,0.0,0.0,0.0,0.0,0.0,0.0,0,0.0,0.005785835466954162,15
7445.421173218,22.310000000004283,0,1,0.0,0.0,0.0,0.0,0.0,0.0,0,0.0,0.005785835466954162,18
7445.431159089,22.320000000004296,0,1,0.0,0.0,0.0,0.0,0.0,0.0,0,0.0,0.005785835466954162,18
7445.441234203,22.330000000004308,0,1,0.0,0.0,0.0,0.0,0.0,0.0,0,0.0,0.005785835466954162,18
7445.451200967,22.34000000000432,0,1,0.0,0.0,0.0,0.0,0.0,0.0,0,0.0,0.005785835466954162,18
7445.467363552,22.350000000004332,0,1,0.0,0.0,0.0,0.0,0.0,0.0,0,0.0,0.005785835466954162,19
7445.477325161,22.360000000004344,0,1,0.0,0.0,0.0,0.0,0.0,0.0,0,0.0,0.005785835466954162,19
7445.490389539,22.370000000004357,0,1,0.0,0.0,0.0,0.0,0.0,0.0,0,0.0,0.005785835466954162,20
7445.497241826,22.38000000000437,0,1,0.0,0.0,0.0,0.0,0.0,0.0,0,0.0,0.005785835466954162,23
7445.507234684,22.39000000000438,0,1,0.0,0.0,0.0,0.0,0.0,0.0,0,0.0,0.005785835466954162,23
7445.51724296,22.400000000004393,0,1,0.0,0.0,0.0,0.0,0.0,0.0,0,0.0,0.005785835466954162,23
7445.52733109,22.410000000004406,0,1,0.0,0.0,0.0,0.0,0.0,0.0,0,0.0,0.005785835466954162,28
7445.537434587,22.420000000004418,0,1,0.0,0.0,0.0,0.0,0.0,0.0,0,0.0,0.005785835466954162,28
7445.547323197,22.43000000000443,0,1,0.0,0.0,0.0,0.0,0.0,0.0,0,0.0,0.005785835466954162,28
7445.559922957,22.440000000004442,0,1,0.0,0.0,0.0,0.0,0.0,0.0,0,0.0,0.005785835466954162,31
7445.567332885,22.450000000004454,0,1,0.0,0.0,0.0,0.0,0.0,0.0,0,0.0,0.005785835466954162,34
7445.577263097,22.460000000004467,0,1,0.0,0.0,0.0,0.0,0.0,0.0,0,0.0,0.005785835466954162,34
7445.587298067,22.47000000000448,0,1,0.0,0.0,0.0,0.0,0.0,0.0,0,0.0,0.005785835466954162,34
7445.597400747,22.48000000000449,0,1,0.0,0.0,0.0,0.0,0.0,0.0,0,0.0,0.005785835466954162,40
7445.607347522,22.490000000004503,0,1,0.0,0.0,0.0,0.0,0.0,0.0,0,0.0,0.005785835466954162,40
7445.617412505,22.500000000004515,0,1,0.0,0.0,0.0,0.0,0.0,0.0,0,0.0,0.005785835466954162,41
7445.627245687,22.510000000004528,0,1,0.0,0.0,0.0,0.0,0.0,0.0,0,0.0,0.005785835466954162,45
7445.637267978,22.52000000000454,0,1,0.0,0.0,0.0,0.0,0.0,0.0,0,0.0,0.005785835466954162,45
7445.647244535,22.530000000004552,0,1,0.0,0.0,0.0,0.0,0.0,0.0,0,0.0,0.005785835466954162,45
7445.660157391,22.540000000004564,0,1,0.0,0.0,0.0,0.0,0.0,0.0,0,0.0,0.005785835466954162,46
7445.667292793,22.550000000004577,0,1,0.0,0.0,0.0,0.0,0.0,0.0,0,0.0,0.005785835466954162,49
7445.677325975,22.56000000000459,0,1,0.0,0.0,0.0,0.0,0.0,0.0,0,0.0,0.005785835466954162,49
7445.687242898,22.5700000000046,0,1,0.0,0.0,0.0,0.0,0.0,0.0,0,0.0,0.005785835466954162,49
7445.697347134,22.580000000004613,0,1,0.0,0.0,0.0,0.0,0.0,0.0,0,0.0,0.005785835466954162,52
7445.707562676,22.590000000004625,0,1,0.0,0.0,0.0,0.0,0.0,0.0,0,0.0,0.005785835466954162,53
7445.717372907,22.600000000004638,0,1,0.0,0.0,0.0,0.0,0.0,0.0,0,0.0,0.005785835466954162,53
7445.729520344,22.61000000000465,0,1,0.0,0.0,0.0,0.0,0.0,0.0,0,0.0,0.005785835466954162,56
7445.737245113,22.620000000004662,0,1,0.0,0.0,0.0,0.0,0.0,0.0,0,0.0,0.005785835466954162,58
7445.747269339,22.630000000004674,0,1,0.0,0.0,0.0,0.0,0.0,0.0,0,0.0,0.005785835466954162,58
7445.757239163,22.640000000004687,0,1,0.0,0.0,0.0,0.0,0.0,0.0,0,0.0,0.005785835466954162,58
7445.767270735,22.6500000000047,0,1,0.0,0.0,0.0,0.0,0.0,0.0,0,0.0,0.005785835466954162,60
7445.777269619,22.66000000000471,0,1,0.0,0.0,0.0,0.0,0.0,0.0,0,0.0,0.005785835466954162,60
7445.78728034,22.670000000004723,0,1,0.0,0.0,0.0,0.0,0.0,0.0,0,0.0,0.005785835466954162,60
7445.79725108,22.680000000004735,0,1,0.0,0.0,0.0,0.0,0.0,0.0,0,0.0,0.005785835466954162,63
7445.807412751,22.690000000004748,0,1,0.0,0.0,0.0,0.0,0.0,0.0,0,0.0,0.005785835466954162,64
7445.8173215,22.70000000000476,0,1,0.0,0.0,0.0,0.0,0.0,0.0,0,0.0,0.005785835466954162,64
7445.829214667,22.710000000004772,0,1,0.0,0.0,0.0,0.0,0.0,0.0,0,0.0,0.005785835466954162,65
7445.837297566,22.720000000004784,0,1,0.0,0.0,0.0,0.0,0.0,0.0,0,0.0,0.005785835466954162,67
7445.84737832,22.730000000004797,0,1,0.0,0.0,0.0,0.0,0.0,0.0,0,0.0,0.005785835466954162,68
7445.857229645,22.74000000000481,0,1,0.0,0.0,0.0,0.0,0.0,0.0,0,0.0,0.005785835466954162,68
7445.867348941,22.75000000000482,0,1,0.0,0.0,0.0,0.0,0.0,0.0,0,0.0,0.005785835466954162,71
7445.877252427,22.760000000004833,0,1,0.0,0.0,0.0,0.0,0.0,0.0,0,0.0,0.005785835466954162,71
7445.887344054,22.770000000004845,0,1,0.0,0.0,0.0,0.0,0.0,0.0,0,0.0,0.005785835466954162,71
7445.898178107,22.780000000004858,0,1,0.0,0.0,0.0,0.0,0.0,0.0,0,0.0,0.005785835466954162,74
7445.90721797,22.79000000000487,0,1,0.0,0.0,0.0,0.0,0.0,0.0,0,0.0,0.005785835466954162,75
7445.917262482,22.800000000004882,0,1,0.0,0.0,0.0,0.0,0.0,0.0,0,0.0,0.005785835466954162,75
7445.927241024,22.810000000004894,0,1,0.0,0.0,0.0,0.0,0.0,0.0,0,0.0,0.005785835466954162,75
7445.937240157,22.820000000004907,0,1,0.0,0.0,0.0,0.0,0.0,0.0,0,0.0,0.005785835466954162,78
7445.947421415,22.83000000000492,0,1,0.0,0.0,0.0,0.0,0.0,0.0,0,0.0,0.005785835466954162,78
7445.957243755,22.84000000000493,0,1,0.0,0.0,0.0,0.0,0.0,0.0,0,0.0,0.005785835466954162,78
7445.967235848,22.850000000004943,0,1,0.0,0.0,0.0,0.0,0.0,0.0,0,0.0,0.005785835466954162,80
7445.97722625,22.860000000004955,0,1,0.0,0.0,0.0,0.0,0.0,0.0,0,0.0,0.005785835466954162,80
7445.987285298,22.870000000004968,0,1,0.0,0.0,0.0,0.0,0.0,0.0,0,0.0,0.005785835466954162,80
7445.999657695,22.88000000000498,0,1,0.0,0.0,0.0,0.0,0.0,0.0,0,0.0,0.005785835466954162,81
7446.007235432,22.890000000004992,0,1,0.0,0.0,0.0,0.0,0.0,0.0,0,0.0,0.005785835466954162,83
7446.017247268,22.900000000005004,0,1,0.0,0.0,0.0,0.0,0.0,0.0,0,0.0,0.005785835466954162,83
7446.027313897,22.910000000005017,0,1,0.0,0.0,0.0,0.0,0.0,0.0,0,0.0,0.005785835466954162,83
7446.037251575,22.92000000000503,0,1,0.0,0.0,0.0,0.0,0.0,0.0,0,0.0,0.005785835466954162,87
7446.047257981,22.93000000000504,0,1,0.0,0.0,0.0,0.0,0.0,0.0,0,0.0,0.005785835466954162,87
7446.057318219,22.940000000005053,0,1,0.0,0.0,0.0,0.0,0.0,0.0,0,0.0,0.005785835466954162,87
7446.069097596,22.950000000005065,0,1,0.0,0.0,0.0,0.0,0.0,0.0,0,0.0,0.005785835466954162,90
7446.077229973,22.960000000005078,0,1,0.0,0.0,0.0,0.0,0.0,0.0,0,0.0,0.005785835466954162,92
7446.087255376,22.97000000000509,0,1,0.0,0.0,0.0,0.0,0.0,0.0,0,0.0,0.005785835466954162,92
7446.097218685,22.980000000005102,0,1,0.0,0.0,0.0,0.0,0.0,0.0,0,0.0,0.005785835466954162,92
7446.107362121,22.990000000005114,0,1,0.0,0.0,0.0,0.0,0.0,0.0,0,0.0,0.005785835466954162,97
7446.11726551,23.000000000005127,0,1,0.0,0.0,0.0,0.0,0.0,0.0,0,0.0,0.005785835466954162,98
7446.127323329,23.01000000000514,0,1,0.0,0.0,0.0,0.0,0.0,0.0,0,0.0,0.005785835466954162,98
7446.137380072,23.02000000000515,0,1,0.0,0.0,0.0,0.0,0.0,0.0,0,0.0,0.005785835466954162,102
7446.147322109,23.030000000005163,0,1,0.0,0.0,0.0,0.0,0.0,0.0,0,0.0,0.005785835466954162,102
7446.157313819,23.040000000005175,0,1,0.0,0.0,0.0,0.0,0.0,0.0,0,0.0,0.005785835466954162,102
7446.169095787,23.050000000005188,0,1,0.0,0.0,0.0,0.0,0.0,0.0,0,0.0,0.005785835466954162,104
7446.17735595,23.0600000000052,0,1,0.0,0.0,0.0,0.0,0.0,0.0,0,0.0,0.005785835466954162,106
7446.18724212,23.070000000005212,0,1,0.0,0.0,0.0,0.0,0.0,0.0,0,0.0,0.005785835466954162,106
7446.197333907,23.080000000005224,0,1,0.0,0.0,0.0,0.0,0.0,0.0,0,0.0,0.005785835466954162,106
7446.207250864,23.090000000005237,0,1,0.0,0.0,0.0,0.0,0.0,0.0,0,0.0,0.005785835466954162,109
7446.217404341,23.10000000000525,0,1,0.0,0.0,0.0,0.0,0.0,0.0,0,0.0,0.005785835466954162,109
7446.227717866,23.11000000000526,0,1,0.0,0.0,0.0,0.0,0.0,0.0,0,0.0,0.005785835466954162,111
7446.237236675,23.120000000005273,0,1,0.0,0.0,0.0,0.0,0.0,0.0,0,0.0,0.005785835466954162,116
7446.247383098,23.130000000005285,0,1,0.0,0.0,0.0,0.0,0.0,0.0,0,0.0,0.005785835466954162,116
7446.257275413,23.140000000005298,0,1,0.0,0.0,0.0,0.0,0.0,0.0,0,0.0,0.005785835466954162,116
7446.271249144,23.15000000000531,0,1,0.0,0.0,0.0,0.0,0.0,0.0,0,0.0,0.005785835466954162,117
7446.277380964,23.160000000005322,0,1,0.0,0.0,0.0,0.0,0.0,0.0,0,0.0,0.005785835466954162,125
7446.287274192,23.170000000005334,0,1,0.0,0.0,0.0,0.0,0.0,0.0,0,0.0,0.005785835466954162,126
7446.29724154,23.180000000005347,0,1,0.0,0.0,0.0,0.0,0.0,0.0,0,0.0,0.005785835466954162,1
7446.307251599,23.19000000000536,0,1,0.0,0.0,0.0,0.0,0.0,0.0,0,0.0,0.005785835466954162,3
7446.317382369,23.20000000000537,0,1,0.0,0.0,0.0,0.0,0.0,0.0,0,0.0,0.005785835466954162,3
7446.327413535,23.210000000005383,0,1,0.0,0.0,0.0,0.0,0.0,0.0,0,0.0,0.005785835466954162,4
7446.338240025,23.220000000005395,0,1,0.0,0.0,0.0,0.0,0.0,0.0,0,0.0,0.005785835466954162,8
7446.347247148,23.230000000005408,0,1,0.0,0.0,0.0,0.0,0.0,0.0,0,0.0,0.005785835466954162,9
7446.357417226,23.24000000000542,0,1,0.0,0.0,0.0,0.0,0.0,0.0,0,0.0,0.005785835466954162,9
7446.367374866,23.250000000005432,0,1,0.0,0.0,0.0,0.0,0.0,0.0,0,0.0,0.005785835466954162,9
7446.377275121,23.260000000005444,0,1,0.0,0.0,0.0,0.0,0.0,0.0,0,0.0,0.005785835466954162,15
7446.387404431,23.270000000005457,0,1,0.0,0.0,0.0,0.0,0.0,0.0,0,0.0,0.005785835466954162,15
7446.397330931,23.28000000000547,0,1,0.0,0.0,0.0,0.0,0.0,0.0,0,0.0,0.005785835466954162,16
7446.407226293,23.29000000000548,0,1,0.0,0.0,0.0,0.0,0.0,0.0,0,0.0,0.005785835466954162,20
7446.417241682,23.300000000005493,0,1,0.0,0.0,0.0,0.0,0.0,0.0,0,0.0,0.005785835466954162,20
7446.427325153,23.310000000005505,0,1,0.0,0.0,0.0,0.0,0.0,0.0,0,0.0,0.005785835466954162,20
7446.439161407,23.320000000005518,0,1,0.0,0.0,0.0,0.0,0.0,0.0,0,0.0,0.005785835466954162,22
7446.447264399,23.33000000000553,0,1,0.0,0.0,0.0,0.0,0.0,0.0,0,0.0,0.005785835466954162,24
7446.457277612,23.340000000005542,0,1,0.0,0.0,0.0,0.0,0.0,0.0,0,0.0,0.005785835466954162,24
7446.467374354,23.350000000005554,0,1,0.0,0.0,0.0,0.0,0.0,0.0,0,0.0,0.005785835466954162,24
7446.477361731,23.360000000005567,0,1,0.0,0.0,0.0,0.0,0.0,0.0,0,0.0,0.005785835466954162,27
7446.487445337,23.37000000000558,0,1,0.0,0.0,0.0,0.0,0.0,0.0,0,0.0,0.005785835466954162,27
7446.497232386,23.38000000000559,0,1,0.0,0.0,0.0,0.0,0.0,0.0,0,0.0,0.005785835466954162,27
7446.507227384,23.390000000005603,0,1,0.0,0.0,0.0,0.0,0.0,0.0,0,0.0,0.005785835466954162,29
7446.51723505,23.400000000005615,0,1,0.0,0.0,0.0,0.0,0.0,0.0,0,0.0,0.005785835466954162,29
7446.52751919,23.410000000005628,0,1,0.0,0.0,0.0,0.0,0.0,0.0,0,0.0,0.005785835466954162,29
7446.537396486,23.42000000000564,0,1,0.0,0.0,0.0,0.0,0.0,0.0,0,0.0,0.005785835466954162,29
7446.547226927,23.430000000005652,0,1,0.0,0.0,0.0,0.0,0.0,0.0,0,0.0,0.005785835466954162,33
7446.557373164,23.440000000005664,0,1,0.0,0.0,0.0,0.0,0.0,0.0,0,0.0,0.005785835466954162,34
7446.567416522,23.450000000005677,0,1,0.0,0.0,0.0,0.0,0.0,0.0,0,0.0,0.005785835466954162,36
7446.582681781,23.46000000000569,0,1,0.0,0.0,0.0,0.0,0.0,0.0,0,0.0,0.005785835466954162,39
7446.592610647,23.4700000000057,0,1,0.0,0.0,0.0,0.0,0.0,0.0,0,0.0,0.005785835466954162,39
7446.602615013,23.480000000005713,0,1,0.0,0.0,0.0,0.0,0.0,0.0,0,0.0,0.005785835466954162,39
7446.61265135,23.490000000005725,0,1,0.0,0.0,0.0,0.0,0.0,0.0,0,0.0,0.005785835466954162,42
7446.622656736,23.500000000005738,0,1,0.0,0.0,0.0,0.0,0.0,0.0,0,0.0,0.005785835466954162,42
7446.632605141,23.51000000000575,0,1,0.0,0.0,0.0,0.0,0.0,0.0,0,0.0,0.005785835466954162,42
7446.646623321,23.520000000005762,0,1,0.0,0.0,0.0,0.0,0.0,0.0,0,0.0,0.005785835466954162,45
7446.652720222,23.530000000005774,0,1,0.0,0.0,0.0,0.0,0.0,0.0,0,0.0,0.005785835466954162,49
7446.662781675,23.540000000005787,0,1,0.0,0.0,0.0,0.0,0.0,0.0,0,0.0,0.005785835466954162,49
7446.672689928,23.5500000000058,0,1,0.0,0.0,0.0,0.0,0.0,0.0,0,0.0,0.005785835466954162,49
7446.682948863,23.56000000000581,0,1,0.0,0.0,0.0,0.0,0.0,0.0,0,0.0,0.005785835466954162,55
7446.692644936,23.570000000005823,0,1,0.0,0.0,0.0,0.0,0.0,0.0,0,0.0,0.005785835466954162,56
7446.702716888,23.580000000005835,0,1,0.0,0.0,0.0,0.0,0.0,0.0,0,0.0,0.005785835466954162,56
7446.713078076,23.590000000005848,0,1,0.0,0.0,0.0,0.0,0.0,0.0,0,0.0,0.005785835466954162,62
7446.722654982,23.60000000000586,0,1,0.0,0.0,0.0,0.0,0.0,0.0,0,0.0,0.005785835466954162,62
7446.732626096,23.610000000005872,0,1,0.0,0.0,0.0,0.0,0.0,0.0,0,0.0,0.005785835466954162,62
7446.74674369,23.620000000005884,0,1,0.0,0.0,0.0,0.0,0.0,0.0,0,0.0,0.005785835466954162,63
7446.752779514,23.630000000005897,0,1,0.0,0.0,0.0,0.0,0.0,0.0,0,0.0,0.005785835466954162,68
7446.762667946,23.64000000000591,0,1,0.0,0.0,0.0,0.0,0.0,0.0,0,0.0,0.005785835466954162,68
7446.772790593,23.65000000000592,0,1,0.0,0.0,0.0,0.0,0.0,0.0,0,0.0,0.005785835466954162,68
7446.782754639,23.660000000005933,0,1,0.0,0.0,0.0,0.0,0.0,0.0,0,0.0,0.005785835466954162,72
7446.792838673,23.670000000005945,0,1,0.0,0.0,0.0,0.0,0.0,0.0,0,0.0,0.005785835466954162,73
7446.802704023,23.680000000005958,0,1,0.0,0.0,0.0,0.0,0.0,0.0,0,0.0,0.005785835466954162,73
7446.814728043,23.69000000000597,0,1,0.0,0.0,0.0,0.0,0.0,0.0,0,0.0,0.005785835466954162,76
7446.822594907,23.700000000005982,0,1,0.0,0.0,0.0,0.0,0.0,0.0,0,0.0,0.005785835466954162,78
7446.832699949,23.710000000005994,0,1,0.0,0.0,0.0,0.0,0.0,0.0,0,0.0,0.005785835466954162,78
7446.842704293,23.720000000006007,0,1,0.0,0.0,0.0,0.0,0.0,0.0,0,0.0,0.005785835466954162,78
7446.852726069,23.73000000000602,0,1,0.0,0.0,0.0,0.0,0.0,0.0,0,0.0,0.005785835466954162,84
7446.86294003,23.74000000000603,0,1,0.0,0.0,0.0,0.0,0.0,0.0,0,0.0,0.005785835466954162,85
7446.872646705,23.750000000006043,0,1,0.0,0.0,0.0,0.0,0.0,0.0,0,0.0,0.005785835466954162,85
7446.882583581,23.760000000006055,0,1,0.0,0.0,0.0,0.0,0.0,0.0,0,0.0,0.005785835466954162,90
7446.892700818,23.770000000006068,0,1,0.0,0.0,0.0,0.0,0.0,0.0,0,0.0,0.005785835466954162,91
7446.902622156,23.78000000000608,0,1,0.0,0.0,0.0,0.0,0.0,0.0,0,0.0,0.005785835466954162,91
7446.914719359,23.790000000006092,0,1,0.0,0.0,0.0,0.0,0.0,0.0,0,0.0,0.005785835466954162,92
7446.922678731,23.800000000006104,0,1,0.0,0.0,0.0,0.0,0.0,0.0,0,0.0,0.005785835466954162,94
7446.932710892,23.810000000006116,0,1,0.0,0.0,0.0,0.0,0.0,0.0,0,0.0,0.005785835466954162,94
7446.942644729,23.82000000000613,0,1,0.0,0.0,0.0,0.0,0.0,0.0,0,0.0,0.005785835466954162,94
7446.952634808,23.83000000000614,0,1,0.0,0.0,0.0,0.0,0.0,0.0,0,0.0,0.005785835466954162,97
7446.962876838,23.840000000006153,0,1,0.0,0.0,0.0,0.0,0.0,0.0,0,0.0,0.005785835466954162,97
7446.972616244,23.850000000006165,0,1,0.0,0.0,0.0,0.0,0.0,0.0,0,0.0,0.005785835466954162,97
7446.982731196,23.860000000006178,0,1,0.0,0.0,0.0,0.0,0.0,0.0,0,0.0,0.005785835466954162,100
7446.992607338,23.87000000000619,0,1,0.0,0.0,0.0,0.0,0.0,0.0,0,0.0,0.005785835466954162,101
7447.002752987,23.880000000006202,0,1,0.0,0.0,0.0,0.0,0.0,0.0,0,0.0,0.005785835466954162,101
7447.012669201,23.890000000006214,0,1,0.0,0.0,0.0,0.0,0.0,0.0,0,0.0,0.005785835466954162,101
7447.022876197,23.900000000006226,0,1,0.0,0.0,0.0,0.0,0.0,0.0,0,0.0,0.005785835466954162,105
7447.03271865,23.91000000000624,0,1,0.0,0.0,0.0,0.0,0.0,0.0,0,0.0,0.005785835466954162,105
7447.042790483,23.92000000000625,0,1,0.0,0.0,0.0,0.0,0.0,0.0,0,0.0,0.005785835466954162,107
7447.052632077,23.930000000006263,0,1,0.0,0.0,0.0,0.0,0.0,0.0,0,0.0,0.005785835466954162,110
7447.062976409,23.940000000006275,0,1,0.0,0.0,0.0,0.0,0.0,0.0,0,0.0,0.005785835466954162,111
7447.072647971,23.950000000006288,0,1,0.0,0.0,0.0,0.0,0.0,0.0,0,0.0,0.005785835466954162,111
7447.086760428,23.9600000000063,0,1,0.0,0.0,0.0,0.0,0.0,0.0,0,0.0,0.005785835466954162,112
7447.092646392,23.970000000006312,0,1,0.0,0.0,0.0,0.0,0.0,0.0,0,0.0,0.005785835466954162,117
7447.102740204,23.980000000006324,0,1,0.0,0.0,0.0,0.0,0.0,0.0,0,0.0,0.005785835466954162,118
7447.112724442,23.990000000006336,0,1,0.0,0.0,0.0,0.0,0.0,0.0,0,0.0,0.005785835466954162,118
7447.122663735,24.00000000000635,0,1,0.0,0.0,0.0,0.0,0.0,0.0,0,0.0,0.005785835466954162,124
7447.132735451,24.01000000000636,0,1,0.0,0.0,0.0,0.0,0.0,0.0,0,0.0,0.005785835466954162,124
7447.142656317,24.020000000006373,0,1,0.0,0.0,0.0,0.0,0.0,0.0,0,0.0,0.005785835466954162,124
7447.152793215,24.030000000006385,0,1,0.0,0.0,0.0,0.0,0.0,0.0,0,0.0,0.005785835466954162,127
7447.162655771,24.040000000006398,0,1,0.0,0.0,0.0,0.0,0.0,0.0,0,0.0,0.005785835466954162,127
7447.173294959,24.05000000000641,0,1,0.0,0.0,0.0,0.0,0.0,0.0,0,0.0,0.005785835466954162,128
7447.18270465,24.060000000006422,0,1,0.0,0.0,0.0,0.0,0.0,0.0,0,0.0,0.005785835466954162,128
7447.192655343,24.070000000006434,0,1,0.0,0.0,0.0,0.0,0.0,0.0,0,0.0,0.005785835466954162,132
7447.202769725,24.080000000006446,0,1,0.0,0.0,0.0,0.0,0.0,0.0,0,0.0,0.005785835466954162,134
7447.212773238,24.09000000000646,0,1,0.0,0.0,0.0,0.0,0.0,0.0,0,0.0,0.005785835466954162,134
7447.222653345,24.10000000000647,0,1,0.0,0.0,0.0,0.0,0.0,0.0,0,0.0,0.005785835466954162,136
7447.232658283,24.110000000006483,0,1,0.0,0.0,0.0,0.0,0.0,0.0,0,0.0,0.005785835466954162,136
7447.24262979,24.120000000006495,0,1,0.0,0.0,0.0,0.0,0.0,0.0,0,0.0,0.005785835466954162,136
7447.254609434,24.130000000006508,0,1,0.0,0.0,0.0,0.0,0.0,0.0,0,0.0,0.005785835466954162,137
7447.262631064,24.14000000000652,0,1,0.0,0.0,0.0,0.0,0.0,0.0,0,0.0,0.005785835466954162,139
7447.272672192,24.150000000006532,0,1,0.0,0.0,0.0,0.0,0.0,0.0,0,0.0,0.005785835466954162,140
7447.282660353,24.160000000006544,0,1,0.0,0.0,0.0,0.0,0.0,0.0,0,0.0,0.005785835466954162,140
7447.292629166,24.170000000006556,0,1,0.0,0.0,0.0,0.0,0.0,0.0,0,0.0,0.005785835466954162,2
7447.302698616,24.18000000000657,0,1,0.0,0.0,0.0,0.0,0.0,0.0,0,0.0,0.005785835466954162,2
7447.312628163,24.19000000000658,0,1,0.0,0.0,0.0,0.0,0.0,0.0,0,0.0,0.005785835466954162,2
7447.324079953,24.200000000006593,0,1,0.0,0.0,0.0,0.0,0.0,0.0,0,0.0,0.005785835466954162,5
7447.332691735,24.210000000006605,0,1,0.0,0.0,0.0,0.0,0.0,0.0,0,0.0,0.005785835466954162,6
7447.342750983,24.220000000006618,0,1,0.0,0.0,0.0,0.0,0.0,0.0,0,0.0,0.005785835466954162,6
7447.352691854,24.23000000000663,0,1,0.0,0.0,0.0,0.0,0.0,0.0,0,0.0,0.005785835466954162,6
7447.362679277,24.240000000006642,0,1,0.0,0.0,0.0,0.0,0.0,0.0,0,0.0,0.005785835466954162,12
7447.372687746,24.250000000006654,0,1,0.0,0.0,0.0,0.0,0.0,0.0,0,0.0,0.005785835466954162,14
7447.382748903,24.260000000006666,0,1,0.0,0.0,0.0,0.0,0.0,0.0,0,0.0,0.005785835466954162,14
7447.39264724,24.27000000000668,0,1,0.0,0.0,0.0,0.0,0.0,0.0,0,0.0,0.005785835466954162,17
7447.402674588,24.28000000000669,0,1,0.0,0.0,0.0,0.0,0.0,0.0,0,0.0,0.005785835466954162,17
7447.412720434,24.290000000006703,0,1,0.0,0.0,0.0,0.0,0.0,0.0,0,0.0,0.005785835466954162,17
7447.42502925,24.300000000006715,0,1,0.0,0.0,0.0,0.0,0.0,0.0,0,0.0,0.005785835466954162,18
7447.432670446,24.310000000006728,0,1,0.0,0.0,0.0,0.0,0.0,0.0,0,0.0,0.005785835466954162,21
7447.442676545,24.32000000000674,0,1,0.0,0.0,0.0,0.0,0.0,0.0,0,0.0,0.005785835466954162,21
7447.452704358,24.330000000006752,0,1,0.0,0.0,0.0,0.0,0.0,0.0,0,0.0,0.005785835466954162,21
7447.462630992,24.340000000006764,0,1,0.0,0.0,0.0,0.0,0.0,0.0,0,0.0,0.005785835466954162,27
7447.472727854,24.350000000006776,0,1,0.0,0.0,0.0,0.0,0.0,0.0,0,0.0,0.005785835466954162,27
7447.482690429,24.36000000000679,0,1,0.0,0.0,0.0,0.0,0.0,0.0,0,0.0,0.005785835466954162,27
7447.492903428,24.3700000000068,0,1,0.0,0.0,0.0,0.0,0.0,0.0,0,0.0,0.005785835466954162,30
7447.502652247,24.380000000006813,0,1,0.0,0.0,0.0,0.0,0.0,0.0,0,0.0,0.005785835466954162,30
7447.512616717,24.390000000006825,0,1,0.0,0.0,0.0,0.0,0.0,0.0,0,0.0,0.005785835466954162,30
7447.522669688,24.400000000006838,0,1,0.0,0.0,0.0,0.0,0.0,0.0,0,0.0,0.005785835466954162,30
7447.532616553,24.41000000000685,0,1,0.0,0.0,0.0,0.0,0.0,0.0,0,0.0,0.005785835466954162,33
7447.542650746,24.420000000006862,0,1,0.0,0.0,0.0,0.0,0.0,0.0,0,0.0,0.005785835466954162,33
7447.552630164,24.430000000006874,0,1,0.0,0.0,0.0,0.0,0.0,0.0,0,0.0,0.005785835466954162,33
7447.562648706,24.440000000006886,0,1,0.0,0.0,0.0,0.0,0.0,0.0,0,0.0,0.005785835466954162,36
7447.572638914,24.4500000000069,0,1,0.0,0.0,0.0,0.0,0.0,0.0,0,0.0,0.005785835466954162,36
7447.582665418,24.46000000000691,0,1,0.0,0.0,0.0,0.0,0.0,0.0,0,0.0,0.005785835466954162,36
7447.596569832,24.470000000006923,0,1,0.0,0.0,0.0,0.0,0.0,0.0,0,0.0,0.005785835466954162,38
7447.602905926,24.480000000006935,0,1,0.0,0.0,0.0,0.0,0.0,0.0,0,0.0,0.005785835466954162,42
7447.61278142,24.490000000006948,0,1,0.0,0.0,0.0,0.0,0.0,0.0,0,0.0,0.005785835466954162,42
7447.622824031,24.50000000000696,0,1,0.0,0.0,0.0,0.0,0.0,0.0,0,0.0,0.005785835466954162,42
7447.632612843,24.510000000006972,0,1,0.0,0.0,0.0,0.0,0.0,0.0,0,0.0,0.005785835466954162,48
7447.642879233,24.520000000006984,0,1,0.0,0.0,0.0,0.0,0.0,0.0,0,0.0,0.005785835466954162,48
7447.65275027,24.530000000006996,0,1,0.0,0.0,0.0,0.0,0.0,0.0,0,0.0,0.005785835466954162,48
7447.665926162,24.54000000000701,0,1,0.0,0.0,0.0,0.0,0.0,0.0,0,0.0,0.005785835466954162,51
7447.672746787,24.55000000000702,0,1,0.0,0.0,0.0,0.0,0.0,0.0,0,0.0,0.005785835466954162,55
7447.68273121,24.560000000007033,0,1,0.0,0.0,0.0,0.0,0.0,0.0,0,0.0,0.005785835466954162,55
7447.692715069,24.570000000007045,0,1,0.0,0.0,0.0,0.0,0.0,0.0,0,0.0,0.005785835466954162,55
7447.702679073,24.580000000007058,0,1,0.0,0.0,0.0,0.0,0.0,0.0,0,0.0,0.005785835466954162,61
7447.712666725,24.59000000000707,0,1,0.0,0.0,0.0,0.0,0.0,0.0,0,0.0,0.005785835466954162,61
7447.722685965,24.600000000007082,0,1,0.0,0.0,0.0,0.0,0.0,0.0,0,0.0,0.005785835466954162,61
7447.738901028,24.610000000007094,0,1,0.0,0.0,0.0,0.0,0.0,0.0,0,0.0,0.005785835466954162,63
7447.749138485,24.620000000007106,0,1,0.0,0.0,0.0,0.0,0.0,0.0,0,0.0,0.005785835466954162,64
7447.758882867,24.63000000000712,0,1,0.0,0.0,0.0,0.0,0.0,0.0,0,0.0,0.005785835466954162,67
7447.768335538,24.64000000000713,0,1,0.0,0.0,0.0,0.0,0.0,0.0,0,0.0,0.005785835466954162,70
7447.778428361,24.650000000007143,0,1,0.0,0.0,0.0,0.0,0.0,0.0,0,0.0,0.005785835466954162,70
7447.788587076,24.660000000007155,0,1,0.0,0.0,0.0,0.0,0.0,0.0,0,0.0,0.005785835466954162,70
7447.798501398,24.670000000007168,0,1,0.0,0.0,0.0,0.0,0.0,0.0,0,0.0,0.005785835466954162,72
7447.808703881,24.68000000000718,0,1,0.0,0.0,0.0,0.0,0.0,0.0,0,0.0,0.005785835466954162,73
7447.818576383,24.690000000007192,0,1,0.0,0.0,0.0,0.0,0.0,0.0,0,0.0,0.005785835466954162,73
7447.828637908,24.700000000007204,0,1,0.0,0.0,0.0,0.0,0.0,0.0,0,0.0,0.005785835466954162,73
7447.83864001,24.710000000007216,0,1,0.0,0.0,0.0,0.0,0.0,0.0,0,0.0,0.005785835466954162,77
7447.848594687,24.72000000000723,0,1,0.0,0.0,0.0,0.0,0.0,0.0,0,0.0,0.005785835466954162,77
7447.858222301,24.73000000000724,0,1,0.0,0.0,0.0,0.0,0.0,0.0,0,0.0,0.005785835466954162,77
7447.868260302,24.740000000007253,0,1,0.0,0.0,0.0,0.0,0.0,0.0,0,0.0,0.005785835466954162,79
7447.878412911,24.750000000007265,0,1,0.0,0.0,0.0,0.0,0.0,0.0,0,0.0,0.005785835466954162,79
7447.888268263,24.760000000007278,0,1,0.0,0.0,0.0,0.0,0.0,0.0,0,0.0,0.005785835466954162,79
7447.899323771,24.77000000000729,0,1,0.0,0.0,0.0,0.0,0.0,0.0,0,0.0,0.005785835466954162,81
7447.908285878,24.780000000007302,0,1,0.0,0.0,0.0,0.0,0.0,0.0,0,0.0,0.005785835466954162,82
7447.918234753,24.790000000007314,0,1,0.0,0.0,0.0,0.0,0.0,0.0,0,0.0,0.005785835466954162,82
7447.928727413,24.800000000007326,0,1,0.0,0.0,0.0,0.0,0.0,0.0,0,0.0,0.005785835466954162,82
7447.938323507,24.81000000000734,0,1,0.0,0.0,0.0,0.0,0.0,0.0,0,0.0,0.005785835466954162,85
7447.948192278,24.82000000000735,0,1,0.0,0.0,0.0,0.0,0.0,0.0,0,0.0,0.005785835466954162,85
7447.958832732,24.830000000007363,0,1,0.0,0.0,0.0,0.0,0.0,0.0,0,0.0,0.005785835466954162,85
7447.969671518,24.840000000007375,0,1,0.0,0.0,0.0,0.0,0.0,0.0,0,0.0,0.005785835466954162,89
7447.978552366,24.850000000007388,0,1,0.0,0.0,0.0,0.0,0.0,0.0,0,0.0,0.005785835466954162,90
7447.988415912,24.8600000000074,0,1,0.0,0.0,0.0,0.0,0.0,0.0,0,0.0,0.005785835466954162,90
7447.998662853,24.870000000007412,0,1,0.0,0.0,0.0,0.0,0.0,0.0,0,0.0,0.005785835466954162,90
7448.008171732,24.880000000007424,0,1,0.0,0.0,0.0,0.0,0.0,0.0,0,0.0,0.005785835466954162,94
7448.018225743,24.890000000007436,0,1,0.0,0.0,0.0,0.0,0.0,0.0,0,0.0,0.005785835466954162,94
7448.028739762,24.90000000000745,0,1,0.0,0.0,0.0,0.0,0.0,0.0,0,0.0,0.005785835466954162,94
7448.038508821,24.91000000000746,0,1,0.0,0.0,0.0,0.0,0.0,0.0,0,0.0,0.005785835466954162,97
7448.048683025,24.920000000007473,0,1,0.0,0.0,0.0,0.0,0.0,0.0,0,0.0,0.005785835466954162,97
7448.058395646,24.930000000007485,0,1,0.0,0.0,0.0,0.0,0.0,0.0,0,0.0,0.005785835466954162,97
7448.071952729,24.940000000007498,0,1,0.0,0.0,0.0,0.0,0.0,0.0,0,0.0,0.005785835466954162,99
7448.078542783,24.95000000000751,0,1,0.0,0.0,0.0,0.0,0.0,0.0,0,0.0,0.005785835466954162,103
7448.088822182,24.960000000007522,0,1,0.0,0.0,0.0,0.0,0.0,0.0,0,0.0,0.005785835466954162,103
7448.098758799,24.970000000007534,0,1,0.0,0.0,0.0,0.0,0.0,0.0,0,0.0,0.005785835466954162,103
7448.108500162,24.980000000007546,0,1,0.0,0.0,0.0,0.0,0.0,0.0,0,0.0,0.005785835466954162,109
7448.118288391,24.99000000000756,0,1,0.0,0.0,0.0,0.0,0.0,0.0,0,0.0,0.005785835466954162,109
7448.128812184,25.00000000000757,0,1,0.0,0.0,0.0,0.0,0.0,0.0,0,0.0,0.005785835466954162,109
7448.138371229,25.010000000007583,0,1,0.0,0.0,0.0,0.0,0.0,0.0,0,0.0,0.005785835466954162,111
7448.148540234,25.020000000007595,0,1,0.0,0.0,0.0,0.0,0.0,0.0,0,0.0,0.005785835466954162,111
7448.158510293,25.030000000007607,0,1,0.0,0.0,0.0,0.0,0.0,0.0,0,0.0,0.005785835466954162,111
7448.168478855,25.04000000000762,0,1,0.0,0.0,0.0,0.0,0.0,0.0,0,0.0,0.005785835466954162,111
7448.178245369,25.050000000007632,0,1,0.0,0.0,0.0,0.0,0.0,0.0,0,0.0,0.005785835466954162,114
7448.18828722,25.060000000007644,0,1,0.0,0.0,0.0,0.0,0.0,0.0,0,0.0,0.005785835466954162,114
7448.198272644,25.070000000007656,0,1,0.0,0.0,0.0,0.0,0.0,0.0,0,0.0,0.005785835466954162,114
7448.208227026,25.08000000000767,0,1,0.0,0.0,0.0,0.0,0.0,0.0,0,0.0,0.005785835466954162,118
7448.218327234,25.09000000000768,0,1,0.0,0.0,0.0,0.0,0.0,0.0,0,0.0,0.005785835466954162,118
7448.228360584,25.100000000007693,0,1,0.0,0.0,0.0,0.0,0.0,0.0,0,0.0,0.005785835466954162,118
7448.240628183,25.110000000007705,0,1,0.0,0.0,0.0,0.0,0.0,0.0,0,0.0,0.005785835466954162,120
7448.248934621,25.120000000007717,0,1,0.0,0.0,0.0,0.0,0.0,0.0,0,0.0,0.005785835466954162,122
7448.258760926,25.13000000000773,0,1,0.0,0.0,0.0,0.0,0.0,0.0,0,0.0,0.005785835466954162,122
7448.268641208,25.140000000007742,0,1,0.0,0.0,0.0,0.0,0.0,0.0,0,0.0,0.005785835466954162,122
7448.278617029,25.150000000007754,0,1,0.0,0.0,0.0,0.0,0.0,0.0,0,0.0,0.005785835466954162,128
7448.28953428,25.160000000007766,0,1,0.0,0.0,0.0,0.0,0.0,0.0,0,0.0,0.005785835466954162,128
7448.298950353,25.17000000000778,0,1,0.0,0.0,0.0,0.0,0.0,0.0,0,0.0,0.005785835466954162,1
7448.308675373,25.18000000000779,0,1,0.0,0.0,0.0,0.0,0.0,0.0,0,0.0,0.005785835466954162,4
7448.318677904,25.190000000007803,0,1,0.0,0.0,0.0,0.0,0.0,0.0,0,0.0,0.005785835466954162,4
7448.328959924,25.200000000007815,0,1,0.0,0.0,0.0,0.0,0.0,0.0,0,0.0,0.005785835466954162,4
7448.338543459,25.210000000007827,0,1,0.0,0.0,0.0,0.0,0.0,0.0,0,0.0,0.005785835466954162,4
7448.349063853,25.22000000000784,0,1,0.0,0.0,0.0,0.0,0.0,0.0,0,0.0,0.005785835466954162,8
7448.358572707,25.230000000007852,0,1,0.0,0.0,0.0,0.0,0.0,0.0,0,0.0,0.005785835466954162,9
7448.368261203,25.240000000007864,0,1,0.0,0.0,0.0,0.0,0.0,0.0,0,0.0,0.005785835466954162,9
7448.378284688,25.250000000007876,0,1,0.0,0.0,0.0,0.0,0.0,0.0,0,0.0,0.005785835466954162,13
7448.388404651,25.26000000000789,0,1,0.0,0.0,0.0,0.0,0.0,0.0,0,0.0,0.005785835466954162,13
7448.398512914,25.2700000000079,0,1,0.0,0.0,0.0,0.0,0.0,0.0,0,0.0,0.005785835466954162,13
7448.410128988,25.280000000007913,0,1,0.0,0.0,0.0,0.0,0.0,0.0,0,0.0,0.005785835466954162,15
7448.418759638,25.290000000007925,0,1,0.0,0.0,0.0,0.0,0.0,0.0,0,0.0,0.005785835466954162,17
7448.42838385,25.300000000007937,0,1,0.0,0.0,0.0,0.0,0.0,0.0,0,0.0,0.005785835466954162,17
7448.438611003,25.31000000000795,0,1,0.0,0.0,0.0,0.0,0.0,0.0,0,0.0,0.005785835466954162,17
7448.44831371,25.320000000007962,0,1,0.0,0.0,0.0,0.0,0.0,0.0,0,0.0,0.005785835466954162,20
7448.45866566,25.330000000007974,0,1,0.0,0.0,0.0,0.0,0.0,0.0,0,0.0,0.005785835466954162,20
7448.468503654,25.340000000007986,0,1,0.0,0.0,0.0,0.0,0.0,0.0,0,0.0,0.005785835466954162,20
7448.478982593,25.350000000008,0,1,0.0,0.0,0.0,0.0,0.0,0.0,0,0.0,0.005785835466954162,24
7448.489145573,25.36000000000801,0,1,0.0,0.0,0.0,0.0,0.0,0.0,0,0.0,0.005785835466954162,24
7448.498743733,25.370000000008023,0,1,0.0,0.0,0.0,0.0,0.0,0.0,0,0.0,0.005785835466954162,25
7448.508461744,25.380000000008035,0,1,0.0,0.0,0.0,0.0,0.0,0.0,0,0.0,0.005785835466954162,25
7448.518695212,25.390000000008047,0,1,0.0,0.0,0.0,0.0,0.0,0.0,0,0.0,0.005785835466954162,31
7448.528741357,25.40000000000806,0,1,0.0,0.0,0.0,0.0,0.0,0.0,0,0.0,0.005785835466954162,31
7448.538716261,25.410000000008072,0,1,0.0,0.0,0.0,0.0,0.0,0.0,0,0.0,0.005785835466954162,31
7448.548962431,25.420000000008084,0,1,0.0,0.0,0.0,0.0,0.0,0.0,0,0.0,0.005785835466954162,34
7448.558508625,25.430000000008096,0,1,0.0,0.0,0.0,0.0,0.0,0.0,0,0.0,0.005785835466954162,34
7448.568250693,25.44000000000811,0,1,0.0,0.0,0.0,0.0,0.0,0.0,0,0.0,0.005785835466954162,34
7448.579155209,25.45000000000812,0,1,0.0,0.0,0.0,0.0,0.0,0.0,0,0.0,0.005785835466954162,37
7448.588342216,25.460000000008133,0,1,0.0,0.0,0.0,0.0,0.0,0.0,0,0.0,0.005785835466954162,38
7448.598312116,25.470000000008145,0,1,0.0,0.0,0.0,0.0,0.0,0.0,0,0.0,0.005785835466954162,38
7448.608622193,25.480000000008157,0,1,0.0,0.0,0.0,0.0,0.0,0.0,0,0.0,0.005785835466954162,38
7448.618353182,25.49000000000817,0,1,0.0,0.0,0.0,0.0,0.0,0.0,0,0.0,0.005785835466954162,40
7448.628553542,25.500000000008182,0,1,0.0,0.0,0.0,0.0,0.0,0.0,0,0.0,0.005785835466954162,40
7448.638326396,25.510000000008194,0,1,0.0,0.0,0.0,0.0,0.0,0.0,0,0.0,0.005785835466954162,40
7448.648874685,25.520000000008206,0,1,0.0,0.0,0.0,0.0,0.0,0.0,0,0.0,0.005785835466954162,42
7448.658577083,25.53000000000822,0,1,0.0,0.0,0.0,0.0,0.0,0.0,0,0.0,0.005785835466954162,42
7448.668637793,25.54000000000823,0,1,0.0,0.0,0.0,0.0,0.0,0.0,0,0.0,0.005785835466954162,43
7448.679832828,25.550000000008243,0,1,0.0,0.0,0.0,0.0,0.0,0.0,0,0.0,0.005785835466954162,44
7448.688947875,25.560000000008255,0,1,0.0,0.0,0.0,0.0,0.0,0.0,0,0.0,0.005785835466954162,45
7448.698562811,25.570000000008267,0,1,0.0,0.0,0.0,0.0,0.0,0.0,0,0.0,0.005785835466954162,45
7448.708896874,25.58000000000828,0,1,0.0,0.0,0.0,0.0,0.0,0.0,0,0.0,0.005785835466954162,45
7448.718552214,25.590000000008292,0,1,0.0,0.0,0.0,0.0,0.0,0.0,0,0.0,0.005785835466954162,48
7448.728201992,25.600000000008304,0,1,0.0,0.0,0.0,0.0,0.0,0.0,0,0.0,0.005785835466954162,48
7448.738759859,25.610000000008316,0,1,0.0,0.0,0.0,0.0,0.0,0.0,0,0.0,0.005785835466954162,48
7448.749150177,25.62000000000833,0,1,0.0,0.0,0.0,0.0,0.0,0.0,0,0.0,0.005785835466954162,51
7448.758619429,25.63000000000834,0,1,0.0,0.0,0.0,0.0,0.0,0.0,0,0.0,0.005785835466954162,52
7448.768893981,25.640000000008353,0,1,0.0,0.0,0.0,0.0,0.0,0.0,0,0.0,0.005785835466954162,52
7448.77895443,25.650000000008365,0,1,0.0,0.0,0.0,0.0,0.0,0.0,0,0.0,0.005785835466954162,52
7448.78868425,25.660000000008377,0,1,0.0,0.0,0.0,0.0,0.0,0.0,0,0.0,0.005785835466954162,59
7448.798852802,25.67000000000839,0,1,0.0,0.0,0.0,0.0,0.0,0.0,0,0.0,0.005785835466954162,60
7448.808701227,25.680000000008402,0,1,0.0,0.0,0.0,0.0,0.0,0.0,0,0.0,0.005785835466954162,60
7448.818743077,25.690000000008414,0,1,0.0,0.0,0.0,0.0,0.0,0.0,0,0.0,0.005785835466954162,65
7448.828392149,25.700000000008426,0,1,0.0,0.0,0.0,0.0,0.0,0.0,0,0.0,0.005785835466954162,67
7448.838332788,25.71000000000844,0,1,0.0,0.0,0.0,0.0,0.0,0.0,0,0.0,0.005785835466954162,67
7448.850579181,25.72000000000845,0,1,0.0,0.0,0.0,0.0,0.0,0.0,0,0.0,0.005785835466954162,68
7448.858451654,25.730000000008463,0,1,0.0,0.0,0.0,0.0,0.0,0.0,0,0.0,0.005785835466954162,70
7448.868734609,25.740000000008475,0,1,0.0,0.0,0.0,0.0,0.0,0.0,0,0.0,0.005785835466954162,70
7448.87827072,25.750000000008487,0,1,0.0,0.0,0.0,0.0,0.0,0.0,0,0.0,0.005785835466954162,70
7448.888230763,25.7600000000085,0,1,0.0,0.0,0.0,0.0,0.0,0.0,0,0.0,0.005785835466954162,72
7448.898226494,25.770000000008512,0,1,0.0,0.0,0.0,0.0,0.0,0.0,0,0.0,0.005785835466954162,72
7448.908264387,25.780000000008524,0,1,0.0,0.0,0.0,0.0,0.0,0.0,0,0.0,0.005785835466954162,72
7448.918970182,25.790000000008536,0,1,0.0,0.0,0.0,0.0,0.0,0.0,0,0.0,0.005785835466954162,75
7448.929053503,25.80000000000855,0,1,0.0,0.0,0.0,0.0,0.0,0.0,0,0.0,0.005785835466954162,75
7448.938426579,25.81000000000856,0,1,0.0,0.0,0.0,0.0,0.0,0.0,0,0.0,0.005785835466954162,76
7448.948456685,25.820000000008573,0,1,0.0,0.0,0.0,0.0,0.0,0.0,0,0.0,0.005785835466954162,77
7448.958585593,25.830000000008585,0,1,0.0,0.0,0.0,0.0,0.0,0.0,0,0.0,0.005785835466954162,80
7448.968480273,25.840000000008597,0,1,0.0,0.0,0.0,0.0,0.0,0.0,0,0.0,0.005785835466954162,80
7448.978458617,25.85000000000861,0,1,0.0,0.0,0.0,0.0,0.0,0.0,0,0.0,0.005785835466954162,80
7448.988962716,25.860000000008622,0,1,0.0,0.0,0.0,0.0,0.0,0.0,0,0.0,0.005785835466954162,85
7448.998827092,25.870000000008634,0,1,0.0,0.0,0.0,0.0,0.0,0.0,0,0.0,0.005785835466954162,87
7449.008773547,25.880000000008646,0,1,0.0,0.0,0.0,0.0,0.0,0.0,0,0.0,0.005785835466954162,87
7449.020332085,25.89000000000866,0,1,0.0,0.0,0.0,0.0,0.0,0.0,0,0.0,0.005785835466954162,88
7449.028315597,25.90000000000867,0,1,0.0,0.0,0.0,0.0,0.0,0.0,0,0.0,0.005785835466954162,90
7449.038843983,25.910000000008683,0,1,0.0,0.0,0.0,0.0,0.0,0.0,0,0.0,0.005785835466954162,90
7449.048563659,25.920000000008695,0,1,0.0,0.0,0.0,0.0,0.0,0.0,0,0.0,0.005785835466954162,90
7449.05878495,25.930000000008707,0,1,0.0,0.0,0.0,0.0,0.0,0.0,0,0.0,0.005785835466954162,94
7449.068884621,25.94000000000872,0,1,0.0,0.0,0.0,0.0,0.0,0.0,0,0.0,0.005785835466954162,94
7449.078659195,25.950000000008732,0,1,0.0,0.0,0.0,0.0,0.0,0.0,0,0.0,0.005785835466954162,94
7449.088534969,25.960000000008744,0,1,0.0,0.0,0.0,0.0,0.0,0.0,0,0.0,0.005785835466954162,97
7449.098367456,25.970000000008756,0,1,0.0,0.0,0.0,0.0,0.0,0.0,0,0.0,0.005785835466954162,97
7449.1085495,25.98000000000877,0,1,0.0,0.0,0.0,0.0,0.0,0.0,0,0.0,0.005785835466954162,97
7449.119111819,25.99000000000878,0,1,0.0,0.0,0.0,0.0,0.0,0.0,0,0.0,0.005785835466954162,97
7449.128571624,26.000000000008793,0,1,0.0,0.0,0.0,0.0,0.0,0.0,0,0.0,0.005785835466954162,102
7449.138665956,26.010000000008805,0,1,0.0,0.0,0.0,0.0,0.0,0.0,0,0.0,0.005785835466954162,102
7449.148197869,26.020000000008817,0,1,0.0,0.0,0.0,0.0,0.0,0.0,0,0.0,0.005785835466954162,102
7449.158547345,26.03000000000883,0,1,0.0,0.0,0.0,0.0,0.0,0.0,0,0.0,0.005785835466954162,104
7449.168545129,26.040000000008842,0,1,0.0,0.0,0.0,0.0,0.0,0.0,0,0.0,0.005785835466954162,104
7449.178238351,26.050000000008854,0,1,0.0,0.0,0.0,0.0,0.0,0.0,0,0.0,0.005785835466954162,104
7449.191639261,26.060000000008866,0,1,0.0,0.0,0.0,0.0,0.0,0.0,0,0.0,0.005785835466954162,105
7449.199194491,26.07000000000888,0,1,0.0,0.0,0.0,0.0,0.0,0.0,0,0.0,0.005785835466954162,108
7449.208431874,26.08000000000889,0,1,0.0,0.0,0.0,0.0,0.0,0.0,0,0.0,0.005785835466954162,109
7449.218446572,26.090000000008903,0,1,0.0,0.0,0.0,0.0,0.0,0.0,0,0.0,0.005785835466954162,109
7449.228212104,26.100000000008915,0,1,0.0,0.0,0.0,0.0,0.0,0.0,0,0.0,0.005785835466954162,112
7449.238599229,26.110000000008927,0,1,0.0,0.0,0.0,0.0,0.0,0.0,0,0.0,0.005785835466954162,112
7449.248533062,26.12000000000894,0,1,0.0,0.0,0.0,0.0,0.0,0.0,0,0.0,0.005785835466954162,112
7449.258438171,26.130000000008952,0,1,0.0,0.0,0.0,0.0,0.0,0.0,0,0.0,0.005785835466954162,115
7449.268235703,26.140000000008964,0,1,0.0,0.0,0.0,0.0,0.0,0.0,0,0.0,0.005785835466954162,115
7449.278761906,26.150000000008976,0,1,0.0,0.0,0.0,0.0,0.0,0.0,0,0.0,0.005785835466954162,115
7449.288414288,26.16000000000899,0,1,0.0,0.0,0.0,0.0,0.0,0.0,0,0.0,0.005785835466954162,115
7449.298512279,26.170000000009,0,1,0.0,0.0,0.0,0.0,0.0,0.0,0,0.0,0.005785835466954162,3
7449.308380288,26.180000000009013,0,1,0.0,0.0,0.0,0.0,0.0,0.0,0,0.0,0.005785835466954162,3
7449.318530891,26.190000000009025,0,1,0.0,0.0,0.0,0.0,0.0,0.0,0,0.0,0.005785835466954162,3
7449.329191315,26.200000000009037,0,1,0.0,0.0,0.0,0.0,0.0,0.0,0,0.0,0.005785835466954162,8
7449.338910557,26.21000000000905,0,1,0.0,0.0,0.0,0.0,0.0,0.0,0,0.0,0.005785835466954162,9
7449.348654043,26.220000000009062,0,1,0.0,0.0,0.0,0.0,0.0,0.0,0,0.0,0.005785835466954162,9
7449.36013568,26.230000000009074,0,1,0.0,0.0,0.0,0.0,0.0,0.0,0,0.0,0.005785835466954162,10
7449.36853199,26.240000000009086,0,1,0.0,0.0,0.0,0.0,0.0,0.0,0,0.0,0.005785835466954162,12
7449.378347209,26.2500000000091,0,1,0.0,0.0,0.0,0.0,0.0,0.0,0,0.0,0.005785835466954162,12
7449.388647995,26.26000000000911,0,1,0.0,0.0,0.0,0.0,0.0,0.0,0,0.0,0.005785835466954162,12
7449.398339019,26.270000000009123,0,1,0.0,0.0,0.0,0.0,0.0,0.0,0,0.0,0.005785835466954162,15
7449.408269499,26.280000000009135,0,1,0.0,0.0,0.0,0.0,0.0,0.0,0,0.0,0.005785835466954162,15
7449.418433979,26.290000000009147,0,1,0.0,0.0,0.0,0.0,0.0,0.0,0,0.0,0.005785835466954162,15
7449.428651052,26.30000000000916,0,1,0.0,0.0,0.0,0.0,0.0,0.0,0,0.0,0.005785835466954162,18
7449.438423093,26.310000000009172,0,1,0.0,0.0,0.0,0.0,0.0,0.0,0,0.0,0.005785835466954162,18
7449.448231506,26.320000000009184,0,1,0.0,0.0,0.0,0.0,0.0,0.0,0,0.0,0.005785835466954162,18
7449.458240589,26.330000000009196,0,1,0.0,0.0,0.0,0.0,0.0,0.0,0,0.0,0.005785835466954162,18
7449.468565968,26.34000000000921,0,1,0.0,0.0,0.0,0.0,0.0,0.0,0,0.0,0.005785835466954162,21
7449.478563221,26.35000000000922,0,1,0.0,0.0,0.0,0.0,0.0,0.0,0,0.0,0.005785835466954162,21
7449.488519368,26.360000000009233,0,1,0.0,0.0,0.0,0.0,0.0,0.0,0,0.0,0.005785835466954162,21
7449.498817102,26.370000000009245,0,1,0.0,0.0,0.0,0.0,0.0,0.0,0,0.0,0.005785835466954162,25
7449.50844251,26.380000000009257,0,1,0.0,0.0,0.0,0.0,0.0,0.0,0,0.0,0.005785835466954162,25
7449.518196757,26.39000000000927,0,1,0.0,0.0,0.0,0.0,0.0,0.0,0,0.0,0.005785835466954162,25
7449.531322297,26.400000000009282,0,1,0.0,0.0,0.0,0.0,0.0,0.0,0,0.0,0.005785835466954162,26
7449.538290916,26.410000000009294,0,1,0.0,0.0,0.0,0.0,0.0,0.0,0,0.0,0.005785835466954162,29
7449.548214164,26.420000000009306,0,1,0.0,0.0,0.0,0.0,0.0,0.0,0,0.0,0.005785835466954162,29
7449.558688588,26.43000000000932,0,1,0.0,0.0,0.0,0.0,0.0,0.0,0,0.0,0.005785835466954162,29
7449.568349745,26.44000000000933,0,1,0.0,0.0,0.0,0.0,0.0,0.0,0,0.0,0.005785835466954162,33
7449.578227116,26.450000000009343,0,1,0.0,0.0,0.0,0.0,0.0,0.0,0,0.0,0.005785835466954162,33
7449.588216259,26.460000000009355,0,1,0.0,0.0,0.0,0.0,0.0,0.0,0,0.0,0.005785835466954162,34
7449.598959111,26.470000000009367,0,1,0.0,0.0,0.0,0.0,0.0,0.0,0,0.0,0.005785835466954162,37
7449.608634175,26.48000000000938,0,1,0.0,0.0,0.0,0.0,0.0,0.0,0,0.0,0.005785835466954162,37
7449.618294484,26.490000000009392,0,1,0.0,0.0,0.0,0.0,0.0,0.0,0,0.0,0.005785835466954162,37
7449.628173769,26.500000000009404,0,1,0.0,0.0,0.0,0.0,0.0,0.0,0,0.0,0.005785835466954162,37
7449.638594233,26.510000000009416,0,1,0.0,0.0,0.0,0.0,0.0,0.0,0,0.0,0.005785835466954162,39
7449.648230375,26.52000000000943,0,1,0.0,0.0,0.0,0.0,0.0,0.0,0,0.0,0.005785835466954162,39
7449.658664017,26.53000000000944,0,1,0.0,0.0,0.0,0.0,0.0,0.0,0,0.0,0.005785835466954162,39
7449.668726258,26.540000000009453,0,1,0.0,0.0,0.0,0.0,0.0,0.0,0,0.0,0.005785835466954162,43
7449.678787304,26.550000000009465,0,1,0.0,0.0,0.0,0.0,0.0,0.0,0,0.0,0.005785835466954162,43
7449.688575959,26.560000000009477,0,1,0.0,0.0,0.0,0.0,0.0,0.0,0,0.0,0.005785835466954162,43
7449.69885724,26.57000000000949,0,1,0.0,0.0,0.0,0.0,0.0,0.0,0,0.0,0.005785835466954162,45
7449.70878994,26.580000000009502,0,1,0.0,0.0,0.0,0.0,0.0,0.0,0,0.0,0.005785835466954162,45
7449.718569936,26.590000000009514,0,1,0.0,0.0,0.0,0.0,0.0,0.0,0,0.0,0.005785835466954162,45
7449.728519992,26.600000000009526,0,1,0.0,0.0,0.0,0.0,0.0,0.0,0,0.0,0.005785835466954162,45
7449.738692535,26.61000000000954,0,1,0.0,0.0,0.0,0.0,0.0,0.0,0,0.0,0.005785835466954162,49
7449.74826407,26.62000000000955,0,1,0.0,0.0,0.0,0.0,0.0,0.0,0,0.0,0.005785835466954162,49
7449.758305214,26.630000000009563,0,1,0.0,0.0,0.0,0.0,0.0,0.0,0,0.0,0.005785835466954162,49
7449.768460446,26.640000000009575,0,1,0.0,0.0,0.0,0.0,0.0,0.0,0,0.0,0.005785835466954162,53
7449.778216112,26.650000000009587,0,1,0.0,0.0,0.0,0.0,0.0,0.0,0,0.0,0.005785835466954162,53
7449.78820757,26.6600000000096,0,1,0.0,0.0,0.0,0.0,0.0,0.0,0,0.0,0.005785835466954162,53
7449.79831044,26.670000000009612,0,1,0.0,0.0,0.0,0.0,0.0,0.0,0,0.0,0.005785835466954162,53
7449.808758353,26.680000000009624,0,1,0.0,0.0,0.0,0.0,0.0,0.0,0,0.0,0.005785835466954162,56
7449.818288864,26.690000000009636,0,1,0.0,0.0,0.0,0.0,0.0,0.0,0,0.0,0.005785835466954162,56
7449.828472126,26.70000000000965,0,1,0.0,0.0,0.0,0.0,0.0,0.0,0,0.0,0.005785835466954162,56
7449.843945293,26.71000000000966,0,1,0.0,0.0,0.0,0.0,0.0,0.0,0,0.0,0.005785835466954162,58
7449.853875596,26.720000000009673,0,1,0.0,0.0,0.0,0.0,0.0,0.0,0,0.0,0.005785835466954162,58
7449.864052519,26.730000000009685,0,1,0.0,0.0,0.0,0.0,0.0,0.0,0,0.0,0.005785835466954162,58
7449.874117674,26.740000000009697,0,1,0.0,0.0,0.0,0.0,0.0,0.0,0,0.0,0.005785835466954162,65
7449.88380969,26.75000000000971,0,1,0.0,0.0,0.0,0.0,0.0,0.0,0,0.0,0.005785835466954162,65
7449.893799271,26.760000000009722,0,1,0.0,0.0,0.0,0.0,0.0,0.0,0,0.0,0.005785835466954162,65
7449.904467671,26.770000000009734,0,1,0.0,0.0,0.0,0.0,0.0,0.0,0,0.0,0.005785835466954162,68
7449.913861956,26.780000000009746,0,1,0.0,0.0,0.0,0.0,0.0,0.0,0,0.0,0.005785835466954162,68
7449.923932271,26.79000000000976,0,1,0.0,0.0,0.0,0.0,0.0,0.0,0,0.0,0.005785835466954162,68
7449.933792926,26.80000000000977,0,1,0.0,0.0,0.0,0.0,0.0,0.0,0,0.0,0.005785835466954162,68
7449.943834577,26.810000000009783,0,1,0.0,0.0,0.0,0.0,0.0,0.0,0,0.0,0.005785835466954162,74
7449.953992281,26.820000000009795,0,1,0.0,0.0,0.0,0.0,0.0,0.0,0,0.0,0.005785835466954162,74
7449.963907367,26.830000000009807,0,1,0.0,0.0,0.0,0.0,0.0,0.0,0,0.0,0.005785835466954162,74
7449.973924909,26.84000000000982,0,1,0.0,0.0,0.0,0.0,0.0,0.0,0,0.0,0.005785835466954162,78
7449.983819823,26.850000000009832,0,1,0.0,0.0,0.0,0.0,0.0,0.0,0,0.0,0.005785835466954162,78
7449.993899869,26.860000000009844,0,1,0.0,0.0,0.0,0.0,0.0,0.0,0,0.0,0.005785835466954162,78
7450.006403225,26.870000000009856,0,1,0.0,0.0,0.0,0.0,0.0,0.0,0,0.0,0.005785835466954162,79
7450.013975834,26.88000000000987,0,1,0.0,0.0,0.0,0.0,0.0,0.0,0,0.0,0.005785835466954162,82
7450.023911607,26.89000000000988,0,1,0.0,0.0,0.0,0.0,0.0,0.0,0,0.0,0.005785835466954162,82
7450.033803438,26.900000000009893,0,1,0.0,0.0,0.0,0.0,0.0,0.0,0,0.0,0.005785835466954162,82
7450.044148919,26.910000000009905,0,1,0.0,0.0,0.0,0.0,0.0,0.0,0,0.0,0.005785835466954162,86
7450.053913815,26.920000000009917,0,1,0.0,0.0,0.0,0.0,0.0,0.0,0,0.0,0.005785835466954162,86
7450.063832568,26.93000000000993,0,1,0.0,0.0,0.0,0.0,0.0,0.0,0,0.0,0.005785835466954162,86
7450.074881421,26.94000000000994,0,1,0.0,0.0,0.0,0.0,0.0,0.0,0,0.0,0.005785835466954162,89
7450.083793184,26.950000000009954,0,1,0.0,0.0,0.0,0.0,0.0,0.0,0,0.0,0.005785835466954162,90
7450.093780932,26.960000000009966,0,1,0.0,0.0,0.0,0.0,0.0,0.0,0,0.0,0.005785835466954162,90
7450.10382273,26.97000000000998,0,1,0.0,0.0,0.0,0.0,0.0,0.0,0,0.0,0.005785835466954162,90
7450.113779157,26.98000000000999,0,1,0.0,0.0,0.0,0.0,0.0,0.0,0,0.0,0.005785835466954162,93
7450.123771587,26.990000000010003,0,1,0.0,0.0,0.0,0.0,0.0,0.0,0,0.0,0.005785835466954162,93
7450.133905219,27.000000000010015,0,1,0.0,0.0,0.0,0.0,0.0,0.0,0,0.0,0.005785835466954162,93
7450.144962003,27.010000000010027,0,1,0.0,0.0,0.0,0.0,0.0,0.0,0,0.0,0.005785835466954162,98
7450.153789186,27.02000000001004,0,1,0.0,0.0,0.0,0.0,0.0,0.0,0,0.0,0.005785835466954162,99
7450.163833789,27.03000000001005,0,1,0.0,0.0,0.0,0.0,0.0,0.0,0,0.0,0.005785835466954162,99
7450.175864214,27.040000000010064,0,1,0.0,0.0,0.0,0.0,0.0,0.0,0,0.0,0.005785835466954162,100
7450.183825228,27.050000000010076,0,1,0.0,0.0,0.0,0.0,0.0,0.0,0,0.0,0.005785835466954162,102
7450.193789965,27.06000000001009,0,1,0.0,0.0,0.0,0.0,0.0,0.0,0,0.0,0.005785835466954162,102
7450.203951519,27.0700000000101,0,1,0.0,0.0,0.0,0.0,0.0,0.0,0,0.0,0.005785835466954162,102
7450.213822675,27.080000000010113,0,1,0.0,0.0,0.0,0.0,0.0,0.0,0,0.0,0.005785835466954162,105
7450.223815326,27.090000000010125,0,1,0.0,0.0,0.0,0.0,0.0,0.0,0,0.0,0.005785835466954162,105
7450.233751562,27.100000000010137,0,1,0.0,0.0,0.0,0.0,0.0,0.0,0,0.0,0.005785835466954162,105
7450.244610122,27.11000000001015,0,1,0.0,0.0,0.0,0.0,0.0,0.0,0,0.0,0.005785835466954162,108
7450.253786263,27.12000000001016,0,1,0.0,0.0,0.0,0.0,0.0,0.0,0,0.0,0.005785835466954162,109
7450.263791944,27.130000000010174,0,1,0.0,0.0,0.0,0.0,0.0,0.0,0,0.0,0.005785835466954162,109
7450.273792231,27.140000000010186,0,1,0.0,0.0,0.0,0.0,0.0,0.0,0,0.0,0.005785835466954162,109
7450.283813792,27.1500000000102,0,1,0.0,0.0,0.0,0.0,0.0,0.0,0,0.0,0.005785835466954162,113
7450.293778791,27.16000000001021,0,1,0.0,0.0,0.0,0.0,0.0,0.0,0,0.0,0.005785835466954162,113
7450.303965268,27.170000000010223,0,1,0.0,0.0,0.0,0.0,0.0,0.0,0,0.0,0.005785835466954162,0
7450.313814155,27.180000000010235,0,1,0.0,0.0,0.0,0.0,0.0,0.0,0,0.0,0.005785835466954162,4
7450.323844593,27.190000000010247,0,1,0.0,0.0,0.0,0.0,0.0,0.0,0,0.0,0.005785835466954162,5
7450.333803538,27.20000000001026,0,1,0.0,0.0,0.0,0.0,0.0,0.0,0,0.0,0.005785835466954162,5
7450.347084046,27.21000000001027,0,1,0.0,0.0,0.0,0.0,0.0,0.0,0,0.0,0.005785835466954162,7
7450.353883889,27.220000000010284,0,1,0.0,0.0,0.0,0.0,0.0,0.0,0,0.0,0.005785835466954162,10
7450.363806599,27.230000000010296,0,1,0.0,0.0,0.0,0.0,0.0,0.0,0,0.0,0.005785835466954162,10
7450.373790369,27.24000000001031,0,1,0.0,0.0,0.0,0.0,0.0,0.0,0,0.0,0.005785835466954162,10
7450.383899152,27.25000000001032,0,1,0.0,0.0,0.0,0.0,0.0,0.0,0,0.0,0.005785835466954162,12
7450.393877215,27.260000000010333,0,1,0.0,0.0,0.0,0.0,0.0,0.0,0,0.0,0.005785835466954162,12
7450.403892012,27.270000000010345,0,1,0.0,0.0,0.0,0.0,0.0,0.0,0,0.0,0.005785835466954162,12
7450.419316631,27.280000000010357,0,1,0.0,0.0,0.0,0.0,0.0,0.0,0,0.0,0.005785835466954162,13
7450.429219914,27.29000000001037,0,1,0.0,0.0,0.0,0.0,0.0,0.0,0,0.0,0.005785835466954162,13
7450.439306052,27.30000000001038,0,1,0.0,0.0,0.0,0.0,0.0,0.0,0,0.0,0.005785835466954162,13
7450.45025781,27.310000000010394,0,1,0.0,0.0,0.0,0.0,0.0,0.0,0,0.0,0.005785835466954162,18
7450.459173162,27.320000000010406,0,1,0.0,0.0,0.0,0.0,0.0,0.0,0,0.0,0.005785835466954162,19
7450.469165037,27.33000000001042,0,1,0.0,0.0,0.0,0.0,0.0,0.0,0,0.0,0.005785835466954162,19
7450.481625539,27.34000000001043,0,1,0.0,0.0,0.0,0.0,0.0,0.0,0,0.0,0.005785835466954162,20
7450.489232796,27.350000000010443,0,1,0.0,0.0,0.0,0.0,0.0,0.0,0,0.0,0.005785835466954162,23
7450.499128513,27.360000000010455,0,1,0.0,0.0,0.0,0.0,0.0,0.0,0,0.0,0.005785835466954162,23
7450.509235772,27.370000000010467,0,1,0.0,0.0,0.0,0.0,0.0,0.0,0,0.0,0.005785835466954162,23
7450.519143646,27.38000000001048,0,1,0.0,0.0,0.0,0.0,0.0,0.0,0,0.0,0.005785835466954162,28
7450.529137536,27.39000000001049,0,1,0.0,0.0,0.0,0.0,0.0,0.0,0,0.0,0.005785835466954162,28
7450.539191773,27.400000000010504,0,1,0.0,0.0,0.0,0.0,0.0,0.0,0,0.0,0.005785835466954162,28
7450.54916072,27.410000000010516,0,1,0.0,0.0,0.0,0.0,0.0,0.0,0,0.0,0.005785835466954162,31
7450.559171757,27.42000000001053,0,1,0.0,0.0,0.0,0.0,0.0,0.0,0,0.0,0.005785835466954162,31
7450.569229719,27.43000000001054,0,1,0.0,0.0,0.0,0.0,0.0,0.0,0,0.0,0.005785835466954162,31
7450.579120319,27.440000000010553,0,1,0.0,0.0,0.0,0.0,0.0,0.0,0,0.0,0.005785835466954162,31
7450.58923467,27.450000000010565,0,1,0.0,0.0,0.0,0.0,0.0,0.0,0,0.0,0.005785835466954162,34
7450.59923225,27.460000000010577,0,1,0.0,0.0,0.0,0.0,0.0,0.0,0,0.0,0.005785835466954162,34
7450.609173107,27.47000000001059,0,1,0.0,0.0,0.0,0.0,0.0,0.0,0,0.0,0.005785835466954162,34
7450.619201657,27.4800000000106,0,1,0.0,0.0,0.0,0.0,0.0,0.0,0,0.0,0.005785835466954162,36
7450.629286502,27.490000000010614,0,1,0.0,0.0,0.0,0.0,0.0,0.0,0,0.0,0.005785835466954162,36
7450.63917278,27.500000000010626,0,1,0.0,0.0,0.0,0.0,0.0,0.0,0,0.0,0.005785835466954162,36
7450.65154824,27.51000000001064,0,1,0.0,0.0,0.0,0.0,0.0,0.0,0,0.0,0.005785835466954162,38
7450.65928718,27.52000000001065,0,1,0.0,0.0,0.0,0.0,0.0,0.0,0,0.0,0.005785835466954162,40
7450.669144364,27.530000000010663,0,1,0.0,0.0,0.0,0.0,0.0,0.0,0,0.0,0.005785835466954162,40
7450.67928418,27.540000000010675,0,1,0.0,0.0,0.0,0.0,0.0,0.0,0,0.0,0.005785835466954162,40
7450.689167029,27.550000000010687,0,1,0.0,0.0,0.0,0.0,0.0,0.0,0,0.0,0.005785835466954162,43
7450.699170203,27.5600000000107,0,1,0.0,0.0,0.0,0.0,0.0,0.0,0,0.0,0.005785835466954162,43
7450.709369234,27.57000000001071,0,1,0.0,0.0,0.0,0.0,0.0,0.0,0,0.0,0.005785835466954162,43
7450.7191557,27.580000000010724,0,1,0.0,0.0,0.0,0.0,0.0,0.0,0,0.0,0.005785835466954162,46
7450.72914849,27.590000000010736,0,1,0.0,0.0,0.0,0.0,0.0,0.0,0,0.0,0.005785835466954162,46
7450.739208042,27.60000000001075,0,1,0.0,0.0,0.0,0.0,0.0,0.0,0,0.0,0.005785835466954162,46
7450.749155723,27.61000000001076,0,1,0.0,0.0,0.0,0.0,0.0,0.0,0,0.0,0.005785835466954162,46
7450.759220918,27.620000000010773,0,1,0.0,0.0,0.0,0.0,0.0,0.0,0,0.0,0.005785835466954162,49
7450.769128679,27.630000000010785,0,1,0.0,0.0,0.0,0.0,0.0,0.0,0,0.0,0.005785835466954162,49
7450.779085871,27.640000000010797,0,1,0.0,0.0,0.0,0.0,0.0,0.0,0,0.0,0.005785835466954162,49
7450.789166401,27.65000000001081,0,1,0.0,0.0,0.0,0.0,0.0,0.0,0,0.0,0.005785835466954162,51
7450.799252299,27.66000000001082,0,1,0.0,0.0,0.0,0.0,0.0,0.0,0,0.0,0.005785835466954162,51
7450.809150999,27.670000000010834,0,1,0.0,0.0,0.0,0.0,0.0,0.0,0,0.0,0.005785835466954162,51
7450.819801963,27.680000000010846,0,1,0.0,0.0,0.0,0.0,0.0,0.0,0,0.0,0.005785835466954162,53
7450.829268012,27.69000000001086,0,1,0.0,0.0,0.0,0.0,0.0,0.0,0,0.0,0.005785835466954162,53
7450.839197169,27.70000000001087,0,1,0.0,0.0,0.0,0.0,0.0,0.0,0,0.0,0.005785835466954162,53
7450.849101207,27.710000000010883,0,1,0.0,0.0,0.0,0.0,0.0,0.0,0,0.0,0.005785835466954162,53
7450.859133843,27.720000000010895,0,1,0.0,0.0,0.0,0.0,0.0,0.0,0,0.0,0.005785835466954162,56
7450.86985911,27.730000000010907,0,1,0.0,0.0,0.0,0.0,0.0,0.0,0,0.0,0.005785835466954162,56
7450.879245804,27.74000000001092,0,1,0.0,0.0,0.0,0.0,0.0,0.0,0,0.0,0.005785835466954162,56
7450.88977965,27.75000000001093,0,1,0.0,0.0,0.0,0.0,0.0,0.0,0,0.0,0.005785835466954162,60
7450.899131437,27.760000000010944,0,1,0.0,0.0,0.0,0.0,0.0,0.0,0,0.0,0.005785835466954162,60
7450.909223704,27.770000000010956,0,1,0.0,0.0,0.0,0.0,0.0,0.0,0,0.0,0.005785835466954162,62
7450.91915237,27.78000000001097,0,1,0.0,0.0,0.0,0.0,0.0,0.0,0,0.0,0.005785835466954162,62
7450.929249062,27.79000000001098,0,1,0.0,0.0,0.0,0.0,0.0,0.0,0,0.0,0.005785835466954162,65
7450.939606369,27.800000000010993,0,1,0.0,0.0,0.0,0.0,0.0,0.0,0,0.0,0.005785835466954162,65
7450.949173089,27.810000000011005,0,1,0.0,0.0,0.0,0.0,0.0,0.0,0,0.0,0.005785835466954162,65
7450.959158007,27.820000000011017,0,1,0.0,0.0,0.0,0.0,0.0,0.0,0,0.0,0.005785835466954162,67
7450.969191283,27.83000000001103,0,1,0.0,0.0,0.0,0.0,0.0,0.0,0,0.0,0.005785835466954162,67
7450.979145496,27.84000000001104,0,1,0.0,0.0,0.0,0.0,0.0,0.0,0,0.0,0.005785835466954162,68
7450.99328649,27.850000000011054,0,1,0.0,0.0,0.0,0.0,0.0,0.0,0,0.0,0.005785835466954162,69
7450.999195996,27.860000000011066,0,1,0.0,0.0,0.0,0.0,0.0,0.0,0,0.0,0.005785835466954162,73
7451.009257296,27.87000000001108,0,1,0.0,0.0,0.0,0.0,0.0,0.0,0,0.0,0.005785835466954162,73
7451.019184849,27.88000000001109,0,1,0.0,0.0,0.0,0.0,0.0,0.0,0,0.0,0.005785835466954162,73
7451.029132576,27.890000000011103,0,1,0.0,0.0,0.0,0.0,0.0,0.0,0,0.0,0.005785835466954162,76
7451.039183669,27.900000000011115,0,1,0.0,0.0,0.0,0.0,0.0,0.0,0,0.0,0.005785835466954162,76
7451.049186606,27.910000000011127,0,1,0.0,0.0,0.0,0.0,0.0,0.0,0,0.0,0.005785835466954162,76
7451.059358699,27.92000000001114,0,1,0.0,0.0,0.0,0.0,0.0,0.0,0,0.0,0.005785835466954162,79
7451.069205261,27.93000000001115,0,1,0.0,0.0,0.0,0.0,0.0,0.0,0,0.0,0.005785835466954162,79
7451.079220678,27.940000000011164,0,1,0.0,0.0,0.0,0.0,0.0,0.0,0,0.0,0.005785835466954162,80
7451.089255042,27.950000000011176,0,1,0.0,0.0,0.0,0.0,0.0,0.0,0,0.0,0.005785835466954162,81
7451.099170285,27.96000000001119,0,1,0.0,0.0,0.0,0.0,0.0,0.0,0,0.0,0.005785835466954162,85
7451.109249665,27.9700000000112,0,1,0.0,0.0,0.0,0.0,0.0,0.0,0,0.0,0.005785835466954162,85
7451.119519094,27.980000000011213,0,1,0.0,0.0,0.0,0.0,0.0,0.0,0,0.0,0.005785835466954162,86
7451.129159563,27.990000000011225,0,1,0.0,0.0,0.0,0.0,0.0,0.0,0,0.0,0.005785835466954162,89
7451.139117257,28.000000000011237,0,1,0.0,0.0,0.0,0.0,0.0,0.0,0,0.0,0.005785835466954162,90
7451.149244104,28.01000000001125,0,1,0.0,0.0,0.0,0.0,0.0,0.0,0,0.0,0.005785835466954162,90
7451.163528173,28.02000000001126,0,1,0.0,0.0,0.0,0.0,0.0,0.0,0,0.0,0.005785835466954162,91
7451.169183967,28.030000000011274,0,1,0.0,0.0,0.0,0.0,0.0,0.0,0,0.0,0.005785835466954162,96
7451.179251066,28.040000000011286,0,1,0.0,0.0,0.0,0.0,0.0,0.0,0,0.0,0.005785835466954162,96
7451.189211318,28.0500000000113,0,1,0.0,0.0,0.0,0.0,0.0,0.0,0,0.0,0.005785835466954162,96
7451.199314858,28.06000000001131,0,1,0.0,0.0,0.0,0.0,0.0,0.0,0,0.0,0.005785835466954162,100
7451.209289134,28.070000000011323,0,1,0.0,0.0,0.0,0.0,0.0,0.0,0,0.0,0.005785835466954162,100
7451.219304952,28.080000000011335,0,1,0.0,0.0,0.0,0.0,0.0,0.0,0,0.0,0.005785835466954162,100
7451.230535708,28.090000000011347,0,1,0.0,0.0,0.0,0.0,0.0,0.0,0,0.0,0.005785835466954162,102
7451.239193101,28.10000000001136,0,1,0.0,0.0,0.0,0.0,0.0,0.0,0,0.0,0.005785835466954162,104
7451.249332541,28.11000000001137,0,1,0.0,0.0,0.0,0.0,0.0,0.0,0,0.0,0.005785835466954162,104
7451.259355985,28.120000000011384,0,1,0.0,0.0,0.0,0.0,0.0,0.0,0,0.0,0.005785835466954162,104
7451.269178479,28.130000000011396,0,1,0.0,0.0,0.0,0.0,0.0,0.0,0,0.0,0.005785835466954162,107
7451.279158076,28.14000000001141,0,1,0.0,0.0,0.0,0.0,0.0,0.0,0,0.0,0.005785835466954162,107
7451.289266769,28.15000000001142,0,1,0.0,0.0,0.0,0.0,0.0,0.0,0,0.0,0.005785835466954162,107
7451.299222069,28.160000000011433,0,1,0.0,0.0,0.0,0.0,0.0,0.0,0,0.0,0.005785835466954162,4
7451.309406776,28.170000000011445,0,1,0.0,0.0,0.0,0.0,0.0,0.0,0,0.0,0.005785835466954162,4
7451.319171113,28.180000000011457,0,1,0.0,0.0,0.0,0.0,0.0,0.0,0,0.0,0.005785835466954162,4
7451.329144976,28.19000000001147,0,1,0.0,0.0,0.0,0.0,0.0,0.0,0,0.0,0.005785835466954162,4
7451.339192618,28.20000000001148,0,1,0.0,0.0,0.0,0.0,0.0,0.0,0,0.0,0.005785835466954162,6
7451.349314849,28.210000000011494,0,1,0.0,0.0,0.0,0.0,0.0,0.0,0,0.0,0.005785835466954162,6
7451.35919445,28.220000000011506,0,1,0.0,0.0,0.0,0.0,0.0,0.0,0,0.0,0.005785835466954162,6
7451.369332302,28.23000000001152,0,1,0.0,0.0,0.0,0.0,0.0,0.0,0,0.0,0.005785835466954162,11
7451.379098701,28.24000000001153,0,1,0.0,0.0,0.0,0.0,0.0,0.0,0,0.0,0.005785835466954162,11
7451.389117885,28.250000000011543,0,1,0.0,0.0,0.0,0.0,0.0,0.0,0,0.0,0.005785835466954162,11
7451.39936528,28.260000000011555,0,1,0.0,0.0,0.0,0.0,0.0,0.0,0,0.0,0.005785835466954162,14
7451.409184542,28.270000000011567,0,1,0.0,0.0,0.0,0.0,0.0,0.0,0,0.0,0.005785835466954162,14
7451.419136529,28.28000000001158,0,1,0.0,0.0,0.0,0.0,0.0,0.0,0,0.0,0.005785835466954162,15
7451.429149124,28.29000000001159,0,1,0.0,0.0,0.0,0.0,0.0,0.0,0,0.0,0.005785835466954162,15
7451.439537575,28.300000000011604,0,1,0.0,0.0,0.0,0.0,0.0,0.0,0,0.0,0.005785835466954162,18
7451.449283523,28.310000000011616,0,1,0.0,0.0,0.0,0.0,0.0,0.0,0,0.0,0.005785835466954162,18
7451.459149306,28.32000000001163,0,1,0.0,0.0,0.0,0.0,0.0,0.0,0,0.0,0.005785835466954162,18
7451.469157844,28.33000000001164,0,1,0.0,0.0,0.0,0.0,0.0,0.0,0,0.0,0.005785835466954162,21
7451.479133395,28.340000000011653,0,1,0.0,0.0,0.0,0.0,0.0,0.0,0,0.0,0.005785835466954162,21
7451.489162754,28.350000000011665,0,1,0.0,0.0,0.0,0.0,0.0,0.0,0,0.0,0.005785835466954162,21
7451.501406775,28.360000000011677,0,1,0.0,0.0,0.0,0.0,0.0,0.0,0,0.0,0.005785835466954162,22
7451.509148472,28.37000000001169,0,1,0.0,0.0,0.0,0.0,0.0,0.0,0,0.0,0.005785835466954162,24
7451.519160929,28.3800000000117,0,1,0.0,0.0,0.0,0.0,0.0,0.0,0,0.0,0.005785835466954162,24
7451.529168073,28.390000000011714,0,1,0.0,0.0,0.0,0.0,0.0,0.0,0,0.0,0.005785835466954162,24
7451.539144675,28.400000000011726,0,1,0.0,0.0,0.0,0.0,0.0,0.0,0,0.0,0.005785835466954162,27
7451.549313406,28.41000000001174,0,1,0.0,0.0,0.0,0.0,0.0,0.0,0,0.0,0.005785835466954162,27
7451.559178973,28.42000000001175,0,1,0.0,0.0,0.0,0.0,0.0,0.0,0,0.0,0.005785835466954162,28
7451.569071154,28.430000000011763,0,1,0.0,0.0,0.0,0.0,0.0,0.0,0,0.0,0.005785835466954162,30
7451.579219608,28.440000000011775,0,1,0.0,0.0,0.0,0.0,0.0,0.0,0,0.0,0.005785835466954162,30
7451.589110811,28.450000000011787,0,1,0.0,0.0,0.0,0.0,0.0,0.0,0,0.0,0.005785835466954162,30
7451.599153621,28.4600000000118,0,1,0.0,0.0,0.0,0.0,0.0,0.0,0,0.0,0.005785835466954162,30
7451.609197856,28.47000000001181,0,1,0.0,0.0,0.0,0.0,0.0,0.0,0,0.0,0.005785835466954162,32
7451.619162255,28.480000000011824,0,1,0.0,0.0,0.0,0.0,0.0,0.0,0,0.0,0.005785835466954162,32
7451.629170839,28.490000000011836,0,1,0.0,0.0,0.0,0.0,0.0,0.0,0,0.0,0.005785835466954162,32
7451.639541217,28.50000000001185,0,1,0.0,0.0,0.0,0.0,0.0,0.0,0,0.0,0.005785835466954162,37
7451.649212343,28.51000000001186,0,1,0.0,0.0,0.0,0.0,0.0,0.0,0,0.0,0.005785835466954162,38
7451.659146841,28.520000000011873,0,1,0.0,0.0,0.0,0.0,0.0,0.0,0,0.0,0.005785835466954162,38
7451.673184649,28.530000000011885,0,1,0.0,0.0,0.0,0.0,0.0,0.0,0,0.0,0.005785835466954162,40
7451.679187697,28.540000000011897,0,1,0.0,0.0,0.0,0.0,0.0,0.0,0,0.0,0.005785835466954162,44
7451.689176036,28.55000000001191,0,1,0.0,0.0,0.0,0.0,0.0,0.0,0,0.0,0.005785835466954162,44
7451.699222801,28.56000000001192,0,1,0.0,0.0,0.0,0.0,0.0,0.0,0,0.0,0.005785835466954162,44
7451.70916167,28.570000000011934,0,1,0.0,0.0,0.0,0.0,0.0,0.0,0,0.0,0.005785835466954162,47
7451.719178087,28.580000000011946,0,1,0.0,0.0,0.0,0.0,0.0,0.0,0,0.0,0.005785835466954162,48
7451.729147284,28.59000000001196,0,1,0.0,0.0,0.0,0.0,0.0,0.0,0,0.0,0.005785835466954162,48
7451.739191265,28.60000000001197,0,1,0.0,0.0,0.0,0.0,0.0,0.0,0,0.0,0.005785835466954162,51
7451.749204174,28.610000000011983,0,1,0.0,0.0,0.0,0.0,0.0,0.0,0,0.0,0.005785835466954162,51
7451.759266793,28.620000000011995,0,1,0.0,0.0,0.0,0.0,0.0,0.0,0,0.0,0.005785835466954162,51
7451.769271206,28.630000000012007,0,1,0.0,0.0,0.0,0.0,0.0,0.0,0,0.0,0.005785835466954162,51
7451.779277162,28.64000000001202,0,1,0.0,0.0,0.0,0.0,0.0,0.0,0,0.0,0.005785835466954162,55
7451.789195116,28.65000000001203,0,1,0.0,0.0,0.0,0.0,0.0,0.0,0,0.0,0.005785835466954162,55
7451.799366288,28.660000000012044,0,1,0.0,0.0,0.0,0.0,0.0,0.0,0,0.0,0.005785835466954162,55
7451.80911125,28.670000000012056,0,1,0.0,0.0,0.0,0.0,0.0,0.0,0,0.0,0.005785835466954162,59
7451.81912037,28.68000000001207,0,1,0.0,0.0,0.0,0.0,0.0,0.0,0,0.0,0.005785835466954162,59
7451.829281937,28.69000000001208,0,1,0.0,0.0,0.0,0.0,0.0,0.0,0,0.0,0.005785835466954162,59
7451.840935613,28.700000000012093,0,1,0.0,0.0,0.0,0.0,0.0,0.0,0,0.0,0.005785835466954162,60
7451.849853452,28.710000000012105,0,1,0.0,0.0,0.0,0.0,0.0,0.0,0,0.0,0.005785835466954162,62
7451.859310117,28.720000000012117,0,1,0.0,0.0,0.0,0.0,0.0,0.0,0,0.0,0.005785835466954162,63
7451.869308725,28.73000000001213,0,1,0.0,0.0,0.0,0.0,0.0,0.0,0,0.0,0.005785835466954162,63
7451.879256072,28.74000000001214,0,1,0.0,0.0,0.0,0.0,0.0,0.0,0,0.0,0.005785835466954162,67
7451.889146542,28.750000000012154,0,1,0.0,0.0,0.0,0.0,0.0,0.0,0,0.0,0.005785835466954162,69
7451.899272153,28.760000000012166,0,1,0.0,0.0,0.0,0.0,0.0,0.0,0,0.0,0.005785835466954162,69
7451.90956329,28.77000000001218,0,1,0.0,0.0,0.0,0.0,0.0,0.0,0,0.0,0.005785835466954162,72
7451.919297301,28.78000000001219,0,1,0.0,0.0,0.0,0.0,0.0,0.0,0,0.0,0.005785835466954162,73
7451.929325697,28.790000000012203,0,1,0.0,0.0,0.0,0.0,0.0,0.0,0,0.0,0.005785835466954162,73
7451.939286356,28.800000000012215,0,1,0.0,0.0,0.0,0.0,0.0,0.0,0,0.0,0.005785835466954162,73
7451.949164958,28.810000000012227,0,1,0.0,0.0,0.0,0.0,0.0,0.0,0,0.0,0.005785835466954162,77
7451.959202777,28.82000000001224,0,1,0.0,0.0,0.0,0.0,0.0,0.0,0,0.0,0.005785835466954162,78
7451.969143939,28.83000000001225,0,1,0.0,0.0,0.0,0.0,0.0,0.0,0,0.0,0.005785835466954162,78
7451.979266487,28.840000000012264,0,1,0.0,0.0,0.0,0.0,0.0,0.0,0,0.0,0.005785835466954162,81
7451.989293189,28.850000000012276,0,1,0.0,0.0,0.0,0.0,0.0,0.0,0,0.0,0.005785835466954162,81
7451.999116632,28.86000000001229,0,1,0.0,0.0,0.0,0.0,0.0,0.0,0,0.0,0.005785835466954162,81
7452.010820642,28.8700000000123,0,1,0.0,0.0,0.0,0.0,0.0,0.0,0,0.0,0.005785835466954162,82
7452.019237097,28.880000000012313,0,1,0.0,0.0,0.0,0.0,0.0,0.0,0,0.0,0.005785835466954162,83
7452.029174966,28.890000000012325,0,1,0.0,0.0,0.0,0.0,0.0,0.0,0,0.0,0.005785835466954162,83
7452.039179404,28.900000000012337,0,1,0.0,0.0,0.0,0.0,0.0,0.0,0,0.0,0.005785835466954162,83
7452.049156875,28.91000000001235,0,1,0.0,0.0,0.0,0.0,0.0,0.0,0,0.0,0.005785835466954162,86
7452.059119994,28.92000000001236,0,1,0.0,0.0,0.0,0.0,0.0,0.0,0,0.0,0.005785835466954162,86
7452.069176312,28.930000000012374,0,1,0.0,0.0,0.0,0.0,0.0,0.0,0,0.0,0.005785835466954162,86
7452.079105371,28.940000000012386,0,1,0.0,0.0,0.0,0.0,0.0,0.0,0,0.0,0.005785835466954162,88
7452.089231557,28.9500000000124,0,1,0.0,0.0,0.0,0.0,0.0,0.0,0,0.0,0.005785835466954162,89
7452.099133994,28.96000000001241,0,1,0.0,0.0,0.0,0.0,0.0,0.0,0,0.0,0.005785835466954162,89
7452.109291858,28.970000000012423,0,1,0.0,0.0,0.0,0.0,0.0,0.0,0,0.0,0.005785835466954162,89
7452.119124847,28.980000000012435,0,1,0.0,0.0,0.0,0.0,0.0,0.0,0,0.0,0.005785835466954162,93
7452.129155978,28.990000000012447,0,1,0.0,0.0,0.0,0.0,0.0,0.0,0,0.0,0.005785835466954162,93
7452.139163335,29.00000000001246,0,1,0.0,0.0,0.0,0.0,0.0,0.0,0,0.0,0.005785835466954162,93
7452.149301913,29.01000000001247,0,1,0.0,0.0,0.0,0.0,0.0,0.0,0,0.0,0.005785835466954162,95
7452.159356069,29.020000000012484,0,1,0.0,0.0,0.0,0.0,0.0,0.0,0,0.0,0.005785835466954162,95
7452.169270987,29.030000000012496,0,1,0.0,0.0,0.0,0.0,0.0,0.0,0,0.0,0.005785835466954162,95
7452.181007333,29.04000000001251,0,1,0.0,0.0,0.0,0.0,0.0,0.0,0,0.0,0.005785835466954162,96
7452.189171678,29.05000000001252,0,1,0.0,0.0,0.0,0.0,0.0,0.0,0,0.0,0.005785835466954162,99
7452.199254652,29.060000000012533,0,1,0.0,0.0,0.0,0.0,0.0,0.0,0,0.0,0.005785835466954162,99
7452.209178029,29.070000000012545,0,1,0.0,0.0,0.0,0.0,0.0,0.0,0,0.0,0.005785835466954162,99
7452.219333502,29.080000000012557,0,1,0.0,0.0,0.0,0.0,0.0,0.0,0,0.0,0.005785835466954162,102
7452.229182024,29.09000000001257,0,1,0.0,0.0,0.0,0.0,0.0,0.0,0,0.0,0.005785835466954162,102
7452.239119912,29.10000000001258,0,1,0.0,0.0,0.0,0.0,0.0,0.0,0,0.0,0.005785835466954162,102
7452.249086688,29.110000000012594,0,1,0.0,0.0,0.0,0.0,0.0,0.0,0,0.0,0.005785835466954162,105
7452.259173786,29.120000000012606,0,1,0.0,0.0,0.0,0.0,0.0,0.0,0,0.0,0.005785835466954162,105
7452.269169808,29.13000000001262,0,1,0.0,0.0,0.0,0.0,0.0,0.0,0,0.0,0.005785835466954162,105
7452.279151937,29.14000000001263,0,1,0.0,0.0,0.0,0.0,0.0,0.0,0,0.0,0.005785835466954162,105
7452.289160828,29.150000000012643,0,1,0.0,0.0,0.0,0.0,0.0,0.0,0,0.0,0.005785835466954162,107
7452.299162452,29.160000000012655,0,1,0.0,0.0,0.0,0.0,0.0,0.0,0,0.0,0.005785835466954162,0
7452.309194154,29.170000000012667,0,1,0.0,0.0,0.0,0.0,0.0,0.0,0,0.0,0.005785835466954162,1
7452.319209868,29.18000000001268,0,1,0.0,0.0,0.0,0.0,0.0,0.0,0,0.0,0.005785835466954162,5
7452.329174983,29.19000000001269,0,1,0.0,0.0,0.0,0.0,0.0,0.0,0,0.0,0.005785835466954162,5
7452.339378839,29.200000000012704,0,1,0.0,0.0,0.0,0.0,0.0,0.0,0,0.0,0.005785835466954162,5
7452.351598013,29.210000000012716,0,1,0.0,0.0,0.0,0.0,0.0,0.0,0,0.0,0.005785835466954162,7
7452.359166864,29.22000000001273,0,1,0.0,0.0,0.0,0.0,0.0,0.0,0,0.0,0.005785835466954162,9
7452.369157472,29.23000000001274,0,1,0.0,0.0,0.0,0.0,0.0,0.0,0,0.0,0.005785835466954162,9
7452.379291927,29.240000000012753,0,1,0.0,0.0,0.0,0.0,0.0,0.0,0,0.0,0.005785835466954162,10
7452.389168973,29.250000000012765,0,1,0.0,0.0,0.0,0.0,0.0,0.0,0,0.0,0.005785835466954162,15
7452.399112778,29.260000000012777,0,1,0.0,0.0,0.0,0.0,0.0,0.0,0,0.0,0.005785835466954162,15
7452.409159592,29.27000000001279,0,1,0.0,0.0,0.0,0.0,0.0,0.0,0,0.0,0.005785835466954162,16
7452.42303165,29.2800000000128,0,1,0.0,0.0,0.0,0.0,0.0,0.0,0,0.0,0.005785835466954162,19
7452.429181349,29.290000000012814,0,1,0.0,0.0,0.0,0.0,0.0,0.0,0,0.0,0.005785835466954162,23
7452.439155995,29.300000000012826,0,1,0.0,0.0,0.0,0.0,0.0,0.0,0,0.0,0.005785835466954162,24
7452.449251494,29.31000000001284,0,1,0.0,0.0,0.0,0.0,0.0,0.0,0,0.0,0.005785835466954162,25
7452.459241054,29.32000000001285,0,1,0.0,0.0,0.0,0.0,0.0,0.0,0,0.0,0.005785835466954162,31
7452.469263811,29.330000000012863,0,1,0.0,0.0,0.0,0.0,0.0,0.0,0,0.0,0.005785835466954162,31
7452.479309229,29.340000000012875,0,1,0.0,0.0,0.0,0.0,0.0,0.0,0,0.0,0.005785835466954162,31
7452.489422425,29.350000000012887,0,1,0.0,0.0,0.0,0.0,0.0,0.0,0,0.0,0.005785835466954162,36
7452.499138907,29.3600000000129,0,1,0.0,0.0,0.0,0.0,0.0,0.0,0,0.0,0.005785835466954162,36
7452.509204955,29.37000000001291,0,1,0.0,0.0,0.0,0.0,0.0,0.0,0,0.0,0.005785835466954162,36
7452.522305866,29.380000000012924,0,1,0.0,0.0,0.0,0.0,0.0,0.0,0,0.0,0.005785835466954162,37
7452.529167539,29.390000000012936,0,1,0.0,0.0,0.0,0.0,0.0,0.0,0,0.0,0.005785835466954162,40
7452.539187475,29.400000000012948,0,1,0.0,0.0,0.0,0.0,0.0,0.0,0,0.0,0.005785835466954162,40
7452.549225912,29.41000000001296,0,1,0.0,0.0,0.0,0.0,0.0,0.0,0,0.0,0.005785835466954162,40
7452.559128328,29.420000000012973,0,1,0.0,0.0,0.0,0.0,0.0,0.0,0,0.0,0.005785835466954162,43
7452.569190442,29.430000000012985,0,1,0.0,0.0,0.0,0.0,0.0,0.0,0,0.0,0.005785835466954162,43
7452.579167995,29.440000000012997,0,1,0.0,0.0,0.0,0.0,0.0,0.0,0,0.0,0.005785835466954162,43
7452.590318863,29.45000000001301,0,1,0.0,0.0,0.0,0.0,0.0,0.0,0,0.0,0.005785835466954162,46
7452.599188928,29.46000000001302,0,1,0.0,0.0,0.0,0.0,0.0,0.0,0,0.0,0.005785835466954162,47
7452.609166079,29.470000000013034,0,1,0.0,0.0,0.0,0.0,0.0,0.0,0,0.0,0.005785835466954162,47
7452.619191253,29.480000000013046,0,1,0.0,0.0,0.0,0.0,0.0,0.0,0,0.0,0.005785835466954162,47
7452.62921205,29.490000000013058,0,1,0.0,0.0,0.0,0.0,0.0,0.0,0,0.0,0.005785835466954162,50
7452.639151383,29.50000000001307,0,1,0.0,0.0,0.0,0.0,0.0,0.0,0,0.0,0.005785835466954162,50
7452.649220307,29.510000000013083,0,1,0.0,0.0,0.0,0.0,0.0,0.0,0,0.0,0.005785835466954162,50
7452.660209869,29.520000000013095,0,1,0.0,0.0,0.0,0.0,0.0,0.0,0,0.0,0.005785835466954162,55
7452.669360981,29.530000000013107,0,1,0.0,0.0,0.0,0.0,0.0,0.0,0,0.0,0.005785835466954162,56
7452.679288487,29.54000000001312,0,1,0.0,0.0,0.0,0.0,0.0,0.0,0,0.0,0.005785835466954162,56
7452.691495548,29.55000000001313,0,1,0.0,0.0,0.0,0.0,0.0,0.0,0,0.0,0.005785835466954162,58
7452.699445602,29.560000000013144,0,1,0.0,0.0,0.0,0.0,0.0,0.0,0,0.0,0.005785835466954162,60
7452.709278992,29.570000000013156,0,1,0.0,0.0,0.0,0.0,0.0,0.0,0,0.0,0.005785835466954162,60
7452.719352305,29.580000000013168,0,1,0.0,0.0,0.0,0.0,0.0,0.0,0,0.0,0.005785835466954162,60
7452.729174627,29.59000000001318,0,1,0.0,0.0,0.0,0.0,0.0,0.0,0,0.0,0.005785835466954162,63
7452.739228118,29.600000000013193,0,1,0.0,0.0,0.0,0.0,0.0,0.0,0,0.0,0.005785835466954162,63
7452.749794405,29.610000000013205,0,1,0.0,0.0,0.0,0.0,0.0,0.0,0,0.0,0.005785835466954162,63
7452.75987493,29.620000000013217,0,1,0.0,0.0,0.0,0.0,0.0,0.0,0,0.0,0.005785835466954162,66
7452.769152944,29.63000000001323,0,1,0.0,0.0,0.0,0.0,0.0,0.0,0,0.0,0.005785835466954162,66
7452.779447328,29.64000000001324,0,1,0.0,0.0,0.0,0.0,0.0,0.0,0,0.0,0.005785835466954162,66
7452.789163589,29.650000000013254,0,1,0.0,0.0,0.0,0.0,0.0,0.0,0,0.0,0.005785835466954162,66
7452.799138679,29.660000000013266,0,1,0.0,0.0,0.0,0.0,0.0,0.0,0,0.0,0.005785835466954162,69
7452.809148173,29.670000000013278,0,1,0.0,0.0,0.0,0.0,0.0,0.0,0,0.0,0.005785835466954162,69
7452.819148518,29.68000000001329,0,1,0.0,0.0,0.0,0.0,0.0,0.0,0,0.0,0.005785835466954162,69
7452.829433037,29.690000000013303,0,1,0.0,0.0,0.0,0.0,0.0,0.0,0,0.0,0.005785835466954162,71
7452.839154205,29.700000000013315,0,1,0.0,0.0,0.0,0.0,0.0,0.0,0,0.0,0.005785835466954162,71
7452.8491593,29.710000000013327,0,1,0.0,0.0,0.0,0.0,0.0,0.0,0,0.0,0.005785835466954162,71
7452.8611459,29.72000000001334,0,1,0.0,0.0,0.0,0.0,0.0,0.0,0,0.0,0.005785835466954162,72
7452.869155582,29.73000000001335,0,1,0.0,0.0,0.0,0.0,0.0,0.0,0,0.0,0.005785835466954162,74
7452.879202949,29.740000000013364,0,1,0.0,0.0,0.0,0.0,0.0,0.0,0,0.0,0.005785835466954162,74
7452.889198615,29.750000000013376,0,1,0.0,0.0,0.0,0.0,0.0,0.0,0,0.0,0.005785835466954162,74
7452.899195127,29.760000000013388,0,1,0.0,0.0,0.0,0.0,0.0,0.0,0,0.0,0.005785835466954162,77
7452.909079152,29.7700000000134,0,1,0.0,0.0,0.0,0.0,0.0,0.0,0,0.0,0.005785835466954162,77
7452.919340369,29.780000000013413,0,1,0.0,0.0,0.0,0.0,0.0,0.0,0,0.0,0.005785835466954162,78
7452.931601109,29.790000000013425,0,1,0.0,0.0,0.0,0.0,0.0,0.0,0,0.0,0.005785835466954162,82
7452.939271959,29.800000000013437,0,1,0.0,0.0,0.0,0.0,0.0,0.0,0,0.0,0.005785835466954162,85
7452.949446686,29.81000000001345,0,1,0.0,0.0,0.0,0.0,0.0,0.0,0,0.0,0.005785835466954162,85
7452.959418456,29.82000000001346,0,1,0.0,0.0,0.0,0.0,0.0,0.0,0,0.0,0.005785835466954162,85
7452.969427911,29.830000000013474,0,1,0.0,0.0,0.0,0.0,0.0,0.0,0,0.0,0.005785835466954162,91
7452.979525336,29.840000000013486,0,1,0.0,0.0,0.0,0.0,0.0,0.0,0,0.0,0.005785835466954162,91
7452.989189266,29.850000000013498,0,1,0.0,0.0,0.0,0.0,0.0,0.0,0,0.0,0.005785835466954162,91
7452.999174614,29.86000000001351,0,1,0.0,0.0,0.0,0.0,0.0,0.0,0,0.0,0.005785835466954162,94
7453.009269036,29.870000000013523,0,1,0.0,0.0,0.0,0.0,0.0,0.0,0,0.0,0.005785835466954162,94
7453.019267035,29.880000000013535,0,1,0.0,0.0,0.0,0.0,0.0,0.0,0,0.0,0.005785835466954162,94
7453.030281796,29.890000000013547,0,1,0.0,0.0,0.0,0.0,0.0,0.0,0,0.0,0.005785835466954162,96
7453.039672602,29.90000000001356,0,1,0.0,0.0,0.0,0.0,0.0,0.0,0,0.0,0.005785835466954162,97
7453.04913813,29.91000000001357,0,1,0.0,0.0,0.0,0.0,0.0,0.0,0,0.0,0.005785835466954162,97
7453.059163286,29.920000000013584,0,1,0.0,0.0,0.0,0.0,0.0,0.0,0,0.0,0.005785835466954162,97
7453.069184475,29.930000000013596,0,1,0.0,0.0,0.0,0.0,0.0,0.0,0,0.0,0.005785835466954162,100
7453.07925253,29.940000000013608,0,1,0.0,0.0,0.0,0.0,0.0,0.0,0,0.0,0.005785835466954162,101
7453.089263565,29.95000000001362,0,1,0.0,0.0,0.0,0.0,0.0,0.0,0,0.0,0.005785835466954162,101
7453.099085453,29.960000000013633,0,1,0.0,0.0,0.0,0.0,0.0,0.0,0,0.0,0.005785835466954162,104
7453.109472509,29.970000000013645,0,1,0.0,0.0,0.0,0.0,0.0,0.0,0,0.0,0.005785835466954162,104
7453.11918854,29.980000000013657,0,1,0.0,0.0,0.0,0.0,0.0,0.0,0,0.0,0.005785835466954162,104
7453.129179888,29.99000000001367,0,1,0.0,0.0,0.0,0.0,0.0,0.0,0,0.0,0.005785835466954162,104
7453.139167676,30.00000000001368,0,1,0.0,0.0,0.0,0.0,0.0,0.0,0,0.0,0.005785835466954162,107
7453.149259434,30.010000000013694,0,1,0.0,0.0,0.0,0.0,0.0,0.0,0,0.0,0.005785835466954162,107
7453.159196472,30.020000000013706,0,1,0.0,0.0,0.0,0.0,0.0,0.0,0,0.0,0.005785835466954162,107
7453.169095969,30.030000000013718,0,1,0.0,0.0,0.0,0.0,0.0,0.0,0,0.0,0.005785835466954162,110
7453.179241673,30.04000000001373,0,1,0.0,0.0,0.0,0.0,0.0,0.0,0,0.0,0.005785835466954162,110
7453.189134958,30.050000000013743,0,1,0.0,0.0,0.0,0.0,0.0,0.0,0,0.0,0.005785835466954162,110
7453.19980052,30.060000000013755,0,1,0.0,0.0,0.0,0.0,0.0,0.0,0,0.0,0.005785835466954162,112
7453.209267582,30.070000000013767,0,1,0.0,0.0,0.0,0.0,0.0,0.0,0,0.0,0.005785835466954162,112
7453.219218006,30.08000000001378,0,1,0.0,0.0,0.0,0.0,0.0,0.0,0,0.0,0.005785835466954162,112
7453.22916167,30.09000000001379,0,1,0.0,0.0,0.0,0.0,0.0,0.0,0,0.0,0.005785835466954162,112
7453.23918309,30.100000000013804,0,1,0.0,0.0,0.0,0.0,0.0,0.0,0,0.0,0.005785835466954162,115
7453.249237662,30.110000000013816,0,1,0.0,0.0,0.0,0.0,0.0,0.0,0,0.0,0.005785835466954162,115
7453.259295217,30.120000000013828,0,1,0.0,0.0,0.0,0.0,0.0,0.0,0,0.0,0.005785835466954162,115
7453.269100841,30.13000000001384,0,1,0.0,0.0,0.0,0.0,0.0,0.0,0,0.0,0.005785835466954162,118
7453.279544063,30.140000000013853,0,1,0.0,0.0,0.0,0.0,0.0,0.0,0,0.0,0.005785835466954162,118
7453.289156184,30.150000000013865,0,1,0.0,0.0,0.0,0.0,0.0,0.0,0,0.0,0.005785835466954162,118
7453.299158687,30.160000000013877,0,1,0.0,0.0,0.0,0.0,0.0,0.0,0,0.0,0.005785835466954162,0
7453.309214981,30.17000000001389,0,1,0.0,0.0,0.0,0.0,0.0,0.0,0,0.0,0.005785835466954162,3
7453.319112041,30.1800000000139,0,1,0.0,0.0,0.0,0.0,0.0,0.0,0,0.0,0.005785835466954162,3
7453.329168473,30.190000000013914,0,1,0.0,0.0,0.0,0.0,0.0,0.0,0,0.0,0.005785835466954162,3
7453.339166111,30.200000000013926,0,1,0.0,0.0,0.0,0.0,0.0,0.0,0,0.0,0.005785835466954162,5
7453.34918719,30.210000000013938,0,1,0.0,0.0,0.0,0.0,0.0,0.0,0,0.0,0.005785835466954162,5
7453.359154025,30.22000000001395,0,1,0.0,0.0,0.0,0.0,0.0,0.0,0,0.0,0.005785835466954162,5
7453.369718645,30.230000000013963,0,1,0.0,0.0,0.0,0.0,0.0,0.0,0,0.0,0.005785835466954162,7
7453.379182105,30.240000000013975,0,1,0.0,0.0,0.0,0.0,0.0,0.0,0,0.0,0.005785835466954162,7
7453.389281278,30.250000000013987,0,1,0.0,0.0,0.0,0.0,0.0,0.0,0,0.0,0.005785835466954162,7
7453.399304499,30.260000000014,0,1,0.0,0.0,0.0,0.0,0.0,0.0,0,0.0,0.005785835466954162,7
7453.409212074,30.27000000001401,0,1,0.0,0.0,0.0,0.0,0.0,0.0,0,0.0,0.005785835466954162,14
7453.419217349,30.280000000014024,0,1,0.0,0.0,0.0,0.0,0.0,0.0,0,0.0,0.005785835466954162,14
7453.42931622,30.290000000014036,0,1,0.0,0.0,0.0,0.0,0.0,0.0,0,0.0,0.005785835466954162,14
7453.439442692,30.300000000014048,0,1,0.0,0.0,0.0,0.0,0.0,0.0,0,0.0,0.005785835466954162,18
7453.449384381,30.31000000001406,0,1,0.0,0.0,0.0,0.0,0.0,0.0,0,0.0,0.005785835466954162,18
7453.459312826,30.320000000014073,0,1,0.0,0.0,0.0,0.0,0.0,0.0,0,0.0,0.005785835466954162,18
7453.469358844,30.330000000014085,0,1,0.0,0.0,0.0,0.0,0.0,0.0,0,0.0,0.005785835466954162,18
7453.479360306,30.340000000014097,0,1,0.0,0.0,0.0,0.0,0.0,0.0,0,0.0,0.005785835466954162,22
7453.489311551,30.35000000001411,0,1,0.0,0.0,0.0,0.0,0.0,0.0,0,0.0,0.005785835466954162,22
7453.499440321,30.36000000001412,0,1,0.0,0.0,0.0,0.0,0.0,0.0,0,0.0,0.005785835466954162,22
7453.509335903,30.370000000014134,0,1,0.0,0.0,0.0,0.0,0.0,0.0,0,0.0,0.005785835466954162,26
7453.519298703,30.380000000014146,0,1,0.0,0.0,0.0,0.0,0.0,0.0,0,0.0,0.005785835466954162,26
7453.529326453,30.390000000014158,0,1,0.0,0.0,0.0,0.0,0.0,0.0,0,0.0,0.005785835466954162,26
7453.539338823,30.40000000001417,0,1,0.0,0.0,0.0,0.0,0.0,0.0,0,0.0,0.005785835466954162,29
7453.549314699,30.410000000014183,0,1,0.0,0.0,0.0,0.0,0.0,0.0,0,0.0,0.005785835466954162,29
7453.559434242,30.420000000014195,0,1,0.0,0.0,0.0,0.0,0.0,0.0,0,0.0,0.005785835466954162,29
7453.569364565,30.430000000014207,0,1,0.0,0.0,0.0,0.0,0.0,0.0,0,0.0,0.005785835466954162,29
7453.579299994,30.44000000001422,0,1,0.0,0.0,0.0,0.0,0.0,0.0,0,0.0,0.005785835466954162,32
7453.589552874,30.45000000001423,0,1,0.0,0.0,0.0,0.0,0.0,0.0,0,0.0,0.005785835466954162,32
7453.59936139,30.460000000014244,0,1,0.0,0.0,0.0,0.0,0.0,0.0,0,0.0,0.005785835466954162,32
7453.609318216,30.470000000014256,0,1,0.0,0.0,0.0,0.0,0.0,0.0,0,0.0,0.005785835466954162,35
7453.619311217,30.480000000014268,0,1,0.0,0.0,0.0,0.0,0.0,0.0,0,0.0,0.005785835466954162,35
7453.629283995,30.49000000001428,0,1,0.0,0.0,0.0,0.0,0.0,0.0,0,0.0,0.005785835466954162,35
7453.641496654,30.500000000014293,0,1,0.0,0.0,0.0,0.0,0.0,0.0,0,0.0,0.005785835466954162,36
7453.649359063,30.510000000014305,0,1,0.0,0.0,0.0,0.0,0.0,0.0,0,0.0,0.005785835466954162,38
7453.659205799,30.520000000014317,0,1,0.0,0.0,0.0,0.0,0.0,0.0,0,0.0,0.005785835466954162,38
7453.669264636,30.53000000001433,0,1,0.0,0.0,0.0,0.0,0.0,0.0,0,0.0,0.005785835466954162,38
7453.679316077,30.54000000001434,0,1,0.0,0.0,0.0,0.0,0.0,0.0,0,0.0,0.005785835466954162,41
7453.689286981,30.550000000014354,0,1,0.0,0.0,0.0,0.0,0.0,0.0,0,0.0,0.005785835466954162,41
7453.699735506,30.560000000014366,0,1,0.0,0.0,0.0,0.0,0.0,0.0,0,0.0,0.005785835466954162,41
7453.709372676,30.570000000014378,0,1,0.0,0.0,0.0,0.0,0.0,0.0,0,0.0,0.005785835466954162,44
7453.719321848,30.58000000001439,0,1,0.0,0.0,0.0,0.0,0.0,0.0,0,0.0,0.005785835466954162,44
7453.729142053,30.590000000014403,0,1,0.0,0.0,0.0,0.0,0.0,0.0,0,0.0,0.005785835466954162,44
7453.739210492,30.600000000014415,0,1,0.0,0.0,0.0,0.0,0.0,0.0,0,0.0,0.005785835466954162,44
7453.749253743,30.610000000014427,0,1,0.0,0.0,0.0,0.0,0.0,0.0,0,0.0,0.005785835466954162,47
7453.75929517,30.62000000001444,0,1,0.0,0.0,0.0,0.0,0.0,0.0,0,0.0,0.005785835466954162,47
7453.76928721,30.63000000001445,0,1,0.0,0.0,0.0,0.0,0.0,0.0,0,0.0,0.005785835466954162,47
7453.779283347,30.640000000014464,0,1,0.0,0.0,0.0,0.0,0.0,0.0,0,0.0,0.005785835466954162,51
7453.789336593,30.650000000014476,0,1,0.0,0.0,0.0,0.0,0.0,0.0,0,0.0,0.005785835466954162,51
7453.79923477,30.660000000014488,0,1,0.0,0.0,0.0,0.0,0.0,0.0,0,0.0,0.005785835466954162,51
7453.813134565,30.6700000000145,0,1,0.0,0.0,0.0,0.0,0.0,0.0,0,0.0,0.005785835466954162,52
7453.81931256,30.680000000014513,0,1,0.0,0.0,0.0,0.0,0.0,0.0,0,0.0,0.005785835466954162,56
7453.82935421,30.690000000014525,0,1,0.0,0.0,0.0,0.0,0.0,0.0,0,0.0,0.005785835466954162,56
7453.839297913,30.700000000014537,0,1,0.0,0.0,0.0,0.0,0.0,0.0,0,0.0,0.005785835466954162,56
7453.849208396,30.71000000001455,0,1,0.0,0.0,0.0,0.0,0.0,0.0,0,0.0,0.005785835466954162,59
7453.859308925,30.72000000001456,0,1,0.0,0.0,0.0,0.0,0.0,0.0,0,0.0,0.005785835466954162,59
7453.869319944,30.730000000014574,0,1,0.0,0.0,0.0,0.0,0.0,0.0,0,0.0,0.005785835466954162,59
7453.879081665,30.740000000014586,0,1,0.0,0.0,0.0,0.0,0.0,0.0,0,0.0,0.005785835466954162,61
7453.889834021,30.750000000014598,0,1,0.0,0.0,0.0,0.0,0.0,0.0,0,0.0,0.005785835466954162,61
7453.899306013,30.76000000001461,0,1,0.0,0.0,0.0,0.0,0.0,0.0,0,0.0,0.005785835466954162,61
7453.909301908,30.770000000014623,0,1,0.0,0.0,0.0,0.0,0.0,0.0,0,0.0,0.005785835466954162,61
7453.919185787,30.780000000014635,0,1,0.0,0.0,0.0,0.0,0.0,0.0,0,0.0,0.005785835466954162,64
7453.929384503,30.790000000014647,0,1,0.0,0.0,0.0,0.0,0.0,0.0,0,0.0,0.005785835466954162,64
7453.939265176,30.80000000001466,0,1,0.0,0.0,0.0,0.0,0.0,0.0,0,0.0,0.005785835466954162,65
7453.949090792,30.81000000001467,0,1,0.0,0.0,0.0,0.0,0.0,0.0,0,0.0,0.005785835466954162,69
7453.959194896,30.820000000014684,0,1,0.0,0.0,0.0,0.0,0.0,0.0,0,0.0,0.005785835466954162,69
7453.969178126,30.830000000014696,0,1,0.0,0.0,0.0,0.0,0.0,0.0,0,0.0,0.005785835466954162,70
7453.982547041,30.840000000014708,0,1,0.0,0.0,0.0,0.0,0.0,0.0,0,0.0,0.005785835466954162,71
7453.989317483,30.85000000001472,0,1,0.0,0.0,0.0,0.0,0.0,0.0,0,0.0,0.005785835466954162,74
7453.999193097,30.860000000014733,0,1,0.0,0.0,0.0,0.0,0.0,0.0,0,0.0,0.005785835466954162,74
7454.009336327,30.870000000014745,0,1,0.0,0.0,0.0,0.0,0.0,0.0,0,0.0,0.005785835466954162,74
7454.019185098,30.880000000014757,0,1,0.0,0.0,0.0,0.0,0.0,0.0,0,0.0,0.005785835466954162,78
7454.029234368,30.89000000001477,0,1,0.0,0.0,0.0,0.0,0.0,0.0,0,0.0,0.005785835466954162,78
7454.039252345,30.90000000001478,0,1,0.0,0.0,0.0,0.0,0.0,0.0,0,0.0,0.005785835466954162,78
7454.050628383,30.910000000014794,0,1,0.0,0.0,0.0,0.0,0.0,0.0,0,0.0,0.005785835466954162,81
7454.05919575,30.920000000014806,0,1,0.0,0.0,0.0,0.0,0.0,0.0,0,0.0,0.005785835466954162,82
7454.069183558,30.930000000014818,0,1,0.0,0.0,0.0,0.0,0.0,0.0,0,0.0,0.005785835466954162,82
7454.079187134,30.94000000001483,0,1,0.0,0.0,0.0,0.0,0.0,0.0,0,0.0,0.005785835466954162,82
7454.089329657,30.950000000014843,0,1,0.0,0.0,0.0,0.0,0.0,0.0,0,0.0,0.005785835466954162,86
7454.09917726,30.960000000014855,0,1,0.0,0.0,0.0,0.0,0.0,0.0,0,0.0,0.005785835466954162,86
7454.109194081,30.970000000014867,0,1,0.0,0.0,0.0,0.0,0.0,0.0,0,0.0,0.005785835466954162,86
7454.120568669,30.98000000001488,0,1,0.0,0.0,0.0,0.0,0.0,0.0,0,0.0,0.005785835466954162,91
7454.129172119,30.99000000001489,0,1,0.0,0.0,0.0,0.0,0.0,0.0,0,0.0,0.005785835466954162,92
7454.139270063,31.000000000014904,0,1,0.0,0.0,0.0,0.0,0.0,0.0,0,0.0,0.005785835466954162,92
7454.154489548,31.010000000014916,0,1,0.0,0.0,0.0,0.0,0.0,0.0,0,0.0,0.005785835466954162,93
7454.164430392,31.020000000014928,0,1,0.0,0.0,0.0,0.0,0.0,0.0,0,0.0,0.005785835466954162,93
7454.174411397,31.03000000001494,0,1,0.0,0.0,0.0,0.0,0.0,0.0,0,0.0,0.005785835466954162,93
7454.188297097,31.040000000014953,0,1,0.0,0.0,0.0,0.0,0.0,0.0,0,0.0,0.005785835466954162,95
7454.194452857,31.050000000014965,0,1,0.0,0.0,0.0,0.0,0.0,0.0,0,0.0,0.005785835466954162,100
7454.204249461,31.060000000014977,0,1,0.0,0.0,0.0,0.0,0.0,0.0,0,0.0,0.005785835466954162,100
7454.214377331,31.07000000001499,0,1,0.0,0.0,0.0,0.0,0.0,0.0,0,0.0,0.005785835466954162,100
7454.224318663,31.080000000015,0,1,0.0,0.0,0.0,0.0,0.0,0.0,0,0.0,0.005785835466954162,103
7454.234434715,31.090000000015014,0,1,0.0,0.0,0.0,0.0,0.0,0.0,0,0.0,0.005785835466954162,103
7454.244399372,31.100000000015026,0,1,0.0,0.0,0.0,0.0,0.0,0.0,0,0.0,0.005785835466954162,103
7454.256014607,31.110000000015038,0,1,0.0,0.0,0.0,0.0,0.0,0.0,0,0.0,0.005785835466954162,107
7454.264274358,31.12000000001505,0,1,0.0,0.0,0.0,0.0,0.0,0.0,0,0.0,0.005785835466954162,109
7454.274284016,31.130000000015063,0,1,0.0,0.0,0.0,0.0,0.0,0.0,0,0.0,0.005785835466954162,109
7454.284445624,31.140000000015075,0,1,0.0,0.0,0.0,0.0,0.0,0.0,0,0.0,0.005785835466954162,109
7454.294361506,31.150000000015087,0,1,0.0,0.0,0.0,0.0,0.0,0.0,0,0.0,0.005785835466954162,112
7454.304291383,31.1600000000151,0,1,0.0,0.0,0.0,0.0,0.0,0.0,0,0.0,0.005785835466954162,0
7454.314242404,31.17000000001511,0,1,0.0,0.0,0.0,0.0,0.0,0.0,0,0.0,0.005785835466954162,0
7454.324289637,31.180000000015124,0,1,0.0,0.0,0.0,0.0,0.0,0.0,0,0.0,0.005785835466954162,3
7454.33426326,31.190000000015136,0,1,0.0,0.0,0.0,0.0,0.0,0.0,0,0.0,0.005785835466954162,3
7454.344264259,31.200000000015148,0,1,0.0,0.0,0.0,0.0,0.0,0.0,0,0.0,0.005785835466954162,3
7454.356645696,31.21000000001516,0,1,0.0,0.0,0.0,0.0,0.0,0.0,0,0.0,0.005785835466954162,5
7454.364268265,31.220000000015173,0,1,0.0,0.0,0.0,0.0,0.0,0.0,0,0.0,0.005785835466954162,7
7454.374269744,31.230000000015185,0,1,0.0,0.0,0.0,0.0,0.0,0.0,0,0.0,0.005785835466954162,7
7454.384258066,31.240000000015197,0,1,0.0,0.0,0.0,0.0,0.0,0.0,0,0.0,0.005785835466954162,7
7454.394260924,31.25000000001521,0,1,0.0,0.0,0.0,0.0,0.0,0.0,0,0.0,0.005785835466954162,10
7454.404330133,31.26000000001522,0,1,0.0,0.0,0.0,0.0,0.0,0.0,0,0.0,0.005785835466954162,10
7454.414353808,31.270000000015234,0,1,0.0,0.0,0.0,0.0,0.0,0.0,0,0.0,0.005785835466954162,10
7454.424427486,31.280000000015246,0,1,0.0,0.0,0.0,0.0,0.0,0.0,0,0.0,0.005785835466954162,13
7454.434368222,31.290000000015258,0,1,0.0,0.0,0.0,0.0,0.0,0.0,0,0.0,0.005785835466954162,13
7454.444372654,31.30000000001527,0,1,0.0,0.0,0.0,0.0,0.0,0.0,0,0.0,0.005785835466954162,13
7454.454380674,31.310000000015282,0,1,0.0,0.0,0.0,0.0,0.0,0.0,0,0.0,0.005785835466954162,13
7454.464327883,31.320000000015295,0,1,0.0,0.0,0.0,0.0,0.0,0.0,0,0.0,0.005785835466954162,16
7454.474257033,31.330000000015307,0,1,0.0,0.0,0.0,0.0,0.0,0.0,0,0.0,0.005785835466954162,16
7454.484254064,31.34000000001532,0,1,0.0,0.0,0.0,0.0,0.0,0.0,0,0.0,0.005785835466954162,16
7454.494685445,31.35000000001533,0,1,0.0,0.0,0.0,0.0,0.0,0.0,0,0.0,0.005785835466954162,19
7454.504838926,31.360000000015344,0,1,0.0,0.0,0.0,0.0,0.0,0.0,0,0.0,0.005785835466954162,19
7454.514373609,31.370000000015356,0,1,0.0,0.0,0.0,0.0,0.0,0.0,0,0.0,0.005785835466954162,19
7454.526759558,31.380000000015368,0,1,0.0,0.0,0.0,0.0,0.0,0.0,0,0.0,0.005785835466954162,20
7454.53424469,31.39000000001538,0,1,0.0,0.0,0.0,0.0,0.0,0.0,0,0.0,0.005785835466954162,22
7454.544242613,31.400000000015392,0,1,0.0,0.0,0.0,0.0,0.0,0.0,0,0.0,0.005785835466954162,22
7454.554283402,31.410000000015405,0,1,0.0,0.0,0.0,0.0,0.0,0.0,0,0.0,0.005785835466954162,22
7454.56426551,31.420000000015417,0,1,0.0,0.0,0.0,0.0,0.0,0.0,0,0.0,0.005785835466954162,24
7454.574265008,31.43000000001543,0,1,0.0,0.0,0.0,0.0,0.0,0.0,0,0.0,0.005785835466954162,24
7454.584282429,31.44000000001544,0,1,0.0,0.0,0.0,0.0,0.0,0.0,0,0.0,0.005785835466954162,24
7454.595365841,31.450000000015454,0,1,0.0,0.0,0.0,0.0,0.0,0.0,0,0.0,0.005785835466954162,27
7454.604464839,31.460000000015466,0,1,0.0,0.0,0.0,0.0,0.0,0.0,0,0.0,0.005785835466954162,28
7454.614263172,31.470000000015478,0,1,0.0,0.0,0.0,0.0,0.0,0.0,0,0.0,0.005785835466954162,28
7454.624273638,31.48000000001549,0,1,0.0,0.0,0.0,0.0,0.0,0.0,0,0.0,0.005785835466954162,28
7454.634302685,31.490000000015502,0,1,0.0,0.0,0.0,0.0,0.0,0.0,0,0.0,0.005785835466954162,31
7454.644340749,31.500000000015515,0,1,0.0,0.0,0.0,0.0,0.0,0.0,0,0.0,0.005785835466954162,31
7454.654275062,31.510000000015527,0,1,0.0,0.0,0.0,0.0,0.0,0.0,0,0.0,0.005785835466954162,31
7454.664286029,31.52000000001554,0,1,0.0,0.0,0.0,0.0,0.0,0.0,0,0.0,0.005785835466954162,34
7454.674272115,31.53000000001555,0,1,0.0,0.0,0.0,0.0,0.0,0.0,0,0.0,0.005785835466954162,34
7454.684426969,31.540000000015564,0,1,0.0,0.0,0.0,0.0,0.0,0.0,0,0.0,0.005785835466954162,34
7454.698370281,31.550000000015576,0,1,0.0,0.0,0.0,0.0,0.0,0.0,0,0.0,0.005785835466954162,35
7454.704378649,31.560000000015588,0,1,0.0,0.0,0.0,0.0,0.0,0.0,0,0.0,0.005785835466954162,42
7454.714381733,31.5700000000156,0,1,0.0,0.0,0.0,0.0,0.0,0.0,0,0.0,0.005785835466954162,42
7454.724356394,31.580000000015612,0,1,0.0,0.0,0.0,0.0,0.0,0.0,0,0.0,0.005785835466954162,42
7454.735402314,31.590000000015625,0,1,0.0,0.0,0.0,0.0,0.0,0.0,0,0.0,0.005785835466954162,47
7454.7448453,31.600000000015637,0,1,0.0,0.0,0.0,0.0,0.0,0.0,0,0.0,0.005785835466954162,48
7454.754800172,31.61000000001565,0,1,0.0,0.0,0.0,0.0,0.0,0.0,0,0.0,0.005785835466954162,48
7454.765072035,31.62000000001566,0,1,0.0,0.0,0.0,0.0,0.0,0.0,0,0.0,0.005785835466954162,51
7454.774547909,31.630000000015674,0,1,0.0,0.0,0.0,0.0,0.0,0.0,0,0.0,0.005785835466954162,51
7454.784292749,31.640000000015686,0,1,0.0,0.0,0.0,0.0,0.0,0.0,0,0.0,0.005785835466954162,51
7454.794840812,31.650000000015698,0,1,0.0,0.0,0.0,0.0,0.0,0.0,0,0.0,0.005785835466954162,51
7454.804296698,31.66000000001571,0,1,0.0,0.0,0.0,0.0,0.0,0.0,0,0.0,0.005785835466954162,58
7454.8144013,31.670000000015722,0,1,0.0,0.0,0.0,0.0,0.0,0.0,0,0.0,0.005785835466954162,58
7454.824290733,31.680000000015735,0,1,0.0,0.0,0.0,0.0,0.0,0.0,0,0.0,0.005785835466954162,58
7454.834313662,31.690000000015747,0,1,0.0,0.0,0.0,0.0,0.0,0.0,0,0.0,0.005785835466954162,62
7454.844473104,31.70000000001576,0,1,0.0,0.0,0.0,0.0,0.0,0.0,0,0.0,0.005785835466954162,62
7454.854886369,31.71000000001577,0,1,0.0,0.0,0.0,0.0,0.0,0.0,0,0.0,0.005785835466954162,62
7454.867989528,31.720000000015784,0,1,0.0,0.0,0.0,0.0,0.0,0.0,0,0.0,0.005785835466954162,64
7454.874311835,31.730000000015796,0,1,0.0,0.0,0.0,0.0,0.0,0.0,0,0.0,0.005785835466954162,68
7454.884442123,31.740000000015808,0,1,0.0,0.0,0.0,0.0,0.0,0.0,0,0.0,0.005785835466954162,68
7454.894412104,31.75000000001582,0,1,0.0,0.0,0.0,0.0,0.0,0.0,0,0.0,0.005785835466954162,68
7454.909763666,31.760000000015832,0,1,0.0,0.0,0.0,0.0,0.0,0.0,0,0.0,0.005785835466954162,70
7454.919829571,31.770000000015845,0,1,0.0,0.0,0.0,0.0,0.0,0.0,0,0.0,0.005785835466954162,70
7454.929518835,31.780000000015857,0,1,0.0,0.0,0.0,0.0,0.0,0.0,0,0.0,0.005785835466954162,70
7454.939361183,31.79000000001587,0,1,0.0,0.0,0.0,0.0,0.0,0.0,0,0.0,0.005785835466954162,74
7454.949341576,31.80000000001588,0,1,0.0,0.0,0.0,0.0,0.0,0.0,0,0.0,0.005785835466954162,74
7454.959597608,31.810000000015894,0,1,0.0,0.0,0.0,0.0,0.0,0.0,0,0.0,0.005785835466954162,74
7454.974995964,31.820000000015906,0,1,0.0,0.0,0.0,0.0,0.0,0.0,0,0.0,0.005785835466954162,75
7454.984961631,31.830000000015918,0,1,0.0,0.0,0.0,0.0,0.0,0.0,0,0.0,0.005785835466954162,75
7454.995008652,31.84000000001593,0,1,0.0,0.0,0.0,0.0,0.0,0.0,0,0.0,0.005785835466954162,75
7455.004505508,31.850000000015942,0,1,0.0,0.0,0.0,0.0,0.0,0.0,0,0.0,0.005785835466954162,80
7455.014493567,31.860000000015955,0,1,0.0,0.0,0.0,0.0,0.0,0.0,0,0.0,0.005785835466954162,80
7455.024467303,31.870000000015967,0,1,0.0,0.0,0.0,0.0,0.0,0.0,0,0.0,0.005785835466954162,80
7455.036717914,31.88000000001598,0,1,0.0,0.0,0.0,0.0,0.0,0.0,0,0.0,0.005785835466954162,82
7455.044605003,31.89000000001599,0,1,0.0,0.0,0.0,0.0,0.0,0.0,0,0.0,0.005785835466954162,84
7455.054757339,31.900000000016004,0,1,0.0,0.0,0.0,0.0,0.0,0.0,0,0.0,0.005785835466954162,84
7455.065036515,31.910000000016016,0,1,0.0,0.0,0.0,0.0,0.0,0.0,0,0.0,0.005785835466954162,84
7455.075232384,31.920000000016028,0,1,0.0,0.0,0.0,0.0,0.0,0.0,0,0.0,0.005785835466954162,90
7455.084487781,31.93000000001604,0,1,0.0,0.0,0.0,0.0,0.0,0.0,0,0.0,0.005785835466954162,90
7455.094724686,31.940000000016052,0,1,0.0,0.0,0.0,0.0,0.0,0.0,0,0.0,0.005785835466954162,90
7455.104691158,31.950000000016065,0,1,0.0,0.0,0.0,0.0,0.0,0.0,0,0.0,0.005785835466954162,93
7455.114443584,31.960000000016077,0,1,0.0,0.0,0.0,0.0,0.0,0.0,0,0.0,0.005785835466954162,93
7455.124939548,31.97000000001609,0,1,0.0,0.0,0.0,0.0,0.0,0.0,0,0.0,0.005785835466954162,93
7455.134729106,31.9800000000161,0,1,0.0,0.0,0.0,0.0,0.0,0.0,0,0.0,0.005785835466954162,93
7455.145044363,31.990000000016114,0,1,0.0,0.0,0.0,0.0,0.0,0.0,0,0.0,0.005785835466954162,96
7455.154897325,32.00000000001612,0,1,0.0,0.0,0.0,0.0,0.0,0.0,0,0.0,0.005785835466954162,96
7455.164889088,32.0100000000161,0,1,0.0,0.0,0.0,0.0,0.0,0.0,0,0.0,0.005785835466954162,96
7455.174693554,32.020000000016076,0,1,0.0,0.0,0.0,0.0,0.0,0.0,0,0.0,0.005785835466954162,100
7455.184441478,32.03000000001605,0,1,0.0,0.0,0.0,0.0,0.0,0.0,0,0.0,0.005785835466954162,100
7455.194896573,32.04000000001603,0,1,0.0,0.0,0.0,0.0,0.0,0.0,0,0.0,0.005785835466954162,100
7455.206263813,32.050000000016006,0,1,0.0,0.0,0.0,0.0,0.0,0.0,0,0.0,0.005785835466954162,103
7455.214562973,32.06000000001598,0,1,0.0,0.0,0.0,0.0,0.0,0.0,0,0.0,0.005785835466954162,105
7455.224866079,32.07000000001596,0,1,0.0,0.0,0.0,0.0,0.0,0.0,0,0.0,0.005785835466954162,105
7455.235209156,32.080000000015936,0,1,0.0,0.0,0.0,0.0,0.0,0.0,0,0.0,0.005785835466954162,105
7455.244892497,32.09000000001591,0,1,0.0,0.0,0.0,0.0,0.0,0.0,0,0.0,0.005785835466954162,108
7455.254680149,32.10000000001589,0,1,0.0,0.0,0.0,0.0,0.0,0.0,0,0.0,0.005785835466954162,108
7455.264901403,32.110000000015866,0,1,0.0,0.0,0.0,0.0,0.0,0.0,0,0.0,0.005785835466954162,108
7455.274434161,32.12000000001584,0,1,0.0,0.0,0.0,0.0,0.0,0.0,0,0.0,0.005785835466954162,111
7455.284491103,32.13000000001582,0,1,0.0,0.0,0.0,0.0,0.0,0.0,0,0.0,0.005785835466954162,111
7455.29476613,32.140000000015796,0,1,0.0,0.0,0.0,0.0,0.0,0.0,0,0.0,0.005785835466954162,111
7455.304662237,32.15000000001577,0,1,0.0,0.0,0.0,0.0,0.0,0.0,0,0.0,0.005785835466954162,0
7455.314721716,32.16000000001575,0,1,0.0,0.0,0.0,0.0,0.0,0.0,0,0.0,0.005785835466954162,3
7455.324720188,32.170000000015726,0,1,0.0,0.0,0.0,0.0,0.0,0.0,0,0.0,0.005785835466954162,3
7455.334858087,32.1800000000157,0,1,0.0,0.0,0.0,0.0,0.0,0.0,0,0.0,0.005785835466954162,3
7455.34489348,32.19000000001568,0,1,0.0,0.0,0.0,0.0,0.0,0.0,0,0.0,0.005785835466954162,7
7455.354523044,32.200000000015656,0,1,0.0,0.0,0.0,0.0,0.0,0.0,0,0.0,0.005785835466954162,7
7455.364451776,32.21000000001563,0,1,0.0,0.0,0.0,0.0,0.0,0.0,0,0.0,0.005785835466954162,7
7455.37510098,32.22000000001561,0,1,0.0,0.0,0.0,0.0,0.0,0.0,0,0.0,0.005785835466954162,9
7455.384510877,32.230000000015586,0,1,0.0,0.0,0.0,0.0,0.0,0.0,0,0.0,0.005785835466954162,9
7455.394692208,32.24000000001556,0,1,0.0,0.0,0.0,0.0,0.0,0.0,0,0.0,0.005785835466954162,9
7455.40465117,32.25000000001554,0,1,0.0,0.0,0.0,0.0,0.0,0.0,0,0.0,0.005785835466954162,9
7455.414790819,32.260000000015516,0,1,0.0,0.0,0.0,0.0,0.0,0.0,0,0.0,0.005785835466954162,13
7455.424419199,32.27000000001549,0,1,0.0,0.0,0.0,0.0,0.0,0.0,0,0.0,0.005785835466954162,13
7455.434835762,32.28000000001547,0,1,0.0,0.0,0.0,0.0,0.0,0.0,0,0.0,0.005785835466954162,13
7455.449794146,32.290000000015446,0,1,0.0,0.0,0.0,0.0,0.0,0.0,0,0.0,0.005785835466954162,14
7455.45947759,32.30000000001542,0,1,0.0,0.0,0.0,0.0,0.0,0.0,0,0.0,0.005785835466954162,14
7455.469436458,32.3100000000154,0,1,0.0,0.0,0.0,0.0,0.0,0.0,0,0.0,0.005785835466954162,14
7455.480041265,32.320000000015376,0,1,0.0,0.0,0.0,0.0,0.0,0.0,0,0.0,0.005785835466954162,19
7455.489612766,32.33000000001535,0,1,0.0,0.0,0.0,0.0,0.0,0.0,0,0.0,0.005785835466954162,19
7455.49952142,32.34000000001533,0,1,0.0,0.0,0.0,0.0,0.0,0.0,0,0.0,0.005785835466954162,19
7455.511876799,32.35000000001531,0,1,0.0,0.0,0.0,0.0,0.0,0.0,0,0.0,0.005785835466954162,20
7455.519508884,32.36000000001528,0,1,0.0,0.0,0.0,0.0,0.0,0.0,0,0.0,0.005785835466954162,22
7455.529545192,32.37000000001526,0,1,0.0,0.0,0.0,0.0,0.0,0.0,0,0.0,0.005785835466954162,22
7455.539578749,32.38000000001524,0,1,0.0,0.0,0.0,0.0,0.0,0.0,0,0.0,0.005785835466954162,22
7455.549540765,32.39000000001521,0,1,0.0,0.0,0.0,0.0,0.0,0.0,0,0.0,0.005785835466954162,25
7455.559486986,32.40000000001519,0,1,0.0,0.0,0.0,0.0,0.0,0.0,0,0.0,0.005785835466954162,25
7455.5695308,32.41000000001517,0,1,0.0,0.0,0.0,0.0,0.0,0.0,0,0.0,0.005785835466954162,25
7455.580468772,32.42000000001514,0,1,0.0,0.0,0.0,0.0,0.0,0.0,0,0.0,0.005785835466954162,28
7455.589453065,32.43000000001512,0,1,0.0,0.0,0.0,0.0,0.0,0.0,0,0.0,0.005785835466954162,29
7455.599489242,32.4400000000151,0,1,0.0,0.0,0.0,0.0,0.0,0.0,0,0.0,0.005785835466954162,29
7455.609470611,32.45000000001507,0,1,0.0,0.0,0.0,0.0,0.0,0.0,0,0.0,0.005785835466954162,29
7455.619506313,32.46000000001505,0,1,0.0,0.0,0.0,0.0,0.0,0.0,0,0.0,0.005785835466954162,31
7455.629695321,32.47000000001503,0,1,0.0,0.0,0.0,0.0,0.0,0.0,0,0.0,0.005785835466954162,31
7455.639488627,32.480000000015,0,1,0.0,0.0,0.0,0.0,0.0,0.0,0,0.0,0.005785835466954162,31
7455.64946913,32.49000000001498,0,1,0.0,0.0,0.0,0.0,0.0,0.0,0,0.0,0.005785835466954162,34
7455.659469188,32.50000000001496,0,1,0.0,0.0,0.0,0.0,0.0,0.0,0,0.0,0.005785835466954162,34
7455.669509413,32.510000000014934,0,1,0.0,0.0,0.0,0.0,0.0,0.0,0,0.0,0.005785835466954162,34
7455.682437569,32.52000000001491,0,1,0.0,0.0,0.0,0.0,0.0,0.0,0,0.0,0.005785835466954162,35
7455.689513581,32.53000000001489,0,1,0.0,0.0,0.0,0.0,0.0,0.0,0,0.0,0.005785835466954162,38
7455.69951367,32.540000000014864,0,1,0.0,0.0,0.0,0.0,0.0,0.0,0,0.0,0.005785835466954162,38
7455.709525476,32.55000000001484,0,1,0.0,0.0,0.0,0.0,0.0,0.0,0,0.0,0.005785835466954162,38
7455.71959178,32.56000000001482,0,1,0.0,0.0,0.0,0.0,0.0,0.0,0,0.0,0.005785835466954162,41
7455.729550186,32.570000000014794,0,1,0.0,0.0,0.0,0.0,0.0,0.0,0,0.0,0.005785835466954162,42
7455.739543202,32.58000000001477,0,1,0.0,0.0,0.0,0.0,0.0,0.0,0,0.0,0.005785835466954162,42
7455.750160779,32.59000000001475,0,1,0.0,0.0,0.0,0.0,0.0,0.0,0,0.0,0.005785835466954162,45
7455.759471158,32.600000000014724,0,1,0.0,0.0,0.0,0.0,0.0,0.0,0,0.0,0.005785835466954162,45
7455.769483258,32.6100000000147,0,1,0.0,0.0,0.0,0.0,0.0,0.0,0,0.0,0.005785835466954162,45
7455.779504687,32.62000000001468,0,1,0.0,0.0,0.0,0.0,0.0,0.0,0,0.0,0.005785835466954162,45
7455.789508642,32.630000000014654,0,1,0.0,0.0,0.0,0.0,0.0,0.0,0,0.0,0.005785835466954162,49
7455.799465491,32.64000000001463,0,1,0.0,0.0,0.0,0.0,0.0,0.0,0,0.0,0.005785835466954162,49
7455.809534422,32.65000000001461,0,1,0.0,0.0,0.0,0.0,0.0,0.0,0,0.0,0.005785835466954162,49
7455.819468405,32.660000000014584,0,1,0.0,0.0,0.0,0.0,0.0,0.0,0,0.0,0.005785835466954162,53
7455.829518659,32.67000000001456,0,1,0.0,0.0,0.0,0.0,0.0,0.0,0,0.0,0.005785835466954162,53
7455.839506582,32.68000000001454,0,1,0.0,0.0,0.0,0.0,0.0,0.0,0,0.0,0.005785835466954162,54
7455.853817269,32.690000000014514,0,1,0.0,0.0,0.0,0.0,0.0,0.0,0,0.0,0.005785835466954162,55
7455.859545963,32.70000000001449,0,1,0.0,0.0,0.0,0.0,0.0,0.0,0,0.0,0.005785835466954162,59
7455.869565896,32.71000000001447,0,1,0.0,0.0,0.0,0.0,0.0,0.0,0,0.0,0.005785835466954162,59
7455.879472261,32.720000000014444,0,1,0.0,0.0,0.0,0.0,0.0,0.0,0,0.0,0.005785835466954162,59
7455.889788612,32.73000000001442,0,1,0.0,0.0,0.0,0.0,0.0,0.0,0,0.0,0.005785835466954162,62
7455.899546531,32.7400000000144,0,1,0.0,0.0,0.0,0.0,0.0,0.0,0,0.0,0.005785835466954162,62
7455.909486281,32.750000000014374,0,1,0.0,0.0,0.0,0.0,0.0,0.0,0,0.0,0.005785835466954162,62
7455.919443552,32.76000000001435,0,1,0.0,0.0,0.0,0.0,0.0,0.0,0,0.0,0.005785835466954162,64
7455.929520197,32.77000000001433,0,1,0.0,0.0,0.0,0.0,0.0,0.0,0,0.0,0.005785835466954162,64
7455.939574506,32.780000000014304,0,1,0.0,0.0,0.0,0.0,0.0,0.0,0,0.0,0.005785835466954162,64
7455.949508671,32.79000000001428,0,1,0.0,0.0,0.0,0.0,0.0,0.0,0,0.0,0.005785835466954162,64
7455.959489434,32.80000000001426,0,1,0.0,0.0,0.0,0.0,0.0,0.0,0,0.0,0.005785835466954162,67
7455.969626654,32.810000000014234,0,1,0.0,0.0,0.0,0.0,0.0,0.0,0,0.0,0.005785835466954162,67
7455.979488095,32.82000000001421,0,1,0.0,0.0,0.0,0.0,0.0,0.0,0,0.0,0.005785835466954162,67
7455.989528357,32.83000000001419,0,1,0.0,0.0,0.0,0.0,0.0,0.0,0,0.0,0.005785835466954162,69
7455.999487278,32.840000000014165,0,1,0.0,0.0,0.0,0.0,0.0,0.0,0,0.0,0.005785835466954162,69
7456.009526316,32.85000000001414,0,1,0.0,0.0,0.0,0.0,0.0,0.0,0,0.0,0.005785835466954162,69
7456.02145046,32.86000000001412,0,1,0.0,0.0,0.0,0.0,0.0,0.0,0,0.0,0.005785835466954162,70
7456.029489128,32.870000000014095,0,1,0.0,0.0,0.0,0.0,0.0,0.0,0,0.0,0.005785835466954162,72
7456.039564092,32.88000000001407,0,1,0.0,0.0,0.0,0.0,0.0,0.0,0,0.0,0.005785835466954162,72
7456.049512167,32.89000000001405,0,1,0.0,0.0,0.0,0.0,0.0,0.0,0,0.0,0.005785835466954162,72
7456.059482222,32.900000000014025,0,1,0.0,0.0,0.0,0.0,0.0,0.0,0,0.0,0.005785835466954162,75
7456.069483142,32.910000000014,0,1,0.0,0.0,0.0,0.0,0.0,0.0,0,0.0,0.005785835466954162,75
7456.079494619,32.92000000001398,0,1,0.0,0.0,0.0,0.0,0.0,0.0,0,0.0,0.005785835466954162,75
7456.089771189,32.930000000013955,0,1,0.0,0.0,0.0,0.0,0.0,0.0,0,0.0,0.005785835466954162,78
7456.099500358,32.94000000001393,0,1,0.0,0.0,0.0,0.0,0.0,0.0,0,0.0,0.005785835466954162,78
7456.109579518,32.95000000001391,0,1,0.0,0.0,0.0,0.0,0.0,0.0,0,0.0,0.005785835466954162,78
7456.119549291,32.960000000013885,0,1,0.0,0.0,0.0,0.0,0.0,0.0,0,0.0,0.005785835466954162,78
7456.129502776,32.97000000001386,0,1,0.0,0.0,0.0,0.0,0.0,0.0,0,0.0,0.005785835466954162,81
7456.13970738,32.98000000001384,0,1,0.0,0.0,0.0,0.0,0.0,0.0,0,0.0,0.005785835466954162,81
7456.149512288,32.990000000013815,0,1,0.0,0.0,0.0,0.0,0.0,0.0,0,0.0,0.005785835466954162,81
7456.159681622,33.00000000001379,0,1,0.0,0.0,0.0,0.0,0.0,0.0,0,0.0,0.005785835466954162,84
7456.169499425,33.01000000001377,0,1,0.0,0.0,0.0,0.0,0.0,0.0,0,0.0,0.005785835466954162,84
7456.179478676,33.020000000013745,0,1,0.0,0.0,0.0,0.0,0.0,0.0,0,0.0,0.005785835466954162,84
7456.191743311,33.03000000001372,0,1,0.0,0.0,0.0,0.0,0.0,0.0,0,0.0,0.005785835466954162,86
7456.199572418,33.0400000000137,0,1,0.0,0.0,0.0,0.0,0.0,0.0,0,0.0,0.005785835466954162,88
7456.209495841,33.050000000013675,0,1,0.0,0.0,0.0,0.0,0.0,0.0,0,0.0,0.005785835466954162,88
7456.219542065,33.06000000001365,0,1,0.0,0.0,0.0,0.0,0.0,0.0,0,0.0,0.005785835466954162,88
7456.229509056,33.07000000001363,0,1,0.0,0.0,0.0,0.0,0.0,0.0,0,0.0,0.005785835466954162,90
7456.239511125,33.080000000013605,0,1,0.0,0.0,0.0,0.0,0.0,0.0,0,0.0,0.005785835466954162,90
7456.249838144,33.09000000001358,0,1,0.0,0.0,0.0,0.0,0.0,0.0,0,0.0,0.005785835466954162,90
7456.260194676,33.10000000001356,0,1,0.0,0.0,0.0,0.0,0.0,0.0,0,0.0,0.005785835466954162,94
7456.26971579,33.110000000013535,0,1,0.0,0.0,0.0,0.0,0.0,0.0,0,0.0,0.005785835466954162,95
7456.279531168,33.12000000001351,0,1,0.0,0.0,0.0,0.0,0.0,0.0,0,0.0,0.005785835466954162,95
7456.289533158,33.13000000001349,0,1,0.0,0.0,0.0,0.0,0.0,0.0,0,0.0,0.005785835466954162,95
7456.299464086,33.140000000013465,0,1,0.0,0.0,0.0,0.0,0.0,0.0,0,0.0,0.005785835466954162,0
7456.309573789,33.15000000001344,0,1,0.0,0.0,0.0,0.0,0.0,0.0,0,0.0,0.005785835466954162,0
