wall_time,sim_time,teleop_active,ros_fresh,position_error_mm,orientation_error_deg,target_linear_speed_mps,target_angular_speed_radps,raw_max_qdot_radps,cmd_max_qdot_radps,qdot_saturated,jacobian_condition,max_q_command_error_rad,deadline_misses
7196.870655159,0.010000000000000002,0,1,0.0,0.0,0.0,0.0,0.0,0.0,0,0.0,0.00023156172738025838,1
7196.880641713,0.02000000000000001,0,1,0.0,0.0,0.0,0.0,0.0,0.0,0,0.0,0.0006420883348210449,1
7196.890643911,0.03000000000000002,0,1,0.0,0.0,0.0,0.0,0.0,0.0,0,0.0,0.0010870701046840686,1
7196.900599704,0.04000000000000003,0,1,0.0,0.0,0.0,0.0,0.0,0.0,0,0.0,0.0015382914321710002,4
7196.910494334,0.05000000000000004,0,1,0.0,0.0,0.0,0.0,0.0,0.0,0,0.0,0.0019525120983990981,4
7196.920466616,0.060000000000000046,0,1,0.0,0.0,0.0,0.0,0.0,0.0,0,0.0,0.002326993557708709,4
7196.931140803,0.07000000000000005,0,1,0.0,0.0,0.0,0.0,0.0,0.0,0,0.0,0.0026636721412751654,7
7196.940476107,0.08000000000000006,0,1,0.0,0.0,0.0,0.0,0.0,0.0,0,0.0,0.0029657491512482194,7
7196.950862341,0.09000000000000007,0,1,0.0,0.0,0.0,0.0,0.0,0.0,0,0.0,0.003236578567500767,7
7196.96079163,0.10000000000000007,0,1,0.0,0.0,0.0,0.0,0.0,0.0,0,0.0,0.0034793261918181517,7
7196.970703731,0.11000000000000008,0,1,0.0,0.0,0.0,0.0,0.0,0.0,0,0.0,0.0036968818133849154,10
7196.980630623,0.12000000000000009,0,1,0.0,0.0,0.0,0.0,0.0,0.0,0,0.0,0.003891852468140432,10
7196.990722152,0.1300000000000001,0,1,0.0,0.0,0.0,0.0,0.0,0.0,0,0.0,0.004066580160140322,10
7197.000605437,0.1400000000000001,0,1,0.0,0.0,0.0,0.0,0.0,0.0,0,0.0,0.0042231655706561405,14
7197.010458244,0.1500000000000001,0,1,0.0,0.0,0.0,0.0,0.0,0.0,0,0.0,0.0043634918762542945,14
7197.020870613,0.16000000000000011,0,1,0.0,0.0,0.0,0.0,0.0,0.0,0,0.0,0.004489246934098883,14
7197.032268865,0.17000000000000012,0,1,0.0,0.0,0.0,0.0,0.0,0.0,0,0.0,0.004601943436198346,15
7197.04068535,0.18000000000000013,0,1,0.0,0.0,0.0,0.0,0.0,0.0,0,0.0,0.0047029370580503,17
7197.05061278,0.19000000000000014,0,1,0.0,0.0,0.0,0.0,0.0,0.0,0,0.0,0.00479344274985854,17
7197.060514002,0.20000000000000015,0,1,0.0,0.0,0.0,0.0,0.0,0.0,0,0.0,0.004874549344019622,17
7197.070833819,0.21000000000000016,0,1,0.0,0.0,0.0,0.0,0.0,0.0,0,0.0,0.004947232647788313,20
7197.080435856,0.22000000000000017,0,1,0.0,0.0,0.0,0.0,0.0,0.0,0,0.0,0.005012367176722273,20
7197.090636813,0.23000000000000018,0,1,0.0,0.0,0.0,0.0,0.0,0.0,0,0.0,0.005070736669659783,20
7197.100859455,0.24000000000000019,0,1,0.0,0.0,0.0,0.0,0.0,0.0,0,0.0,0.0051230435117468704,23
7197.110551681,0.25000000000000017,0,1,0.0,0.0,0.0,0.0,0.0,0.0,0,0.0,0.005169917178980228,23
7197.12051633,0.2600000000000002,0,1,0.0,0.0,0.0,0.0,0.0,0.0,0,0.0,0.005211921805952601,23
7197.13057303,0.2700000000000002,0,1,0.0,0.0,0.0,0.0,0.0,0.0,0,0.0,0.005249536049669865,23
7197.140480303,0.2800000000000002,0,1,0.0,0.0,0.0,0.0,0.0,0.0,0,0.0,0.00528308929435087,25
7197.150519224,0.2900000000000002,0,1,0.0,0.0,0.0,0.0,0.0,0.0,0,0.0,0.0053130514465207146,25
7197.160472746,0.3000000000000002,0,1,0.0,0.0,0.0,0.0,0.0,0.0,0,0.0,0.005339878191504068,25
7197.170527781,0.3100000000000002,0,1,0.0,0.0,0.0,0.0,0.0,0.0,0,0.0,0.00536393785246659,28
7197.180614764,0.32000000000000023,0,1,0.0,0.0,0.0,0.0,0.0,0.0,0,0.0,0.005385533541666898,28
7197.190772729,0.33000000000000024,0,1,0.0,0.0,0.0,0.0,0.0,0.0,0,0.0,0.005404924413936385,28
7197.202041254,0.34000000000000025,0,1,0.0,0.0,0.0,0.0,0.0,0.0,0,0.0,0.005422337788624488,29
7197.210681684,0.35000000000000026,0,1,0.0,0.0,0.0,0.0,0.0,0.0,0,0.0,0.005437975731847331,30
7197.220454325,0.36000000000000026,0,1,0.0,0.0,0.0,0.0,0.0,0.0,0,0.0,0.005452018977451459,30
7197.230483897,0.3700000000000003,0,1,0.0,0.0,0.0,0.0,0.0,0.0,0,0.0,0.005464629620454852,30
7197.240629306,0.3800000000000003,0,1,0.0,0.0,0.0,0.0,0.0,0.0,0,0.0,0.005475953208739359,33
7197.250772629,0.3900000000000003,0,1,0.0,0.0,0.0,0.0,0.0,0.0,0,0.0,0.005486125359485088,33
7197.260752988,0.4000000000000003,0,1,0.0,0.0,0.0,0.0,0.0,0.0,0,0.0,0.00549545203010255,33
7197.270708024,0.4100000000000003,0,1,0.0,0.0,0.0,0.0,0.0,0.0,0,0.0,0.005504294128597727,36
7197.280687296,0.4200000000000003,0,1,0.0,0.0,0.0,0.0,0.0,0.0,0,0.0,0.005512811472181938,36
7197.290624395,0.4300000000000003,0,1,0.0,0.0,0.0,0.0,0.0,0.0,0,0.0,0.00552107084652051,36
7197.300823071,0.44000000000000034,0,1,0.0,0.0,0.0,0.0,0.0,0.0,0,0.0,0.005529102057472208,36
7197.310726711,0.45000000000000034,0,1,0.0,0.0,0.0,0.0,0.0,0.0,0,0.0,0.005536920144885517,39
7197.320638516,0.46000000000000035,0,1,0.0,0.0,0.0,0.0,0.0,0.0,0,0.0,0.0055445341969600805,39
7197.330628532,0.47000000000000036,0,1,0.0,0.0,0.0,0.0,0.0,0.0,0,0.0,0.005551950854058594,39
7197.340537439,0.48000000000000037,0,1,0.0,0.0,0.0,0.0,0.0,0.0,0,0.0,0.005559175705129038,43
7197.350532058,0.4900000000000004,0,1,0.0,0.0,0.0,0.0,0.0,0.0,0,0.0,0.0055662138464504015,43
7197.360617238,0.5000000000000003,0,1,0.0,0.0,0.0,0.0,0.0,0.0,0,0.0,0.00557307010671817,43
7197.371745505,0.5100000000000003,0,1,0.0,0.0,0.0,0.0,0.0,0.0,0,0.0,0.00557974913889795,45
7197.380538887,0.5200000000000004,0,1,0.0,0.0,0.0,0.0,0.0,0.0,0,0.0,0.005586255458720616,46
7197.39079593,0.5300000000000004,0,1,0.0,0.0,0.0,0.0,0.0,0.0,0,0.0,0.005592593461728072,46
7197.400827131,0.5400000000000004,0,1,0.0,0.0,0.0,0.0,0.0,0.0,0,0.0,0.005598767431652431,46
7197.410591986,0.5500000000000004,0,1,0.0,0.0,0.0,0.0,0.0,0.0,0,0.0,0.005604781545265028,48
7197.420851534,0.5600000000000004,0,1,0.0,0.0,0.0,0.0,0.0,0.0,0,0.0,0.005610639875766005,48
7197.430981327,0.5700000000000004,0,1,0.0,0.0,0.0,0.0,0.0,0.0,0,0.0,0.005616346395552348,48
7197.440609676,0.5800000000000004,0,1,0.0,0.0,0.0,0.0,0.0,0.0,0,0.0,0.005621904978704771,51
7197.450676715,0.5900000000000004,0,1,0.0,0.0,0.0,0.0,0.0,0.0,0,0.0,0.005627319403332436,51
7197.460525785,0.6000000000000004,0,1,0.0,0.0,0.0,0.0,0.0,0.0,0,0.0,0.005632593353832658,0
7197.470518251,0.6100000000000004,0,1,0.0,0.0,0.0,0.0,0.0,0.0,0,0.0,0.005637730423089379,0
7197.480519986,0.6200000000000004,0,1,0.0,0.0,0.0,0.0,0.0,0.0,0,0.0,0.005642734114620527,3
7197.490744118,0.6300000000000004,0,1,0.0,0.0,0.0,0.0,0.0,0.0,0,0.0,0.005647607844678777,3
7197.500505402,0.6400000000000005,0,1,0.0,0.0,0.0,0.0,0.0,0.0,0,0.0,0.0056523549443079505,3
7197.510608814,0.6500000000000005,0,1,0.0,0.0,0.0,0.0,0.0,0.0,0,0.0,0.005656978661356293,5
7197.52059049,0.6600000000000005,0,1,0.0,0.0,0.0,0.0,0.0,0.0,0,0.0,0.005661482162447525,5
7197.530499055,0.6700000000000005,0,1,0.0,0.0,0.0,0.0,0.0,0.0,0,0.0,0.00566586853491038,5
7197.541952421,0.6800000000000005,0,1,0.0,0.0,0.0,0.0,0.0,0.0,0,0.0,0.0056701407886672805,7
7197.550929284,0.6900000000000005,0,1,0.0,0.0,0.0,0.0,0.0,0.0,0,0.0,0.005674301858082796,8
7197.560486428,0.7000000000000005,0,1,0.0,0.0,0.0,0.0,0.0,0.0,0,0.0,0.005678354603772501,8
7197.570500786,0.7100000000000005,0,1,0.0,0.0,0.0,0.0,0.0,0.0,0,0.0,0.005682301814372843,8
7197.580545842,0.7200000000000005,0,1,0.0,0.0,0.0,0.0,0.0,0.0,0,0.0,0.0056861462082726895,12
7197.590696189,0.7300000000000005,0,1,0.0,0.0,0.0,0.0,0.0,0.0,0,0.0,0.00568989043530711,12
7197.600749266,0.7400000000000005,0,1,0.0,0.0,0.0,0.0,0.0,0.0,0,0.0,0.005693537078414077,12
7197.610639971,0.7500000000000006,0,1,0.0,0.0,0.0,0.0,0.0,0.0,0,0.0,0.005697088655254685,16
7197.620547654,0.7600000000000006,0,1,0.0,0.0,0.0,0.0,0.0,0.0,0,0.0,0.0057005476197975235,16
7197.630618478,0.7700000000000006,0,1,0.0,0.0,0.0,0.0,0.0,0.0,0,0.0,0.005703916363867799,16
7197.640428786,0.7800000000000006,0,1,0.0,0.0,0.0,0.0,0.0,0.0,0,0.0,0.005707197218661874,16
7197.650493182,0.7900000000000006,0,1,0.0,0.0,0.0,0.0,0.0,0.0,0,0.0,0.005710392456227798,19
7197.660538763,0.8000000000000006,0,1,0.0,0.0,0.0,0.0,0.0,0.0,0,0.0,0.005713504290912477,19
7197.670552295,0.8100000000000006,0,1,0.0,0.0,0.0,0.0,0.0,0.0,0,0.0,0.005716534880776081,19
7197.680489526,0.8200000000000006,0,1,0.0,0.0,0.0,0.0,0.0,0.0,0,0.0,0.005719486328974297,22
7197.6904527,0.8300000000000006,0,1,0.0,0.0,0.0,0.0,0.0,0.0,0,0.0,0.005722360685109035,22
7197.70051152,0.8400000000000006,0,1,0.0,0.0,0.0,0.0,0.0,0.0,0,0.0,0.0057251599465481945,22
7197.711808353,0.8500000000000006,0,1,0.0,0.0,0.0,0.0,0.0,0.0,0,0.0,0.005727886059715068,24
7197.720904977,0.8600000000000007,0,1,0.0,0.0,0.0,0.0,0.0,0.0,0,0.0,0.005730540921347992,25
7197.730526863,0.8700000000000007,0,1,0.0,0.0,0.0,0.0,0.0,0.0,0,0.0,0.005733126379730814,25
7197.740551262,0.8800000000000007,0,1,0.0,0.0,0.0,0.0,0.0,0.0,0,0.0,0.005735644235894754,25
7197.750762309,0.8900000000000007,0,1,0.0,0.0,0.0,0.0,0.0,0.0,0,0.0,0.005738096244792243,28
7197.760506457,0.9000000000000007,0,1,0.0,0.0,0.0,0.0,0.0,0.0,0,0.0,0.005740484116443287,28
7197.770648314,0.9100000000000007,0,1,0.0,0.0,0.0,0.0,0.0,0.0,0,0.0,0.005742809517054933,28
7197.780521071,0.9200000000000007,0,1,0.0,0.0,0.0,0.0,0.0,0.0,0,0.0,0.005745074070114369,31
7197.790716211,0.9300000000000007,0,1,0.0,0.0,0.0,0.0,0.0,0.0,0,0.0,0.0057472793574562114,31
7197.800504499,0.9400000000000007,0,1,0.0,0.0,0.0,0.0,0.0,0.0,0,0.0,0.005749426920304515,31
7197.810822269,0.9500000000000007,0,1,0.0,0.0,0.0,0.0,0.0,0.0,0,0.0,0.005751518260290047,31
7197.820625766,0.9600000000000007,0,1,0.0,0.0,0.0,0.0,0.0,0.0,0,0.0,0.005753554840443318,34
7197.830524694,0.9700000000000008,0,1,0.0,0.0,0.0,0.0,0.0,0.0,0,0.0,0.005755538086163913,34
7197.840464202,0.9800000000000008,0,1,0.0,0.0,0.0,0.0,0.0,0.0,0,0.0,0.005757469386166609,34
7197.850467447,0.9900000000000008,0,1,0.0,0.0,0.0,0.0,0.0,0.0,0,0.0,0.0057593500934047925,37
7197.860452736,1.0000000000000007,0,1,0.0,0.0,0.0,0.0,0.0,0.0,0,0.0,0.005761181525971657,37
7197.870412293,1.0099999999999996,0,1,0.0,0.0,0.0,0.0,0.0,0.0,0,0.0,0.005762964967979673,37
7197.881669287,1.0199999999999985,0,1,0.0,0.0,0.0,0.0,0.0,0.0,0,0.0,0.005764701670418786,39
7197.890446023,1.0299999999999974,0,1,0.0,0.0,0.0,0.0,0.0,0.0,0,0.0,0.005766392851993848,40
7197.900472458,1.0399999999999963,0,1,0.0,0.0,0.0,0.0,0.0,0.0,0,0.0,0.0057680396999416975,40
7197.910503527,1.0499999999999952,0,1,0.0,0.0,0.0,0.0,0.0,0.0,0,0.0,0.005769643370828369,40
7197.920512262,1.059999999999994,0,1,0.0,0.0,0.0,0.0,0.0,0.0,0,0.0,0.005771204991326869,43
7197.930461106,1.069999999999993,0,1,0.0,0.0,0.0,0.0,0.0,0.0,0,0.0,0.005772725658975941,43
7197.940449903,1.0799999999999919,0,1,0.0,0.0,0.0,0.0,0.0,0.0,0,0.0,0.005774206442920276,43
7197.950649603,1.0899999999999908,0,1,0.0,0.0,0.0,0.0,0.0,0.0,0,0.0,0.005775648384632552,46
7197.960445562,1.0999999999999897,0,1,0.0,0.0,0.0,0.0,0.0,0.0,0,0.0,0.005777052498617756,46
7197.970871576,1.1099999999999886,0,1,0.0,0.0,0.0,0.0,0.0,0.0,0,0.0,0.005778419773100146,46
7197.98055974,1.1199999999999875,0,1,0.0,0.0,0.0,0.0,0.0,0.0,0,0.0,0.005779751170693301,46
7197.990619113,1.1299999999999863,0,1,0.0,0.0,0.0,0.0,0.0,0.0,0,0.0,0.005781047629053602,49
7198.000694546,1.1399999999999852,0,1,0.0,0.0,0.0,0.0,0.0,0.0,0,0.0,0.005782310061517564,49
7198.010594297,1.1499999999999841,0,1,0.0,0.0,0.0,0.0,0.0,0.0,0,0.0,0.005783539357723364,49
7198.020840125,1.159999999999983,0,1,0.0,0.0,0.0,0.0,0.0,0.0,0,0.0,0.005784736384216947,53
7198.030743572,1.169999999999982,0,1,0.0,0.0,0.0,0.0,0.0,0.0,0,0.0,0.005785901985043075,53
7198.040456069,1.1799999999999808,0,1,0.0,0.0,0.0,0.0,0.0,0.0,0,0.0,0.005787036982321657,53
7198.051636845,1.1899999999999797,0,1,0.0,0.0,0.0,0.0,0.0,0.0,0,0.0,0.005788142176809713,55
7198.060663977,1.1999999999999786,0,1,0.0,0.0,0.0,0.0,0.0,0.0,0,0.0,0.005789218348449308,56
7198.070543016,1.2099999999999775,0,1,0.0,0.0,0.0,0.0,0.0,0.0,0,0.0,0.005790266256901799,56
7198.080744653,1.2199999999999764,0,1,0.0,0.0,0.0,0.0,0.0,0.0,0,0.0,0.005791286642068696,56
7198.09090038,1.2299999999999753,0,1,0.0,0.0,0.0,0.0,0.0,0.0,0,0.0,0.0057922802245994765,59
7198.100735885,1.2399999999999742,0,1,0.0,0.0,0.0,0.0,0.0,0.0,0,0.0,0.005793247706386661,59
7198.111043211,1.2499999999999731,0,1,0.0,0.0,0.0,0.0,0.0,0.0,0,0.0,0.005794189771048435,59
7198.120681899,1.259999999999972,0,1,0.0,0.0,0.0,0.0,0.0,0.0,0,0.0,0.005795107084399147,61
7198.130454409,1.269999999999971,0,1,0.0,0.0,0.0,0.0,0.0,0.0,0,0.0,0.0057960002949079435,61
7198.140513207,1.2799999999999698,0,1,0.0,0.0,0.0,0.0,0.0,0.0,0,0.0,0.005796870034145843,61
7198.150446996,1.2899999999999687,0,1,0.0,0.0,0.0,0.0,0.0,0.0,0,0.0,0.00579771691722153,61
7198.160581735,1.2999999999999676,0,1,0.0,0.0,0.0,0.0,0.0,0.0,0,0.0,0.005798541543206137,64
7198.17043229,1.3099999999999665,0,1,0.0,0.0,0.0,0.0,0.0,0.0,0,0.0,0.005799344495547273,64
7198.180610233,1.3199999999999654,0,1,0.0,0.0,0.0,0.0,0.0,0.0,0,0.0,0.0058001263424725755,64
7198.190423396,1.3299999999999643,0,1,0.0,0.0,0.0,0.0,0.0,0.0,0,0.0,0.005800887637383025,67
7198.200438387,1.3399999999999632,0,1,0.0,0.0,0.0,0.0,0.0,0.0,0,0.0,0.005801628919236292,67
7198.210427506,1.3499999999999621,0,1,0.0,0.0,0.0,0.0,0.0,0.0,0,0.0,0.005802350712920339,67
7198.226866709,1.359999999999961,0,1,0.0,0.0,0.0,0.0,0.0,0.0,0,0.0,0.005803053529617535,68
7198.236841656,1.36999999999996,0,1,0.0,0.0,0.0,0.0,0.0,0.0,0,0.0,0.0058037378671594924,68
7198.246904699,1.3799999999999588,0,1,0.0,0.0,0.0,0.0,0.0,0.0,0,0.0,0.005804404210372877,68
7198.256838694,1.3899999999999577,0,1,0.0,0.0,0.0,0.0,0.0,0.0,0,0.0,0.0058050530314164035,71
7198.266835296,1.3999999999999566,0,1,0.0,0.0,0.0,0.0,0.0,0.0,0,0.0,0.005805684790109235,71
7198.276832015,1.4099999999999555,0,1,0.0,0.0,0.0,0.0,0.0,0.0,0,0.0,0.005806299934250996,71
7198.289313281,1.4199999999999544,0,1,0.0,0.0,0.0,0.0,0.0,0.0,0,0.0,0.005806898899933616,72
7198.296811628,1.4299999999999533,0,1,0.0,0.0,0.0,0.0,0.0,0.0,0,0.0,0.005807482111845191,74
7198.306866446,1.4399999999999522,0,1,0.0,0.0,0.0,0.0,0.0,0.0,0,0.0,0.0058080499835660715,74
7198.3168359,1.449999999999951,0,1,0.0,0.0,0.0,0.0,0.0,0.0,0,0.0,0.005808602917857379,74
7198.326805998,1.45999999999995,0,1,0.0,0.0,0.0,0.0,0.0,0.0,0,0.0,0.005809141306942113,77
7198.336825416,1.469999999999949,0,1,0.0,0.0,0.0,0.0,0.0,0.0,0,0.0,0.005809665532779057,77
7198.346917192,1.4799999999999478,0,1,0.0,0.0,0.0,0.0,0.0,0.0,0,0.0,0.0058101759673296685,77
7198.362970277,1.4899999999999467,0,1,0.0,0.0,0.0,0.0,0.0,0.0,0,0.0,0.005810672972818086,78
7198.372913126,1.4999999999999456,0,1,0.0,0.0,0.0,0.0,0.0,0.0,0,0.0,0.005811156901984485,78
7198.383375352,1.5099999999999445,0,1,0.0,0.0,0.0,0.0,0.0,0.0,0,0.0,0.0058116280983319096,78
7198.393176441,1.5199999999999434,0,1,0.0,0.0,0.0,0.0,0.0,0.0,0,0.0,0.005812086896366748,81
7198.403466696,1.5299999999999423,0,1,0.0,0.0,0.0,0.0,0.0,0.0,0,0.0,0.005812533621833021,81
7198.41337446,1.5399999999999412,0,1,0.0,0.0,0.0,0.0,0.0,0.0,0,0.0,0.005812968591940642,81
7198.426911485,1.54999999999994,0,1,0.0,0.0,0.0,0.0,0.0,0.0,0,0.0,0.005813392115587792,82
7198.43342288,1.559999999999939,0,1,0.0,0.0,0.0,0.0,0.0,0.0,0,0.0,0.005813804493577553,86
7198.443155573,1.569999999999938,0,1,0.0,0.0,0.0,0.0,0.0,0.0,0,0.0,0.0058142060188289615,86
7198.45315134,1.5799999999999368,0,1,0.0,0.0,0.0,0.0,0.0,0.0,0,0.0,0.005814596976582612,86
7198.463346983,1.5899999999999357,0,1,0.0,0.0,0.0,0.0,0.0,0.0,0,0.0,0.005814977644600948,4
7198.472996642,1.5999999999999346,0,1,0.0,0.0,0.0,0.0,0.0,0.0,0,0.0,0.005815348293363375,4
7198.483304104,1.6099999999999335,0,1,0.0,0.0,0.0,0.0,0.0,0.0,0,0.0,0.005815709186256342,4
7198.494153699,1.6199999999999324,0,1,0.0,0.0,0.0,0.0,0.0,0.0,0,0.0,0.005816060579758493,7
7198.502965299,1.6299999999999313,0,1,0.0,0.0,0.0,0.0,0.0,0.0,0,0.0,0.005816402723621032,8
7198.513186762,1.6399999999999302,0,1,0.0,0.0,0.0,0.0,0.0,0.0,0,0.0,0.005816735861043424,8
7198.523434307,1.649999999999929,0,1,0.0,0.0,0.0,0.0,0.0,0.0,0,0.0,0.005817060228844534,8
7198.533143595,1.659999999999928,0,1,0.0,0.0,0.0,0.0,0.0,0.0,0,0.0,0.005817376057629348,10
7198.543121309,1.6699999999999269,0,1,0.0,0.0,0.0,0.0,0.0,0.0,0,0.0,0.005817683571951356,10
7198.553338056,1.6799999999999258,0,1,0.0,0.0,0.0,0.0,0.0,0.0,0,0.0,0.005817982990470733,10
7198.563348708,1.6899999999999247,0,1,0.0,0.0,0.0,0.0,0.0,0.0,0,0.0,0.005818274526108418,13
7198.57322821,1.6999999999999236,0,1,0.0,0.0,0.0,0.0,0.0,0.0,0,0.0,0.005818558386196187,13
7198.583965888,1.7099999999999225,0,1,0.0,0.0,0.0,0.0,0.0,0.0,0,0.0,0.005818834772622834,13
7198.595427354,1.7199999999999214,0,1,0.0,0.0,0.0,0.0,0.0,0.0,0,0.0,0.005819103881976558,15
7198.603335867,1.7299999999999203,0,1,0.0,0.0,0.0,0.0,0.0,0.0,0,0.0,0.005819365905683644,17
7198.613039624,1.7399999999999192,0,1,0.0,0.0,0.0,0.0,0.0,0.0,0,0.0,0.00581962103014355,17
7198.623140971,1.749999999999918,0,1,0.0,0.0,0.0,0.0,0.0,0.0,0,0.0,0.005819869436860468,17
7198.633086374,1.759999999999917,0,1,0.0,0.0,0.0,0.0,0.0,0.0,0,0.0,0.005820111302571475,20
7198.643082625,1.7699999999999159,0,1,0.0,0.0,0.0,0.0,0.0,0.0,0,0.0,0.005820346799371346,20
7198.653166287,1.7799999999999148,0,1,0.0,0.0,0.0,0.0,0.0,0.0,0,0.0,0.005820576094834116,20
7198.663469686,1.7899999999999137,0,1,0.0,0.0,0.0,0.0,0.0,0.0,0,0.0,0.005820799352131482,23
7198.673094642,1.7999999999999126,0,1,0.0,0.0,0.0,0.0,0.0,0.0,0,0.0,0.005821016730148117,23
7198.683141233,1.8099999999999115,0,1,0.0,0.0,0.0,0.0,0.0,0.0,0,0.0,0.0058212283835939885,23
7198.693010164,1.8199999999999104,0,1,0.0,0.0,0.0,0.0,0.0,0.0,0,0.0,0.0058214344631137395,23
7198.703039932,1.8299999999999093,0,1,0.0,0.0,0.0,0.0,0.0,0.0,0,0.0,0.0058216351153932274,25
7198.713333285,1.8399999999999082,0,1,0.0,0.0,0.0,0.0,0.0,0.0,0,0.0,0.005821830483263278,25
7198.723232327,1.849999999999907,0,1,0.0,0.0,0.0,0.0,0.0,0.0,0,0.0,0.005822020705800745,25
7198.733197927,1.859999999999906,0,1,0.0,0.0,0.0,0.0,0.0,0.0,0,0.0,0.005822205918426916,29
7198.743313259,1.8699999999999048,0,1,0.0,0.0,0.0,0.0,0.0,0.0,0,0.0,0.005822386253003375,29
7198.753205419,1.8799999999999037,0,1,0.0,0.0,0.0,0.0,0.0,0.0,0,0.0,0.005822561837925336,29
7198.765356752,1.8899999999999026,0,1,0.0,0.0,0.0,0.0,0.0,0.0,0,0.0,0.005822732798212564,30
7198.773463824,1.8999999999999015,0,1,0.0,0.0,0.0,0.0,0.0,0.0,0,0.0,0.005822899255597908,32
7198.783473403,1.9099999999999004,0,1,0.0,0.0,0.0,0.0,0.0,0.0,0,0.0,0.005823061328613527,32
7198.792967281,1.9199999999998993,0,1,0.0,0.0,0.0,0.0,0.0,0.0,0,0.0,0.005823219132674857,32
7198.803574237,1.9299999999998982,0,1,0.0,0.0,0.0,0.0,0.0,0.0,0,0.0,0.0058233727801623985,37
7198.813078607,1.9399999999998971,0,1,0.0,0.0,0.0,0.0,0.0,0.0,0,0.0,0.005823522380501354,37
7198.823191716,1.949999999999896,0,1,0.0,0.0,0.0,0.0,0.0,0.0,0,0.0,0.005823668040239185,37
7198.833518501,1.959999999999895,0,1,0.0,0.0,0.0,0.0,0.0,0.0,0,0.0,0.00582380986312115,40
7198.84339948,1.9699999999998938,0,1,0.0,0.0,0.0,0.0,0.0,0.0,0,0.0,0.0058239479501638585,40
7198.8535836,1.9799999999998927,0,1,0.0,0.0,0.0,0.0,0.0,0.0,0,0.0,0.005824082399726902,40
7198.863549437,1.9899999999998916,0,1,0.0,0.0,0.0,0.0,0.0,0.0,0,0.0,0.005824213307582619,40
7198.87336486,1.9999999999998905,0,1,0.0,0.0,0.0,0.0,0.0,0.0,0,0.0,0.005824340766984022,43
7198.883485753,2.0099999999998897,0,1,0.0,0.0,0.0,0.0,0.0,0.0,0,0.0,0.00582446486873096,43
7198.893508258,2.0199999999998886,0,1,0.0,0.0,0.0,0.0,0.0,0.0,0,0.0,0.0058245857012345454,43
7198.90337495,2.0299999999998875,0,1,0.0,0.0,0.0,0.0,0.0,0.0,0,0.0,0.0058247033505798825,46
7198.913686377,2.0399999999998863,0,1,0.0,0.0,0.0,0.0,0.0,0.0,0,0.0,0.005824817900587173,46
7198.923383958,2.0499999999998852,0,1,0.0,0.0,0.0,0.0,0.0,0.0,0,0.0,0.0058249294328712115,46
7198.935194931,2.059999999999884,0,1,0.0,0.0,0.0,0.0,0.0,0.0,0,0.0,0.005825038026899319,47
7198.943115641,2.069999999999883,0,1,0.0,0.0,0.0,0.0,0.0,0.0,0,0.0,0.005825143760047766,49
7198.952987909,2.079999999999882,0,1,0.0,0.0,0.0,0.0,0.0,0.0,0,0.0,0.005825246707656712,49
7198.963286656,2.089999999999881,0,1,0.0,0.0,0.0,0.0,0.0,0.0,0,0.0,0.005825346943083713,49
7198.973053791,2.0999999999998797,0,1,0.0,0.0,0.0,0.0,0.0,0.0,0,0.0,0.005825444537755819,53
7198.983366625,2.1099999999998786,0,1,0.0,0.0,0.0,0.0,0.0,0.0,0,0.0,0.005825539561220309,53
7198.993468077,2.1199999999998775,0,1,0.0,0.0,0.0,0.0,0.0,0.0,0,0.0,0.0058256320811941,53
7199.003381112,2.1299999999998764,0,1,0.0,0.0,0.0,0.0,0.0,0.0,0,0.0,0.0058257221636118465,56
7199.013330118,2.1399999999998753,0,1,0.0,0.0,0.0,0.0,0.0,0.0,0,0.0,0.005825809872672802,56
7199.023251455,2.1499999999998742,0,1,0.0,0.0,0.0,0.0,0.0,0.0,0,0.0,0.005825895270886429,56
7199.033368446,2.159999999999873,0,1,0.0,0.0,0.0,0.0,0.0,0.0,0,0.0,0.005825978419116834,56
7199.043179973,2.169999999999872,0,1,0.0,0.0,0.0,0.0,0.0,0.0,0,0.0,0.005826059376626013,59
7199.053208524,2.179999999999871,0,1,0.0,0.0,0.0,0.0,0.0,0.0,0,0.0,0.00582613820111598,59
7199.063242227,2.18999999999987,0,1,0.0,0.0,0.0,0.0,0.0,0.0,0,0.0,0.005826214948769786,59
7199.073342429,2.1999999999998687,0,1,0.0,0.0,0.0,0.0,0.0,0.0,0,0.0,0.005826289674291467,61
7199.08332232,2.2099999999998676,0,1,0.0,0.0,0.0,0.0,0.0,0.0,0,0.0,0.005826362430944929,61
7199.092988963,2.2199999999998665,0,1,0.0,0.0,0.0,0.0,0.0,0.0,0,0.0,0.005826433270591821,61
7199.105127163,2.2299999999998654,0,1,0.0,0.0,0.0,0.0,0.0,0.0,0,0.0,0.005826502243728421,62
7199.112970824,2.2399999999998643,0,1,0.0,0.0,0.0,0.0,0.0,0.0,0,0.0,0.005826569399521545,64
7199.123510101,2.249999999999863,0,1,0.0,0.0,0.0,0.0,0.0,0.0,0,0.0,0.0058266347858435185,64
7199.133028629,2.259999999999862,0,1,0.0,0.0,0.0,0.0,0.0,0.0,0,0.0,0.005826698449306215,65
7199.14351718,2.269999999999861,0,1,0.0,0.0,0.0,0.0,0.0,0.0,0,0.0,0.005826760435294223,69
7199.153290185,2.27999999999986,0,1,0.0,0.0,0.0,0.0,0.0,0.0,0,0.0,0.005826820787997131,69
7199.163372147,2.289999999999859,0,1,0.0,0.0,0.0,0.0,0.0,0.0,0,0.0,0.005826879550440963,69
7199.175226329,2.2999999999998577,0,1,0.0,0.0,0.0,0.0,0.0,0.0,0,0.0,0.005826936764518787,72
7199.18329518,2.3099999999998566,0,1,0.0,0.0,0.0,0.0,0.0,0.0,0,0.0,0.005826992471020532,74
7199.193075504,2.3199999999998555,0,1,0.0,0.0,0.0,0.0,0.0,0.0,0,0.0,0.005827046709662002,74
7199.203036992,2.3299999999998544,0,1,0.0,0.0,0.0,0.0,0.0,0.0,0,0.0,0.005827099519113149,74
7199.213230944,2.3399999999998533,0,1,0.0,0.0,0.0,0.0,0.0,0.0,0,0.0,0.005827150937025587,78
7199.22351032,2.349999999999852,0,1,0.0,0.0,0.0,0.0,0.0,0.0,0,0.0,0.005827201000059388,78
7199.233603373,2.359999999999851,0,1,0.0,0.0,0.0,0.0,0.0,0.0,0,0.0,0.005827249743909178,78
7199.2430572,2.36999999999985,0,1,0.0,0.0,0.0,0.0,0.0,0.0,0,0.0,0.005827297203329544,81
7199.253064921,2.379999999999849,0,1,0.0,0.0,0.0,0.0,0.0,0.0,0,0.0,0.005827343412159769,81
7199.263228471,2.389999999999848,0,1,0.0,0.0,0.0,0.0,0.0,0.0,0,0.0,0.005827388403347927,81
7199.275789966,2.3999999999998467,0,1,0.0,0.0,0.0,0.0,0.0,0.0,0,0.0,0.005827432208974336,82
7199.28331553,2.4099999999998456,0,1,0.0,0.0,0.0,0.0,0.0,0.0,0,0.0,0.005827474860274394,85
7199.293061919,2.4199999999998445,0,1,0.0,0.0,0.0,0.0,0.0,0.0,0,0.0,0.005827516387660826,85
7199.303313564,2.4299999999998434,0,1,0.0,0.0,0.0,0.0,0.0,0.0,0,0.0,0.0058275568207453304,85
7199.313185421,2.4399999999998423,0,1,0.0,0.0,0.0,0.0,0.0,0.0,0,0.0,0.005827596188359675,88
7199.323417253,2.449999999999841,0,1,0.0,0.0,0.0,0.0,0.0,0.0,0,0.0,0.005827634518576209,89
7199.333105461,2.45999999999984,0,1,0.0,0.0,0.0,0.0,0.0,0.0,0,0.0,0.005827671838727871,89
7199.343866294,2.469999999999839,0,1,0.0,0.0,0.0,0.0,0.0,0.0,0,0.0,0.005827708175427649,92
7199.353170849,2.479999999999838,0,1,0.0,0.0,0.0,0.0,0.0,0.0,0,0.0,0.005827743554587529,93
7199.363045674,2.489999999999837,0,1,0.0,0.0,0.0,0.0,0.0,0.0,0,0.0,0.005827778001436958,93
7199.373136794,2.4999999999998357,0,1,0.0,0.0,0.0,0.0,0.0,0.0,0,0.0,0.0058278115405408035,93
7199.383072721,2.5099999999998346,0,1,0.0,0.0,0.0,0.0,0.0,0.0,0,0.0,0.005827844195816862,96
7199.393146017,2.5199999999998335,0,1,0.0,0.0,0.0,0.0,0.0,0.0,0,0.0,0.0058278759905528894,96
7199.403080196,2.5299999999998324,0,1,0.0,0.0,0.0,0.0,0.0,0.0,0,0.0,0.005827906947423184,96
7199.413301185,2.5399999999998313,0,1,0.0,0.0,0.0,0.0,0.0,0.0,0,0.0,0.005827937088504746,99
7199.423131013,2.54999999999983,0,1,0.0,0.0,0.0,0.0,0.0,0.0,0,0.0,0.005827966435293006,99
7199.433165259,2.559999999999829,0,1,0.0,0.0,0.0,0.0,0.0,0.0,0,0.0,0.005827995008717133,99
7199.444998876,2.569999999999828,0,1,0.0,0.0,0.0,0.0,0.0,0.0,0,0.0,0.005828022829154949,100
7199.453307463,2.579999999999827,0,1,0.0,0.0,0.0,0.0,0.0,0.0,0,0.0,0.005828049916447445,102
7199.463306199,2.5899999999998258,0,1,0.0,0.0,0.0,0.0,0.0,0.0,0,0.0,0.00582807628991292,0
7199.47333062,2.5999999999998247,0,1,0.0,0.0,0.0,0.0,0.0,0.0,0,0.0,0.00582810196836074,0
7199.483221394,2.6099999999998236,0,1,0.0,0.0,0.0,0.0,0.0,0.0,0,0.0,0.0058281269701047494,2
7199.493138136,2.6199999999998225,0,1,0.0,0.0,0.0,0.0,0.0,0.0,0,0.0,0.005828151312976308,2
7199.50343231,2.6299999999998214,0,1,0.0,0.0,0.0,0.0,0.0,0.0,0,0.0,0.005828175014337006,2
7199.513343243,2.6399999999998203,0,1,0.0,0.0,0.0,0.0,0.0,0.0,0,0.0,0.005828198091091035,4
7199.523269526,2.649999999999819,0,1,0.0,0.0,0.0,0.0,0.0,0.0,0,0.0,0.005828220559697232,4
7199.532905279,2.659999999999818,0,1,0.0,0.0,0.0,0.0,0.0,0.0,0,0.0,0.005828242436180812,4
7199.543418228,2.669999999999817,0,1,0.0,0.0,0.0,0.0,0.0,0.0,0,0.0,0.005828263736144779,4
7199.55348726,2.679999999999816,0,1,0.0,0.0,0.0,0.0,0.0,0.0,0,0.0,0.005828284474781059,8
7199.563656369,2.6899999999998148,0,1,0.0,0.0,0.0,0.0,0.0,0.0,0,0.0,0.005828304666881317,8
7199.573539859,2.6999999999998137,0,1,0.0,0.0,0.0,0.0,0.0,0.0,0,0.0,0.005828324326847506,8
7199.58358835,2.7099999999998126,0,1,0.0,0.0,0.0,0.0,0.0,0.0,0,0.0,0.005828343468702124,12
7199.593682165,2.7199999999998115,0,1,0.0,0.0,0.0,0.0,0.0,0.0,0,0.0,0.005828362106098213,12
7199.603710189,2.7299999999998104,0,1,0.0,0.0,0.0,0.0,0.0,0.0,0,0.0,0.005828380252329096,12
7199.614810805,2.7399999999998093,0,1,0.0,0.0,0.0,0.0,0.0,0.0,0,0.0,0.005828397920337841,13
7199.623392776,2.749999999999808,0,1,0.0,0.0,0.0,0.0,0.0,0.0,0,0.0,0.005828415122726492,15
7199.633306443,2.759999999999807,0,1,0.0,0.0,0.0,0.0,0.0,0.0,0,0.0,0.005828431871765057,15
7199.64300522,2.769999999999806,0,1,0.0,0.0,0.0,0.0,0.0,0.0,0,0.0,0.005828448179400243,15
7199.653061189,2.779999999999805,0,1,0.0,0.0,0.0,0.0,0.0,0.0,0,0.0,0.005828464057263982,18
7199.663127153,2.7899999999998037,0,1,0.0,0.0,0.0,0.0,0.0,0.0,0,0.0,0.005828479516681718,18
7199.673195108,2.7999999999998026,0,1,0.0,0.0,0.0,0.0,0.0,0.0,0,0.0,0.005828494568680481,18
7199.683608866,2.8099999999998015,0,1,0.0,0.0,0.0,0.0,0.0,0.0,0,0.0,0.005828509223996753,21
7199.693312771,2.8199999999998004,0,1,0.0,0.0,0.0,0.0,0.0,0.0,0,0.0,0.005828523493084115,21
7199.703471838,2.8299999999997993,0,1,0.0,0.0,0.0,0.0,0.0,0.0,0,0.0,0.0058285373861207005,21
7199.713311451,2.8399999999997982,0,1,0.0,0.0,0.0,0.0,0.0,0.0,0,0.0,0.005828550913016457,21
7199.723201714,2.849999999999797,0,1,0.0,0.0,0.0,0.0,0.0,0.0,0,0.0,0.0058285640834202,24
7199.733119755,2.859999999999796,0,1,0.0,0.0,0.0,0.0,0.0,0.0,0,0.0,0.00582857690672651,24
7199.743326349,2.869999999999795,0,1,0.0,0.0,0.0,0.0,0.0,0.0,0,0.0,0.005828589392082414,24
7199.752969297,2.879999999999794,0,1,0.0,0.0,0.0,0.0,0.0,0.0,0,0.0,0.005828601548393915,27
7199.763058095,2.8899999999997927,0,1,0.0,0.0,0.0,0.0,0.0,0.0,0,0.0,0.0058286133843323375,27
7199.772994214,2.8999999999997916,0,1,0.0,0.0,0.0,0.0,0.0,0.0,0,0.0,0.005828624908340515,27
7199.784334927,2.9099999999997905,0,1,0.0,0.0,0.0,0.0,0.0,0.0,0,0.0,0.0058286361286388096,29
7199.793218414,2.9199999999997894,0,1,0.0,0.0,0.0,0.0,0.0,0.0,0,0.0,0.005828647053230966,30
7199.803036179,2.9299999999997883,0,1,0.0,0.0,0.0,0.0,0.0,0.0,0,0.0,0.005828657689909825,30
7199.812973959,2.9399999999997872,0,1,0.0,0.0,0.0,0.0,0.0,0.0,0,0.0,0.00582866804626288,30
7199.822997275,2.949999999999786,0,1,0.0,0.0,0.0,0.0,0.0,0.0,0,0.0,0.005828678129677686,33
7199.832936581,2.959999999999785,0,1,0.0,0.0,0.0,0.0,0.0,0.0,0,0.0,0.005828687947347123,33
7199.843151925,2.969999999999784,0,1,0.0,0.0,0.0,0.0,0.0,0.0,0,0.0,0.005828697506274534,33
7199.853137523,2.979999999999783,0,1,0.0,0.0,0.0,0.0,0.0,0.0,0,0.0,0.005828706813278713,36
7199.863092079,2.9899999999997817,0,1,0.0,0.0,0.0,0.0,0.0,0.0,0,0.0,0.005828715874998765,36
7199.873162334,2.9999999999997806,0,1,0.0,0.0,0.0,0.0,0.0,0.0,0,0.0,0.005828724697898847,36
7199.88320527,3.0099999999997795,0,1,0.0,0.0,0.0,0.0,0.0,0.0,0,0.0,0.005828733288272771,36
7199.893234614,3.0199999999997784,0,1,0.0,0.0,0.0,0.0,0.0,0.0,0,0.0,0.0058287416522484975,39
7199.903273276,3.0299999999997773,0,1,0.0,0.0,0.0,0.0,0.0,0.0,0,0.0,0.005828749795792502,39
7199.91333282,3.039999999999776,0,1,0.0,0.0,0.0,0.0,0.0,0.0,0,0.0,0.005828757724714029,39
7199.923214584,3.049999999999775,0,1,0.0,0.0,0.0,0.0,0.0,0.0,0,0.0,0.005828765444669242,43
7199.933175555,3.059999999999774,0,1,0.0,0.0,0.0,0.0,0.0,0.0,0,0.0,0.00582877296116525,43
7199.943137114,3.069999999999773,0,1,0.0,0.0,0.0,0.0,0.0,0.0,0,0.0,0.005828780279564037,43
7199.967312582,3.079999999999772,0,1,0.0,0.0,0.0,0.0,0.0,0.0,0,0.0,0.005828787405086284,44
7199.977229738,3.0899999999997707,0,1,0.0,0.0,0.0,0.0,0.0,0.0,0,0.0,0.0058287943428150975,44
7199.988137764,3.0999999999997696,0,1,0.0,0.0,0.0,0.0,0.0,0.0,0,0.0,0.005828801097699624,46
7199.997179025,3.1099999999997685,0,1,0.0,0.0,0.0,0.0,0.0,0.0,0,0.0,0.005828807674558591,47
7200.007574878,3.1199999999997674,0,1,0.0,0.0,0.0,0.0,0.0,0.0,0,0.0,0.005828814078083741,47
7200.017361025,3.1299999999997663,0,1,0.0,0.0,0.0,0.0,0.0,0.0,0,0.0,0.005828820312843173,47
7200.02749758,3.139999999999765,0,1,0.0,0.0,0.0,0.0,0.0,0.0,0,0.0,0.005828826383284607,50
7200.037535701,3.149999999999764,0,1,0.0,0.0,0.0,0.0,0.0,0.0,0,0.0,0.005828832293738548,50
7200.047569404,3.159999999999763,0,1,0.0,0.0,0.0,0.0,0.0,0.0,0,0.0,0.005828838048421381,50
7200.057201487,3.169999999999762,0,1,0.0,0.0,0.0,0.0,0.0,0.0,0,0.0,0.005828843651438375,53
7200.067667048,3.179999999999761,0,1,0.0,0.0,0.0,0.0,0.0,0.0,0,0.0,0.005828849106786613,53
7200.0774685,3.1899999999997597,0,1,0.0,0.0,0.0,0.0,0.0,0.0,0,0.0,0.00582885441835784,53
7200.087402706,3.1999999999997586,0,1,0.0,0.0,0.0,0.0,0.0,0.0,0,0.0,0.005828859589941245,53
7200.097373718,3.2099999999997575,0,1,0.0,0.0,0.0,0.0,0.0,0.0,0,0.0,0.005828864625226153,56
7200.107522442,3.2199999999997564,0,1,0.0,0.0,0.0,0.0,0.0,0.0,0,0.0,0.0058288695278046684,56
7200.117461777,3.2299999999997553,0,1,0.0,0.0,0.0,0.0,0.0,0.0,0,0.0,0.0058288743011742266,56
7200.127297047,3.239999999999754,0,1,0.0,0.0,0.0,0.0,0.0,0.0,0,0.0,0.005828878948740097,59
7200.137126014,3.249999999999753,0,1,0.0,0.0,0.0,0.0,0.0,0.0,0,0.0,0.005828883473817802,59
7200.147258719,3.259999999999752,0,1,0.0,0.0,0.0,0.0,0.0,0.0,0,0.0,0.005828887879635492,59
7200.157918201,3.269999999999751,0,1,0.0,0.0,0.0,0.0,0.0,0.0,0,0.0,0.005828892169336243,61
7200.167625709,3.27999999999975,0,1,0.0,0.0,0.0,0.0,0.0,0.0,0,0.0,0.0058288963459803,61
7200.177545654,3.2899999999997487,0,1,0.0,0.0,0.0,0.0,0.0,0.0,0,0.0,0.005828900412547257,61
7200.187496533,3.2999999999997476,0,1,0.0,0.0,0.0,0.0,0.0,0.0,0,0.0,0.005828904371938184,61
7200.197224907,3.3099999999997465,0,1,0.0,0.0,0.0,0.0,0.0,0.0,0,0.0,0.005828908226977698,63
7200.207413979,3.3199999999997454,0,1,0.0,0.0,0.0,0.0,0.0,0.0,0,0.0,0.005828911980415975,63
7200.217522761,3.3299999999997443,0,1,0.0,0.0,0.0,0.0,0.0,0.0,0,0.0,0.005828915634930713,63
7200.227259483,3.339999999999743,0,1,0.0,0.0,0.0,0.0,0.0,0.0,0,0.0,0.0058289191931290415,66
7200.237341772,3.349999999999742,0,1,0.0,0.0,0.0,0.0,0.0,0.0,0,0.0,0.005828922657549381,66
7200.247519618,3.359999999999741,0,1,0.0,0.0,0.0,0.0,0.0,0.0,0,0.0,0.005828926030663254,66
7200.257640011,3.36999999999974,0,1,0.0,0.0,0.0,0.0,0.0,0.0,0,0.0,0.005828929314877047,67
7200.267401393,3.3799999999997388,0,1,0.0,0.0,0.0,0.0,0.0,0.0,0,0.0,0.005828932512533731,70
7200.277536098,3.3899999999997377,0,1,0.0,0.0,0.0,0.0,0.0,0.0,0,0.0,0.0058289356259145254,70
7200.287189317,3.3999999999997366,0,1,0.0,0.0,0.0,0.0,0.0,0.0,0,0.0,0.005828938657240537,70
7200.297681614,3.4099999999997355,0,1,0.0,0.0,0.0,0.0,0.0,0.0,0,0.0,0.005828941608674326,73
7200.307429856,3.4199999999997344,0,1,0.0,0.0,0.0,0.0,0.0,0.0,0,0.0,0.0058289444823214675,73
7200.317403117,3.4299999999997333,0,1,0.0,0.0,0.0,0.0,0.0,0.0,0,0.0,0.0058289472802320426,73
7200.329016606,3.439999999999732,0,1,0.0,0.0,0.0,0.0,0.0,0.0,0,0.0,0.005828950004402106,75
7200.337538688,3.449999999999731,0,1,0.0,0.0,0.0,0.0,0.0,0.0,0,0.0,0.005828952656775104,77
7200.347432879,3.45999999999973,0,1,0.0,0.0,0.0,0.0,0.0,0.0,0,0.0,0.0058289552392432635,77
7200.357496601,3.469999999999729,0,1,0.0,0.0,0.0,0.0,0.0,0.0,0,0.0,0.005828957753648948,77
7200.367445032,3.4799999999997278,0,1,0.0,0.0,0.0,0.0,0.0,0.0,0,0.0,0.005828960201785961,80
7200.377679681,3.4899999999997267,0,1,0.0,0.0,0.0,0.0,0.0,0.0,0,0.0,0.005828962585400833,80
7200.387432454,3.4999999999997256,0,1,0.0,0.0,0.0,0.0,0.0,0.0,0,0.0,0.005828964906194062,80
7200.397172235,3.5099999999997245,0,1,0.0,0.0,0.0,0.0,0.0,0.0,0,0.0,0.005828967165821336,82
7200.407399664,3.5199999999997234,0,1,0.0,0.0,0.0,0.0,0.0,0.0,0,0.0,0.005828969365894701,82
7200.417508409,3.5299999999997222,0,1,0.0,0.0,0.0,0.0,0.0,0.0,0,0.0,0.0058289715079837216,82
7200.427842384,3.539999999999721,0,1,0.0,0.0,0.0,0.0,0.0,0.0,0,0.0,0.0058289735936166,82
7200.43757156,3.54999999999972,0,1,0.0,0.0,0.0,0.0,0.0,0.0,0,0.0,0.005828975624281256,86
7200.447411083,3.559999999999719,0,1,0.0,0.0,0.0,0.0,0.0,0.0,0,0.0,0.0058289776014264,86
7200.457405857,3.569999999999718,0,1,0.0,0.0,0.0,0.0,0.0,0.0,0,0.0,0.00582897952646256,0
7200.473411697,3.5799999999997167,0,1,0.0,0.0,0.0,0.0,0.0,0.0,0,0.0,0.0058289814007630916,1
7200.483583188,3.5899999999997156,0,1,0.0,0.0,0.0,0.0,0.0,0.0,0,0.0,0.005828983225665152,1
7200.493364954,3.5999999999997145,0,1,0.0,0.0,0.0,0.0,0.0,0.0,0,0.0,0.00582898500247066,1
7200.503643251,3.6099999999997134,0,1,0.0,0.0,0.0,0.0,0.0,0.0,0,0.0,0.005828986732447226,4
7200.51327091,3.6199999999997123,0,1,0.0,0.0,0.0,0.0,0.0,0.0,0,0.0,0.0058289884168290455,4
7200.523766406,3.6299999999997112,0,1,0.0,0.0,0.0,0.0,0.0,0.0,0,0.0,0.005828990056817791,4
7200.533267075,3.63999999999971,0,1,0.0,0.0,0.0,0.0,0.0,0.0,0,0.0,0.005828991653583464,6
7200.543362621,3.649999999999709,0,1,0.0,0.0,0.0,0.0,0.0,0.0,0,0.0,0.005828993208265227,6
7200.553412495,3.659999999999708,0,1,0.0,0.0,0.0,0.0,0.0,0.0,0,0.0,0.005828994721972229,6
7200.563447767,3.669999999999707,0,1,0.0,0.0,0.0,0.0,0.0,0.0,0,0.0,0.005828996195784378,6
7200.573323191,3.6799999999997057,0,1,0.0,0.0,0.0,0.0,0.0,0.0,0,0.0,0.005828997630753124,9
7200.583632948,3.6899999999997046,0,1,0.0,0.0,0.0,0.0,0.0,0.0,0,0.0,0.005828999027902206,9
7200.593437614,3.6999999999997035,0,1,0.0,0.0,0.0,0.0,0.0,0.0,0,0.0,0.005829000388228384,9
7200.603285313,3.7099999999997024,0,1,0.0,0.0,0.0,0.0,0.0,0.0,0,0.0,0.005829001712702146,13
7200.61353886,3.7199999999997013,0,1,0.0,0.0,0.0,0.0,0.0,0.0,0,0.0,0.005829003002268401,13
7200.623356711,3.7299999999997,0,1,0.0,0.0,0.0,0.0,0.0,0.0,0,0.0,0.00582900425784716,13
7200.633789316,3.739999999999699,0,1,0.0,0.0,0.0,0.0,0.0,0.0,0,0.0,0.00582900548033418,15
7200.643482019,3.749999999999698,0,1,0.0,0.0,0.0,0.0,0.0,0.0,0,0.0,0.005829006670601615,15
7200.653433749,3.759999999999697,0,1,0.0,0.0,0.0,0.0,0.0,0.0,0,0.0,0.005829007829498632,15
7200.663416338,3.769999999999696,0,1,0.0,0.0,0.0,0.0,0.0,0.0,0,0.0,0.005829008957852017,15
7200.673324287,3.7799999999996947,0,1,0.0,0.0,0.0,0.0,0.0,0.0,0,0.0,0.00582901005646677,17
7200.683863105,3.7899999999996936,0,1,0.0,0.0,0.0,0.0,0.0,0.0,0,0.0,0.0058290111261266675,17
7200.693399486,3.7999999999996925,0,1,0.0,0.0,0.0,0.0,0.0,0.0,0,0.0,0.005829012167594835,17
7200.703805874,3.8099999999996914,0,1,0.0,0.0,0.0,0.0,0.0,0.0,0,0.0,0.0058290131816142845,20
7200.713392958,3.8199999999996903,0,1,0.0,0.0,0.0,0.0,0.0,0.0,0,0.0,0.005829014168908443,20
7200.723378253,3.829999999999689,0,1,0.0,0.0,0.0,0.0,0.0,0.0,0,0.0,0.0058290151301816735,20
7200.733738418,3.839999999999688,0,1,0.0,0.0,0.0,0.0,0.0,0.0,0,0.0,0.005829016066119775,20
7200.743487336,3.849999999999687,0,1,0.0,0.0,0.0,0.0,0.0,0.0,0,0.0,0.005829016977390472,23
7200.753722594,3.859999999999686,0,1,0.0,0.0,0.0,0.0,0.0,0.0,0,0.0,0.00582901786464389,23
7200.763392008,3.869999999999685,0,1,0.0,0.0,0.0,0.0,0.0,0.0,0,0.0,0.0058290187285130225,23
7200.773437228,3.8799999999996837,0,1,0.0,0.0,0.0,0.0,0.0,0.0,0,0.0,0.005829019569614181,26
7200.783342937,3.8899999999996826,0,1,0.0,0.0,0.0,0.0,0.0,0.0,0,0.0,0.005829020388547426,26
7200.793568081,3.8999999999996815,0,1,0.0,0.0,0.0,0.0,0.0,0.0,0,0.0,0.005829021185897013,26
7200.804672331,3.9099999999996804,0,1,0.0,0.0,0.0,0.0,0.0,0.0,0,0.0,0.005829021962231792,28
7200.813370792,3.9199999999996793,0,1,0.0,0.0,0.0,0.0,0.0,0.0,0,0.0,0.005829022718105625,29
7200.823469672,3.929999999999678,0,1,0.0,0.0,0.0,0.0,0.0,0.0,0,0.0,0.005829023454057774,29
7200.833366746,3.939999999999677,0,1,0.0,0.0,0.0,0.0,0.0,0.0,0,0.0,0.00582902417061329,29
7200.843291183,3.949999999999676,0,1,0.0,0.0,0.0,0.0,0.0,0.0,0,0.0,0.005829024868283385,32
7200.853282515,3.959999999999675,0,1,0.0,0.0,0.0,0.0,0.0,0.0,0,0.0,0.005829025547565798,32
7200.863551045,3.969999999999674,0,1,0.0,0.0,0.0,0.0,0.0,0.0,0,0.0,0.005829026208945151,32
7200.873647086,3.9799999999996727,0,1,0.0,0.0,0.0,0.0,0.0,0.0,0,0.0,0.0058290268528932935,35
7200.883352657,3.9899999999996716,0,1,0.0,0.0,0.0,0.0,0.0,0.0,0,0.0,0.005829027479869636,35
7200.893346841,3.9999999999996705,0,1,0.0,0.0,0.0,0.0,0.0,0.0,0,0.0,0.005829028090321485,35
7200.903891015,4.009999999999674,0,1,0.0,0.0,0.0,0.0,0.0,0.0,0,0.0,0.005829028684684355,35
7200.913286287,4.019999999999677,0,1,0.0,0.0,0.0,0.0,0.0,0.0,0,0.0,0.005829029263382284,38
7200.923332863,4.0299999999996805,0,1,0.0,0.0,0.0,0.0,0.0,0.0,0,0.0,0.005829029826828133,38
7200.933314937,4.039999999999684,0,1,0.0,0.0,0.0,0.0,0.0,0.0,0,0.0,0.005829030375423884,38
7200.943274195,4.049999999999687,0,1,0.0,0.0,0.0,0.0,0.0,0.0,0,0.0,0.00582903090956092,41
7200.95348171,4.0599999999996905,0,1,0.0,0.0,0.0,0.0,0.0,0.0,0,0.0,0.005829031429620315,41
7200.96330292,4.069999999999694,0,1,0.0,0.0,0.0,0.0,0.0,0.0,0,0.0,0.005829031935973098,41
7200.975280039,4.079999999999697,0,1,0.0,0.0,0.0,0.0,0.0,0.0,0,0.0,0.005829032428980512,43
7200.983308968,4.0899999999997005,0,1,0.0,0.0,0.0,0.0,0.0,0.0,0,0.0,0.005829032908994287,45
7200.993390401,4.099999999999704,0,1,0.0,0.0,0.0,0.0,0.0,0.0,0,0.0,0.0058290333763568805,45
7201.003614702,4.109999999999707,0,1,0.0,0.0,0.0,0.0,0.0,0.0,0,0.0,0.0058290338314017235,45
7201.013350926,4.119999999999711,0,1,0.0,0.0,0.0,0.0,0.0,0.0,0,0.0,0.005829034274453463,48
7201.02364763,4.129999999999714,0,1,0.0,0.0,0.0,0.0,0.0,0.0,0,0.0,0.005829034705828186,48
7201.033284869,4.139999999999717,0,1,0.0,0.0,0.0,0.0,0.0,0.0,0,0.0,0.005829035125833648,48
7201.048498905,4.149999999999721,0,1,0.0,0.0,0.0,0.0,0.0,0.0,0,0.0,0.0058290355347694976,49
7201.058500351,4.159999999999724,0,1,0.0,0.0,0.0,0.0,0.0,0.0,0,0.0,0.0058290359329274824,49
7201.068496158,4.169999999999727,0,1,0.0,0.0,0.0,0.0,0.0,0.0,0,0.0,0.005829036320591663,49
7201.078521734,4.179999999999731,0,1,0.0,0.0,0.0,0.0,0.0,0.0,0,0.0,0.0058290366980386105,53
7201.088504692,4.189999999999734,0,1,0.0,0.0,0.0,0.0,0.0,0.0,0,0.0,0.00582903706553761,53
7201.098544369,4.199999999999737,0,1,0.0,0.0,0.0,0.0,0.0,0.0,0,0.0,0.005829037423350846,53
7201.11027469,4.209999999999741,0,1,0.0,0.0,0.0,0.0,0.0,0.0,0,0.0,0.0058290377717335985,54
7201.118687786,4.219999999999744,0,1,0.0,0.0,0.0,0.0,0.0,0.0,0,0.0,0.005829038110934413,56
7201.128472845,4.229999999999747,0,1,0.0,0.0,0.0,0.0,0.0,0.0,0,0.0,0.005829038441195285,56
7201.13855329,4.239999999999751,0,1,0.0,0.0,0.0,0.0,0.0,0.0,0,0.0,0.00582903876275184,56
7201.148644536,4.249999999999754,0,1,0.0,0.0,0.0,0.0,0.0,0.0,0,0.0,0.005829039075833484,58
7201.158585316,4.259999999999757,0,1,0.0,0.0,0.0,0.0,0.0,0.0,0,0.0,0.005829039380663579,58
7201.168656077,4.269999999999761,0,1,0.0,0.0,0.0,0.0,0.0,0.0,0,0.0,0.005829039677459605,58
7201.178466382,4.279999999999764,0,1,0.0,0.0,0.0,0.0,0.0,0.0,0,0.0,0.005829039966433307,60
7201.18855614,4.289999999999767,0,1,0.0,0.0,0.0,0.0,0.0,0.0,0,0.0,0.005829040247790846,60
7201.19869438,4.299999999999771,0,1,0.0,0.0,0.0,0.0,0.0,0.0,0,0.0,0.005829040521732954,60
7201.208640433,4.309999999999774,0,1,0.0,0.0,0.0,0.0,0.0,0.0,0,0.0,0.005829040788455073,60
7201.218536357,4.319999999999777,0,1,0.0,0.0,0.0,0.0,0.0,0.0,0,0.0,0.0058290410481474896,62
7201.228517248,4.329999999999781,0,1,0.0,0.0,0.0,0.0,0.0,0.0,0,0.0,0.005829041300995477,62
7201.238588296,4.339999999999784,0,1,0.0,0.0,0.0,0.0,0.0,0.0,0,0.0,0.005829041547179426,62
7201.2485452,4.349999999999787,0,1,0.0,0.0,0.0,0.0,0.0,0.0,0,0.0,0.005829041786874974,64
7201.258624344,4.359999999999791,0,1,0.0,0.0,0.0,0.0,0.0,0.0,0,0.0,0.0058290420202531295,64
7201.268570818,4.369999999999794,0,1,0.0,0.0,0.0,0.0,0.0,0.0,0,0.0,0.005829042247480391,64
7201.286596907,4.379999999999797,0,1,0.0,0.0,0.0,0.0,0.0,0.0,0,0.0,0.0058290424687188706,65
7201.296524084,4.389999999999801,0,1,0.0,0.0,0.0,0.0,0.0,0.0,0,0.0,0.005829042684126411,65
7201.306502595,4.399999999999804,0,1,0.0,0.0,0.0,0.0,0.0,0.0,0,0.0,0.005829042893856691,65
7201.316499051,4.409999999999807,0,1,0.0,0.0,0.0,0.0,0.0,0.0,0,0.0,0.005829043098059338,68
7201.326480227,4.419999999999811,0,1,0.0,0.0,0.0,0.0,0.0,0.0,0,0.0,0.005829043296880038,68
7201.336539187,4.429999999999814,0,1,0.0,0.0,0.0,0.0,0.0,0.0,0,0.0,0.005829043490460636,68
7201.348733814,4.439999999999817,0,1,0.0,0.0,0.0,0.0,0.0,0.0,0,0.0,0.0058290436789392415,69
7201.357103296,4.449999999999821,0,1,0.0,0.0,0.0,0.0,0.0,0.0,0,0.0,0.005829043862450322,71
7201.366512722,4.459999999999824,0,1,0.0,0.0,0.0,0.0,0.0,0.0,0,0.0,0.005829044041124799,71
7201.376490034,4.4699999999998274,0,1,0.0,0.0,0.0,0.0,0.0,0.0,0,0.0,0.005829044215090146,72
7201.386525275,4.479999999999831,0,1,0.0,0.0,0.0,0.0,0.0,0.0,0,0.0,0.005829044384470477,75
7201.396504286,4.489999999999834,0,1,0.0,0.0,0.0,0.0,0.0,0.0,0,0.0,0.005829044549386635,75
7201.406489849,4.4999999999998375,0,1,0.0,0.0,0.0,0.0,0.0,0.0,0,0.0,0.005829044709956277,75
7201.416515114,4.509999999999841,0,1,0.0,0.0,0.0,0.0,0.0,0.0,0,0.0,0.005829044866293957,77
7201.42647494,4.519999999999844,0,1,0.0,0.0,0.0,0.0,0.0,0.0,0,0.0,0.005829045018511214,77
7201.43649064,4.5299999999998475,0,1,0.0,0.0,0.0,0.0,0.0,0.0,0,0.0,0.005829045166716645,77
7201.446569738,4.539999999999851,0,1,0.0,0.0,0.0,0.0,0.0,0.0,0,0.0,0.005829045311015988,77
7201.456460653,4.549999999999854,0,1,0.0,0.0,0.0,0.0,0.0,0.0,0,0.0,0.005829045451512187,0
7201.466497137,4.5599999999998575,0,1,0.0,0.0,0.0,0.0,0.0,0.0,0,0.0,0.0058290455883054796,0
7201.476536641,4.569999999999861,0,1,0.0,0.0,0.0,0.0,0.0,0.0,0,0.0,0.00582904572149346,0
7201.486621625,4.579999999999864,0,1,0.0,0.0,0.0,0.0,0.0,0.0,0,0.0,0.005829045851171149,2
7201.496518477,4.5899999999998675,0,1,0.0,0.0,0.0,0.0,0.0,0.0,0,0.0,0.005829045977431061,2
7201.506507221,4.599999999999871,0,1,0.0,0.0,0.0,0.0,0.0,0.0,0,0.0,0.005829046100363276,2
7201.5186146,4.609999999999874,0,1,0.0,0.0,0.0,0.0,0.0,0.0,0,0.0,0.005829046220055498,3
7201.526499316,4.6199999999998775,0,1,0.0,0.0,0.0,0.0,0.0,0.0,0,0.0,0.005829046336593122,5
7201.536479667,4.629999999999881,0,1,0.0,0.0,0.0,0.0,0.0,0.0,0,0.0,0.005829046450059289,5
7201.546472666,4.639999999999884,0,1,0.0,0.0,0.0,0.0,0.0,0.0,0,0.0,0.005829046560534951,5
7201.556474811,4.649999999999888,0,1,0.0,0.0,0.0,0.0,0.0,0.0,0,0.0,0.0058290466680989235,9
7201.566448512,4.659999999999891,0,1,0.0,0.0,0.0,0.0,0.0,0.0,0,0.0,0.005829046772827948,9
7201.576434647,4.669999999999894,0,1,0.0,0.0,0.0,0.0,0.0,0.0,0,0.0,0.005829046874796742,9
7201.587385401,4.679999999999898,0,1,0.0,0.0,0.0,0.0,0.0,0.0,0,0.0,0.0058290469740780535,12
7201.596490135,4.689999999999901,0,1,0.0,0.0,0.0,0.0,0.0,0.0,0,0.0,0.005829047070742716,13
7201.606508296,4.699999999999904,0,1,0.0,0.0,0.0,0.0,0.0,0.0,0,0.0,0.005829047164859689,13
7201.61648583,4.709999999999908,0,1,0.0,0.0,0.0,0.0,0.0,0.0,0,0.0,0.005829047256496122,13
7201.626509643,4.719999999999911,0,1,0.0,0.0,0.0,0.0,0.0,0.0,0,0.0,0.005829047345717393,16
7201.636522081,4.729999999999914,0,1,0.0,0.0,0.0,0.0,0.0,0.0,0,0.0,0.005829047432587153,16
7201.646466373,4.739999999999918,0,1,0.0,0.0,0.0,0.0,0.0,0.0,0,0.0,0.00582904751716738,16
7201.656516104,4.749999999999921,0,1,0.0,0.0,0.0,0.0,0.0,0.0,0,0.0,0.005829047599518416,18
7201.66649088,4.759999999999924,0,1,0.0,0.0,0.0,0.0,0.0,0.0,0,0.0,0.005829047679699015,18
7201.676449643,4.769999999999928,0,1,0.0,0.0,0.0,0.0,0.0,0.0,0,0.0,0.00582904775776638,18
7201.688378328,4.779999999999931,0,1,0.0,0.0,0.0,0.0,0.0,0.0,0,0.0,0.0058290478337762065,19
7201.69647827,4.789999999999934,0,1,0.0,0.0,0.0,0.0,0.0,0.0,0,0.0,0.005829047907782722,21
7201.706508161,4.799999999999938,0,1,0.0,0.0,0.0,0.0,0.0,0.0,0,0.0,0.005829047979838728,21
7201.716600999,4.809999999999941,0,1,0.0,0.0,0.0,0.0,0.0,0.0,0,0.0,0.00582904804999563,21
7201.726490154,4.819999999999944,0,1,0.0,0.0,0.0,0.0,0.0,0.0,0,0.0,0.005829048118303481,23
7201.736532755,4.829999999999948,0,1,0.0,0.0,0.0,0.0,0.0,0.0,0,0.0,0.005829048184811015,23
7201.746569319,4.839999999999951,0,1,0.0,0.0,0.0,0.0,0.0,0.0,0,0.0,0.005829048249565683,23
7201.757824361,4.849999999999954,0,1,0.0,0.0,0.0,0.0,0.0,0.0,0,0.0,0.0058290483126136805,26
7201.766466675,4.859999999999958,0,1,0.0,0.0,0.0,0.0,0.0,0.0,0,0.0,0.005829048373999989,27
7201.776481789,4.869999999999961,0,1,0.0,0.0,0.0,0.0,0.0,0.0,0,0.0,0.005829048433768404,27
7201.786485359,4.879999999999964,0,1,0.0,0.0,0.0,0.0,0.0,0.0,0,0.0,0.005829048491961566,27
7201.796551754,4.889999999999968,0,1,0.0,0.0,0.0,0.0,0.0,0.0,0,0.0,0.005829048548620992,30
7201.806522652,4.899999999999971,0,1,0.0,0.0,0.0,0.0,0.0,0.0,0,0.0,0.005829048603787106,30
7201.816552221,4.909999999999974,0,1,0.0,0.0,0.0,0.0,0.0,0.0,0,0.0,0.005829048657499266,30
7201.834288905,4.919999999999978,0,1,0.0,0.0,0.0,0.0,0.0,0.0,0,0.0,0.005829048709795791,31
7201.8442922,4.929999999999981,0,1,0.0,0.0,0.0,0.0,0.0,0.0,0,0.0,0.005829048760713993,31
7201.854309292,4.939999999999984,0,1,0.0,0.0,0.0,0.0,0.0,0.0,0,0.0,0.0058290488102901985,31
7201.870862196,4.949999999999988,0,1,0.0,0.0,0.0,0.0,0.0,0.0,0,0.0,0.005829048858559776,32
7201.880827028,4.959999999999991,0,1,0.0,0.0,0.0,0.0,0.0,0.0,0,0.0,0.005829048905557164,32
7201.891499004,4.969999999999994,0,1,0.0,0.0,0.0,0.0,0.0,0.0,0,0.0,0.005829048951315891,36
7201.900834499,4.979999999999998,0,1,0.0,0.0,0.0,0.0,0.0,0.0,0,0.0,0.0058290489958686045,36
7201.910833476,4.990000000000001,0,1,0.0,0.0,0.0,0.0,0.0,0.0,0,0.0,0.005829049039247088,36
7201.920818081,5.000000000000004,0,1,0.0,0.0,0.0,0.0,0.0,0.0,0,0.0,0.005829049081482293,36
7201.930838669,5.010000000000008,0,1,0.0,0.0,0.0,0.0,0.0,0.0,0,0.0,0.0058290491226043505,39
7201.940825442,5.020000000000011,0,1,0.0,0.0,0.0,0.0,0.0,0.0,0,0.0,0.005829049162642595,39
7201.950847119,5.0300000000000145,0,1,0.0,0.0,0.0,0.0,0.0,0.0,0,0.0,0.005829049201625597,39
7201.961062464,5.040000000000018,0,1,0.0,0.0,0.0,0.0,0.0,0.0,0,0.0,0.005829049239581163,43
7201.970814754,5.050000000000021,0,1,0.0,0.0,0.0,0.0,0.0,0.0,0,0.0,0.005829049276536375,43
7201.980932516,5.0600000000000245,0,1,0.0,0.0,0.0,0.0,0.0,0.0,0,0.0,0.005829049312517596,43
7201.990814743,5.070000000000028,0,1,0.0,0.0,0.0,0.0,0.0,0.0,0,0.0,0.005829049347550501,43
7202.000767406,5.080000000000031,0,1,0.0,0.0,0.0,0.0,0.0,0.0,0,0.0,0.00582904938166008,47
7202.010844762,5.0900000000000345,0,1,0.0,0.0,0.0,0.0,0.0,0.0,0,0.0,0.005829049414870668,47
7202.02097416,5.100000000000038,0,1,0.0,0.0,0.0,0.0,0.0,0.0,0,0.0,0.005829049447205963,47
7202.030847089,5.110000000000041,0,1,0.0,0.0,0.0,0.0,0.0,0.0,0,0.0,0.0058290494786890305,50
7202.040879123,5.1200000000000445,0,1,0.0,0.0,0.0,0.0,0.0,0.0,0,0.0,0.005829049509342332,50
7202.050862617,5.130000000000048,0,1,0.0,0.0,0.0,0.0,0.0,0.0,0,0.0,0.0058290495391877355,50
7202.061698982,5.140000000000051,0,1,0.0,0.0,0.0,0.0,0.0,0.0,0,0.0,0.005829049568246536,52
7202.07082596,5.1500000000000545,0,1,0.0,0.0,0.0,0.0,0.0,0.0,0,0.0,0.005829049596539463,53
7202.080813449,5.160000000000058,0,1,0.0,0.0,0.0,0.0,0.0,0.0,0,0.0,0.005829049624086704,53
7202.091030172,5.170000000000061,0,1,0.0,0.0,0.0,0.0,0.0,0.0,0,0.0,0.005829049650907913,53
7202.100780101,5.1800000000000646,0,1,0.0,0.0,0.0,0.0,0.0,0.0,0,0.0,0.005829049677022223,55
7202.110844383,5.190000000000068,0,1,0.0,0.0,0.0,0.0,0.0,0.0,0,0.0,0.005829049702448265,55
7202.120816107,5.200000000000071,0,1,0.0,0.0,0.0,0.0,0.0,0.0,0,0.0,0.00582904972720418,55
7202.131235707,5.210000000000075,0,1,0.0,0.0,0.0,0.0,0.0,0.0,0,0.0,0.005829049751307628,59
7202.1408742,5.220000000000078,0,1,0.0,0.0,0.0,0.0,0.0,0.0,0,0.0,0.005829049774775809,59
7202.150865512,5.230000000000081,0,1,0.0,0.0,0.0,0.0,0.0,0.0,0,0.0,0.005829049797625464,59
7202.160857642,5.240000000000085,0,1,0.0,0.0,0.0,0.0,0.0,0.0,0,0.0,0.005829049819872895,59
7202.170856346,5.250000000000088,0,1,0.0,0.0,0.0,0.0,0.0,0.0,0,0.0,0.005829049841533973,63
7202.180885884,5.260000000000091,0,1,0.0,0.0,0.0,0.0,0.0,0.0,0,0.0,0.005829049862624154,63
7202.190805054,5.270000000000095,0,1,0.0,0.0,0.0,0.0,0.0,0.0,0,0.0,0.0058290498831584815,63
7202.200870631,5.280000000000098,0,1,0.0,0.0,0.0,0.0,0.0,0.0,0,0.0,0.005829049903151609,66
7202.210880239,5.290000000000101,0,1,0.0,0.0,0.0,0.0,0.0,0.0,0,0.0,0.005829049922617798,66
7202.220878436,5.300000000000105,0,1,0.0,0.0,0.0,0.0,0.0,0.0,0,0.0,0.005829049941570939,66
7202.232273125,5.310000000000108,0,1,0.0,0.0,0.0,0.0,0.0,0.0,0,0.0,0.0058290499600245505,68
7202.240838992,5.320000000000111,0,1,0.0,0.0,0.0,0.0,0.0,0.0,0,0.0,0.005829049977991801,69
7202.250918646,5.330000000000115,0,1,0.0,0.0,0.0,0.0,0.0,0.0,0,0.0,0.005829049995485507,69
7202.260856013,5.340000000000118,0,1,0.0,0.0,0.0,0.0,0.0,0.0,0,0.0,0.00582905001251815,69
7202.270857148,5.350000000000121,0,1,0.0,0.0,0.0,0.0,0.0,0.0,0,0.0,0.005829050029101882,72
7202.28083433,5.360000000000125,0,1,0.0,0.0,0.0,0.0,0.0,0.0,0,0.0,0.005829050045248534,72
7202.290817624,5.370000000000128,0,1,0.0,0.0,0.0,0.0,0.0,0.0,0,0.0,0.005829050060969625,72
7202.312307946,5.380000000000131,0,1,0.0,0.0,0.0,0.0,0.0,0.0,0,0.0,0.005829050076276372,73
7202.32319824,5.390000000000135,0,1,0.0,0.0,0.0,0.0,0.0,0.0,0,0.0,0.005829050091179696,73
7202.338468598,5.400000000000138,0,1,0.0,0.0,0.0,0.0,0.0,0.0,0,0.0,0.005829050105690228,75
7202.348404872,5.410000000000141,0,1,0.0,0.0,0.0,0.0,0.0,0.0,0,0.0,0.005829050119818322,75
7202.358358711,5.420000000000145,0,1,0.0,0.0,0.0,0.0,0.0,0.0,0,0.0,0.005829050133574056,75
7202.3683082,5.430000000000148,0,1,0.0,0.0,0.0,0.0,0.0,0.0,0,0.0,0.005829050146967245,77
7202.378311471,5.440000000000151,0,1,0.0,0.0,0.0,0.0,0.0,0.0,0,0.0,0.0058290501600074445,77
7202.388310073,5.450000000000155,0,1,0.0,0.0,0.0,0.0,0.0,0.0,0,0.0,0.005829050172703957,77
7202.398404025,5.460000000000158,0,1,0.0,0.0,0.0,0.0,0.0,0.0,0,0.0,0.005829050185065841,77
7202.408378159,5.470000000000161,0,1,0.0,0.0,0.0,0.0,0.0,0.0,0,0.0,0.005829050197101916,80
7202.418343539,5.480000000000165,0,1,0.0,0.0,0.0,0.0,0.0,0.0,0,0.0,0.00582905020882077,80
7202.428336426,5.490000000000168,0,1,0.0,0.0,0.0,0.0,0.0,0.0,0,0.0,0.005829050220230763,80
7202.438328109,5.500000000000171,0,1,0.0,0.0,0.0,0.0,0.0,0.0,0,0.0,0.005829050231340033,84
7202.448315755,5.510000000000175,0,1,0.0,0.0,0.0,0.0,0.0,0.0,0,0.0,0.005829050242156508,84
7202.458390842,5.520000000000178,0,1,0.0,0.0,0.0,0.0,0.0,0.0,0,0.0,0.005829050252687904,0
7202.470124364,5.530000000000181,0,1,0.0,0.0,0.0,0.0,0.0,0.0,0,0.0,0.005829050262941736,1
7202.478309472,5.540000000000185,0,1,0.0,0.0,0.0,0.0,0.0,0.0,0,0.0,0.005829050272925318,3
7202.488332297,5.550000000000188,0,1,0.0,0.0,0.0,0.0,0.0,0.0,0,0.0,0.005829050282645774,3
7202.498307842,5.5600000000001915,0,1,0.0,0.0,0.0,0.0,0.0,0.0,0,0.0,0.005829050292110036,3
7202.50835319,5.570000000000195,0,1,0.0,0.0,0.0,0.0,0.0,0.0,0,0.0,0.005829050301324861,5
7202.518320086,5.580000000000198,0,1,0.0,0.0,0.0,0.0,0.0,0.0,0,0.0,0.0058290503102968174,5
7202.528398691,5.5900000000002015,0,1,0.0,0.0,0.0,0.0,0.0,0.0,0,0.0,0.005829050319032312,5
7202.53863839,5.600000000000205,0,1,0.0,0.0,0.0,0.0,0.0,0.0,0,0.0,0.005829050327537577,8
7202.548384078,5.610000000000208,0,1,0.0,0.0,0.0,0.0,0.0,0.0,0,0.0,0.005829050335818674,8
7202.558581816,5.6200000000002115,0,1,0.0,0.0,0.0,0.0,0.0,0.0,0,0.0,0.005829050343881515,8
7202.568324055,5.630000000000215,0,1,0.0,0.0,0.0,0.0,0.0,0.0,0,0.0,0.0058290503517318525,8
7202.578371221,5.640000000000218,0,1,0.0,0.0,0.0,0.0,0.0,0.0,0,0.0,0.005829050359375289,11
7202.588406375,5.6500000000002215,0,1,0.0,0.0,0.0,0.0,0.0,0.0,0,0.0,0.0058290503668172716,11
7202.598322048,5.660000000000225,0,1,0.0,0.0,0.0,0.0,0.0,0.0,0,0.0,0.005829050374063115,11
7202.608352997,5.670000000000228,0,1,0.0,0.0,0.0,0.0,0.0,0.0,0,0.0,0.00582905038111799,14
7202.618320646,5.6800000000002315,0,1,0.0,0.0,0.0,0.0,0.0,0.0,0,0.0,0.005829050387986927,14
7202.628440017,5.690000000000235,0,1,0.0,0.0,0.0,0.0,0.0,0.0,0,0.0,0.005829050394674824,15
7202.640661613,5.700000000000238,0,1,0.0,0.0,0.0,0.0,0.0,0.0,0,0.0,0.005829050401186455,17
7202.648315135,5.7100000000002415,0,1,0.0,0.0,0.0,0.0,0.0,0.0,0,0.0,0.005829050407526469,19
7202.658313058,5.720000000000245,0,1,0.0,0.0,0.0,0.0,0.0,0.0,0,0.0,0.005829050413699385,19
7202.668402322,5.730000000000248,0,1,0.0,0.0,0.0,0.0,0.0,0.0,0,0.0,0.005829050419709606,19
7202.678321543,5.740000000000252,0,1,0.0,0.0,0.0,0.0,0.0,0.0,0,0.0,0.005829050425561421,22
7202.688330036,5.750000000000255,0,1,0.0,0.0,0.0,0.0,0.0,0.0,0,0.0,0.0058290504312590065,22
7202.698325446,5.760000000000258,0,1,0.0,0.0,0.0,0.0,0.0,0.0,0,0.0,0.005829050436806429,22
7202.708314103,5.770000000000262,0,1,0.0,0.0,0.0,0.0,0.0,0.0,0,0.0,0.005829050442207644,25
7202.71830956,5.780000000000265,0,1,0.0,0.0,0.0,0.0,0.0,0.0,0,0.0,0.005829050447466505,25
7202.728323101,5.790000000000268,0,1,0.0,0.0,0.0,0.0,0.0,0.0,0,0.0,0.005829050452586761,25
7202.738304299,5.800000000000272,0,1,0.0,0.0,0.0,0.0,0.0,0.0,0,0.0,0.005829050457572069,25
7202.74830188,5.810000000000275,0,1,0.0,0.0,0.0,0.0,0.0,0.0,0,0.0,0.005829050462425987,28
7202.758339042,5.820000000000278,0,1,0.0,0.0,0.0,0.0,0.0,0.0,0,0.0,0.0058290504671519765,28
7202.768683622,5.830000000000282,0,1,0.0,0.0,0.0,0.0,0.0,0.0,0,0.0,0.005829050471753407,28
7202.784610111,5.840000000000285,0,1,0.0,0.0,0.0,0.0,0.0,0.0,0,0.0,0.00582905047623356,31
7202.794519359,5.850000000000288,0,1,0.0,0.0,0.0,0.0,0.0,0.0,0,0.0,0.0058290504805956316,32
7202.804405391,5.860000000000292,0,1,0.0,0.0,0.0,0.0,0.0,0.0,0,0.0,0.005829050484842738,34
7202.814235497,5.870000000000295,0,1,0.0,0.0,0.0,0.0,0.0,0.0,0,0.0,0.00582905048897791,39
7202.824268811,5.880000000000298,0,1,0.0,0.0,0.0,0.0,0.0,0.0,0,0.0,0.005829050493004098,40
7202.834344752,5.890000000000302,0,1,0.0,0.0,0.0,0.0,0.0,0.0,0,0.0,0.005829050496924171,40
7202.845016517,5.900000000000305,0,1,0.0,0.0,0.0,0.0,0.0,0.0,0,0.0,0.0058290505007409284,44
7202.853881029,5.910000000000308,0,1,0.0,0.0,0.0,0.0,0.0,0.0,0,0.0,0.005829050504457088,45
7202.86388489,5.920000000000312,0,1,0.0,0.0,0.0,0.0,0.0,0.0,0,0.0,0.005829050508075304,45
7202.874713723,5.930000000000315,0,1,0.0,0.0,0.0,0.0,0.0,0.0,0,0.0,0.005829050511598155,45
7202.891025653,5.940000000000318,0,1,0.0,0.0,0.0,0.0,0.0,0.0,0,0.0,0.005829050515028162,47
7202.900445969,5.950000000000322,0,1,0.0,0.0,0.0,0.0,0.0,0.0,0,0.0,0.00582905051836777,47
7202.912551629,5.960000000000325,0,1,0.0,0.0,0.0,0.0,0.0,0.0,0,0.0,0.005829050521619362,49
7202.920489084,5.970000000000328,0,1,0.0,0.0,0.0,0.0,0.0,0.0,0,0.0,0.005829050524785253,51
7202.93032887,5.980000000000332,0,1,0.0,0.0,0.0,0.0,0.0,0.0,0,0.0,0.005829050527867705,51
7202.940584883,5.990000000000335,0,1,0.0,0.0,0.0,0.0,0.0,0.0,0,0.0,0.005829050530868914,51
7202.95079526,6.000000000000338,0,1,0.0,0.0,0.0,0.0,0.0,0.0,0,0.0,0.00582905053379102,54
7202.960330764,6.010000000000342,0,1,0.0,0.0,0.0,0.0,0.0,0.0,0,0.0,0.00582905053663611,54
7202.970400638,6.020000000000345,0,1,0.0,0.0,0.0,0.0,0.0,0.0,0,0.0,0.005829050539406215,54
7202.980443293,6.030000000000348,0,1,0.0,0.0,0.0,0.0,0.0,0.0,0,0.0,0.005829050542103312,57
7202.990586134,6.040000000000352,0,1,0.0,0.0,0.0,0.0,0.0,0.0,0,0.0,0.005829050544729326,57
7203.000322925,6.050000000000355,0,1,0.0,0.0,0.0,0.0,0.0,0.0,0,0.0,0.005829050547286131,57
7203.010322991,6.060000000000358,0,1,0.0,0.0,0.0,0.0,0.0,0.0,0,0.0,0.005829050549775551,57
7203.020353286,6.070000000000362,0,1,0.0,0.0,0.0,0.0,0.0,0.0,0,0.0,0.00582905055219936,59
7203.030346041,6.080000000000365,0,1,0.0,0.0,0.0,0.0,0.0,0.0,0,0.0,0.005829050554559286,59
7203.040325773,6.0900000000003685,0,1,0.0,0.0,0.0,0.0,0.0,0.0,0,0.0,0.005829050556857013,59
7203.050368759,6.100000000000372,0,1,0.0,0.0,0.0,0.0,0.0,0.0,0,0.0,0.005829050559094181,62
7203.06033105,6.110000000000375,0,1,0.0,0.0,0.0,0.0,0.0,0.0,0,0.0,0.005829050561272385,62
7203.07047361,6.1200000000003785,0,1,0.0,0.0,0.0,0.0,0.0,0.0,0,0.0,0.005829050563393181,62
7203.081869833,6.130000000000382,0,1,0.0,0.0,0.0,0.0,0.0,0.0,0,0.0,0.005829050565458079,64
7203.090520272,6.140000000000385,0,1,0.0,0.0,0.0,0.0,0.0,0.0,0,0.0,0.0058290505674685545,65
7203.100526482,6.1500000000003885,0,1,0.0,0.0,0.0,0.0,0.0,0.0,0,0.0,0.005829050569426041,65
7203.11038825,6.160000000000392,0,1,0.0,0.0,0.0,0.0,0.0,0.0,0,0.0,0.005829050571331938,65
7203.120336569,6.170000000000395,0,1,0.0,0.0,0.0,0.0,0.0,0.0,0,0.0,0.005829050573187607,68
7203.1306143,6.1800000000003985,0,1,0.0,0.0,0.0,0.0,0.0,0.0,0,0.0,0.005829050574994371,68
7203.140413344,6.190000000000402,0,1,0.0,0.0,0.0,0.0,0.0,0.0,0,0.0,0.005829050576753516,68
7203.157215058,6.200000000000405,0,1,0.0,0.0,0.0,0.0,0.0,0.0,0,0.0,0.005829050578466296,69
7203.1672134,6.2100000000004085,0,1,0.0,0.0,0.0,0.0,0.0,0.0,0,0.0,0.0058290505801339345,69
7203.177202636,6.220000000000412,0,1,0.0,0.0,0.0,0.0,0.0,0.0,0,0.0,0.00582905058175762,69
7203.187278903,6.230000000000415,0,1,0.0,0.0,0.0,0.0,0.0,0.0,0,0.0,0.005829050583338511,72
7203.197209862,6.2400000000004185,0,1,0.0,0.0,0.0,0.0,0.0,0.0,0,0.0,0.0058290505848777345,72
7203.207214635,6.250000000000422,0,1,0.0,0.0,0.0,0.0,0.0,0.0,0,0.0,0.005829050586376389,72
7203.217608687,6.260000000000425,0,1,0.0,0.0,0.0,0.0,0.0,0.0,0,0.0,0.005829050587835545,75
7203.227287465,6.270000000000429,0,1,0.0,0.0,0.0,0.0,0.0,0.0,0,0.0,0.0058290505892562424,75
7203.237209918,6.280000000000432,0,1,0.0,0.0,0.0,0.0,0.0,0.0,0,0.0,0.005829050590639496,75
7203.247385503,6.290000000000435,0,1,0.0,0.0,0.0,0.0,0.0,0.0,0,0.0,0.005829050591986292,75
7203.257282213,6.300000000000439,0,1,0.0,0.0,0.0,0.0,0.0,0.0,0,0.0,0.00582905059329759,78
7203.26720954,6.310000000000442,0,1,0.0,0.0,0.0,0.0,0.0,0.0,0,0.0,0.005829050594574328,78
7203.277224878,6.320000000000445,0,1,0.0,0.0,0.0,0.0,0.0,0.0,0,0.0,0.005829050595817414,78
7203.287260962,6.330000000000449,0,1,0.0,0.0,0.0,0.0,0.0,0.0,0,0.0,0.005829050597027738,80
7203.29731773,6.340000000000452,0,1,0.0,0.0,0.0,0.0,0.0,0.0,0,0.0,0.005829050598206163,80
7203.307204661,6.350000000000455,0,1,0.0,0.0,0.0,0.0,0.0,0.0,0,0.0,0.0058290505993535335,80
7203.320277039,6.360000000000459,0,1,0.0,0.0,0.0,0.0,0.0,0.0,0,0.0,0.005829050600470668,81
7203.32746002,6.370000000000462,0,1,0.0,0.0,0.0,0.0,0.0,0.0,0,0.0,0.005829050601558359,84
7203.337244327,6.380000000000465,0,1,0.0,0.0,0.0,0.0,0.0,0.0,0,0.0,0.005829050602617385,84
7203.347221522,6.390000000000469,0,1,0.0,0.0,0.0,0.0,0.0,0.0,0,0.0,0.005829050603648499,84
7203.357352101,6.400000000000472,0,1,0.0,0.0,0.0,0.0,0.0,0.0,0,0.0,0.0058290506046524354,87
7203.367213641,6.410000000000475,0,1,0.0,0.0,0.0,0.0,0.0,0.0,0,0.0,0.005829050605629915,87
7203.377779252,6.420000000000479,0,1,0.0,0.0,0.0,0.0,0.0,0.0,0,0.0,0.00582905060658163,87
7203.388353216,6.430000000000482,0,1,0.0,0.0,0.0,0.0,0.0,0.0,0,0.0,0.005829050607508262,90
7203.397351744,6.440000000000485,0,1,0.0,0.0,0.0,0.0,0.0,0.0,0,0.0,0.005829050608410472,91
7203.407435638,6.450000000000489,0,1,0.0,0.0,0.0,0.0,0.0,0.0,0,0.0,0.005829050609288902,91
7203.417205617,6.460000000000492,0,1,0.0,0.0,0.0,0.0,0.0,0.0,0,0.0,0.0058290506101441805,91
7203.427526868,6.470000000000495,0,1,0.0,0.0,0.0,0.0,0.0,0.0,0,0.0,0.005829050610976916,95
7203.437344298,6.480000000000499,0,1,0.0,0.0,0.0,0.0,0.0,0.0,0,0.0,0.005829050611787705,95
7203.447393291,6.490000000000502,0,1,0.0,0.0,0.0,0.0,0.0,0.0,0,0.0,0.005829050612577124,95
7203.457245169,6.500000000000505,0,1,0.0,0.0,0.0,0.0,0.0,0.0,0,0.0,0.005829050613345738,98
7203.467351009,6.510000000000509,0,1,0.0,0.0,0.0,0.0,0.0,0.0,0,0.0,0.005829050614094092,0
7203.477225227,6.520000000000512,0,1,0.0,0.0,0.0,0.0,0.0,0.0,0,0.0,0.005829050614822723,0
7203.488644113,6.530000000000515,0,1,0.0,0.0,0.0,0.0,0.0,0.0,0,0.0,0.00582905061553215,1
7203.497451347,6.540000000000519,0,1,0.0,0.0,0.0,0.0,0.0,0.0,0,0.0,0.005829050616222879,2
7203.507195855,6.550000000000522,0,1,0.0,0.0,0.0,0.0,0.0,0.0,0,0.0,0.0058290506168954025,2
7203.517266806,6.560000000000525,0,1,0.0,0.0,0.0,0.0,0.0,0.0,0,0.0,0.005829050617550201,2
7203.527444161,6.570000000000529,0,1,0.0,0.0,0.0,0.0,0.0,0.0,0,0.0,0.005829050618187739,5
7203.537194042,6.580000000000532,0,1,0.0,0.0,0.0,0.0,0.0,0.0,0,0.0,0.0058290506188084755,5
7203.547208651,6.590000000000535,0,1,0.0,0.0,0.0,0.0,0.0,0.0,0,0.0,0.0058290506194128506,5
7203.55781804,6.600000000000539,0,1,0.0,0.0,0.0,0.0,0.0,0.0,0,0.0,0.005829050620001298,9
7203.567388175,6.610000000000542,0,1,0.0,0.0,0.0,0.0,0.0,0.0,0,0.0,0.005829050620574237,10
7203.57740502,6.6200000000005454,0,1,0.0,0.0,0.0,0.0,0.0,0.0,0,0.0,0.005829050621132072,10
7203.587304596,6.630000000000549,0,1,0.0,0.0,0.0,0.0,0.0,0.0,0,0.0,0.005829050621675207,10
7203.597278957,6.640000000000552,0,1,0.0,0.0,0.0,0.0,0.0,0.0,0,0.0,0.005829050622204027,14
7203.607448515,6.6500000000005555,0,1,0.0,0.0,0.0,0.0,0.0,0.0,0,0.0,0.005829050622718909,15
7203.617312368,6.660000000000559,0,1,0.0,0.0,0.0,0.0,0.0,0.0,0,0.0,0.00582905062322022,15
7203.627221019,6.670000000000562,0,1,0.0,0.0,0.0,0.0,0.0,0.0,0,0.0,0.005829050623708318,18
7203.637208291,6.6800000000005655,0,1,0.0,0.0,0.0,0.0,0.0,0.0,0,0.0,0.005829050624183552,18
7203.647319324,6.690000000000569,0,1,0.0,0.0,0.0,0.0,0.0,0.0,0,0.0,0.00582905062464626,18
7203.658704283,6.700000000000572,0,1,0.0,0.0,0.0,0.0,0.0,0.0,0,0.0,0.005829050625096773,20
7203.667221879,6.7100000000005755,0,1,0.0,0.0,0.0,0.0,0.0,0.0,0,0.0,0.005829050625535414,21
7203.677362505,6.720000000000579,0,1,0.0,0.0,0.0,0.0,0.0,0.0,0,0.0,0.005829050625962499,21
7203.687273675,6.730000000000582,0,1,0.0,0.0,0.0,0.0,0.0,0.0,0,0.0,0.005829050626378332,22
7203.697224528,6.7400000000005855,0,1,0.0,0.0,0.0,0.0,0.0,0.0,0,0.0,0.005829050626783206,25
7203.707211772,6.750000000000589,0,1,0.0,0.0,0.0,0.0,0.0,0.0,0,0.0,0.005829050627177406,25
7203.717219956,6.760000000000592,0,1,0.0,0.0,0.0,0.0,0.0,0.0,0,0.0,0.005829050627561217,25
7203.727239445,6.7700000000005955,0,1,0.0,0.0,0.0,0.0,0.0,0.0,0,0.0,0.005829050627934911,28
7203.737288962,6.780000000000599,0,1,0.0,0.0,0.0,0.0,0.0,0.0,0,0.0,0.0058290506282987565,28
7203.747256576,6.790000000000602,0,1,0.0,0.0,0.0,0.0,0.0,0.0,0,0.0,0.005829050628653012,28
7203.757213778,6.800000000000606,0,1,0.0,0.0,0.0,0.0,0.0,0.0,0,0.0,0.0058290506289979315,28
7203.767313295,6.810000000000609,0,1,0.0,0.0,0.0,0.0,0.0,0.0,0,0.0,0.005829050629333761,31
7203.777207604,6.820000000000612,0,1,0.0,0.0,0.0,0.0,0.0,0.0,0,0.0,0.005829050629660738,31
7203.787304928,6.830000000000616,0,1,0.0,0.0,0.0,0.0,0.0,0.0,0,0.0,0.005829050629979098,31
7203.797216419,6.840000000000619,0,1,0.0,0.0,0.0,0.0,0.0,0.0,0,0.0,0.005829050630289066,34
7203.807208588,6.850000000000622,0,1,0.0,0.0,0.0,0.0,0.0,0.0,0,0.0,0.0058290506305908665,34
7203.817208845,6.860000000000626,0,1,0.0,0.0,0.0,0.0,0.0,0.0,0,0.0,0.005829050630884712,34
7203.828059942,6.870000000000629,0,1,0.0,0.0,0.0,0.0,0.0,0.0,0,0.0,0.005829050631170812,36
7203.83723037,6.880000000000632,0,1,0.0,0.0,0.0,0.0,0.0,0.0,0,0.0,0.005829050631449372,36
7203.84721274,6.890000000000636,0,1,0.0,0.0,0.0,0.0,0.0,0.0,0,0.0,0.005829050631720589,36
7203.857306205,6.900000000000639,0,1,0.0,0.0,0.0,0.0,0.0,0.0,0,0.0,0.005829050631984659,36
7203.86721763,6.910000000000642,0,1,0.0,0.0,0.0,0.0,0.0,0.0,0,0.0,0.005829050632241768,39
7203.877404345,6.920000000000646,0,1,0.0,0.0,0.0,0.0,0.0,0.0,0,0.0,0.005829050632492102,39
7203.887345744,6.930000000000649,0,1,0.0,0.0,0.0,0.0,0.0,0.0,0,0.0,0.005829050632735837,40
7203.897477975,6.940000000000652,0,1,0.0,0.0,0.0,0.0,0.0,0.0,0,0.0,0.005829050632973148,44
7203.907353734,6.950000000000656,0,1,0.0,0.0,0.0,0.0,0.0,0.0,0,0.0,0.005829050633204205,46
7203.917349387,6.960000000000659,0,1,0.0,0.0,0.0,0.0,0.0,0.0,0,0.0,0.0058290506334291725,46
7203.927458586,6.970000000000662,0,1,0.0,0.0,0.0,0.0,0.0,0.0,0,0.0,0.005829050633648212,47
7203.937634313,6.980000000000666,0,1,0.0,0.0,0.0,0.0,0.0,0.0,0,0.0,0.005829050633861476,54
7203.947235073,6.990000000000669,0,1,0.0,0.0,0.0,0.0,0.0,0.0,0,0.0,0.005829050634069119,55
7203.957226835,7.000000000000672,0,1,0.0,0.0,0.0,0.0,0.0,0.0,0,0.0,0.0058290506342712906,55
7203.967215005,7.010000000000676,0,1,0.0,0.0,0.0,0.0,0.0,0.0,0,0.0,0.005829050634468134,58
7203.977226632,7.020000000000679,0,1,0.0,0.0,0.0,0.0,0.0,0.0,0,0.0,0.005829050634659789,58
7203.987410884,7.030000000000682,0,1,0.0,0.0,0.0,0.0,0.0,0.0,0,0.0,0.005829050634846391,60
7204.001994634,7.040000000000686,0,1,0.0,0.0,0.0,0.0,0.0,0.0,0,0.0,0.005829050635028077,63
7204.007332396,7.050000000000689,0,1,0.0,0.0,0.0,0.0,0.0,0.0,0,0.0,0.005829050635204973,68
7204.017341286,7.060000000000692,0,1,0.0,0.0,0.0,0.0,0.0,0.0,0,0.0,0.005829050635377207,69
7204.027310001,7.070000000000696,0,1,0.0,0.0,0.0,0.0,0.0,0.0,0,0.0,0.005829050635544902,69
7204.037204547,7.080000000000699,0,1,0.0,0.0,0.0,0.0,0.0,0.0,0,0.0,0.0058290506357081785,74
7204.047211044,7.090000000000702,0,1,0.0,0.0,0.0,0.0,0.0,0.0,0,0.0,0.005829050635867149,74
7204.057204283,7.100000000000706,0,1,0.0,0.0,0.0,0.0,0.0,0.0,0,0.0,0.00582905063602193,74
7204.06720769,7.110000000000709,0,1,0.0,0.0,0.0,0.0,0.0,0.0,0,0.0,0.005829050636172633,76
7204.07721018,7.120000000000712,0,1,0.0,0.0,0.0,0.0,0.0,0.0,0,0.0,0.005829050636319364,76
7204.087211892,7.130000000000716,0,1,0.0,0.0,0.0,0.0,0.0,0.0,0,0.0,0.005829050636462229,76
7204.097329498,7.140000000000719,0,1,0.0,0.0,0.0,0.0,0.0,0.0,0,0.0,0.005829050636601327,76
7204.107224804,7.1500000000007224,0,1,0.0,0.0,0.0,0.0,0.0,0.0,0,0.0,0.005829050636736758,79
7204.117226459,7.160000000000726,0,1,0.0,0.0,0.0,0.0,0.0,0.0,0,0.0,0.00582905063686862,79
7204.127249898,7.170000000000729,0,1,0.0,0.0,0.0,0.0,0.0,0.0,0,0.0,0.005829050636997008,79
7204.137229706,7.1800000000007325,0,1,0.0,0.0,0.0,0.0,0.0,0.0,0,0.0,0.00582905063712201,82
7204.147242374,7.190000000000736,0,1,0.0,0.0,0.0,0.0,0.0,0.0,0,0.0,0.005829050637243718,82
7204.157395498,7.200000000000739,0,1,0.0,0.0,0.0,0.0,0.0,0.0,0,0.0,0.00582905063736222,83
7204.169620307,7.2100000000007425,0,1,0.0,0.0,0.0,0.0,0.0,0.0,0,0.0,0.005829050637477599,84
7204.177211455,7.220000000000746,0,1,0.0,0.0,0.0,0.0,0.0,0.0,0,0.0,0.005829050637589935,88
7204.187278451,7.230000000000749,0,1,0.0,0.0,0.0,0.0,0.0,0.0,0,0.0,0.00582905063769931,89
7204.197307143,7.2400000000007525,0,1,0.0,0.0,0.0,0.0,0.0,0.0,0,0.0,0.0058290506378058035,89
7204.207234441,7.250000000000756,0,1,0.0,0.0,0.0,0.0,0.0,0.0,0,0.0,0.00582905063790949,93
7204.217253237,7.260000000000759,0,1,0.0,0.0,0.0,0.0,0.0,0.0,0,0.0,0.005829050638010442,93
7204.227232272,7.2700000000007625,0,1,0.0,0.0,0.0,0.0,0.0,0.0,0,0.0,0.005829050638108736,93
7204.23836521,7.280000000000766,0,1,0.0,0.0,0.0,0.0,0.0,0.0,0,0.0,0.005829050638204439,96
7204.247354774,7.290000000000769,0,1,0.0,0.0,0.0,0.0,0.0,0.0,0,0.0,0.0058290506382976184,97
7204.257320296,7.3000000000007725,0,1,0.0,0.0,0.0,0.0,0.0,0.0,0,0.0,0.005829050638388342,98
7204.267294024,7.310000000000776,0,1,0.0,0.0,0.0,0.0,0.0,0.0,0,0.0,0.005829050638476674,98
7204.277257245,7.320000000000779,0,1,0.0,0.0,0.0,0.0,0.0,0.0,0,0.0,0.005829050638562678,101
7204.287561165,7.330000000000783,0,1,0.0,0.0,0.0,0.0,0.0,0.0,0,0.0,0.005829050638646417,101
7204.297204181,7.340000000000786,0,1,0.0,0.0,0.0,0.0,0.0,0.0,0,0.0,0.005829050638727947,101
7204.307255168,7.350000000000789,0,1,0.0,0.0,0.0,0.0,0.0,0.0,0,0.0,0.005829050638807329,103
7204.317229437,7.360000000000793,0,1,0.0,0.0,0.0,0.0,0.0,0.0,0,0.0,0.005829050638884618,103
7204.327482186,7.370000000000796,0,1,0.0,0.0,0.0,0.0,0.0,0.0,0,0.0,0.00582905063895987,103
7204.339725495,7.380000000000799,0,1,0.0,0.0,0.0,0.0,0.0,0.0,0,0.0,0.005829050639033139,104
7204.347241907,7.390000000000803,0,1,0.0,0.0,0.0,0.0,0.0,0.0,0,0.0,0.005829050639104479,106
7204.357194723,7.400000000000806,0,1,0.0,0.0,0.0,0.0,0.0,0.0,0,0.0,0.0058290506391739366,106
7204.367416426,7.410000000000809,0,1,0.0,0.0,0.0,0.0,0.0,0.0,0,0.0,0.005829050639241565,106
7204.377273534,7.420000000000813,0,1,0.0,0.0,0.0,0.0,0.0,0.0,0,0.0,0.00582905063930741,108
7204.387290197,7.430000000000816,0,1,0.0,0.0,0.0,0.0,0.0,0.0,0,0.0,0.005829050639371519,108
7204.397323608,7.440000000000819,0,1,0.0,0.0,0.0,0.0,0.0,0.0,0,0.0,0.005829050639433939,108
7204.407735678,7.450000000000823,0,1,0.0,0.0,0.0,0.0,0.0,0.0,0,0.0,0.005829050639494713,111
7204.4172347,7.460000000000826,0,1,0.0,0.0,0.0,0.0,0.0,0.0,0,0.0,0.005829050639553885,111
7204.427197481,7.470000000000829,0,1,0.0,0.0,0.0,0.0,0.0,0.0,0,0.0,0.005829050639611499,111
7204.437521124,7.480000000000833,0,1,0.0,0.0,0.0,0.0,0.0,0.0,0,0.0,0.005829050639667594,111
7204.447206967,7.490000000000836,0,1,0.0,0.0,0.0,0.0,0.0,0.0,0,0.0,0.00582905063972221,114
7204.457213745,7.500000000000839,0,1,0.0,0.0,0.0,0.0,0.0,0.0,0,0.0,0.005829050639775386,114
7204.467303295,7.510000000000843,0,1,0.0,0.0,0.0,0.0,0.0,0.0,0,0.0,0.0058290506398271606,0
7204.4772536,7.520000000000846,0,1,0.0,0.0,0.0,0.0,0.0,0.0,0,0.0,0.005829050639877572,2
7204.487211628,7.530000000000849,0,1,0.0,0.0,0.0,0.0,0.0,0.0,0,0.0,0.005829050639926654,2
7204.497206697,7.540000000000853,0,1,0.0,0.0,0.0,0.0,0.0,0.0,0,0.0,0.005829050639974442,2
7204.508772046,7.550000000000856,0,1,0.0,0.0,0.0,0.0,0.0,0.0,0,0.0,0.005829050640020971,3
7204.51720677,7.560000000000859,0,1,0.0,0.0,0.0,0.0,0.0,0.0,0,0.0,0.005829050640066273,4
7204.52722942,7.570000000000863,0,1,0.0,0.0,0.0,0.0,0.0,0.0,0,0.0,0.005829050640110381,4
7204.537219082,7.580000000000866,0,1,0.0,0.0,0.0,0.0,0.0,0.0,0,0.0,0.005829050640153327,4
7204.54727384,7.590000000000869,0,1,0.0,0.0,0.0,0.0,0.0,0.0,0,0.0,0.0058290506401951405,7
7204.557214293,7.600000000000873,0,1,0.0,0.0,0.0,0.0,0.0,0.0,0,0.0,0.005829050640235853,7
7204.567234289,7.610000000000876,0,1,0.0,0.0,0.0,0.0,0.0,0.0,0,0.0,0.005829050640275492,7
7204.577511747,7.620000000000879,0,1,0.0,0.0,0.0,0.0,0.0,0.0,0,0.0,0.005829050640314085,10
7204.58724314,7.630000000000883,0,1,0.0,0.0,0.0,0.0,0.0,0.0,0,0.0,0.005829050640351662,10
7204.597230395,7.640000000000886,0,1,0.0,0.0,0.0,0.0,0.0,0.0,0,0.0,0.005829050640388249,10
7204.607203184,7.650000000000889,0,1,0.0,0.0,0.0,0.0,0.0,0.0,0,0.0,0.005829050640423871,10
7204.617207166,7.660000000000893,0,1,0.0,0.0,0.0,0.0,0.0,0.0,0,0.0,0.005829050640458554,12
7204.627272119,7.670000000000896,0,1,0.0,0.0,0.0,0.0,0.0,0.0,0,0.0,0.005829050640492323,12
7204.637205484,7.680000000000899,0,1,0.0,0.0,0.0,0.0,0.0,0.0,0,0.0,0.005829050640525201,12
7204.647257099,7.690000000000903,0,1,0.0,0.0,0.0,0.0,0.0,0.0,0,0.0,0.005829050640557214,15
7204.657764676,7.700000000000906,0,1,0.0,0.0,0.0,0.0,0.0,0.0,0,0.0,0.005829050640588384,15
7204.667264543,7.7100000000009095,0,1,0.0,0.0,0.0,0.0,0.0,0.0,0,0.0,0.005829050640618731,15
7204.6805914,7.720000000000913,0,1,0.0,0.0,0.0,0.0,0.0,0.0,0,0.0,0.00582905064064828,16
7204.687284005,7.730000000000916,0,1,0.0,0.0,0.0,0.0,0.0,0.0,0,0.0,0.005829050640677048,20
7204.6972862,7.7400000000009195,0,1,0.0,0.0,0.0,0.0,0.0,0.0,0,0.0,0.005829050640705059,20
7204.707220157,7.750000000000923,0,1,0.0,0.0,0.0,0.0,0.0,0.0,0,0.0,0.0058290506407323315,20
7204.717288514,7.760000000000926,0,1,0.0,0.0,0.0,0.0,0.0,0.0,0,0.0,0.005829050640758885,23
7204.727212013,7.7700000000009295,0,1,0.0,0.0,0.0,0.0,0.0,0.0,0,0.0,0.005829050640784741,23
7204.737289399,7.780000000000933,0,1,0.0,0.0,0.0,0.0,0.0,0.0,0,0.0,0.0058290506408099135,23
7204.747556499,7.790000000000936,0,1,0.0,0.0,0.0,0.0,0.0,0.0,0,0.0,0.0058290506408344225,26
7204.757303814,7.8000000000009395,0,1,0.0,0.0,0.0,0.0,0.0,0.0,0,0.0,0.005829050640858285,26
7204.767275322,7.810000000000943,0,1,0.0,0.0,0.0,0.0,0.0,0.0,0,0.0,0.00582905064088152,26
7204.777293315,7.820000000000946,0,1,0.0,0.0,0.0,0.0,0.0,0.0,0,0.0,0.005829050640904145,26
7204.78735853,7.8300000000009495,0,1,0.0,0.0,0.0,0.0,0.0,0.0,0,0.0,0.00582905064092617,29
7204.797444234,7.840000000000953,0,1,0.0,0.0,0.0,0.0,0.0,0.0,0,0.0,0.005829050640947615,30
7204.807568975,7.850000000000956,0,1,0.0,0.0,0.0,0.0,0.0,0.0,0,0.0,0.005829050640968494,31
7204.817365825,7.8600000000009596,0,1,0.0,0.0,0.0,0.0,0.0,0.0,0,0.0,0.005829050640988823,34
7204.827199849,7.870000000000963,0,1,0.0,0.0,0.0,0.0,0.0,0.0,0,0.0,0.005829050641008617,34
7204.837316644,7.880000000000966,0,1,0.0,0.0,0.0,0.0,0.0,0.0,0,0.0,0.00582905064102789,34
7204.849983632,7.89000000000097,0,1,0.0,0.0,0.0,0.0,0.0,0.0,0,0.0,0.005829050641046654,35
7204.857229788,7.900000000000973,0,1,0.0,0.0,0.0,0.0,0.0,0.0,0,0.0,0.005829050641064923,38
7204.867195972,7.910000000000976,0,1,0.0,0.0,0.0,0.0,0.0,0.0,0,0.0,0.005829050641082712,38
7204.877259614,7.92000000000098,0,1,0.0,0.0,0.0,0.0,0.0,0.0,0,0.0,0.00582905064110003,38
7204.88728701,7.930000000000983,0,1,0.0,0.0,0.0,0.0,0.0,0.0,0,0.0,0.005829050641116893,42
7204.897257616,7.940000000000986,0,1,0.0,0.0,0.0,0.0,0.0,0.0,0,0.0,0.00582905064113331,42
7204.907201802,7.95000000000099,0,1,0.0,0.0,0.0,0.0,0.0,0.0,0,0.0,0.005829050641149296,42
7204.918892915,7.960000000000993,0,1,0.0,0.0,0.0,0.0,0.0,0.0,0,0.0,0.00582905064116486,44
7204.92725806,7.970000000000996,0,1,0.0,0.0,0.0,0.0,0.0,0.0,0,0.0,0.005829050641180013,45
7204.937215721,7.980000000001,0,1,0.0,0.0,0.0,0.0,0.0,0.0,0,0.0,0.005829050641194768,45
7204.947245437,7.990000000001003,0,1,0.0,0.0,0.0,0.0,0.0,0.0,0,0.0,0.005829050641209133,46
7204.957363407,8.000000000001005,0,1,0.0,0.0,0.0,0.0,0.0,0.0,0,0.0,0.00582905064122312,49
7204.967360719,8.010000000001,0,1,0.0,0.0,0.0,0.0,0.0,0.0,0,0.0,0.005829050641236739,49
7204.977232024,8.020000000000994,0,1,0.0,0.0,0.0,0.0,0.0,0.0,0,0.0,0.005829050641249999,49
7204.987207795,8.030000000000989,0,1,0.0,0.0,0.0,0.0,0.0,0.0,0,0.0,0.005829050641262907,52
7204.997246824,8.040000000000983,0,1,0.0,0.0,0.0,0.0,0.0,0.0,0,0.0,0.005829050641275478,52
7205.007193955,8.050000000000978,0,1,0.0,0.0,0.0,0.0,0.0,0.0,0,0.0,0.005829050641287716,52
7205.017312747,8.060000000000972,0,1,0.0,0.0,0.0,0.0,0.0,0.0,0,0.0,0.005829050641299632,52
7205.027472453,8.070000000000967,0,1,0.0,0.0,0.0,0.0,0.0,0.0,0,0.0,0.005829050641311235,57
7205.037351389,8.080000000000961,0,1,0.0,0.0,0.0,0.0,0.0,0.0,0,0.0,0.005829050641322532,57
7205.047347142,8.090000000000956,0,1,0.0,0.0,0.0,0.0,0.0,0.0,0,0.0,0.00582905064133353,57
7205.057409078,8.10000000000095,0,1,0.0,0.0,0.0,0.0,0.0,0.0,0,0.0,0.0058290506413442396,61
7205.067459131,8.110000000000944,0,1,0.0,0.0,0.0,0.0,0.0,0.0,0,0.0,0.005829050641354666,61
7205.077317462,8.120000000000939,0,1,0.0,0.0,0.0,0.0,0.0,0.0,0,0.0,0.005829050641364818,61
7205.088383973,8.130000000000933,0,1,0.0,0.0,0.0,0.0,0.0,0.0,0,0.0,0.005829050641374701,63
7205.097217098,8.140000000000928,0,1,0.0,0.0,0.0,0.0,0.0,0.0,0,0.0,0.005829050641384325,64
7205.107301195,8.150000000000922,0,1,0.0,0.0,0.0,0.0,0.0,0.0,0,0.0,0.005829050641393694,64
7205.117216797,8.160000000000917,0,1,0.0,0.0,0.0,0.0,0.0,0.0,0,0.0,0.005829050641402817,64
7205.127227268,8.170000000000911,0,1,0.0,0.0,0.0,0.0,0.0,0.0,0,0.0,0.0058290506414116995,66
7205.137207438,8.180000000000906,0,1,0.0,0.0,0.0,0.0,0.0,0.0,0,0.0,0.005829050641420347,66
7205.147271025,8.1900000000009,0,1,0.0,0.0,0.0,0.0,0.0,0.0,0,0.0,0.005829050641428767,66
7205.157204347,8.200000000000895,0,1,0.0,0.0,0.0,0.0,0.0,0.0,0,0.0,0.005829050641436966,69
7205.167219485,8.210000000000889,0,1,0.0,0.0,0.0,0.0,0.0,0.0,0,0.0,0.005829050641444947,69
7205.177493159,8.220000000000883,0,1,0.0,0.0,0.0,0.0,0.0,0.0,0,0.0,0.005829050641452719,69
7205.190974445,8.230000000000878,0,1,0.0,0.0,0.0,0.0,0.0,0.0,0,0.0,0.0058290506414602865,70
7205.197338686,8.240000000000872,0,1,0.0,0.0,0.0,0.0,0.0,0.0,0,0.0,0.005829050641467655,74
7205.207452318,8.250000000000867,0,1,0.0,0.0,0.0,0.0,0.0,0.0,0,0.0,0.005829050641474829,74
7205.217260213,8.260000000000861,0,1,0.0,0.0,0.0,0.0,0.0,0.0,0,0.0,0.0058290506414818135,74
7205.2273101,8.270000000000856,0,1,0.0,0.0,0.0,0.0,0.0,0.0,0,0.0,0.005829050641488614,77
7205.237253868,8.28000000000085,0,1,0.0,0.0,0.0,0.0,0.0,0.0,0,0.0,0.005829050641495233,77
7205.247233308,8.290000000000845,0,1,0.0,0.0,0.0,0.0,0.0,0.0,0,0.0,0.005829050641501678,77
7205.257229474,8.30000000000084,0,1,0.0,0.0,0.0,0.0,0.0,0.0,0,0.0,0.005829050641507955,80
7205.267257391,8.310000000000834,0,1,0.0,0.0,0.0,0.0,0.0,0.0,0,0.0,0.005829050641514066,80
7205.277325107,8.320000000000828,0,1,0.0,0.0,0.0,0.0,0.0,0.0,0,0.0,0.0058290506415200165,80
7205.287288312,8.330000000000823,0,1,0.0,0.0,0.0,0.0,0.0,0.0,0,0.0,0.00582905064152581,80
7205.29726379,8.340000000000817,0,1,0.0,0.0,0.0,0.0,0.0,0.0,0,0.0,0.00582905064153145,82
7205.307239483,8.350000000000811,0,1,0.0,0.0,0.0,0.0,0.0,0.0,0,0.0,0.005829050641536942,82
7205.317256829,8.360000000000806,0,1,0.0,0.0,0.0,0.0,0.0,0.0,0,0.0,0.0058290506415422895,82
7205.327328611,8.3700000000008,0,1,0.0,0.0,0.0,0.0,0.0,0.0,0,0.0,0.005829050641547496,84
7205.337293718,8.380000000000795,0,1,0.0,0.0,0.0,0.0,0.0,0.0,0,0.0,0.005829050641552564,84
7205.347323247,8.39000000000079,0,1,0.0,0.0,0.0,0.0,0.0,0.0,0,0.0,0.0058290506415574995,84
7205.359554734,8.400000000000784,0,1,0.0,0.0,0.0,0.0,0.0,0.0,0,0.0,0.005829050641562305,85
7205.367210301,8.410000000000778,0,1,0.0,0.0,0.0,0.0,0.0,0.0,0,0.0,0.005829050641566983,87
7205.377236273,8.420000000000773,0,1,0.0,0.0,0.0,0.0,0.0,0.0,0,0.0,0.005829050641571539,87
7205.387276724,8.430000000000767,0,1,0.0,0.0,0.0,0.0,0.0,0.0,0,0.0,0.005829050641575974,87
7205.397233832,8.440000000000762,0,1,0.0,0.0,0.0,0.0,0.0,0.0,0,0.0,0.005829050641580294,91
7205.407448243,8.450000000000756,1,1,6.053775437340343,0.6941660505475373,0.050163329754059294,0.008,0.06122420910457908,0.06122420910457908,0,13.371745664577581,0.00608281982475135,92
7205.417450999,8.46000000000075,1,1,6.124581070086343,0.693823820289269,0.10000000000000002,0.02797972300168863,0.061195526423618314,0.061195526423618314,0,13.371823015095055,0.006467591057053301,92
7205.428196753,8.470000000000745,1,1,6.014495609329509,0.6927545574834241,0.0,0.04794109582904732,0.060402725291345175,0.060402725291345175,0,13.372091825800021,0.007004787010395752,95
7205.437502937,8.48000000000074,1,1,5.952311897232953,0.6907932622663812,0.05016332975411841,0.06793703973387696,0.059345754208223814,0.059345754208223814,0,13.37253569223329,0.007486156799901167,98
7205.447626406,8.490000000000734,1,1,5.942056592948144,0.6894109915553672,0.1,0.08791981644066524,0.058009362866493434,0.058009362866493434,0,13.373145626726094,0.007908595892788695,98
7205.457485761,8.500000000000728,1,1,5.827739014615647,0.6910700431436507,0.1,0.10789553664261495,0.05603394865574645,0.05603394865574645,0,13.37389927507661,0.008268138271180225,98
7205.467459361,8.510000000000723,1,1,5.5962202337731455,0.6986392442315699,0.1,0.12788372313109053,0.05223202754800758,0.05223202754800758,0,13.37477297137907,0.008567839590322812,4
7205.477512616,8.520000000000717,1,1,5.443500445440946,0.7156060176378032,0.09999999999999999,0.14788167835971847,0.049455108923541984,0.049455108923541984,0,13.375744477621243,0.008800000409781239,4
7205.487423521,8.530000000000712,1,1,5.268095567186078,0.7452117182877325,0.05016332975410928,0.16788000203365322,0.04660959049851114,0.04660959049851114,0,13.376786125183362,0.008980789096452835,4
7205.498205973,8.540000000000706,1,1,5.101791694506163,0.7900023475981527,0.0,0.18787847072003527,0.04344969507735347,0.04344969507735347,0,13.37787855686801,0.0091090241700027,9
7205.507561044,8.5500000000007,1,1,4.9422858354200505,0.85153892249391,0.1,0.20787463250047775,0.040063559164027714,0.040063559164027714,0,13.379001810007919,0.009190894487685508,11
7205.517430741,8.560000000000695,1,1,4.730891726699564,0.930182467081533,0.07440704653073552,0.227868591032279,0.035155747676479186,0.035155747676479186,0,13.380140569086906,0.009233572594957717,12
7205.529844996,8.57000000000069,1,1,4.573703925546182,1.0254894358918123,0.06867701450863159,0.2478640968365191,0.03153808365752202,0.03153808365752202,0,13.38127968278423,0.00923186372328133,14
7205.537464753,8.580000000000684,1,1,4.393324227897327,1.1363106157331828,0.050163329754121314,0.2678600416552333,0.02802152642171851,0.02802152642171851,0,13.382401201571293,0.009185866905492501,19
7205.547451329,8.590000000000678,1,1,4.258270500547815,1.2614028922361966,0.1,0.28785743667391095,0.03307816508122688,0.03307816508122688,0,13.383486257814363,0.009108057340734277,20
7205.557546792,8.600000000000673,1,1,4.106089988412826,1.3996224479608816,0.1,0.3078558141368631,0.04046332270098442,0.04046332270098442,0,13.384523962589668,0.00900159376202514,21
7205.567674506,8.610000000000667,1,1,3.9714079943894474,1.5498900556437023,0.1,0.32784619145802313,0.04787116859542326,0.04787116859542326,0,13.3855038992835,0.00885693293852019,28
7205.577511576,8.620000000000662,1,1,3.811897080192865,1.7112373318868768,0.05016332975410795,0.3478340645303338,0.05701400297619958,0.05701400297619958,0,13.386408051742979,0.008685149207415366,28
7205.587537234,8.630000000000656,1,1,3.7026958940351795,1.88285023634488,0.05016332975405722,0.3678229295763436,0.06617212175055923,0.06617212175055923,0,13.387227796535973,0.008498569168128026,29
7205.598482561,8.64000000000065,1,1,3.565485849531618,2.06403637248043,0.0,0.3878125718457192,0.0764493764332148,0.0764493764332148,0,13.387958251690806,0.008456938235334943,34
7205.607586234,8.650000000000645,1,1,3.4333715871926294,2.254187787302648,0.09521236055301407,0.40780040711500276,0.08708814078432425,0.08708814078432425,0,13.38859598356756,0.008405623437220077,37
7205.617516418,8.66000000000064,1,1,3.321665217629188,2.4527329691607784,0.05016353076277333,0.4277702232200337,0.09841338560629444,0.09841338560629444,0,13.389134871567402,0.008351785775981519,37
7205.627445117,8.670000000000634,1,1,3.1635126769900395,2.6592068087685172,0.0,0.4477179715790166,0.11077204693093211,0.11077204693093211,0,13.38956160003036,0.00829292044146191,37
7205.6374744,8.680000000000629,1,1,3.021346527380793,2.8731737054656863,0.05016353076277905,0.4676028588824739,0.12359836971827935,0.12359836971827935,0,13.389860512691955,0.008232842406127976,41
7205.647441802,8.690000000000623,1,1,2.796837317893537,3.0942016928406293,0.0,0.4874013630568198,0.13799156404144333,0.13799156404144333,0,13.390020382679879,0.008168402292075118,42
7205.657407824,8.700000000000617,1,1,2.6862699811258266,3.3218233646389876,0.0,0.5069387619503025,0.1516739597986249,0.1516739597986249,0,13.390039145650604,0.008104216421319766,43
7205.667945048,8.710000000000612,1,1,2.4923194384268696,3.555521807940465,0.1,0.5260548041516342,0.16679594459073746,0.16679594459073746,0,13.3899105138788,0.008028199567581882,48
7205.677624999,8.720000000000606,1,1,2.3807769758549844,3.794553977606816,0.06289995672254566,0.5442662901356345,0.18174640849266013,0.18174640849266013,0,13.389646974211782,0.00868755534191834,49
7205.687422404,8.7300000000006,1,1,2.298885708265607,4.037465606472555,0.0,0.5598720766747742,0.196810498762819,0.196810498762819,0,13.38929812224384,0.009692269604591686,50
7205.701187128,8.740000000000595,1,1,2.2618038505298133,4.28171023406991,0.0,0.5706133378965734,0.2119716068866326,0.2119716068866326,0,13.38889970805843,0.010743475741030073,51
7205.707566617,8.75000000000059,1,1,2.287369216609874,4.522500734535604,0.06285362569841493,0.572424736794208,0.2269570379601126,0.2269570379601126,0,13.38846819370727,0.01184114511329859,58
7205.717483496,8.760000000000584,1,1,2.3100794251296564,4.754723997194394,0.08552534636794047,0.5663164571592002,0.24149654377170945,0.24149654377170945,0,13.387994170131535,0.012976980172184183,59
7205.727455806,8.770000000000579,1,1,2.4073631168617755,4.974920759095779,0.09580531886929028,0.556008625437809,0.2551668518454149,0.2551668518454149,0,13.387377645184742,0.01413912379706761,60
7205.737932174,8.780000000000573,1,1,2.5117718133941955,5.181618937536885,0.06280345767382853,0.5440573628051864,0.2681883910993083,0.2681883910993083,0,13.386554173277549,0.01531432287425838,65
7205.747837218,8.790000000000568,1,1,2.548754690591942,5.374088220527546,0.1,0.5307879989716333,0.280305340446238,0.280305340446238,0,13.38550476422254,0.016498626599865895,68
7205.757462194,8.800000000000562,1,1,2.781836273639688,5.55185449942086,0.09599577531918049,0.5170112196996999,0.2908922959701657,0.2908922959701657,0,13.384218186135563,0.017678751037758067,68
7205.768315545,8.810000000000556,1,1,2.922750991029349,5.714878782419932,0.0,0.5033651701809996,0.30067504829368125,0.30067504829368125,0,13.382687727654663,0.01884210772434103,72
7205.777826932,8.820000000000551,1,1,3.062860868890376,5.863209420687817,0.09616712048367114,0.48953006271472266,0.30938418987159383,0.30938418987159383,0,13.38090619799305,0.019984999078483834,75
7205.787681926,8.830000000000545,1,1,3.241678606497365,5.996971637227862,0.08587294430341318,0.476206283706152,0.3173048646520323,0.3173048646520323,0,13.3788719851883,0.021095053253071372,76
7205.797454158,8.84000000000054,1,1,3.468011955474245,6.11645415791296,0.025258770823322667,0.4633328483663493,0.32429393181809374,0.32429393181809374,0,13.376569071775474,0.022168436575662476,77
7205.80769226,8.850000000000534,1,1,3.653489464130795,6.22211237954383,0.09644139673830014,0.45134794405438466,0.32970743082075116,0.32970743082075116,0,13.373979590171288,0.023197431557300918,84
7205.817471131,8.860000000000529,1,1,3.7379758522582227,6.3143154985435395,0.0,0.43979658272722305,0.3349894212586696,0.3349894212586696,0,13.371086353686824,0.024180722412715183,85
7205.827523299,8.870000000000523,1,1,3.894628576683362,6.393454111091301,0.09663636289118616,0.4289154608687744,0.3386816376762483,0.3386816376762483,0,13.367891485553278,0.02511156168586548,87
7205.837902429,8.880000000000518,1,1,3.8923368087260184,6.459971462394151,0.0,0.4185448629271773,0.3423017474853548,0.3423017474853548,0,13.364398006513959,0.025987226594709534,94
7205.847479784,8.890000000000512,1,1,3.821950046620187,6.514205456936736,0.05264365408528726,0.40836034987678027,0.34555523455492154,0.34555523455492154,0,13.360635127669903,0.026812191775731686,97
7205.857760476,8.900000000000507,1,1,3.8889943289926094,6.556512291069677,0.050171024360137526,0.39859233253403376,0.34761333979967896,0.34761333979967896,0,13.356636204517036,0.0275833650800269,100
7205.868487336,8.910000000000501,1,1,3.8326474882620083,6.5873393676118654,0.0,0.3891601758717752,0.34934829684634583,0.34934829684634583,0,13.352428957310861,0.028299128965697862,104
7205.877586556,8.920000000000496,1,1,3.6516986661504984,6.607062089477647,0.0,0.3798616955040632,0.3509195268627591,0.3509195268627591,0,13.348048906130385,0.028959728107819993,108
7205.887623888,8.93000000000049,1,1,3.7266737938853836,6.615925594344329,0.06237630754239361,0.37084926473999613,0.35127042501435046,0.35127042501435046,0,13.343507817080287,0.02956470208498807,111
7205.897799081,8.940000000000484,1,1,3.6486874579523625,6.614305841619351,0.062357360470215784,0.3623979915600823,0.3506439440214432,0.3506439440214432,0,13.33880752261576,0.03010970518449163,115
7205.907690407,8.950000000000479,1,1,3.453236143706722,6.6025960684680065,0.0,0.3541938169353161,0.3498855231609404,0.3498855231609404,0,13.333974641493736,0.03060453819229525,120
7205.917446435,8.960000000000473,1,1,3.3671503652196617,6.581190408294795,0.0,0.34640104508393676,0.34870065501457,0.34870065501457,0,13.329031148432431,0.031034475256386806,122
7205.927484031,8.970000000000468,1,1,3.19465842609085,6.55054856476994,0.0,0.33888018254040964,0.34653918023288666,0.34653918023288666,0,13.32401948913636,0.0314065758201717,122
7205.938474143,8.980000000000462,1,1,2.8667312049536986,6.511055283664325,0.0,0.3314159199378522,0.3437403405137999,0.3437403405137999,0,13.318981816071183,0.03171869636482039,128
7205.947466757,8.990000000000457,1,1,2.624204187219293,6.4630044148005155,0.1,0.3239027067797834,0.340743262232011,0.340743262232011,0,13.313959172712003,0.03197895960108388,131
7205.957527689,9.000000000000451,1,1,2.4716156412290844,6.406796217180436,0.006233590194974647,0.3166438121627307,0.33698676560111257,0.33698676560111257,0,13.308997853955724,0.032176195888689474,135
7205.969888184,9.010000000000446,1,1,2.241570086269165,6.342862699742497,0.05017102436013737,0.30959426296330594,0.33249225701426904,0.33249225701426904,0,13.304147551178053,0.03231124974162802,137
7205.977454676,9.02000000000044,1,1,2.0254979933360544,6.271478459236169,0.0,0.30289654711708325,0.326748412948875,0.326748412948875,0,13.29945059210615,0.03238617368619656,144
7205.987908513,9.030000000000435,1,1,1.779953766287871,6.192969532973509,0.1,0.2964203196398105,0.32085929448107725,0.32085929448107725,0,13.294937586140842,0.032398310013640574,148
7205.997902916,9.040000000000429,1,1,1.6364179515105362,6.107856050553646,0.0,0.2904496746371905,0.3149410746762195,0.3149410746762195,0,13.290595053988099,0.03235549799238158,150
7206.007906191,9.050000000000423,1,1,1.4703817344853582,6.0168863630840566,0.0,0.2850489276178715,0.3072372741068811,0.3072372741068811,0,13.286436132450085,0.0322472285311689,156
7206.017638872,9.060000000000418,1,1,1.3621485795988517,5.920752849439911,0.0501710243600896,0.2802256304436541,0.30003142038420694,0.30003142038420694,0,13.282511042423058,0.03207696360606482,158
7206.027676114,9.070000000000412,1,1,1.276042615811532,5.819825975236449,0.05017102436008488,0.276051565794871,0.29166808174634407,0.29166808174634407,0,13.278898721304474,0.031846316572631816,159
7206.038694284,9.080000000000407,1,1,1.147470158995384,5.714331839073937,0.0,0.27253366905385945,0.2826408376640482,0.2826408376640482,0,13.275551208037394,0.031556369598440326,162
7206.047831484,9.090000000000401,1,1,1.1931430239950294,5.604332098486602,0.0,0.2697889012287095,0.2732216575228872,0.2732216575228872,0,13.272365634700488,0.03120614993510229,166
7206.057856329,9.100000000000396,1,1,1.2358866058258255,5.490261095678652,0.050171024360151605,0.267928277861166,0.26373813710527727,0.26373813710527727,0,13.269365582434808,0.030796470366483253,168
7206.067680351,9.11000000000039,1,1,1.2162759143040833,5.373198458632248,0.1,0.26694894332988084,0.2525605661822071,0.2525605661822071,0,13.266726540996038,0.0303275585011773,170
7206.077508553,9.120000000000385,1,1,1.1495281032072266,5.2540714047474255,0.0,0.26696116595544356,0.23997639829767947,0.23997639829767947,0,13.264469553059383,0.029785686618600482,174
7206.087457828,9.13000000000038,1,1,1.2605426601047232,5.133705114861509,0.08171833109095278,0.2677993761656997,0.22901120589620766,0.22901120589620766,0,13.262602208095267,0.029185294944860884,175
7206.097478117,9.140000000000374,1,1,1.264256918924986,5.012953405504661,0.0,0.26968302459141114,0.2162961028501178,0.2162961028501178,0,13.26111816678966,0.02852917325995641,175
7206.108089764,9.150000000000368,1,1,1.3199956877957424,4.8927046902384435,0.0,0.2726956199999902,0.20383056327947371,0.20383056327947371,0,13.259998908956364,0.027814614825203865,180
7206.117476337,9.160000000000363,1,1,1.3204151760792726,4.77378688399408,0.0,0.2768073508711829,0.19040246139775396,0.19040246139775396,0,13.259218951875248,0.027041477738360187,182
7206.127495426,9.170000000000357,1,1,1.3062184381430917,4.656983148170928,0.0,0.28198249293400207,0.18375097506217106,0.18375097506217106,0,13.258755412914185,0.026214433856715735,182
7206.141132984,9.180000000000351,1,1,1.2006759423415034,4.543128260473496,0.06263326926875791,0.2881920078222263,0.18454553686250902,0.18454553686250902,0,13.258574171928942,0.025325084353768013,183
7206.147482844,9.190000000000346,1,1,1.1585164636602223,4.433157799956666,0.0,0.29546135229497406,0.18560377844634068,0.18560377844634068,0,13.258649191978146,0.024379276602597866,189
7206.157618003,9.20000000000034,1,1,1.1254423090182444,4.328016498404568,0.0,0.30364957019510713,0.18627110213359435,0.18627110213359435,0,13.258944865646493,0.023381995794605093,190
7206.167446905,9.210000000000335,1,1,0.9619669700145161,4.228717333011018,0.1,0.31262491799045494,0.18586722800007557,0.18586722800007557,0,13.259429138291834,0.022323922024102827,191
7206.177451621,9.22000000000033,1,1,0.9726819908505944,4.136395886893118,0.0,0.3224780873564353,0.1843344530839347,0.1843344530839347,0,13.260085177306259,0.021217190984946233,196
7206.18768337,9.230000000000324,1,1,0.9415772686638584,4.052171854709713,0.06262802512399968,0.3329099298144037,0.1838033831473041,0.1838033831473041,0,13.260884693828995,0.020067547558236476,196
7206.197509349,9.240000000000318,1,1,0.8504958189729438,3.9771200895637535,0.0,0.3437293342999493,0.18336261553310146,0.18336261553310146,0,13.26180126835799,0.018873395257857917,196
7206.208076598,9.250000000000313,1,1,0.8517871482482913,3.9123208847242217,0.0,0.35510024856635225,0.18152442662984478,0.18152442662984478,0,13.262806469915784,0.01764008105277337,199
7206.217476773,9.260000000000307,1,1,0.941624912968901,3.858913949583483,0.0,0.36688577989925053,0.1778969096038588,0.1778969096038588,0,13.263868127392442,0.01637146324248484,200
7206.227428309,9.270000000000302,1,1,0.937298195561964,3.818006702541068,0.1,0.37891491250876613,0.17508103997179222,0.17508103997179222,0,13.264971676560032,0.01602000860960695,200
7206.237456092,9.280000000000296,1,1,0.869862769482063,3.790374846409609,0.0,0.3909885294400533,0.17358667778119447,0.17358667778119447,0,13.266101407312341,0.01609880240451833,201
7206.247491769,9.29000000000029,1,1,0.798575258611386,3.776540317427857,0.06258435143872235,0.4026464859579157,0.1703337708198298,0.1703337708198298,0,13.267235043186075,0.016147989105594007,207
7206.257492805,9.300000000000285,1,1,0.7736881543825218,3.776541756840105,0.061331995985507336,0.41360190874383035,0.1672767970281304,0.1672767970281304,0,13.268360964302628,0.016164266319880216,207
7206.267689967,9.31000000000028,1,1,0.6861287709396712,3.79014416127153,0.05017187944189257,0.42350697082479166,0.1641690960596569,0.1641690960596569,0,13.269474247500662,0.01614677387050123,207
7206.277896789,9.320000000000274,1,1,0.6635902653562189,3.8164606297426387,0.0,0.43155696416487355,0.16001629836408554,0.16001629836408554,0,13.27057562308685,0.016095812323352998,212
7206.287540749,9.330000000000268,1,1,0.5899112776174136,3.854272672209836,0.0,0.4377030407157037,0.15575016547556575,0.15575016547556575,0,13.271661756367685,0.01600911990135323,213
7206.297567388,9.340000000000263,1,1,0.5708217527652704,3.9019663744800193,0.0,0.4415032034934279,0.15039924978532032,0.15039924978532032,0,13.272736982064329,0.01587783294567191,213
7206.309914928,9.350000000000257,1,1,0.544017615675595,3.957931341404881,0.1,0.44226431763895224,0.14440890406672022,0.14440890406672022,0,13.273800909756172,0.015712660063116557,214
7206.317472818,9.360000000000252,1,1,0.5556436062918739,4.020372618827549,0.0,0.43958574947180695,0.1376433603313539,0.1376433603313539,0,13.274848393352698,0.015500553563414288,218
7206.32744602,9.370000000000246,1,1,0.5707885686883468,4.086587791149142,0.09999999999999999,0.4334865306136996,0.14039697089224681,0.14039697089224681,0,13.2758741710491,0.01524199611518684,218
7206.337435968,9.38000000000024,1,1,0.5776742245361015,4.154634082287838,0.0,0.4246145047157967,0.15326969193380643,0.15326969193380643,0,13.276865800910121,0.01493226972769679,218
7206.347505516,9.390000000000235,1,1,0.6241603855000187,4.222666372957713,0.06259797632520674,0.413480996848254,0.16507630913445778,0.16507630913445778,0,13.277808364348916,0.01457545904451707,223
7206.35755204,9.40000000000023,1,1,0.6733832336091513,4.289081304166282,0.0,0.40046298921031165,0.17586177406051762,0.17586177406051762,0,13.278687493570763,0.01417120029830743,224
7206.367609379,9.410000000000224,1,1,0.715618459331112,4.352514477857624,0.0,0.3861299374148366,0.18518440845415607,0.18518440845415607,0,13.279483962714378,0.013720404211154946,224
7206.379615962,9.420000000000218,1,1,0.7682822531267192,4.41174146901957,0.0,0.37091834546250346,0.19384131187927875,0.19384131187927875,0,13.280176525332399,0.01322624339303613,226
7206.387565275,9.430000000000213,1,1,0.8868781501477627,4.465721112805249,0.06261805205034705,0.35507099105360074,0.20158055654864807,0.20158055654864807,0,13.280745645336633,0.012691310748789153,230
7206.397443434,9.440000000000207,1,1,1.0105908003209907,4.513574084233518,0.06262085849579971,0.33893951424661406,0.20965682019949566,0.20965682019949566,0,13.281169451550596,0.012117787276652914,230
7206.407599263,9.450000000000202,1,1,1.1266591632071057,4.554607586621838,0.0,0.32273021323022527,0.2152900909506183,0.2152900909506183,0,13.281425809830964,0.011507860684746296,230
7206.417468485,9.460000000000196,1,1,1.221051224707363,4.588303488412276,0.1,0.3064108585788259,0.22092037210379753,0.22092037210379753,0,13.281485428821512,0.011354008726272458,235
7206.427489426,9.47000000000019,1,1,1.5161515602484443,4.614099331744384,0.0,0.2901686039300229,0.2257666170300983,0.2257666170300983,0,13.281325647198653,0.012428175453221502,235
7206.437795798,9.480000000000185,1,1,1.7629592148319857,4.631705086168778,0.1,0.27401305808883136,0.23009741756703567,0.23009741756703567,0,13.280917247197216,0.013437798276498047,235
7206.448575769,9.49000000000018,1,1,1.9531460930465356,4.64090721660751,0.0,0.25819674785858443,0.233532718196564,0.233532718196564,0,13.280230236587705,0.014384816064196171,239
7206.457419253,9.500000000000174,1,1,2.228057130171875,4.641634916281734,0.10000000000000002,0.24281696604080488,0.2350084982907033,0.2350084982907033,0,13.279236275226042,0.015267176104053704,240
7206.467615794,9.510000000000169,1,1,2.4144037800427935,4.6338725744336395,0.025161108697350883,0.22821905180040195,0.23648977101437454,0.23648977101437454,0,13.277897149845062,0.016082564563497992,0
7206.48114375,9.520000000000163,1,1,2.611726592405327,4.617747872490688,0.07224808581675005,0.21455159036648547,0.23782931568477977,0.23782931568477977,0,13.276285171685892,0.01683064253508515,1
7206.487818412,9.530000000000157,1,1,2.904189260062367,4.593442492261315,0.02512053053066023,0.202003544861749,0.23770533341303832,0.23770533341303832,0,13.274495417913355,0.017515946406131855,7
7206.497437572,9.540000000000152,1,1,3.169137446105122,4.5610789384181105,0.1,0.1907281711754602,0.2367837617496995,0.2367837617496995,0,13.272416344848807,0.018123970301383352,7
7206.508050365,9.550000000000146,1,1,3.463995499257641,4.520773825193873,0.09999999999999999,0.18094589321452112,0.23523654944945882,0.23523654944945882,0,13.269960135625217,0.018661677205538574,7
7206.517661641,9.56000000000014,1,1,3.6158828067523974,4.47285489054904,0.0,0.17284828954519554,0.23304989466753853,0.23304989466753853,0,13.267037590308096,0.01913341902699328,12
7206.527419761,9.570000000000135,1,1,3.869776233006201,4.417749812098056,0.1,0.16663215446202087,0.2303761093051882,0.2303761093051882,0,13.263582357475249,0.01952609612004319,12
7206.537463813,9.58000000000013,1,1,4.0655244318976145,4.355814998041909,0.1,0.1624488267288146,0.22626377568758485,0.22626377568758485,0,13.259599301236312,0.019852920679075736,13
7206.548382403,9.590000000000124,1,1,4.323344550426598,4.2873961871863555,0.022602734429435282,0.1605588321590947,0.22230308431583531,0.22230308431583531,0,13.255088961672122,0.020108870357853914,16
7206.557448101,9.600000000000119,1,1,4.569020721906638,4.212919033095646,0.1,0.16113000262443078,0.21725606574515344,0.21725606574515344,0,13.250035901206692,0.02029509334971291,19
7206.567471483,9.610000000000113,1,1,4.720528435753964,4.132957391375678,0.028757919238977123,0.16403438336374002,0.2112027606673047,0.2112027606673047,0,13.244402630985496,0.020412572012789898,21
7206.57741431,9.620000000000108,1,1,4.953219551370487,4.048179093928809,0.06754388685063278,0.16921635970803803,0.20522380031670376,0.20522380031670376,0,13.238178636768625,0.020456964340916817,21
7206.587488836,9.630000000000102,1,1,5.119187678033092,3.9593361852591524,0.1,0.17655587806682332,0.19781785922341671,0.19781785922341671,0,13.231381546100076,0.02043566229068472,27
7206.597402074,9.640000000000096,1,1,5.307545460107803,3.867204108435673,0.10000000000000002,0.18579669767670595,0.19115231844688677,0.19115231844688677,0,13.224048050385846,0.020355031555028047,27
7206.607716472,9.650000000000091,1,1,5.498601575181843,3.7726778686732003,0.09999999999999999,0.1966379282918485,0.18377280861823428,0.18377280861823428,0,13.216184511725118,0.02021096922262544,32
7206.617822322,9.660000000000085,1,1,5.751938228808584,3.676806462688993,0.018951112172127714,0.20893236017145456,0.17677941727391977,0.17677941727391977,0,13.207794805427428,0.02000787284518779,37
7206.627462259,9.67000000000008,1,1,5.798945980306928,3.5807134950618473,0.1,0.2223299162760857,0.179250510227265,0.179250510227265,0,13.198880556501917,0.0197458850461949,40
7206.637447504,9.680000000000074,1,1,6.006614375281974,3.485689437205049,0.10000000000000002,0.2366964984553682,0.1852164962424242,0.1852164962424242,0,13.189464462125015,0.01942394645391976,42
7206.650126516,9.690000000000069,1,1,6.153788548432133,3.3931671772564296,0.1,0.251893018841123,0.18951811058786058,0.18951811058786058,0,13.179554367803142,0.019045252799783086,45
7206.657445291,9.700000000000063,1,1,6.234269902973718,3.304781567038975,0.1,0.2677880251164816,0.192009372258251,0.192009372258251,0,13.16914984770328,0.018609961379605577,50
7206.667525079,9.710000000000058,1,1,6.450766542890616,3.2222645554990628,0.020340563967130604,0.2842552134351023,0.19736867652977974,0.19736867652977974,0,13.158259676487297,0.018126765607309858,51
7206.677596967,9.720000000000052,1,1,6.546648586278535,3.1474549447678886,0.0671970610407944,0.3011510876529286,0.1987261771305032,0.1987261771305032,0,13.146895052582176,0.01759792777535507,54
7206.687412112,9.730000000000047,1,1,6.664036682986799,3.08232018328038,0.09999999999999999,0.3184068327403323,0.2006730059727994,0.2006730059727994,0,13.135071799841638,0.017024815897980106,59
7206.697473963,9.740000000000041,1,1,6.706591176579685,3.0289075255108195,0.10000000000000002,0.3359931989960433,0.20086916506586527,0.20086916506586527,0,13.122803346800628,0.016402654976079623,59
7206.707470321,9.750000000000036,1,1,6.826278182945435,2.98927572168897,0.029047704395853625,0.3538249507059195,0.2024776039052367,0.2024776039052367,0,13.110109104224799,0.015744147346291038,60
7206.71840202,9.76000000000003,1,1,6.905949974938869,2.9653204326362643,0.0,0.3718700649462314,0.20313492997816465,0.20313492997816465,0,13.097007055664035,0.015045199657072517,63
7206.727449066,9.770000000000024,1,1,6.917007780723243,2.9588143852246986,0.09999999999999999,0.3900822466821821,0.2006294851658153,0.2006294851658153,0,13.08351562849147,0.014311196067825382,66
7206.737929923,9.780000000000019,1,1,7.013515840481153,2.971218267698957,0.029149822660327854,0.4084750536167667,0.20232105575935697,0.20232105575935697,0,13.069656084585398,0.014517215194048288,73
7206.747663176,9.790000000000013,1,1,7.0256397490269125,3.003618213462019,0.1,0.4269825793323233,0.19946813091360768,0.19946813091360768,0,13.055436166838495,0.014713376031767127,75
7206.757495676,9.800000000000008,1,1,7.112457054782817,3.056633379887672,0.08726376835862244,0.44562094322384505,0.20088773576294178,0.20088773576294178,0,13.040875975313982,0.014897827970223569,82
7206.767434814,9.810000000000002,1,1,7.045178523015423,3.1304310261076456,0.02925401767096464,0.46435387976669573,0.19605835686387996,0.19605835686387996,0,13.025984449680465,0.015057172157986408,82
7206.777459661,9.819999999999997,1,1,7.021913975377267,3.2246798425223795,0.032573996977046826,0.4831671652487884,0.19147666806304806,0.19147666806304806,0,13.01079308030151,0.01517803321867802,84
7206.788684976,9.829999999999991,1,1,6.933488403684583,3.3387435497413787,0.0,0.5020677884678555,0.18553333846434572,0.18553333846434572,0,12.995346738294344,0.015270361369608871,90
7206.797855845,9.839999999999986,1,1,6.771958972442257,3.4718440600159703,0.09309361544434744,0.5209994039000809,0.1772597636887171,0.1772597636887171,0,12.979707570061267,0.015314075406057049,94
7206.807914015,9.84999999999998,1,1,6.650504533962803,3.6231255397157174,0.1,0.5399978123765017,0.18009459558252922,0.18009459558252922,0,12.963962949748769,0.01533111263427872,97
7206.82104519,9.859999999999975,1,1,6.598313299290186,3.7913642017552496,0.09999999999999999,0.559062104463363,0.18374399223623125,0.18374399223623125,0,12.948126260766438,0.015516778870965614,100
7206.828333393,9.869999999999969,1,1,6.493152866034676,3.974980175042171,0.09999999999999999,0.5781811762887256,0.18744576701453056,0.18744576701453056,0,12.932160653490696,0.015813069375056887,106
7206.837926184,9.879999999999963,1,1,6.4059184079278575,4.172744024333697,0.0730300732530733,0.5973285415580419,0.1910796945831336,0.1910796945831336,0,12.916098180896915,0.016116034169764273,109
7206.847652192,9.889999999999958,1,1,6.330027836411636,4.383542245729586,0.10000000000000002,0.6164932610289442,0.19496049862893874,0.19496049862893874,0,12.899973786856673,0.016425428886951116,111
7206.85776771,9.899999999999952,1,1,6.187886868499347,4.606534689452756,0.006272215027347265,0.6356888796842638,0.19878267385654244,0.19878267385654244,0,12.883815262990774,0.016741917128478404,118
7206.867495467,9.909999999999947,1,1,6.1407704551143425,4.840558569217008,0.011441256489265555,0.6548665692515966,0.2025999077882585,0.2025999077882585,0,12.86763959632991,0.017064544672772033,121
7206.878103777,9.919999999999941,1,1,5.9452705271604565,5.084618708653538,0.1,0.67405499445832,0.20661905185685034,0.20661905185685034,0,12.851473795506895,0.017393987326658963,125
7206.889226253,9.929999999999936,1,1,5.912693051615098,5.33799536340792,0.0,0.6932304785781136,0.2105863653670536,0.2105863653670536,0,12.835345139131588,0.01773071811647954,131
7206.897705253,9.93999999999993,1,1,5.948397895594348,5.600046392436709,0.0296521318152661,0.7123864514332594,0.21459802647653262,0.21459802647653262,0,12.819274776405397,0.018073732896247766,135
7206.90747823,9.949999999999925,1,1,5.827393739628104,5.870116398489987,0.026568997796767416,0.7314985620912146,0.21872690553406585,0.21872690553406585,0,12.803254888745839,0.018423255258961393,137
7206.917626181,9.95999999999992,1,1,5.755414845868448,6.147586043097915,0.08358738192932935,0.7505637947828956,0.22297303130940602,0.22297303130940602,0,12.787296277417195,0.01877939362886963,138
7206.927438445,9.969999999999914,1,1,5.675712271425319,6.431947394050263,0.08667731937274345,0.7696145652990051,0.2274276895194622,0.2274276895194622,0,12.771418773188136,0.01914310643606426,142
7206.937429605,9.979999999999908,1,1,5.583014802671354,6.722704678168039,0.1,0.7886113048482563,0.23649247255924094,0.23649247255924094,0,12.755635122035471,0.019514425213017328,145
7206.947850894,9.989999999999903,1,1,5.5464385575712845,7.01942077003726,0.06792665816940599,0.8075865224597246,0.2528093715973334,0.2528093715973334,0,12.739962352151045,0.01989205135807806,148
7206.957496905,9.999999999999897,1,1,5.48011682306066,7.321679471750861,0.06797156800074503,0.826485276126949,0.2694542837041745,0.2694542837041745,0,12.724407097221729,0.02027534300556584,153
7206.96750459,10.009999999999891,1,1,5.389357409325675,7.629059895940866,0.1,0.8453163097510575,0.2865315960964972,0.2865315960964972,0,12.708972947800142,0.020664171218901878,154
7206.977686202,10.019999999999886,1,1,5.272461838109398,7.941246178942215,0.09999999999999999,0.8640975438721391,0.30394875506176894,0.30394875506176894,0,12.693682176537767,0.021058409607353917,157
7206.988619338,10.02999999999988,1,1,5.077999017006703,8.257949603812566,0.028747135997549165,0.8828408047522661,0.321422647993049,0.321422647993049,0,12.678554618154502,0.02145767710475048,160
7206.997742344,10.039999999999875,1,1,4.912819197596484,8.578897728190137,0.09999999999999999,0.9015600659918013,0.33977282190247227,0.33977282190247227,0,12.663606507285083,0.02186340218661184,163
7207.008024426,10.04999999999987,1,1,4.744838549554594,8.903885431088847,0.09999999999999999,0.9202670539088188,0.35847673014852366,0.35847673014852366,0,12.648874320865577,0.022272630688270553,166
7207.018058306,10.059999999999864,1,1,4.483810619502052,9.232711015300117,0.1,0.9389494361683102,0.3770400253208165,0.3770400253208165,0,12.634383947719659,0.022685958750429808,168
7207.027614268,10.069999999999858,1,1,4.262167742773426,9.565157433450391,0.10000000000000002,0.9575009573594935,0.3965576427866648,0.3965576427866648,0,12.620164305979326,0.02360920136400413,175
7207.037719254,10.079999999999853,1,1,3.99451630178112,9.901016808423684,0.1,0.9759456232777847,0.41505555699887264,0.41505555699887264,0,12.60625715492929,0.025195501867341097,179
7207.047652124,10.089999999999847,1,1,3.828211937635756,10.240084943597763,0.06250535900336092,0.9942135805663057,0.4347322572833313,0.4347322572833313,0,12.592691002137505,0.026818904010909694,182
7207.058335557,10.099999999999842,1,1,3.4766327972325595,10.581704508904927,0.0,1.012204741929132,0.45574794733388335,0.45574794733388335,0,12.579391667706114,0.028482707050697442,187
7207.067775316,10.109999999999836,1,1,3.2410146809337657,10.924747955181145,0.09999999999999999,1.029924839677435,0.47518294901660146,0.47518294901660146,0,12.56616240295888,0.03017293633513618,190
7207.077854444,10.11999999999983,1,1,3.0716727103667587,11.270675557247358,0.06253856328224608,1.0472973156696053,0.4947415718186418,0.4947415718186418,0,12.553232382479601,0.03189163804681239,194
7207.087479727,10.129999999999825,1,1,2.817424655854648,11.61919259061708,0.06831561584825784,1.064134829997871,0.5151333113689569,0.5151333113689569,0,12.54080972666798,0.03363811607096312,197
7207.097488973,10.13999999999982,1,1,2.5151329423224715,11.969457349089197,0.0,1.0803704396422962,0.5358608502006855,0.5358608502006855,0,12.528906164057506,0.03542098721361975,204
7207.107624744,10.149999999999814,1,1,2.2856138119017135,12.320938440160383,0.06255536087237874,1.0960126901246476,0.55676807589493,0.55676807589493,0,12.517537189492135,0.03722680578367332,207
7207.117409645,10.159999999999808,1,1,2.009998841063635,12.673094379181592,0.06255536087255126,1.110836282316615,0.5779260955422769,0.5779260955422769,0,12.506708624440336,0.03906183290382681,208
7207.129085888,10.169999999999803,1,1,1.7508246106569512,13.025256033870125,0.0,1.1245540809032066,0.5992558730625895,0.5992558730625895,0,12.496437239455831,0.04092496277737445,213
7207.137720314,10.179999999999797,1,1,1.451873576740547,13.376513423746417,0.0,1.1365103605697704,0.6207744749715493,0.6207744749715493,0,12.486732690826829,0.04281534353253047,217
7207.148168526,10.189999999999792,1,1,1.1781530867931824,13.725432672632987,0.0,1.145662210861972,0.6423701948918564,0.6423701948918564,0,12.477613958494624,0.044731657469996744,224
7207.161969368,10.199999999999786,1,1,0.9381130828361833,14.069897617139535,0.0,1.150588418307983,0.6639465237598317,0.6639465237598317,0,12.469101104175982,0.046671701776893615,229
7207.16758026,10.20999999999978,1,1,0.7799463914411544,14.406887496820843,0.1,1.1493235231980057,0.6865218541240752,0.6865218541240752,0,12.461208223945837,0.048633426444602446,237
7207.177863225,10.219999999999775,1,1,0.6362454562115131,14.732348569580424,0.1,1.1402995565287104,0.7066005414244013,0.7066005414244013,0,12.453948454980223,0.05062441202710044,239
7207.187968843,10.22999999999977,1,1,0.6587137024360351,15.043133136093648,0.1,1.126169864997541,0.7269158353373057,0.7269158353373057,0,12.447333720678506,0.05261190119940662,242
7207.198133839,10.239999999999764,1,1,0.7138602698154132,15.337460070298853,0.0,1.1092281521687772,0.7460880714912209,0.7460880714912209,0,12.441348972345333,0.05459526690184213,248
7207.207520437,10.249999999999758,1,1,0.8315292024659353,15.61462001873233,0.0,1.0909445328561707,0.7646444262346422,0.7646444262346422,0,12.435992584696795,0.05657439943815645,251
7207.217496935,10.259999999999753,1,1,1.0446827418918874,15.874377008269219,0.10000000000000003,1.0720274774933631,0.783196709512678,0.783196709512678,0,12.431259430225923,0.058533386306297785,253
7207.228936144,10.269999999999747,1,1,1.1175576113126866,16.11668349754198,0.0,1.05278417013933,0.7988081231385531,0.7988081231385531,0,12.427140079123268,0.06047557302141482,256
7207.237598335,10.279999999999742,1,1,1.3152929942300025,16.341663952867275,0.0,1.0333484707154605,0.8144357967127346,0.8,1,12.423623461445985,0.06230550765655196,260
7207.247941401,10.289999999999736,1,1,1.5823107685188467,16.5499429069341,0.1,1.0137907222077607,0.8300513079413361,0.8,1,12.420738112021576,0.06396010651363837,263
7207.257434203,10.29999999999973,1,1,1.7002151018250167,16.74239237661097,0.0,0.9941484156508615,0.8428128263747732,0.8,1,12.418549704086166,0.06545613295874397,264
7207.26768256,10.309999999999725,1,1,1.9349893522136359,16.91980547426625,0.0,0.9744444416075622,0.855699039388017,0.8,1,12.41710727233947,0.06680893660872411,269
7207.277459238,10.31999999999972,1,1,2.1455179956051262,17.08286041644782,0.0,0.954697228220398,0.8676754040619885,0.8,1,12.416442324897774,0.06803222629224215,271
7207.28746468,10.329999999999714,1,1,2.36601180074639,17.232215531541826,0.0,0.9349225447726089,0.8788416678192692,0.8,1,12.416594682333303,0.0691384167060618,271
7207.298435658,10.339999999999709,1,1,2.605436503410737,17.368475569400115,0.0,0.915136720908694,0.8892712148531413,0.8,1,12.417600236409703,0.07013878147496433,275
7207.307456561,10.349999999999703,1,1,2.8361445367948375,17.49218061156285,0.0,0.8953408295204479,0.898885127789563,0.8,1,12.419493311104759,0.07104348368861846,276
7207.317451712,10.359999999999697,1,1,3.0935028699462865,17.60381536233242,0.1,0.8755432802507394,0.9078734813895393,0.8,1,12.422301412372814,0.07186168841010687,276
7207.329594519,10.369999999999692,1,1,3.426948231745317,17.70386119865393,0.0,0.8557448892596196,0.9162281992064936,0.8,1,12.426062984625318,0.07260171448742514,277
7207.337467089,10.379999999999686,1,1,3.717637526914362,17.792719833514575,0.0,0.8359541706288587,0.9239007495232162,0.8,1,12.430807310097249,0.07327106187642363,281
7207.347449374,10.38999999999968,1,1,4.0213186310344495,17.870775887028813,0.1,0.8161731197132092,0.9311859863430215,0.8,1,12.436570178260725,0.07387651245828208,282
7207.357425022,10.399999999999675,1,1,4.468148702848987,17.938380688267173,0.0524761969342523,0.7964120864094676,0.9381303103836541,0.8,1,12.443383463583688,0.07442419728402383,282
7207.36744284,10.40999999999967,1,1,4.842222885707249,17.995898361132884,0.09999999999999999,0.7766702715575109,0.9442346591706088,0.8,1,12.451292279708731,0.07491959982702645,286
7207.377498289,10.419999999999664,1,1,5.341308152819961,18.043705580403845,0.1,0.7569434425567166,0.9501197110801806,0.8,1,12.460357524312492,0.07536774212925068,287
7207.387440465,10.429999999999659,1,1,5.698860982996135,18.0821454255878,0.1,0.7372346972660301,0.955231362105908,0.8,1,12.47064226288279,0.07577317052282617,287
7207.399583998,10.439999999999653,1,1,6.2256995077358415,18.111512686061474,0.09999999999999999,0.717551371157758,0.9591450716676166,0.8,1,12.482198643691211,0.07614001013919447,289
7207.408425513,10.449999999999648,1,1,6.79989645252411,18.132091921545182,0.1,0.6978960220661645,0.962120556561545,0.8,1,12.49508703845701,0.07647192969446293,294
7207.418296305,10.459999999999642,1,1,7.253332665443321,18.144131421914718,0.1,0.6782686183264364,0.9650316908977494,0.8,1,12.5093849933564,0.07677231203950319,297
7207.427989478,10.469999999999636,1,1,7.725181964741188,18.147814472852637,0.10000000000000002,0.6586679131106875,0.965272552479695,0.8,1,12.525152056575102,0.07704424820693911,301
7207.437599441,10.479999999999631,1,1,7.969901623222562,18.143218482153802,0.10000000000000003,0.6390970416136791,0.964586910775802,0.8,1,12.54242684477723,0.0772905503260386,309
7207.447493208,10.489999999999625,1,1,7.963866242341078,18.130247238938438,0.10000000000000002,0.6195500696691701,0.963406830962445,0.8,1,12.561188212808732,0.07751387117649688,310
7207.45744379,10.49999999999962,1,1,7.8616331885901625,18.10864777689268,0.1,0.6000298809855431,0.962704755945845,0.8,1,12.581336040748656,0.07771648346618765,311
7207.468428119,10.509999999999614,1,1,7.873196864438908,18.07813649468802,0.09615694552435389,0.5805297797277931,0.9572923849547668,0.8,1,12.60274346145147,0.07790037403145966,5
7207.477461029,10.519999999999609,1,1,7.703043894137375,18.038408672299035,0.09999999999999999,0.5610544570608536,0.9530510120864134,0.8,1,12.625288342172738,0.07806734478350097,7
7207.487476409,10.529999999999603,1,1,7.769453210587931,17.989075787783687,0.09999999999999999,0.5416097689993447,0.9458211466175851,0.8,1,12.648841019943584,0.07821904091903353,7
7207.497403545,10.539999999999598,1,1,7.854010755264947,17.92976842699926,0.1,0.5221971222219473,0.9393743341044801,0.8,1,12.67330239695003,0.07835684805575616,7
7207.507470806,10.549999999999592,1,1,7.895002853599262,17.86014337556461,0.09999999999999999,0.5028132825126062,0.9307722252757653,0.8,1,12.698605823094846,0.07848207584821187,12
7207.517466643,10.559999999999587,1,1,7.986735762101073,17.779822213163467,0.061447504305118944,0.4834615260361561,0.9212753177686124,0.8,1,12.724667995921722,0.07859597412183517,12
7207.527526325,10.569999999999581,1,1,7.938097122837806,17.688422085576565,0.1,0.4641323625062116,0.9124049895627465,0.8,1,12.751403423310185,0.0786995980106906,13
7207.537805713,10.579999999999576,1,1,7.888626067292259,17.585574598382042,0.1,0.44484263502419397,0.9024425603093849,0.8,1,12.778724248260982,0.07879395852807547,19
7207.547429562,10.58999999999957,1,1,7.984003664547174,17.4708768053376,0.1,0.4255975427312227,0.8897855828790902,0.8,1,12.806518029361252,0.07887995772814804,20
7207.557578366,10.599999999999564,1,1,8.020002609137855,17.343916342992767,0.1,0.4064158796973607,0.8784293482051189,0.8,1,12.834668831030696,0.07895838990653625,23
7207.569609847,10.609999999999559,1,1,8.205562521617175,17.20432068084084,0.10000000000000002,0.3873116244188732,0.8662806037496551,0.8,1,12.863061116925351,0.07902992002894749,25
7207.57745654,10.619999999999553,1,1,8.343167177514626,17.05183967306759,0.08476438058666402,0.3682920143438164,0.8529794553949147,0.8,1,12.89161890168908,0.07909512536935837,29
7207.587460923,10.629999999999548,1,1,8.412786173248177,16.8862332858274,0.1,0.3493797926308532,0.8420031626030613,0.8,1,12.920269505591952,0.07915459827856242,30
7207.597454821,10.639999999999542,1,1,8.583674353291629,16.707431051865218,0.1,0.3305975415329966,0.8289145495902579,0.8,1,12.948969516578714,0.07920879618928867,30
7207.607449292,10.649999999999537,1,1,8.798328773764924,16.515399087299983,0.1,0.3119652462720065,0.81653216903794,0.8,1,12.97768968806601,0.07925817000860547,34
7207.617503311,10.659999999999531,1,1,9.026946348081937,16.310238407065995,0.1,0.2935113969600261,0.8051103026919236,0.8,1,13.006454482571527,0.07930310572882027,35
7207.627438075,10.669999999999526,1,1,9.35332494762327,16.092185472008218,0.1,0.2752606236773765,0.7907413312747367,0.7907413312747367,0,13.03532336514389,0.07930972643787504,35
7207.637591852,10.67999999999952,1,1,9.49473186280282,15.861814094755188,0.1,0.2572820005428971,0.7808428904548236,0.7808428904548236,0,13.064391137600696,0.07920624883107275,39
7207.647496997,10.689999999999515,1,1,9.72013599893725,15.619989701773175,0.09999999999999999,0.23963106068716164,0.7666545005207368,0.7666545005207368,0,13.09379778556246,0.07900053798022766,39
7207.657482791,10.699999999999509,1,1,9.894113225895008,15.367646123299641,0.1,0.22238407650998493,0.7547091238920787,0.7547091238920787,0,13.123679382617109,0.07868706081276777,40
7207.667582925,10.709999999999503,1,1,10.13727914431264,15.10564972232485,0.1,0.20565124935159765,0.7423012175849888,0.7423012175849888,0,13.154173602019192,0.07828776337036492,41
7207.677451264,10.719999999999498,1,1,10.213413099677991,14.83488298949442,0.1,0.18956926704403812,0.7311513004940675,0.7311513004940675,0,13.18543559000119,0.07780958204625865,47
7207.687730282,10.729999999999492,1,1,10.428132758497346,14.556138267560588,0.10000000000000002,0.17430370315554294,0.7186294707724495,0.7186294707724495,0,13.217594487095335,0.0772664236532381,49
7207.697556508,10.739999999999487,1,1,10.655992155199375,14.270249995687823,0.1,0.16010487625058964,0.7067490667502608,0.7067490667502608,0,13.250794473793487,0.07665938102114334,51
7207.707949115,10.749999999999481,1,1,10.830724337301945,13.978031113058897,0.1,0.1472724825115554,0.6943819272906316,0.6943819272906316,0,13.285191543746373,0.07599760692155866,58
7207.71742448,10.759999999999476,1,1,11.098596913629539,13.680282816852433,0.1,0.1361858449780604,0.6938688230857654,0.6938688230857654,0,13.320939468891188,0.07528125054743129,60
7207.727850109,10.76999999999947,1,1,11.446540002532096,13.37777797697305,0.10000000000000002,0.12728298429536736,0.7039004089420446,0.7039004089420446,0,13.3581875097439,0.07450005029684237,62
7207.738174558,10.779999999999465,1,1,11.660586592119056,13.071235647220258,0.1,0.12106802739462173,0.7163969416392608,0.7163969416392608,0,13.397085846098829,0.07367405623788503,67
7207.748140043,10.78999999999946,1,1,11.922674225930361,12.761277281315644,0.1,0.11794973957878797,0.7295151808879711,0.7295151808879711,0,13.437788502317364,0.07281434269804121,70
7207.757464836,10.799999999999454,1,1,12.070683069974365,12.44853512826038,0.10000000000000002,0.11816101498302907,0.7366914473593201,0.7366914473593201,0,13.480451501226508,0.07264868006274772,73
7207.767504437,10.809999999999448,1,1,12.239826136322272,12.133549476688046,0.08524653288619101,0.1216844799252663,0.7409477735670651,0.7409477735670651,0,13.525176950933618,0.07330788867182658,75
7207.77742935,10.819999999999443,1,1,12.310747044647908,11.816814008346821,0.09999999999999999,0.12821656897809142,0.7474183477728021,0.7474183477728021,0,13.572039214816057,0.07393853610306556,79
7207.78742768,10.829999999999437,1,1,12.43675719988727,11.498746174554842,0.1,0.13734931266887962,0.753307381069238,0.753307381069238,0,13.621099218850876,0.07457266380315009,82
7207.797471982,10.839999999999431,1,1,12.516121468907437,11.179809741036268,0.1,0.14860476725146482,0.7545871892754971,0.7545871892754971,0,13.67243450025631,0.07517974143335393,84
7207.808222112,10.849999999999426,1,1,12.575277098508714,10.860426211598753,0.07887006515382167,0.16154125037950445,0.753778156361294,0.753778156361294,0,13.726096430416312,0.07573362055439348,89
7207.81747189,10.85999999999942,1,1,12.654686436860949,10.540925847966466,0.1,0.17577509057292334,0.7539194862823916,0.7539194862823916,0,13.782108845026023,0.07624254668751207,90
7207.827425624,10.869999999999415,1,1,12.739561645625807,10.221635983469048,0.10000000000000002,0.19100779387981576,0.7528565972253909,0.7528565972253909,0,13.840493181219818,0.0766892571199711,90
7207.839766429,10.87999999999941,1,1,12.744669939092871,9.902885530963962,0.09999999999999999,0.20702120101631544,0.7487775184300817,0.7487775184300817,0,13.901261885441858,0.07708504711298958,92
7207.847456738,10.889999999999404,1,1,12.823637268216599,9.585029769290427,0.06144422956637844,0.22363984624750427,0.7460871454457645,0.7460871454457645,0,13.964425536477723,0.07740779862814584,96
7207.857400174,10.899999999999398,1,1,12.90541036880823,9.268384111441808,0.09999999999999999,0.24074370525028596,0.7418477050141473,0.7418477050141473,0,14.029989693451725,0.07766254819013163,97
7207.867492768,10.909999999999393,1,1,12.921967072974283,8.953282911627106,0.1,0.2582318373004893,0.7375859380186844,0.7375859380186844,0,14.097960291071793,0.07785128680323394,97
7207.877419635,10.919999999999387,1,1,12.77263688234777,8.640058856985656,0.08665648360987213,0.27602401923742614,0.7309784157271303,0.7309784157271303,0,14.168343146348635,0.07796845546471798,101
7207.887403116,10.929999999999382,1,1,12.72627928264493,8.32908462784064,0.1,0.29408263195651385,0.7268621455239009,0.7268621455239009,0,14.241144248931116,0.07802506410418064,103
7207.897833177,10.939999999999376,1,1,12.66744387971139,8.020720394208322,0.1,0.31235812741827207,0.7219117413568988,0.7219117413568988,0,14.316367457452094,0.07803168335893229,105
7207.909216169,10.94999999999937,1,1,12.72882046631802,7.715422293785896,0.0,0.3308104115720832,0.7152470139303924,0.7152470139303924,0,14.394019296415795,0.07797594322421286,109
7207.917637926,10.959999999999365,1,1,12.651177881691904,7.4137191979361,0.1,0.34941451335356094,0.7096767881894186,0.7096767881894186,0,14.474108275801385,0.07787200306267206,113
7207.927928759,10.96999999999936,1,1,12.646094067548104,7.116164907667949,0.027279329025469302,0.36813950819043256,0.7026421112611576,0.7026421112611576,0,14.556636026715497,0.0777134623338156,116
7207.937963976,10.979999999999354,1,1,12.434336596631994,6.823437593645457,0.1,0.3869744821057238,0.6932809625021674,0.6932809625021674,0,14.641602469243466,0.07749695703587078,118
7207.947508606,10.989999999999348,1,1,12.32887164332019,6.536316494043621,0.09999999999999999,0.4059030505072389,0.6819401570723536,0.6819401570723536,0,14.728998186234646,0.0772088647953848,124
7207.957684228,10.999999999999343,1,1,12.269319851709835,6.255618330150802,0.10000000000000002,0.4249091924777307,0.6711332573592376,0.6711332573592376,0,14.818769458070781,0.076829848014482,124
7207.967578842,11.009999999999337,1,1,12.16078131638394,5.982275024130958,0.046545604658157685,0.443984022786253,0.6597911792546676,0.6597911792546676,0,14.91082908196043,0.07636025354013776,125
7207.977607232,11.019999999999332,1,1,11.92395024023312,5.717423957893267,0.1,0.46312765166264164,0.642145062201133,0.642145062201133,0,15.005098237488296,0.07580619668319288,130
7207.987413837,11.029999999999326,1,1,11.950539745223288,5.462404911901164,0.09310255347638226,0.4823201262464108,0.6347899546176682,0.6347899546176682,0,15.101489020609963,0.07519404831361909,131
7207.99755787,11.03999999999932,1,1,11.81814202257155,5.2187965301372286,0.1,0.5015588019706727,0.6207743354221359,0.6207743354221359,0,15.199942089493291,0.07451330254879429,131
7208.008695421,11.049999999999315,1,1,11.852226368672312,4.9884581952222184,0.09094586101012761,0.5208381202389498,0.613523701939426,0.613523701939426,0,15.300399265527398,0.07380748527379022,133
7208.018299702,11.05999999999931,1,1,11.685060072717109,4.773518992044001,0.1,0.5401600731496766,0.5978309672548053,0.5978309672548053,0,15.402827860531177,0.07305207667935942,136
7208.027889549,11.069999999999304,1,1,11.697988031987386,4.576399488161024,0.1,0.5595131511271794,0.5890314980971321,0.5890314980971321,0,15.507169843052832,0.0722601634312885,140
7208.037967568,11.079999999999298,1,1,11.607447004446833,4.399707361365595,0.0072155352073836245,0.578899014091917,0.575835619101728,0.575835619101728,0,15.613362678794674,0.07143075182864878,142
7208.047499261,11.089999999999293,1,1,11.285636399940094,4.246214287540072,0.027315977628944527,0.5983164239448869,0.5537119343517585,0.5537119343517585,0,15.721343842660549,0.07051396839651658,147
7208.057738133,11.099999999999287,1,1,11.068544814848993,4.118682699181385,0.0,0.6177609007175525,0.5354670087342627,0.5354670087342627,0,15.830932580757082,0.06949712126655849,149
7208.067599499,11.109999999999282,1,1,10.934466943483622,4.01984508296403,0.027345533653571962,0.6372375821289102,0.5194873211026253,0.5194873211026253,0,15.941952877693744,0.06840370644530047,151
7208.077977616,11.119999999999276,1,1,10.683563848487637,3.9522567462965075,0.0,0.6567566159878043,0.4992509203403436,0.4992509203403436,0,16.054233032863856,0.06724528624722348,155
7208.087569042,11.12999999999927,1,1,10.460843192267903,3.9182625290855606,0.0,0.676306596845281,0.48053018331484654,0.48053018331484654,0,16.167579472454587,0.06599559689408485,156
7208.097459231,11.139999999999265,1,1,10.275810096295345,3.919872957993728,0.03892767117830708,0.6958901021118158,0.4625555701356815,0.4625555701356815,0,16.281803169779156,0.06469951411111041,156
7208.107504032,11.14999999999926,1,1,10.097843120342333,3.9580321569692543,0.038819252648644845,0.7155097684529249,0.4445111884253638,0.4445111884253638,0,16.396731776441758,0.06334739259024302,156
7208.117413152,11.159999999999254,1,1,9.86535963549763,4.0325446873210335,0.0,0.7351626636701005,0.424117039987537,0.424117039987537,0,16.512176394551695,0.06194518659399284,161
7208.127507602,11.169999999999249,1,1,9.66922195736348,4.1414562372032435,0.03859746690877361,0.7548426411689194,0.4048278497679873,0.4048278497679873,0,16.62792450447988,0.06048116500590894,162
7208.137530331,11.179999999999243,1,1,9.32110887404583,4.282042996657672,0.0,0.7745445492248837,0.3796029840444724,0.3796029840444724,0,16.743756337252044,0.058946021851583597,164
7208.147965567,11.189999999999237,1,1,9.129645243125495,4.451982239039376,0.0074086833637433454,0.7942709778760726,0.36034720127675535,0.36034720127675535,0,16.859400334252626,0.0573509595329047,171
7208.157517635,11.199999999999232,1,1,8.791662307034404,4.648672242069232,0.038344312340979576,0.8140130558005967,0.33531641645021193,0.33531641645021193,0,16.97461316891453,0.055681089371609316,172
7208.167477165,11.209999999999226,1,1,8.414250388335583,4.869349480765346,0.0010126249783593694,0.83376843449286,0.30901068368699397,0.30901068368699397,0,17.08908233612718,0.05393965640364207,173
7208.177962544,11.21999999999922,1,1,8.106125801639493,5.111497871446724,0.0,0.8535331350840802,0.28542703042626405,0.28542703042626405,0,17.20249536100795,0.05211564162701887,176
7208.18745827,11.229999999999215,1,1,7.7315118051978455,5.372894945017029,0.1,0.8733048681441268,0.25926687691143685,0.25926687691143685,0,17.314531134738473,0.05022418418049135,176
7208.197430578,11.23999999999921,1,1,7.350759390978977,5.651589702737869,0.06377810387470109,0.8930824362990892,0.23266018473890873,0.23266018473890873,0,17.424852943159063,0.0482498247279578,176
7208.207423732,11.249999999999204,1,1,6.909575211957819,5.945931811733632,0.0,0.9128730149927383,0.20382591131301248,0.20382591131301248,0,17.53309407619255,0.04620337525428109,177
7208.217418693,11.259999999999199,1,1,6.496229129972205,6.254514527519309,0.08289338214785497,0.9326738087874427,0.180967031096791,0.180967031096791,0,17.63888803658602,0.044094014440238305,181
7208.227424968,11.269999999999193,1,1,6.008913206501329,6.576393459889504,0.0,0.952475322012889,0.19370684442887431,0.19370684442887431,0,17.741791023295498,0.041911183863182155,182
7208.237431281,11.279999999999188,1,1,5.532445434680538,6.911233180936045,0.0,0.972284356345431,0.20632065959719195,0.20632065959719195,0,17.841229094969474,0.03964581389938304,182
7208.247574791,11.289999999999182,1,1,5.006349326517614,7.257306787733281,0.0,0.9921018250999728,0.21947892669369135,0.21947892669369135,0,17.937046960768306,0.037293390889629574,186
7208.257466959,11.299999999999176,1,1,4.495631170602606,7.6137912548424405,0.0,1.0119282202062523,0.23268535520296832,0.23268535520296832,0,18.028842978396263,0.03486201776027109,189
7208.267432186,11.309999999999171,1,1,4.07121214218291,7.98008214807414,0.07037153672097832,1.0317576479248354,0.24454632030776796,0.24454632030776796,0,18.11620412743314,0.032373924840593316,190
7208.279786304,11.319999999999165,1,1,3.5689821985676016,8.355654243872326,0.0,1.0515923217137835,0.25818839381366054,0.25818839381366054,0,18.198788848933475,0.029842242776804584,191
7208.287691878,11.32999999999916,1,1,3.2580141407434935,8.740099950743636,0.06376892775225954,1.0714264220788814,0.2701822211521013,0.2701822211521013,0,18.27624475073954,0.02726377529750601,196
7208.297682749,11.339999999999154,1,1,2.644930154140543,9.133020871519705,0.0,1.0912605653686958,0.2918964310903153,0.2918964310903153,0,18.348274051548938,0.024647701776228992,198
7208.307469011,11.349999999999149,1,1,2.209513203073512,9.534082814665329,0.0,1.1110945460970436,0.3137175241638522,0.3137175241638522,0,18.414561787081716,0.02198743998426078,199
7208.317433348,11.359999999999143,1,1,1.781723793550716,9.943010962953458,0.08302120932278445,1.1309178710392576,0.3366309055596797,0.3366309055596797,0,18.4748849047391,0.019944140150952028,203
7208.327473163,11.369999999999138,1,1,1.3859508914144876,10.360180790267515,0.1,1.1507305583373129,0.358659244451356,0.358659244451356,0,18.529295975045223,0.021113556178789017,206
7208.338345055,11.379999999999132,1,1,1.0415121346052665,10.785541276803807,0.08299769668114705,1.1705350634443163,0.38009910643889544,0.38009910643889544,0,18.57710954304082,0.02228982731664464,209
7208.34842029,11.389999999999127,1,1,0.7279840759036549,11.21823026097182,0.0,1.1903336785881933,0.40252972454329367,0.40252972454329367,0,18.618277026650695,0.023471495613727078,214
7208.357608091,11.399999999999121,1,1,0.473660925453046,11.657457106466609,0.08294203039833994,1.210119793691292,0.4254061163383616,0.4254061163383616,0,18.653059738237012,0.024656027856429008,216
7208.367421189,11.409999999999116,1,1,0.470254517201261,12.10156904337318,0.036063404156235275,1.2299039636235762,0.4482298067280828,0.4482298067280828,0,18.682428434180142,0.02584569163665218,216
7208.377434094,11.41999999999911,1,1,0.6642269282630678,12.551427726544269,0.09928245623341865,1.2496722810396539,0.4711513812271471,0.4711513812271471,0,18.70507906549649,0.027034398607814925,216
7208.387667473,11.429999999999104,1,1,0.9214071828189916,13.007271946852931,0.0,1.2694344544076028,0.4943164672990821,0.4943164672990821,0,18.720819489671296,0.02886412945157224,221
7208.397387315,11.439999999999099,1,1,1.1894775603993786,13.469053784882625,0.0,1.2891972943749492,0.5177282825987474,0.5177282825987474,0,18.72964291394682,0.031034362581748187,221
7208.407495014,11.449999999999093,1,1,1.4291550402670594,13.936591657098829,0.08291835825116037,1.3089498875557237,0.542153065748427,0.542153065748427,0,18.731609198133025,0.03322519468666629,221
7208.41754139,11.459999999999088,1,1,1.7057477801922338,14.409630510671429,0.0,1.3286890576587846,0.565320521817404,0.565320521817404,0,18.72683406494226,0.035437522876757166,225
7208.427412756,11.469999999999082,1,1,1.9261614497514123,14.887958460386178,0.0,1.3484114838068681,0.5902559811636175,0.5902559811636175,0,18.715457471453746,0.037665603480613985,225
7208.437622817,11.479999999999077,1,1,2.155528393922273,15.371282995488714,0.0,1.368119052662831,0.6147088403866784,0.6147088403866784,0,18.69766765593811,0.03992074732934647,225
7208.45109405,11.489999999999071,1,1,2.371909407285204,15.859374760257328,0.09999999999999387,1.3878245804693379,0.6394328762885042,0.6394328762885042,0,18.67364945970666,0.042193652284777894,226
7208.457434558,11.499999999999066,1,1,2.5755204579607276,16.351987188719473,0.0,1.4075047809562866,0.6644321775995805,0.6644321775995805,0,18.643602995097673,0.04449023765279514,233
7208.467468631,11.50999999999906,1,1,2.783762760952939,16.84885400507177,0.0,1.4271842543505682,0.6889963075260341,0.6889963075260341,0,18.607765462529485,0.0468041755969546,1
7208.477445803,11.519999999999055,1,1,2.9029529870330366,17.34974543010528,0.08295043957363302,1.4468409557630524,0.7141372470570494,0.7141372470570494,0,18.56636929215946,0.049140151888014016,1
7208.487458214,11.529999999999049,1,1,3.07578534183834,17.854373052656562,0.0,1.4664915013766389,0.7401060725049047,0.7401060725049047,0,18.519693509887272,0.05149560500117756,5
7208.497440091,11.539999999999043,1,1,3.0906452143104484,18.36245269208329,0.06375722761342544,1.4860647403310498,0.764961820588453,0.764961820588453,0,18.467990185721572,0.053874638833818156,5
7208.507505913,11.549999999999038,1,1,3.3689286884346488,18.87367130575377,0.08292669515811874,1.505615278566782,0.7932912150241049,0.7932912150241049,0,18.41160123936439,0.05627577463277933,6
7208.517920502,11.559999999999032,1,1,3.5170219517152277,19.387766668131654,0.0,1.5250509536142496,0.8200681761273099,0.8,1,18.350787602651973,0.058626788631372606,9
7208.527452493,11.569999999999027,1,1,3.6456945356349264,19.905175697512018,0.08290287353496455,1.5444448357760165,0.8470335331561694,0.8,1,18.28571039973241,0.060757497028671725,10
7208.537476782,11.579999999999021,1,1,3.7771558741812887,20.426835477477535,0.08287897472958664,1.5637112200119943,0.8738561376445788,0.8,1,18.21644307147973,0.06268399403348457,10
7208.547429066,11.589999999999016,1,1,3.8743260523330387,20.953584566097827,0.0,1.582865211066547,0.9022817028568658,0.8,1,18.143103787297886,0.06442587180059012,10
7208.557560979,11.59999999999901,1,1,3.973211784229434,21.486166289679854,0.0,1.601905559859713,0.9300564115411997,0.8,1,18.06584541082375,0.06600087406565625,14
7208.567422736,11.609999999999005,1,1,3.9728687695314093,22.025233820785495,0.1,1.6207280646606588,0.9578089994736213,0.8,1,17.984844831107413,0.06742502571835418,14
7208.577614116,11.619999999999,1,1,4.083021763688866,22.57125138240961,0.1,1.6392242150966925,0.9881208577488083,0.8,1,17.90034933153177,0.06871284663195243,14
7208.587649804,11.629999999998994,1,1,4.1312449265386,23.124584000033437,0.0,1.6574112543802346,1.0183986351440772,0.8,1,17.8126337871404,0.06987738644521713,19
7208.597479488,11.639999999998988,1,1,4.141321001803309,23.685604847221942,0.08283094567370083,1.6751664741715364,1.0490226254866206,0.8,1,17.72197941280839,0.0709304931964283,21
7208.607466033,11.649999999998983,1,1,4.130603471763898,24.254597286307973,0.0,1.6926575872336902,1.0802808170434675,0.8,1,17.62871467816989,0.07188286834376634,21
7208.620015001,11.659999999998977,1,1,4.099104528997348,24.831619198919242,0.08283094567370083,1.7092517426250617,1.112177919832867,0.8,1,17.533185033370913,0.07274423838904642,23
7208.627572084,11.669999999998971,1,1,4.063417997998199,25.416148298434674,0.1,1.72445793078752,1.145030258338295,0.8,1,17.435917865439798,0.07352357393842834,28
7208.638477055,11.679999999998966,1,1,3.9953761580085136,26.00705199934341,0.0,1.7383990934322193,1.177904755419426,0.8,1,17.337559500252727,0.07422883412994796,29
7208.647466423,11.68999999999896,1,1,3.9231438796905724,26.602911030228984,0.08280681547409577,1.7498899071974676,1.2115857051595487,0.8,1,17.238695347743736,0.07486712825767672,33
7208.657433053,11.699999999998955,1,1,3.912075742904984,27.201679257998673,0.0,1.7581279532008363,1.2462698180854956,0.8,1,17.139830322413072,0.07544483974265925,37
7208.667455294,11.70999999999895,1,1,3.8790504337471217,27.800244073840076,0.0,1.7597708778230803,1.2814157291525812,0.8,1,17.041368866458047,0.07596775757443097,37
7208.677520887,11.719999999998944,1,1,3.830583299508601,28.393003468937174,0.0,1.7494532620128538,1.3161411444927833,0.8,1,16.94363432588767,0.0764410842969141,38
7208.690670638,11.729999999998938,1,1,3.7784643727585183,28.97351187970845,0.0,1.730642270058699,1.3354526474498438,0.8,1,16.846859598474328,0.07686955493836267,42
7208.697499309,11.739999999998933,1,1,3.814589572783838,29.540083320935114,0.08275049075207404,1.7108833505435312,1.3442237052811872,0.8,1,16.75123506350677,0.07725739758465666,46
7208.707445253,11.749999999998927,1,1,3.8279925028006274,30.093048055402047,0.0,1.690989674319771,1.3521705608688424,0.8,1,16.656917574584835,0.07760835752182249,48
7208.717569491,11.759999999998922,1,1,3.912415017493742,30.63302062849591,0.08275049075207404,1.6710487333096231,1.3605339755748995,0.8,1,16.5639960950362,0.07792590756136764,51
7208.72749746,11.769999999998916,1,1,4.084206237881757,31.16065048816632,0.0,1.651093949141261,1.3692726630758254,0.8,1,16.47251869971171,0.07821321732693542,57
7208.737525734,11.77999999999891,1,1,4.195025991647163,31.676585152170887,0.0,1.6311261473518033,1.3769524853098936,0.8,1,16.38250875575756,0.07847316551992267,57
7208.747454971,11.789999999998905,1,1,4.425431337766127,32.18144593433184,0.1,1.6111476387540928,1.3852482455299049,0.8,1,16.293968756782533,0.07870838782783318,58
7208.758536418,11.7999999999989,1,1,4.64930412151285,32.67577435657309,0.0,1.5911673218796278,1.3931437611135578,0.8,1,16.20689534889744,0.07892124553462776,64
7208.767576774,11.809999999998894,1,1,4.870398937527965,33.16008318829215,0.0,1.5711821375782402,1.4004465265902464,0.8,1,16.121275004496876,0.07911389585223949,65
7208.777684462,11.819999999998888,1,1,5.108315908197339,33.63481650490688,0.050181160876329595,1.5511943065317233,1.4074438429187444,0.8,1,16.03709559546155,0.07928827522134818,66
7208.790426071,11.829999999998883,1,1,5.3940095103034995,34.10039517919726,0.03602328655117338,1.531204906297756,1.4143479560401362,0.8,1,15.954345271441673,0.0794461273898972,67
7208.797502063,11.839999999998877,1,1,5.598124168680324,34.55721807932901,0.0,1.5112141839452768,1.4202213919287558,0.8,1,15.873013072482431,0.07958902480616215,72
7208.80745617,11.849999999998872,1,1,5.878937399838803,35.005665151231035,0.0827182380410347,1.4912222486627096,1.4261179243831694,0.8,1,15.793084287721422,0.07971843381948318,72
7208.817490811,11.859999999998866,1,1,6.1405990683447005,35.44587669517067,0.0878050127384489,1.4712290805483965,1.4318019804220934,0.8,1,15.714612492984857,0.07983586519042296,73
7208.827434921,11.86999999999886,1,1,6.344530296114019,35.87767621739546,0.1,1.4512352590223014,1.436294404522423,0.8,1,15.637723451971539,0.07994255793192417,78
7208.837458056,11.879999999998855,1,1,6.539122185031183,36.30076153633509,0.0,1.431241017071684,1.4402694692844271,0.8,1,15.56253778854877,0.08003958967714353,80
7208.847891093,11.88999999999885,1,1,6.794766769143947,36.714769774107026,0.08268585014278637,1.4112463097405659,1.4441354651517604,0.8,1,15.489167581945106,0.08012787906837926,82
7208.860485334,11.899999999998844,1,1,6.9592258103656635,37.11931005236771,0.0,1.3912509867603378,1.4470720000838178,0.8,1,15.417711816889543,0.08020827945125086,85
7208.867626519,11.909999999998838,1,1,7.163485495917715,37.51400575373041,0.0,1.3712552000483902,1.4498089499392717,0.8,1,15.348247992051643,0.08028151682637219,91
7208.877482662,11.919999999998833,1,1,7.364653114405569,37.89847850211257,0.0,1.3512594624930554,1.452140811116593,0.8,1,15.280839717805529,0.08034828086671997,92
7208.887597821,11.929999999998827,1,1,7.608314959980284,38.272367441835726,0.0,1.3312630378311658,1.4542685766540429,0.8,1,15.215537168579699,0.0804091626055794,92
7208.897807369,11.939999999998822,1,1,7.761482802228727,38.63532150661583,0.0,1.3112662695296717,1.4556952903041098,0.8,1,15.152378535732439,0.0804647194709538,98
7208.90751624,11.949999999998816,1,1,7.954308948328201,38.98703507418272,0.09907661281069748,1.2912694673450937,1.457572251760063,0.8,1,15.091373302458598,0.08051543124864846,99
7208.917406893,11.95999999999881,1,1,8.143577656055976,39.32722032428327,0.0,1.2712722143837034,1.4579995960706535,0.8,1,15.032517042207266,0.08056171432543224,100
7208.92796631,11.969999999998805,1,1,8.32409196403233,39.65562176473348,0.0,1.251275069452583,1.4593348257132295,0.8,1,14.975789097003085,0.0806040170372857,105
7208.937436783,11.9799999999988,1,1,8.507617478021483,39.97199931278766,0.0,1.2312774192711997,1.45985827000682,0.8,1,14.921163355113471,0.08064266782952845,106
7208.947413362,11.989999999998794,1,1,8.68235664222837,40.27613641365956,0.0,1.2112794894403107,1.4601800629846264,0.8,1,14.868604612954746,0.08067802803627888,114
7208.964237472,11.999999999998789,1,1,8.851866470160552,40.567815825025534,0.0,1.1912815074769443,1.4603258442176046,0.8,1,14.818077500310311,0.08071039445963679,121
7208.974256394,12.009999999998783,1,1,9.015490308924964,40.84684634210644,0.0,1.1712834810276262,1.460321183230148,0.8,1,14.76953801699486,0.0807400357868544,126
7208.98418053,12.019999999998777,1,1,9.172518143306343,41.113051587767885,0.0,1.1512856935021103,1.4601902953394528,0.8,1,14.722939868871125,0.08076721200778247,132
7208.995156223,12.029999999998772,1,1,9.322266765952016,41.36628941667864,0.0,1.1312876009375374,1.4599551168471852,0.8,1,14.678228319227697,0.0807921050423992,137
7209.004198153,12.039999999998766,1,1,9.464257512291073,41.606454744155045,0.0,1.1112894827856583,1.459636924588263,0.8,1,14.635332079408801,0.08081493523024386,139
7209.013847923,12.04999999999876,1,1,9.57637494342785,41.83343648480082,0.0,1.0912913460421039,1.4598492732586075,0.8,1,14.594186451047717,0.08083587698862127,142
7209.024230415,12.059999999998755,1,1,9.69976317324473,42.04716399978787,0.0,1.071293306245163,1.4594231538380447,0.8,1,14.554714904887613,0.08085506886198734,144
7209.033457103,12.06999999999875,1,1,9.80877482394036,42.24760872623813,0.0,1.0512952492261773,1.4589370938702921,0.8,1,14.516835173400558,0.08087268279942261,151
7209.043371223,12.079999999998744,1,1,9.919526121550211,42.434734303078926,0.0,1.0312970874050393,1.4584902594484577,0.8,1,14.48047126809429,0.08088887278297974,154
7209.053711207,12.089999999998739,1,1,10.054588180831276,42.6085151262469,0.0,1.0112990253954917,1.4580230706492612,0.8,1,14.445549146317838,0.0809037646021662,154
7209.063720672,12.099999999998733,1,1,10.100883574399232,42.76893255897027,0.0,0.9913008279692205,1.4575445186494522,0.8,1,14.411997622735132,0.08091747134501492,158
7209.074305036,12.109999999998728,1,1,10.177597591892168,42.916001856236626,0.0,0.9713025990982597,1.4570885326034444,0.8,1,14.379736360069817,0.08093008333752749,158
7209.083396152,12.119999999998722,1,1,10.214307307358748,43.0497425218225,0.0,0.9513043815032532,1.4572542910019202,0.8,1,14.348688250833213,0.08094169837760479,159
7209.094786168,12.129999999998716,1,1,10.270412827014962,43.170206430638146,0.0,0.9313062916778664,1.4568598152261598,0.8,1,14.31876927687703,0.08095238067363986,162
7209.103619698,12.139999999998711,1,1,10.317591139353315,43.27745893351427,0.0,0.9113080459811004,1.4564998584636284,0.8,1,14.289900229447735,0.08096221616727006,165
7209.113780114,12.149999999998705,1,1,10.397634520144338,43.37157867884373,0.0,0.8913098854220337,1.456129193512932,0.8,1,14.261997654828063,0.08097126820376155,165
7209.123896337,12.1599999999987,1,1,10.428604116022187,43.45263436855679,0.0,0.8713117393316429,1.4558396418342305,0.8,1,14.234988332884306,0.08097963853158463,165
7209.13400806,12.169999999998694,1,1,10.375585120464523,43.52067476311466,0.0,0.8513135460994862,1.4562559923889096,0.8,1,14.20881128561258,0.08098740266274396,170
7209.143732307,12.179999999998689,1,1,10.390765024600704,43.57575831689329,0.0,0.831315478617486,1.4560677802043234,0.8,1,14.183401501098398,0.08099457662003395,171
7209.153580977,12.189999999998683,1,1,10.434459614460478,43.61798938865575,0.0,0.8113174010917138,1.4553340531978294,0.8,1,14.158683354652267,0.08100121723227649,171
7209.164093357,12.199999999998678,1,1,10.442702760517651,43.64744058813664,0.0,0.7913194832594898,1.4557485658799496,0.8,1,14.134598575592767,0.08100740588628352,177
7209.173968719,12.209999999998672,1,1,10.437743791723358,43.6641721799701,0.08229129975374334,0.7713214712979465,1.4552801510585784,0.8,1,14.111095109730163,0.08101313630123008,178
7209.183592188,12.219999999998667,1,1,10.390646653845039,43.66828141266812,0.0,0.7513232557649265,1.4558957856311958,0.8,1,14.088114060098588,0.08101846643600141,182
7209.19347416,12.229999999998661,0,1,0.0,0.0,0.0,0.0,0.0,0.0,0,0.0,0.07482249279402797,182
7209.203373484,12.239999999998656,0,1,0.0,0.0,0.0,0.0,0.0,0.0,0,0.0,0.06774166687775707,187
7209.213404209,12.24999999999865,0,1,0.0,0.0,0.0,0.0,0.0,0.0,0,0.0,0.06133955336883168,187
7209.223071645,12.259999999998644,0,1,0.0,0.0,0.0,0.0,0.0,0.0,0,0.0,0.055551407895953586,187
7209.233567891,12.269999999998639,0,1,0.0,0.0,0.0,0.0,0.0,0.0,0,0.0,0.050318456978106996,190
7209.243522895,12.279999999998633,0,1,0.0,0.0,0.0,0.0,0.0,0.0,0,0.0,0.045587480294664307,190
7209.25340125,12.289999999998628,0,1,0.0,0.0,0.0,0.0,0.0,0.0,0,0.0,0.04131033537288187,190
7209.263638112,12.299999999998622,0,1,0.0,0.0,0.0,0.0,0.0,0.0,0,0.0,0.037443489230908344,192
7209.273175976,12.309999999998617,0,1,0.0,0.0,0.0,0.0,0.0,0.0,0,0.0,0.03394758237652584,192
7209.283421467,12.319999999998611,0,1,0.0,0.0,0.0,0.0,0.0,0.0,0,0.0,0.030787035556658182,192
7209.293190829,12.329999999998606,0,1,0.0,0.0,0.0,0.0,0.0,0.0,0,0.0,0.027929678830793225,192
7209.303683856,12.3399999999986,0,1,0.0,0.0,0.0,0.0,0.0,0.0,0,0.0,0.02534642164459,199
7209.313402594,12.349999999998595,0,1,0.0,0.0,0.0,0.0,0.0,0.0,0,0.0,0.02301096684453574,200
7209.323416639,12.359999999998589,0,1,0.0,0.0,0.0,0.0,0.0,0.0,0,0.0,0.02089954194334509,200
7209.333020675,12.369999999998583,0,1,0.0,0.0,0.0,0.0,0.0,0.0,0,0.0,0.018990655759993258,204
7209.342941858,12.379999999998578,0,1,0.0,0.0,0.0,0.0,0.0,0.0,0,0.0,0.017264879064700978,204
7209.353060659,12.389999999998572,0,1,0.0,0.0,0.0,0.0,0.0,0.0,0,0.0,0.015704646589549398,204
7209.363494681,12.399999999998567,0,1,0.0,0.0,0.0,0.0,0.0,0.0,0,0.0,0.014294078150344447,204
7209.373025755,12.409999999998561,0,1,0.0,0.0,0.0,0.0,0.0,0.0,0,0.0,0.01301881696834295,207
7209.383035989,12.419999999998556,0,1,0.0,0.0,0.0,0.0,0.0,0.0,0,0.0,0.011865883515682185,207
7209.393041588,12.42999999999855,0,1,0.0,0.0,0.0,0.0,0.0,0.0,0,0.0,0.010823543386902612,207
7209.40311262,12.439999999998545,0,1,0.0,0.0,0.0,0.0,0.0,0.0,0,0.0,0.009881187848271189,211
7209.413039456,12.44999999999854,0,1,0.0,0.0,0.0,0.0,0.0,0.0,0,0.0,0.009321836976869599,211
7209.423384701,12.459999999998534,0,1,0.0,0.0,0.0,0.0,0.0,0.0,0,0.0,0.009053122942088584,211
7209.434617099,12.469999999998528,0,1,0.0,0.0,0.0,0.0,0.0,0.0,0,0.0,0.008810479029039517,213
7209.443447488,12.479999999998522,0,1,0.0,0.0,0.0,0.0,0.0,0.0,0,0.0,0.008591374806648414,214
7209.45368153,12.489999999998517,0,1,0.0,0.0,0.0,0.0,0.0,0.0,0,0.0,0.008393525575052976,215
7209.463017499,12.499999999998511,0,1,0.0,0.0,0.0,0.0,0.0,0.0,0,0.0,0.008214868489732255,0
7209.473053699,12.509999999998506,0,1,0.0,0.0,0.0,0.0,0.0,0.0,0,0.0,0.008053541006813422,3
7209.483087264,12.5199999999985,0,1,0.0,0.0,0.0,0.0,0.0,0.0,0,0.0,0.007907854206969434,3
7209.492982151,12.529999999998495,0,1,0.0,0.0,0.0,0.0,0.0,0.0,0,0.0,0.0077762865117382285,3
7209.502968006,12.53999999999849,0,1,0.0,0.0,0.0,0.0,0.0,0.0,0,0.0,0.007657475402640099,6
7209.513109705,12.549999999998484,0,1,0.0,0.0,0.0,0.0,0.0,0.0,0,0.0,0.007550187581629356,6
7209.523024161,12.559999999998478,0,1,0.0,0.0,0.0,0.0,0.0,0.0,0,0.0,0.007453306803573201,6
7209.533574798,12.569999999998473,0,1,0.0,0.0,0.0,0.0,0.0,0.0,0,0.0,0.007365823839754329,6
7209.543493371,12.579999999998467,0,1,0.0,0.0,0.0,0.0,0.0,0.0,0,0.0,0.007286826871337415,10
7209.553613756,12.589999999998462,0,1,0.0,0.0,0.0,0.0,0.0,0.0,0,0.0,0.00721549239207922,11
7209.563908918,12.599999999998456,0,1,0.0,0.0,0.0,0.0,0.0,0.0,0,0.0,0.007151076779344762,11
7209.573796198,12.60999999999845,0,1,0.0,0.0,0.0,0.0,0.0,0.0,0,0.0,0.007092908650310481,18
7209.583759445,12.619999999998445,0,1,0.0,0.0,0.0,0.0,0.0,0.0,0,0.0,0.0070403853678814715,20
7209.593641285,12.62999999999844,0,1,0.0,0.0,0.0,0.0,0.0,0.0,0,0.0,0.006992961606433076,22
7209.604490446,12.639999999998434,0,1,0.0,0.0,0.0,0.0,0.0,0.0,0,0.0,0.006950139471668032,23
7209.613199613,12.649999999998428,0,1,0.0,0.0,0.0,0.0,0.0,0.0,0,0.0,0.006911469733854245,24
7209.623181543,12.659999999998423,0,1,0.0,0.0,0.0,0.0,0.0,0.0,0,0.0,0.006876548079091979,24
7209.633319418,12.669999999998417,0,1,0.0,0.0,0.0,0.0,0.0,0.0,0,0.0,0.0068450103328924206,24
7209.643229938,12.679999999998412,0,1,0.0,0.0,0.0,0.0,0.0,0.0,0,0.0,0.006816528131976932,27
7209.653336346,12.689999999998406,0,1,0.0,0.0,0.0,0.0,0.0,0.0,0,0.0,0.006790805189384949,27
7209.663308996,12.6999999999984,0,1,0.0,0.0,0.0,0.0,0.0,0.0,0,0.0,0.0067675740503447684,27
7209.673815478,12.709999999998395,0,1,0.0,0.0,0.0,0.0,0.0,0.0,0,0.0,0.006746585176151232,30
7209.683422727,12.71999999999839,0,1,0.0,0.0,0.0,0.0,0.0,0.0,0,0.0,0.00672751419819935,31
7209.693294266,12.729999999998384,0,1,0.0,0.0,0.0,0.0,0.0,0.0,0,0.0,0.00671017608159169,31
7209.703244205,12.739999999998378,0,1,0.0,0.0,0.0,0.0,0.0,0.0,0,0.0,0.00669447857393754,31
7209.71303369,12.749999999998373,0,1,0.0,0.0,0.0,0.0,0.0,0.0,0,0.0,0.00668030969605099,34
7209.723287036,12.759999999998367,0,1,0.0,0.0,0.0,0.0,0.0,0.0,0,0.0,0.006667541599384749,34
7209.733599968,12.769999999998362,0,1,0.0,0.0,0.0,0.0,0.0,0.0,0,0.0,0.0066560447537375445,34
7209.743491532,12.779999999998356,0,1,0.0,0.0,0.0,0.0,0.0,0.0,0,0.0,0.006645636901361968,37
7209.753378881,12.78999999999835,0,1,0.0,0.0,0.0,0.0,0.0,0.0,0,0.0,0.006635912212828471,37
7209.763225792,12.799999999998345,0,1,0.0,0.0,0.0,0.0,0.0,0.0,0,0.0,0.00662661589704111,37
7209.773637871,12.80999999999834,0,1,0.0,0.0,0.0,0.0,0.0,0.0,0,0.0,0.0066176415174993425,39
7209.783135613,12.819999999998334,0,1,0.0,0.0,0.0,0.0,0.0,0.0,0,0.0,0.0066089420517697894,39
7209.793258431,12.829999999998329,0,1,0.0,0.0,0.0,0.0,0.0,0.0,0,0.0,0.006600494365376547,39
7209.803177575,12.839999999998323,0,1,0.0,0.0,0.0,0.0,0.0,0.0,0,0.0,0.00659228502949584,39
7209.813175281,12.849999999998317,0,1,0.0,0.0,0.0,0.0,0.0,0.0,0,0.0,0.006584304645014402,42
7209.823289712,12.859999999998312,0,1,0.0,0.0,0.0,0.0,0.0,0.0,0,0.0,0.006576545562740316,42
7209.833216996,12.869999999998306,0,1,0.0,0.0,0.0,0.0,0.0,0.0,0,0.0,0.006569000962532143,42
7209.843160119,12.8799999999983,0,1,0.0,0.0,0.0,0.0,0.0,0.0,0,0.0,0.006561664477648943,44
7209.853651725,12.889999999998295,0,1,0.0,0.0,0.0,0.0,0.0,0.0,0,0.0,0.0065545300385797395,44
7209.863269489,12.89999999999829,0,1,0.0,0.0,0.0,0.0,0.0,0.0,0,0.0,0.006547591805605046,44
7209.873232661,12.909999999998284,0,1,0.0,0.0,0.0,0.0,0.0,0.0,0,0.0,0.006540844137451263,44
7209.883578581,12.919999999998279,0,1,0.0,0.0,0.0,0.0,0.0,0.0,0,0.0,0.00653428157477258,47
7209.893316704,12.929999999998273,0,1,0.0,0.0,0.0,0.0,0.0,0.0,0,0.0,0.006527898829834969,47
7209.903473158,12.939999999998268,0,1,0.0,0.0,0.0,0.0,0.0,0.0,0,0.0,0.006521690778886757,47
7209.913934933,12.949999999998262,0,1,0.0,0.0,0.0,0.0,0.0,0.0,0,0.0,0.006515652455773457,50
7209.923330891,12.959999999998256,0,1,0.0,0.0,0.0,0.0,0.0,0.0,0,0.0,0.0065097790461986355,51
7209.933291363,12.969999999998251,0,1,0.0,0.0,0.0,0.0,0.0,0.0,0,0.0,0.006504065882378077,51
7209.944465423,12.979999999998245,0,1,0.0,0.0,0.0,0.0,0.0,0.0,0,0.0,0.006498508437977363,53
7209.953378571,12.98999999999824,0,1,0.0,0.0,0.0,0.0,0.0,0.0,0,0.0,0.006493102323280778,54
7209.963152532,12.999999999998234,0,1,0.0,0.0,0.0,0.0,0.0,0.0,0,0.0,0.006487843280565064,54
7209.97356086,13.009999999998229,0,1,0.0,0.0,0.0,0.0,0.0,0.0,0,0.0,0.0064827271796613906,54
7209.983483641,13.019999999998223,0,1,0.0,0.0,0.0,0.0,0.0,0.0,0,0.0,0.006477750013694064,56
7209.993457456,13.029999999998218,0,1,0.0,0.0,0.0,0.0,0.0,0.0,0,0.0,0.0064729078949866264,56
7210.003565519,13.039999999998212,0,1,0.0,0.0,0.0,0.0,0.0,0.0,0,0.0,0.006468197051126792,56
7210.0136079,13.049999999998207,0,1,0.0,0.0,0.0,0.0,0.0,0.0,0,0.0,0.006463613821182795,58
7210.023661192,13.059999999998201,0,1,0.0,0.0,0.0,0.0,0.0,0.0,0,0.0,0.006459154652064536,58
7210.033491993,13.069999999998196,0,1,0.0,0.0,0.0,0.0,0.0,0.0,0,0.0,0.006454816095022048,58
7210.043611202,13.07999999999819,0,1,0.0,0.0,0.0,0.0,0.0,0.0,0,0.0,0.0064505948022760135,58
7210.05352709,13.089999999998184,0,1,0.0,0.0,0.0,0.0,0.0,0.0,0,0.0,0.0064464875237737335,62
7210.063497288,13.099999999998179,0,1,0.0,0.0,0.0,0.0,0.0,0.0,0,0.0,0.006442491104065487,62
7210.073512712,13.109999999998173,0,1,0.0,0.0,0.0,0.0,0.0,0.0,0,0.0,0.006438602479295508,62
7210.083289574,13.119999999998168,0,1,0.0,0.0,0.0,0.0,0.0,0.0,0,0.0,0.0064348186743029695,66
7210.093503627,13.129999999998162,0,1,0.0,0.0,0.0,0.0,0.0,0.0,0,0.0,0.0064311367998281105,66
7210.103189891,13.139999999998157,0,1,0.0,0.0,0.0,0.0,0.0,0.0,0,0.0,0.006427554049818693,66
7210.114391028,13.149999999998151,0,1,0.0,0.0,0.0,0.0,0.0,0.0,0,0.0,0.00642406769883308,68
7210.12352253,13.159999999998146,0,1,0.0,0.0,0.0,0.0,0.0,0.0,0,0.0,0.006420675099535297,69
7210.133543611,13.16999999999814,0,1,0.0,0.0,0.0,0.0,0.0,0.0,0,0.0,0.006417373680278518,69
7210.143362317,13.179999999998135,0,1,0.0,0.0,0.0,0.0,0.0,0.0,0,0.0,0.006414160942773403,69
7210.15310324,13.189999999998129,0,1,0.0,0.0,0.0,0.0,0.0,0.0,0,0.0,0.006411034459837164,73
7210.163395198,13.199999999998123,0,1,0.0,0.0,0.0,0.0,0.0,0.0,0,0.0,0.006407991873221039,73
7210.173237107,13.209999999998118,0,1,0.0,0.0,0.0,0.0,0.0,0.0,0,0.0,0.006405030891512092,73
7210.183742123,13.219999999998112,0,1,0.0,0.0,0.0,0.0,0.0,0.0,0,0.0,0.0064021492881067565,75
7210.193092226,13.229999999998107,0,1,0.0,0.0,0.0,0.0,0.0,0.0,0,0.0,0.0063993448992532564,75
7210.203195624,13.239999999998101,0,1,0.0,0.0,0.0,0.0,0.0,0.0,0,0.0,0.0063966156221601095,75
7210.213171504,13.249999999998096,0,1,0.0,0.0,0.0,0.0,0.0,0.0,0,0.0,0.006393959413167949,75
7210.223112057,13.25999999999809,0,1,0.0,0.0,0.0,0.0,0.0,0.0,0,0.0,0.0063913742859825345,79
7210.233207015,13.269999999998085,0,1,0.0,0.0,0.0,0.0,0.0,0.0,0,0.0,0.006388858309966175,79
7210.24307466,13.27999999999808,0,1,0.0,0.0,0.0,0.0,0.0,0.0,0,0.0,0.006386409608485688,79
7210.25296718,13.289999999998074,0,1,0.0,0.0,0.0,0.0,0.0,0.0,0,0.0,0.006384026357314498,82
7210.263138171,13.299999999998068,0,1,0.0,0.0,0.0,0.0,0.0,0.0,0,0.0,0.006381706783086791,82
7210.272984967,13.309999999998062,0,1,0.0,0.0,0.0,0.0,0.0,0.0,0,0.0,0.006379449161801956,82
7210.284500713,13.319999999998057,0,1,0.0,0.0,0.0,0.0,0.0,0.0,0,0.0,0.0063772518173772635,84
7210.292959046,13.329999999998051,0,1,0.0,0.0,0.0,0.0,0.0,0.0,0,0.0,0.006375113120247092,85
7210.303369062,13.339999999998046,0,1,0.0,0.0,0.0,0.0,0.0,0.0,0,0.0,0.006373031486006958,85
7210.313541539,13.34999999999804,0,1,0.0,0.0,0.0,0.0,0.0,0.0,0,0.0,0.0063710053741005135,85
7210.322986864,13.359999999998035,0,1,0.0,0.0,0.0,0.0,0.0,0.0,0,0.0,0.006369033286548351,89
7210.3329846,13.36999999999803,0,1,0.0,0.0,0.0,0.0,0.0,0.0,0,0.0,0.006367113766716781,89
7210.342951472,13.379999999998024,0,1,0.0,0.0,0.0,0.0,0.0,0.0,0,0.0,0.006365245398125205,89
7210.353325374,13.389999999998018,0,1,0.0,0.0,0.0,0.0,0.0,0.0,0,0.0,0.006363426803290828,91
7210.363571101,13.399999999998013,0,1,0.0,0.0,0.0,0.0,0.0,0.0,0,0.0,0.006361656642609126,91
7210.372971491,13.409999999998007,0,1,0.0,0.0,0.0,0.0,0.0,0.0,0,0.0,0.006359933613269336,91
7210.382961759,13.419999999998002,0,1,0.0,0.0,0.0,0.0,0.0,0.0,0,0.0,0.006358256448202912,91
7210.393016257,13.429999999997996,0,1,0.0,0.0,0.0,0.0,0.0,0.0,0,0.0,0.006356623915064766,93
7210.40297968,13.43999999999799,0,1,0.0,0.0,0.0,0.0,0.0,0.0,0,0.0,0.006355034815245297,93
7210.412969191,13.449999999997985,0,1,0.0,0.0,0.0,0.0,0.0,0.0,0,0.0,0.006353487982912812,93
7210.422954104,13.45999999999798,0,1,0.0,0.0,0.0,0.0,0.0,0.0,0,0.0,0.0063519822840847895,97
7210.432973164,13.469999999997974,0,1,0.0,0.0,0.0,0.0,0.0,0.0,0,0.0,0.006350516615727428,97
7210.443324652,13.479999999997968,0,1,0.0,0.0,0.0,0.0,0.0,0.0,0,0.0,0.006349089904882199,97
7210.454364567,13.489999999997963,0,1,0.0,0.0,0.0,0.0,0.0,0.0,0,0.0,0.006347701107818696,99
7210.462969615,13.499999999997957,0,1,0.0,0.0,0.0,0.0,0.0,0.0,0,0.0,0.0063463492092128565,0
7210.473018219,13.509999999997952,0,1,0.0,0.0,0.0,0.0,0.0,0.0,0,0.0,0.00634503322134973,0
7210.483016397,13.519999999997946,0,1,0.0,0.0,0.0,0.0,0.0,0.0,0,0.0,0.00634375218334976,0
7210.493318523,13.52999999999794,0,1,0.0,0.0,0.0,0.0,0.0,0.0,0,0.0,0.006342505160418316,2
7210.503501633,13.539999999997935,0,1,0.0,0.0,0.0,0.0,0.0,0.0,0,0.0,0.006341291243117067,2
7210.513356641,13.54999999999793,0,1,0.0,0.0,0.0,0.0,0.0,0.0,0,0.0,0.006340109546657036,2
7210.523307353,13.559999999997924,0,1,0.0,0.0,0.0,0.0,0.0,0.0,0,0.0,0.006338959210212505,5
7210.533485131,13.569999999997918,0,1,0.0,0.0,0.0,0.0,0.0,0.0,0,0.0,0.006337839396254638,5
7210.543217115,13.579999999997913,0,1,0.0,0.0,0.0,0.0,0.0,0.0,0,0.0,0.00633674928990495,5
7210.553040456,13.589999999997907,0,1,0.0,0.0,0.0,0.0,0.0,0.0,0,0.0,0.0063356880983074515,5
7210.563102764,13.599999999997902,0,1,0.0,0.0,0.0,0.0,0.0,0.0,0,0.0,0.0063346550500189835,8
7210.573099745,13.609999999997896,0,1,0.0,0.0,0.0,0.0,0.0,0.0,0,0.0,0.006333649394417315,8
7210.58319738,13.61999999999789,0,1,0.0,0.0,0.0,0.0,0.0,0.0,0,0.0,0.0063326704011264084,8
7210.59309611,13.629999999997885,0,1,0.0,0.0,0.0,0.0,0.0,0.0,0,0.0,0.006331717359457922,11
7210.603400039,13.63999999999788,1,1,10.47582766914699,39.383270174772335,0.0,0.008,1.471853010475317,0.8,1,13.851050477314748,0.008012280054760262,11
7210.613487002,13.649999999997874,1,1,10.372251840270527,39.34055692219063,0.06379822477020235,0.027952187853652728,1.4731335324482686,0.8,1,13.849840463017081,0.013421350351528138,11
7210.624815072,13.659999999997869,1,1,10.302120539541312,39.25618793907645,0.08712044980916817,0.04763324323864734,1.4744251761122167,0.8,1,13.84702714806602,0.019910249728359863,13
7210.633736927,13.669999999997863,1,1,10.229870038873234,39.132409977584615,0.0,0.06676094980522042,1.4754529718198595,0.8,1,13.84274689263437,0.025776994686672827,15
7210.643443413,13.679999999997857,1,1,10.0280335643528,38.97168035042154,0.06379526642615643,0.08615219606013953,1.4785441440562608,0.8,1,13.837112317845946,0.03108107272462135,15
7210.653673732,13.689999999997852,1,1,9.867019121877561,38.776077116721886,0.06379262731756528,0.10542245441809699,1.4812580604441639,0.8,1,13.830194563628858,0.03587639411614729,15
7210.663262282,13.699999999997846,1,1,9.706386198102555,38.54804264235757,0.06379017215933887,0.12459655657846945,1.4842409520032576,0.8,1,13.822054398611765,0.04021173761898078,19
7210.67365145,13.70999999999784,1,1,9.588793993937283,38.2897217548374,0.0,0.14368015299830306,1.4867141248447713,0.8,1,13.812745235310066,0.04413124469298224,19
7210.683330471,13.719999999997835,1,1,9.391856857686463,38.00348946667106,0.0,0.16290953847179976,1.4904567259172847,0.8,1,13.802320510324702,0.0476748130890412,19
7210.693927083,13.72999999999783,1,1,9.237744011983363,37.69156114664673,0.1,0.18214412149331577,1.4935657597566943,0.8,1,13.790824854641537,0.05087851168650137,23
7210.703710527,13.739999999997824,1,1,9.087997192481543,37.35572104416165,0.06378229742533788,0.20113019724872405,1.4967983473189077,0.8,1,13.77830399214399,0.053774960275956074,24
7210.713302206,13.749999999997819,1,1,8.990327602620987,36.99783767650157,0.06378229742539679,0.2202081934470344,1.499728844685825,0.8,1,13.764804344460483,0.05639370465229199,24
7210.723368324,13.759999999997813,1,1,8.940732985951962,36.61944060512751,0.0,0.23938193714928546,1.5022122573056382,0.8,1,13.750392428761543,0.05876140313571532,24
7210.733878757,13.769999999997808,1,1,8.90024462621174,36.22202334856444,0.0,0.258483900156097,1.5047813018437959,0.8,1,13.735140190878788,0.06090213603192818,29
7210.7436806,13.779999999997802,1,1,8.867122167960162,35.80695248117188,0.0,0.2777435070329165,1.5074605170131972,0.8,1,13.719119010524075,0.0628376667329884,30
7210.753278713,13.789999999997796,1,1,8.84354941048862,35.37540836393179,0.0,0.2966815432361257,1.5102160825647397,0.8,1,13.702398810976161,0.06458771331995217,30
7210.763534997,13.799999999997791,1,1,8.787692800908458,34.92835219009531,0.1,0.3155279943270419,1.5120498615482196,0.8,1,13.685051376645,0.0661700544034094,34
7210.77335709,13.809999999997785,1,1,8.748879862710892,34.466933851887156,0.1,0.33365266653304726,1.5155546124896015,0.8,1,13.66713721422542,0.0676008022654151,34
7210.783306978,13.81999999999778,1,1,8.697310189069979,33.99150833846789,0.1,0.349606495937953,1.5190348839118486,0.8,1,13.6487101335018,0.06889443054212285,34
7210.795406003,13.829999999997774,1,1,8.61642087005909,33.50262555702705,0.0,0.3609578500222083,1.5246481709997268,0.8,1,13.629814457402738,0.07006407347625232,36
7210.803749732,13.839999999997769,1,1,8.546217245134663,33.00140514936015,0.0637797120662156,0.3685341553435952,1.5286383423845924,0.8,1,13.610482364611594,0.07112155842549539,40
7210.813911464,13.849999999997763,1,1,8.469741286577117,32.48978590879795,0.06578719916174022,0.37176645253394724,1.530383336077008,0.8,1,13.590744938994552,0.07207767855845737,41
7210.823859078,13.859999999997758,1,1,8.415818458131834,31.97052110348181,0.0,0.3713442532653619,1.5341150255159905,0.8,1,13.570636422775051,0.07294222083049418,42
7210.83384885,13.869999999997752,1,1,8.401990131845622,31.44406013265815,0.1,0.3720386288970489,1.538291673838866,0.8,1,13.550184045993161,0.07372389204109386,46
7210.843328215,13.879999999997747,1,1,8.33299506299099,30.91276075555765,0.06378229742535378,0.36813079628025375,1.5411161182459863,0.8,1,13.52942385115396,0.07443068756954219,48
7210.85369517,13.889999999997741,1,1,8.35682032283017,30.37936257289054,0.0,0.36090429374661515,1.5436870248749701,0.8,1,13.508397862939296,0.07506981468637175,50
7210.864809641,13.899999999997736,1,1,8.335837762343278,29.846137160340277,0.0,0.3508857254716978,1.5467580196570885,0.8,1,13.487147646384424,0.07564776432366815,54
7210.873836795,13.90999999999773,1,1,8.41455804258213,29.315747593946625,0.0,0.33710473692573867,1.5486110725729967,0.8,1,13.465714650686555,0.07617042927622664,56
7210.883622391,13.919999999997724,1,1,8.383654054027014,28.79067532738036,0.10000000000000002,0.32181286929954467,1.5521205315228483,0.8,1,13.444148776384564,0.07664313198473427,57
7210.893997473,13.929999999997719,1,1,8.449694380732126,28.271815559860993,0.10000000000000002,0.30622597710465693,1.534172205189674,0.8,1,13.422490432006837,0.07707065705963623,59
7210.903508568,13.939999999997713,1,1,8.391877665926973,27.75987079774923,0.06378961293898913,0.29029564714814077,1.5103235778767325,0.8,1,13.400835884082271,0.07745753319840198,64
7210.913700895,13.949999999997708,1,1,8.441340526317427,27.25515457528208,0.1,0.27476504322367357,1.4843624292669884,0.8,1,13.379318930519196,0.07780761945120118,64
7210.923558425,13.959999999997702,1,1,8.452289273167631,26.75781936390405,0.1,0.260201184799865,1.4575024145691235,0.8,1,13.358061143862137,0.07812447417160628,65
7210.933686458,13.969999999997697,1,1,8.46113992922147,26.268052517219846,0.0,0.2465758744454336,1.4344987645569034,0.8,1,13.337167410972567,0.07841123654212123,70
7210.943587872,13.979999999997691,1,1,8.507085086661181,25.786250674069187,0.1,0.23267756570895975,1.4085280484215965,0.8,1,13.316724344382619,0.07867080912111057,70
7210.953346577,13.989999999997686,1,1,8.546684979670513,25.312755409850418,0.05018298403646705,0.2191733388348021,1.3827949888918747,0.8,1,13.29682441126464,0.07890577868904347,71
7210.964920244,13.99999999999768,1,1,8.617795150240418,24.847919328366768,0.05375989073286755,0.2061509798403366,1.3582414271973464,0.8,1,13.277537727836643,0.07911852796241425,73
7210.97357106,14.009999999997675,1,1,8.672988159057695,24.391879541630566,0.0,0.19300241945857954,1.3341711577402768,0.8,1,13.258931112256073,0.07931114077380319,75
7210.983685231,14.019999999997669,1,1,8.724418224153474,23.944915764869165,0.0,0.1808057312789513,1.3104302491262265,0.8,1,13.241055189621653,0.07948550405575228,76
7210.993721666,14.029999999997663,1,1,8.697200632891404,23.507352191069213,0.0,0.16867940827755074,1.2878644120499818,0.8,1,13.223948130450902,0.07964336218022705,76
7211.003897301,14.039999999997658,1,1,8.704528167130434,23.079385442628176,0.0,0.1585346847183851,1.2672493636983444,0.8,1,13.207630407293221,0.07978625433788622,81
7211.013916719,14.049999999997652,1,1,8.638270073855828,22.661281430915462,0.0,0.14901273330944387,1.2457795731460775,0.8,1,13.192111995505437,0.07991556249351284,82
7211.02369548,14.059999999997647,1,1,8.577985275013178,22.253463710724333,0.1,0.1387893124634951,1.2235834309751208,0.8,1,13.177393770172287,0.08003258674342506,83
7211.034900755,14.069999999997641,1,1,8.489264784543495,21.856189808910162,0.0,0.12836665198708538,1.204246571985804,0.8,1,13.163470036073415,0.08013852086734419,87
7211.043735173,14.079999999997636,1,1,8.467302729329903,21.469407270784014,0.0,0.11817336060162431,1.1835636569434762,0.8,1,13.15032881651789,0.0802343915798458,90
7211.053809671,14.08999999999763,1,1,8.376742275013822,21.092856491381337,0.1,0.10840530296837486,1.162974787534537,0.8,1,13.137960886522709,0.08032117421523388,91
7211.065876084,14.099999999997625,1,1,8.24901035322878,20.725868478355927,0.06380294400820213,0.09811369893065444,1.145095928692359,0.8,1,13.126348543492218,0.08039976752733113,93
7211.07362763,14.10999999999762,1,1,8.192830369993876,20.367490708975804,0.0,0.08862903702292385,1.1239674212850548,0.8,1,13.115472018096114,0.0804708610351561,98
7211.083404558,14.119999999997614,1,1,8.095447848778315,20.01675597192885,0.0,0.08035517688164989,1.1053805067405482,0.8,1,13.10530517194501,0.08053520611194998,98
7211.093391942,14.129999999997608,1,1,7.892407432968691,19.672699615406,0.0,0.07341926898948525,1.0898920842089836,0.8,1,13.095825297675178,0.08059345093570247,98
7211.103718738,14.139999999997602,1,1,7.714262936368521,19.33305841299142,0.1,0.067380031374774,1.0714874646302008,0.8,1,13.086997152894993,0.08064608041758703,102
7211.113271732,14.149999999997597,1,1,7.50427004663395,18.995745871032895,0.10000000000000002,0.06257166781654722,1.0541474788139742,0.8,1,13.078781912404496,0.0806936506571787,102
7211.123366004,14.159999999997591,1,1,7.27863248397161,18.6586379144984,0.1,0.060315297091981857,1.0368853569023195,0.8,1,13.07114053041283,0.08073664133173741,102
7211.134401655,14.169999999997586,1,1,6.973443993794751,18.319120577932722,0.0,0.05921434516235061,1.0210373554223675,0.8,1,13.064035158058479,0.0807754729514687,105
7211.143359933,14.17999999999758,1,1,6.739303395079181,17.97428698454881,0.0,0.061462445358234204,1.0014447743774968,0.8,1,13.057424227260611,0.08081050443185411,106
7211.153320915,14.189999999997575,1,1,6.459117474173031,17.622926018107435,0.09999999999999999,0.06624201443887523,0.9843747480262928,0.8,1,13.051272384812133,0.08084217272449346,106
7211.163432703,14.19999999999757,1,1,6.165823724083274,17.26380154269418,0.013805825737374383,0.07476892269058287,0.9669744770209885,0.8,1,13.04554993563475,0.08087078972461859,106
7211.173949275,14.209999999997564,1,1,5.845125054000036,16.8958625096095,0.0,0.08490846671003352,0.9465199071363576,0.8,1,13.040228900666735,0.08089660937806387,111
7211.183539843,14.219999999997558,1,1,5.511576347101868,16.518478440207634,0.1,0.09673878402759654,0.9280572804049678,0.8,1,13.035278571517203,0.08091992582817786,112
7211.193404911,14.229999999997553,1,1,5.075377793539884,16.130986737898983,0.06610193394101038,0.10901515339779606,0.9082677361285013,0.8,1,13.03067707650748,0.08094083462744095,112
7211.203598618,14.239999999997547,1,1,4.662319624699772,15.732995702495774,0.1,0.1217707202039784,0.88910959929364,0.8,1,13.026390603509299,0.08095962348419872,117
7211.213440242,14.249999999997542,1,1,4.227988574819931,15.324380850294133,0.1,0.13546940741239166,0.8682471436395058,0.8,1,13.022389602644578,0.08097654516146391,118
7211.223343449,14.259999999997536,1,1,3.8006155425712684,14.905100298161766,0.08209406714319767,0.1494700199873594,0.8471752046741856,0.8,1,13.01865362169786,0.08099180686096341,118
7211.234689486,14.26999999999753,1,1,3.3284947934590616,14.475169933818888,0.0,0.1639603238350025,0.8257747795705267,0.8,1,13.015168572830643,0.0810055667210734,120
7211.243921951,14.279999999997525,1,1,2.8153786447334035,14.034675633014206,0.06384393936206842,0.17854216247254165,0.8043635064990556,0.8,1,13.011918563796558,0.08101794195706202,122
7211.253699885,14.28999999999752,1,1,2.422931967220907,13.583873283502548,0.0,0.1934356095460071,0.7811956103822081,0.7811956103822081,0,13.008883869592976,0.08094469085730727,123
7211.263311268,14.299999999997514,1,1,2.0059912398218867,13.123669231058237,0.1,0.20853561964652667,0.7590953521082986,0.7590953521082986,0,13.006035467933907,0.08066034170782022,123
7211.273642881,14.309999999997508,1,1,1.6088397650340267,12.655370136168756,0.06386101372477986,0.2239065723130013,0.7350401676075244,0.7350401676075244,0,13.003338842450987,0.08018456208511826,127
7211.283368358,14.319999999997503,1,1,1.4305430942880184,12.180252496206856,0.1,0.2393353638387927,0.7116154621162378,0.7116154621162378,0,13.000765505462592,0.07953091067867124,128
7211.293385019,14.329999999997497,1,1,1.4123848691703798,11.699537087613008,0.1,0.25484977591869645,0.6871775144132939,0.6871775144132939,0,12.998301291507993,0.07870142018939985,128
7211.303832725,14.339999999997492,1,1,1.6030700787864334,11.214388534698708,0.1,0.2702401652577763,0.6626747341190182,0.6626747341190182,0,12.99594046291324,0.0777163332122337,132
7211.313462279,14.349999999997486,1,1,1.9604402218307326,10.725907012442413,0.10000000000000002,0.2857611851541686,0.6380168584387066,0.6380168584387066,0,12.993677415362805,0.07660043977203146,133
7211.323222005,14.35999999999748,1,1,2.4786611543807737,10.235140733857266,0.06648178337805047,0.30140334466129176,0.6141408454922032,0.6141408454922032,0,12.991516959703405,0.07534251858003937,133
7211.333326255,14.369999999997475,1,1,2.854669137373301,9.74305930002119,0.1,0.31704090299869125,0.5876332368390775,0.5876332368390775,0,12.989474010850609,0.07396799021992795,133
7211.343522416,14.37999999999747,1,1,3.350384763510235,9.250625907296842,0.1,0.3327658198705269,0.5619959247044172,0.5619959247044172,0,12.987567198101726,0.07247687495554556,139
7211.354175336,14.389999999997464,1,1,3.950864976950008,8.758712320730785,0.1,0.34861995645157173,0.5383620461296591,0.5383620461296591,0,12.985818363300824,0.07088558522750699,139
7211.36411799,14.399999999997458,1,1,4.309693600849693,8.26812969224333,0.1,0.36458599836955197,0.5109218880243687,0.5109218880243687,0,12.984265422255593,0.06920296290590078,140
7211.373247791,14.409999999997453,1,1,4.862308815043328,7.779716063610602,0.1,0.3807566965206757,0.48660982700605054,0.48660982700605054,0,12.982946006333206,0.06744068960843208,146
7211.383569853,14.419999999997447,1,1,5.229909596061805,7.2942832428464754,0.1,0.3967933566113547,0.4594869917021913,0.4594869917021913,0,12.981899202249627,0.06559436838591637,146
7211.394067383,14.429999999997442,1,1,5.617434830477962,6.812680991486658,0.09999999999999999,0.41298723368140505,0.43352822379720946,0.43352822379720946,0,12.981171143143076,0.06367231641782034,146
7211.404223737,14.439999999997436,1,1,6.076404224648461,6.335729661528623,0.1,0.4292637198250903,0.4093434646325317,0.4093434646325317,0,12.98080917049144,0.06168906847946376,150
7211.413685453,14.44999999999743,1,1,6.309667260328345,5.864306011717024,0.012864558026494234,0.44562953700530633,0.3828662503939078,0.3828662503939078,0,12.980864138418873,0.05965318764071226,152
7211.423783431,14.459999999997425,1,1,6.63438277178744,5.399523117054954,0.09999999999999999,0.4620130404063474,0.3569030440898868,0.3569030440898868,0,12.981381566252162,0.057561109411380595,153
7211.433872553,14.46999999999742,1,1,6.797206416972046,4.942708982401237,0.0827373513807895,0.47840667229015266,0.3293378404902633,0.3293378404902633,0,12.98239437672816,0.055413826253274845,154
7211.443822913,14.479999999997414,1,1,7.054474784276038,4.495625175576024,0.06393667396055697,0.4948477705838531,0.303375200167137,0.303375200167137,0,12.98391305442609,0.05322563371475875,162
7211.454257361,14.489999999997409,1,1,7.272603023731484,4.060507286398671,0.09999999999999999,0.5113282945471231,0.2904130807691561,0.2904130807691561,0,12.985931578966785,0.05099109615947928,166
7211.463920088,14.499999999997403,1,1,7.404722695206561,3.640475343536614,0.0,0.527893086899283,0.283223504351956,0.283223504351956,0,12.988440214943095,0.04874259545080184,1
7211.474864726,14.509999999997397,1,1,7.674381212465037,3.2400689831139386,0.027882975221952933,0.5444257489637011,0.28122636575593674,0.28122636575593674,0,12.991400172735714,0.046459569742169915,7
7211.483873916,14.519999999997392,1,1,7.639998280191327,2.866026029078433,0.06678734954685751,0.5609236402156393,0.2718354986211737,0.2718354986211737,0,12.994748343086096,0.044142969825622824,11
7211.494114047,14.529999999997386,1,1,7.609014278377047,2.5281926902296936,0.0,0.5774433828280158,0.2612932738735998,0.2612932738735998,0,12.99840497141767,0.0418016041943714,15
7211.503631459,14.53999999999738,1,1,7.808941299615887,2.240901152798694,0.09999999999999999,0.5939060649549853,0.2565225750055406,0.2565225750055406,0,13.002274414036483,0.03944515653091729,18
7211.513372465,14.549999999997375,1,1,7.736870420777177,2.0240425370717583,0.08089456391969119,0.6103522223231234,0.24653689692164887,0.24653689692164887,0,13.006247908307477,0.03708155876019692,24
7211.523309693,14.55999999999737,1,1,7.76890024080892,1.9001161919404743,0.1,0.6267427600382645,0.23728207205515445,0.23728207205515445,0,13.010201410422992,0.03470450867274666,24
7211.533586949,14.569999999997364,1,1,7.609639767908024,1.8854954862233129,0.1,0.6431296052862583,0.22465647757950624,0.22465647757950624,0,13.014008967653922,0.032325456837497324,24
7211.543570245,14.579999999997359,1,1,7.514025541430671,1.9795909882400209,0.10000000000000002,0.6593798201827024,0.21366537821316492,0.21366537821316492,0,13.017523945520855,0.02992571073709227,28
7211.553691155,14.589999999997353,1,1,7.411152204928723,2.1658327300059996,0.09999999999999999,0.675540466298052,0.20185551733099263,0.20185551733099263,0,13.020597139493264,0.027534954496318154,29
7211.564098241,14.599999999997348,1,1,7.25869352229361,2.421338516969241,0.06687883909972235,0.6915209351654755,0.1895669433104649,0.1895669433104649,0,13.0231003573024,0.025135313603613874,31
7211.575378688,14.609999999997342,1,1,7.1017221007705995,2.725197555912629,0.027979316181946986,0.7074635559282618,0.17691199211231926,0.17691199211231926,0,13.02490383281442,0.022746766382222283,34
7211.58374313,14.619999999997336,1,1,6.874449781396929,3.0617782801181193,0.0,0.7232066081727972,0.16234584962325085,0.16234584962325085,0,13.025896717582965,0.020361407054078295,39
7211.594063351,14.629999999997331,1,1,6.791138380117487,3.420290033829016,0.1,0.7387893997446856,0.1572053842093447,0.1572053842093447,0,13.025975280146163,0.017989742878448567,40
7211.603372655,14.639999999997325,1,1,6.606279227086528,3.793567946494922,0.10000000000000002,0.7541651478677613,0.17007356446732416,0.17007356446732416,0,13.025053457513526,0.017098847746399803,42
7211.613328054,14.64999999999732,1,1,6.306150869599551,4.176717035911655,0.10000000000000003,0.7692598426917766,0.18351806030014453,0.18351806030014453,0,13.023065459809478,0.016375955556314395,45
7211.623252335,14.659999999997314,1,1,6.184913066297014,4.566399276022368,0.06395866497287193,0.7840252799663086,0.1966474114990312,0.1966474114990312,0,13.019946698872243,0.016066054670689764,45
7211.633275261,14.669999999997309,1,1,5.970993366540891,4.960224422686289,0.10000000000000002,0.7984855776477084,0.2102887574696509,0.2102887574696509,0,13.015659054742189,0.015733011018822074,45
7211.643581958,14.679999999997303,1,1,5.673829326561216,5.3565495648946415,0.10000000000000002,0.8125614924282889,0.22405413785445352,0.22405413785445352,0,13.010198631677072,0.015376241979681973,48
7211.653670737,14.689999999997298,1,1,5.431071017982819,5.754904935844697,0.1,0.8261337431472275,0.2379027092741156,0.2379027092741156,0,13.003742999954488,0.01500371289239337,49
7211.663585261,14.699999999997292,1,1,5.3406673683725145,6.153476683238441,0.06396581224788189,0.8391651137764845,0.2515845720664328,0.2515845720664328,0,12.996144015802638,0.0146093430551065,50
7211.674057972,14.709999999997287,1,1,5.071986674830907,6.550994159764739,0.08140371470394286,0.8516759622121063,0.2656207519282284,0.2656207519282284,0,12.987339394554594,0.014579565917290038,51
7211.683706293,14.719999999997281,1,1,4.868739208409036,6.94650260412677,0.08144101591612805,0.8633848033591274,0.279635123483017,0.279635123483017,0,12.977355725388465,0.015811394017914593,57
7211.693356147,14.729999999997275,1,1,4.669461945452938,7.339139088526484,0.06396857866441484,0.8742427138067062,0.2936920136279044,0.2936920136279044,0,12.96623555450261,0.017060323798335275,57
7211.70352893,14.73999999999727,1,1,4.481713832081451,7.728194121248828,0.06396818877323285,0.8842062340713225,0.3076734419859763,0.3076734419859763,0,12.95403515592135,0.018323940497941282,57
7211.714114649,14.749999999997264,1,1,4.112533088939062,8.112834434325764,0.10000000000000002,0.8929083298512591,0.3219826539283557,0.3219826539283557,0,12.940817665754164,0.019600670807006282,62
7211.723571528,14.759999999997259,1,1,4.074596461413933,8.492006099548119,0.06712727372748874,0.9000528188950393,0.33547810615341617,0.33547810615341617,0,12.926661935371948,0.02089026085474538,63
7211.733768035,14.769999999997253,1,1,3.818331059315053,8.864839530404488,0.1,0.9057736247716863,0.3493124398768737,0.3493124398768737,0,12.911657029391089,0.02218692074540135,64
7211.744845976,14.779999999997248,1,1,3.702290207742629,9.230260721212016,0.1,0.9097253540315335,0.3626410432167134,0.3626410432167134,0,12.89589448001762,0.023488691649505844,67
7211.75361418,14.789999999997242,1,1,3.563767121502915,9.58703682328032,0.08168947263671984,0.911443352896671,0.3757701361866155,0.3757701361866155,0,12.879476386091035,0.024793006774787907,70
7211.763300754,14.799999999997237,1,1,3.4178359418493134,9.933852796265308,0.10000000000000002,0.9109033720032407,0.3885712608825122,0.3885712608825122,0,12.862513235393708,0.02609653883205154,70
7211.773375394,14.809999999997231,1,1,3.134709266043778,10.269367176679859,0.1,0.9075224783507941,0.4013398425342829,0.4013398425342829,0,12.84512479732685,0.027396951124079305,70
7211.783285775,14.819999999997226,1,1,3.1407572004089532,10.591950165079256,0.06396482765755038,0.9014299361605875,0.412964903394235,0.412964903394235,0,12.827432935328325,0.028689496049180918,75
7211.793471344,14.82999999999722,1,1,2.977887375085842,10.90043760849558,0.06396357760800044,0.8929647913096457,0.42442485092916216,0.42442485092916216,0,12.809565058090747,0.02996896331736465,75
7211.80342379,14.839999999997215,1,1,2.857018423444916,11.193379332360054,0.1,0.8820280459418249,0.4351992785309087,0.4351992785309087,0,12.79162034508723,0.0312333602503998,75
7211.813797809,14.849999999997209,1,1,2.736789324257174,11.468981835654583,0.08496728250837095,0.8693929540191004,0.44541581938316765,0.44541581938316765,0,12.773633138221932,0.03247545171982674,79
7211.823368439,14.859999999997203,1,1,2.581833653245712,11.72680007163182,0.06395927085530421,0.8552190386997172,0.45478615152237756,0.45478615152237756,0,12.755785053066916,0.03369184440594569,79
7211.833267049,14.869999999997198,1,1,2.4444197040443427,11.967312277319147,0.06395764976069893,0.8398990774550683,0.4635082210648369,0.4635082210648369,0,12.738284788660994,0.03487793001812167,79
7211.843373733,14.879999999997192,1,1,2.3352106490946904,12.190493426898433,0.08205171584506221,0.8237556641127336,0.47141544720928197,0.47141544720928197,0,12.721255705855594,0.03602954100466643,79
7211.853606427,14.889999999997187,1,1,2.1615722214994704,12.396284093736273,0.0820874469990662,0.8069426880932,0.4787088347126591,0.4787088347126591,0,12.704806919798914,0.037143394397942564,86
7211.863429327,14.899999999997181,1,1,2.0568546508755494,12.584660107673221,0.0639502380524177,0.7896543764641463,0.48511405624643034,0.48511405624643034,0,12.689041059437045,0.038215197120463784,86
7211.873537031,14.909999999997176,1,1,1.903983259008014,12.755787458381258,0.06394815333982982,0.7719680346774564,0.49084695560802777,0.49084695560802777,0,12.674013280819178,0.03924249675091179,86
7211.883526722,14.91999999999717,1,1,1.7787962146677092,12.910227435198372,0.0,0.7540740073875156,0.49575473847872975,0.49575473847872975,0,12.659763107647194,0.04022018126934934,90
7211.893533338,14.929999999997165,1,1,1.7007033031753895,13.04826550176429,0.06734902413657393,0.7359347101001403,0.49982286130114195,0.49982286130114195,0,12.646375754588695,0.04114745834505493,90
7211.90341422,14.939999999997159,1,1,1.5598837442436646,13.16957293434726,0.10000000000000002,0.7176017332432122,0.5051789976168145,0.5051789976168145,0,12.63394178928776,0.04202203217889855,91
7211.914578248,14.949999999997154,1,1,1.4695166132812052,13.274041397781643,0.0,0.699166641197776,0.5130413899754827,0.5130413899754827,0,12.62248505238221,0.04283983664052257,94
7211.923336154,14.959999999997148,1,1,1.3488716903567157,13.361800317578245,0.1,0.6806303428389667,0.5207898276377909,0.5207898276377909,0,12.612007797191291,0.043600893202949714,96
7211.933276428,14.969999999997142,1,1,1.2451968237801578,13.433066344240002,0.1,0.661998228601864,0.5273720364060689,0.5273720364060689,0,12.602507521689537,0.04430414487444326,96
7211.943343725,14.979999999997137,1,1,1.1531632076145235,13.488109652960299,0.1,0.643271220794682,0.5328227872123332,0.5328227872123332,0,12.593971565596876,0.04494844852166338,96
7211.953231103,14.989999999997131,1,1,1.110523558644851,13.527220725869654,0.06392747044130592,0.624483454819125,0.5374491724211001,0.5374491724211001,0,12.586377814987657,0.04553143173706001,102
7211.963317103,14.999999999997126,1,1,0.9951066340127344,13.550688439577742,0.10000000000000002,0.6056456466703692,0.5419419411089985,0.5419419411089985,0,12.579687766529991,0.04605325776052402,102
7211.973346352,15.00999999999712,1,1,0.9672566297082681,13.558816782824024,0.0,0.5868083609300003,0.5444494060857125,0.5444494060857125,0,12.573860905970703,0.046513491032279586,102
7211.98396626,15.019999999997115,1,1,0.8940850660286775,13.55192747528632,0.0,0.5679476307133139,0.5470654344212302,0.5470654344212302,0,12.568849258241995,0.046912308075420045,106
7211.993276115,15.02999999999711,1,1,0.8816104458566328,13.53034304750559,0.06391331402138697,0.5490624757946484,0.5486187645891927,0.5486187645891927,0,12.564606107897246,0.04724892469674752,107
7212.003332727,15.039999999997104,1,1,0.8217432462754422,13.494382149110816,0.08275347793143985,0.5301504557321324,0.5497539408232985,0.5497539408232985,0,12.5610751952473,0.047988434152899884,107
7212.013239169,15.049999999997098,1,1,0.7548823492637472,13.44437723889963,0.0,0.5112261940684995,0.5507197667304828,0.5507197667304828,0,12.558205172201015,0.04868061899601517,107
7212.02364887,15.059999999997093,1,1,0.7641774389571141,13.380663514525732,0.06390594008363988,0.49228673259622485,0.5502845538572059,0.5502845538572059,0,12.555945044345783,0.04931204683064039,112
7212.033237668,15.069999999997087,1,1,0.7152911203610314,13.303601387548095,0.1,0.47334821074857525,0.5494467869047368,0.5494467869047368,0,12.554247394072915,0.04987914378395619,112
7212.043485401,15.079999999997082,1,1,0.6875163392948664,13.213533046177702,0.1,0.4544249147161116,0.5483521201905319,0.5483521201905319,0,12.553056801415819,0.050376200874107435,112
7212.053580869,15.089999999997076,1,1,0.6954051869621982,13.1108209400787,0.1,0.43551570604140716,0.5461905865553582,0.5461905865553582,0,12.552331267282142,0.050806509943654765,118
7212.063372909,15.09999999999707,1,1,0.6776684329587321,12.99581092133627,0.1,0.4166471952882584,0.5430584168867691,0.5430584168867691,0,12.552024457080904,0.05117247627963539,120
7212.073302209,15.109999999997065,1,1,0.6828656670244352,12.868871003199164,0.050237945246564816,0.3977897406142777,0.5398541373282116,0.5398541373282116,0,12.552100087413988,0.05146992722661936,120
7212.086386571,15.11999999999706,1,1,0.693306974728962,12.730345177515753,0.1,0.37896786432984025,0.535962547819044,0.535962547819044,0,12.552514134257049,0.05170547656930968,121
7212.094089294,15.129999999997054,1,1,0.7434336400566064,12.580580424271405,0.06389067246874128,0.3601914465401477,0.5307083868859297,0.5307083868859297,0,12.553231764928539,0.051876307683103695,126
7212.103287208,15.139999999997048,1,1,0.7238270253830887,12.419930120324603,0.1,0.3414707219498651,0.5262403273699917,0.5262403273699917,0,12.554215408460434,0.051984704592328956,127
7212.11332645,15.149999999997043,1,1,0.8090280033113216,12.248743050062378,0.1,0.3227927205904061,0.5213382542941188,0.5213382542941188,0,12.555439537004421,0.05203824723011652,127
7212.123325109,15.159999999997037,1,1,0.7770250262483425,12.067376507392208,0.0,0.30420709991441014,0.514352340723821,0.514352340723821,0,12.556876034305684,0.052024258651652056,132
7212.133346889,15.169999999997032,1,1,0.8167882316708082,11.87617881748558,0.1,0.28572205687899765,0.5080831168117963,0.5080831168117963,0,12.558493790611573,0.05195196147284897,133
7212.143456339,15.179999999997026,1,1,0.9120526850672603,11.675477128366007,0.06389115036253729,0.26732673034534193,0.5009665182523826,0.5009665182523826,0,12.56026748549209,0.0518215310200818,133
7212.154762706,15.18999999999702,1,1,0.8385824215807811,11.465605345199146,0.0,0.2490912921335814,0.4935982555858672,0.4935982555858672,0,12.562169498229045,0.051635259769836406,137
7212.163844981,15.199999999997015,1,1,0.8791649212842427,11.246904298837059,0.0,0.23107057976360132,0.4856979364114582,0.4856979364114582,0,12.564187052000191,0.051391251120244785,140
7212.173384725,15.20999999999701,1,1,1.010429451927302,11.019710578862304,0.1,0.21326226933137696,0.478035942230051,0.478035942230051,0,12.566301761806447,0.051093311013567067,141
7212.183348622,15.219999999997004,1,1,1.019348094098822,10.78431991254051,0.06389151714591154,0.19572450225716354,0.4684179034913082,0.4684179034913082,0,12.568481545562104,0.050744444442888614,141
7212.193332604,15.229999999996998,1,1,1.0099728426641337,10.541046991486558,0.1,0.17858612422151532,0.4595978379331804,0.4595978379331804,0,12.570701023974134,0.050340176647153956,145
7212.203558136,15.239999999996993,1,1,1.0269126033686942,10.290204308907734,0.1,0.16195101267940065,0.45011981675915536,0.45011981675915536,0,12.572955402817644,0.049885365042703245,145
7212.213449156,15.249999999996987,1,1,1.1077808181544453,10.032101269366471,0.0,0.1459972708382626,0.4400842382815532,0.4400842382815532,0,12.575233478297848,0.04938166318479731,145
7212.223689081,15.259999999996982,1,1,1.1407116590421353,9.76702943309108,0.04330515199490555,0.1309551165572975,0.4297242113678999,0.4297242113678999,0,12.577514658396256,0.048828321775344574,150
7212.233275607,15.269999999996976,1,1,1.1409351486906356,9.495270014431933,0.0,0.1171992063908718,0.4192695472848863,0.4192695472848863,0,12.579779609428112,0.048227168386230534,150
7212.243729095,15.27999999999697,1,1,1.130385522121716,9.217105930592023,0.0,0.10525014129772035,0.40830510936752795,0.40830510936752795,0,12.582016172672557,0.04758003568569025,151
7212.255883602,15.289999999996965,1,1,1.1545479838871768,8.932818712738442,0.013805825737364327,0.09577329792119588,0.39688730350339935,0.39688730350339935,0,12.584216966638234,0.04688804381800227,152
7212.263664509,15.29999999999696,1,1,1.148603851403796,8.642682980410688,0.0,0.08959530898879937,0.3854071926405451,0.3854071926405451,0,12.58637482597473,0.046152501633751286,156
7212.274127124,15.309999999996954,1,1,1.0834303648869732,8.346967304119639,0.0,0.08738600145876955,0.3737059171894553,0.3737059171894553,0,12.588487922659477,0.045379470079853323,158
7212.283844393,15.319999999996949,1,1,1.065297275073376,8.04595179426371,0.013805825737385355,0.0895119747220738,0.36143528498012467,0.36143528498012467,0,12.590560140948678,0.044561378928387296,161
7212.293822941,15.329999999996943,1,1,1.1006527226119631,7.739914886742587,0.0,0.09559899114884818,0.34877968006076243,0.34877968006076243,0,12.592596948377551,0.04370165120387859,168
7212.303881026,15.339999999996937,1,1,1.0344628237554936,7.429095518802004,0.0,0.10502654232412258,0.336170519748366,0.336170519748366,0,12.594586558853141,0.04280394281822675,172
7212.313800637,15.349999999996932,1,1,1.053461055341689,7.113746871923217,0.0,0.11691666285025389,0.322810114717745,0.322810114717745,0,12.596536732533808,0.04186680272291232,174
7212.325480132,15.359999999996926,1,1,1.0172006241368985,6.7941207486414825,0.0001707711386374355,0.1306503999013541,0.30926982770400074,0.30926982770400074,0,12.598436740968047,0.04088951696726972,177
7212.333848806,15.36999999999692,1,1,1.002199221957562,6.470466950332097,0.0,0.14558627764546492,0.2955379855432395,0.2955379855432395,0,12.600284637683055,0.03987675814291014,182
7212.343659759,15.379999999996915,1,1,0.9041872029828395,6.143027954906377,0.10000000000000002,0.1614862919954328,0.28200134077297045,0.28200134077297045,0,12.602071541592005,0.03882930840646903,185
7212.353449591,15.38999999999691,1,1,0.9030934156569853,5.812039028115956,0.0,0.178091730211702,0.26772938784422967,0.26772938784422967,0,12.603805148483966,0.03774888603964266,186
7212.363362668,15.399999999996904,1,1,0.8697565890117462,5.4777796311054745,0.09999999999999999,0.1951118093452498,0.2541883891902417,0.2541883891902417,0,12.605485308037302,0.03663919102962754,191
7212.373913152,15.409999999996899,1,1,0.8395780714107063,5.14049138290928,0.0,0.21256919174765382,0.23957013987126174,0.23957013987126174,0,12.607119338065454,0.03549997933167515,192
7212.383618788,15.419999999996893,1,1,0.8386921745715075,4.800436430945271,0.0,0.23026419384028096,0.22544451737879015,0.22544451737879015,0,12.608716842395939,0.0343325448953864,193
7212.393826156,15.429999999996888,1,1,0.7882836010188202,4.457869684142933,0.1,0.24819104630325467,0.21068742747886066,0.21068742747886066,0,12.61027577653765,0.03313667196158099,198
7212.403465253,15.439999999996882,1,1,0.7770503754973219,4.113089150415871,0.06394573809563148,0.26635918465270464,0.19589581298456918,0.19589581298456918,0,12.61180689419221,0.03191374016677884,199
7212.413325448,15.449999999996876,1,1,0.7312948639611345,3.7664277471446224,0.013805825737381717,0.2847288198277156,0.18041077529572339,0.18041077529572339,0,12.613330103878518,0.030664102575905905,199
7212.426286175,15.459999999996871,1,1,0.7822906643356309,3.4183170445497355,0.1,0.30314165704811497,0.16577436739544907,0.16577436739544907,0,12.61484855902104,0.02938946850479207,200
7212.433268546,15.469999999996865,1,1,0.8359723173281518,3.069240353285157,0.08323111169953812,0.3216884262606436,0.15087609611278863,0.15087609611278863,0,12.616359363059718,0.028091995999826147,205
7212.443371727,15.47999999999686,1,1,0.9525080547851688,2.7198610827521525,0.10000000000000002,0.34033060180268054,0.13630507160129163,0.13630507160129163,0,12.617875432915714,0.026779897448044654,207
7212.4534782,15.489999999996854,1,1,1.0066745151875875,2.3711158757115967,0.06395806105969556,0.3591856271117074,0.11974366454228447,0.11974366454228447,0,12.619418083091144,0.025440188608891967,208
7212.464089346,15.499999999996849,1,1,1.137694438947317,2.024567082091113,0.06396266323746085,0.37815114559693447,0.10441916992255865,0.10441916992255865,0,12.621022400553272,0.02408077823499788,6
7212.474055391,15.509999999996843,1,1,1.3197003059473809,1.6828639081297185,0.06396717319341326,0.39721667646352943,0.08900960007733148,0.08900960007733148,0,12.622709213276023,0.02270243520003934,8
7212.483516632,15.519999999996838,1,1,1.573316084702817,1.3511839704538418,0.1,0.4164400913886012,0.07339745589650395,0.07339745589650395,0,12.624502755067416,0.021306474105696416,11
7212.494658477,15.529999999996832,1,1,1.9095895511631142,1.0410048573703845,0.0,0.4358034956425995,0.06525208909813533,0.06525208909813533,0,12.626442760222915,0.019896493234433543,16
7212.503542978,15.539999999996827,1,1,2.2035373238664366,0.7807375678316663,0.08306454315881077,0.4553162163725321,0.07011674313569782,0.07011674313569782,0,12.628574286831865,0.018470697189742813,19
7212.513434451,15.549999999996821,1,1,2.566787346563593,0.6376573638053221,0.1,0.47493935149236605,0.07617761009577216,0.07617761009577216,0,12.63093912262067,0.017032310083544222,20
7212.523304728,15.559999999996815,1,1,3.016618434324665,0.6912815416372248,0.1,0.4946596624593498,0.0855527786793277,0.0855527786793277,0,12.633578226921303,0.015589530613779878,20
7212.533329079,15.56999999999681,1,1,3.472253251767367,0.9089404550481629,0.10000000000000002,0.5144678799133049,0.09423690264531821,0.09423690264531821,0,12.636550103461257,0.014138847600445592,26
7212.543614888,15.579999999996804,1,1,3.920247449107987,1.2058670918375347,0.09999999999999999,0.5343414022413724,0.10388080514519268,0.10388080514519268,0,12.639913257901565,0.013221890073255471,26
7212.553434717,15.589999999996799,1,1,4.427890253487671,1.5375276063696566,0.1,0.5542690899805032,0.11505801566444755,0.11505801566444755,0,12.643714953727086,0.013566756572456207,26
7212.564643082,15.599999999996793,1,1,5.050963935597838,1.886209955736438,0.09999999999999999,0.5742063039200019,0.12809836543453862,0.12809836543453862,0,12.648005393916216,0.013996661891563011,33
7212.574050542,15.609999999996788,1,1,5.506140030811232,2.2446323609518517,0.1,0.5941221705390803,0.13764277537465716,0.13764277537465716,0,12.65284852540186,0.014488121023692235,35
7212.583525359,15.619999999996782,1,1,6.135029952523544,2.6097741407908734,0.1,0.6139900048588819,0.15225007108892344,0.15225007108892344,0,12.658295881087739,0.015069690308086248,37
7212.595745953,15.629999999996777,1,1,6.686676588123736,2.979601217417472,0.10000000000000002,0.6337767893563373,0.1646923702746894,0.1646923702746894,0,12.66440917950222,0.01572474081874753,39
7212.603445335,15.639999999996771,1,1,7.34640256319522,3.351888483508717,0.1,0.653466745817385,0.18026837119028274,0.18026837119028274,0,12.67123263240223,0.01645092562726269,43
7212.613899124,15.649999999996766,1,1,7.837118371246067,3.725906599513836,0.09999999999999999,0.6730530423702569,0.19070706914243482,0.19070706914243482,0,12.678816396014655,0.017231250391712027,44
7212.623727371,15.65999999999676,1,1,8.202906089893952,4.100746297343412,0.1,0.6925899945639571,0.19745877466509024,0.19745877466509024,0,12.68717840738306,0.01800819324563996,45
7212.633294588,15.669999999996755,1,1,8.474036343365775,4.476287615333665,0.1,0.7120516619082655,0.2014400912229577,0.2014400912229577,0,12.696282694395519,0.018767853557493552,50
7212.64333224,15.679999999996749,1,1,8.664364281082745,4.852317707456383,0.09999999999999999,0.731434372542569,0.20284096460850307,0.20284096460850307,0,12.706102059441072,0.019481343034636556,50
7212.653362757,15.689999999996743,1,1,8.872593978762549,5.228223407736377,0.1,0.7507249908219825,0.2049835394237784,0.2049835394237784,0,12.716637613162149,0.020140848241548825,50
7212.664152984,15.699999999996738,1,1,9.09138077861062,5.603748983665306,0.09999999999999999,0.7698711206790051,0.2075858268444729,0.2075858268444729,0,12.727856945959664,0.020749417894145417,53
7212.673268594,15.709999999996732,1,1,9.263083910819782,5.978723988443583,0.1,0.7888668773186605,0.22312332562276738,0.22312332562276738,0,12.739720821656224,0.021330175064372847,54
7212.683335799,15.719999999996727,1,1,9.53681483814968,6.352983063724733,0.10000000000000002,0.8076594916383897,0.23995245391549472,0.23995245391549472,0,12.752203965479604,0.02187912203104614,54
7212.693295135,15.729999999996721,1,1,9.760231596913723,6.726389645448756,0.1,0.8262334031481493,0.2568316714268768,0.2568316714268768,0,12.765279361112649,0.02242560799822879,54
7212.703375904,15.739999999996716,1,1,9.98296109398973,7.098807193214089,0.1,0.8446408583332078,0.2736432792331035,0.2736432792331035,0,12.778929225063987,0.022946345540879598,58
7212.713264572,15.74999999999671,1,1,10.166055446955163,7.470075920678367,0.1,0.8627406875302479,0.29076554871740923,0.29076554871740923,0,12.793123511992208,0.023430411519741456,58
7212.723298133,15.759999999996705,1,1,10.284320472502323,7.840031030353996,0.1,0.8806015061330578,0.30732830368126224,0.30732830368126224,0,12.807827961087925,0.023869786876384635,58
7212.733608134,15.769999999996699,1,1,10.325313411781172,8.208521302908025,0.09999999999999999,0.8980876211471254,0.3259131741490964,0.3259131741490964,0,12.822999132430965,0.024252689616317546,63
7212.743342818,15.779999999996694,1,1,10.265990729724844,8.575336492224503,0.1,0.9152622385853955,0.3425207847734144,0.3425207847734144,0,12.838587542178646,0.024551947323568468,63
7212.75351047,15.789999999996688,1,1,10.168133656319933,8.940500616648734,0.10000000000000002,0.9322696700650381,0.3568954588704658,0.3568954588704658,0,12.854515461653792,0.024749288241951106,63
7212.765284569,15.799999999996682,1,1,10.08840220774647,9.304123892998549,0.1,0.9489705850550133,0.3742067853333662,0.3742067853333662,0,12.870703404706463,0.02486340180776425,65
7212.77346183,15.809999999996677,1,1,10.049034245549135,9.66607010317103,0.1,0.9653227657991594,0.3900518451132837,0.3900518451132837,0,12.887088669475663,0.02490216259404643,68
7212.783356648,15.819999999996671,1,1,9.941779614658738,10.026184470218045,0.1,0.9812923491765109,0.4054351352375704,0.4054351352375704,0,12.903614271797467,0.024871559108321062,68
7212.793434446,15.829999999996666,1,1,9.981771567150057,10.384296084452304,0.1,0.99682854235087,0.4204516778830349,0.4204516778830349,0,12.920225631943287,0.026343974281722637,68
7212.803863293,15.83999999999666,1,1,9.940720725923482,10.74022138907791,0.09999999999999999,1.0119437838813456,0.43607616269055766,0.43607616269055766,0,12.936878987928438,0.027948084886325164,72
7212.813254551,15.849999999996655,1,1,9.821933104515454,11.093718416808217,0.1,1.0265769018534951,0.4520766583026247,0.4520766583026247,0,12.953527323612038,0.029549874875526516,73
7212.823201342,15.85999999999665,1,1,9.712791487662704,11.44456000107698,0.0,1.0407697914134535,0.466981454648307,0.466981454648307,0,12.970120982872677,0.031145327904513964,73
7212.834821765,15.869999999996644,1,1,9.702794442651285,11.792553571304934,0.10000000000000002,1.0545103132079223,0.48073303613283325,0.48073303613283325,0,12.986611878169235,0.03272765701083635,77
7212.844098088,15.879999999996638,1,1,9.29757563419504,12.13752447788273,0.023614730256449796,1.067859696345586,0.4929887604450629,0.4929887604450629,0,13.002948362601144,0.03428077159415144,79
7212.853700023,15.889999999996633,1,1,9.161808994469727,12.479293778166003,0.10000000000000003,1.0806081133128749,0.5082692951386115,0.5082692951386115,0,13.019049595210552,0.03581458904154111,80
7212.863419845,15.899999999996627,1,1,8.936249885427804,12.817514209651904,0.1,1.0928318312132066,0.5198392921743501,0.5198392921743501,0,13.034858440434128,0.03733436816135327,80
7212.873544577,15.909999999996622,1,1,8.781429689375933,13.152051257255266,0.10000000000000002,1.1045315302457666,0.5332709585141067,0.5332709585141067,0,13.050319992048612,0.03883248917740989,85
7212.883210865,15.919999999996616,1,1,8.413260783952287,13.482702054819612,0.0,1.1157246428822578,0.5456424902733614,0.5456424902733614,0,13.065384806052704,0.04030699994001741,86
7212.893185315,15.92999999999661,1,1,8.283302715872026,13.809291033054077,0.0,1.1264222831958555,0.556826272439919,0.556826272439919,0,13.080012676760939,0.0417501879261537,86
7212.904258901,15.939999999996605,1,1,8.243774855641739,14.131753659281205,0.0,1.1368053343900881,0.567522725111473,0.567522725111473,0,13.094169824781808,0.0431606009696891,91
7212.913427824,15.9499999999966,1,1,7.968418149758967,14.449996021604338,0.0,1.1466841443947133,0.5781142922165338,0.5781142922165338,0,13.107828076210513,0.04453812282370506,92
7212.923509644,15.959999999996594,1,1,7.821483205964732,14.76389162006169,0.10000000000000002,1.1561185254812683,0.5878423445811279,0.5878423445811279,0,13.120955759622861,0.045880288644529865,93
7212.935746256,15.969999999996588,1,1,7.641083606139696,15.073275734561799,0.1,1.1650281898137163,0.5973194147977133,0.5973194147977133,0,13.133520339186637,0.047187599940023084,95
7212.943868467,15.979999999996583,1,1,7.417294488540773,15.37805191874507,0.1,1.1734944367743743,0.6064711207157677,0.6064711207157677,0,13.145490343973695,0.04845898952849248,99
7212.953295346,15.989999999996577,1,1,7.158247288733087,15.678191061508214,0.1,1.1814498348941767,0.615076374340613,0.615076374340613,0,13.156831971674102,0.04969294094151688,100
7212.964014737,15.999999999996572,1,1,6.936122964888541,15.973598928510363,0.1,1.1887921476385908,0.6230900264290519,0.6230900264290519,0,13.167516471397828,0.05088823133206033,100
7212.974048404,16.009999999996584,1,1,6.57594768982691,16.264139854400486,0.0,1.1956036962395113,0.6310332484308196,0.6310332484308196,0,13.177519095438049,0.05204314278478683,107
7212.983297037,16.019999999996596,1,1,6.299489493339902,16.549584817432066,0.0,1.2017063634011915,0.6375831476416123,0.6375831476416123,0,13.186822185240032,0.053155918563781324,108
7212.993647004,16.02999999999661,1,1,5.973768449125383,16.82967888729306,0.06402688977152998,1.2068843829645444,0.6443041074498721,0.6443041074498721,0,13.195396021840153,0.054226962014271685,109
7213.005148709,16.03999999999662,1,1,5.65836321338505,17.10394625791113,0.0,1.2108911448375983,0.6504940021674548,0.6504940021674548,0,13.203209182934472,0.055258155280463406,113
7213.013876858,16.049999999996633,1,1,5.227168494651146,17.371953342931228,0.0,1.2137281938202882,0.6566066896862497,0.6566066896862497,0,13.210239463585118,0.05624816733726301,115
7213.023442478,16.059999999996645,1,1,4.865867846449241,17.632699255028804,0.0,1.2151685650610635,0.6678303638606645,0.6678303638606645,0,13.216587294381755,0.05719690799998289,116
7213.033204132,16.069999999996657,1,1,4.631573797923644,17.885213835793238,0.00396884697071981,1.2149880105241708,0.6795389559632032,0.6795389559632032,0,13.222407445355143,0.058108153756429415,117
7213.043236348,16.07999999999667,1,1,4.101555450120616,18.130043578866392,0.0,1.2130063263386714,0.6909187049961868,0.6909187049961868,0,13.227416956056171,0.05896501989832126,122
7213.053304754,16.08999999999668,1,1,3.7204542558044773,18.366163559308767,0.06403056743222374,1.2088545633930465,0.7021084099037825,0.7021084099037825,0,13.231535074826377,0.05977804002573783,122
7213.063337533,16.099999999996694,1,1,3.3587726844264854,18.592400544008317,0.06403056743215396,1.2022568639059565,0.7129683827831541,0.7129683827831541,0,13.234761143865482,0.060547984598334326,122
7213.073301317,16.109999999996706,1,1,3.0846502011956876,18.807793269628487,0.1,1.1934915590025745,0.7236560784883606,0.7236560784883606,0,13.23710543410357,0.06139356156329798,127
7213.083184843,16.11999999999672,1,1,2.7193981340323115,19.011589288278206,0.0,1.1827077049439334,0.733805336449006,0.733805336449006,0,13.238592088004095,0.06258320633577225,128
7213.093221338,16.12999999999673,1,1,2.213416791738191,19.203045541872054,0.0,1.1697332211428784,0.7435407226367678,0.7435407226367678,0,13.23923711240976,0.06375385763488517,128
7213.105108674,16.139999999996743,1,1,1.854611216916871,19.381574663760833,0.1,1.1550531582548123,0.7530112259325173,0.7530112259325173,0,13.239069349565598,0.06490390749159597,130
7213.113225943,16.149999999996755,1,1,1.3722985935172243,19.546854653122022,0.0,1.1390889452908939,0.7619224417388272,0.7619224417388272,0,13.238124285581632,0.06603201178868395,132
7213.123223779,16.159999999996767,1,1,0.9874035860289163,19.698728375789074,0.0,1.1221652106858229,0.7705527837034619,0.7705527837034619,0,13.236445652750753,0.06713579345436563,132
7213.133229505,16.16999999999678,1,1,0.6928424098068403,19.837215219023616,0.0,1.1046481657820009,0.7788011599362555,0.7788011599362555,0,13.234080465196323,0.06821457734448177,132
7213.143185663,16.17999999999679,1,1,0.6962663307796688,19.96239469686167,0.0,1.0866615388596887,0.7862293388337079,0.7862293388337079,0,13.231095935016635,0.06926380969516369,136
7213.153229714,16.189999999996804,1,1,0.5309637749875036,20.07438774749156,0.0,1.068314898175541,0.7935781029724076,0.7935781029724076,0,13.227573039705762,0.07028334961298158,136
7213.163420007,16.199999999996816,1,1,0.7308828027191493,20.173294390905657,0.0,1.0497234581693373,0.8003267141551368,0.8,1,13.223612906414036,0.07127155813580088,136
7213.174273595,16.20999999999683,1,1,0.9544593241360869,20.25932689869717,0.1,1.0309333354832166,0.806420706284398,0.8,1,13.219331218457807,0.07219047591400968,140
7213.183215982,16.21999999999684,1,1,1.190412913981235,20.33282280647346,0.0,1.0119984530231856,0.8124052811073191,0.8,1,13.214860362017983,0.07302098354719588,141
7213.193204828,16.229999999996853,1,1,1.374847226714009,20.3941043900126,0.0,0.9929494196369507,0.8178195997664968,0.8,1,13.210356227890939,0.07377155305625238,141
7213.203287494,16.239999999996865,1,1,1.5766704368070799,20.443508456156902,0.09999999999999999,0.9737918408548589,0.8227047485028475,0.8,1,13.205993133137257,0.07444984883768768,141
7213.213242205,16.249999999996877,1,1,1.8886135042339005,20.48137654950762,0.1,0.954535289203345,0.8273683489046189,0.8,1,13.20197301475013,0.07506280784197905,145
7213.223253222,16.25999999999689,1,1,2.1670932584061617,20.507972533707786,0.0,0.9352243341495122,0.8316316422123002,0.8,1,13.198527378244393,0.07561667314744741,145
7213.233362027,16.2699999999969,1,1,2.2578630799075863,20.523581868227744,0.0,0.9158567772809936,0.835481240588657,0.8,1,13.195921069314702,0.07611709572188996,145
7213.243269569,16.279999999996914,1,1,2.5058647768710958,20.528473943784814,0.0,0.8964525066731253,0.8391160349278566,0.8,1,13.194453848106981,0.07656920603566642,149
7213.253257335,16.289999999996926,1,1,2.6479945171066728,20.522847619165326,0.0,0.8770112232600478,0.8423205202166376,0.8,1,13.194473622716623,0.07697761393133346,149
7213.263174765,16.29999999999694,1,1,2.7693709050349837,20.506932571827882,0.0,0.8575392993593226,0.8451931576591595,0.8,1,13.196366154035724,0.07734650772005236,149
7213.274919273,16.30999999999695,1,1,2.897081025007779,20.480909323473945,0.09565118342022781,0.8380379224015664,0.8476115460365392,0.8,1,13.200555243534119,0.07767963808628353,151
7213.283479154,16.319999999996963,1,1,2.920678758023887,20.444884738750897,0.10000000000000003,0.818518290553468,0.8497810530953218,0.8,1,13.207494765424123,0.0779804107347491,153
7213.293212306,16.329999999996975,1,1,3.163349585156525,20.398998481358543,0.0,0.7989693993635592,0.8513657680569424,0.8,1,13.217656906718508,0.07825194773736482,153
7213.30317389,16.339999999996987,1,1,3.0599706084314335,20.343405376427288,0.0,0.7794041505530095,0.8529044735909844,0.8,1,13.231506024487969,0.07849704881718,154
7213.313243301,16.349999999997,1,1,2.9999112303454707,20.27826236251427,0.0,0.7598241827491421,0.8538561195910845,0.8,1,13.249468947186735,0.07871826326305881,159
7213.323230208,16.35999999999701,1,1,3.2445377192129983,20.203717219724624,0.0,0.7402253711962091,0.8545070275184614,0.8,1,13.271883600387437,0.07891785717769179,159
7213.333252738,16.369999999997024,1,1,3.193451961434075,20.119886555379082,0.0,0.7206105496696169,0.8546255686116394,0.8,1,13.298988068916382,0.0790978791374986,159
7213.344538494,16.379999999997036,1,1,3.2085085601786627,20.026928400713487,0.05540450147175112,0.7009866204305728,0.8549305112086201,0.8,1,13.330884567246624,0.07926021741968542,163
7213.353151503,16.38999999999705,1,1,3.316637293338328,19.924961478105097,0.0,0.6813488590872535,0.8543663090135616,0.8,1,13.367540887683296,0.07940654785766926,165
7213.363225176,16.39999999999706,1,1,3.2388259302528386,19.814143215324254,0.0,0.6616970746982799,0.8533267309539567,0.8,1,13.408794985196844,0.07953839258776157,165
7213.373248591,16.409999999997073,1,1,3.338605802943956,19.69459474019907,0.0,0.6420284063582519,0.8523284543519474,0.8,1,13.4543745087844,0.07965713145214098,165
7213.383188231,16.419999999997085,1,1,3.34300922414544,19.56638961980418,0.0,0.6223504249130444,0.8507095496141518,0.8,1,13.50395861724611,0.07976400772971393,170
7213.393222079,16.429999999997097,1,1,3.2406885008628454,19.42965249147322,0.0,0.6026620859464761,0.8484829475890605,0.8,1,13.557193516778229,0.07986015099799926,171
7213.403199953,16.43999999999711,1,1,3.318566530802992,19.284530839952804,0.0,0.582965158270727,0.8463203306365825,0.8,1,13.613699136058607,0.07994659197553566,171
7213.413373816,16.44999999999712,1,1,3.343396290383901,19.131089135277932,0.0,0.5632559169550337,0.8433937209015753,0.8,1,13.67312252199265,0.08002424054707169,176
7213.423249007,16.459999999997134,1,1,3.230907616339224,18.96943981085393,0.0,0.5435389424789236,0.8398927815776585,0.8,1,13.735135894765936,0.08009393105885498,176
7213.433192316,16.469999999997146,1,1,3.185336797736261,18.7996971126565,0.0,0.5238133775965265,0.836646770801287,0.8,1,13.799422284827779,0.08015642607383239,176
7213.445680941,16.47999999999716,1,1,3.3278859746303953,18.62192825016983,0.0,0.504077754952302,0.8322613628413988,0.8,1,13.865709788556465,0.08021240964835269,178
7213.453351476,16.48999999999717,1,1,3.3011542541466454,18.436237903044578,0.0,0.48433803154193056,0.8276978093447077,0.8,1,13.93374869235494,0.08026248165523997,182
7213.463189995,16.499999999997183,1,1,3.355256157530739,18.242704319650215,0.0,0.4645915709899659,0.8225058915645099,0.8,1,14.00331305673598,0.0803072074987749,0
7213.473242983,16.509999999997195,1,1,3.2474018006939915,18.04139594340403,0.0,0.4448467058877699,0.8167031046273392,0.8,1,14.074201191982588,0.08034708986093014,1
7213.483601393,16.519999999997207,1,1,3.394584004852865,17.83237383390943,0.0,0.4251055531889177,0.8108553841287807,0.8,1,14.146219912484554,0.08038260208957004,7
7213.493437726,16.52999999999722,1,1,3.2525965163459327,17.615674026399876,0.0,0.40537437723545716,0.8045517397476252,0.8,1,14.219211246753405,0.0804141439458268,8
7213.503268755,16.53999999999723,1,1,3.3166182250029133,17.39136323383239,0.0,0.3856514702523621,0.7970194871082171,0.7970194871082171,0,14.293012506617144,0.08043463655351779,9
7213.513341571,16.549999999997244,1,1,3.34303059620214,17.15956310134445,0.0,0.3659417189002095,0.7894670190823839,0.7894670190823839,0,14.367472411472711,0.08039070267772863,14
7213.523674049,16.559999999997256,1,1,3.2942386458498283,16.920482302414193,0.1,0.34625392011766565,0.7816908949908399,0.7816908949908399,0,14.442450967211334,0.08027808731389796,14
7213.53325724,16.56999999999727,1,1,3.428716930846751,16.674352035361377,0.0,0.3265868241237152,0.7733639059931912,0.7733639059931912,0,14.517831420847894,0.08009708195276488,15
7213.545319277,16.57999999999728,1,1,3.393946608134337,16.421431744366885,0.1,0.3069485029735514,0.7642534891370615,0.7642534891370615,0,14.593501733849623,0.07984864865916852,16
7213.553460202,16.589999999997293,1,1,3.3094909222149083,16.161976578085266,0.0,0.28735101524143003,0.754755770291671,0.754755770291671,0,14.669345913166785,0.079535411266347,20
7213.563222807,16.599999999997305,1,1,3.220949481470688,15.896208701555903,0.0,0.267816534199681,0.7450668377828582,0.7450668377828582,0,14.74524046901394,0.07915967115991784,20
7213.574185659,16.609999999997317,1,1,3.1899499531529445,15.624327955825501,0.0,0.24835270957290828,0.734828254767162,0.734828254767162,0,14.821067686632018,0.07872219319303664,20
7213.583385326,16.61999999999733,1,1,3.1355546734925293,15.346518074887953,0.0,0.22897947424716883,0.7247374024456057,0.7247374024456057,0,14.896720938552352,0.07822840397063624,29
7213.593521309,16.62999999999734,1,1,3.0841179434033967,15.062960393378027,0.0,0.20971996779524746,0.7136944658188381,0.7136944658188381,0,14.972112693554568,0.07767701882211964,31
7213.603202916,16.639999999997354,1,1,2.8364772460728482,14.773853176874015,0.0,0.19061497576452374,0.7019455619058714,0.7019455619058714,0,15.047150179863449,0.07707033716411715,31
7213.614372951,16.649999999997366,1,1,2.9498324136319662,14.479388308981644,0.0,0.17171387840257676,0.6904020603307248,0.6904020603307248,0,15.121734727808255,0.07640870118943277,35
7213.623830565,16.65999999999738,1,1,2.8227313759076136,14.179721166862677,0.0,0.15310064730628273,0.6776885520825616,0.6776885520825616,0,15.195777414944315,0.07569286094846428,38
7213.633311165,16.66999999999739,1,1,2.7155890686074207,13.875011217346643,0.0,0.13489958254058337,0.6651086004077343,0.6651086004077343,0,15.269175403034145,0.07492625444092449,40
7213.64329678,16.679999999997403,1,1,2.620181273366324,13.565392410024657,0.0,0.1172984977553696,0.6521148043051197,0.6521148043051197,0,15.341838701956144,0.07410887566968316,41
7213.653933306,16.689999999997415,1,1,2.5143659088054595,13.250998674665688,0.0,0.1005696901082843,0.6393726906508744,0.6393726906508744,0,15.413682503842088,0.07324372287284675,46
7213.663308388,16.699999999997427,1,1,2.2579277154072255,12.931953978248746,0.0,0.08524596501540901,0.6252522888355734,0.6252522888355734,0,15.484634168878406,0.07233135420940628,53
7213.673445222,16.70999999999744,1,1,2.2917029807765976,12.608414408678145,0.0,0.0721803821950235,0.6110347109595778,0.6110347109595778,0,15.554607293574557,0.07137128516242885,54
7213.68373018,16.71999999999745,1,1,2.2643315474534993,12.280498822487484,0.0,0.06286560733467875,0.5973816367148852,0.5973816367148852,0,15.623533235307283,0.07037023542899967,60
7213.693235048,16.729999999997464,1,1,2.2286067510361933,11.948337134389403,0.0,0.05900313381836887,0.5825309863212424,0.5825309863212424,0,15.691356911712907,0.06932356488951485,61
7213.703242918,16.739999999997476,1,1,2.18012198607013,11.612068119915126,0.0,0.06163767698818233,0.5667213837382403,0.5667213837382403,0,15.758015305598315,0.06823187440440737,62
7213.715918366,16.74999999999749,1,1,2.317260861988305,11.271825142986104,0.1,0.06999529119793853,0.5518994525934748,0.5518994525934748,0,15.823441380375556,0.06709869875287033,63
7213.723266129,16.7599999999975,1,1,2.1985405741019757,10.927711666975323,0.0,0.082372615016161,0.5364534386903747,0.5364534386903747,0,15.887594349331263,0.06592533878482343,67
7213.733280452,16.769999999997513,1,1,2.2204085700364717,10.579859590698167,0.0,0.0972333634428338,0.520517334250521,0.520517334250521,0,15.950419680303343,0.06471367328665933,67
7213.743240964,16.779999999997525,1,1,2.206150799269831,10.228411076433073,0.0,0.11360325832491162,0.5046422424836609,0.5046422424836609,0,16.011865673723822,0.06346427587178904,67
7213.753223846,16.789999999997537,1,1,2.2030558091634806,9.8734968015135,0.0,0.13091964410137602,0.48879962779392905,0.48879962779392905,0,16.071880076500452,0.06218389513506151,72
7213.763251373,16.79999999999755,1,1,2.2498842006127444,9.515263871924667,0.0,0.14883926690241547,0.4726318498341295,0.4726318498341295,0,16.130423218406644,0.060870749810998714,73
7213.773323362,16.80999999999756,1,1,2.2182574246759286,9.153879509697036,0.0,0.16717129819991242,0.45631767277863533,0.45631767277863533,0,16.187451717120272,0.059527234696683085,74
7213.784522891,16.819999999997574,1,1,2.2177084544178416,8.789512001957485,0.0669268023443516,0.1857741507080383,0.4397468003736249,0.4397468003736249,0,16.242919751516954,0.05815222525428343,78
7213.793698626,16.829999999997586,1,1,2.173491638630701,8.422330973608343,0.0,0.2045732912073437,0.4226005938904205,0.4226005938904205,0,16.296782485496944,0.0567480857967414,82
7213.803435485,16.839999999997598,1,1,1.969041219964177,8.052521097623954,0.0,0.22348783777621473,0.4046931749711662,0.4046931749711662,0,16.348994053087768,0.055311629745736224,82
7213.813539655,16.84999999999761,1,1,2.0614379677012624,7.680282719091763,0.0,0.24247198965138492,0.38743648610743037,0.38743648610743037,0,16.399490655177754,0.05384305086636876,82
7213.823843877,16.859999999997623,1,1,1.644968168526886,7.305801049802066,0.0,0.2614772229392346,0.36860167187220705,0.36860167187220705,0,16.448233836139483,0.05234190122216942,87
7213.83420028,16.869999999997635,1,1,1.646106441527658,6.9293072701908995,0.0,0.28048889218808837,0.35124409276829743,0.35124409276829743,0,16.495163291351734,0.050809692583196675,89
7213.8440718,16.879999999997647,1,1,1.3745532879180746,6.5510634982163785,0.0,0.299466302415634,0.3319251150860524,0.3319251150860524,0,16.54023273166461,0.04924560314105275,92
7213.853156452,16.88999999999766,1,1,1.4867569162046934,6.171421039544289,0.0,0.31835442993241947,0.31397259215010376,0.31397259215010376,0,16.583396396199134,0.04765720937284712,99
7213.86340138,16.89999999999767,1,1,1.539882624904869,5.7908183798092185,0.0,0.33714361777746105,0.29522281462960237,0.29522281462960237,0,16.62462114510692,0.046039228935847554,99
7213.873322325,16.909999999997684,1,1,1.5805845602770032,5.409812798304607,0.0,0.35581315658987533,0.2759591677692672,0.2759591677692672,0,16.66385217591882,0.04439376567002673,100
7213.88655391,16.919999999997696,1,1,1.9702583091828503,5.029097012260692,0.09880561249362636,0.3743246281625831,0.2578757337481865,0.2578757337481865,0,16.701042301912143,0.04272814967556304,103
7213.894480191,16.929999999997708,1,1,2.1312809378785946,4.649565436375358,0.0,0.3926450424133465,0.23863396913098267,0.23863396913098267,0,16.736161598148037,0.041043420732138514,109
7213.903266959,16.93999999999772,1,1,2.3630960644089827,4.272393557165706,0.0,0.41081852043415595,0.22569319846494623,0.22569319846494623,0,16.76918160421515,0.039331924164522025,112
7213.913289122,16.949999999997733,1,1,2.617347404504402,3.8990975893222113,0.0,0.42883070327265066,0.21468208033675634,0.21468208033675634,0,16.80005544465591,0.037605087824264305,113
7213.923463883,16.959999999997745,1,1,3.124270306923425,3.5317628361682147,0.0,0.4466810034561551,0.2062867619103668,0.2062867619103668,0,16.82875337695181,0.03586414189211151,119
7213.933330313,16.969999999997757,1,1,3.365018753867636,3.173273867410633,0.0,0.46441196706834353,0.19517575850719962,0.19517575850719962,0,16.855258441580677,0.03411333835299157,121
7213.944134499,16.97999999999777,1,1,3.5884145729403167,2.827851435334079,0.0,0.4819985028149661,0.18387325382005765,0.18387325382005765,0,16.87954972151408,0.03235070679648577,123
7213.954967427,16.98999999999778,1,1,3.908041712738733,2.5017044773593944,0.030273921130865307,0.49949595539196673,0.17353781658442508,0.17353781658442508,0,16.901597239088897,0.03058477507105606,128
7213.963313407,16.999999999997794,1,1,4.064762577952012,2.2041721965773906,0.0,0.5169237627676082,0.16167040627247903,0.16167040627247903,0,16.921370519027608,0.028809255898631148,130
7213.974146341,17.009999999997806,1,1,4.235410045403097,1.9490228588907572,0.0,0.5343149773617215,0.150049991836943,0.150049991836943,0,16.93884695768326,0.0270359868950254,132
7213.98406073,17.019999999997818,1,1,4.432093578807985,1.755351075831393,0.0,0.5517232868726217,0.1387370195514777,0.1387370195514777,0,16.954007053159295,0.025263647514194854,135
7213.99426762,17.02999999999783,1,1,4.697059984228081,1.6455314398100649,0.0049426858951723066,0.5691425131231908,0.12798593159922197,0.12798593159922197,0,16.96682367637979,0.023491839267889225,140
7214.003589877,17.039999999997843,1,1,4.89976464170547,1.6369553239481716,0.0,0.5866097309344773,0.11654932139708535,0.11654932139708535,0,16.977261912624723,0.022292828396527353,143
7214.014143079,17.049999999997855,1,1,5.074207549778299,1.7314026653276355,0.0,0.6041320266321999,0.10473752331311595,0.10473752331311595,0,16.985321136835193,0.021223404311719207,145
7214.023292213,17.059999999997867,1,1,5.189634352185571,1.9141989530323118,0.0,0.6216920456613667,0.107613114299201,0.107613114299201,0,16.99119818718583,0.020139401382268662,152
7214.033585101,17.06999999999788,1,1,5.361601648768356,2.1637326728406197,0.0,0.6392896155409047,0.1217202057127352,0.1217202057127352,0,16.995089785305506,0.01904404709548735,153
7214.044211717,17.07999999999789,1,1,5.292319839238045,2.458736024319723,0.0,0.6569319375895578,0.13629809348486704,0.13629809348486704,0,16.996544157202443,0.01792473991856025,155
7214.054479103,17.089999999997904,1,1,5.582431104128497,2.784359084230079,0.03361304682398404,0.6746024477859243,0.15265096296400343,0.15265096296400343,0,16.995458496471183,0.016791268354001465,159
7214.063358945,17.099999999997916,1,1,5.414651664276648,3.130877069830613,0.0,0.6923145479254036,0.16741058906867357,0.16741058906867357,0,16.991789306669173,0.015631216920167335,162
7214.073321901,17.109999999997928,1,1,5.4491203307111045,3.492113574719071,0.0,0.7100819289528424,0.1841605844272781,0.1841605844272781,0,16.9855133289111,0.014443871248793316,163
7214.083531191,17.11999999999794,1,1,5.435165902129191,3.863980183113548,0.0,0.7279224676069541,0.1979360000770738,0.1979360000770738,0,16.976591939857983,0.013235285938937746,164
7214.094087057,17.129999999997953,1,1,5.359450376749938,4.243805940748834,0.0,0.7457868723324093,0.21706285749055906,0.21706285749055906,0,16.964994248810232,0.011999536677301137,170
7214.103330653,17.139999999997965,1,1,5.511902985800281,4.629796502400204,0.022643872439530123,0.763693423485104,0.23389293889415244,0.23389293889415244,0,16.950665763674554,0.010745139771063839,172
7214.113469688,17.149999999997977,1,1,5.467290178799842,5.021250025732201,0.0,0.781646748726346,0.25028330348410344,0.25028330348410344,0,16.933606686129497,0.009762091449442067,172
7214.124827535,17.15999999999799,1,1,5.514074102797289,5.417166123855423,0.08703637493095044,0.7996191903369334,0.26818472009768884,0.26818472009768884,0,16.9137932571579,0.01129060702074014,176
7214.133782266,17.169999999998,1,1,5.398239979200766,5.8160280396835855,0.0,0.8176257448791866,0.2854028594335769,0.2854028594335769,0,16.891182978229565,0.012836544057109212,178
7214.143875139,17.179999999998014,1,1,5.335535227670459,6.217253710334486,0.0,0.8356492976479893,0.30364999302264106,0.30364999302264106,0,16.865762532726485,0.014406436359023722,178
7214.153718476,17.189999999998026,1,1,5.294228917835916,6.620463079683835,0.0,0.8537100757021279,0.32131242216150147,0.32131242216150147,0,16.837523189712915,0.01599033705413566,179
7214.163975033,17.199999999998038,1,1,5.19650003314737,7.02540862909555,0.0,0.871816590228986,0.34027922308662306,0.34027922308662306,0,16.80646557362071,0.017592804310412546,184
7214.174303852,17.20999999999805,1,1,5.181803365185676,7.431852394141236,0.0,0.8899583127347473,0.35521412933228314,0.35521412933228314,0,16.77257619154898,0.019206996383273278,185
7214.183876943,17.219999999998063,1,1,5.086774747542232,7.8396090380169525,0.0,0.9081121021465959,0.3730381388822612,0.3730381388822612,0,16.735873892700486,0.020836814831049377,187
7214.194134893,17.229999999998075,1,1,5.0062810994182,8.248482306630077,0.0,0.9262686108593624,0.3925911587675383,0.3925911587675383,0,16.696358851167105,0.022491768801542023,192
7214.203744169,17.239999999998087,1,1,5.063348218924349,8.658334579343236,0.0,0.9444082271211154,0.412120585206099,0.412120585206099,0,16.65403513366528,0.024162010803085998,194
7214.213376111,17.2499999999981,1,1,4.990209847586196,9.069033790095828,0.0,0.9625252926932222,0.4281646713608093,0.4281646713608093,0,16.608919802899553,0.02584969800774406,194
7214.224752133,17.25999999999811,1,1,4.983019025697128,9.480476264271053,0.1,0.9805910733651584,0.44723072493758187,0.44723072493758187,0,16.561043534470073,0.027550422265155916,196
7214.233801841,17.269999999998124,1,1,4.937979194712803,9.892509431738791,0.0,0.9985568807489436,0.467866217541136,0.467866217541136,0,16.510438421210104,0.029268767089656755,199
7214.243343443,17.279999999998136,1,1,4.831244063220739,10.304931846157274,0.0,1.0163562865117943,0.4862639843793841,0.4862639843793841,0,16.457123829494066,0.031015233454041446,200
7214.253319337,17.289999999998148,1,1,4.7496975818721126,10.717575382219922,0.0,1.033999228011934,0.505609436734992,0.505609436734992,0,16.40112396913576,0.032785052897934985,200
7214.263263787,17.29999999999816,1,1,4.7466008058653175,11.130294072495355,0.0,1.0514643237104178,0.52630429451408,0.52630429451408,0,16.342470372040534,0.034568500949445635,205
7214.273546944,17.309999999998173,1,1,4.672932844322915,11.542892638194402,0.0,1.068689701385376,0.5458381857378436,0.5458381857378436,0,16.28120334865262,0.03637653523344753,208
7214.283418707,17.319999999998185,1,1,4.634084538665817,11.955142462604627,0.0,1.0856506071168153,0.5658542067939091,0.5658542067939091,0,16.217365315899812,0.03819620637399046,209
7214.294866118,17.329999999998197,1,1,4.660654646718239,12.36639771385611,0.0,1.102338815777015,0.5848803310860606,0.5848803310860606,0,16.15098486629244,0.0400280308266745,214
7214.30374383,17.33999999999821,1,1,4.5314707514443615,12.775945155760795,0.0,1.1186894738446709,0.6071791466853786,0.6071791466853786,0,16.082096758369847,0.04188590493160982,216
7214.313313283,17.34999999999822,1,1,4.504966875542006,13.183277100397033,0.0,1.134654456122912,0.6266080453021203,0.6266080453021203,0,16.010731579245846,0.04376295268215147,217
7214.324247049,17.359999999998234,1,1,4.415835035594942,13.588863616357095,0.0,1.15020931375281,0.6463141611106747,0.6463141611106747,0,15.937006411400295,0.04564258318575165,218
7214.333501735,17.369999999998246,1,1,4.340314228662655,13.992883809546914,0.0,1.1653360386839635,0.6652333073283399,0.6652333073283399,0,15.861005040853845,0.047528883702550484,225
7214.343934129,17.379999999998258,1,1,4.313094873264887,14.39514703217784,0.0,1.1799992315326053,0.6844910023949687,0.6844910023949687,0,15.782801779672743,0.04941837477882727,226
7214.353784703,17.38999999999827,1,1,4.3142481069940395,14.795324316253867,0.0,1.1941590189503573,0.7043905927845613,0.7043905927845613,0,15.702481518889098,0.05130797813798127,228
7214.363672985,17.399999999998283,1,1,4.2386054893283385,15.192996242669345,0.0,1.2077188300279311,0.7229472203537278,0.7229472203537278,0,15.620133360048326,0.05320318880212227,232
7214.373382478,17.409999999998295,1,1,4.188353338287775,15.58769174259602,0.0,1.2205732351358567,0.7424403656295868,0.7424403656295868,0,15.535837290474754,0.05510157021826556,233
7214.383694556,17.419999999998307,1,1,4.112886150835879,15.97890742013515,0.0,1.2327212782974803,0.7605887386203434,0.7605887386203434,0,15.449683014858408,0.05699883332162692,235
7214.395246211,17.42999999999832,1,1,4.068380568424119,16.36613622648199,0.1,1.2440469966371366,0.7793559282258248,0.7793559282258248,0,15.361771174996704,0.0588935551484,237
7214.403799787,17.43999999999833,1,1,3.927271113253412,16.74880851412199,0.0,1.2544837834748477,0.7974342636637766,0.7974342636637766,0,15.272206375598152,0.06078210297057973,240
7214.413315855,17.449999999998344,1,1,3.8022757144463113,17.12639182871677,0.0,1.264031481923407,0.8149467102395277,0.8,1,15.181115288389865,0.06258974127441341,243
7214.424162954,17.459999999998356,1,1,3.7927319143378484,17.498748812583838,0.0,1.272512274542769,0.8326474757458888,0.8,1,15.088770556278064,0.06422443594443417,243
7214.433773731,17.469999999998368,1,1,3.6869726016922266,17.86587069808673,0.0,1.2798631934562381,0.8498107714338459,0.8,1,14.995495636151922,0.06570198986618259,250
7214.443484429,17.47999999999838,1,1,3.544931624695406,18.227684921585617,0.0,1.2860931613691784,0.8661638178041046,0.8,1,14.9015872293066,0.0670374448677209,251
7214.453811514,17.489999999998393,1,1,3.317545638074931,18.584255343590662,0.0,1.2910978484856663,0.883180700809039,0.8,1,14.807289619585601,0.06824404157185127,253
7214.464762566,17.499999999998405,1,1,3.3581828256951622,18.935927363570304,0.07359269069298688,1.2947153248636039,0.9017608596007184,0.8,1,14.712809952430804,0.06933414416897943,3
7214.473665661,17.509999999998417,1,1,3.032550203628034,19.282652804430302,0.0,1.2970483512292634,0.9178911091460757,0.8,1,14.618390680612235,0.07031958413869432,5
7214.483896662,17.51999999999843,1,1,2.8722811998015163,19.62348044288516,0.0,1.2979804656099816,0.9322620004439676,0.8,1,14.524315464480203,0.07121069052670537,5
7214.493328937,17.52999999999844,1,1,2.718167488150882,19.957531039061866,0.0,1.2975534634528845,0.9470047966355198,0.8,1,14.43078072959965,0.07201620740176606,7
7214.503352798,17.539999999998454,1,1,2.60302754358926,20.284182341354548,0.0,1.29569730358809,0.9629989458753673,0.8,1,14.337955366641324,0.07274421796232255,13
7214.513272597,17.549999999998466,1,1,2.48799178789714,20.60295563873389,0.0,1.2925865937893928,0.9766844696704012,0.8,1,14.24599469799581,0.07340211095953642,13
7214.523264341,17.559999999998478,1,1,2.368934997626171,20.913392684114726,0.0,1.2882561779396562,0.9909058439259001,0.8,1,14.155035750766563,0.07399668243975688,15
7214.53471691,17.56999999999849,1,1,2.352756976324123,21.21503239072917,0.0,1.2828341289122192,1.0041241670588277,0.8,1,14.06520996037368,0.07453396612695906,20
7214.543235216,17.579999999998503,1,1,2.3334898985750243,21.507476310615097,0.0,1.276391150464107,1.0170162381458134,0.8,1,13.976640590283276,0.07501947150402088,22
7214.553339707,17.589999999998515,1,1,2.3679968465739916,21.790369322241656,0.0,1.2690456174487588,1.0298236421185483,0.8,1,13.889448393804557,0.07545816383615911,22
7214.56531991,17.599999999998527,1,1,2.5244242897347755,22.06339729348667,0.09601401847015913,1.2608511217791296,1.0426862823358842,0.8,1,13.803753752450437,0.07585450819491957,23
7214.573509834,17.60999999999854,1,1,2.5428563892308564,22.326324390715875,0.0,1.251971060134522,1.0520182706053232,0.8,1,13.719680677020229,0.07621261192077755,28
7214.583269723,17.61999999999855,1,1,2.6809622723935465,22.578892409967775,0.0,1.242481056289638,1.0627765493026078,0.8,1,13.637340017079024,0.07653621699157309,29
7214.593338527,17.629999999998564,1,1,2.9128167820577886,22.82085086767954,0.0,1.2323949338238949,1.0738608285593203,0.8,1,13.556854722097162,0.07682856132747817,31
7214.603186361,17.639999999998576,1,1,3.1016850203395494,23.052162310282668,0.0,1.2218157647172774,1.083521751696356,0.8,1,13.4783649007785,0.07709264090971679,37
7214.613531316,17.649999999998588,1,1,3.307503829528388,23.272966075803392,0.0,1.210792354493893,1.0924288540090719,0.8,1,13.402014602372725,0.07733120968691054,37
7214.623278643,17.6599999999986,1,1,3.5371795611362935,23.48337162147944,0.0,1.1993798032691425,1.1005568972408304,0.8,1,13.327956829532306,0.07754676247308989,38
7214.635109102,17.669999999998613,1,1,3.8179949964191047,23.683459730928924,1.3871535412412878e-05,1.1876130294199185,1.1092730003523747,0.8,1,13.256361206166549,0.07774149254921614,42
7214.644507434,17.679999999998625,1,1,3.9642902970801726,23.87332215724527,0.0,1.175525122849006,1.1158821273200923,0.8,1,13.18741653366681,0.07791740126283075,44
7214.653995301,17.689999999998637,1,1,4.194378986680741,24.05302612930536,0.0,1.1631408031465595,1.1224200481696576,0.8,1,13.121331355659022,0.07807630163096446,47
7214.663262789,17.69999999999865,1,1,4.421970101239481,24.22262459832777,0.0,1.150515954133719,1.1284262263284839,0.8,1,13.058330164390815,0.07821984871738463,50
7214.673239445,17.70999999999866,1,1,4.642293831449675,24.382150297560152,0.0,1.1376796840429837,1.1340894377533761,0.8,1,12.998645717469909,0.0783495147524258,54
7214.683322076,17.719999999998674,1,1,4.856378336225164,24.53163117749959,0.0,1.1246207450354924,1.1392244646157077,0.8,1,12.942523611411971,0.07846661203809635,54
7214.693324697,17.729999999998686,1,1,5.062689801406642,24.671087341068194,0.0,1.1113800930133109,1.1438362352297728,0.8,1,12.890209969138835,0.07857236817773305,55
7214.703754604,17.739999999998698,1,1,5.2601205669344475,24.80051503781471,0.0,1.0979782108110878,1.1479298104255382,0.8,1,12.841932508906794,0.07866784489525225,59
7214.71381166,17.74999999999871,1,1,5.438125145579551,24.919938645324486,0.0,1.084428522859574,1.1501561245570533,0.8,1,12.79788801422658,0.07875406086659664,61
7214.723357355,17.759999999998723,1,1,5.614896491629827,25.029302423134908,0.0,1.0707615156163643,1.1533980626998646,0.8,1,12.758215479757235,0.07883193576930969,63
7214.735269567,17.769999999998735,1,1,5.844057057268088,25.128567492038258,0.09999999999999999,1.0570043932752962,1.1549614943816275,0.8,1,12.72298978985521,0.07890223761894966,66
7214.744107792,17.779999999998747,1,1,6.024942468649967,25.217657864535358,0.0,1.0431588295901844,1.155224187835246,0.8,1,12.692197776840468,0.07896576670912703,69
7214.753861626,17.78999999999876,1,1,6.17002781067208,25.296472170373924,0.0,1.0292104214170277,1.155774199806141,0.8,1,12.665741953052716,0.07902314456366044,72
7214.764020134,17.79999999999877,1,1,6.245272791239235,25.36492669322875,0.0,1.0152149053618886,1.1550527747374701,0.8,1,12.643452872998173,0.07907489592892603,75
7214.774248139,17.809999999998784,1,1,6.360565771269455,25.42289003907339,0.0,1.0011655432554867,1.154890757722119,0.8,1,12.625087169068715,0.07912148310335221,81
7214.784685953,17.819999999998796,1,1,6.475898437114684,25.47026713334487,0.0,0.9870692509033135,1.152911696515856,0.8,1,12.610364237014018,0.07916349426927338,86
7214.793986192,17.829999999998808,1,1,6.56320773147436,25.506926597836074,0.0,0.9729500185106776,1.1495514284694546,0.8,1,12.598973266558003,0.07920146747837764,89
7214.805537082,17.83999999999882,1,1,6.7085113404040495,25.5326915232592,0.0,0.9588044753876929,1.1466083948705128,0.8,1,12.590586386504802,0.07923579534738079,95
7214.813317654,17.849999999998833,1,1,6.947666739801563,25.547441246609853,0.0,0.9446555687367183,1.1416463575455944,0.8,1,12.584893345470892,0.07926682585403277,101
7214.824131631,17.859999999998845,1,1,7.069318696172004,25.551027314158635,0.0,0.9304865644898961,1.1379872045853445,0.8,1,12.581594870168434,0.07929487599208795,102
7214.834548539,17.869999999998857,1,1,7.198746969078434,25.543402858657675,0.0,0.9163394139380373,1.1326565446285963,0.8,1,12.580430278161613,0.07932039884732767,106
7214.843432946,17.87999999999887,1,1,7.354963866532573,25.524486730189658,0.0,0.9022225774791119,1.1265910322306505,0.8,1,12.581151429252447,0.07934355733554432,112
7214.853766686,17.88999999999888,1,1,7.648519693101262,25.494167813829755,0.0,0.888128248194611,1.1195730411764107,0.8,1,12.583531025879553,0.07936447899493015,114
7214.864952789,17.899999999998894,1,1,7.796214562239425,25.4523617281219,0.0,0.8740765613485294,1.1126390757400995,0.8,1,12.587370405692644,0.07938336443829996,115
7214.873233435,17.909999999998906,1,1,7.905762985571229,25.398986887815894,0.0,0.8600935039575978,1.1054128901620148,0.8,1,12.592490093622008,0.07940041059618608,123
7214.883738718,17.919999999998918,1,1,8.060513740052741,25.3339626777746,0.0,0.846180338078532,1.097401251137714,0.8,1,12.598725952644898,0.0794157864024223,126
7214.893917853,17.92999999999893,1,1,8.202981941870096,25.25723549762411,0.0,0.8323471187460629,1.089127062600586,0.8,1,12.605935730117096,0.07944316967111242,127
7214.906607463,17.939999999998943,1,1,8.397725465383534,25.168790285137025,0.07739278505626251,0.8186069439961637,1.0799127820992114,0.8,1,12.614002209275814,0.07951506975541078,130
7214.913571845,17.949999999998955,1,1,8.57015207607477,25.068623974569885,0.0,0.8049541803479228,1.0707283126943021,0.8,1,12.622822034617789,0.07958008818544304,136
7214.923350267,17.959999999998967,1,1,8.701737480100565,24.95673863812906,0.0,0.791416541053537,1.0608998555519777,0.8,1,12.632301056514951,0.07963888525729568,137
7214.934061601,17.96999999999898,1,1,8.804956759468025,24.833141112464354,0.0,0.777987356266698,1.0508929521434542,0.8,1,12.64235042558903,0.07969205626372722,137
7214.94365318,17.97999999999899,1,1,8.83466498634929,24.697876292739487,0.0,0.7647054802342914,1.0407157316512716,0.8,1,12.652897187836121,0.0797401415683131,143
7214.95410386,17.989999999999004,1,1,8.892349588545185,24.55096867067308,0.0,0.7515779082037772,1.0298646566089582,0.8,1,12.663869043670015,0.07978363025004376,147
7214.964242223,17.999999999999016,1,1,8.981986880110158,24.39243799142998,0.0,0.7386220633768917,1.018634862711057,0.8,1,12.675197920958514,0.07982296582594473,154
7214.975167789,18.009999999999028,1,1,8.8650636500359,24.222282514625668,0.004004939692121467,0.7258510124532968,1.0076053808990866,0.8,1,12.686820442341398,0.07985854994817432,158
7214.98416802,18.01999999999904,1,1,8.733585694784226,24.04052365013169,0.0,0.7132806562120212,0.996409294899911,0.8,1,12.698683484914739,0.0798907399426404,161
7214.993643134,18.029999999999053,1,1,8.588481923785157,23.847198083593653,0.0,0.7009198808941645,0.9848150487220371,0.8,1,12.710736230065143,0.07991985936263601,166
7215.004287705,18.039999999999065,1,1,8.408227908699283,23.642363209788567,0.0,0.6888098734087349,0.9729834537317019,0.8,1,12.722933342127254,0.07994620210949888,166
7215.013584881,18.049999999999077,1,1,8.252370537045008,23.426085655034235,0.0,0.6769576904962108,0.9605114085858413,0.8,1,12.735229142148679,0.07997003372355627,173
7215.02360816,18.05999999999909,1,1,8.03697638393539,23.19847112132859,0.0,0.6653751289756201,0.9479100852534209,0.8,1,12.747583090315663,0.07999158945543361,174
7215.034527856,18.0699999999991,1,1,7.7966258931794306,22.959664339250875,0.0,0.6540776017631236,0.9349536241211287,0.8,1,12.759960671477026,0.08001108979476756,174
7215.043293309,18.079999999999114,1,1,7.4966517893471165,22.709770503201845,0.0,0.6430982537126182,0.9218529717630878,0.8,1,12.77232725973757,0.08002873625033036,181
7215.053366096,18.089999999999126,1,1,7.222515468437851,22.448883283754814,0.0,0.6324324991859781,0.9081047319432604,0.8,1,12.78465066270384,0.08004470768767158,182
7215.063214195,18.099999999999138,1,1,6.892505422162962,22.177096296631543,0.0,0.6221103993402529,0.8941929639054427,0.8,1,12.796901083226167,0.0800591650495982,183
7215.075700892,18.10999999999915,1,1,6.600429651948696,21.894506893722987,0.1,0.6121343609362703,0.8798219186946022,0.8,1,12.80905095319375,0.08007225310543209,185
7215.083390646,18.119999999999163,1,1,6.327341036845131,21.601241847878732,0.0,0.6025180550736859,0.8697431364280357,0.8,1,12.821078496964143,0.08008410237137153,189
7215.093238462,18.129999999999175,1,1,5.77149255544249,21.29742793228527,0.0,0.5932636455712048,0.8587204106459481,0.8,1,12.832965609577878,0.08009483233688519,189
7215.103886019,18.139999999999187,1,1,5.398336933319527,20.983269859067217,0.0,0.5843878350543241,0.8475288398896588,0.8,1,12.84472502551573,0.08010455050713416,193
7215.114044434,18.1499999999992,1,1,5.049591165072722,20.658939606048108,0.0,0.5759250219083827,0.8358551241352481,0.8,1,12.856352968796552,0.08011335306433331,199
7215.123319568,18.15999999999921,1,1,4.834171726242012,20.324603029720677,0.0,0.5678768518975122,0.8254466633333365,0.8,1,12.867841032952573,0.08012132831336127,201
7215.133913778,18.169999999999224,1,1,4.350840305785142,19.980437498373597,0.0,0.5602851951193885,0.8119664415979655,0.8,1,12.87917626393444,0.08012855426623133,204
7215.145453553,18.179999999999236,1,1,4.027702612538985,19.62699130347553,0.0,0.553170721536068,0.7996082374200504,0.7996082374200504,0,12.890373524891023,0.08013471250229875,211
7215.153620291,18.189999999999248,1,1,3.709399625796363,19.265097927583795,0.0,0.5465552201624245,0.7867905892138002,0.7867905892138002,0,12.901462557792525,0.08006835671220613,216
7215.16363696,18.19999999999926,1,1,3.4072261382055964,18.89582917977318,0.0,0.5404446656211681,0.7733998558840819,0.7733998558840819,0,12.91247298305338,0.07988662170077443,217
7215.173228352,18.209999999999273,1,1,3.2714830984024386,18.520301532317962,0.0,0.5348604930234127,0.7615113952414646,0.7615113952414646,0,12.923426279994509,0.07959897901268831,217
7215.183536918,18.219999999999285,1,1,3.0243414147352947,18.13955949098323,0.0,0.529810304757014,0.7479519340395498,0.7479519340395498,0,12.934343138268996,0.07920729829648931,223
7215.19357255,18.229999999999297,1,1,2.8227275337913578,17.754615091834868,0.0,0.5252920474920801,0.7348370999625797,0.7348370999625797,0,12.945253664613688,0.07872905725874824,225
7215.203752227,18.23999999999931,1,1,2.582968161012498,17.36644046356792,0.0,0.5213512579749874,0.7201259098570819,0.7201259098570819,0,12.956192993154675,0.07815775960942417,225
7215.213119141,18.24999999999932,1,1,2.3329784833730414,16.975944204326495,0.0,0.5179966788339482,0.7044660712953694,0.7044660712953694,0,12.967181928602347,0.07749779596866757,230
7215.223589626,18.259999999999334,1,1,2.202926507070697,16.58399335662193,0.0,0.5152284905618413,0.6898827652564394,0.6898827652564394,0,12.978249659118124,0.07676598279609903,230
7215.233944482,18.269999999999346,1,1,2.076492098369647,16.191385436717578,0.0,0.5130881946796917,0.6748473551590188,0.6748473551590188,0,12.989403819827997,0.07595878464095596,230
7215.245684257,18.279999999999358,1,1,2.0086732257005613,15.798877507617265,0.0,0.5115759084184751,0.6601214799674149,0.6601214799674149,0,13.000647621589936,0.07508540085669035,232
7215.253499969,18.28999999999937,1,1,1.9362098684157734,15.407190563406568,0.0,0.5106959029235041,0.6448379930311866,0.6448379930311866,0,13.011981160781607,0.07414972744355841,237
7215.263540117,18.299999999999383,1,1,1.9187699946992813,15.017027840492213,0.0,0.5104415666017112,0.6300479378494519,0.6300479378494519,0,13.023403915788341,0.07315718215300737,237
7215.273659803,18.309999999999395,1,1,1.997106182435027,14.629078999802118,0.0,0.5108152801648664,0.613841778114084,0.613841778114084,0,13.03491816413141,0.07210604945523535,237
7215.283981363,18.319999999999407,1,1,1.881712813748558,14.244007043431283,0.0,0.5117893073212291,0.5991331291940863,0.5991331291940863,0,13.046530012552275,0.07101839050182757,242
7215.293591356,18.32999999999942,1,1,2.0421148354672947,13.862445375658917,0.0,0.5133506393333583,0.583457442162563,0.583457442162563,0,13.058223303133362,0.0698815126820741,244
7215.303618623,18.33999999999943,1,1,1.9438129038455259,13.485070451301937,0.0,0.5155398536470647,0.5674631559718589,0.5674631559718589,0,13.070009555322349,0.06870553302606763,244
7215.314272068,18.349999999999444,1,1,1.9739248245622907,13.11252630932426,0.0,0.5183404166109364,0.5522385689075948,0.5522385689075948,0,13.081875477544582,0.06749708135778532,248
7215.323897339,18.359999999999456,1,1,2.0018337702113636,12.74545496439319,0.0,0.5217398562110117,0.537583393040842,0.537583393040842,0,13.093804780836582,0.06626074421426342,251
7215.333524281,18.369999999999468,1,1,2.0838084190345083,12.384520675954054,0.0,0.5257416351598582,0.520958235011237,0.520958235011237,0,13.10578774889357,0.06499137005483258,254
7215.34373686,18.37999999999948,1,1,2.046134291088148,12.03041558683209,0.0,0.5303272311523197,0.505621743643035,0.505621743643035,0,13.117808084680636,0.0636967008660716,254
7215.354012302,18.389999999999493,1,1,2.183464160230032,11.68383196349037,0.0,0.5354688446280645,0.4930980115800143,0.4930980115800143,0,13.129844953009863,0.06238886356683615,260
7215.363690434,18.399999999999505,1,1,2.1981289784293736,11.34549486020559,0.0,0.5411425659121157,0.47638511241961834,0.47638511241961834,0,13.14189098040321,0.061061030174637265,261
7215.373860725,18.409999999999517,1,1,2.1260174974999986,11.016216879163983,0.0,0.5473410714963087,0.46287619325702606,0.46287619325702606,0,13.153941987426432,0.05970953289307779,261
7215.383781088,18.41999999999953,1,1,1.9880377699224325,10.696757323035333,0.0,0.55404703156679,0.4473932978873253,0.4473932978873253,0,13.165969218511718,0.058351802678749065,265
7215.393651871,18.42999999999954,1,1,2.054847918825734,10.387960227828042,0.0,0.5612478070833328,0.43116715269731154,0.43116715269731154,0,13.177945910070886,0.056968965376711034,265
7215.404118316,18.439999999999554,1,1,1.9493519911894357,10.090710984424339,0.0,0.5688872272749941,0.417897993032554,0.417897993032554,0,13.189860199245985,0.055584634428074486,265
7215.415326806,18.449999999999566,1,1,2.006585293233774,9.805913040765162,0.028932497046359272,0.5769722459947928,0.40182726550874026,0.40182726550874026,0,13.201692173373807,0.05418975090364808,269
7215.423768114,18.459999999999578,1,1,1.9698233949824338,9.534554119332967,0.0,0.5854844688715943,0.387352148962838,0.387352148962838,0,13.21343260683344,0.05278392450979985,273
7215.433306383,18.46999999999959,1,1,1.9309541834235255,9.27763379836965,0.0,0.59436948616414,0.37281013110627637,0.37281013110627637,0,13.22506547478512,0.05137449493478374,273
7215.443862471,18.479999999999603,1,1,1.8626755267815969,9.036170021714108,0.0,0.603624938719662,0.3590298524595964,0.3590298524595964,0,13.236577241326911,0.04997061697622973,275
7215.45343624,18.489999999999615,1,1,1.7934789975091772,8.811216955845024,0.0,0.6132102763473208,0.35032103288410454,0.35032103288410454,0,13.24794958045363,0.04856206222864856,280
7215.46349115,18.499999999999627,1,1,1.8596226817303798,8.603829308875866,0.0,0.6231141560431908,0.35301790517837983,0.35301790517837983,0,13.259164180807554,0.04715369168181316,280
7215.473693672,18.50999999999964,1,1,1.6544204433856304,8.415044425061899,0.0,0.6333237099979456,0.3557762865754938,0.3557762865754938,0,13.27021440612443,0.04574924203790287,0
7215.484283424,18.51999999999965,1,1,1.6567462207685197,8.2458723065328,0.1,0.6438018255728767,0.35840629306802324,0.35840629306802324,0,13.28108026720842,0.044346702759634815,5
7215.493466038,18.529999999999664,1,1,1.4841695971862794,8.097248531602908,0.0,0.6545471365242096,0.36109496973807015,0.36109496973807015,0,13.291746174387903,0.04295293696458735,6
7215.503749265,18.539999999999676,1,1,1.524530682730963,7.97004340963625,0.0,0.665534778829263,0.36363514217412335,0.36363514217412335,0,13.302198149396018,0.0415618373098825,6
7215.513487304,18.549999999999688,1,1,1.3099902789858624,7.864981897106795,0.0,0.6767429409601438,0.36628324999812556,0.36628324999812556,0,13.312417887052042,0.040172706637994327,6
7215.523357953,18.5599999999997,1,1,1.2192630326759113,7.782651270657402,0.0,0.6881696186146368,0.368776317144971,0.368776317144971,0,13.322381447133784,0.038788832557100084,11
7215.533936574,18.569999999999713,1,1,1.1315439532125393,7.7234694063512475,0.0,0.6997861446427003,0.37122140689304756,0.37122140689304756,0,13.33207205208421,0.037409805629551984,11
7215.543558454,18.579999999999725,1,1,1.1745008516626303,7.6876532866903435,0.0,0.7115830070954975,0.3734932795587693,0.3734932795587693,0,13.341475171386469,0.03603845006328288,13
7215.553630441,18.589999999999737,1,1,0.9571438047854227,7.675210463249858,0.0,0.7235379671554416,0.3758489524447859,0.3758489524447859,0,13.350585412395217,0.035286162663696025,18
7215.563853962,18.59999999999975,1,1,0.871047841286799,7.685939607258266,0.0,0.7356504190061999,0.3779424325638403,0.3779424325638403,0,13.359382727276499,0.0355115580501284,18
7215.573755397,18.60999999999976,1,1,0.8540154337254143,7.719419887206032,0.0,0.7478765754892127,0.3800109694985493,0.3800109694985493,0,13.367862370027074,0.03573544630542744,19
7215.584866331,18.619999999999774,1,1,0.7785891081147165,7.775030511227714,0.0,0.7602353748040959,0.38195058651595554,0.38195058651595554,0,13.376017113909576,0.0359571019979687,22
7215.593466803,18.629999999999786,1,1,0.8354090430968639,7.852033442066484,0.0,0.7727004816282864,0.3837134930588562,0.3837134930588562,0,13.383823670567095,0.036175466977360016,25
7215.603721448,18.639999999999798,1,1,0.6395275967757978,7.950004036181309,0.0,0.7852689044710686,0.385458992875165,0.385458992875165,0,13.391194801407698,0.036389863389266947,25
7215.613312467,18.64999999999981,1,1,0.5817069388859383,8.067783087926701,0.0,0.7979383211870273,0.3869881072470487,0.3869881072470487,0,13.398157042485446,0.03659888563399097,25
7215.623468505,18.659999999999823,1,1,0.5472125753526144,8.203890168294652,0.0,0.8106636963642838,0.3883130218454302,0.3883130218454302,0,13.404758656521096,0.036801608133174735,28
7215.634066343,18.669999999999835,1,1,0.5048976343337984,8.357113870181593,0.0,0.8234553920365133,0.3895221420637025,0.3895221420637025,0,13.410997034045744,0.036997060747286536,29
7215.643784189,18.679999999999847,1,1,0.45867267562250064,8.526646314743195,0.0,0.8363078420127763,0.39057370428109783,0.39057370428109783,0,13.416962998140686,0.03718514004776871,31
7215.655382281,18.68999999999986,1,1,0.429806716005317,8.71144408350418,0.0,0.8491934700061516,0.3914150262988993,0.3914150262988993,0,13.422627592267013,0.03736318003746744,35
7215.663988153,18.69999999999987,1,1,0.5327442957173546,8.90906393640581,0.0,0.8621254527280947,0.3918275575126866,0.3918275575126866,0,13.42814321290716,0.03753009728532122,41
7215.674671573,18.709999999999884,1,1,0.474324544078445,9.11839269553358,0.10000000000000002,0.8750922192019603,0.3923825038600474,0.3923825038600474,0,13.433283348647006,0.03768653731588692,46
7215.683487881,18.719999999999896,1,1,0.5274081327558036,9.338742813352937,0.0,0.8880473390171908,0.39255004135187127,0.39255004135187127,0,13.437944219106104,0.03783129119700307,48
7215.693269731,18.729999999999908,1,1,0.390872530633997,9.569174726888303,0.0,0.9010077735164045,0.39281231808694533,0.39281231808694533,0,13.442110056872904,0.03796394872606837,53
7215.703816751,18.73999999999992,1,1,0.6124696034840847,9.808764579889083,0.0,0.913954567532224,0.39230101583382054,0.39230101583382054,0,13.445769891767268,0.03808179570993331,54
7215.71379642,18.749999999999932,1,1,0.6250784644189616,10.056611624369665,0.0,0.9268576863933009,0.3985765882070285,0.3985765882070285,0,13.448921343638501,0.03818485634734556,55
7215.723906628,18.759999999999945,1,1,0.5970571081265911,10.311844946299894,0.0,0.9396989595506643,0.41745721217771087,0.41745721217771087,0,13.451561058369993,0.03827252343683024,59
7215.733809451,18.769999999999957,1,1,0.6846736010163906,10.573663671639634,0.0,0.952514545574538,0.4390490961369376,0.4390490961369376,0,13.453694527415603,0.03834401376310276,60
7215.743708287,18.77999999999997,1,1,0.7178795158466873,10.841350010074146,0.0,0.9652781562017548,0.4592290399304115,0.4592290399304115,0,13.455307312878748,0.038398129418858284,61
7215.755031884,18.78999999999998,1,1,0.7111268180432366,11.11422151768187,0.0,0.9779552513034421,0.47911214130424257,0.47911214130424257,0,13.456401671960494,0.038433990600287404,64
7215.763888111,18.799999999999994,1,1,0.7363903978163975,11.391613326413097,0.0,0.9905069246479865,0.49917664302943815,0.49917664302943815,0,13.45698918834462,0.0384505888647049,67
7215.773648189,18.810000000000006,1,1,0.7725955749480417,11.672909349691556,0.0,1.0029413281941995,0.5192222965478741,0.5192222965478741,0,13.457069202706467,0.03844683095270446,68
7215.783617701,18.820000000000018,1,1,0.8106111615210192,11.957564978458347,0.0,1.0152594441427465,0.5392144106340754,0.5392144106340754,0,13.45664014313124,0.03842099189230258,69
7215.793596889,18.83000000000003,1,1,0.8501162875609555,12.245117117305027,0.0,1.0274431388847518,0.5591470226358723,0.5591470226358723,0,13.455700605510504,0.03837342699894958,74
7215.803765952,18.840000000000042,1,1,0.9062266089241067,12.535200169649034,0.0,1.0393943762456135,0.5791303450814083,0.5791303450814083,0,13.454256818711018,0.03890307991983155,74
7215.813488914,18.850000000000055,1,1,0.9466095577357458,12.827151049330677,0.0,1.0511519460908325,0.5989174968969042,0.5989174968969042,0,13.452314628249868,0.04093457373657383,74
7215.824459393,18.860000000000067,1,1,1.0719107436672362,13.120498980645035,0.059538459688194906,1.0627091112713793,0.618793096787712,0.618793096787712,0,13.44986921459992,0.042961207125937984,78
7215.833711941,18.87000000000008,1,1,1.0441087543642484,13.414831318506687,0.0,1.074025790000352,0.638370271862717,0.638370271862717,0,13.446919016031472,0.044983461560600624,79
7215.843735207,18.88000000000009,1,1,1.0824420193096664,13.709689701276776,0.0,1.0849940772775366,0.6578460421678073,0.6578460421678073,0,13.443468293629943,0.04699978123193782,79
7215.854208535,18.890000000000104,1,1,1.1349005885085917,14.004634960960171,0.0,1.0956665744747451,0.6773611198941184,0.6773611198941184,0,13.439522911521829,0.04900955913321181,80
7215.863768736,18.900000000000116,1,1,1.1753872665260754,14.299259995755929,0.0,1.1060072309780002,0.6966039741817601,0.6966039741817601,0,13.435089310566632,0.051012868517612775,85
7215.873608305,18.910000000000128,1,1,1.2165295283199982,14.593170589200577,0.0,1.1159911627784644,0.7156964802550805,0.7156964802550805,0,13.430172103307166,0.05300818280672148,85
7215.883737324,18.92000000000014,1,1,1.2643455002352704,14.885964737227374,0.0,1.1255584269090537,0.7347491320127623,0.7347491320127623,0,13.424776199732339,0.054995976545995306,86
7215.893240655,18.930000000000152,1,1,1.3045000276991372,15.177234752881752,0.0,1.1346839171368113,0.7534844917336901,0.7534844917336901,0,13.418907598306905,0.05697399824565608,92
7215.903617098,18.940000000000165,1,1,1.3493088424605342,15.466563207491212,0.0,1.1433003028535722,0.7721350053097238,0.7721350053097238,0,13.412572033833861,0.058942475388272575,93
7215.91374457,18.950000000000177,1,1,1.3883680822612965,15.75352022462329,0.0,1.1513713900461038,0.7904288852864253,0.7904288852864253,0,13.405776220246317,0.06089898880496314,93
7215.925259483,18.96000000000019,1,1,1.4302375656531323,16.037669630097493,0.0,1.158832010067779,0.8085871248907721,0.8,1,13.398525799224839,0.06281819223112572,98
7215.933765748,18.9700000000002,1,1,1.4673966657296023,16.31885996633289,0.0,1.1656109626643918,0.8263592243468375,0.8,1,13.390808347075264,0.06457263236769473,103
7215.944349476,18.980000000000214,1,1,1.5022235151263916,16.59738111387819,0.0,1.1716447847321758,0.8438764860958863,0.8,1,13.38258338301312,0.06615884148625994,104
7215.953936836,18.990000000000226,1,1,1.522569229443001,16.873471839415963,0.0,1.1768380178032165,0.8610562179480475,0.8,1,13.373814526375876,0.06759297469663528,107
7215.963703949,19.000000000000238,1,1,1.5572435765049704,17.1472394802894,0.0,1.1810721866909815,0.8782545922471064,0.8,1,13.364477492356707,0.06888963336409226,112
7215.973326115,19.01000000000025,1,1,1.571968064230198,17.41871298727821,0.0,1.1843581501327467,0.8950204102532949,0.8,1,13.354549455884687,0.0700620076225178,112
7215.984186183,19.020000000000262,1,1,1.58008329556678,17.687797029166745,0.0,1.1864938887315875,0.9114905555378295,0.8,1,13.344017743761956,0.07112204569943215,112
7215.993988119,19.030000000000275,1,1,1.5793370355782557,17.954302503789016,0.0,1.1874606489747295,0.9276606184740493,0.8,1,13.33287740206266,0.07208053935479275,117
7216.00402451,19.040000000000287,1,1,1.69483004812656,18.217913260051507,0.0,1.1870811629861173,0.9454124247314467,0.8,1,13.32113019206176,0.07294723745178877,118
7216.01323961,19.0500000000003,1,1,1.5422259112732521,18.478238812596626,0.0,1.1853395452489277,0.9590848166633038,0.8,1,13.308783237219181,0.0737309405244968,119
7216.023667538,19.06000000000031,1,1,1.5122693738868918,18.734793614488797,0.0,1.1820956235737243,0.9741670768518678,0.8,1,13.295851858825682,0.07443966395738477,119
7216.033707749,19.070000000000324,1,1,1.4743498946747786,18.986996873002546,0.0,1.177337682201533,0.9888173995978919,0.8,1,13.282359896444417,0.07508062195407739,125
7216.043861519,19.080000000000336,1,1,1.386219753898491,19.234219282892052,0.0,1.1710237505604693,1.0027281887224568,0.8,1,13.26833689260956,0.07566029695787213,126
7216.053685752,19.090000000000348,1,1,1.2972093103627134,19.475830499972734,0.0,1.163183427408465,1.0161411953851156,0.8,1,13.253818227863995,0.07618457299915771,127
7216.063769821,19.10000000000036,1,1,1.2230258972710355,19.7112446833756,0.0,1.153977169977818,1.0289998948366736,0.8,1,13.238839951072187,0.07665882252959921,132
7216.073790612,19.110000000000372,1,1,1.1618641485704484,19.939856188688733,0.0,1.1434968988075898,1.0412989028438517,0.8,1,13.223452353371213,0.07708784365096544,133
7216.085633127,19.120000000000385,1,1,1.0435037840703245,20.161082730513094,0.0,1.1318836277867423,1.052734157798332,0.8,1,13.20770990723479,0.07747600763699669,136
7216.108462201,19.130000000000397,1,1,1.174550994180118,20.37441480969356,0.063431997036684,1.1192394073979588,1.0632134586905242,0.8,1,13.191670756964358,0.07782721331527531,146
7216.121809475,19.14000000000041,1,1,1.1687297889402835,20.57934707161664,0.1,1.105679025868778,1.0739410912899994,0.8,1,13.175399468792312,0.07814503114764237,155
7216.143046085,19.15000000000042,1,1,1.3582695547656622,20.77547346547189,0.1,1.0912410944999986,1.0847756664985144,0.8,1,13.158938807253179,0.07843255980196262,165
7216.158676782,19.160000000000434,1,1,1.4502602743502142,20.962461464620517,0.1,1.0760679581393036,1.0941832051472564,0.8,1,13.14231567631944,0.07869269007738389,175
7216.174816412,19.170000000000446,1,1,1.5584313494488256,21.14004143297164,0.10000000000000002,1.060314457841526,1.1033872869690207,0.8,1,13.125558344041089,0.07892806723553836,185
7216.184882094,19.180000000000458,1,1,1.5595197117795978,21.3079456581976,0.09999999999999999,1.0440483683239754,1.1110263426924512,0.8,1,13.108701224774668,0.07914107401115911,186
7216.205860088,19.19000000000047,1,1,1.7002134135873221,21.465963028333483,0.09999999999999999,1.0273670423829127,1.1187803561637804,0.8,1,13.091771473176664,0.07933387072761122,194
7216.215582754,19.200000000000482,1,1,1.8167239408270914,21.61381572945831,0.06614708644186904,1.0102829789752517,1.1242468678234478,0.8,1,13.074799998103089,0.07950839485778993,204
7216.224262612,19.210000000000495,1,1,1.9801282290015485,21.75128748548438,0.0,0.9929320756194043,1.130171575605345,0.8,1,13.057819353738227,0.0796664176242432,211
7216.234821171,19.220000000000507,1,1,2.1485216684679833,21.87814303534127,0.0,0.9753487151748621,1.1353957580036396,0.8,1,13.040862756859108,0.07980955010144819,217
7216.2440207,19.23000000000052,1,1,2.3250342828785673,21.99415109494287,0.0,0.9575481927960838,1.1399039412101992,0.8,1,13.023962751113155,0.07993919443049857,218
7216.254775659,19.24000000000053,1,1,2.5115050293947254,22.0991021271757,0.1,0.939575215145794,1.1444752623817784,0.8,1,13.007151712014991,0.08005660257102298,218
7216.266178505,19.250000000000544,1,1,2.6886431585033423,22.192785911698383,0.06614998915974886,0.921470393814804,1.146785629640533,0.8,1,12.990461665120732,0.08016292466160801,221
7216.274220219,19.260000000000556,1,1,2.873443832918869,22.2750078395748,0.0,0.9032551632974912,1.149153397473903,0.8,1,12.973922262602631,0.08025926441083486,225
7216.284255776,19.270000000000568,1,1,3.107039472526973,22.345591319022788,0.09999999999999999,0.8849274443161479,1.1508273515832441,0.8,1,12.957561475159713,0.080346559286127,226
7216.29458179,19.28000000000058,1,1,3.2897048088704084,22.404396189377454,0.09999999999999999,0.8665190613227343,1.151770130769695,0.8,1,12.941409395925366,0.08042566932099082,226
7216.304185951,19.290000000000592,1,1,3.420846551998685,22.451326051047392,0.0,0.848038732412784,1.1519932799952282,0.8,1,12.925493192127254,0.0804973833996594,232
7216.314584135,19.300000000000605,1,1,3.5974416389137054,22.4863137842533,0.0,0.8295028340055637,1.15152093827253,0.8,1,12.909830285686091,0.0805624469466415,232
7216.324614267,19.310000000000617,1,1,3.816313776516662,22.50924626132306,0.09999999999999999,0.8109230090538097,1.150349644072459,0.8,1,12.894439621862118,0.08062145630739304,233
7216.335464039,19.32000000000063,1,1,4.0120319112556535,22.52008890888331,0.0,0.7923058675726441,1.148453382873833,0.8,1,12.879337101544852,0.08067502644754732,238
7216.344791334,19.33000000000064,1,1,4.1699936052901485,22.51885474467484,0.0,0.7736896985253652,1.1458373399650996,0.8,1,12.864542575135763,0.08072363115847114,241
7216.354042606,19.340000000000654,1,1,4.320187419382922,22.505518794414183,0.0,0.7550809506067244,1.1425061559787246,0.8,1,12.850071703922575,0.08076772732266102,242
7216.363970544,19.350000000000666,1,1,4.458465346855189,22.48002744166855,0.0,0.7364823064070671,1.1384735009604647,0.8,1,12.835939475264759,0.08080774012076519,243
7216.375130778,19.360000000000678,1,1,4.585927752181934,22.442324127776487,0.013805825737372133,0.7178803983202405,1.1337352865017583,0.8,1,12.82216043594939,0.08084405500479952,249
7216.384313507,19.37000000000069,1,1,4.693183800104901,22.392356363368727,0.0,0.6992958147203712,1.1283736495876882,0.8,1,12.808748890072716,0.08087701881998433,255
7216.394134207,19.380000000000702,1,1,4.790546382588348,22.33008033775326,0.0,0.6807338127856151,1.1219219840737593,0.8,1,12.79571953073037,0.080906947173645,255
7216.404312283,19.390000000000715,1,1,4.945601903774561,22.255451281964437,0.0,0.6622016356068038,1.1147984160748414,0.8,1,12.783090200074481,0.08093414775999141,260
7216.414765413,19.400000000000727,1,1,5.209217974853665,22.168387387698452,0.06345434398307666,0.6437214128733771,1.1064604467377552,0.8,1,12.770887617274427,0.0809589013000882,261
7216.424243766,19.41000000000074,1,1,5.485094917264108,22.068794330489315,0.1,0.6252978909010392,1.0973517362728127,0.8,1,12.759152818788069,0.08098147362713948,262
7216.435164406,19.42000000000075,1,1,5.8843477517330935,21.95655959489398,0.0,0.6069795048651133,1.086852398892887,0.8,1,12.747941215358237,0.08100211335928553,264
7216.444056724,19.430000000000764,1,1,6.232436297781587,21.831529567988287,0.10000000000000002,0.5887712822628848,1.0766637579930338,0.8,1,12.737328301875387,0.08102101210657575,265
7216.454291869,19.440000000000776,1,1,6.801884087492825,21.69358360399296,0.09999999999999999,0.5706697968028354,1.0649056103055707,0.8,1,12.727388904733242,0.08103831452493115,267
7216.464187579,19.450000000000788,1,1,7.318386855542748,21.542587458722753,0.1,0.5527084636391132,1.0515900609037734,0.8,1,12.718220764194356,0.08105419495584765,267
7216.474274152,19.4600000000008,1,1,7.736931855294567,21.378400543452575,0.1,0.5349199834343586,1.0389695467368987,0.8,1,12.709923819637615,0.08106877037523996,6
7216.484681502,19.470000000000812,1,1,8.132475910302631,21.200948890793544,0.1,0.5173119530878729,1.026661856061311,0.8,1,12.702585823861307,0.08108205084695808,7
7216.494250127,19.480000000000825,1,1,8.600364926336109,21.010230005643113,0.1,0.4999366842469132,1.0142258038359246,0.8,1,12.696289512850358,0.08109413080164951,9
7216.505335399,19.490000000000837,1,1,8.922594604831275,20.806283719074685,0.0,0.48279658315491514,1.003656914108875,0.8,1,12.691131994076091,0.08110498863279636,13
7216.513938034,19.50000000000085,1,1,9.169961969417317,20.58932749340771,0.1,0.46590258770625664,0.99262744097773,0.8,1,12.687201365117986,0.0811146419979294,15
7216.524312387,19.51000000000086,1,1,9.445609051159023,20.359631916071383,0.09999999999999999,0.4492797749316236,0.981063439335407,0.8,1,12.68460299615102,0.08112315586962549,18
7216.534132603,19.520000000000874,1,1,9.77932800956538,20.117508755224023,0.10000000000000002,0.43297281152796246,0.9659425945924914,0.8,1,12.683471464285631,0.0811306596319854,20
7216.544357871,19.530000000000886,1,1,10.13246663486958,19.863202090331484,0.10000000000000002,0.41702417617637144,0.9500480100800942,0.8,1,12.683988221456364,0.08113738772853374,25
7216.554063855,19.540000000000898,1,1,10.40708205721168,19.596882194245577,0.1,0.401445184249959,0.9341789092100876,0.8,1,12.686401117174123,0.08114341673844105,26
7216.564275711,19.55000000000091,1,1,10.762670689188765,19.318747366559307,0.10000000000000002,0.3863086639251939,0.9163252486452791,0.8,1,12.691041129285466,0.08114886882367234,29
7216.574038864,19.560000000000922,1,1,11.023731512337042,19.02894380972599,0.1,0.3716177562361556,0.8985451199498123,0.8,1,12.698382693964732,0.08115382284068184,34
7216.584262985,19.570000000000935,1,1,11.396555267644128,18.727639145475443,0.1,0.3574251477876884,0.8787777861919617,0.8,1,12.709068149668115,0.08115833511433257,35
7216.594259314,19.580000000000947,1,1,11.610037956329478,18.415023843256165,0.10000000000000002,0.3437064253163643,0.8596877538250092,0.8,1,12.7239733665774,0.08116240454873802,38
7216.606175258,19.59000000000096,1,1,11.80688876975219,18.091354355693227,0.1,0.3304955534162531,0.8383413060329782,0.8,1,12.744221826378276,0.08116625451521076,39
7216.614274311,19.60000000000097,1,1,11.876794359087716,17.756257093525317,0.1,0.3178194753994173,0.8193497179826199,0.8,1,12.771075399236532,0.08117104100488426,43
7216.623953592,19.610000000000984,1,1,11.917576328272286,17.409705221306876,0.10000000000000002,0.3056855984190107,0.7986300600468258,0.7986300600468258,0,12.80600728073245,0.08117293048946905,46
7216.634051176,19.620000000000996,1,1,11.893237032588736,17.053129512754342,0.1,0.29419496925857563,0.7797122988935798,0.7797122988935798,0,12.85010192574553,0.08105831289969334,47
7216.643964386,19.630000000001008,1,1,11.818407002395498,16.68801619191079,0.1,0.28344407520366266,0.7591279816543897,0.7591279816543897,0,12.903584727870117,0.0807679390674223,52
7216.653988029,19.64000000000102,1,1,11.824032685860361,16.31578909522043,0.09999999999999996,0.27360452876319685,0.7394963027097434,0.7394963027097434,0,12.965773083459545,0.08030128556024785,52
7216.66393306,19.650000000001032,1,1,11.826561357439564,15.937730267974624,0.1,0.2647387605854196,0.7164763706963522,0.7164763706963522,0,13.035373325888077,0.07968147783712398,54
7216.675659542,19.660000000001045,1,1,11.86720924866011,15.555071766395995,0.10000000000000003,0.2569945608461706,0.6937490094655131,0.6937490094655131,0,13.110911975029419,0.0789085287122,57
7216.684283389,19.670000000001057,1,1,11.859493626272027,15.16898567429232,0.10000000000000002,0.2505291665494285,0.6701454297815228,0.6701454297815228,0,13.191031969093762,0.07797571567791284,60
7216.694159988,19.68000000000107,1,1,11.836457354375256,14.780565089376958,0.1,0.2453501799438179,0.6453388804067527,0.6453388804067527,0,13.27460081955321,0.076901400401165,63
7216.704309134,19.69000000000108,1,1,11.793065825124057,14.390892743497615,0.1,0.2417252165582154,0.619685107592733,0.619685107592733,0,13.360713047249616,0.07568770490620169,66
7216.714104496,19.700000000001094,1,1,11.764318179380746,14.000981756069018,0.1,0.23960151586521808,0.595728670543206,0.595728670543206,0,13.448645983555574,0.07435164440321218,70
7216.724061826,19.710000000001106,1,1,11.653993116728076,13.61191403078976,0.10000000000000002,0.2390651345894923,0.5736467810854788,0.5736467810854788,0,13.537813186120742,0.07291348084520255,70
7216.733940466,19.720000000001118,1,1,11.654411540209482,13.225357176571856,0.1,0.2399619255717084,0.5514700639090913,0.5514700639090913,0,13.62770274815941,0.07141493240928964,70
7216.744136171,19.73000000000113,1,1,11.517379447553846,12.84234495316252,0.1,0.24233694259618369,0.5282137182814262,0.5282137182814262,0,13.717962285733787,0.06984137683785052,74
7216.754089509,19.740000000001142,1,1,11.39467609792389,12.462868399130695,0.1,0.24612577304508837,0.5042651593761094,0.5042651593761094,0,13.808349628676487,0.0681965908437796,74
7216.764608078,19.750000000001155,1,1,11.255959565494924,12.0875536991377,0.09999999999999999,0.25131107958366594,0.48118003320295055,0.48118003320295055,0,13.898575538101554,0.06648538745507526,75
7216.776276032,19.760000000001167,1,1,11.161331780360236,11.717336117305711,0.10000000000000002,0.25792720514518,0.4554266494143952,0.4554266494143952,0,13.988369917276469,0.06469096826287268,79
7216.784273587,19.77000000000118,1,1,10.959991282610698,11.35332634241586,0.10000000000000002,0.2657811652233914,0.43974124053967056,0.43974124053967056,0,14.077479230318477,0.06282294410662903,83
7216.794233666,19.78000000000119,1,1,10.805602174087166,10.996523683851207,0.10000000000000003,0.27467364394796845,0.4289746577987521,0.4289746577987521,0,14.165673236907706,0.060897605094073715,83
7216.804582783,19.790000000001204,1,1,10.635213374871084,10.648036753620522,0.1,0.28457263251927706,0.42040517771277597,0.42040517771277597,0,14.252730620198024,0.05891935858301256,84
7216.814040233,19.800000000001216,1,1,10.41905463853205,10.30910415990601,0.09999999999999999,0.29538668111039185,0.41912111698976773,0.41912111698976773,0,14.338454501776082,0.05689251753417457,92
7216.824234919,19.810000000001228,1,1,10.237919711849004,9.980924975753455,0.1,0.3068111939143095,0.4185027402427025,0.4185027402427025,0,14.422660456436668,0.054826928843769274,94
7216.834323344,19.82000000000124,1,1,10.124978909337283,9.664544659397226,0.1,0.31868615722934795,0.41757616180629725,0.41757616180629725,0,14.505187318804902,0.05277635071932174,96
7216.845367993,19.830000000001252,1,1,9.98938257203689,9.361064587316985,0.0,0.3310017170582221,0.4161522197554691,0.4161522197554691,0,14.585927900108874,0.050723441551866255,102
7216.854226246,19.840000000001265,1,1,9.734268801032119,9.071836420104601,0.1,0.34361507005956937,0.4153655073442571,0.4153655073442571,0,14.664748673734799,0.04865248403597988,107
7216.864093385,19.850000000001277,1,1,9.464469178407933,8.798275328526422,0.1,0.3563678234752989,0.4140671507304186,0.4140671507304186,0,14.741507239447188,0.04655063047624619,109
7216.874099895,19.86000000000129,1,1,9.232986116708384,8.54174862028555,0.1,0.3692659404042768,0.41287231505280225,0.41287231505280225,0,14.816068794653221,0.04443663237531892,110
7216.88399142,19.8700000000013,1,1,8.952950129046615,8.303744180520903,0.09999999999999999,0.38222624735564165,0.4116939437873607,0.4116939437873607,0,14.888307681699324,0.04233053231342898,115
7216.894227855,19.880000000001314,1,1,8.710344391917026,8.085533753639805,0.1,0.3951720390603901,0.4108925016897982,0.4108925016897982,0,14.958114850276486,0.04199343497097943,117
7216.904313368,19.890000000001326,1,1,8.630002017285657,7.888079414690654,0.1,0.4079541362613224,0.4101464040618572,0.4101464040618572,0,15.025405326982765,0.04197552323551615,119
7216.914017175,19.900000000001338,1,1,8.42328846641795,7.712173613074245,0.09999999999999999,0.4205322198567288,0.40950535011208766,0.40950535011208766,0,15.09017209397391,0.041951375095801324,123
7216.923993648,19.91000000000135,1,1,8.19642045268595,7.558396152236565,0.1,0.43281364148004203,0.40872530427918674,0.40872530427918674,0,15.152414452945308,0.041924586515812656,125
7216.9341087,19.920000000001362,1,1,8.036499915571063,7.427154127338038,0.1,0.4446221139243191,0.4088314155144906,0.4088314155144906,0,15.212115085180555,0.04189586811613305,125
7216.947372599,19.930000000001375,1,1,7.771824990722738,7.318575897675679,0.1,0.4559603161707212,0.40814946589781825,0.40814946589781825,0,15.269260759630185,0.04186828881949248,127
7216.955142683,19.940000000001387,1,1,7.463891179421542,7.232639972985225,0.09999999999999999,0.4665916362082471,0.40828490437308407,0.40828490437308407,0,15.32383358899797,0.04183786156392533,137
7216.963973947,19.9500000000014,1,1,7.0861524245604155,7.1688398051829605,0.1,0.4767866829895956,0.4083144860554993,0.4083144860554993,0,15.375818746477293,0.041812106236779945,139
7216.973992945,19.96000000000141,1,1,6.859124354985572,7.126383004574081,0.10000000000000002,0.4864827329879807,0.4088789016614279,0.4088789016614279,0,15.425209804020161,0.041789095073826776,140
7216.984305755,19.970000000001424,1,1,6.684035922570648,7.104166531483576,0.10000000000000002,0.4957551782617271,0.4099096019362905,0.4099096019362905,0,15.47204369525322,0.04177758816347299,148
7216.994031805,19.980000000001436,1,1,6.388314747087721,7.100856193454491,0.1,0.5047626134528845,0.4112794920566632,0.4112794920566632,0,15.516406862484244,0.04177991931125569,150
7217.004258589,19.990000000001448,1,1,6.075293557413285,7.114998962854428,0.10000000000000002,0.5135374011993726,0.4126620252200478,0.4126620252200478,0,15.55838765380767,0.04179658183841656,151
7217.015131915,20.00000000000146,1,1,6.061914362234961,7.145069108536051,0.07411535234373094,0.522013078115836,0.4150190382481687,0.4150190382481687,0,15.598056981306781,0.04182987143604333,155
7217.024078619,20.010000000001472,1,1,5.776963577854693,7.189472671067813,0.1,0.5302208190552962,0.41719557472738117,0.41719557472738117,0,15.635533936930024,0.04187939222874337,156
7217.034044976,20.020000000001485,1,1,5.294194218188567,7.246653819973045,0.1,0.5382233862648118,0.4191553963565814,0.4191553963565814,0,15.670906748261624,0.041944933626479775,156
7217.044041521,20.030000000001497,1,1,4.995677884700182,7.315088022579181,0.1,0.5459318749853449,0.4215970189176111,0.4215970189176111,0,15.704233351201761,0.042023346337459244,158
7217.053990363,20.04000000000151,1,1,4.82030143789573,7.393325171742934,0.1,0.5535919080080515,0.4248885116935159,0.4248885116935159,0,15.735573031154306,0.04212362325091756,165
7217.064050772,20.05000000000152,1,1,4.804588180235298,7.480024527379516,0.1,0.5612039942817798,0.4291968951833204,0.4291968951833204,0,15.765037165347806,0.0422498198972831,166
7217.074304649,20.060000000001533,1,1,4.54646690392833,7.573976085514419,0.1,0.5687831443582367,0.4327207867258038,0.4327207867258038,0,15.792775013080565,0.04240286383652925,167
7217.084830427,20.070000000001546,1,1,4.483307892718596,7.674096233273983,0.048970071949591305,0.5763303192947595,0.4375254084437575,0.4375254084437575,0,15.818911435937482,0.04258086302928138,173
7217.094027179,20.080000000001558,1,1,4.36799380096115,7.77937682684018,0.10000000000000002,0.583790936048153,0.4423167623323782,0.4423167623323782,0,15.843586345861329,0.04278894936294558,178
7217.103959547,20.09000000000157,1,1,4.229431984021007,7.888955201602226,0.10000000000000002,0.5911630917929717,0.4473725083734271,0.4473725083734271,0,15.866935842497528,0.04302293757416342,180
7217.114308375,20.100000000001582,1,1,4.063370853749836,8.002013782734721,0.1,0.598374015645978,0.4524780550412007,0.4524780550412007,0,15.889108888991515,0.043285119388356885,181
7217.123976434,20.110000000001595,1,1,3.984152273236705,8.117879778826113,0.10000000000000002,0.6054285470919336,0.45785381965889205,0.45785381965889205,0,15.910231329166779,0.04357259597894908,186
7217.134122372,20.120000000001607,1,1,3.8279104838220244,8.235936707129646,0.1,0.6123302981350941,0.4629567826372216,0.4629567826372216,0,15.930431302727627,0.0438795221549505,187
7217.144015114,20.13000000000162,1,1,3.7425768669207478,8.355675415171897,0.1,0.61902961405738,0.46908032082936835,0.46908032082936835,0,15.94981549345311,0.04421110848775789,188
7217.154047375,20.14000000000163,1,1,3.4031948096336473,8.476683797265352,0.09999999999999999,0.6255563656289003,0.47403108981157316,0.47403108981157316,0,15.968505038935085,0.044565692609577656,194
7217.164060941,20.150000000001643,1,1,3.3495640088510896,8.598563097943146,0.0421824181949476,0.6318390840326712,0.4805517568374303,0.4805517568374303,0,15.986583987685993,0.04493819768371515,197
7217.174070405,20.160000000001656,1,1,3.1509679353911837,8.720951103199505,0.1,0.6378335291865603,0.48664931145215395,0.48664931145215395,0,16.004148400267425,0.045334918436870264,198
7217.18553237,20.170000000001668,1,1,3.2344524388072475,8.843534626334863,0.1,0.6435632708947355,0.4938004553287839,0.4938004553287839,0,16.021305400760877,0.04575889957072693,202
7217.194113945,20.18000000000168,1,1,3.1623949659973962,8.9660556801219,0.09999999999999999,0.6489933092631541,0.5004888522629559,0.5004888522629559,0,16.038177463554476,0.04620873559785982,206
7217.204094616,20.190000000001692,1,1,3.0536780355577804,9.088199433240256,0.1,0.6539253052249239,0.5071102788332081,0.5071102788332081,0,16.05488073724652,0.04668115721109645,206
7217.214152299,20.200000000001705,1,1,2.878622933214439,9.20968329922271,0.10000000000000002,0.6584357012711141,0.51392448213881,0.51392448213881,0,16.071525418517556,0.04716976696499253,208
7217.224431163,20.210000000001717,1,1,2.808587009828323,9.330264146656198,0.1,0.6625344113754011,0.5208207233035528,0.5208207233035528,0,16.08820196072447,0.04767950321555886,215
7217.234073264,20.22000000000173,1,1,2.744277590984012,9.449718319136071,0.1,0.6661247157858045,0.5278046491237531,0.5278046491237531,0,16.105005732513977,0.04820813770449889,217
7217.24399321,20.23000000000174,1,1,2.7599269466187333,9.567847679002554,0.10000000000000002,0.6693295578402031,0.5347254510923398,0.5347254510923398,0,16.122020053968765,0.04875236466710853,219
7217.255488636,20.240000000001753,1,1,2.7738961490208376,9.684536179571113,0.0,0.672055685940099,0.5423163276158838,0.5423163276158838,0,16.13931205163832,0.0493131852526863,223
7217.264265684,20.250000000001766,1,1,2.513748837528047,9.79950616187182,0.1,0.6740443954404194,0.5484278551284061,0.5484278551284061,0,16.156978622334897,0.04988260531677419,225
7217.274269998,20.260000000001778,1,1,2.5277107740703237,9.912510524613324,0.10000000000000002,0.6753973108044656,0.5556888374359545,0.5556888374359545,0,16.175088724781677,0.050464765959740754,227
7217.283996841,20.27000000000179,1,1,2.514074559006703,10.023289825731776,0.1,0.6759674456581296,0.5629567728533044,0.5629567728533044,0,16.19371606768956,0.05106064932632598,228
7217.294230557,20.280000000001802,1,1,2.3532476931188673,10.131595387818406,0.10000000000000002,0.6758574959816208,0.5691025571174861,0.5691025571174861,0,16.212931346060763,0.05165763306421267,233
7217.304087908,20.290000000001815,1,1,2.056889999223189,10.237236429512771,0.08948170508770609,0.6751034518849522,0.5748703906038111,0.5748703906038111,0,16.232779624521278,0.05226296831616278,234
7217.313967306,20.300000000001827,1,1,1.8439651715869676,10.339854415911127,0.1,0.6737615727092955,0.5807188805259591,0.5807188805259591,0,16.253335254732217,0.05286275051057576,235
7217.32445858,20.31000000000184,1,1,1.6936014816707754,10.439128038997097,0.09999999999999999,0.6721123242767658,0.5861911847801498,0.5861911847801498,0,16.274634718574728,0.053458771189221266,240
7217.33416702,20.32000000000185,1,1,1.5035830672686463,10.534970987097973,0.0,0.6699671558199425,0.5918711211705469,0.5918711211705469,0,16.2966782260701,0.054049518121260576,241
7217.344079036,20.330000000001863,1,1,1.4792168004775137,10.627462202703292,0.05018892394100936,0.6671701623886741,0.5979886803019795,0.5979886803019795,0,16.31946919810888,0.05464055777276566,244
7217.356024025,20.340000000001876,1,1,1.2705854098422842,10.716597240772936,0.09999999999999999,0.6637135115426175,0.6025595198398287,0.6025595198398287,0,16.343033222801637,0.05522530621228933,247
7217.364082275,20.350000000001888,1,1,1.149211123508992,10.802334424697655,0.1,0.6597360585615423,0.6072747749459644,0.6072747749459644,0,16.367383834038442,0.05579689423783518,254
7217.374091654,20.3600000000019,1,1,1.2029177205898347,10.8844871125623,0.10000000000000002,0.6550069593153918,0.6123044566248262,0.6123044566248262,0,16.392532922445483,0.056365415615989845,255
7217.384151831,20.370000000001912,1,1,1.0537780576019735,10.962977928396572,0.09999999999999999,0.6497656784874676,0.6170251230952463,0.6170251230952463,0,16.418505433600444,0.05691897335409629,259
7217.394274422,20.380000000001925,1,1,0.9542191158266305,11.037626447197916,0.09999999999999999,0.6438390006733405,0.6204889185274314,0.6204889185274314,0,16.445330425836147,0.0574615493172933,266
7217.404162457,20.390000000001937,1,1,0.900643891677593,11.10836646418918,0.09999999999999999,0.6373944829335049,0.6245165936788117,0.6245165936788117,0,16.47303175081455,0.05798546292913764,269
7217.41424799,20.40000000000195,1,1,0.8729476651649818,11.17510158940814,0.1,0.6304233492020115,0.6278504939184125,0.6278504939184125,0,16.50162460855994,0.05849214233237221,271
7217.424680435,20.41000000000196,1,1,0.7152428193021162,11.237898755569292,0.0,0.6229205702359719,0.6299788642928382,0.6299788642928382,0,16.53115866894516,0.05897933773698355,276
7217.434088577,20.420000000001973,1,1,0.7814480293886045,11.29695361288679,0.1,0.6149778619003449,0.632575954944946,0.632575954944946,0,16.56165502131277,0.05944334318207706,278
7217.444033848,20.430000000001986,1,1,0.6791556431604047,11.352239429443301,0.08458761969536778,0.6066601293811343,0.6338828075205529,0.6338828075205529,0,16.593060276799783,0.059877416911999104,278
7217.456946895,20.440000000001998,1,1,0.7721149223500648,11.403387609032595,0.1,0.5980322282001749,0.6352732538495511,0.6352732538495511,0,16.625319759092804,0.060280711116415475,279
7217.464104291,20.45000000000201,1,1,0.8135828341680766,11.450157267434871,0.1,0.5891155448617331,0.6356988284906309,0.6356988284906309,0,16.658404647135463,0.06065227903905673,284
7217.474296387,20.460000000002022,1,1,0.8662951322430844,11.492403528198722,0.0,0.5798579255669937,0.6358499507835267,0.6358499507835267,0,16.6922913938688,0.06099640179751431,1
7217.484086781,20.470000000002035,1,1,0.7866797526392649,11.530025286141317,0.1,0.5702475800811938,0.6366444237925695,0.6366444237925695,0,16.726966461009532,0.06131102098068375,3
7217.494299784,20.480000000002047,1,1,0.8126717773830545,11.562959139125635,0.1,0.5604153561630502,0.6360257182398078,0.6360257182398078,0,16.76241747294267,0.06159137627683453,8
7217.504009511,20.49000000000206,1,1,0.831081130454633,11.591173900250048,0.1,0.5503168220788542,0.6349783858207306,0.6349783858207306,0,16.79860359636426,0.061840242032563664,10
7217.514239272,20.50000000000207,1,1,0.8320456330309581,11.614608330291281,0.1,0.540003839498497,0.6336582961553947,0.6336582961553947,0,16.83550717936451,0.062055728518494946,10
7217.52507576,20.510000000002083,1,1,0.9248741197213237,11.633205169424514,0.0,0.5295679153077066,0.6317728956856853,0.6317728956856853,0,16.87309770452018,0.06223120192403553,15
7217.534317865,20.520000000002096,1,1,0.877915239781568,11.64693990995183,0.09999999999999999,0.5190922202618808,0.6289491888780641,0.6289491888780641,0,16.911315934555933,0.06236294539171727,18
7217.544221821,20.530000000002108,1,1,0.886274353808656,11.655741134186442,0.09999999999999999,0.5085250223023037,0.626025313782851,0.626025313782851,0,16.950106180267493,0.06245683226830645,18
7217.55422705,20.54000000000212,1,1,0.821879376328639,11.659525858568148,0.1,0.4978379183910756,0.6234319475601062,0.6234319475601062,0,16.989433978974503,0.06251373478768929,19
7217.564039919,20.550000000002132,1,1,0.761546165477891,11.658231559724408,0.01380582573737484,0.48715238121730153,0.6194461284792901,0.6194461284792901,0,17.029245387079794,0.06252927828198385,24
7217.574278105,20.560000000002145,1,1,0.787691671187271,11.65180115294581,0.09999999999999999,0.47642084155901815,0.614975137737976,0.614975137737976,0,17.069484682127346,0.06250719130029714,24
7217.584212887,20.570000000002157,1,1,0.787745709249555,11.640198211485037,0.1,0.46573655950947174,0.6100475021086564,0.6100475021086564,0,17.11010648350177,0.06243987690397723,25
7217.594265172,20.58000000000217,1,1,0.7995940884525439,11.623380166459977,0.0,0.4551395280881268,0.6043685620262416,0.6043685620262416,0,17.151046287041517,0.062331901858920125,29
7217.604009513,20.59000000000218,1,1,0.7933477072935614,11.601299467132337,0.10000000000000002,0.4446576210653476,0.5989484759618862,0.5989484759618862,0,17.19224343673306,0.06217930423533857,29
7217.613946512,20.600000000002193,1,1,0.8644961108677819,11.573889856298345,0.1,0.4343520046562445,0.5929559123015344,0.5929559123015344,0,17.23363923848676,0.06198020037004026,29
7217.625238444,20.610000000002206,1,1,0.6861853017649492,11.541086132629278,0.1,0.4241693592680491,0.5867816240785461,0.5867816240785461,0,17.275172257964552,0.061745033809068706,31
7217.634135715,20.620000000002218,1,1,0.8297555898769744,11.502852212409389,0.1,0.4142776792298504,0.5788616131168767,0.5788616131168767,0,17.316783067686657,0.061459094893577815,32
7217.644143465,20.63000000000223,1,1,0.7619214391659299,11.459167577235448,0.09999999999999999,0.4046181649870339,0.5717486940371997,0.5717486940371997,0,17.3583818422763,0.0611302052707382,33
7217.654527629,20.640000000002242,1,1,0.6700810331386061,11.409944448463293,0.03156367400126369,0.39527649292658346,0.5641163380339951,0.5641163380339951,0,17.39990255932688,0.060756137585477044,35
7217.663934415,20.650000000002255,1,1,0.7147603519873683,11.355100785078527,0.10000000000000002,0.38618208694859546,0.5556905266222683,0.5556905266222683,0,17.441281526305772,0.060349418985202186,41
7217.674198213,20.660000000002267,1,1,0.6644092834763586,11.294649651806576,0.0,0.3775336250929227,0.5468727503332476,0.5468727503332476,0,17.48246143461093,0.05989370033741903,42
7217.684121928,20.67000000000228,1,1,0.7507090397137012,11.228562810681176,0.1,0.3692701774092906,0.5380731837801662,0.5380731837801662,0,17.523370971329097,0.05939662833158155,43
7217.695297979,20.68000000000229,1,1,0.6638863521994146,11.15680852186629,0.020182542090402985,0.36148843836167804,0.5296694665690864,0.5296694665690864,0,17.563939055859834,0.05885433902334247,47
7217.704192725,20.690000000002303,1,1,0.6770548342925337,11.07936463775037,0.1,0.3542049608355803,0.5340235648495761,0.5340235648495761,0,17.604081594817227,0.058269492043422244,50
7217.713997765,20.700000000002316,1,1,0.5804839213401184,10.996188361669788,0.0,0.34744102795437526,0.5401374331319904,0.5401374331319904,0,17.643732994010513,0.05764370476104108,51
7217.723994978,20.710000000002328,1,1,0.48027870808321965,10.90722448889879,0.01380582573736659,0.34121122091854117,0.5426756413057614,0.5426756413057614,0,17.68282013790439,0.056977257370498635,53
7217.73417372,20.72000000000234,1,1,0.642694063370751,10.812493122011933,0.013805825737372573,0.3356144856970312,0.5470220236966812,0.5470220236966812,0,17.721261737407627,0.05627273999009763,59
7217.744219124,20.730000000002352,1,1,0.7402640732323073,10.712005402589401,0.09999999999999999,0.33067108334968276,0.5514732636316689,0.5514732636316689,0,17.759007970746815,0.05553070194285192,60
7217.754101505,20.740000000002365,1,1,0.8234771578079202,10.605778619181597,0.027611643353125305,0.32636832054763354,0.5546171259384702,0.5546171259384702,0,17.79598400688671,0.05474987049934743,62
7217.764099287,20.750000000002377,1,1,0.7950733000838566,10.49385219283945,0.1,0.32278977204766657,0.55497586335326,0.55497586335326,0,17.832099695470124,0.05393025829179943,67
7217.774195364,20.76000000000239,1,1,1.0979446888878859,10.376289305927205,0.06589305384861106,0.31991791736634745,0.5582344455246182,0.5582344455246182,0,17.867263908462032,0.053075981760449364,67
7217.784145925,20.7700000000024,1,1,1.2812277518425814,10.253144874452731,0.1,0.3178010539896325,0.5593406634780952,0.5593406634780952,0,17.901412650649117,0.05218420880298513,68
7217.795643389,20.780000000002413,1,1,1.7639956574131979,10.124530841230706,0.1,0.31641766633427654,0.5635686896426735,0.5635686896426735,0,17.934463890845635,0.0512691865635857,72
7217.80404954,20.790000000002426,1,1,1.978484589897288,9.990581327894906,0.1,0.3158304015410617,0.5636298031410072,0.5636298031410072,0,17.966381244562626,0.05177182677518277,75
7217.814121099,20.800000000002438,1,1,2.3967843810081946,9.851497712235263,0.10000000000000002,0.31603442497291767,0.565192454607099,0.565192454607099,0,17.997108163347185,0.05224299886453032,77
7217.824020049,20.81000000000245,1,1,2.7761031627261508,9.70745073208961,0.1,0.31709132603613815,0.5663798825171591,0.5663798825171591,0,18.02658367565525,0.05267066890358363,78
7217.834690723,20.820000000002462,1,1,3.094890633759793,9.558606646642037,0.04571917868726159,0.3188671228205244,0.5653750798019546,0.5653750798019546,0,18.054773261323888,0.05306913239362476,83
7217.843886039,20.830000000002475,1,1,3.6677180428070417,9.405161570500411,0.1,0.32145568836749916,0.5665342539942826,0.5665342539942826,0,18.081615341577493,0.053421690031070446,87
7217.854040801,20.840000000002487,1,1,3.9356835966149766,9.24728497846382,0.09999999999999999,0.3248328603070227,0.564041296564898,0.564041296564898,0,18.107062975031077,0.053739646803457664,88
7217.864365327,20.8500000000025,1,1,4.412572215311293,9.085241103054722,0.1,0.32912028051745545,0.5634360189337639,0.5634360189337639,0,18.131053728067428,0.05400762850923502,93
7217.873944189,20.86000000000251,1,1,4.637986208537926,8.91923313042634,0.1,0.33430587408795237,0.5594618801792112,0.5594618801792112,0,18.153527875387635,0.05422116458289117,95
7217.884025279,20.870000000002523,1,1,4.71983533759466,8.749428042736577,0.10000000000000003,0.34035719421736,0.5534829016177323,0.5534829016177323,0,18.17443841118911,0.05436879118628268,97
7217.897625213,20.880000000002536,1,1,4.963769812567484,8.576061932026414,0.1,0.3473342390879485,0.5488691319558036,0.5488691319558036,0,18.19376516210392,0.054454726559241884,98
7217.904698598,20.890000000002548,1,1,4.9746686714898765,8.399689619463885,0.0922304591338677,0.3552298616885974,0.5408421924677586,0.5408421924677586,0,18.211571861240966,0.05447420684175097,104
7217.913986629,20.90000000000256,1,1,5.079685747655577,8.221094279021642,0.1,0.3639231973027243,0.5334531895733794,0.5334531895733794,0,18.22789233913519,0.054416487821512316,106
7217.924275443,20.910000000002572,1,1,5.07876491699616,8.040861761576519,0.1,0.37338035761794486,0.524019599485575,0.524019599485575,0,18.242724460777634,0.05428187396323958,107
7217.934237116,20.920000000002585,1,1,5.1393196837574795,7.859505066761589,0.09364726750663983,0.383526497226626,0.5151423023407586,0.5151423023407586,0,18.25606058847307,0.05407125534005841,112
7217.944211899,20.930000000002597,1,1,4.997361554485727,7.67757975143093,0.09070312239905738,0.3943059300669243,0.5031607474293442,0.5031607474293442,0,18.267901228188297,0.05377782744267812,115
7217.954281949,20.94000000000261,1,1,4.842380069593296,7.495777435554305,0.1,0.4055965241459899,0.4905816627017195,0.4905816627017195,0,18.27823611426481,0.05339667852790542,117
7217.967103856,20.95000000000262,1,1,4.681288615683343,7.31473620099172,0.1,0.41733383751989894,0.4776256449814136,0.4776256449814136,0,18.28703508846667,0.052926316618551184,119
7217.974663829,20.960000000002633,1,1,4.597526400015502,7.135094695655415,0.1,0.4294709944087617,0.4646957226598535,0.4646957226598535,0,18.294283739534773,0.052388014187357834,124
7217.984358418,20.970000000002646,1,1,4.42593044000928,6.957600412232856,0.09999999999999999,0.44194389327254846,0.45036545480474344,0.45036545480474344,0,18.300098079655967,0.05176234369968746,125
7217.994602046,20.980000000002658,1,1,4.312097029709519,6.783163314077912,0.1,0.4547480636462105,0.43624762203507295,0.43624762203507295,0,18.304679191381823,0.0510591022494391,126
7218.004651298,20.99000000000267,1,1,4.104952254691168,6.612716554737604,0.10000000000000002,0.4678487484693639,0.42033682728940747,0.42033682728940747,0,18.307965884877532,0.05027676775119638,130
7218.013987229,21.000000000002682,1,1,4.014591570081754,6.447122429733899,0.10000000000000002,0.48121308154314174,0.40551135089917023,0.40551135089917023,0,18.309601477472558,0.049429111197542897,131
7218.024041284,21.010000000002695,1,1,3.7805833107591424,6.287448548262696,0.037377589540391436,0.4948404044643303,0.38803082975705183,0.38803082975705183,0,18.30956566938795,0.048501879551198446,133
7218.035035025,21.020000000002707,1,1,3.500221699642824,6.1349915173394445,0.0,0.5087190643505836,0.36985761748136053,0.36985761748136053,0,18.30786946623294,0.047494538214400084,138
7218.044329915,21.03000000000272,1,1,3.2297835816745777,5.991124326792863,0.031027676562847474,0.5228346627702691,0.35133493469613664,0.35133493469613664,0,18.304510393478367,0.046406403026314935,140
7218.054273522,21.04000000000273,1,1,2.9809632339426266,5.857360188659257,0.1,0.5371566806564204,0.33258085030146634,0.33258085030146634,0,18.299487564758973,0.04523903720959899,141
7218.066557093,21.050000000002743,1,1,2.6988117067183546,5.7353372839770556,0.1,0.5516707908054121,0.3133435945060776,0.3133435945060776,0,18.29280496495218,0.04400743382099592,143
7218.07432739,21.060000000002756,1,1,2.4494675641735473,5.626804891131967,0.029091824112361362,0.5663605627772974,0.29335993878718813,0.29335993878718813,0,18.284457663733054,0.04269174881590665,148
7218.084014542,21.070000000002768,1,1,2.136941689485165,5.533603427405363,0.1,0.5811981071657132,0.2731597901789789,0.2731597901789789,0,18.274449333518046,0.04132050194564152,150
7218.094144834,21.08000000000278,1,1,1.8546066722558776,5.457564543418518,0.038478982841212185,0.5961630188650054,0.251804111601788,0.251804111601788,0,18.26278208189852,0.03988149260628626,153
7218.104137601,21.090000000002792,1,1,1.4113361471293546,5.400569254946027,0.09999999999999999,0.611244840200505,0.22903849618882477,0.22903849618882477,0,18.249463986702192,0.0383631600128278,159
7218.114225712,21.100000000002805,1,1,1.1956639715922648,5.364358430256263,0.09999999999999999,0.6264367509504714,0.20786191463234568,0.20786191463234568,0,18.234500440135164,0.03678448196765571,161
7218.124062149,21.110000000002817,1,1,1.0402033020139014,5.3504707189965135,0.09999999999999999,0.6416869169159707,0.18789734115470946,0.18789734115470946,0,18.2179138612777,0.0351603635664417,162
7218.135872704,21.12000000000283,1,1,0.8838449191293187,5.360177705800074,0.0,0.6569657016133419,0.17873623165025582,0.17873623165025582,0,18.199711720818605,0.033494147645595884,166
7218.144202725,21.13000000000284,1,1,0.5913146749264079,5.395402508858719,0.1,0.6722917282871307,0.18645075708996067,0.18645075708996067,0,18.179915253505037,0.03178179808984738,172
7218.154006508,21.140000000002853,1,1,0.44363739459246115,5.457220412047569,0.1,0.6876121536163117,0.19334135898299293,0.19334135898299293,0,18.158562611747687,0.030008034704444242,173
7218.164680167,21.150000000002866,1,1,0.3580539335155008,5.544006589941658,0.10000000000000002,0.7029327269241858,0.20015606090496219,0.20015606090496219,0,18.135658622976344,0.02819619192327405,174
7218.174201121,21.160000000002878,1,1,0.3905682142171354,5.655201878826683,0.013805825737364988,0.7181463563416789,0.21412288876099403,0.21412288876099403,0,18.111247879477634,0.026355175215742266,181
7218.184289135,21.17000000000289,1,1,0.3916071755877646,5.790371385771322,0.0,0.7332826481161253,0.23341449094555144,0.23341449094555144,0,18.085361822154198,0.02446060374454162,182
7218.194844281,21.180000000002902,1,1,0.5983890516282597,5.948763633972272,0.1,0.7482900180514617,0.25348555426803293,0.25348555426803293,0,18.058029691275255,0.02253305257814109,184
7218.204829537,21.190000000002915,1,1,0.7922450279987391,6.129311868754614,0.1,0.7631743316005757,0.2729919623040779,0.2729919623040779,0,18.02928028265579,0.0205878034613165,190
7218.214312038,21.200000000002927,1,1,0.8322899087853339,6.330735617127486,0.10000000000000002,0.7778709705419039,0.29227264378981455,0.29227264378981455,0,17.999148972227268,0.01859233643666225,193
7218.224084489,21.21000000000294,1,1,0.9868468371248638,6.551626519435199,0.1,0.792340464962298,0.3111308420488829,0.3111308420488829,0,17.967667766431244,0.01658589112217923,195
7218.237082298,21.22000000000295,1,1,0.9356281685128729,6.790470196916204,0.013805825737366429,0.8066239805442024,0.32955660666018627,0.32955660666018627,0,17.934879214165747,0.017247087966283825,196
7218.244459051,21.230000000002963,1,1,0.9678478607092547,7.04574778921665,0.0,0.8206394146597418,0.3484133443720691,0.3484133443720691,0,17.900837512672616,0.017943676573240364,201
7218.254095222,21.240000000002976,1,1,1.1042637220675124,7.315892233800577,0.0,0.8343024337175511,0.36676471816240036,0.36676471816240036,0,17.86558275147363,0.018629189842089833,203
7218.26418018,21.250000000002988,1,1,1.2146656217860654,7.599270509260864,0.1,0.8475077716440231,0.3857410430828261,0.3857410430828261,0,17.82913741955505,0.020178903087823663,204
7218.27401997,21.260000000003,1,1,1.1253892052936503,7.894355662456317,0.013805825737364047,0.8603203387232823,0.4034028987248992,0.4034028987248992,0,17.79152537340826,0.022075265583582526,211
7218.284284886,21.270000000003012,1,1,1.2282817023575334,8.199542112707771,0.09999999999999999,0.8725634327098706,0.421779687593773,0.421779687593773,0,17.752805269686743,0.023967217466305923,213
7218.294116932,21.280000000003024,1,1,1.1348641864628792,8.513597667213798,0.0,0.884230986073595,0.4388982590240737,0.4388982590240737,0,17.713007393916385,0.025844321598211373,213
7218.305174641,21.290000000003037,1,1,1.1374215439974906,8.835125095664509,0.0,0.8951903987323959,0.4561367624210212,0.4561367624210212,0,17.672182547156556,0.02770543849190965,218
7218.314135074,21.30000000000305,1,1,1.1288678046098066,9.162621267128843,0.1,0.9051088395814443,0.47223092378544174,0.47223092378544174,0,17.63036621385807,0.02955082301585643,221
7218.323974015,21.31000000000306,1,1,1.068084370042477,9.49457854016527,0.1,0.9139997750039776,0.488553460195626,0.488553460195626,0,17.587582821622682,0.031376368658066034,224
7218.333988976,21.320000000003073,1,1,0.8709345973281746,9.829512033958935,0.0,0.921630743930803,0.503630106456389,0.503630106456389,0,17.54388603105595,0.033172750728098,226
7218.344205665,21.330000000003086,1,1,0.7341178744617158,10.16596505807142,0.1,0.9279471446138511,0.5179980116965357,0.5179980116965357,0,17.499342184712145,0.034937098097276076,233
7218.354070573,21.340000000003098,1,1,0.8852952509339291,10.502331915968819,0.08581636188182297,0.9325322357014112,0.5315882775779772,0.5315882775779772,0,17.45401389871742,0.0366685281639938,234
7218.364166306,21.35000000000311,1,1,0.8637800552415358,10.836862380808695,0.09999999999999999,0.9349498810089751,0.5458711494140179,0.5458711494140179,0,17.407952978839994,0.038366196274408626,235
7218.374334337,21.360000000003122,1,1,0.9791092715895056,11.167619199712787,0.10000000000000002,0.9346900640296901,0.5591255776328274,0.5591255776328274,0,17.361206899857876,0.04003224679100703,240
7218.38415583,21.370000000003134,1,1,1.256501786418982,11.492571959703842,0.10000000000000002,0.9311972234996091,0.5737225299479874,0.5737225299479874,0,17.313814625381987,0.0416738858941218,244
7218.394008063,21.380000000003147,1,1,1.5292229454785708,11.809546671452313,0.1,0.9243355609689426,0.5869823419829273,0.5869823419829273,0,17.265776894980892,0.043289273212982926,246
7218.406988169,21.39000000000316,1,1,1.836160967642609,12.116730303953545,0.1,0.9144155712670347,0.599845075613683,0.599845075613683,0,17.21708015788266,0.04487421493846988,248
7218.414237768,21.40000000000317,1,1,2.080147985805442,12.412573292930793,0.09999999999999999,0.9020332722345881,0.6108817993989668,0.6108817993989668,0,17.167724446584547,0.04642316598942353,252
7218.423915609,21.410000000003183,1,1,2.256443273117239,12.696010416167324,0.10000000000000002,0.8879078202698706,0.6207835756362349,0.6207835756362349,0,17.1177108921556,0.04792153742289795,256
7218.434096647,21.420000000003196,1,1,2.305245005514612,12.966238249925366,0.1,0.872657796622695,0.6277020974605956,0.6277020974605956,0,17.067070679749303,0.049358521477141704,258
7218.444277899,21.430000000003208,1,1,2.3086911044475644,13.222703241867395,0.1,0.856635639776585,0.6324572697472794,0.6324572697472794,0,17.01589937218468,0.050709198170868275,263
7218.454347223,21.44000000000322,1,1,2.551867655206183,13.464856979753057,0.1,0.840037396326133,0.6370062301411625,0.6370062301411625,0,16.964342619462876,0.05197131667730204,266
7218.464807576,21.450000000003232,1,1,2.7588856430993314,13.692126095575125,0.1,0.8229722249435797,0.6405256701939914,0.6405256701939914,0,16.912519515420485,0.05315278968005033,270
7218.476326721,21.460000000003244,1,1,3.0697993146226668,13.904061031510674,0.04200203896615963,0.8055506912918262,0.6457449816444408,0.6457449816444408,0,16.86052310499979,0.05425949227217075,3
7218.48519147,21.470000000003257,1,1,3.229665015616112,14.100302076126336,0.09999999999999999,0.7877763610864569,0.6509515109026492,0.6509515109026492,0,16.808381471364527,0.05530974029322655,8
7218.494768809,21.48000000000327,1,1,3.5641974252371913,14.280650718189001,0.10000000000000002,0.7697518347336749,0.6552010097126502,0.6552010097126502,0,16.75609249860029,0.05630705031534278,10
7218.50423862,21.49000000000328,1,1,3.7698637589764403,14.445113147317425,0.1,0.751537170175879,0.6577192213267579,0.6577192213267579,0,16.703645728874356,0.05723967595810853,11
7218.514688874,21.500000000003293,1,1,4.057473797601282,14.593746210074478,0.10000000000000002,0.733164593383485,0.6632557191568036,0.6632557191568036,0,16.65106439636692,0.05809425258143519,17
7218.524047367,21.510000000003306,1,1,4.326103551143408,14.72660162407881,0.1,0.714658072577137,0.67346271930617,0.67346271930617,0,16.598405975866935,0.05886216899161667,18
7218.534203132,21.520000000003318,1,1,4.732276652073569,14.843677192916243,0.1,0.6960467887054391,0.6819034206547493,0.6819034206547493,0,16.545763626649162,0.05954084810141058,18
7218.5445969,21.53000000000333,1,1,5.276661836920888,14.944961315178066,0.09999999999999999,0.6773310998229078,0.6903036437337441,0.6903036437337441,0,16.4932401461153,0.06013359644869032,24
7218.554754371,21.540000000003342,1,1,5.735356231981354,15.030460258738335,0.1,0.6585535892606145,0.698979796348702,0.698979796348702,0,16.44093796634124,0.06065219538778732,28
7218.564165387,21.550000000003354,1,1,6.0581114066471615,15.100214658020272,0.10000000000000002,0.6397398944498713,0.7058266263508771,0.7058266263508771,0,16.388892914240625,0.06110003937300812,30
7218.57736518,21.560000000003367,1,1,6.48267040250994,15.154355234877096,0.1,0.6208950569870452,0.7128228855230184,0.7128228855230184,0,16.337119449713793,0.06148018731757354,33
7218.584637304,21.57000000000338,1,1,6.730390001898805,15.19308011918163,0.1,0.6020156619843209,0.7182175107200353,0.7182175107200353,0,16.28562267156865,0.06179057480215577,40
7218.594270152,21.58000000000339,1,1,7.041496273449794,15.216580409017865,0.1,0.5831179736049329,0.7232019785988706,0.7232019785988706,0,16.234413698553414,0.06203196570141012,42
7218.604019596,21.590000000003403,1,1,7.32356184889657,15.225082964832593,0.09999999999999999,0.5641920239392272,0.7247399443640232,0.7247399443640232,0,16.18350590444993,0.062198165459384835,45
7218.614135818,21.600000000003416,1,1,7.772106763601559,15.218831277180293,0.09999999999999999,0.5452212399050322,0.7236442219588191,0.7236442219588191,0,16.13294542253203,0.062434728105207116,52
7218.624137375,21.610000000003428,1,1,8.143997140980263,15.198010998085255,0.10000000000000002,0.5262216465745457,0.7238446787606612,0.7238446787606612,0,16.082812579182068,0.06340901714733116,52
7218.633901396,21.62000000000344,1,1,8.488462842374885,15.162766896426396,0.10000000000000002,0.5071896872202202,0.7228861176080719,0.7228861176080719,0,16.03315951955933,0.06428017555885801,54
7218.645782282,21.630000000003452,1,1,8.65546222585746,15.113253183648819,0.1,0.4881321547440196,0.7264776652780571,0.7264776652780571,0,15.984016637409047,0.0650888879124858,58
7218.654193966,21.640000000003464,1,1,8.69270152075159,15.049706222903774,0.1,0.46905505300488515,0.7245330888378879,0.7245330888378879,0,15.935350161686491,0.06581940219209437,62
7218.664219623,21.650000000003477,1,1,8.807558111396961,14.972466104462182,0.1,0.4499552904663637,0.7215580811996443,0.7215580811996443,0,15.88716068938728,0.06645287969700253,64
7218.674136081,21.66000000000349,1,1,9.038623408012375,14.88182628373181,0.1,0.4308195451817758,0.715435311366309,0.715435311366309,0,15.839451505378753,0.06698128228784728,67
7218.684788858,21.6700000000035,1,1,9.270088033189174,14.77807298693869,0.1,0.41164580395190364,0.709748855480133,0.709748855480133,0,15.792259391806969,0.06740746970898437,72
7218.694262714,21.680000000003513,1,1,9.43266769108262,14.661452909073898,0.1,0.3924117640605444,0.7039674368843529,0.7039674368843529,0,15.745617934669204,0.06773880196097393,74
7218.704453044,21.690000000003526,1,1,9.7746054484196,14.532203239549304,0.1,0.37314900410311125,0.6955789809957609,0.6955789809957609,0,15.699573172056933,0.06796571453644829,76
7218.714884164,21.700000000003538,1,1,9.852138918082684,14.390573740633613,0.008960720422094802,0.35387536262551206,0.6889706901741126,0.6889706901741126,0,15.654166124566876,0.06810003608020976,81
7218.724186705,21.71000000000355,1,1,9.710841594721835,14.236762382811147,0.1,0.3346064535044224,0.6812926004759107,0.6812926004759107,0,15.609390630093712,0.06815734713508514,84
7218.734209409,21.720000000003562,1,1,9.442387819675654,14.07101464671107,0.09689604643183213,0.3153450210685445,0.6773552951932871,0.6773552951932871,0,15.565207110823039,0.06814861229814162,85
7218.747441013,21.730000000003574,1,1,9.306896459634618,13.893696253202355,0.1,0.29611252441712993,0.6691606645283311,0.6691606645283311,0,15.52154714441536,0.06808315944957011,88
7218.754293264,21.740000000003587,1,1,9.187084941544882,13.705333580287595,0.1,0.2769186276295766,0.6595648460713985,0.6595648460713985,0,15.478376225915547,0.06793480973462263,95
7218.764103159,21.7500000000036,1,1,9.054046159288122,13.506365661093822,0.1,0.25775979057560133,0.6516017079131597,0.6516017079131597,0,15.435683313025343,0.06771742878160936,98
7218.77404781,21.76000000000361,1,1,8.965267393528485,13.297214911543765,0.1,0.23866109598413,0.6392680642730022,0.6392680642730022,0,15.393468087985267,0.06742504891188705,100
7218.784177185,21.770000000003623,1,1,8.838072205427935,13.078306865732827,0.09999999999999999,0.21964062495929054,0.6283572353416595,0.6283572353416595,0,15.351745717725661,0.06705091147638464,105
7218.793979162,21.780000000003636,1,1,8.593525867262196,12.85003308110289,0.09356574942195989,0.20077225879322033,0.6168698764748051,0.6168698764748051,0,15.310524697755715,0.06660258468927815,107
7218.803886815,21.790000000003648,1,1,8.340774666654564,12.612825208291941,0.09999999999999999,0.18213507213256105,0.6054813797622408,0.6054813797622408,0,15.269786917373454,0.06608802832279626,110
7218.816984117,21.80000000000366,1,1,8.159188677222689,12.367176313327988,0.1,0.16384620627046415,0.5958241106093451,0.5958241106093451,0,15.229516011311008,0.06551592992186173,113
7218.823973977,21.810000000003672,1,1,7.74578123112643,12.113537021718003,0.1,0.1459673111845269,0.5839456891412936,0.5839456891412936,0,15.189707484226279,0.06490021692637571,118
7218.833905233,21.820000000003684,1,1,7.554701358939154,11.85234359331548,0.020248008851570416,0.1287402946527691,0.5696959825593682,0.5696959825593682,0,15.15034938789566,0.06421558412137673,119
7218.844070448,21.830000000003697,1,1,7.166929730602307,11.58405972348356,0.10000000000000002,0.11246463425072725,0.5561536845272619,0.5561536845272619,0,15.111444187302276,0.06346898752610985,120
7218.854019919,21.84000000000371,1,1,6.936755346070686,11.309088709399736,0.1,0.09755811538010412,0.5426660441087541,0.5426660441087541,0,15.072991010383383,0.0626600738278813,127
7218.864037324,21.85000000000372,1,1,6.6816900868103986,11.027827576631124,0.1,0.08472076324122087,0.5272802730474377,0.5272802730474377,0,15.035015110661712,0.06178063169372683,129
7218.874424486,21.860000000003733,1,1,6.388024011581396,10.740634583984818,0.10000000000000002,0.07506157941962673,0.5151027546093272,0.5151027546093272,0,14.997528604046012,0.06087156255810111,130
7218.884899902,21.870000000003746,1,1,6.067795137108374,10.447859416368855,0.09999999999999999,0.06991712027150444,0.5015561983495829,0.5015561983495829,0,14.960532369624376,0.059913585354560706,134
7218.894393886,21.880000000003758,1,1,5.865496920775512,10.149890939150223,0.1,0.070189112733562,0.48632780149130483,0.48632780149130483,0,14.924021150133774,0.058908815971500994,136
7218.904294101,21.89000000000377,1,1,5.649697837375849,9.847128475536596,0.1,0.07582732135336408,0.47090326403247873,0.47090326403247873,0,14.888003064934002,0.057857524634280955,138
7218.917610282,21.900000000003782,1,1,5.503212413243794,9.53997772607164,0.10000000000000002,0.08587023284802696,0.4538736814478101,0.4538736814478101,0,14.852496362380613,0.05675322431511853,140
7218.92421033,21.910000000003794,1,1,5.343287292697465,9.228855658057787,0.1,0.09889986283171404,0.43738994832637546,0.43738994832637546,0,14.81754386048422,0.055589691776210426,146
7218.934160587,21.920000000003807,1,1,5.212881813911224,8.914064087982752,0.1,0.11390927740550673,0.4198456454437778,0.4198456454437778,0,14.783187261805317,0.05437707392938118,148
7218.944277188,21.93000000000382,1,1,5.048286145040455,8.595930371834898,0.1,0.13023823101009052,0.40333048797950444,0.40333048797950444,0,14.749463696715775,0.05311593956626115,149
7218.954470238,21.94000000000383,1,1,5.017080767126406,8.274755161504276,0.1,0.1474625033385015,0.3881077334156327,0.3881077334156327,0,14.716399667324364,0.05182430842692476,156
7218.964047174,21.950000000003843,1,1,4.859494788402467,7.950932095719784,0.1,0.16530977411408349,0.3673186474269024,0.3673186474269024,0,14.684027995306135,0.05046972802976568,157
7218.974040416,21.960000000003856,1,1,4.739485299458058,7.624913295544004,0.0642033739420498,0.18359095115646712,0.3481784118564366,0.3481784118564366,0,14.652398303454172,0.04906657073356291,157
7218.985876535,21.970000000003868,1,1,4.594408858871379,7.297111531680812,0.0,0.2021853812193349,0.3285477044254512,0.3285477044254512,0,14.621561864133515,0.04760758234796991,160
7218.993939109,21.98000000000388,1,1,4.488417333144689,6.9679297314172395,0.09999999999999999,0.22101482021088475,0.30792399666288395,0.30792399666288395,0,14.591571312808352,0.046099586015446614,163
7219.003940947,21.990000000003892,1,1,4.622519483442419,6.637850249744668,0.1,0.23998863749241195,0.30436586594656495,0.30436586594656495,0,14.562488800089616,0.04454860228223334,165
7219.014529458,22.000000000003904,1,1,4.758285111447113,6.307384555960705,0.1,0.2590820696033932,0.30126561969107846,0.30126561969107846,0,14.53436766499276,0.0429656437568563,167
7219.02405377,22.010000000003917,1,1,4.952538817840874,5.9771777327066085,0.10000000000000002,0.27824925688200436,0.2985953838303034,0.2985953838303034,0,14.507257766487188,0.041344030505448326,173
7219.034083746,22.02000000000393,1,1,5.124764864177017,5.648071209205963,0.1,0.297478121312364,0.29474882709802697,0.29474882709802697,0,14.481215755290846,0.039682432880465135,175
7219.04409095,22.03000000000394,1,1,5.090359327388483,5.320986541773799,0.09999999999999999,0.3167527073483276,0.288461379867657,0.288461379867657,0,14.456299273577962,0.03797076047173409,177
7219.054270896,22.040000000003953,1,1,4.970416899437352,4.997114819199812,0.09999999999999999,0.3361040064371731,0.2804990600884328,0.2804990600884328,0,14.43256634494288,0.03621516912061029,182
7219.064247222,22.050000000003966,1,1,4.847986335905035,4.677881895786348,0.09999999999999999,0.35551659386993306,0.27233292573919005,0.27233292573919005,0,14.410074354042683,0.034424726316562126,182
7219.074240903,22.060000000003978,1,1,4.987217299224365,4.365034956912415,0.1,0.3749032271967412,0.26664998055860883,0.26664998055860883,0,14.38887025164238,0.032591679918291594,185
7219.086426487,22.07000000000399,1,1,5.0769398572290365,4.060751737721718,0.10000000000000002,0.39425931235066947,0.2588102359981619,0.2588102359981619,0,14.368989083486339,0.0307404209283354,188
7219.094210457,22.080000000004002,1,1,5.286871437388897,3.767849839197893,0.10000000000000002,0.41349679117596505,0.25322556147164427,0.25322556147164427,0,14.350463788134864,0.0300228133646816,191
7219.103889091,22.090000000004014,1,1,5.290450862351576,3.4899531800473387,0.10000000000000002,0.4326775609193724,0.244562939560439,0.244562939560439,0,14.333313476139242,0.029687439754846334,193
7219.114082576,22.100000000004027,1,1,5.4031168142911365,3.231702225487932,0.1,0.451752519358964,0.2370457634587875,0.2370457634587875,0,14.317555645747001,0.0293601820053222,196
7219.124038801,22.11000000000404,1,1,5.275639492574011,2.998794582791298,0.0640032779635918,0.4707319673992033,0.2264400566427333,0.2264400566427333,0,14.303188270766285,0.029001507523692682,202
7219.13399078,22.12000000000405,1,1,5.178090058476185,2.7981875333596227,0.10000000000000002,0.4896412327412603,0.2158262020939926,0.2158262020939926,0,14.290202800715553,0.028606649769947756,203
7219.143909855,22.130000000004063,1,1,5.0741676393119555,2.6378280538182883,0.1,0.5084532840795774,0.2050722201544757,0.2050722201544757,0,14.278573119964959,0.028168860271525098,203
7219.154816152,22.140000000004076,1,1,5.263514679475953,2.5258861379686435,0.09999999999999999,0.5270873776884485,0.19757195579021375,0.19757195579021375,0,14.26826721183863,0.027723832224550327,208
7219.164092792,22.150000000004088,1,1,5.074147143542198,2.469313867404095,0.10000000000000002,0.5455893100916279,0.18487956986611068,0.18487956986611068,0,14.259232762014125,0.027286908148264954,209
7219.17424412,22.1600000000041,1,1,5.342273244865588,2.4723403966425357,0.08368778074155242,0.5639273721688215,0.1773846497590632,0.1773846497590632,0,14.251417654501603,0.02684546794402798,209
7219.183910176,22.170000000004112,1,1,5.201246907034135,2.534987516691988,0.10000000000000002,0.5820194271601918,0.16555404332330492,0.16555404332330492,0,14.244757918417003,0.026406223126829387,212
7219.194094658,22.180000000004124,1,1,5.116401832087527,2.6531903014929035,0.07740043732797156,0.5999612839751617,0.15349391846623442,0.15349391846623442,0,14.239191315915106,0.025907187523641628,217
7219.204760108,22.190000000004137,1,1,4.701661538317763,2.8202651298831514,0.1,0.6176905926712246,0.13825503583225013,0.13825503583225013,0,14.234642375646652,0.025365211629926776,218
7219.213948405,22.20000000000415,1,1,4.77826335843977,3.0284199869524553,0.1,0.635220226157542,0.1448942761319065,0.1448942761319065,0,14.231031024728713,0.02479136285290595,220
7219.224253198,22.21000000000416,1,1,4.5202724343777545,3.270404982021364,0.1,0.6524130797971024,0.16716594229841075,0.16716594229841075,0,14.228270345133275,0.024203446603076495,227
7219.234032403,22.220000000004173,1,1,4.393677418896676,3.5385112381676334,0.09999999999999999,0.669366190931462,0.1854209368433424,0.1854209368433424,0,14.226279773196262,0.02360737882809061,228
7219.244652443,22.230000000004186,1,1,4.208074494428073,3.8271563457836035,0.09999999999999999,0.6860224378202494,0.20485606554742894,0.20485606554742894,0,14.224976824358205,0.0229669687089753,229
7219.254713535,22.240000000004198,1,1,4.2575616553014415,4.131998011314679,0.09999999999999999,0.7023041031542966,0.2229966091397242,0.2229966091397242,0,14.22428138628318,0.02232457425665224,234
7219.264198836,22.25000000000421,1,1,3.9998687778660424,4.449601921167479,0.0,0.7182796617160018,0.24205517237226415,0.24205517237226415,0,14.2241234003412,0.02166378746777453,239
7219.274453309,22.260000000004222,1,1,3.6916484086489865,4.7770663672530285,0.1,0.7339312347475487,0.263818184885759,0.263818184885759,0,14.2244427899202,0.02095571547558217,242
7219.284183084,22.270000000004234,1,1,3.3061226855814194,5.111928475999203,0.1,0.7489533571732562,0.28218931886752313,0.28218931886752313,0,14.225175434264822,0.020204747699289927,245
7219.293943456,22.280000000004247,1,1,3.0465024477658442,5.452358165267401,0.06364132277596432,0.7634683428922491,0.3020405088838791,0.3020405088838791,0,14.226257107776608,0.019402752668070233,249
7219.304261011,22.29000000000426,1,1,2.7325672072227296,5.796698180551885,0.06410926506733661,0.7771151214482767,0.3197176025623466,0.3197176025623466,0,14.227624126145328,0.01856709982367777,251
7219.314378313,22.30000000000427,1,1,2.3355438003728275,6.143488264171669,0.09999999999999999,0.7898536755785414,0.33738043278884605,0.33738043278884605,0,14.229220452872852,0.017681990090467448,253
7219.323971871,22.310000000004283,1,1,2.2293217031997146,6.491208357812878,0.1,0.80100307857642,0.3555517815131014,0.3555517815131014,0,14.230991376767594,0.01675423346691929,257
7219.334603528,22.320000000004296,1,1,1.9914389184268029,6.838230377549618,0.10000000000000002,0.8102818556121966,0.3734545808986884,0.3734545808986884,0,14.232891715288895,0.018541330818325763,260
7219.344071343,22.330000000004308,1,1,1.9176806582952877,7.182691114374655,0.1,0.8170751727039979,0.39124561486275655,0.39124561486275655,0,14.234889015142905,0.020446266573331706,264
7219.357226073,22.34000000000432,1,1,1.7439169975936926,7.522424305788507,0.1,0.8205517458018895,0.40808007441679167,0.40808007441679167,0,14.236958378007564,0.022343753554524892,267
7219.364027706,22.350000000004332,1,1,1.8642333654579697,7.8553936848249,0.10000000000000002,0.8207639599801586,0.4241159540747499,0.4241159540747499,0,14.239071870015863,0.024217701275841774,273
7219.373972877,22.360000000004344,1,1,2.039104628574561,8.179821429758857,0.0675327663888271,0.8169911686166053,0.44134211203180895,0.44134211203180895,0,14.241166771007753,0.02607294070778088,274
7219.384035545,22.370000000004357,1,1,2.2421827783847785,8.493554878524154,0.1,0.8083598398622623,0.4588505047308086,0.4588505047308086,0,14.243219726527132,0.027913773084769056,274
7219.393883023,22.38000000000437,1,1,2.626526681612718,8.794086291624609,0.06761401679365926,0.7956922416240473,0.47455325608201504,0.47455325608201504,0,14.245295361744722,0.029742653829325616,279
7219.404297711,22.39000000000438,1,1,2.7738994923705387,9.080131557139833,0.1,0.7803178549684203,0.4861126671219238,0.4861126671219238,0,14.247391842591735,0.03151827149853381,280
7219.41435607,22.400000000004393,1,1,3.060216922412537,9.350888876555072,0.09999999999999999,0.763199773586613,0.49711434783075065,0.49711434783075065,0,14.249521807520983,0.03323666395619529,281
7219.42489459,22.410000000004406,1,1,3.076488430943103,9.605225710012618,0.0,0.7449773117961177,0.5051079401369223,0.5051079401369223,0,14.251805365456123,0.03488579238393896,286
7219.434227565,22.420000000004418,1,1,3.1744041381840904,9.843090778950208,0.1,0.7261710946727856,0.5118813911234943,0.5118813911234943,0,14.25429462546586,0.03643841259179603,288
7219.444161742,22.43000000000443,1,1,3.3399356242357072,10.065599641044551,0.10000000000000002,0.7070368624547538,0.5194932180749485,0.5194932180749485,0,14.256873061257732,0.037920744927537386,290
7219.454568896,22.440000000004442,1,1,3.412286298419607,10.272447515090795,0.1,0.68771590461823,0.5247367608650901,0.5247367608650901,0,14.259529550553655,0.03930901693206135,291
7219.464319981,22.450000000004454,1,1,3.2395033124802715,10.463410875299454,0.1,0.6682753905238407,0.5277025116575883,0.5277025116575883,0,14.262316811123181,0.04059550927717481,297
7219.474278125,22.460000000004467,1,1,3.2961163344657534,10.638384092155619,0.1,0.6487868706598354,0.5325471327447385,0.5325471327447385,0,14.265295360430354,0.04181942234074176,1
7219.484346044,22.47000000000448,1,1,3.3655549761381347,10.797359987879764,0.1,0.6292557977844149,0.5360398055998219,0.5360398055998219,0,14.26853024950582,0.042951864465450074,3
7219.494324234,22.48000000000449,1,1,3.4625354594337545,10.940405427370964,0.10000000000000002,0.6096844252199197,0.5390733341270187,0.5390733341270187,0,14.272086567606609,0.04401151704000128,8
7219.504550985,22.490000000004503,1,1,3.535760845049231,11.067636665439135,0.10000000000000003,0.5900839592003481,0.5413649443762429,0.5413649443762429,0,14.276028103700707,0.0449885320624388,11
7219.514093956,22.500000000004515,1,1,3.8387786283543774,11.179219949869218,0.1,0.5704587258033013,0.5443500094419059,0.5443500094419059,0,14.280414935365554,0.04589821384870474,14
7219.525992804,22.510000000004528,1,1,3.7158931005985822,11.275334937944868,0.0,0.5508174284192117,0.5444082232974131,0.5444082232974131,0,14.285312887655097,0.046737091153820964,17
7219.534071443,22.52000000000454,1,1,3.8703326566652008,11.35622544659453,0.1,0.5311583108093748,0.5456589913614827,0.5456589913614827,0,14.290785721588884,0.047506594372297206,22
7219.543992719,22.530000000004552,1,1,3.8004904104345187,11.42211572608917,0.10000000000000002,0.5114955390754707,0.5447551443539871,0.5447551443539871,0,14.296902085816797,0.04819239752332449,24
7219.553934068,22.540000000004564,1,1,3.6727515624833997,11.473224987363135,0.1,0.491827399374023,0.5440220457819832,0.5440220457819832,0,14.303728898344122,0.04880666777658993,26
7219.563981317,22.550000000004577,1,1,3.6129708178825775,11.509753781658826,0.06371924646916387,0.4721568056061491,0.5415136614062181,0.5415136614062181,0,14.31133013231458,0.04935042198622841,33
7219.57411099,22.56000000000459,1,1,3.61428670788853,11.53192676017276,0.10000000000000002,0.45248353290755455,0.5415530101159516,0.5415530101159516,0,14.319763284134336,0.04982619092550844,35
7219.584162923,22.5700000000046,1,1,3.5996739833672953,11.53995313457721,0.1,0.43281193111749744,0.5377368482596785,0.5377368482596785,0,14.32907801992346,0.050247578543114235,37
7219.595637035,22.580000000004613,1,1,3.5223477451255945,11.534131265936898,0.0,0.4131430997608738,0.534397425587246,0.534397425587246,0,14.339315645170837,0.050586009787001895,41
7219.603972511,22.590000000004625,1,1,3.595817354778394,11.514749936291269,0.1,0.39348469685659565,0.5329207332939478,0.5329207332939478,0,14.35049604564015,0.05086866273549506,45
7219.614035401,22.600000000004638,1,1,3.59938860263726,11.482046326722951,0.1,0.3738367080986583,0.5306542070684491,0.5306542070684491,0,14.362635289373252,0.05109858791538113,45
7219.623985169,22.61000000000465,1,1,3.4247932394917875,11.43631541140214,0.06412333562695574,0.3542094865574008,0.5257159225562966,0.5257159225562966,0,14.375735518961143,0.05128113385054922,45
7219.633953644,22.620000000004662,1,1,3.1354483378373237,11.377888482323891,0.1,0.3345920433448022,0.519495720106977,0.519495720106977,0,14.389778424185716,0.051377139642170944,50
7219.644152687,22.630000000004674,1,1,3.166187933372107,11.306995999541757,0.1,0.31500363149543353,0.5150623726286008,0.5150623726286008,0,14.404739108367977,0.05142499420973157,52
7219.653947272,22.640000000004687,1,1,3.009566264496926,11.223865399519138,0.1,0.2954326069648408,0.5110355520244177,0.5110355520244177,0,14.420586515589276,0.051417325335511244,53
7219.664463448,22.6500000000047,1,1,2.7033918597160373,11.128811640256602,0.09999999999999999,0.27589378438503404,0.5085869761875572,0.5085869761875572,0,14.437278540714205,0.051319862610035294,59
7219.674156296,22.66000000000471,1,1,2.7422676632945584,11.022072690112187,0.08352830797052156,0.2564016908563033,0.506100039653682,0.506100039653682,0,14.454747588533499,0.05117135723030386,62
7219.684414928,22.670000000004723,1,1,2.461724589057039,10.903845338587875,0.1,0.23696711084210012,0.5030744721501103,0.5030744721501103,0,14.472936162002956,0.05097101736572318,65
7219.69709338,22.680000000004735,1,1,2.377292962401496,10.774381988419977,0.1,0.21760625199904282,0.4987689926507591,0.4987689926507591,0,14.491768158196649,0.05071824850957429,69
7219.704744319,22.690000000004748,1,1,2.306345187075158,10.63394026529369,0.1,0.19833627871493056,0.4946195243835345,0.4946195243835345,0,14.51117069347574,0.05041047132274534,75
7219.714445536,22.70000000000476,1,1,2.0138923060983354,10.482776361508288,0.1,0.17920024633754067,0.4893770618230467,0.4893770618230467,0,14.531076899497597,0.050053306664090025,79
7219.724324161,22.710000000004772,1,1,1.9450734516285109,10.321138171753379,0.09999999999999999,0.16024259755615441,0.4836901135323582,0.4836901135323582,0,14.551395807869357,0.049652292786350305,82
7219.734587078,22.720000000004784,1,1,1.7972153463375413,10.149265583675335,0.1,0.1415523990854639,0.4777379697645402,0.4777379697645402,0,14.572052028043457,0.04920785060288102,90
7219.744096989,22.730000000004797,1,1,1.7532251008074566,9.967412526322127,0.1,0.12323828085120629,0.47071939070243984,0.47071939070243984,0,14.592969829630881,0.048907145649720096,93
7219.754068194,22.74000000000481,1,1,1.5952469199378796,9.775876646755178,0.1,0.10550475429617301,0.46327705644700895,0.46327705644700895,0,14.614078925271262,0.04875686221951536,97
7219.764868098,22.75000000000482,1,1,1.6337290811923757,9.574915436755106,0.051823536147285874,0.08867858236381082,0.455809140541991,0.455809140541991,0,14.635297630869314,0.048546066581365066,101
7219.774202281,22.760000000004833,1,1,1.36912945252936,9.36474696562932,0.10000000000000002,0.07346030332542926,0.44783249472745723,0.44783249472745723,0,14.656569637108596,0.04828351776345907,105
7219.784600227,22.770000000004845,1,1,1.2561966848554627,9.145628886703836,0.10000000000000002,0.0610369492353888,0.43894155363429166,0.43894155363429166,0,14.677819406465117,0.04796226116547708,108
7219.794311599,22.780000000004858,1,1,1.1604596868176562,8.9178367103037,0.10000000000000002,0.053387411950128055,0.4296810774009888,0.4296810774009888,0,14.698976703438868,0.0475860472079036,112
7219.804084088,22.79000000000487,1,1,1.2001117089547302,8.681636032916126,0.1,0.05258393915937104,0.41889458284479547,0.41889458284479547,0,14.71997953280967,0.04714917255867124,119
7219.813941823,22.800000000004882,1,1,0.9848207238872652,8.437278416880355,0.0,0.05896718025897285,0.40890722889139197,0.40890722889139197,0,14.740768404018134,0.04665626601384609,123
7219.824197514,22.810000000004894,1,1,0.9744692197506605,8.18497011218635,0.1,0.07057837053925789,0.3978958130141398,0.3978958130141398,0,14.761279791515681,0.046108679722179136,125
7219.834285776,22.820000000004907,1,1,1.0518267661621246,7.924956188714172,0.0,0.08530697045758028,0.38612115272101766,0.38612115272101766,0,14.781459058948228,0.0455010933589155,131
7219.844424368,22.83000000000492,1,1,0.8751893050458285,7.657458661084592,0.1,0.1018144148731288,0.37476535830771085,0.37476535830771085,0,14.80125733138773,0.04484193104158618,133
7219.854229781,22.84000000000493,1,1,0.9757726627642217,7.382686738682786,0.1,0.11936620120835482,0.3621579435917716,0.3621579435917716,0,14.82062110375147,0.04412971123081266,137
7219.867555315,22.850000000004943,1,1,0.9670379165595668,7.10088623573713,0.10000000000000002,0.1375471854732906,0.3496253384079253,0.3496253384079253,0,14.839507853810531,0.043366029037887,140
7219.874860923,22.860000000004955,1,1,0.7441222282482575,6.812292533153493,0.1,0.15613903022121553,0.3373777234378125,0.3373777234378125,0,14.85788259356205,0.042555908969525214,146
7219.884228172,22.870000000004968,1,1,0.8258531110930705,6.517146183842188,0.0,0.17502053834786724,0.32372316760666375,0.32372316760666375,0,14.875714607143355,0.04169523178218737,150
7219.894104363,22.88000000000498,1,1,0.7843355268807111,6.215717600217632,0.0,0.19410505089938593,0.31010242103334307,0.31010242103334307,0,14.892965435734926,0.04078817269676227,153
7219.904703251,22.890000000004992,1,1,0.7920266590292427,5.908262234413307,0.1,0.21333603157583964,0.29588421059850634,0.29588421059850634,0,14.909604936627128,0.03983243495381872,158
7219.914008402,22.900000000005004,1,1,0.7884443964824371,5.595038053700271,0.09999999999999999,0.23267001427352152,0.28154007140113546,0.28154007140113546,0,14.925605600559466,0.03883093651748748,161
7219.924719614,22.910000000005017,1,1,0.7824032210972904,5.276312743215008,0.0,0.2520996692460548,0.26646328628069554,0.26646328628069554,0,14.94095779021982,0.03778703521789317,164
7219.936215264,22.92000000000503,1,1,0.6252363150700604,4.9523679298565515,0.0,0.27159317892337553,0.2518501899452318,0.2518501899452318,0,14.955624699920266,0.03669923811642173,168
7219.944326004,22.93000000000504,1,1,0.7289570221351563,4.623515682436361,0.1,0.2911280812054437,0.2359298751884341,0.2359298751884341,0,14.969597553817918,0.035569417974190665,173
7219.954231903,22.940000000005053,1,1,0.6186975726152937,4.290110136010526,0.1,0.31071201654748876,0.2203069290416944,0.2203069290416944,0,14.982865158997067,0.034396652318992804,175
7219.964270239,22.950000000005065,1,1,0.5013967858388091,3.952521687776042,0.08421662657252889,0.3303275240200615,0.20451294396443515,0.20451294396443515,0,14.99539653388664,0.03318206873390095,179
7219.974532901,22.960000000005078,1,1,0.38032668643721296,3.611208880285445,0.1,0.34996282894655434,0.1885136773096709,0.1885136773096709,0,15.007184586322305,0.03193130483009676,187
7219.984188463,22.97000000000509,1,1,0.4259043472643287,3.2667585220772772,0.09999999999999999,0.3696300667061755,0.17137331494355795,0.17137331494355795,0,15.018222012437086,0.030641905707027628,189
7219.994923298,22.980000000005102,1,1,0.2693285347193458,2.919957355115881,0.1,0.3893090663051833,0.15498454816205118,0.15498454816205118,0,15.02849107995455,0.0293154895638863,194
7220.005166565,22.990000000005114,1,1,0.5442333738174873,2.5719134370320793,0.030842807087553506,0.4089928473481497,0.1370872657595879,0.1370872657595879,0,15.037992848205416,0.02795012301952593,199
7220.014322342,23.000000000005127,1,1,0.4764525367042385,2.224357049810477,0.06401324253440359,0.42868659547810994,0.11978405102907996,0.11978405102907996,0,15.04672998714812,0.026549152428390954,202
7220.024788596,23.01000000000514,1,1,0.5017647833283673,1.88012588414922,0.1,0.4483908473241204,0.10263105753166896,0.10263105753166896,0,15.05470877450044,0.025116876127777243,204
7220.034219584,23.02000000000515,1,1,0.5132972124688677,1.5444859119597665,0.0138058257373851,0.468098491813866,0.08438486110279192,0.08438486110279192,0,15.061928310774976,0.023647905464351138,207
7220.044163555,23.030000000005163,1,1,0.5553071136275819,1.2281511532143539,0.1,0.4878005713982379,0.06620964253707402,0.06620964253707402,0,15.068373687331892,0.022146171975465867,213
7220.054819883,23.040000000005175,1,1,0.7287923825416963,0.9550596793665863,0.0640527001365306,0.5075087948707477,0.04838539474660925,0.04838539474660925,0,15.074041880934034,0.020616330386621806,214
7220.064634367,23.050000000005188,1,1,0.9676464647992109,0.7777868216304236,0.06406674549910996,0.5271995758813883,0.029517752878744762,0.029517752878744762,0,15.078940322856399,0.019054452267759703,217
7220.074133236,23.0600000000052,1,1,1.028529655228317,0.7709831671687964,0.07833948538858074,0.5468836449229547,0.03183433741091882,0.03183433741091882,0,15.083080027527776,0.017462811238293408,224
7220.084127069,23.070000000005212,1,1,1.1602052566314032,0.942224147161791,0.06950020202369347,0.5665745350700225,0.036309977349495426,0.036309977349495426,0,15.0864615402158,0.015844350966649823,225
7220.094767774,23.080000000005224,1,1,1.1317588145984994,1.221610762782346,0.1,0.5862592869951458,0.043024993712760765,0.043024993712760765,0,15.089126441231452,0.014199503253126133,227
7220.105054545,23.090000000005237,1,1,1.250776731266468,1.554235524156607,0.0,0.6059444196136405,0.05974917899414453,0.05974917899414453,0,15.091166200681865,0.012526156224100471,232
7220.113964609,23.10000000000525,1,1,1.3287254665867,1.9143455233914033,0.07843804380791948,0.6256294740345856,0.07580125645124429,0.07580125645124429,0,15.092615730987488,0.010826331559446012,235
7220.124093812,23.11000000000526,1,1,1.4059077547797594,2.2902251682731087,0.0638939963064169,0.645327380542704,0.09201218057120378,0.09201218057120378,0,15.093392110457136,0.009103009686497021,237
7220.133898696,23.120000000005273,1,1,1.4793516940265452,2.676144392922011,0.01380582573738125,0.6650342621089487,0.1083886662843838,0.1083886662843838,0,15.09338014027259,0.007607662005760241,238
7220.143918126,23.130000000005285,1,1,1.6125945812750206,3.0695267841823934,0.0,0.6847428979422524,0.12545589807318824,0.12545589807318824,0,15.092580381773255,0.00759196378784073,244
7220.154103002,23.140000000005298,1,1,1.740212540839742,3.4686991220869383,0.06390144382823028,0.7044473310345677,0.145557829603211,0.145557829603211,0,15.09100379309345,0.007582777673146399,245
7220.164053378,23.15000000000531,1,1,1.8619138737570047,3.8731998684412288,0.07864037545960624,0.7241525882300998,0.16585619759937156,0.16585619759937156,0,15.088678221634481,0.007581445066789788,246
7220.175081215,23.160000000005322,1,1,2.0413534990313464,4.2816673804897425,0.0,0.7438504335288065,0.18616087820442398,0.18616087820442398,0,15.085589375934353,0.0075906854862765605,250
7220.18444625,23.170000000005334,1,1,2.1289890192693313,4.69311121314926,0.09999999999999999,0.7635447371145029,0.20732361895378248,0.20732361895378248,0,15.08172753486681,0.007604864261912453,252
7220.193994576,23.180000000005347,1,1,2.197964639291572,5.10714190687861,0.07889969997537875,0.783236349983924,0.22807249656812612,0.22807249656812612,0,15.077105869478016,0.007632039421210088,254
7220.20407886,23.19000000000536,1,1,2.2356740105190935,5.523474258868455,0.07014402035582491,0.802914103224703,0.24907245093724972,0.24907245093724972,0,15.071731080244117,0.007653849693593534,256
7220.214182667,23.20000000000537,1,1,2.212284393527955,5.941870977256952,0.03710505590238999,0.8225094407396413,0.27039042873845237,0.27039042873845237,0,15.065600411002162,0.008283200649831679,262
7220.224240596,23.210000000005383,1,1,2.1633767711382936,6.361980719820556,0.10000000000000002,0.8419606532060482,0.2920432744273294,0.2920432744273294,0,15.058705776569974,0.009911922711010046,263
7220.234026479,23.220000000005395,1,1,2.143721047544816,6.783499484097056,0.1,0.861211375636244,0.313514193321835,0.313514193321835,0,15.051051752562918,0.01177618996745411,265
7220.244307249,23.230000000005408,1,1,2.2231873036221663,7.206220273023661,0.07046679123065647,0.8802465740918194,0.33478982227489024,0.33478982227489024,0,15.042650638812095,0.01379206828060986,269
7220.254035043,23.24000000000542,1,1,2.1673994196323747,7.629896857308931,0.1,0.8989816766552264,0.3565648054429765,0.3565648054429765,0,15.033520807540894,0.01582079401309633,269
7220.263972559,23.250000000005432,1,1,2.2323902905294233,8.054245596593521,0.07054662976227687,0.9173605138188892,0.3779946255342037,0.3779946255342037,0,15.023678208377213,0.01786335057062627,270
7220.277153013,23.260000000005444,1,1,2.3914351837947287,8.478921219547994,0.06393276720663803,0.9353064784998518,0.39890167153940703,0.39890167153940703,0,15.013145960216402,0.019913595252534777,273
7220.283919235,23.270000000005457,1,1,2.392510161803942,8.903596113626874,0.10000000000000002,0.9528486883436214,0.42035330508708685,0.42035330508708685,0,15.00193924517971,0.021970462943196822,277
7220.29398483,23.28000000000547,1,1,2.4435010385472062,9.328011906047943,0.06392234596449964,0.9701996042835986,0.4415869134440703,0.4415869134440703,0,14.990075840354766,0.024035157855401335,277
7220.304080802,23.29000000000548,1,1,2.303422085007458,9.75185380277589,0.1,0.9869895110773671,0.4638918770716967,0.4638918770716967,0,14.97757447154703,0.02611219125999875,279
7220.314143869,23.300000000005493,1,1,2.231316351357035,10.174641557563584,0.07087015198227994,1.002946668371766,0.48521132970020636,0.48521132970020636,0,14.964442216949095,0.02819300445357875,286
7220.324237052,23.310000000005505,1,1,2.3597905493842877,10.595833709427325,0.09999999999999999,1.018241237528942,0.506180247341128,0.506180247341128,0,14.950685898989102,0.030281005678729933,288
7220.334113305,23.320000000005518,1,1,2.171083236348252,11.014945750609966,0.0,1.0323817948682958,0.5277679630776575,0.5277679630776575,0,14.936331631167523,0.032371603278536276,288
7220.345328007,23.33000000000553,1,1,1.8796627193707067,11.430830216582253,0.0,1.0443341787199105,0.5503415768212809,0.5503415768212809,0,14.921375906480355,0.03447422071023121,293
7220.353988889,23.340000000005542,1,1,1.6536388351174465,11.841685612399678,0.09999999999999999,1.0525836184594364,0.5720988030917492,0.5720988030917492,0,14.905812159182853,0.03658550499225588,296
7220.364105487,23.350000000005554,1,1,1.4995151885813147,12.244353857597172,0.0,1.054067636938072,0.5931341648208668,0.5931341648208668,0,14.889648354390681,0.038701884581495594,297
7220.374603911,23.360000000005567,1,1,1.4400393879578113,12.634134805133678,0.1,1.0472062598282283,0.613279647057331,0.613279647057331,0,14.872897355696475,0.04080983170780894,299
7220.384199622,23.37000000000558,1,1,1.3463899020006886,13.006649967356697,0.09999999999999999,1.0330348071681343,0.6327983704629572,0.6327983704629572,0,14.855600439839813,0.04290760541870131,305
7220.393956213,23.38000000000559,1,1,1.3834900614661843,13.35945913270842,0.09953103972534598,1.0157770352512436,0.6518528912222749,0.6518528912222749,0,14.837793159051676,0.044987520072644394,306
7220.403990206,23.390000000005603,1,1,1.4177205738847263,13.692107440228266,0.1,0.9973077428007437,0.6692601895058679,0.6692601895058679,0,14.819522262143504,0.0470454817073136,308
7220.414233764,23.400000000005615,1,1,1.3645913737819806,14.004859957955524,0.09999999999999999,0.9783262531586353,0.6853874905194806,0.6853874905194806,0,14.800840276340255,0.04906492554420028,315
7220.424107378,23.410000000005628,1,1,1.4801406268434008,14.297861424394581,0.0,0.9590463479840928,0.7005786385066859,0.7005786385066859,0,14.781777989099862,0.05104032212368659,317
7220.434198874,23.42000000000564,1,1,1.5033891568430147,14.57121044978288,0.0,0.9396177655462861,0.714543864069301,0.714543864069301,0,14.762381376110705,0.05296440219752829,321
7220.445885419,23.430000000005652,1,1,1.5084653929515792,14.825044018710674,0.0,0.9201167804285749,0.7273760333897797,0.7273760333897797,0,14.742687414922136,0.05483214316444007,323
7220.454254734,23.440000000005664,1,1,1.5419592227688685,15.059520775655107,0.0,0.90056913319681,0.7394058164782475,0.7394058164782475,0,14.722728928308225,0.056638560982343655,326
7220.464297914,23.450000000005677,1,1,1.7531992910956653,15.27481622486591,0.0,0.8809809202441861,0.7510260961671189,0.7510260961671189,0,14.70253434843728,0.058385165032281305,328
7220.474105256,23.46000000000569,1,1,2.0743952417099822,15.471140684074994,0.1,0.8613783791917602,0.7618623878217441,0.7618623878217441,0,14.682114933023863,0.06007016790238384,3
7220.484128384,23.4700000000057,1,1,2.485980843236233,15.648755552681747,0.04782513880793736,0.8417767354896797,0.771885114716036,0.771885114716036,0,14.661474986728045,0.0616948538497224,8
7220.49422783,23.480000000005713,1,1,2.7618795950083657,15.807982827127198,0.10000000000000002,0.8221725910701971,0.7804810509798632,0.7804810509798632,0,14.640620212194758,0.06324876371889504,10
7220.504674988,23.490000000005725,1,1,2.6718159936114643,15.94920700740789,0.1,0.8025555667076488,0.7869316771054813,0.7869316771054813,0,14.6195683299535,0.06472797211572845,12
7220.514380426,23.500000000005738,1,1,2.890374752911026,16.072887842378883,0.0,0.7829378051321503,0.7934384434486954,0.7934384434486954,0,14.59835245693786,0.06612562587611948,17
7220.523868088,23.51000000000575,1,1,3.026495580753847,16.179382947192305,0.1,0.7633143729455067,0.7987443039461515,0.7987443039461515,0,14.57699591561736,0.06744354253570656,20
7220.534355353,23.520000000005762,1,1,3.2116024318758134,16.26902566885748,0.09999999999999999,0.7436769657660957,0.8033952338829813,0.8,1,14.555514674983378,0.0686687371454624,23
7220.546469468,23.530000000005774,1,1,3.5048466113898282,16.342211575410303,0.0,0.7240386368109526,0.8073909373226644,0.8,1,14.533918111176373,0.06977702142508746,26
7220.554096108,23.540000000005787,1,1,3.37200286173152,16.399314425085638,0.1,0.7043999800293684,0.8092816377440163,0.8,1,14.512238858897362,0.07077861245230654,31
7220.564121822,23.5500000000058,1,1,3.3980581970336816,16.440504402038766,0.09999999999999999,0.6847527694022455,0.8108396397686868,0.8,1,14.490522377140305,0.07168374808594746,35
7220.57399429,23.56000000000581,1,1,3.2965491078423996,16.466011544020187,0.013805825737375174,0.6650968328670572,0.811192735333165,0.8,1,14.468797514710033,0.07250167127090867,36
7220.583920753,23.570000000005823,1,1,3.180789607649595,16.47611676428336,0.010958385868067142,0.6454364937735068,0.810779578571914,0.8,1,14.447099412420464,0.07324074837263922,41
7220.594140353,23.580000000005835,1,1,3.117669542921149,16.47108440151131,0.1,0.6257685575061441,0.8095836839572563,0.8,1,14.425473011398685,0.07390854409807524,43
7220.603931627,23.590000000005848,1,1,3.250502703243382,16.45115703803743,0.1,0.6060976884329543,0.808321277381438,0.8,1,14.403943827103975,0.07451187802472015,44
7220.614707896,23.60000000000586,1,1,3.0795103403819835,16.41656712089083,0.0,0.5864273399983148,0.8054345242220353,0.8,1,14.382538772672074,0.07505694603473934,47
7220.623948297,23.610000000005872,1,1,3.0339931102896363,16.367577961558116,0.1,0.5667631485987702,0.8021488980566466,0.8,1,14.361298460071128,0.07554934251259732,49
7220.633934949,23.620000000005884,1,1,2.8754501883066026,16.304412104049362,0.1,0.5471034088539092,0.7979375456441319,0.7979375456441319,0,14.340273592078601,0.0759875592079296,51
7220.643966105,23.630000000005897,1,1,2.7651201661121845,16.227329307553823,0.1,0.5274557885168146,0.7931440691764526,0.7931440691764526,0,14.319531668947532,0.07634477466647621,52
7220.653899758,23.64000000000591,1,1,2.7840073144906965,16.136646257153863,0.0,0.5078244289277715,0.7879850578247396,0.7879850578247396,0,14.299138165981091,0.07662108741443796,57
7220.664311883,23.65000000000592,1,1,2.556931599116903,16.03270855527865,0.1,0.4882071927301885,0.781352988279629,0.781352988279629,0,14.279156934418072,0.07681129805978842,60
7220.674072387,23.660000000005933,1,1,2.512751013103877,15.91587893511292,0.1,0.46861185415140444,0.7748442409828414,0.7748442409828414,0,14.25966450047253,0.0769214002670568,61
7220.685181899,23.670000000005945,1,1,2.5074052342435658,15.786469810009075,0.011652946278958349,0.44904697197522225,0.7678467282569377,0.7678467282569377,0,14.240733158533022,0.07695458677130551,67
7220.694020032,23.680000000005958,1,1,2.1956180984930858,15.644826967042285,0.1,0.429514521236654,0.7591853191192978,0.7591853191192978,0,14.222444665493516,0.07690890301272069,71
7220.70418488,23.69000000000597,1,1,2.3525835095403274,15.491313716723297,0.1,0.41001631953844475,0.7513848820091367,0.7513848820091367,0,14.204879674285898,0.07678675515878902,75
7220.717142478,23.700000000005982,1,1,2.178256064689282,15.326240535915343,0.1,0.39055846842914166,0.7421452939829005,0.7421452939829005,0,14.188116346890771,0.07659282467827755,78
7220.724365283,23.710000000005994,1,1,2.0863143837159153,15.149958592806058,0.1,0.3711413229208782,0.7324242615648828,0.7324242615648828,0,14.172232735951336,0.07632522715161272,85
7220.734070128,23.720000000006007,1,1,2.0629840111619817,14.962776945474914,0.1,0.3517812335453669,0.72254570327992,0.72254570327992,0,14.157294377337243,0.0759925622358345,87
7220.744068584,23.73000000000602,1,1,1.8940127463975824,14.765045634383284,0.1,0.3324767364442915,0.7116500954942738,0.7116500954942738,0,14.143372933398231,0.07558699930368135,90
7220.75401945,23.74000000000603,1,1,1.7359584879684902,14.557100492739833,0.09999999999999999,0.31323683290759,0.7003014398775922,0.7003014398775922,0,14.130530293601556,0.07511357276885167,96
7220.764205128,23.750000000006043,1,1,1.6768254303963677,14.339240568496688,0.1,0.29408361213735945,0.6888148266377107,0.6888148266377107,0,14.118815875043568,0.07457801959242599,98
7220.77417403,23.760000000006055,1,1,1.5529839911760368,14.11176861501954,0.1,0.2750361553461192,0.6767077558040152,0.6767077558040152,0,14.108265696640022,0.07397705933962928,100
7220.784756291,23.770000000006068,1,1,1.4193445688740702,13.874979718147886,0.0,0.25612216686708544,0.6640220028567054,0.6640220028567054,0,14.098902333407969,0.07331729479339616,104
7220.794141519,23.78000000000608,1,1,1.3962011344041065,13.629176634014819,0.09999999999999999,0.2373625813973464,0.6515453852060259,0.6515453852060259,0,14.090732940366804,0.0725997945299896,107
7220.80411931,23.790000000006092,1,1,1.3100984149104573,13.374652984422081,0.1,0.2187840534945741,0.6381131682659021,0.6381131682659021,0,14.083750814633863,0.07182356563432607,110
7220.814301968,23.800000000006104,1,1,1.2221561331973108,13.111712893148063,0.10000000000000002,0.20044686846723941,0.6246021157866967,0.6246021157866967,0,14.077938352453524,0.07099400724071842,113
7220.823907491,23.810000000006116,1,1,1.196069670026348,12.840631162067938,0.1,0.18241636328265945,0.610697572949063,0.610697572949063,0,14.07326182102184,0.07011135249740685,120
7220.834221378,23.82000000000613,1,1,1.2127889513925354,12.561693154918572,0.0,0.1647939556087693,0.5965070441802096,0.5965070441802096,0,14.06967371289757,0.06917758836664112,122
7220.84383208,23.83000000000614,1,1,1.172999098572232,12.275180615572506,0.09999999999999999,0.14774415118537643,0.5824126562901244,0.5824126562901244,0,14.067122432779144,0.06819697933626553,124
7220.853994241,23.840000000006153,1,1,1.151220183096969,11.981356061019454,0.09999999999999999,0.1314986703945581,0.5679829634294903,0.5679829634294903,0,14.065548204841573,0.06717473645947705,130
7220.8645253,23.850000000006165,1,1,1.1636132435492421,11.680530494780726,0.0,0.1163675117335238,0.5529687285042322,0.5529687285042322,0,14.064887146987736,0.06610636167241538,133
7220.874185036,23.860000000006178,1,1,1.2074539755592548,11.372996816838643,0.0,0.1028509492893534,0.5378126757091928,0.5378126757091928,0,14.065068070020581,0.06499701315730397,135
7220.884992875,23.87000000000619,1,1,1.0432336850447859,11.059019326481014,0.1,0.09167772195308266,0.522775616507756,0.522775616507756,0,14.06601548784668,0.06384849119700431,140
7220.894083641,23.880000000006202,1,1,1.1015492342131212,10.738863460538132,0.09999999999999999,0.08377775340659749,0.5072401561811666,0.5072401561811666,0,14.067658458680654,0.06266232822722842,145
7220.904053393,23.890000000006214,1,1,1.0918706366744917,10.41281986897972,0.1,0.08014968197871963,0.4915408609023205,0.4915408609023205,0,14.06993222312274,0.061441602040584464,146
7220.913952417,23.900000000006226,1,1,1.003344498673847,10.081168449102638,0.1,0.08132766341486834,0.4758839440771786,0.4758839440771786,0,14.072770294393827,0.06018472839160374,148
7220.924107738,23.91000000000624,1,1,1.0086846788094321,9.744152529528575,0.1,0.08714529985979697,0.459820767777786,0.459820767777786,0,14.07610430351745,0.05889551239536853,153
7220.934095933,23.92000000000625,1,1,0.991150437292236,9.402023237222323,0.0,0.09678392026677654,0.4437887415445508,0.4437887415445508,0,14.07987038332524,0.05757710778634434,154
7220.943979244,23.930000000006263,1,1,0.9513833224684306,9.055043158787248,0.09999999999999999,0.10923849658334436,0.4277073803149959,0.4277073803149959,0,14.084017076292145,0.05623006309250722,156
7220.955019772,23.940000000006275,1,1,0.9189202125629303,8.70346675486615,0.0,0.12366986964401387,0.41147197951640885,0.41147197951640885,0,14.088488252134546,0.054856464657780074,160
7220.96393578,23.950000000006288,1,1,0.9737201164182478,8.347545246108236,0.1,0.13945052496846747,0.39513111632304,0.39513111632304,0,14.093236777180293,0.05345731499199263,162
7220.974113261,23.9600000000063,1,1,1.043158816695146,7.987528483570164,0.1,0.1561821970731501,0.37851636613672646,0.37851636613672646,0,14.098210757543045,0.052036669985774914,167
7220.98404947,23.970000000006312,1,1,1.1189532108649196,7.623685813256113,0.0,0.17358205509486177,0.3619990725035954,0.3619990725035954,0,14.10336075013931,0.05059199095292838,167
7220.993976,23.980000000006324,1,1,1.1007079870633127,7.256238210870896,0.09999999999999999,0.19147789462076792,0.3451788317754445,0.3451788317754445,0,14.108636056051136,0.04912570993867496,172
7221.00396599,23.990000000006336,1,1,1.1036214672057727,6.885425160039487,0.06363490665577286,0.20973601360524965,0.3283474948658311,0.3283474948658311,0,14.114000997494555,0.04763884473451771,174
7221.013953591,24.00000000000635,1,1,1.176268130181752,6.511487537091403,0.09999999999999999,0.2282684243794151,0.3115034687033527,0.3115034687033527,0,14.119426414710306,0.04613048349576132,174
7221.023931788,24.01000000000636,1,1,1.1192122688063812,6.1346687077755275,0.0,0.2470230590170502,0.2942445792382381,0.2942445792382381,0,14.124888932956356,0.04460468404504439,180
7221.03448215,24.020000000006373,1,1,1.2313929167656632,5.755215982649325,0.09999999999999999,0.26594377503346595,0.27734085878684783,0.27734085878684783,0,14.130361385676016,0.0430601829861775,182
7221.043907593,24.030000000006385,1,1,1.2137078142876077,5.373365404179639,0.1,0.2849972739290243,0.26004066981614865,0.26004066981614865,0,14.135815227973383,0.04149720104066576,185
7221.054804015,24.040000000006398,1,1,1.1478881140236141,4.989381886548469,0.0,0.3041634118444617,0.24255824662937478,0.24255824662937478,0,14.141224368748045,0.03991908201171851,188
7221.063928502,24.05000000000641,1,1,1.25461851072587,4.603557203023918,0.1,0.3234273403373404,0.2254471050267176,0.2254471050267176,0,14.146562742264912,0.038327840299128224,190
7221.073956724,24.060000000006422,1,1,1.183993796822089,4.216233336845467,0.0,0.342767715118864,0.20784546739576631,0.20784546739576631,0,14.151809006649565,0.03671989814815749,191
7221.084157041,24.070000000006434,1,1,1.1802915432640018,3.8278471988083833,0.0,0.36217535995886146,0.19033962776420515,0.19033962776420515,0,14.156947061752314,0.03509864335862353,191
7221.09400753,24.080000000006446,1,1,1.2266177431912286,3.4389401635600403,0.0,0.38164175252630295,0.1729495725772731,0.1729495725772731,0,14.161958546580761,0.033465507976824405,195
7221.103992141,24.09000000000646,1,1,1.255101986934663,3.0502656909290424,0.0,0.4011599812323869,0.15544543823204343,0.15544543823204343,0,14.166833415123318,0.03182122099185139,196
7221.114027759,24.10000000000647,1,1,1.262526779983745,2.662966622463187,0.1,0.4207218957793986,0.13785893438029215,0.13785893438029215,0,14.171563097147057,0.03016598089628056,197
7221.123937228,24.110000000006483,1,1,1.3365763824371242,2.2788582077622292,0.06355233457622404,0.4403261148334176,0.1203346626929368,0.1203346626929368,0,14.176137067960962,0.028500987487431045,203
7221.133925394,24.120000000006495,1,1,1.3616625544075143,1.901109508069899,0.0,0.45996863089079504,0.10269325581919647,0.10269325581919647,0,14.180559049576312,0.026827732899815382,205
7221.143962372,24.130000000006508,1,1,1.5071240142403364,1.5358438735888713,0.1,0.4796477124729579,0.08527970458963754,0.08527970458963754,0,14.18482797755645,0.025146295891946308,205
7221.155793614,24.14000000000652,1,1,1.6795528776871687,1.196225398985008,0.09588316953576753,0.4993551060676623,0.06782922376331692,0.06782922376331692,0,14.188948255624998,0.023457428287591897,209
7221.16454599,24.150000000006532,1,1,1.5870632656533141,0.9133536377858524,0.10000000000000002,0.5190742860291072,0.04974381855888767,0.04974381855888767,0,14.192930289697745,0.021760726811028475,213
7221.173917884,24.160000000006544,1,1,1.708214711113284,0.7562752211877904,0.10000000000000002,0.5388122618700326,0.040674617455624104,0.040674617455624104,0,14.196783317031262,0.020053095642210833,215
7221.18403763,24.170000000006556,1,1,1.821935531377153,0.804631241277337,0.0635374378814175,0.5585728559261617,0.037888688827814855,0.037888688827814855,0,14.20052091150548,0.018340782706490172,218
7221.193929963,24.18000000000657,1,1,1.6670241875183809,1.0313409524303903,0.05508101054998789,0.5783356092959442,0.041170845185183096,0.041170845185183096,0,14.204135406206124,0.016620279236690044,222
7221.204365698,24.19000000000658,1,1,1.6304193760581869,1.3503323838909793,0.1,0.598100814602161,0.058125950529037976,0.058125950529037976,0,14.207601683756987,0.014891513200907452,224
7221.214135122,24.200000000006593,1,1,1.624071616420208,1.7114941976181721,0.0,0.6178703440771491,0.0750396092402876,0.0750396092402876,0,14.210898289778246,0.013154904535668616,226
7221.225207674,24.210000000006605,1,1,1.544426226440059,2.0936902969000033,0.0,0.6376409947726404,0.09215393901271052,0.09215393901271052,0,14.214007825308041,0.011410565416539675,231
7221.234447287,24.220000000006618,1,1,1.4622415930225388,2.4877175061950036,0.0,0.6574134591081511,0.10929839981515763,0.10929839981515763,0,14.216910259056835,0.010272226420466879,234
7221.244246345,24.23000000000663,1,1,1.357737340231768,2.8895366395008697,0.1,0.6771843818023877,0.127982672935851,0.127982672935851,0,14.219588760706554,0.009885529202763088,236
7221.256614359,24.240000000006642,1,1,1.2687498939086463,3.2967723635366406,0.1,0.6969588584399773,0.14385666534726857,0.14385666534726857,0,14.222030306030707,0.009477230377612722,237
7221.264046509,24.250000000006654,1,1,1.3085366998010688,3.7080923755194823,0.0,0.7167357996027622,0.16089736617241038,0.16089736617241038,0,14.224214138158093,0.009053925224152826,243
7221.273992004,24.260000000006666,1,1,1.2120963494591186,4.1228313299829775,0.1,0.7365126944438183,0.1791295406646492,0.1791295406646492,0,14.226142011879219,0.008625954104951372,243
7221.284754819,24.27000000000668,1,1,1.2695016942340167,4.54024535324473,0.1,0.7562814334725828,0.1967800004211142,0.1967800004211142,0,14.227817739764934,0.008192907686643824,244
7221.294037525,24.28000000000669,1,1,1.2432782469628307,4.958959011642177,0.06381191391631774,0.7760592844640848,0.2157212440249722,0.2157212440249722,0,14.229239361775134,0.007791490157157188,249
7221.304598615,24.290000000006703,1,1,1.2545573850170493,5.378426317474557,0.09999999999999999,0.7957920715775051,0.23197798894065086,0.23197798894065086,0,14.230417157477593,0.007381925427713876,252
7221.313932372,24.300000000006715,1,1,1.2556142791186862,5.79846388898988,0.06463518321903343,0.8155270260566736,0.25049739897366896,0.25049739897366896,0,14.23134669336135,0.008227495686387587,255
7221.325291718,24.310000000006728,1,1,1.1666066496560712,6.218782757221056,0.055507385976700734,0.8352149349991106,0.26801079253417914,0.26801079253417914,0,14.232058230355864,0.009949336958563482,259
7221.334160281,24.32000000000674,1,1,0.9725023800816344,6.6391847046303285,0.10000000000000002,0.8548737169020023,0.2849548045498052,0.2849548045498052,0,14.23259986594141,0.01166602893174673,262
7221.344535909,24.330000000006752,1,1,0.9684450823857367,7.059801229472574,0.1,0.8745031893905533,0.3015915715043161,0.3015915715043161,0,14.232991527351528,0.013372511715269542,263
7221.354210526,24.340000000006764,1,1,0.9056404881177573,7.48101930373786,0.0,0.8940941965201469,0.31820000013625493,0.31820000013625493,0,14.233192221740653,0.015091662525082317,265
7221.364464038,24.350000000006776,1,1,0.8014232924101427,7.903379988335773,0.0,0.913610590223719,0.3359561275737133,0.3359561275737133,0,14.23310012463452,0.01680633936186038,272
7221.374564533,24.36000000000679,1,1,0.7711085042412431,8.32662656199319,0.0,0.9330574585796325,0.35350425580205197,0.35350425580205197,0,14.232654528873397,0.018525692950155936,276
7221.383981921,24.3700000000068,1,1,0.7464983573370432,8.750473512139244,0.0,0.9524413856969659,0.37107312528459135,0.37107312528459135,0,14.23185326242688,0.020248740084034877,278
7221.395389113,24.380000000006813,1,1,0.7261289780231943,9.174769636634453,0.0,0.9717388305424394,0.38866016612286464,0.38866016612286464,0,14.230702619985374,0.021975314731251805,283
7221.403914502,24.390000000006825,1,1,0.5705754526400016,9.599400815018853,0.0010126249784621747,0.9908960542950643,0.4065353165059302,0.4065353165059302,0,14.22920942352395,0.023705945490503977,287
7221.414011485,24.400000000006838,1,1,0.4778446166410935,10.024265475956982,0.0,1.009935798435531,0.42371313363593666,0.42371313363593666,0,14.22737444014748,0.025436979373701263,289
7221.424008812,24.41000000000685,1,1,0.5444070026821128,10.449236419460751,0.0,1.0286676417547806,0.44173219226066507,0.44173219226066507,0,14.225196186634603,0.02717093187951769,290
7221.433915647,24.420000000006862,1,1,0.48077318957349596,10.874044431833104,0.0,1.0468327628856082,0.46245327741359904,0.46245327741359904,0,14.222679161512492,0.028908050654833484,295
7221.444031735,24.430000000006874,1,1,0.42048433645929767,11.298182157468283,0.01380582573737142,1.0639538336641698,0.48337186102658336,0.48337186102658336,0,14.219833617067627,0.0306471918667226,296
7221.454210013,24.440000000006886,1,1,0.36984723119243545,11.720486033105251,0.09999999999999999,1.0779944627749392,0.504737010154009,0.504737010154009,0,14.21667095122245,0.03239161372713206,298
7221.463999924,24.4500000000069,1,1,0.2373358635832105,12.137255590171101,0.09999999999999999,1.0834537224783096,0.525592976619411,0.525592976619411,0,14.213197846913975,0.034133430784629715,303
7221.473988555,24.46000000000691,1,1,0.3218619800461872,12.541154684203894,0.1,1.0728128197333668,0.5470016094940826,0.5470016094940826,0,14.209428053331314,0.035864474474377905,1
7221.483967552,24.470000000006923,1,1,0.22402139299319887,12.925270761137998,0.1,1.054457545965913,0.5674662148591961,0.5674662148591961,0,14.205388357029403,0.037716340223206024,1
7221.495173611,24.480000000006935,1,1,0.4674861827675517,13.288162479754739,0.05369370444599142,1.034978572884913,0.5877699914256975,0.5877699914256975,0,14.201092690971976,0.039729932590681555,5
7221.504110679,24.490000000006948,1,1,0.27166973084759166,13.62977518088894,0.10000000000000002,1.0151931446060747,0.6059149055958721,0.6059149055958721,0,14.196571013859467,0.041734834040712515,8
7221.513976776,24.50000000000696,1,1,0.4152434883571233,13.950270815678783,0.1,0.9953197632774846,0.6242410528467233,0.6242410528467233,0,14.1918561537474,0.04372428597679762,10
7221.5239215,24.510000000006972,1,1,0.3666542761774855,14.249817174598531,0.10000000000000002,0.9753840518542984,0.6410227966593807,0.6410227966593807,0,14.18699071754823,0.04568779249515956,11
7221.533876807,24.520000000006984,1,1,0.3450424762426357,14.528650743067352,0.0,0.955420249166861,0.6571036147804207,0.6571036147804207,0,14.182027453656431,0.04762239003422672,15
7221.544087026,24.530000000006996,1,1,0.291400824785232,14.787039803214915,0.07718226767341232,0.9354492777348207,0.6720537973374685,0.6720537973374685,0,14.177032832924263,0.04951995569811368,16
7221.553985444,24.54000000000701,1,1,0.47040077431863203,15.025265425277414,0.1,0.9154698217674074,0.6867558716030892,0.6867558716030892,0,14.17207380116449,0.05137681580795217,16
7221.565466829,24.55000000000702,1,1,0.5824825656876517,15.2436151912541,0.0,0.895486297906433,0.7002318581325466,0.7002318581325466,0,14.167220638703158,0.053188569474840686,21
7221.574071252,24.560000000007033,1,1,0.35756981969549545,15.442440067669457,0.1,0.8755054936127467,0.7119468719672136,0.7119468719672136,0,14.162547174481697,0.05494797630530174,23
7221.584034937,24.570000000007045,1,1,0.22481473022630455,15.622117883707677,0.1,0.8555319946349255,0.7230616149978097,0.7230616149978097,0,14.158136711570938,0.05664931779004623,24
7221.597577405,24.580000000007058,1,1,0.1768771322374159,15.78301584004404,0.1,0.8355673153729599,0.733285985855838,0.733285985855838,0,14.154065683676817,0.0582869812035727,26
7221.603965159,24.59000000000707,1,1,0.17022701171149054,15.925498609612605,0.05022583117178656,0.8156217039394253,0.7428206329177006,0.7428206329177006,0,14.150409128905398,0.05986310976007134,31
7221.614477943,24.600000000007082,1,1,0.23316577092977303,16.049949058085144,0.013805825737370063,0.79568979765413,0.7507933931751514,0.7507933931751514,0,14.147249816102926,0.061369596396943366,32
7221.624362519,24.610000000007094,1,1,0.29079102277003105,16.15678368740805,0.06494386159459357,0.77578285315683,0.758396891234657,0.758396891234657,0,14.144665043514403,0.06280648898548752,35
7221.634022808,24.620000000007106,1,1,0.3022042139702528,16.246372762440735,0.027611643353124334,0.7559093337127546,0.7652732638884837,0.7652732638884837,0,14.142740148907594,0.06417454971516248,39
7221.643888296,24.63000000000712,1,1,0.33495663303503787,16.31911085759065,0.10000000000000002,0.7360699423712141,0.771409717359707,0.771409717359707,0,14.141564012104942,0.06547268470352163,41
7221.654031243,24.64000000000713,1,1,0.40840323085830105,16.375412516596036,0.06472592622350429,0.7162679962013914,0.7765630223123852,0.7765630223123852,0,14.141218874063826,0.06670006761533598,43
7221.665351622,24.650000000007143,1,1,0.6341072549371481,16.41572496990125,0.0,0.6965130394557121,0.7805952110054607,0.7805952110054607,0,14.141784419453725,0.06785195393062443,49
7221.673964787,24.660000000007155,1,1,0.6588870944429099,16.44050028331047,0.1,0.6767939309318312,0.7839061804874004,0.7839061804874004,0,14.14333404327365,0.06892877957916188,53
7221.683964304,24.670000000007168,1,1,0.7784206085805527,16.45014857598424,0.1,0.6570999105254927,0.7863017544580836,0.7863017544580836,0,14.145938430095178,0.06992901864450463,56
7221.694021167,24.68000000000718,1,1,1.029390478603716,16.445093194747905,0.1,0.6374595762650199,0.7878056511709421,0.7878056511709421,0,14.14965619935929,0.07085014620318641,58
7221.704036756,24.690000000007192,1,1,1.1826411508944406,16.425725623206517,0.029494799088515933,0.6178609478575874,0.7883629149002506,0.7883629149002506,0,14.15454480548689,0.07169392123713086,63
7221.713931713,24.700000000007204,1,1,1.1234646341010843,16.392426537184118,0.03655362206876164,0.5982986076884097,0.7889451238757463,0.7889451238757463,0,14.160639937632741,0.07246051849900004,64
7221.724281968,24.710000000007216,1,1,1.270168242245931,16.345556393536373,0.07708925395443093,0.5787669285294194,0.7881296259697207,0.7881296259697207,0,14.167961269016208,0.07315226475697284,65
7221.734208544,24.72000000000723,1,1,1.2921101325583983,16.28550220369473,0.09999999999999999,0.5592774060777108,0.7872580075161246,0.7872580075161246,0,14.176513026183319,0.07376967286748037,70
7221.743963232,24.73000000000724,1,1,1.337638437824557,16.212630409662015,0.1,0.5398119390111392,0.785270569141035,0.785270569141035,0,14.186281164609753,0.07431085686928274,72
7221.754168778,24.740000000007253,1,1,1.443386890293551,16.127319880160307,0.1,0.5203856768890863,0.7824757759577772,0.7824757759577772,0,14.197232223121448,0.07477581721645404,73
7221.765907708,24.750000000007265,1,1,1.3862256063255347,16.029926510499052,0.1,0.5010079935807209,0.779213985500919,0.779213985500919,0,14.209317015603071,0.07517017983731705,75
7221.774617754,24.760000000007278,1,1,1.4191142768104934,15.920802247418758,0.0,0.48167521362574833,0.7752967315006594,0.7752967315006594,0,14.222469654843445,0.0754882120305943,79
7221.784421055,24.77000000000729,1,1,1.4486523089259555,15.800292993011228,0.050185537027295724,0.4623895078964308,0.7707491776907729,0.7707491776907729,0,14.236610568586336,0.07573363449411058,81
7221.793981932,24.780000000007302,1,1,1.5212669214255758,15.668725656545703,0.05018488571501771,0.44315984478607545,0.7654589169682502,0.7654589169682502,0,14.251648837413347,0.07590813523592493,81
7221.803948236,24.790000000007314,1,1,1.589519648321631,15.526431802399333,0.05018424310831547,0.4239923806415764,0.7595648907341639,0.7595648907341639,0,14.267487070490095,0.07601219548331584,86
7221.813936314,24.800000000007326,1,1,1.7386627296819916,15.373730970180162,0.03649689071696615,0.4048903897456039,0.7534376010287942,0.7534376010287942,0,14.284025028570479,0.0760494154872019,87
7221.824174374,24.81000000000734,1,1,1.5919384669740808,15.210943983948422,0.1,0.3858869840303717,0.7465378958867459,0.7465378958867459,0,14.301168457651112,0.07601777946363814,88
7221.835774486,24.82000000000735,1,1,1.7481758968822743,15.038387215979867,0.0,0.36696346997467316,0.7390475960411924,0.7390475960411924,0,14.31881334821148,0.07592264540928795,91
7221.844066693,24.830000000007363,1,1,1.685980167379582,14.85637467445718,0.1,0.34812682658437183,0.7313888415453182,0.7313888415453182,0,14.33686760464095,0.075761341293546,95
7221.853907779,24.840000000007375,1,1,1.6212570079413038,14.665195404540741,0.1,0.3294109241745592,0.723134940282874,0.723134940282874,0,14.35524221947377,0.07553777318221966,96
7221.863930342,24.850000000007388,1,1,2.0070566802201295,14.465128925719073,0.1,0.31079911661143855,0.715569388777753,0.715569388777753,0,14.37385826777084,0.07526047999833868,97
7221.87435408,24.8600000000074,1,1,2.505532222792041,14.256466156198053,0.1,0.2923087027680143,0.7075633331022158,0.7075633331022158,0,14.392668804662364,0.0749346060728952,103
7221.884097043,24.870000000007412,1,1,2.8453473562174,14.03955851031489,0.1,0.2739838730248615,0.6983131305053675,0.6983131305053675,0,14.411643516153452,0.07455495436265502,105
7221.894161545,24.880000000007424,1,1,3.196816357890397,13.814783297750251,0.0,0.2558618377022399,0.6884829452675878,0.6884829452675878,0,14.43074615022146,0.07412098807128947,105
7221.904038826,24.890000000007436,1,1,3.5718654463360147,13.58246771263048,0.1,0.23799347658346634,0.6778105604143838,0.6778105604143838,0,14.449945755383675,0.07363063566977696,110
7221.914230299,24.90000000000745,1,1,3.7264322745195457,13.342915297312985,0.1,0.22044464227236754,0.6669113090760621,0.6669113090760621,0,14.469214549039044,0.07308168220890432,111
7221.924292683,24.91000000000746,1,1,3.775754600142752,13.096370081623085,0.0,0.20330780420750563,0.6553171438979468,0.6553171438979468,0,14.488531368546182,0.0724791387015079,112
7221.936500995,24.920000000007473,1,1,3.925618239253528,12.843065304333646,0.07021417610693152,0.18673624168638045,0.6433565138791236,0.6433565138791236,0,14.50786892006786,0.07181940517203023,113
7221.944443692,24.930000000007485,1,1,4.207219820273598,12.58320777614129,0.1,0.17085874495247796,0.6314105082331266,0.6314105082331266,0,14.527207196260184,0.07110614011715383,119
7221.954058199,24.940000000007498,1,1,4.488213983325967,12.31700145273641,0.09999999999999999,0.15583210103742365,0.6191665370358123,0.6191665370358123,0,14.546534600315624,0.07034388146780118,120
7221.963877762,24.95000000000751,1,1,4.814014013176473,12.044656283979124,0.1,0.14190583392076633,0.6065331432957372,0.6065331432957372,0,14.565843568766208,0.06953686565664846,120
7221.974184039,24.960000000007522,1,1,5.364670157589504,11.766400696317088,0.1,0.12941070016877596,0.5942432383361572,0.5942432383361572,0,14.585137732246846,0.06868728985562872,124
7221.983981859,24.970000000007534,1,1,5.511264501030846,11.482474827822811,0.1,0.11883149615952494,0.5807969773642453,0.5807969773642453,0,14.604421571989237,0.06779339616535651,125
7221.993931989,24.980000000007546,1,1,5.643388729130204,11.193127506699216,0.1,0.11075337480129958,0.5669002544149667,0.5669002544149667,0,14.623678544341399,0.06685361912614429,125
7222.004826511,24.99000000000756,1,1,5.632487040016481,10.898392390876522,0.01940690675786168,0.10576741248223216,0.5522040478282036,0.5522040478282036,0,14.64285973384995,0.06586977539817074,129
7222.013948572,25.00000000000757,1,1,5.782709360567325,10.59811287515524,0.1,0.10431738135860952,0.5379713884473268,0.5379713884473268,0,14.661937349541047,0.06483772157764511,131
7222.023961816,25.010000000007583,1,1,5.798971572260787,10.292589897999928,0.1,0.10657575225221316,0.5225045403824568,0.5225045403824568,0,14.680942956988147,0.06376126221193967,135
7222.034274981,25.020000000007595,1,1,5.814421453943424,9.98233140955875,0.1,0.11231468052869245,0.507080199058626,0.507080199058626,0,14.699871573590546,0.06263911355111362,138
7222.043968118,25.030000000007607,1,1,5.959614802394726,9.667606005539701,0.06369780799362056,0.12099819313234383,0.4922934516628996,0.4922934516628996,0,14.718708316046097,0.06148206430494885,143
7222.053975273,25.04000000000762,1,1,5.77833973749036,9.348606447276227,0.1,0.1321141376566423,0.4756640696615181,0.4756640696615181,0,14.73743567579106,0.06028046466639414,144
7222.064566644,25.050000000007632,1,1,5.429070187921727,9.025549785595517,0.1,0.14510901210533847,0.4587308806176901,0.4587308806176901,0,14.7560283577784,0.05903429308965791,145
7222.075251527,25.060000000007644,1,1,4.957330990468698,8.69857116046792,0.0,0.15955867492614362,0.4412184380238573,0.4412184380238573,0,14.774455733198652,0.05774113595330432,150
7222.083940998,25.070000000007656,1,1,4.765911147906035,8.36778194651707,0.10000000000000002,0.17507738090360894,0.4242869271484232,0.4242869271484232,0,14.79267027915274,0.05640705382145328,153
7222.094014004,25.08000000000767,1,1,4.321143592065888,8.033292772282538,0.1,0.19141707902105873,0.40621555051827685,0.40621555051827685,0,14.810645644066186,0.05503059933998633,155
7222.108042743,25.09000000000768,1,1,3.7762521766142414,7.695248684119031,0.0,0.20841661412094473,0.3878101419103246,0.3878101419103246,0,14.82835147869655,0.05361210129779692,159
7222.114338305,25.100000000007693,1,1,3.3282846289492163,7.353794065380438,0.0615176765199891,0.22589846653594153,0.36951956442954925,0.36951956442954925,0,14.845747179623576,0.052154679044731256,167
7222.124150358,25.110000000007705,1,1,3.121719418276909,7.009074080955864,0.047285643824719246,0.24376673084631112,0.3521159828050305,0.3521159828050305,0,14.862809938950805,0.05066396256769801,169
7222.133949777,25.120000000007717,1,1,2.9185153672288098,6.6612763787542475,0.09999999999999999,0.261922617989764,0.3340078982218559,0.3340078982218559,0,14.879528994657765,0.04914378988688739,171
7222.144297414,25.13000000000773,1,1,2.464647326288962,6.3106774466030915,0.0,0.28031657188586373,0.31541713207890465,0.31541713207890465,0,14.895902435020911,0.047591665573698205,177
7222.153966184,25.140000000007742,1,1,2.1221368047794678,5.957582546051662,0.10000000000000002,0.2989196263818739,0.29688691343734686,0.29688691343734686,0,14.91191076244994,0.04601014366300793,179
7222.164268792,25.150000000007754,1,1,1.7780590010531836,5.602364188534922,0.059547041972121025,0.3176828773746679,0.27811213164632553,0.27811213164632553,0,14.927541394863558,0.044404156536797634,182
7222.177512986,25.160000000007766,1,1,1.5159385857665735,5.245492575726509,0.05955312069595822,0.3365687039319186,0.259465455779695,0.259465455779695,0,14.942789799001297,0.04277345709964919,186
7222.184439742,25.17000000000778,1,1,1.3055110225429274,4.887572918644093,0.1,0.355573218288494,0.2408403080670678,0.2408403080670678,0,14.957654835957383,0.04111868197381108,193
7222.194100411,25.18000000000779,1,1,1.0625777554935267,4.529389053492504,0.0,0.3746812358487302,0.22185683766740727,0.22185683766740727,0,14.97214211357349,0.0394391376904758,196
7222.204337185,25.190000000007803,1,1,0.8776991179707215,4.171937142558062,0.09999999999999999,0.3938353696178057,0.20307389414214055,0.20307389414214055,0,14.986254071504543,0.037742703003918465,199
7222.214495925,25.200000000007815,1,1,0.7997088345539968,3.816580588178754,0.09999999999999999,0.41305124616389643,0.18417956191802817,0.18417956191802817,0,15.000008402791757,0.03602411215479062,205
7222.2239129,25.210000000007827,1,1,0.6746810289238264,3.465201318487511,0.050207279570241,0.4323098556406665,0.16465408824758931,0.16465408824758931,0,15.013408741191473,0.03428642382239422,208
7222.233886413,25.22000000000784,1,1,0.5952996198603526,3.1204512257140995,0.1,0.4515959116296014,0.1455867576663583,0.1455867576663583,0,15.026467232855827,0.03252936559931885,209
7222.245359863,25.230000000007852,1,1,0.5925577001657526,2.7861783980617703,0.0,0.4708717821788301,0.12642011870096143,0.12642011870096143,0,15.039206846317864,0.030759294288591366,214
7222.25457547,25.240000000007864,1,1,0.5712655839881342,2.46818411952705,0.1,0.49015532930276545,0.10667102706921759,0.10667102706921759,0,15.051654012311227,0.028969276871983585,218
7222.264045458,25.250000000007876,1,1,0.5814152396309548,2.1753011602196635,0.1,0.5094545979551898,0.0869594039455339,0.0869594039455339,0,15.063829075685438,0.0271616502258748,220
7222.273920911,25.26000000000789,1,1,0.6784618559118067,1.9208537997645458,0.1,0.5287528610415632,0.08084851491010478,0.08084851491010478,0,15.075750623956237,0.02533950659160067,221
7222.284650054,25.2700000000079,1,1,0.6564530100657301,1.7238871683841304,0.0,0.5480553357816865,0.08384210226267022,0.08384210226267022,0,15.087445054748745,0.023504247200835104,226
7222.294366926,25.280000000007913,1,1,0.694851979995278,1.6077019764439235,0.0,0.5673526508529104,0.08603664273019497,0.08603664273019497,0,15.098937815056768,0.02165235197524118,229
7222.303977414,25.290000000007925,1,1,0.7317656674809304,1.5919806170079807,0.0,0.586630471597524,0.08835469957165618,0.08835469957165618,0,15.11025333026854,0.01978782303908444,230
7222.313926449,25.300000000007937,1,1,0.7654125071064557,1.6812545526428502,0.0,0.6058669285716092,0.09075917022536308,0.09075917022536308,0,15.12142723150649,0.01790966666045124,236
7222.324052038,25.31000000000795,1,1,0.7979737848232437,1.8620410443263762,0.0,0.6250724392869454,0.09319898049459785,0.09319898049459785,0,15.132500276452024,0.01601824252599504,239
7222.334022801,25.320000000007962,1,1,0.9288901124987079,2.112106459102687,0.1,0.6442093466715257,0.09434840047846192,0.09434840047846192,0,15.143496035509306,0.014114242315202863,240
7222.345564913,25.330000000007974,1,1,0.8755965744502537,2.4107584715381196,0.01036638204365147,0.6632467365532362,0.09801795553387396,0.09801795553387396,0,15.154424121256648,0.012195343957102533,244
7222.353864191,25.340000000007986,1,1,0.851744975794103,2.7426686994955505,0.10000000000000002,0.6821430688445255,0.1045507171227925,0.1045507171227925,0,15.165282850757505,0.010269748173813098,247
7222.363880858,25.350000000008,1,1,0.9582521100479022,3.097497130581233,0.0,0.7008809817580975,0.12325223567567335,0.12325223567567335,0,15.176089406516311,0.01002154065304195,249
7222.374160737,25.36000000000801,1,1,0.9937081744008747,3.4687645395315667,0.09965174024658012,0.7194196935222688,0.14613744254304437,0.14613744254304437,0,15.18685452706738,0.010146799483425006,251
7222.384436308,25.370000000008023,1,1,0.9647243809000017,3.8522758227105776,0.06389021605223072,0.7377282611265035,0.16330596898828398,0.16330596898828398,0,15.19760036437614,0.010271686658341661,256
7222.393990439,25.380000000008035,1,1,0.9011228836936785,4.245377529951112,0.0,0.755834071584744,0.18593618553422353,0.18593618553422353,0,15.208358153362413,0.010418062562293606,261
7222.404519212,25.390000000008047,1,1,0.893890009679802,4.645418786412012,0.0,0.773659657760612,0.20691981930572256,0.20691981930572256,0,15.219132872458166,0.010571253712742035,264
7222.415767034,25.40000000000806,1,1,0.8658332876475717,5.050407239079803,0.0,0.7911907251479218,0.22777869069208487,0.22777869069208487,0,15.229915614788045,0.010725354562716838,271
7222.4240943,25.410000000008072,1,1,0.9298805028389134,5.45939865051384,0.1,0.8084019579325398,0.2488048209436705,0.2488048209436705,0,15.240708518192225,0.010877106567501293,275
7222.434005902,25.420000000008084,1,1,1.0278228880714302,5.871398233361758,0.09999999999999999,0.8252618804879386,0.27065735285501136,0.27065735285501136,0,15.251498467765005,0.011012607596155632,276
7222.445980911,25.430000000008096,1,1,1.4359194032667877,6.285528907080448,0.1,0.8418560581554176,0.2950434693024196,0.2950434693024196,0,15.262260323191724,0.011120052120010548,279
7222.4538516,25.44000000000811,1,1,1.5415853010937832,6.700990739438229,0.0,0.8581184294160913,0.3161900584796017,0.3161900584796017,0,15.272943083954328,0.011397522315881536,286
7222.464229629,25.45000000000812,1,1,1.737094684190044,7.117185143156235,0.09999999999999999,0.8740739158354602,0.33849507123862266,0.33849507123862266,0,15.283510475315085,0.013465150108268542,289
7222.474319721,25.460000000008133,1,1,2.069998006458981,7.53367212439298,0.1,0.8897503897209785,0.3630579180773622,0.3630579180773622,0,15.293929205365451,0.015556061867616489,2
7222.484162129,25.470000000008145,1,1,2.4519139809455797,7.950082384212838,0.075295161820862,0.9051348063320597,0.3873398926200666,0.3873398926200666,0,15.304153162357123,0.017690501003684522,8
7222.494396909,25.480000000008157,1,1,2.5481563815119532,8.366179022271913,0.1,0.9203780512318384,0.4088528109582627,0.4088528109582627,0,15.314133109740853,0.019838728021927876,10
7222.503891576,25.49000000000817,1,1,2.992987024894867,8.781905451485645,0.08586493913593081,0.9355571323033292,0.4334148531974879,0.4334148531974879,0,15.323826191112452,0.021996390435903068,11
7222.515109997,25.500000000008182,1,1,3.2561928626121652,9.197193214189587,0.1,0.9508375685676096,0.4561835209496334,0.4561835209496334,0,15.33319015798862,0.024168382150118406,15
7222.524016067,25.510000000008194,1,1,3.5857001120152043,9.612053315107655,0.036778599672860006,0.9658000177816667,0.47894970315586055,0.47894970315586055,0,15.342169559048084,0.026367984583835158,17
7222.533986452,25.520000000008206,1,1,3.776922820441415,10.026241290680495,0.09999999999999999,0.9803328930438743,0.5013296306786084,0.5013296306786084,0,15.350715930878767,0.028562491383978372,18
7222.544116242,25.53000000000822,1,1,4.098243536654259,10.43937526352921,0.1,0.9939124234961149,0.5242638390306227,0.5242638390306227,0,15.358778350709633,0.030773382115898862,20
7222.553945039,25.54000000000823,1,1,4.469092028739149,10.850821303440695,0.1,1.0062564485060048,0.5467401227768108,0.5467401227768108,0,15.366299920956893,0.03297928091032065,26
7222.564113186,25.550000000008243,1,1,4.8232624240965105,11.259446648765952,0.1,1.0159651033100143,0.5693473356476735,0.5693473356476735,0,15.37319109328195,0.03519504931887729,28
7222.573922956,25.560000000008255,1,1,5.19957840329478,11.663115492015654,0.09999999999999999,1.0208612190375295,0.5913074930078619,0.5913074930078619,0,15.379370863170651,0.0374117933570548,29
7222.584028184,25.570000000008267,1,1,5.357593381795245,12.058453067788408,0.10000000000000003,1.0194674280682323,0.608051053094858,0.608051053094858,0,15.384754730328297,0.03959995939489391,34
7222.594729732,25.58000000000828,1,1,5.482679859941731,12.441201773691395,0.09009446696955876,1.0095334281324422,0.6223877546050897,0.6223877546050897,0,15.389266206001526,0.04173142440812705,41
7222.603924663,25.590000000008292,1,1,5.735119517355595,12.807478119114311,0.1,0.9932712849398794,0.6403977226520814,0.6403977226520814,0,15.392838225535352,0.04380975422661826,44
7222.615533825,25.600000000008304,1,1,6.1177836379076265,13.155207478452263,0.1,0.9741776812198105,0.6573178736930634,0.6573178736930634,0,15.395403373027843,0.045852541770648125,46
7222.623853829,25.610000000008316,1,1,6.417992145076876,13.483858065766864,0.09999999999999999,0.9544416205637324,0.6716706892230878,0.6716706892230878,0,15.396860203156885,0.047853739316950694,50
7222.634331018,25.62000000000833,1,1,6.657478571204836,13.79339330897035,0.09999999999999999,0.93450325353605,0.685910214016895,0.685910214016895,0,15.397121864432195,0.0497984041771351,53
7222.643827729,25.63000000000834,1,1,6.996026627962974,14.08389346329256,0.1,0.914536851052638,0.6988384602351465,0.6988384602351465,0,15.396110182095068,0.051689405875707584,56
7222.654274915,25.640000000008353,1,1,7.117477624837595,14.355473521425141,0.1,0.8945956322230677,0.7103718577683527,0.7103718577683527,0,15.393766104252663,0.053514598962032256,62
7222.663913136,25.650000000008365,1,1,7.420421138108508,14.608281809915427,0.1,0.874684295053246,0.7211340217018137,0.7211340217018137,0,15.390043957580804,0.0552644707403247,63
7222.673892523,25.660000000008377,1,1,7.624177131867587,14.842460811769145,0.1,0.8548131888968264,0.7295496959359022,0.7295496959359022,0,15.384991379145825,0.05694370785673475,65
7222.684594046,25.67000000000839,1,1,8.00332243136938,15.05824581661637,0.1,0.8350039936676357,0.7356093086154869,0.7356093086154869,0,15.378741929026818,0.05853136591338881,69
7222.693960567,25.680000000008402,1,1,8.234992306074755,15.255754182024878,0.09999999999999999,0.8152420503066359,0.7461892106329466,0.7461892106329466,0,15.371067938958236,0.06003019888894601,71
7222.703881932,25.690000000008414,1,1,8.619154790992122,15.435099231272122,0.10000000000000002,0.7955482833477854,0.7548848908762936,0.7548848908762936,0,15.361781380974767,0.061450540238553675,71
7222.713943872,25.700000000008426,1,1,8.687774695576083,15.596456020701616,0.1,0.7759060035552919,0.7626079725773716,0.7626079725773716,0,15.350849691936636,0.06278626369514995,73
7222.72401349,25.71000000000844,1,1,9.080220279145875,15.740071346820308,0.1,0.7563244188723083,0.7690708690899273,0.7690708690899273,0,15.338267362312635,0.06403761824998577,77
7222.733872184,25.72000000000845,1,1,9.478578773350677,15.866108433752713,0.09999999999999999,0.7367669894228531,0.7747507204333182,0.7747507204333182,0,15.324013380808351,0.06521018213454854,77
7222.743996517,25.730000000008463,1,1,9.745940935176145,15.974785311496303,0.09999999999999999,0.7172727369593132,0.7792016028284976,0.7792016028284976,0,15.308058817120417,0.06628523164874767,78
7222.754163856,25.740000000008475,1,1,10.100918064993028,16.06634965608989,0.09999999999999999,0.6978371723667736,0.7828557975537791,0.7828557975537791,0,15.290390358142075,0.06728409926782564,83
7222.763910878,25.750000000008487,1,1,10.368640160002098,16.14105484201435,0.1,0.6784452025880869,0.7857514012723504,0.7857514012723504,0,15.270993478271933,0.06819683604314486,83
7222.774034208,25.7600000000085,1,1,10.607346641085243,16.19915418163651,0.10000000000000002,0.6590779346331261,0.7868836347881851,0.7868836347881851,0,15.249882051688546,0.06916199915857946,84
7222.784596515,25.770000000008512,1,1,10.959032345957137,16.24090341425685,0.1,0.6397466671233817,0.7885928010103624,0.7885928010103624,0,15.227094595728056,0.07010864631772012,88
7222.793911957,25.780000000008524,1,1,11.253290857999678,16.266576855594735,0.1,0.6204521817411403,0.7884589061669824,0.7884589061669824,0,15.20263543994611,0.07097024627512682,89
7222.803938069,25.790000000008536,1,1,11.571178565453776,16.276471880743145,0.1,0.6011949407396352,0.7872269816198407,0.7872269816198407,0,15.176528935082478,0.07174362641193793,89
7222.814018687,25.80000000000855,1,1,11.851195281692801,16.27088042875488,0.09999999999999999,0.5819725472705224,0.7854127314253825,0.7854127314253825,0,15.148804588910549,0.07242501499583925,90
7222.823868972,25.81000000000856,1,1,11.988684250741782,16.250090307296198,0.1,0.5627980829614224,0.7819284787348046,0.7819284787348046,0,15.119507387996789,0.07301417781763991,94
7222.8339429,25.820000000008573,1,1,12.238179258101788,16.21439324962756,0.1,0.5436578482608243,0.7782085180406999,0.7782085180406999,0,15.088705224662549,0.07351291551145511,94
7222.843926549,25.830000000008585,1,1,12.463063655185177,16.1640532569503,0.1,0.524563966421579,0.7735369420071887,0.7735369420071887,0,15.056448439289529,0.07392380373683222,95
7222.854836477,25.840000000008597,1,1,12.640065234343592,16.099368960805528,0.1,0.5055116874255847,0.7678662490506692,0.7678662490506692,0,15.022785580294041,0.07424293660356412,101
7222.863974055,25.85000000000861,1,1,12.82977814287013,16.020643790032242,0.1,0.4865033457710634,0.7616854242218042,0.7616854242218042,0,14.987797355242693,0.07447460104450532,102
7222.87427663,25.860000000008622,1,1,13.017013733644362,15.92818246568477,0.09999999999999999,0.467537813462019,0.7552560938336514,0.7552560938336514,0,14.951566724274938,0.0746222164805414,102
7222.886519662,25.870000000008634,1,1,13.191368181662304,15.822282359169941,0.1,0.448620617598509,0.7482350880130703,0.7482350880130703,0,14.914169263536792,0.0746916666339929,104
7222.894108126,25.880000000008646,1,1,13.346354972380938,15.703274557536718,0.1,0.42976996738031664,0.740422175658069,0.740422175658069,0,14.875681007305884,0.07468099265305189,110
7222.904133958,25.89000000000866,1,1,13.493853680278342,15.571495215671092,0.1,0.4109886068992304,0.7320608001800324,0.7320608001800324,0,14.836173472163155,0.07459386092556103,110
7222.914029817,25.90000000000867,1,1,13.626296428593747,15.427284204215738,0.10000000000000002,0.39227769312778965,0.7229216671409905,0.7229216671409905,0,14.795718179308817,0.07443025898835898,110
7222.923958988,25.910000000008683,1,1,13.752440651095759,15.270980912359978,0.09999999999999999,0.3736528191062743,0.7133125640841314,0.7133125640841314,0,14.754397065259864,0.07419118326382251,115
7222.933922306,25.920000000008695,1,1,13.870580248963499,15.102922580592383,0.1,0.35514481287351546,0.7031867789505317,0.7031867789505317,0,14.71228948309331,0.07387999239908816,115
7222.944209337,25.930000000008707,1,1,13.961660172031246,14.923456443588977,0.1,0.336753213720311,0.6923968663993784,0.6923968663993784,0,14.669467563265545,0.073498159862316,115
7222.954737908,25.94000000000872,1,1,14.058328158494673,14.732929929002292,0.10000000000000002,0.31849749719940296,0.6812168599762092,0.6812168599762092,0,14.626010797700888,0.07304591890839018,119
7222.963956429,25.950000000008732,1,1,14.153729011677282,14.531681430483097,0.1,0.30041104891926135,0.6703897945923892,0.6703897945923892,0,14.582000774210085,0.07252716678011406,121
7222.974156775,25.960000000008744,1,1,14.240449511109292,14.320060294323248,0.1,0.2825468391903175,0.6613585907869532,0.6613585907869532,0,14.537508592599176,0.07194355205122249,121
7222.983973518,25.970000000008756,1,1,14.324734765161844,14.098422658221946,0.09999999999999999,0.2649233571663249,0.6522988213636156,0.6522988213636156,0,14.49259891114551,0.07129751388276728,121
7222.993939432,25.98000000000877,1,1,14.402639605340697,13.867123469367655,0.1,0.24760051239084954,0.6434021029216114,0.6434021029216114,0,14.447338557444208,0.07059163299221366,126
7223.003946999,25.99000000000878,1,1,14.47518419334965,13.626524475932884,0.09999999999999999,0.230656648044984,0.6341907009670771,0.6341907009670771,0,14.401794973169388,0.06982814396794307,126
7223.013929282,26.000000000008793,1,1,14.544857448111848,13.37699062872619,0.10000000000000002,0.2141754006708267,0.6250516551006128,0.6250516551006128,0,14.356033514759142,0.06900921904219626,126
7223.023961359,26.010000000008805,1,1,14.613485061805385,13.118886186041278,0.1,0.1982627043381561,0.6156363618014951,0.6156363618014951,0,14.310121861049575,0.06814962732944219,130
7223.033951486,26.020000000008817,1,1,14.676064699126817,12.852573913589604,0.10000000000000002,0.1830758666526956,0.6056232120290697,0.6056232120290697,0,14.26413071089885,0.06748201260810527,131
7223.043952813,26.03000000000883,1,1,14.73803415183545,12.57840307174895,0.09999999999999999,0.16880980570599416,0.5954129545428466,0.5954129545428466,0,14.218134753283643,0.06678105654799837,131
7223.059024363,26.040000000008842,1,1,14.799491349491882,12.2966246994829,0.10000000000000002,0.1557322234763173,0.5848005015307649,0.5848005015307649,0,14.172202012291617,0.06604758313649906,135
7223.066374117,26.050000000008854,1,1,14.862358601799306,12.007443402659714,0.10000000000000002,0.14418653289679262,0.5739094948965645,0.5739094948965645,0,14.126397748530485,0.06528041740150292,145
7223.07389511,26.060000000008866,1,1,14.924067750268854,11.711130117572003,0.09999999999999999,0.1345927596440806,0.5625143938490217,0.5625143938490217,0,14.080786059424442,0.06448036354200648,151
7223.084110482,26.07000000000888,1,1,14.984513715006067,11.408004026349026,0.1,0.12733281352576323,0.5508352981152671,0.5508352981152671,0,14.035428588209326,0.06364566927844606,153
7223.094084796,26.08000000000889,1,1,15.04067521178794,11.098398371212186,0.1,0.1228841167286623,0.5386406122080027,0.5386406122080027,0,13.990385487279697,0.0627764056130492,160
7223.104294506,26.090000000008903,1,1,15.092122574501962,10.782653935404275,0.1,0.12150589791062139,0.5259675201367833,0.5259675201367833,0,13.945715823717656,0.061870847913748084,163
7223.114245907,26.100000000008915,1,1,15.139150900616299,10.461167123761873,0.1,0.12329423714952238,0.5128989392783126,0.5128989392783126,0,13.90148145735576,0.06092863444608443,166
7223.125850114,26.110000000008927,1,1,15.181081211500409,10.134474947185277,0.1,0.1281305366275704,0.4994078361408343,0.4994078361408343,0,13.857744902170298,0.05994863666414163,171
7223.133940558,26.12000000000894,1,1,15.223377194299369,9.802977260475757,0.10000000000000002,0.1356833017914848,0.4857967572389242,0.4857967572389242,0,13.81455540341971,0.05893250476530898,175
7223.143986321,26.130000000008952,1,1,15.265638569646129,9.467011225359364,0.1,0.14551286682600012,0.472091662241018,0.472091662241018,0,13.771954993755994,0.057882636516963126,175
7223.154273973,26.140000000008964,1,1,15.30563723278805,9.126903588214136,0.1,0.15720659417628546,0.45817540196903384,0.45817540196903384,0,13.72997964170011,0.05680085596426043,175
7223.164157353,26.150000000008976,1,1,15.34332118998725,8.782991603528146,0.1,0.1703103383174769,0.4440679556178064,0.4440679556178064,0,13.688663186195138,0.055688470289933734,179
7223.173928289,26.16000000000899,1,1,15.379990589905367,8.435625247805786,0.1,0.18454412288263292,0.42980587116836866,0.42980587116836866,0,13.6480373115556,0.05454610369341073,179
7223.183959241,26.170000000009,1,1,15.416031837044985,8.085178449717715,0.1,0.19968683978919213,0.41543014156269575,0.41543014156269575,0,13.608131402734497,0.053375742291608574,179
7223.194140888,26.180000000009013,1,1,15.451351417843707,7.7320508038799645,0.1,0.21552696012674158,0.40093022403722856,0.40093022403722856,0,13.568971799940257,0.05217891735734492,184
7223.203927918,26.190000000009025,1,1,15.486088161989807,7.376681089769927,0.1,0.2319503130768812,0.38632641632085196,0.38632641632085196,0,13.530582790183935,0.050957222864416174,184
7223.214092794,26.200000000009037,1,1,15.520125256176204,7.019561364058039,0.1,0.24884057388672717,0.37160484943958677,0.37160484943958677,0,13.492984205752915,0.049712327946909385,184
7223.225741051,26.21000000000905,1,1,15.551146172801998,6.661249744019753,0.1,0.26609274038751407,0.35659292311147506,0.35659292311147506,0,13.456191447958746,0.04844339501164319,185
7223.233939789,26.220000000009062,1,1,15.58233654221086,6.302381742246838,0.1,0.2836479181757972,0.3414948690766434,0.3414948690766434,0,13.420216826055336,0.04715189934478725,188
7223.243971876,26.230000000009074,1,1,15.61088035398271,5.9437062923438395,0.1,0.30146484817448965,0.32614190505836693,0.32614190505836693,0,13.38506856671713,0.04583796243286231,189
7223.253913361,26.240000000009086,1,1,15.637279073362626,5.586125327851978,0.1,0.3195103595087475,0.31056496629701713,0.31056496629701713,0,13.350750909064773,0.04450128367305528,189
7223.263893053,26.2500000000091,1,1,15.664655315553306,5.230725466966678,0.1,0.3377076947135802,0.2949119669205541,0.2949119669205541,0,13.317264550121532,0.0431430394477873,194
7223.273926135,26.26000000000911,1,1,15.692191824372822,4.878850422041172,0.10000000000000002,0.3560431262795229,0.2815530254266437,0.2815530254266437,0,13.284607641583255,0.04176391831905846,195
7223.28394848,26.270000000009123,1,1,15.720457663317775,4.532198942008838,0.1,0.3744924312637765,0.2868619982240317,0.2868619982240317,0,13.252774830537343,0.04036547683294245,195
7223.295280437,26.280000000009135,1,1,15.747701230161649,4.192975515718973,0.1,0.39305770210604485,0.2919841468168939,0.2919841468168939,0,13.221757929947309,0.03894830955775397,198
7223.303928659,26.290000000009147,1,1,15.77425836186664,3.8640589087449735,0.10000000000000002,0.41170149687653285,0.2973812685486751,0.2973812685486751,0,13.19154597447755,0.037512457436196245,201
7223.313934339,26.30000000000916,1,1,15.799904195165428,3.549254775096653,0.1,0.4304353189586243,0.3031246903657022,0.3031246903657022,0,13.162127076327938,0.03605749496979527,201
7223.324011349,26.310000000009172,1,1,15.829033153375555,3.2536230001128073,0.1,0.4492126299567945,0.3087463377027817,0.3087463377027817,0,13.133489040461441,0.034584208326383314,203
7223.33398937,26.320000000009184,1,1,15.859560367336274,2.9838015599682084,0.1,0.46803536837267723,0.31412859859615117,0.31412859859615117,0,13.105619168475284,0.033094892970328194,208
7223.343987128,26.330000000009196,1,1,15.889769298824776,2.7483792635376383,0.1,0.48691897475558976,0.3196261248060841,0.3196261248060841,0,13.078505052963148,0.0329336254861118,210
7223.354204212,26.34000000000921,1,1,15.920911983880833,2.557862726421523,0.1,0.5058368197046182,0.32525374124823586,0.32525374124823586,0,13.052135137188358,0.033093778635233675,210
7223.364697255,26.35000000000922,1,1,15.953951471331225,2.4237616164898563,0.09999999999999999,0.5247551988788193,0.3314486189255281,0.3314486189255281,0,13.026499643914269,0.033257951088493956,215
7223.373987065,26.360000000009233,1,1,15.988263801784603,2.3565908766433106,0.1,0.5437150542352486,0.3373176028530816,0.3373176028530816,0,13.001592484155529,0.03342527790732415,217
7223.383989984,26.370000000009245,1,1,16.024169443948885,2.362898355217714,0.1,0.5627017165231829,0.34299345661430725,0.34299345661430725,0,12.977409188566526,0.033596043513012236,218
7223.395755958,26.380000000009257,1,1,16.060700614706203,2.4428097184579385,0.1,0.5816909760397061,0.34885836922262486,0.34885836922262486,0,12.953947416471177,0.03376947983301298,219
7223.40440466,26.39000000000927,1,1,16.10100622724256,2.590113025399341,0.10000000000000003,0.6006647549099695,0.35449427350026924,0.35449427350026924,0,12.931203853252594,0.03394492299941927,222
7223.414385833,26.400000000009282,1,1,16.140245217509037,2.7951624844269056,0.10000000000000003,0.6196251089335463,0.36017369702855423,0.36017369702855423,0,12.90907740752794,0.03412181486836505,222
7223.42396781,26.410000000009294,1,1,16.179317307087995,3.0472930493341326,0.1,0.6385796146677108,0.36562507545625805,0.36562507545625805,0,12.887501808797486,0.03430019134812294,223
7223.433974234,26.420000000009306,1,1,16.218574878542512,3.3354399861990007,0.1,0.6575132543705926,0.3714522831622986,0.3714522831622986,0,12.866676497007214,0.03448024353174431,228
7223.444216842,26.43000000000932,1,1,16.255782198109593,3.6516288006868245,0.10000000000000003,0.6763994752000123,0.37797298837255144,0.37797298837255144,0,12.846631345250357,0.03465972918052508,230
7223.45414809,26.44000000000933,1,1,16.29565451513398,3.9903748295425903,0.1,0.6952187419114406,0.38425473887118433,0.38425473887118433,0,12.827363721290846,0.034837846573613454,230
7223.464538546,26.450000000009343,1,1,16.33137852891045,4.345897132331063,0.1,0.7139918311177655,0.39018811528414343,0.39018811528414343,0,12.808917325689928,0.03501376786764204,233
7223.474868426,26.460000000009355,1,1,16.35234951120882,4.713800524698425,0.1,0.7326838071927866,0.39677285978942034,0.39677285978942034,0,12.7913427866296,0.03518860045173171,0
7223.483998463,26.470000000009367,1,1,16.088148828888293,5.091308015947545,0.06390321572379214,0.7512763526512636,0.40231609859542355,0.40231609859542355,0,12.774675528333976,0.03535982967027389,1
7223.493926213,26.48000000000938,1,1,15.634090679277499,5.476356893125382,0.1,0.7698070967554813,0.4078203044442025,0.4078203044442025,0,12.75894571632018,0.0355306626189629,2
7223.503956125,26.490000000009392,1,1,15.149416221592903,5.867305760661308,0.09339944220415838,0.7881963592074166,0.41263986354432836,0.41263986354432836,0,12.744182350594187,0.03569924204499712,7
7223.514042468,26.500000000009404,1,1,14.684957340081715,6.262843224473006,0.06375010231517045,0.8064317348571892,0.4212968509189342,0.4212968509189342,0,12.730416701528354,0.035861757543310016,8
7223.524500303,26.510000000009416,1,1,14.027969270451464,6.661946425177017,0.0,0.8244507702300754,0.4254687946269454,0.4254687946269454,0,12.717683993352317,0.036017924453860595,9
7223.534628292,26.52000000000943,1,1,13.5613938034941,7.06377446604492,0.0,0.8421741926525937,0.4314734582950146,0.4314734582950146,0,12.705999518941926,0.03616910953791552,14
7223.544219356,26.53000000000944,1,1,12.890868153068807,7.46760775159072,0.1,0.8595921582734481,0.43738161695735955,0.43738161695735955,0,12.695387476787777,0.036317512022289805,16
7223.554496939,26.540000000009453,1,1,12.29162756713919,7.872725356139332,0.1,0.8764556830513069,0.4368204897750833,0.4368204897750833,0,12.685876361285896,0.0364459342786598,16
7223.566072935,26.550000000009465,1,1,11.590017949054326,8.278307656837866,0.0026753506411133056,0.8927275655043113,0.42247994581578996,0.42247994581578996,0,12.677520629198087,0.036449531694694476,21
7223.574209174,26.560000000009477,1,1,10.826909295854035,8.683518976612524,0.10000000000000002,0.9083030752712145,0.4090056971881068,0.4090056971881068,0,12.670439313717536,0.03629716722359122,26
7223.584069391,26.57000000000949,1,1,10.081296979543215,9.087394591028348,0.10000000000000002,0.9227598536334355,0.4008642711422359,0.4008642711422359,0,12.664770270737918,0.03599962369097562,28
7223.594126044,26.580000000009502,1,1,9.24883278852583,9.488873874883044,0.05424468361573952,0.9359816931057021,0.4183003810205395,0.4183003810205395,0,12.660643961912747,0.03556639723433139,28
7223.603936298,26.590000000009514,1,1,8.578559132149094,9.886746533586846,0.0,0.947026148764594,0.43601714834050825,0.43601714834050825,0,12.658172701881778,0.035012397923389005,32
7223.613947245,26.600000000009526,1,1,7.667171431909103,10.279382147712871,0.06986817273849112,0.9557879294500913,0.45325302551675806,0.45325302551675806,0,12.65746473287268,0.034337883224260596,35
7223.623932366,26.61000000000954,1,1,7.027721405701722,10.665183976921297,0.0,0.9615231185904606,0.47033531478592494,0.47033531478592494,0,12.65861525213267,0.03355662333877693,36
7223.635409557,26.62000000000955,1,1,6.276996014899657,11.042145113172698,0.0,0.963679789685022,0.48693800435425083,0.48693800435425083,0,12.66170065805117,0.03268814945178447,39
7223.643998292,26.630000000009563,1,1,5.407436206605457,11.408091409564275,0.0,0.9619434521104566,0.5027864155877406,0.5027864155877406,0,12.666781720607021,0.03361199235431042,42
7223.653917018,26.640000000009575,1,1,4.792255274684003,11.761089798537867,0.06338409252152122,0.9563442097699116,0.5184742306747353,0.5184742306747353,0,12.673908833682603,0.0353719733938935,42
7223.663939153,26.650000000009587,1,1,3.949610496077555,12.09918727664107,0.0,0.9470617719514047,0.5331195613569952,0.5331195613569952,0,12.68311753837923,0.03710877208188734,43
7223.67392844,26.6600000000096,1,1,3.3178139730416554,12.421021788575972,0.0,0.9350514063374441,0.5471799443839187,0.5471799443839187,0,12.69443444602234,0.03881645375574999,47
7223.683950148,26.670000000009612,1,1,2.711356855830338,12.725674729999035,0.0,0.9209952810066202,0.5604643390623942,0.5604643390623942,0,12.70786937920696,0.04049144020065917,47
7223.693976508,26.680000000009624,1,1,2.3128190606183505,13.01263507657739,0.016938436555018047,0.905608643180585,0.5731156067831019,0.5731156067831019,0,12.723426812669315,0.04212957999364214,48
7223.704185084,26.690000000009636,1,1,2.0022456197999774,13.281675229444891,0.0,0.8893407532971037,0.5848153621723242,0.5848153621723242,0,12.741118855418172,0.04372625193518928,53
7223.714680086,26.70000000000965,1,1,1.618891613449429,13.532748964198703,0.09999999999999999,0.872486550560085,0.5952890362936049,0.5952890362936049,0,12.760961939895221,0.045276535898631454,53
7223.723844384,26.71000000000966,1,1,1.9445780105489991,13.765966749751849,0.0032489067602542655,0.8553329230701684,0.6053254120566319,0.6053254120566319,0,12.782946979947138,0.046774684838648495,56
7223.735932614,26.720000000009673,1,1,2.3621636823874885,13.981444844687344,0.1,0.8378661126502164,0.6141845679771265,0.6141845679771265,0,12.80706774289562,0.04821953557596825,59
7223.744220992,26.730000000009685,1,1,2.9083801535521743,14.17934574106028,0.1,0.820127438602418,0.622685729052141,0.622685729052141,0,12.83330699710971,0.04960947841208718,63
7223.754342077,26.740000000009697,1,1,3.55722076765669,14.35987314115073,0.09999999999999999,0.8021969597833197,0.6301898490920328,0.6301898490920328,0,12.861645804132603,0.050940601011772946,63
7223.764058608,26.75000000000971,1,1,4.241763707033796,14.523275227282115,0.1,0.7841308064880971,0.6370296343796445,0.6370296343796445,0,12.89205608751354,0.0522129785594625,63
7223.773988631,26.760000000009722,1,1,4.939741167882402,14.669834847904966,0.1,0.7659514976909604,0.6430412539332602,0.6430412539332602,0,12.924517314857699,0.053424645441078555,68
7223.784153096,26.770000000009734,1,1,5.600180685388907,14.799865166852406,0.09999999999999999,0.7476952765469561,0.6483255540030448,0.6483255540030448,0,12.958990296666611,0.05457314445659095,68
7223.7946618,26.780000000009746,1,1,6.2867472581986545,14.913688338792113,0.1,0.7293635379583822,0.6529255422393263,0.6529255422393263,0,12.995430689985607,0.05565936065876981,69
7223.805132021,26.79000000000976,1,1,7.1005503603166105,15.01164529296596,0.1,0.7109802443871307,0.6566568013588537,0.6566568013588537,0,13.03378415042847,0.05667972464344467,74
7223.81463434,26.80000000000977,1,1,7.701560602558779,15.094049050177727,0.0,0.6925377898028818,0.6597921638091584,0.6597921638091584,0,13.074007268099823,0.05763425791554694,75
7223.824256717,26.810000000009783,1,1,8.379481497147703,15.161247649700702,0.1,0.6741078620889114,0.662136991722427,0.662136991722427,0,13.116045265200645,0.05852291262502307,77
7223.837777287,26.820000000009795,1,1,9.165754720449819,15.213124890729944,0.09999999999999999,0.6556250910490076,0.6637192446488566,0.6637192446488566,0,13.159662248865986,0.059345390655993036,78
7223.843958939,26.830000000009807,1,1,9.828972978623572,15.249763433699544,0.1,0.6371895080469776,0.6653126242356666,0.6653126242356666,0,13.20490550386481,0.0600997922816211,83
7223.853961629,26.84000000000982,1,1,10.474818349732724,15.272125732218775,0.1,0.6187691239372738,0.6720036457583208,0.6720036457583208,0,13.251785083446661,0.06078909975946589,85
7223.864775823,26.850000000009832,1,1,11.143961926545556,15.280784294249601,0.1,0.6003939592841041,0.6780322953239369,0.6780322953239369,0,13.300227145507053,0.06141257108980536,85
7223.874650242,26.860000000009844,1,1,11.725942707262034,15.276147467422062,0.04719356604860673,0.582075565461229,0.6830873157365286,0.6830873157365286,0,13.350162043442522,0.06197167043795104,90
7223.885021192,26.870000000009856,1,1,12.309610355300883,15.259194328454672,0.10000000000000002,0.5638057113861602,0.6878596652044525,0.6878596652044525,0,13.401413805220418,0.062465561636677824,91
7223.894737843,26.88000000000987,1,1,12.817603595432905,15.230657886337042,0.1,0.5456392513948732,0.6916605449129392,0.6916605449129392,0,13.4538688163964,0.06289551950498312,96
7223.905996349,26.89000000000988,1,1,13.286958635049166,15.190055604572201,0.1,0.5275533373596853,0.6950272998760092,0.6950272998760092,0,13.507492720254659,0.06326241323100656,101
7223.914379084,26.900000000009893,1,1,13.74275038003694,15.137554230643016,0.1,0.509551888576474,0.6984422944906432,0.6984422944906432,0,13.562059544239206,0.06356644725798477,104
7223.923967134,26.910000000009905,1,1,14.151155840465272,15.073436556600447,0.1,0.49166578445342096,0.7005642112365185,0.7005642112365185,0,13.617351192905874,0.06380882396841225,104
7223.933933637,26.920000000009917,1,1,14.528991749272883,14.998027594540629,0.1,0.47391512958884163,0.7021793533956047,0.7021793533956047,0,13.673161043552255,0.06398870712019034,104
7223.943951816,26.93000000000993,1,1,14.878846921149195,14.911646459841892,0.09999999999999999,0.45635680468942974,0.7030206280505611,0.7030206280505611,0,13.72929509908278,0.06410748369417285,111
7223.954323272,26.94000000000994,1,1,15.198498373911926,14.814608935674523,0.1,0.4389637067723628,0.7030931261850435,0.7030931261850435,0,13.785576346572702,0.06444602667902666,114
7223.964252903,26.950000000009954,1,1,15.493110446198646,14.707222829083276,0.1,0.42180739523790395,0.7026262941172438,0.7026262941172438,0,13.841838099672689,0.06502648006778056,116
7223.974782208,26.960000000009966,1,1,15.761730377420506,14.589793523801015,0.09999999999999999,0.4049031404593317,0.7014724998245728,0.7014724998245728,0,13.897927599095263,0.0655424545295138,121
7223.98426488,26.97000000000998,1,1,16.00830785680938,14.462616098711674,0.1,0.38826221301112906,0.6999176545682034,0.6999176545682034,0,13.953703626144103,0.06599655696387652,122
7223.994601539,26.98000000000999,1,1,16.23563729352066,14.325985908260655,0.1,0.3719931754870146,0.6974788048289964,0.6974788048289964,0,14.009035282101719,0.06638716475899265,123
7224.004218499,26.990000000010003,1,1,16.44118212561629,14.18018964339047,0.1,0.35604412240977773,0.694845895577757,0.694845895577757,0,14.063800390163747,0.06671617403196006,126
7224.014378277,27.000000000010015,1,1,16.63355918975784,14.025503362371698,0.1,0.3405318389225809,0.6912718181693505,0.6912718181693505,0,14.117887851770996,0.06698304736259375,132
7224.024670594,27.010000000010027,1,1,16.809768410928385,13.862201734883747,0.10000000000000002,0.32547576115291954,0.6872479117706133,0.6872479117706133,0,14.171191367178528,0.06718765860500187,133
7224.034333937,27.02000000001004,1,1,16.97299826628635,13.690545538224539,0.1,0.3109413216352501,0.6825551343294073,0.6825551343294073,0,14.223612578661754,0.06733050934532925,135
7224.044330122,27.03000000001005,1,1,17.11936916392072,13.510799707858595,0.1,0.29706708297794254,0.6774920237489631,0.6774920237489631,0,14.275061701748154,0.06741220578336238,140
7224.055098294,27.040000000010064,1,1,17.252030801631225,13.323213675651923,0.1,0.2838273182432765,0.6720867389909992,0.6720867389909992,0,14.325460157761293,0.06743600558991392,143
7224.064350136,27.050000000010076,1,1,17.376608131988096,13.128035711628106,0.1,0.2713702508639367,0.6660682993515321,0.6660682993515321,0,14.374738536486495,0.06740237090148271,145
7224.075115943,27.06000000001009,1,1,17.492073677414457,12.925520560838878,0.1,0.2598326542975358,0.6594997509375087,0.6594997509375087,0,14.422832787933872,0.06731116806307103,147
7224.084130424,27.0700000000101,1,1,17.601172753219572,12.715923355914818,0.1,0.24927402014271505,0.6523726821167204,0.6523726821167204,0,14.469685072116679,0.06716295229992963,148
7224.094101631,27.080000000010113,1,1,17.70338248168121,12.499488238169493,0.10000000000000002,0.23985797183987803,0.6447649625444485,0.6447649625444485,0,14.515242895854922,0.0669577525504278,148
7224.10429247,27.090000000010125,1,1,17.7999976550005,12.27646655988902,0.1,0.23174011376501763,0.6366080737748634,0.6366080737748634,0,14.559458357677574,0.06669637343716261,149
7224.114299127,27.100000000010137,1,1,17.89087939444476,12.047108034486735,0.1,0.22507723806672775,0.6279255766038115,0.6279255766038115,0,14.602289152783646,0.06637885466349913,155
7224.124379234,27.11000000001015,1,1,17.97662944870347,11.811667678971947,0.10000000000000002,0.21992799227805485,0.6187772763500929,0.6187772763500929,0,14.643699303141364,0.0660061814225883,155
7224.13437065,27.12000000001016,1,1,18.05860065226038,11.570386662055013,0.1,0.21634279849562854,0.6091334935937259,0.6091334935937259,0,14.683659105795348,0.06557851416872262,156
7224.144950261,27.130000000010174,1,1,18.136209949897626,11.323504574268792,0.10000000000000002,0.21438911309750672,0.5990387722920704,0.5990387722920704,0,14.722143703489232,0.06509694008057787,161
7224.154355125,27.140000000010186,1,1,18.211068313211303,11.071267422858803,0.09999999999999999,0.2141183762368185,0.588448825006745,0.588448825006745,0,14.759134187083394,0.06456223979246034,163
7224.164575551,27.1500000000102,1,1,18.2808453477182,10.813935380573264,0.10000000000000002,0.2155590223241166,0.5774757219366513,0.5774757219366513,0,14.794616777981245,0.06397497519566797,163
7224.176406802,27.16000000001021,1,1,18.349610784543053,10.5517817328949,0.10000000000000002,0.2186665151893249,0.5660050723790465,0.5660050723790465,0,14.828584012711453,0.06333601520042986,166
7224.184409614,27.170000000010223,1,1,18.41723249416147,10.285097205735026,0.1,0.22343026957410828,0.5540275588678474,0.5540275588678474,0,14.861032834952134,0.06264556101157859,171
7224.194754057,27.180000000010235,1,1,18.48416460911777,10.014188074313822,0.1,0.22960122419307807,0.5416187378797606,0.5416187378797606,0,14.891963785941218,0.06190388188721219,171
7224.204706622,27.190000000010247,1,1,18.5479392003954,9.739388880398486,0.10000000000000002,0.23718049766122165,0.528860745796094,0.528860745796094,0,14.92142831928112,0.06111250871678542,172
7224.214862354,27.20000000001026,1,1,18.610681265316156,9.46118737354115,0.1,0.2459773277742292,0.5156228691929012,0.5156228691929012,0,14.949635756218935,0.06027203373951773,177
7224.22456244,27.21000000001027,1,1,18.671635187183483,9.180003726495539,0.1,0.25583544105896316,0.5019490533543391,0.5019490533543391,0,14.976610327023902,0.05938265882816207,179
7224.234290337,27.220000000010284,1,1,18.73123202438666,8.896074558553785,0.1,0.2665918379710967,0.4879373100829514,0.4879373100829514,0,15.002074161161794,0.05844546555457453,181
7224.245050031,27.230000000010296,1,1,18.78858403802754,8.609800556342735,0.1,0.2781784731945649,0.47363620020144515,0.47363620020144515,0,15.026019180955826,0.057462048436116575,187
7224.254190458,27.24000000001031,1,1,18.844924396169457,8.321659212418473,0.10000000000000002,0.29045930566148304,0.45901768647710073,0.45901768647710073,0,15.048471014607436,0.056433976362663785,190
7224.264713655,27.25000000001032,1,1,18.902126307198557,8.032161198895636,0.1,0.3033254694893221,0.44396978288442435,0.44396978288442435,0,15.069458805719616,0.0553621496922474,191
7224.274104589,27.260000000010333,1,1,18.960527838724204,7.7418899563436,0.10000000000000002,0.3167410640344461,0.4284275433427067,0.4284275433427067,0,15.089013090269171,0.054245804807094844,192
7224.284353012,27.270000000010345,1,1,19.017572848993346,7.4514931651698,0.09999999999999999,0.33054896589721783,0.4126236918427649,0.4126236918427649,0,15.107166363058264,0.053086132267628594,198
7224.294320966,27.280000000010357,1,1,19.07364418794362,7.1617050628407615,0.10000000000000002,0.3447427050128455,0.3965151208116159,0.3965151208116159,0,15.123954079711348,0.051884126535812536,199
7224.304620765,27.29000000001037,1,1,19.12925792836017,6.873378575427395,0.1,0.35928979632967634,0.3800614235734532,0.3800614235734532,0,15.139414898102526,0.05064097068375384,199
7224.314250866,27.30000000001038,1,1,19.184991131955975,6.587473025474523,0.1,0.37406373583531016,0.36330655157384045,0.36330655157384045,0,15.153590417950285,0.04935739801575134,205
7224.324460202,27.310000000010394,1,1,19.237905297509126,6.305092823625714,0.1,0.38910074861848953,0.3486383807424848,0.3486383807424848,0,15.166522994289904,0.048034978447176746,205
7224.334666944,27.320000000010406,1,1,19.28477364348579,6.027528188913692,0.1,0.4042515286072934,0.348503153635817,0.348503153635817,0,15.178257433865369,0.04667681133083823,205
7224.346507257,27.33000000001042,1,1,19.32725087489253,5.75627822680593,0.1,0.41962996390393204,0.34782010144471903,0.34782010144471903,0,15.188841653393546,0.04528513323579064,208
7224.35439998,27.34000000001043,1,1,19.371621170421648,5.493099127722522,0.1,0.43511440335042717,0.3470796845771328,0.3470796845771328,0,15.198326849114574,0.043860179372069874,212
7224.364325799,27.350000000010443,1,1,19.416739221071133,5.240001314640894,0.09999999999999999,0.4506521375780021,0.34628360184078355,0.34628360184078355,0,15.206764945218389,0.042402692255576246,212
7224.374584934,27.360000000010455,1,1,19.445941862576728,4.999275468379376,0.1,0.4662003629843518,0.3449184273768896,0.3449184273768896,0,15.214205932867063,0.04091615434088669,213
7224.384297536,27.370000000010467,1,1,18.59725496596052,4.7735658654721345,0.1,0.48175962538563244,0.34336338904341285,0.34336338904341285,0,15.220699150116578,0.039696449260721245,219
7224.394352743,27.38000000001048,1,1,17.704357811562005,4.565865046004475,0.0502100068102061,0.497258313658054,0.34161589596193936,0.34161589596193936,0,15.226297518220205,0.039747124127531785,219
7224.404435895,27.39000000001049,1,1,16.615850420447885,4.379414167194762,0.1,0.512677246328824,0.3355970185285557,0.3355970185285557,0,15.231043841117474,0.03975954331269693,219
7224.415610872,27.400000000010504,1,1,15.639539661018585,4.217790439300178,0.0,0.5280082732020162,0.3284133325160517,0.3284133325160517,0,15.234998934306233,0.039705115170364236,223
7224.424316655,27.410000000010516,1,1,14.553071125121331,4.084589305244617,0.1,0.5433279432191581,0.3218025968048159,0.3218025968048159,0,15.238219819949517,0.03958780201953749,226
7224.434156751,27.42000000001053,1,1,13.432492368052953,3.9832330753483673,0.1,0.5587466058495527,0.30826805848591904,0.30826805848591904,0,15.240761778374956,0.03937869432466079,227
7224.444262249,27.43000000001054,1,1,12.241267006170059,3.916705993614965,0.1,0.5743068307431085,0.2909592201698206,0.2909592201698206,0,15.242686384703298,0.03904141633251079,227
7224.454567663,27.440000000010553,1,1,10.868785551588264,3.887345496295382,0.10000000000000002,0.59001947010054,0.24898329641114736,0.24898329641114736,0,15.243992427619409,0.03842387108967116,232
7224.464601746,27.450000000010565,1,1,9.519856626071553,3.896487072373935,0.0,0.605904181087992,0.21253869046926685,0.21253869046926685,0,15.244551351489756,0.03747275136483719,233
7224.474660926,27.460000000010577,1,1,8.41120216581461,3.9443530473324326,0.0,0.6218698065956229,0.17881221281017604,0.17881221281017604,0,15.244213678572978,0.036240903396502766,0
7224.484415509,27.47000000001059,1,1,7.280793096821914,4.03112787485211,0.10000000000000002,0.6380112484863225,0.14799494011915207,0.14799494011915207,0,15.242878022389085,0.03473263147802075,6
7224.494482229,27.4800000000106,1,1,6.506967353845031,4.155680095856681,0.1,0.6542689774456604,0.16564376062221897,0.16564376062221897,0,15.2404943813522,0.03297309785191227,6
7224.504282805,27.490000000010614,1,1,6.035440331145669,4.313587736157114,0.1,0.6707031970703384,0.18287476352560347,0.18287476352560347,0,15.23699563264113,0.03095870658519484,7
7224.515320528,27.500000000010626,1,1,5.469804809970027,4.501202193048035,0.1,0.6870306663903898,0.20189065735760672,0.20189065735760672,0,15.23234918403807,0.028744829113383608,9
7224.524222017,27.51000000001064,1,1,5.527443260539996,4.7149148014798135,0.09999999999999999,0.7032440703590229,0.21988910094624992,0.21988910094624992,0,15.226471775246178,0.026367642404611313,12
7224.534313142,27.52000000001065,1,1,6.017827672121231,4.9513339186884675,0.1,0.719350852451962,0.23732298506913352,0.23732298506913352,0,15.219301546498071,0.023830978336655706,13
7224.544106238,27.530000000010663,1,1,6.707627087845955,5.207415171484696,0.10000000000000002,0.735390232738189,0.25478880766541917,0.25478880766541917,0,15.210828548735435,0.021155840422586225,14
7224.554160949,27.540000000010675,1,1,7.494389801597266,5.48030201296093,0.1,0.751108804925891,0.2725170113974053,0.2725170113974053,0,15.20106066872029,0.018379240474166947,20
7224.564543383,27.550000000010687,1,1,8.253011780955335,5.767192811889137,0.10000000000000002,0.7661980086837163,0.2906129575617517,0.2906129575617517,0,15.189987776519438,0.015560082781785667,21
7224.574649562,27.5600000000107,1,1,9.064989104941697,6.065544876809752,0.09999999999999999,0.7804963302633963,0.30853791187221885,0.30853791187221885,0,15.177592955893157,0.013260238741406472,24
7224.58462286,27.57000000001071,1,1,9.887657061865939,6.372993083860418,0.04930680539235495,0.79369207589826,0.32577979416979236,0.32577979416979236,0,15.163866490434522,0.01506393097508274,31
7224.594155154,27.580000000010724,1,1,10.74584960774611,6.6882791050443755,0.1,0.8054557932750962,0.342682687108986,0.342682687108986,0,15.148872769146882,0.016859696420587933,32
7224.604469589,27.590000000010736,1,1,11.527576545397833,7.009217626655495,0.10000000000000002,0.8156639692480291,0.3597198475528591,0.3597198475528591,0,15.132637632695646,0.018644190065434274,33
7224.615740171,27.60000000001075,1,1,12.208233057430956,7.331754831613444,0.09999999999999999,0.8233669026379539,0.3765361435632944,0.3765361435632944,0,15.115203667233416,0.020421789351963815,34
7224.624177931,27.61000000001076,1,1,12.940190003762954,7.6537975456901055,0.1,0.8287716058288412,0.3925720342693384,0.3925720342693384,0,15.096440924122371,0.02218382151612186,37
7224.634291198,27.620000000010773,1,1,13.62151041455229,7.9738719525200805,0.1,0.8316962535781296,0.4077434546245557,0.4077434546245557,0,15.076390564531454,0.023926928837649464,37
7224.644178773,27.630000000010785,1,1,14.258659024786603,8.29029936016744,0.1,0.8322199130061835,0.42179487559017376,0.42179487559017376,0,15.055160397801826,0.025642773292438026,37
7224.654353503,27.640000000010797,1,1,14.844497883573712,8.60151016088498,0.09999999999999999,0.8305356113361536,0.43497864677182957,0.43497864677182957,0,15.0328620079063,0.02732365769637235,41
7224.664202264,27.65000000001081,1,1,15.380034843852753,8.906008643549931,0.1,0.8268988952017063,0.4474428147006604,0.4474428147006604,0,15.00960182980013,0.028966190727875762,41
7224.674440029,27.66000000001082,1,1,15.868615741561829,9.202564341382079,0.1,0.821754155318646,0.4587460640019618,0.4587460640019618,0,14.985472202037702,0.03056466736502461,41
7224.685750476,27.670000000010834,1,1,16.329912563246683,9.490223400458124,0.1,0.815318351277795,0.4691260415256894,0.4691260415256894,0,14.96056000055484,0.03211220097326983,45
7224.694298118,27.680000000010846,1,1,16.76033478717446,9.768129240477869,0.1,0.8080355425662495,0.47814693985041856,0.47814693985041856,0,14.934951394373508,0.033604386564812905,48
7224.704336881,27.69000000001086,1,1,17.153074571193862,10.03577107979762,0.1,0.800226012755535,0.4859323645971006,0.4859323645971006,0,14.908734180845759,0.03503280817930088,49
7224.714272103,27.70000000001087,1,1,17.514739628864486,10.292638833866873,0.10000000000000002,0.7917320249181594,0.4929309080884302,0.4929309080884302,0,14.881996762870758,0.03639438876334744,49
7224.724299706,27.710000000010883,1,1,17.844840942065236,10.538196998136545,0.09999999999999999,0.7827037258313024,0.49901441048470396,0.49901441048470396,0,14.85481617298633,0.03768741352708127,55
7224.734538676,27.720000000010895,1,1,18.14699684837646,10.771937932214598,0.10000000000000002,0.7731692866170317,0.5116338197319636,0.5116338197319636,0,14.827262790885875,0.038909291815779956,56
7224.744723153,27.730000000010907,1,1,18.42566486108601,10.993408921437787,0.09999999999999999,0.7630734811554355,0.5303827247186623,0.5303827247186623,0,14.799400198592815,0.04005936757037021,56
7224.754277438,27.74000000001092,1,1,18.681454343078826,11.202281414559453,0.10000000000000002,0.752584132040166,0.5482720599104722,0.5482720599104722,0,14.771280934676602,0.041136198757494025,61
7224.764128659,27.75000000001093,1,1,18.917083922217362,11.398301663043682,0.1,0.7416575162544151,0.5654376054145055,0.5654376054145055,0,14.742952804930527,0.04213851951703279,62
7224.774295633,27.760000000010944,1,1,19.134472117836772,11.58124525679385,0.1,0.7303430501315545,0.5817911243210075,0.5817911243210075,0,14.71445741635641,0.04306618688005548,62
7224.786226519,27.770000000010956,1,1,19.334321053961798,11.75094992210571,0.09999999999999999,0.7186697136312733,0.5973260994925723,0.5973260994925723,0,14.68582861095054,0.04391892237992867,65
7224.794344947,27.78000000001097,1,1,19.519246579583825,11.90737004119133,0.10000000000000002,0.7067597515148301,0.6118925015224745,0.6118925015224745,0,14.657095443594223,0.04469676427071867,69
7224.80406747,27.79000000001098,1,1,19.690652603303384,12.050667010257138,0.1,0.6945708443385252,0.6254839051179866,0.6254839051179866,0,14.628282131725724,0.045399058989397,69
7224.814203362,27.800000000010993,1,1,19.848233249975515,12.180900938611403,0.09999999999999999,0.6820693371155065,0.6383965702212896,0.6383965702212896,0,14.599407175318463,0.04602612588755994,69
7224.824246309,27.810000000011005,1,1,19.99347476810214,12.298064724609432,0.09999999999999999,0.6693812533045265,0.6503245698873241,0.6503245698873241,0,14.570485416022255,0.04749028961489987,74
7224.834055269,27.820000000011017,1,1,20.130219608954423,12.402171507369603,0.1,0.6564680845555639,0.6613170965001689,0.6613170965001689,0,14.541528057918757,0.049248839142858714,74
7224.844151282,27.83000000001103,1,1,20.25860420136407,12.493244191396819,0.1,0.6433722397291242,0.6712951097310869,0.6712951097310869,0,14.512544459516565,0.05093894595451309,75
7224.854524189,27.84000000001104,1,1,20.378671189713305,12.571323437310584,0.09999999999999999,0.6301175318668508,0.6800925059038682,0.6800925059038682,0,14.48354317627985,0.05255631354412027,81
7224.864070383,27.850000000011054,1,1,20.491525914300478,12.63646647734772,0.10000000000000002,0.6167304129852705,0.6880904457421113,0.6880904457421113,0,14.454534991784845,0.0540985241239047,84
7224.874327296,27.860000000011066,1,1,20.59431639347773,12.688751994197057,0.1,0.6032864388954483,0.6950200446253769,0.6950200446253769,0,14.425528041987429,0.055564657071052626,84
7224.884296482,27.87000000001108,1,1,20.69392204179495,12.72827052446063,0.1,0.5896958666882286,0.7013121250637449,0.7013121250637449,0,14.396527326799065,0.056952754793874405,84
7224.894457184,27.88000000001109,1,1,20.78359112512612,12.755108773433085,0.10000000000000002,0.5760009032264357,0.7068320810866009,0.7068320810866009,0,14.36753719361409,0.0582650693713076,90
7224.904337895,27.890000000011103,1,1,20.869237735999448,12.769393239932908,0.09999999999999998,0.5622511048653313,0.7116749706766038,0.7116749706766038,0,14.338557269269353,0.05949986577475652,90
7224.914297242,27.900000000011115,1,1,20.94666164509968,12.771258566182034,0.10000000000000002,0.5484727043728204,0.7157735424977458,0.7157735424977458,0,14.309586157669418,0.060659092505541023,90
7224.924255357,27.910000000011127,1,1,21.01892835319512,12.760861818339272,0.09999999999999999,0.5346517200311061,0.719050198067977,0.719050198067977,0,14.280620182496738,0.06174192272261814,94
7224.934593303,27.92000000001114,1,1,21.03860315331767,12.738372521474883,0.0664778896861918,0.5208522812414488,0.7215022603761069,0.7215022603761069,0,14.251655147289535,0.06274798648185387,96
7224.944115183,27.93000000001115,1,1,20.62704233427926,12.703978838481321,0.1,0.5070713726271945,0.7233919428751068,0.7233919428751068,0,14.22268283287234,0.06368076110106058,98
7224.955933427,27.940000000011164,1,1,20.13447917164673,12.657880045407884,0.08885666411513057,0.49329693204066893,0.7245443349127596,0.7245443349127596,0,14.193698568625363,0.0645321748548433,101
7224.96427365,27.950000000011176,1,1,19.526537454391434,12.600265915329986,0.1,0.47953797787613683,0.7238638057766803,0.7238638057766803,0,14.164704226562128,0.06530471199899957,105
7224.974328797,27.96000000001119,1,1,18.919915270024685,12.531342438378568,0.1,0.4658290118028457,0.7241567988801889,0.7241567988801889,0,14.135697037914385,0.06600340779694625,105
7224.984093587,27.9700000000112,1,1,18.203352391118155,12.451316410627346,0.1,0.45219077633161814,0.7224636536843736,0.7224636536843736,0,14.106674859507534,0.0666243681204215,106
7224.998554456,27.980000000011213,1,1,17.520208667573456,12.360417834355173,0.0,0.43855344163875926,0.7202680632947293,0.7202680632947293,0,14.07763960735703,0.06717147053194761,114
7225.004316695,27.990000000011225,1,1,16.679922152739394,12.258874289085512,0.1,0.4249840619359532,0.7175623694255548,0.7175623694255548,0,14.048598468465322,0.06763888890115677,123
7225.014280437,28.000000000011237,1,1,15.788367429618356,12.146917114620495,0.03688848587116845,0.4115341017219525,0.7140197813381908,0.7140197813381908,0,14.019557454615377,0.06803186612783141,123
7225.025391394,28.01000000001125,1,1,14.973983265375438,12.024784112019983,0.0,0.39815693549760184,0.7103128961904732,0.7103128961904732,0,13.990525425676648,0.06835235120915306,127
7225.034353365,28.02000000001126,1,1,14.03085111445961,11.892719881564306,0.0871609180627564,0.38495351810853,0.7068816042226882,0.7068816042226882,0,13.961511962645773,0.06860676437094171,129
7225.0445602,28.030000000011274,1,1,13.17527117767807,11.750986972120364,0.02443332049202701,0.3719346300349935,0.7027527812113881,0.7027527812113881,0,13.932523401389641,0.06880039398340076,130
7225.054257613,28.040000000011286,1,1,12.244524536941375,11.599859741846764,0.07414773889838816,0.3591979816908766,0.6981440873772959,0.6981440873772959,0,13.903563545618015,0.06893788353192154,131
7225.064275697,28.0500000000113,1,1,11.31168517894508,11.439671150664813,0.05027875525939781,0.34683211519288903,0.6898782019158265,0.6898782019158265,0,13.874670911130407,0.06900063887266317,136
7225.07436417,28.06000000001131,1,1,10.41151111441152,11.270807021448553,0.1,0.3348894887890555,0.6818895612855649,0.6818895612855649,0,13.845993749727795,0.06897215598334328,137
7225.084095465,28.070000000011323,1,1,9.647493963065155,11.093496737505719,0.10000000000000002,0.3232864511821631,0.6748603191444125,0.6748603191444125,0,13.817708586089076,0.06888019396307166,137
7225.094061412,28.080000000011335,1,1,8.771333069472925,10.907960740109273,0.1,0.31224608475250804,0.6650372233366115,0.6650372233366115,0,13.789969899631489,0.06870962916386891,142
7225.104244419,28.090000000011347,1,1,7.8351484799361915,10.714477011284108,0.1,0.301881841574155,0.6528068567019754,0.6528068567019754,0,13.762916577002636,0.06844712093777061,142
7225.11417143,28.10000000001136,1,1,6.987827210547671,10.513289102866183,0.09999999999999999,0.2923098302706644,0.641002196847961,0.641002196847961,0,13.736672352246792,0.06810028164524473,142
7225.125163376,28.11000000001137,1,1,6.195995670541428,10.304601226599631,0.0,0.2835213931141435,0.6289975982391509,0.6289975982391509,0,13.7113440587991,0.06766927333423933,145
7225.134307116,28.120000000011384,1,1,5.5391708188948945,10.088621689006391,0.1,0.2756171800190253,0.6170085149539186,0.6170085149539186,0,13.687039097826576,0.06716557458428662,146
7225.144296475,28.130000000011396,1,1,4.930958520839982,9.865559345080673,0.09999999999999999,0.26868525504708957,0.6046403723665319,0.6046403723665319,0,13.663829009696066,0.06659036914229755,146
7225.154163781,28.14000000001141,1,1,4.316265121605566,9.635666383688175,0.1,0.2627982754447517,0.5908102362372656,0.5908102362372656,0,13.641773875193028,0.06594419319661105,146
7225.164411534,28.15000000001142,1,1,3.716511286288862,9.39920780490671,0.013805825737387468,0.25803373129073454,0.5759512574728198,0.5759512574728198,0,13.6209239515704,0.06522404842998286,152
7225.174232423,28.160000000011433,1,1,3.2427357585507313,9.156449547266048,0.1,0.25448391381839164,0.5610379814956006,0.5610379814956006,0,13.60131990775583,0.06443203864328828,152
7225.184157399,28.170000000011445,1,1,2.857125037743281,8.907657038917538,0.1,0.25219997990424964,0.5457481153907209,0.5457481153907209,0,13.58298072872405,0.06356572497356894,152
7225.195524058,28.180000000011457,1,1,2.5142261149173217,8.653103167672043,0.0,0.2512882055866616,0.529677720283761,0.529677720283761,0,13.565917955307215,0.06263511514161824,156
7225.204349767,28.19000000001147,1,1,2.2329551979762208,8.393085024382497,0.08043407709230056,0.25177439096544413,0.5125505569127576,0.5125505569127576,0,13.550119608971647,0.06163429757350958,158
7225.214185724,28.20000000001148,1,1,2.0740119813703854,8.127923877970069,0.1,0.2537219603511753,0.49553020055084285,0.49553020055084285,0,13.535561383434795,0.06056487076174999,160
7225.224182521,28.210000000011494,1,1,1.9134748194089453,7.857957506185827,0.0,0.2570826768136173,0.4771716452112733,0.4771716452112733,0,13.522214664365492,0.05942641232784018,160
7225.23469012,28.220000000011506,1,1,1.84054093077151,7.583545982373393,0.0,0.2618500857796507,0.458352025421617,0.458352025421617,0,13.510038179229696,0.05822301825081777,165
7225.244337347,28.23000000001152,1,1,1.9820615195435265,7.305094703033474,0.08031291750892557,0.26797857135680103,0.44064956969823554,0.44064956969823554,0,13.498995925109003,0.05696191255721128,167
7225.25425726,28.24000000001153,1,1,2.1275396518795393,7.023034109726671,0.1,0.27537867419805695,0.42207591439045317,0.42207591439045317,0,13.48903077502866,0.055641994404220685,167
7225.264516495,28.250000000011543,1,1,2.2150004197857562,6.737882766500315,0.1,0.28401328202084214,0.400797942426339,0.400797942426339,0,13.480102389266502,0.05425161256930089,171
7225.274874155,28.260000000011555,1,1,2.4819421676787803,6.450220433052488,0.10000000000000002,0.2937865694033462,0.381362266678254,0.381362266678254,0,13.472168906520412,0.05280681372084062,171
7225.284568927,28.270000000011567,1,1,2.606074503834899,6.160665748871245,0.1,0.3045779644193219,0.36058025818922695,0.36058025818922695,0,13.465178022483,0.05130015847195146,173
7225.296041165,28.28000000001158,1,1,2.769318610685465,5.869988490772879,0.0739205686785455,0.31637564203210655,0.339327069833402,0.339327069833402,0,13.45907605286755,0.04973807102558314,176
7225.304645893,28.29000000001159,1,1,2.975113706668044,5.579010150735001,0.10000000000000002,0.32902564154674596,0.3174741151157663,0.3174741151157663,0,13.453782657314376,0.04811944459696038,179
7225.31442985,28.300000000011604,1,1,3.1843780218583384,5.288442167593857,0.1,0.3424245984313276,0.2960620575348178,0.2960620575348178,0,13.44917263403932,0.04645341845480233,181
7225.324317603,28.310000000011616,1,1,3.386975797478513,4.999633513706088,0.10000000000000002,0.3565646247851329,0.2743177931339152,0.2743177931339152,0,13.445220450098118,0.044736299755541054,182
7225.334077293,28.32000000001163,1,1,3.630267667563842,4.714641337611569,0.05029316153730454,0.37139254190480014,0.25146571235454057,0.25146571235454057,0,13.441920807349888,0.04296602478921563,187
7225.344346887,28.33000000001164,1,1,3.761091768986118,4.435816857764201,0.050293161537311365,0.3867642035291494,0.22864418746841333,0.22864418746841333,0,13.439108109889434,0.041149642903846595,187
7225.354109981,28.340000000011653,1,1,3.9346283762928214,4.1656826845228885,0.10000000000000003,0.40261744299416813,0.2067883497594395,0.2067883497594395,0,13.436811175414768,0.039292221000609584,187
7225.365377123,28.350000000011665,1,1,4.069193345309531,3.9070003645700737,0.0,0.41888965462446315,0.18440682589225713,0.18440682589225713,0,13.435052816695114,0.03740089156203219,192
7225.37421425,28.360000000011677,1,1,3.9988545019979056,3.6634494039819803,0.07885297025269589,0.43550502338955127,0.16114659673730442,0.16114659673730442,0,13.43378907571572,0.0354710960029333,194
7225.384159709,28.37000000001169,1,1,4.025930242267835,3.4396430695137936,0.06393960667772228,0.4524431842328371,0.1389320298615368,0.1389320298615368,0,13.432976990837496,0.03350695761564115,195
7225.394224553,28.3800000000117,1,1,4.048352176531623,3.2411407637789487,0.1,0.46964286916891484,0.1164642241997655,0.1164642241997655,0,13.432571241640973,0.03152094664871985,196
7225.404182664,28.390000000011714,1,1,4.064332138457577,3.074928142761986,0.062245262727384953,0.4871119002769857,0.10423538593106291,0.10423538593106291,0,13.432527249747977,0.029513800745230134,202
7225.414260706,28.400000000011726,1,1,4.105866359145526,2.948859922255772,0.10000000000000002,0.5047766805252399,0.1087664549590186,0.1087664549590186,0,13.432795658084297,0.027488551530008398,205
7225.424438611,28.41000000001174,1,1,4.135608112759129,2.8696283081723437,0.06390307882134566,0.5226444159674932,0.12114796442172204,0.12114796442172204,0,13.433344071087097,0.025448351022100857,206
7225.434956377,28.42000000001175,1,1,4.154225344555934,2.8411059161537455,0.03763289748800665,0.540662551776306,0.13339644350859894,0.13339644350859894,0,13.434165184209519,0.023395313140086804,210
7225.444552224,28.430000000011763,1,1,4.092105614728503,2.8658607300934014,0.10000000000000002,0.5588049961427555,0.14597373794748292,0.14597373794748292,0,13.435233604695735,0.02132985906042517,211
7225.454822506,28.440000000011775,1,1,4.190071832367288,2.9434677979410724,0.0,0.5770453855576917,0.15839366551433748,0.15839366551433748,0,13.436526215638418,0.019256097011418394,214
7225.465463658,28.450000000011787,1,1,3.947342883677251,3.0706698725183115,0.09999999999999999,0.5953330042315035,0.17105091937035005,0.17105091937035005,0,13.438020365339622,0.017165318064411905,218
7225.474362736,28.4600000000118,1,1,3.7497550448433716,3.2421714099895484,0.1,0.6136223755987994,0.18382560539754075,0.18382560539754075,0,13.439704086235858,0.015070251588515826,0
7225.484219573,28.47000000001181,1,1,3.543581413874435,3.451951765164543,0.0,0.6318674364330762,0.19626842468570557,0.19626842468570557,0,13.44155719421033,0.014308578020878482,0
7225.49420282,28.480000000011824,1,1,3.3377960724095677,3.6940879218486624,0.05029613485578374,0.650069556526922,0.20887419624144038,0.20887419624144038,0,13.44356348413635,0.014344632903582788,1
7225.504045214,28.490000000011836,1,1,3.0694273827872016,3.9631791548258226,0.1,0.6681531886743027,0.22142795109026542,0.22142795109026542,0,13.445709865855928,0.014319003972601774,6
7225.514363377,28.50000000001185,1,1,2.8653695739490015,4.254545222852707,0.05029613485584695,0.6861595582751499,0.2339412254074988,0.2339412254074988,0,13.447989221832692,0.01425097561801425,7
7225.524538524,28.51000000001186,1,1,2.612629096041287,4.564370040720104,0.05029613485584498,0.704014899755152,0.2465926848869695,0.2465926848869695,0,13.450379960589887,0.01413307826325938,8
7225.535560873,28.520000000011873,1,1,2.3724351517371143,4.889402744327111,0.0,0.7216944808966322,0.259262307276255,0.259262307276255,0,13.452878305446438,0.014168267474878316,12
7225.544750925,28.530000000011885,1,1,2.136686210951138,5.2267934232879965,0.0,0.7391795367758501,0.2717938010276592,0.2717938010276592,0,13.455480312771058,0.015431701372956186,15
7225.554194955,28.540000000011897,1,1,1.9173289983522896,5.574011936879758,0.0,0.7564010745563149,0.28423538951222527,0.28423538951222527,0,13.4581855663251,0.01669434345985049,16
7225.564436374,28.55000000001191,1,1,1.697560741135593,5.929035551498974,0.0,0.7733008028401122,0.2963679354987116,0.2963679354987116,0,13.460992591726427,0.017953788834210227,18
7225.574804357,28.56000000001192,1,1,1.429691219272161,6.290202235799048,0.09999999999999999,0.7898727001253635,0.3089256196832446,0.3089256196832446,0,13.463900093834038,0.019210881930432744,26
7225.584597447,28.570000000011934,1,1,1.3096469547673248,6.6561399610236975,0.0,0.8061012107958487,0.3208423973441423,0.3208423973441423,0,13.466910764491532,0.020464277157271338,29
7225.594740887,28.580000000011946,1,1,1.18082439540386,7.025740968166479,0.0,0.8219981086943022,0.33273268662873023,0.33273268662873023,0,13.4700163308584,0.021712061382419323,31
7225.604370496,28.59000000001196,1,1,0.9882676890842688,7.398006536013166,0.0640300557925661,0.8375284630557759,0.34634200294629963,0.34634200294629963,0,13.473212565821191,0.022953692898087907,36
7225.614648731,28.60000000001197,1,1,0.8185281808603148,7.772076628703248,0.1,0.8525969222896984,0.3716221545418798,0.3716221545418798,0,13.476496387157054,0.024188750802088432,36
7225.62414366,28.610000000011983,1,1,0.7628436707970913,8.147127276977342,0.1,0.8670956991604705,0.39518056211202734,0.39518056211202734,0,13.47985986973454,0.025414223972248295,38
7225.636116378,28.620000000011995,1,1,0.7520226421361033,8.522334664587824,0.0,0.8808570414043634,0.41877558320406105,0.41877558320406105,0,13.483264127795362,0.026628541141257345,42
7225.644274486,28.630000000012007,1,1,0.7585379559327932,8.896780040988125,0.0,0.8935855992288861,0.4424668695034762,0.4424668695034762,0,13.486693680925793,0.027829253421290834,47
7225.654303456,28.64000000001202,1,1,0.7665704857397254,9.269485257483556,0.1,0.905178199011508,0.4657428573881021,0.4657428573881021,0,13.490150363222247,0.029011953547822156,49
7225.664246517,28.65000000001203,1,1,0.8654866042045554,9.639309770656808,0.05030370096482843,0.9151154466341326,0.48918160518298953,0.48918160518298953,0,13.493634747655154,0.03017481856792026,51
7225.674658428,28.660000000012044,1,1,1.0258970173268747,10.004884516481777,0.09999999999999999,0.9230770978111758,0.5108948096087734,0.5108948096087734,0,13.497151847865908,0.03131177133011742,57
7225.684054605,28.670000000012056,1,1,1.1725149695920258,10.364611370455624,0.08313254205277743,0.9284484470703891,0.532748627461338,0.532748627461338,0,13.500704890216715,0.03242170039954728,59
7225.694891132,28.68000000001207,1,1,1.290078115450387,10.716947005768203,0.10000000000000002,0.9317914799142281,0.5532346237725214,0.5532346237725214,0,13.504304551695652,0.033496801796563114,61
7225.705101199,28.69000000001208,1,1,1.4678239031896982,11.060473108347626,0.0,0.9327929469403199,0.5735886360144826,0.5735886360144826,0,13.507992284834522,0.03551835921900359,67
7225.714616828,28.700000000012093,1,1,1.592370411480456,11.393772002478249,0.05030217262399196,0.9317120989080125,0.5935484944151341,0.5935484944151341,0,13.511773588197684,0.03773763140522324,71
7225.724688775,28.710000000012105,1,1,1.6573400851633056,11.715609140394504,0.1,0.9284493110996666,0.6137525985090924,0.6137525985090924,0,13.515637703491196,0.03993830977985702,74
7225.734088793,28.720000000012117,0,1,0.0,0.0,0.0,0.0,0.0,0.0,0,0.0,0.04148365447506508,76
7225.744282061,28.73000000001213,0,1,0.0,0.0,0.0,0.0,0.0,0.0,0,0.0,0.03752083011737095,79
7225.754212002,28.74000000001214,0,1,0.0,0.0,0.0,0.0,0.0,0.0,0,0.0,0.033937099146469474,79
7225.763752272,28.750000000012154,0,1,0.0,0.0,0.0,0.0,0.0,0.0,0,0.0,0.030696922527009063,79
7225.774133132,28.760000000012166,0,1,0.0,0.0,0.0,0.0,0.0,0.0,0,0.0,0.027767364081641155,81
7225.784242693,28.77000000001218,0,1,0.0,0.0,0.0,0.0,0.0,0.0,0,0.0,0.025118646175048664,81
7225.794158931,28.78000000001219,0,1,0.0,0.0,0.0,0.0,0.0,0.0,0,0.0,0.022723846086897925,81
7225.804713218,28.790000000012203,0,1,0.0,0.0,0.0,0.0,0.0,0.0,0,0.0,0.02055862210714654,83
7225.814231986,28.800000000012215,0,1,0.0,0.0,0.0,0.0,0.0,0.0,0,0.0,0.018600966079454828,84
7225.824146814,28.810000000012227,0,1,0.0,0.0,0.0,0.0,0.0,0.0,0,0.0,0.01683098000166816,84
7225.834470139,28.82000000001224,0,1,0.0,0.0,0.0,0.0,0.0,0.0,0,0.0,0.015230672825151115,84
7225.844456807,28.83000000001225,0,1,0.0,0.0,0.0,0.0,0.0,0.0,0,0.0,0.013783778175082917,86
7225.853838582,28.840000000012264,0,1,0.0,0.0,0.0,0.0,0.0,0.0,0,0.0,0.012475589176027202,86
7225.864035811,28.850000000012276,0,1,0.0,0.0,0.0,0.0,0.0,0.0,0,0.0,0.011292808873949567,86
7225.873975637,28.86000000001229,0,1,0.0,0.0,0.0,0.0,0.0,0.0,0,0.0,0.010223415039847805,89
7225.883941553,28.8700000000123,0,1,0.0,0.0,0.0,0.0,0.0,0.0,0,0.0,0.009256537955196653,89
7225.893796509,28.880000000012313,0,1,0.0,0.0,0.0,0.0,0.0,0.0,0,0.0,0.008382349922128274,89
7225.904114232,28.890000000012325,0,1,0.0,0.0,0.0,0.0,0.0,0.0,0,0.0,0.007591965368957232,89
7225.914280372,28.900000000012337,0,1,0.0,0.0,0.0,0.0,0.0,0.0,0,0.0,0.006877350533237125,92
7225.924074068,28.91000000001235,0,1,0.0,0.0,0.0,0.0,0.0,0.0,0,0.0,0.0062312418034362604,92
7225.93399242,28.92000000001236,0,1,0.0,0.0,0.0,0.0,0.0,0.0,0,0.0,0.006041651591682351,92
7225.944317727,28.930000000012374,0,1,0.0,0.0,0.0,0.0,0.0,0.0,0,0.0,0.006024431358441218,98
7225.954014666,28.940000000012386,0,1,0.0,0.0,0.0,0.0,0.0,0.0,0,0.0,0.006008027739642818,98
7225.964095193,28.9500000000124,0,1,0.0,0.0,0.0,0.0,0.0,0.0,0,0.0,0.005992404344094204,98
7225.975156941,28.96000000001241,0,1,0.0,0.0,0.0,0.0,0.0,0.0,0,0.0,0.0059775268531727654,101
7225.984098192,28.970000000012423,0,1,0.0,0.0,0.0,0.0,0.0,0.0,0,0.0,0.0059633610624676425,102
7225.99388554,28.980000000012435,0,1,0.0,0.0,0.0,0.0,0.0,0.0,0,0.0,0.005949873783083204,102
7226.003904961,28.990000000012447,0,1,0.0,0.0,0.0,0.0,0.0,0.0,0,0.0,0.005937033835978989,102
7226.01391557,29.00000000001246,0,1,0.0,0.0,0.0,0.0,0.0,0.0,0,0.0,0.005924811480963799,106
7226.023792141,29.01000000001247,0,1,0.0,0.0,0.0,0.0,0.0,0.0,0,0.0,0.005913178220968263,106
7226.033807838,29.020000000012484,0,1,0.0,0.0,0.0,0.0,0.0,0.0,0,0.0,0.00590210673412761,106
7226.043892645,29.030000000012496,0,1,0.0,0.0,0.0,0.0,0.0,0.0,0,0.0,0.0058915708402833555,110
7226.053778298,29.04000000001251,0,1,0.0,0.0,0.0,0.0,0.0,0.0,0,0.0,0.00588154547242925,110
7226.064257206,29.05000000001252,0,1,0.0,0.0,0.0,0.0,0.0,0.0,0,0.0,0.005872006645789796,110
7226.073847685,29.060000000012533,0,1,0.0,0.0,0.0,0.0,0.0,0.0,0,0.0,0.005862931424000406,110
7226.083883979,29.070000000012545,0,1,0.0,0.0,0.0,0.0,0.0,0.0,0,0.0,0.005854297883397974,113
7226.094106085,29.080000000012557,0,1,0.0,0.0,0.0,0.0,0.0,0.0,0,0.0,0.005846084345731972,113
7226.103849877,29.09000000001257,0,1,0.0,0.0,0.0,0.0,0.0,0.0,0,0.0,0.005838267026801569,113
7226.113859252,29.10000000001258,0,1,0.0,0.0,0.0,0.0,0.0,0.0,0,0.0,0.005830827853926301,115
7226.12386525,29.110000000012594,0,1,0.0,0.0,0.0,0.0,0.0,0.0,0,0.0,0.005823751265237709,115
7226.133777536,29.120000000012606,0,1,0.0,0.0,0.0,0.0,0.0,0.0,0,0.0,0.005817021515305942,115
7226.144338943,29.13000000001262,0,1,0.0,0.0,0.0,0.0,0.0,0.0,0,0.0,0.005810622706321045,117
7226.153938436,29.14000000001263,0,1,0.0,0.0,0.0,0.0,0.0,0.0,0,0.0,0.005804539164153466,117
7226.163981604,29.150000000012643,0,1,0.0,0.0,0.0,0.0,0.0,0.0,0,0.0,0.005798755694917279,117
7226.173802223,29.160000000012655,0,1,0.0,0.0,0.0,0.0,0.0,0.0,0,0.0,0.00579325755345006,117
7226.183890525,29.170000000012667,0,1,0.0,0.0,0.0,0.0,0.0,0.0,0,0.0,0.0057880304348878475,121
7226.193860697,29.18000000001268,0,1,0.0,0.0,0.0,0.0,0.0,0.0,0,0.0,0.00578306125482575,121
7226.203778173,29.19000000001269,0,1,0.0,0.0,0.0,0.0,0.0,0.0,0,0.0,0.005778337626568986,121
7226.21389237,29.200000000012704,0,1,0.0,0.0,0.0,0.0,0.0,0.0,0,0.0,0.005773847653435027,123
7226.223907573,29.210000000012716,0,1,0.0,0.0,0.0,0.0,0.0,0.0,0,0.0,0.005769579927248358,123
7226.233784229,29.22000000001273,0,1,0.0,0.0,0.0,0.0,0.0,0.0,0,0.0,0.0057655235446603115,123
7226.243916788,29.23000000001274,0,1,0.0,0.0,0.0,0.0,0.0,0.0,0,0.0,0.005761668109231399,123
7226.253909696,29.240000000012753,0,1,0.0,0.0,0.0,0.0,0.0,0.0,0,0.0,0.005758003721065608,127
7226.263986194,29.250000000012765,0,1,0.0,0.0,0.0,0.0,0.0,0.0,0,0.0,0.005754520959637244,127
7226.273889708,29.260000000012777,0,1,0.0,0.0,0.0,0.0,0.0,0.0,0,0.0,0.005751210863710554,127
7226.283789308,29.27000000001279,0,1,0.0,0.0,0.0,0.0,0.0,0.0,0,0.0,0.005748064910453543,130
7226.294367476,29.2800000000128,0,1,0.0,0.0,0.0,0.0,0.0,0.0,0,0.0,0.005745074994751853,130
7226.303771856,29.290000000012814,0,1,0.0,0.0,0.0,0.0,0.0,0.0,0,0.0,0.005742233409161246,130
7226.315092356,29.300000000012826,0,1,0.0,0.0,0.0,0.0,0.0,0.0,0,0.0,0.005739532824668325,132
7226.324318525,29.31000000001284,0,1,0.0,0.0,0.0,0.0,0.0,0.0,0,0.0,0.005736966272309907,133
7226.334199005,29.32000000001285,0,1,0.0,0.0,0.0,0.0,0.0,0.0,0,0.0,0.005734527125648814,133
7226.343965441,29.330000000012863,0,1,0.0,0.0,0.0,0.0,0.0,0.0,0,0.0,0.0057322090840832285,133
7226.353944318,29.340000000012875,0,1,0.0,0.0,0.0,0.0,0.0,0.0,0,0.0,0.005730006156952072,136
7226.36400502,29.350000000012887,0,1,0.0,0.0,0.0,0.0,0.0,0.0,0,0.0,0.005727912648406441,136
7226.373807577,29.3600000000129,0,1,0.0,0.0,0.0,0.0,0.0,0.0,0,0.0,0.0057259231430104585,136
7226.383936283,29.37000000001291,0,1,0.0,0.0,0.0,0.0,0.0,0.0,0,0.0,0.005724032492036457,139
7226.393913312,29.380000000012924,0,1,0.0,0.0,0.0,0.0,0.0,0.0,0,0.0,0.005722235800422526,139
7226.403998121,29.390000000012936,0,1,0.0,0.0,0.0,0.0,0.0,0.0,0,0.0,0.005720528414361992,139
7226.413756861,29.400000000012948,0,1,0.0,0.0,0.0,0.0,0.0,0.0,0,0.0,0.005718905909493532,139
7226.423855054,29.41000000001296,0,1,0.0,0.0,0.0,0.0,0.0,0.0,0,0.0,0.005717364079662168,142
7226.433778592,29.420000000012973,0,1,0.0,0.0,0.0,0.0,0.0,0.0,0,0.0,0.005715898926228258,142
7226.44397002,29.430000000012985,0,1,0.0,0.0,0.0,0.0,0.0,0.0,0,0.0,0.005714506647892081,142
7226.453853182,29.440000000012997,0,1,0.0,0.0,0.0,0.0,0.0,0.0,0,0.0,0.0057131836310146955,146
7226.463783805,29.45000000001301,0,1,0.0,0.0,0.0,0.0,0.0,0.0,0,0.0,0.005711926440410187,146
7226.473760969,29.46000000001302,0,1,0.0,0.0,0.0,0.0,0.0,0.0,0,0.0,0.005710731810582681,0
7226.484730059,29.470000000013034,0,1,0.0,0.0,0.0,0.0,0.0,0.0,0,0.0,0.005709596637392567,2
7226.493783635,29.480000000013046,0,1,0.0,0.0,0.0,0.0,0.0,0.0,0,0.0,0.005708517970127502,3
7226.503761214,29.490000000013058,0,1,0.0,0.0,0.0,0.0,0.0,0.0,0,0.0,0.005707493003960673,3
7226.513761385,29.50000000001307,0,1,0.0,0.0,0.0,0.0,0.0,0.0,0,0.0,0.005706519072776306,3
7226.523816623,29.510000000013083,0,1,0.0,0.0,0.0,0.0,0.0,0.0,0,0.0,0.005705593642344464,7
7226.533796435,29.520000000013095,0,1,0.0,0.0,0.0,0.0,0.0,0.0,0,0.0,0.005704714303831349,7
7226.543936591,29.530000000013107,0,1,0.0,0.0,0.0,0.0,0.0,0.0,0,0.0,0.0057038787676242375,7
7226.55396524,29.54000000001312,0,1,0.0,0.0,0.0,0.0,0.0,0.0,0,0.0,0.005703084857459961,10
7226.564150288,29.55000000001313,0,1,0.0,0.0,0.0,0.0,0.0,0.0,0,0.0,0.005702330504838482,10
7226.573800582,29.560000000013144,0,1,0.0,0.0,0.0,0.0,0.0,0.0,0,0.0,0.005701613743713363,10
7226.583823506,29.570000000013156,0,1,0.0,0.0,0.0,0.0,0.0,0.0,0,0.0,0.005700932705440032,10
7226.593940478,29.580000000013168,0,1,0.0,0.0,0.0,0.0,0.0,0.0,0,0.0,0.0057002856139694025,13
7226.603873049,29.59000000001318,0,1,0.0,0.0,0.0,0.0,0.0,0.0,0,0.0,0.0056996707812813074,13
7226.613923979,29.600000000013193,0,1,0.0,0.0,0.0,0.0,0.0,0.0,0,0.0,0.005699086603039749,13
7226.62377576,29.610000000013205,0,1,0.0,0.0,0.0,0.0,0.0,0.0,0,0.0,0.005698531554460207,15
7226.633791779,29.620000000013217,0,1,0.0,0.0,0.0,0.0,0.0,0.0,0,0.0,0.005698004186382111,15
7226.643799677,29.63000000001323,0,1,0.0,0.0,0.0,0.0,0.0,0.0,0,0.0,0.005697503121532055,15
7226.654966963,29.64000000001324,0,1,0.0,0.0,0.0,0.0,0.0,0.0,0,0.0,0.005697027050972414,17
7226.664388562,29.650000000013254,0,1,0.0,0.0,0.0,0.0,0.0,0.0,0,0.0,0.0056965747307231585,18
7226.674281302,29.660000000013266,0,1,0.0,0.0,0.0,0.0,0.0,0.0,0,0.0,0.005696144978549977,18
7226.683940442,29.670000000013278,0,1,0.0,0.0,0.0,0.0,0.0,0.0,0,0.0,0.005695736670910501,18
7226.693960527,29.68000000001329,0,1,0.0,0.0,0.0,0.0,0.0,0.0,0,0.0,0.005695348740052175,21
7226.70409389,29.690000000013303,0,1,0.0,0.0,0.0,0.0,0.0,0.0,0,0.0,0.005694980171250252,21
7226.713818698,29.700000000013315,0,1,0.0,0.0,0.0,0.0,0.0,0.0,0,0.0,0.0056946300001827765,21
7226.724076141,29.710000000013327,0,1,0.0,0.0,0.0,0.0,0.0,0.0,0,0.0,0.00569429731043769,24
7226.733766155,29.72000000001334,0,1,0.0,0.0,0.0,0.0,0.0,0.0,0,0.0,0.005693981231137624,24
7226.743812965,29.73000000001335,0,1,0.0,0.0,0.0,0.0,0.0,0.0,0,0.0,0.005693680934686363,24
7226.753825438,29.740000000013364,0,1,0.0,0.0,0.0,0.0,0.0,0.0,0,0.0,0.005693395634623677,24
7226.76395488,29.750000000013376,0,1,0.0,0.0,0.0,0.0,0.0,0.0,0,0.0,0.005693124583588061,27
7226.773975293,29.760000000013388,0,1,0.0,0.0,0.0,0.0,0.0,0.0,0,0.0,0.005692867071377172,27
7226.784082169,29.7700000000134,0,1,0.0,0.0,0.0,0.0,0.0,0.0,0,0.0,0.005692622423106863,27
7226.793865193,29.780000000013413,0,1,0.0,0.0,0.0,0.0,0.0,0.0,0,0.0,0.0056923899974603565,30
7226.803839391,29.790000000013425,0,1,0.0,0.0,0.0,0.0,0.0,0.0,0,0.0,0.005692169185020912,30
7226.813792062,29.800000000013437,0,1,0.0,0.0,0.0,0.0,0.0,0.0,0,0.0,0.005691959406692426,30
7226.824556009,29.81000000001345,0,1,0.0,0.0,0.0,0.0,0.0,0.0,0,0.0,0.005691760112193522,32
7226.833700277,29.82000000001346,0,1,0.0,0.0,0.0,0.0,0.0,0.0,0,0.0,0.005691570778628252,32
7226.843796099,29.830000000013474,0,1,0.0,0.0,0.0,0.0,0.0,0.0,0,0.0,0.005691390909126071,32
7226.853720821,29.840000000013486,0,1,0.0,0.0,0.0,0.0,0.0,0.0,0,0.0,0.005691220031550648,32
7226.863809979,29.850000000013498,0,1,0.0,0.0,0.0,0.0,0.0,0.0,0,0.0,0.0056910576972706295,36
7226.87415433,29.86000000001351,0,1,0.0,0.0,0.0,0.0,0.0,0.0,0,0.0,0.005690903479993237,36
7226.883946597,29.870000000013523,0,1,0.0,0.0,0.0,0.0,0.0,0.0,0,0.0,0.005690756974654931,36
7226.894013915,29.880000000013535,0,1,0.0,0.0,0.0,0.0,0.0,0.0,0,0.0,0.00569061779636626,39
7226.90391989,29.890000000013547,0,1,0.0,0.0,0.0,0.0,0.0,0.0,0,0.0,0.005690485579408433,39
7226.914295245,29.90000000001356,0,1,0.0,0.0,0.0,0.0,0.0,0.0,0,0.0,0.005690359976283199,39
7226.92397735,29.91000000001357,0,1,0.0,0.0,0.0,0.0,0.0,0.0,0,0.0,0.005690240656804679,39
7226.933960791,29.920000000013584,0,1,0.0,0.0,0.0,0.0,0.0,0.0,0,0.0,0.005690127307241166,43
7226.943789872,29.930000000013596,0,1,0.0,0.0,0.0,0.0,0.0,0.0,0,0.0,0.005690019629494003,43
7226.954018972,29.940000000013608,0,1,0.0,0.0,0.0,0.0,0.0,0.0,0,0.0,0.005689917340323092,43
7226.963907249,29.95000000001362,0,1,0.0,0.0,0.0,0.0,0.0,0.0,0,0.0,0.005689820170605486,46
7226.973836028,29.960000000013633,0,1,0.0,0.0,0.0,0.0,0.0,0.0,0,0.0,0.005689727864635508,46
7226.983888568,29.970000000013645,0,1,0.0,0.0,0.0,0.0,0.0,0.0,0,0.0,0.005689640179455724,46
7226.994320717,29.980000000013657,0,1,0.0,0.0,0.0,0.0,0.0,0.0,0,0.0,0.005689556884223013,49
7227.003745532,29.99000000001367,0,1,0.0,0.0,0.0,0.0,0.0,0.0,0,0.0,0.005689477759607042,49
7227.013776376,30.00000000001368,0,1,0.0,0.0,0.0,0.0,0.0,0.0,0,0.0,0.005689402597213844,49
7227.023884755,30.010000000013694,0,1,0.0,0.0,0.0,0.0,0.0,0.0,0,0.0,0.0056893311990453554,49
7227.033787063,30.020000000013706,0,1,0.0,0.0,0.0,0.0,0.0,0.0,0,0.0,0.005689263376979392,52
7227.04398904,30.030000000013718,0,1,0.0,0.0,0.0,0.0,0.0,0.0,0,0.0,0.005689198952279595,52
7227.053922694,30.04000000001373,0,1,0.0,0.0,0.0,0.0,0.0,0.0,0,0.0,0.005689137755126694,52
7227.064096115,30.050000000013743,0,1,0.0,0.0,0.0,0.0,0.0,0.0,0,0.0,0.005689079624174198,54
7227.074146807,30.060000000013755,0,1,0.0,0.0,0.0,0.0,0.0,0.0,0,0.0,0.005689024406129173,54
7227.083762963,30.070000000013767,0,1,0.0,0.0,0.0,0.0,0.0,0.0,0,0.0,0.005688971955347233,54
7227.095986435,30.08000000001378,0,1,0.0,0.0,0.0,0.0,0.0,0.0,0,0.0,0.005688922133453733,55
7227.103983937,30.09000000001379,0,1,0.0,0.0,0.0,0.0,0.0,0.0,0,0.0,0.0056888748089825025,57
7227.113863966,30.100000000013804,0,1,0.0,0.0,0.0,0.0,0.0,0.0,0,0.0,0.005688829857028788,57
7227.124615049,30.110000000013816,0,1,0.0,0.0,0.0,0.0,0.0,0.0,0,0.0,0.005688787158923958,57
7227.134233337,30.120000000013828,0,1,0.0,0.0,0.0,0.0,0.0,0.0,0,0.0,0.005688746601925532,62
7227.143987705,30.13000000001384,0,1,0.0,0.0,0.0,0.0,0.0,0.0,0,0.0,0.005688708078919857,62
7227.154159032,30.140000000013853,0,1,0.0,0.0,0.0,0.0,0.0,0.0,0,0.0,0.0056886714881430045,63
7227.164159041,30.150000000013865,0,1,0.0,0.0,0.0,0.0,0.0,0.0,0,0.0,0.005688636732912533,66
7227.173741324,30.160000000013877,0,1,0.0,0.0,0.0,0.0,0.0,0.0,0,0.0,0.005688603721375918,66
7227.18377407,30.17000000001389,0,1,0.0,0.0,0.0,0.0,0.0,0.0,0,0.0,0.00568857236626874,66
7227.193761724,30.1800000000139,0,1,0.0,0.0,0.0,0.0,0.0,0.0,0,0.0,0.005688542584686429,66
7227.203774603,30.190000000013914,0,1,0.0,0.0,0.0,0.0,0.0,0.0,0,0.0,0.005688514297864877,69
7227.213742719,30.200000000013926,0,1,0.0,0.0,0.0,0.0,0.0,0.0,0,0.0,0.005688487430976608,69
7227.223798799,30.210000000013938,0,1,0.0,0.0,0.0,0.0,0.0,0.0,0,0.0,0.0056884619129329295,69
7227.233767755,30.22000000001395,0,1,0.0,0.0,0.0,0.0,0.0,0.0,0,0.0,0.005688437676198088,72
7227.243799563,30.230000000013963,0,1,0.0,0.0,0.0,0.0,0.0,0.0,0,0.0,0.005688414656610297,72
7227.253785634,30.240000000013975,0,1,0.0,0.0,0.0,0.0,0.0,0.0,0,0.0,0.0056883927932163125,72
7227.265506576,30.250000000013987,0,1,0.0,0.0,0.0,0.0,0.0,0.0,0,0.0,0.005688372028108679,73
7227.274011033,30.260000000014,0,1,0.0,0.0,0.0,0.0,0.0,0.0,0,0.0,0.005688352306274291,75
7227.284151061,30.27000000001401,0,1,0.0,0.0,0.0,0.0,0.0,0.0,0,0.0,0.005688333575452731,75
7227.293916365,30.280000000014024,0,1,0.0,0.0,0.0,0.0,0.0,0.0,0,0.0,0.005688315785993048,75
7227.303800214,30.290000000014036,0,1,0.0,0.0,0.0,0.0,0.0,0.0,0,0.0,0.005688298890729193,77
7227.31426181,30.300000000014048,0,1,0.0,0.0,0.0,0.0,0.0,0.0,0,0.0,0.005688282844853676,77
7227.323851762,30.31000000001406,0,1,0.0,0.0,0.0,0.0,0.0,0.0,0,0.0,0.005688267605798547,77
7227.334261299,30.320000000014073,0,1,0.0,0.0,0.0,0.0,0.0,0.0,0,0.0,0.005688253133126153,80
7227.343967828,30.330000000014085,0,1,0.0,0.0,0.0,0.0,0.0,0.0,0,0.0,0.0056882393884214455,80
7227.35390046,30.340000000014097,0,1,0.0,0.0,0.0,0.0,0.0,0.0,0,0.0,0.005688226335189617,80
7227.364017666,30.35000000001411,0,1,0.0,0.0,0.0,0.0,0.0,0.0,0,0.0,0.005688213938763065,80
7227.3738292,30.36000000001412,0,1,0.0,0.0,0.0,0.0,0.0,0.0,0,0.0,0.00568820216620769,83
7227.383811191,30.370000000014134,0,1,0.0,0.0,0.0,0.0,0.0,0.0,0,0.0,0.005688190986237629,83
7227.393701812,30.380000000014146,0,1,0.0,0.0,0.0,0.0,0.0,0.0,0,0.0,0.0056881803691331,83
7227.403799139,30.390000000014158,0,1,0.0,0.0,0.0,0.0,0.0,0.0,0,0.0,0.0056881702866604655,86
7227.413911417,30.40000000001417,0,1,0.0,0.0,0.0,0.0,0.0,0.0,0,0.0,0.005688160711999624,86
7227.423700115,30.410000000014183,0,1,0.0,0.0,0.0,0.0,0.0,0.0,0,0.0,0.005688151619672954,86
7227.436821967,30.420000000014195,0,1,0.0,0.0,0.0,0.0,0.0,0.0,0,0.0,0.005688142985478262,87
7227.443922722,30.430000000014207,0,1,0.0,0.0,0.0,0.0,0.0,0.0,0,0.0,0.0056881347864246035,90
7227.453732734,30.44000000001422,0,1,0.0,0.0,0.0,0.0,0.0,0.0,0,0.0,0.005688127000672338,90
7227.463737924,30.45000000001423,0,1,0.0,0.0,0.0,0.0,0.0,0.0,0,0.0,0.005688119607474951,90
7227.473725081,30.460000000014244,0,1,0.0,0.0,0.0,0.0,0.0,0.0,0,0.0,0.005688112587125094,0
7227.483780307,30.470000000014256,0,1,0.0,0.0,0.0,0.0,0.0,0.0,0,0.0,0.005688105920902409,0
7227.493743996,30.480000000014268,0,1,0.0,0.0,0.0,0.0,0.0,0.0,0,0.0,0.005688099591023343,0
7227.503947562,30.49000000001428,0,1,0.0,0.0,0.0,0.0,0.0,0.0,0,0.0,0.005688093580596076,3
7227.513740955,30.500000000014293,0,1,0.0,0.0,0.0,0.0,0.0,0.0,0,0.0,0.005688087873574554,3
7227.523717296,30.510000000014305,0,1,0.0,0.0,0.0,0.0,0.0,0.0,0,0.0,0.005688082454716081,3
7227.53372189,30.520000000014317,0,1,0.0,0.0,0.0,0.0,0.0,0.0,0,0.0,0.005688077309542017,3
7227.54374504,30.53000000001433,0,1,0.0,0.0,0.0,0.0,0.0,0.0,0,0.0,0.00568807242429914,5
7227.553758731,30.54000000001434,0,1,0.0,0.0,0.0,0.0,0.0,0.0,0,0.0,0.005688067785923234,5
7227.563738035,30.550000000014354,0,1,0.0,0.0,0.0,0.0,0.0,0.0,0,0.0,0.005688063382005115,5
7227.573788457,30.560000000014366,0,1,0.0,0.0,0.0,0.0,0.0,0.0,0,0.0,0.005688059200757101,7
7227.583770213,30.570000000014378,0,1,0.0,0.0,0.0,0.0,0.0,0.0,0,0.0,0.005688055230983258,7
7227.593766991,30.58000000001439,0,1,0.0,0.0,0.0,0.0,0.0,0.0,0,0.0,0.00568805146204765,7
7227.605147305,30.590000000014403,0,1,0.0,0.0,0.0,0.0,0.0,0.0,0,0.0,0.005688047883848357,8
7227.61376642,30.600000000014415,0,1,0.0,0.0,0.0,0.0,0.0,0.0,0,0.0,0.005688044486789501,9
7227.62373654,30.610000000014427,0,1,0.0,0.0,0.0,0.0,0.0,0.0,0,0.0,0.005688041261756593,9
7227.63371467,30.62000000001444,0,1,0.0,0.0,0.0,0.0,0.0,0.0,0,0.0,0.00568803820009256,9
7227.643737043,30.63000000001445,0,1,0.0,0.0,0.0,0.0,0.0,0.0,0,0.0,0.005688035293574201,12
7227.653763354,30.640000000014464,0,1,0.0,0.0,0.0,0.0,0.0,0.0,0,0.0,0.005688032534390652,12
7227.663760245,30.650000000014476,0,1,0.0,0.0,0.0,0.0,0.0,0.0,0,0.0,0.005688029915123183,12
7227.673823165,30.660000000014488,0,1,0.0,0.0,0.0,0.0,0.0,0.0,0,0.0,0.005688027428724762,15
7227.68372558,30.6700000000145,0,1,0.0,0.0,0.0,0.0,0.0,0.0,0,0.0,0.005688025068502522,15
7227.693767501,30.680000000014513,0,1,0.0,0.0,0.0,0.0,0.0,0.0,0,0.0,0.005688022828099548,15
7227.70391347,30.690000000014525,0,1,0.0,0.0,0.0,0.0,0.0,0.0,0,0.0,0.0056880207014775586,15
7227.713780541,30.700000000014537,0,1,0.0,0.0,0.0,0.0,0.0,0.0,0,0.0,0.0056880186829015855,17
7227.723719691,30.71000000001455,0,1,0.0,0.0,0.0,0.0,0.0,0.0,0,0.0,0.005688016766923765,17
7227.733732411,30.72000000001456,0,1,0.0,0.0,0.0,0.0,0.0,0.0,0,0.0,0.005688014948370679,17
7227.743782853,30.730000000014574,0,1,0.0,0.0,0.0,0.0,0.0,0.0,0,0.0,0.005688013222328925,19
7227.753813297,30.740000000014586,0,1,0.0,0.0,0.0,0.0,0.0,0.0,0,0.0,0.005688011584131347,19
7227.763720908,30.750000000014598,0,1,0.0,0.0,0.0,0.0,0.0,0.0,0,0.0,0.0056880100293450475,19
7227.775811692,30.76000000001461,0,1,0.0,0.0,0.0,0.0,0.0,0.0,0,0.0,0.005688008553759616,20
7227.783771321,30.770000000014623,0,1,0.0,0.0,0.0,0.0,0.0,0.0,0,0.0,0.005688007153376917,23
7227.793721924,30.780000000014635,0,1,0.0,0.0,0.0,0.0,0.0,0.0,0,0.0,0.0056880058243993226,23
7227.803727649,30.790000000014647,0,1,0.0,0.0,0.0,0.0,0.0,0.0,0,0.0,0.005688004563219939,23
7227.81385811,30.80000000001466,0,1,0.0,0.0,0.0,0.0,0.0,0.0,0,0.0,0.005688003366413508,25
7227.823709943,30.81000000001467,0,1,0.0,0.0,0.0,0.0,0.0,0.0,0,0.0,0.005688002230726186,25
7227.833744238,30.820000000014684,0,1,0.0,0.0,0.0,0.0,0.0,0.0,0,0.0,0.005688001153068445,25
7227.843771631,30.830000000014696,0,1,0.0,0.0,0.0,0.0,0.0,0.0,0,0.0,0.005688000130505744,28
7227.853835442,30.840000000014708,0,1,0.0,0.0,0.0,0.0,0.0,0.0,0,0.0,0.0056879991602520885,28
7227.863889362,30.85000000001472,0,1,0.0,0.0,0.0,0.0,0.0,0.0,0,0.0,0.0056879982396600415,28
7227.87373057,30.860000000014733,0,1,0.0,0.0,0.0,0.0,0.0,0.0,0,0.0,0.005687997366215836,28
7227.883722539,30.870000000014745,0,1,0.0,0.0,0.0,0.0,0.0,0.0,0,0.0,0.005687996537533602,31
7227.893728027,30.880000000014757,0,1,0.0,0.0,0.0,0.0,0.0,0.0,0,0.0,0.005687995751345376,31
7227.903748683,30.89000000001477,0,1,0.0,0.0,0.0,0.0,0.0,0.0,0,0.0,0.005687995005499102,31
7227.913756885,30.90000000001478,0,1,0.0,0.0,0.0,0.0,0.0,0.0,0,0.0,0.005687994297949972,34
7227.923795565,30.910000000014794,0,1,0.0,0.0,0.0,0.0,0.0,0.0,0,0.0,0.005687993626756427,34
7227.933755293,30.920000000014806,0,1,0.0,0.0,0.0,0.0,0.0,0.0,0,0.0,0.0056879929900750525,34
7227.946322491,30.930000000014818,0,1,0.0,0.0,0.0,0.0,0.0,0.0,0,0.0,0.005687992386154805,35
7227.95371685,30.94000000001483,0,1,0.0,0.0,0.0,0.0,0.0,0.0,0,0.0,0.005687991813333015,38
7227.963724398,30.950000000014843,0,1,0.0,0.0,0.0,0.0,0.0,0.0,0,0.0,0.005687991270030723,38
7227.973747239,30.960000000014855,0,1,0.0,0.0,0.0,0.0,0.0,0.0,0,0.0,0.005687990754748684,38
7227.983732174,30.970000000014867,0,1,0.0,0.0,0.0,0.0,0.0,0.0,0,0.0,0.005687990266063592,42
7227.993740416,30.98000000001488,0,1,0.0,0.0,0.0,0.0,0.0,0.0,0,0.0,0.0056879898026227504,42
7228.003734447,30.99000000001489,0,1,0.0,0.0,0.0,0.0,0.0,0.0,0,0.0,0.0056879893631429645,42
7228.013720652,31.000000000014904,0,1,0.0,0.0,0.0,0.0,0.0,0.0,0,0.0,0.005687988946404987,44
7228.023723628,31.010000000014916,0,1,0.0,0.0,0.0,0.0,0.0,0.0,0,0.0,0.005687988551251744,44
7228.033703162,31.020000000014928,0,1,0.0,0.0,0.0,0.0,0.0,0.0,0,0.0,0.005687988176584113,44
7228.043754869,31.03000000001494,0,1,0.0,0.0,0.0,0.0,0.0,0.0,0,0.0,0.005687987821358709,44
7228.053726762,31.040000000014953,0,1,0.0,0.0,0.0,0.0,0.0,0.0,0,0.0,0.0056879874845838785,46
7228.063759224,31.050000000014965,0,1,0.0,0.0,0.0,0.0,0.0,0.0,0,0.0,0.005687987165319042,46
7228.073684049,31.060000000014977,0,1,0.0,0.0,0.0,0.0,0.0,0.0,0,0.0,0.005687986862670913,46
7228.083827189,31.07000000001499,0,1,0.0,0.0,0.0,0.0,0.0,0.0,0,0.0,0.005687986575791504,48
7228.0937277,31.080000000015,0,1,0.0,0.0,0.0,0.0,0.0,0.0,0,0.0,0.0056879863038754586,48
7228.103782295,31.090000000015014,0,1,0.0,0.0,0.0,0.0,0.0,0.0,0,0.0,0.005687986046158056,48
7228.116539514,31.100000000015026,0,1,0.0,0.0,0.0,0.0,0.0,0.0,0,0.0,0.005687985801913431,49
7228.123768963,31.110000000015038,0,1,0.0,0.0,0.0,0.0,0.0,0.0,0,0.0,0.0056879855704523585,52
7228.133754133,31.12000000001505,0,1,0.0,0.0,0.0,0.0,0.0,0.0,0,0.0,0.0056879853511202505,52
7228.143737626,31.130000000015063,0,1,0.0,0.0,0.0,0.0,0.0,0.0,0,0.0,0.005687985143296048,52
7228.153760139,31.140000000015075,0,1,0.0,0.0,0.0,0.0,0.0,0.0,0,0.0,0.005687984946389779,54
7228.163698561,31.150000000015087,0,1,0.0,0.0,0.0,0.0,0.0,0.0,0,0.0,0.005687984759842113,54
7228.173876089,31.1600000000151,0,1,0.0,0.0,0.0,0.0,0.0,0.0,0,0.0,0.005687984583121253,54
7228.184781344,31.17000000001511,0,1,0.0,0.0,0.0,0.0,0.0,0.0,0,0.0,0.005687984415722047,57
7228.193779511,31.180000000015124,0,1,0.0,0.0,0.0,0.0,0.0,0.0,0,0.0,0.00568798425716599,58
7228.203752692,31.190000000015136,0,1,0.0,0.0,0.0,0.0,0.0,0.0,0,0.0,0.005687984106998778,58
7228.213790221,31.200000000015148,0,1,0.0,0.0,0.0,0.0,0.0,0.0,0,0.0,0.005687983964788312,58
7228.22379976,31.21000000001516,0,1,0.0,0.0,0.0,0.0,0.0,0.0,0,0.0,0.005687983830124921,61
7228.233720177,31.220000000015173,0,1,0.0,0.0,0.0,0.0,0.0,0.0,0,0.0,0.005687983702619581,61
7228.243788947,31.230000000015185,0,1,0.0,0.0,0.0,0.0,0.0,0.0,0,0.0,0.005687983581903033,61
7228.253707598,31.240000000015197,0,1,0.0,0.0,0.0,0.0,0.0,0.0,0,0.0,0.005687983467625335,64
7228.263911195,31.25000000001521,0,1,0.0,0.0,0.0,0.0,0.0,0.0,0,0.0,0.005687983359453419,64
7228.273769127,31.26000000001522,0,1,0.0,0.0,0.0,0.0,0.0,0.0,0,0.0,0.00568798325707176,64
7228.285665549,31.270000000015234,0,1,0.0,0.0,0.0,0.0,0.0,0.0,0,0.0,0.005687983160180821,65
7228.293695548,31.280000000015246,0,1,0.0,0.0,0.0,0.0,0.0,0.0,0,0.0,0.005687983068495939,67
7228.303720204,31.290000000015258,0,1,0.0,0.0,0.0,0.0,0.0,0.0,0,0.0,0.00568798298174733,67
7228.313705709,31.30000000001527,0,1,0.0,0.0,0.0,0.0,0.0,0.0,0,0.0,0.0056879828996792,67
7228.323710908,31.310000000015282,0,1,0.0,0.0,0.0,0.0,0.0,0.0,0,0.0,0.0056879828220477435,71
7228.33370707,31.320000000015295,0,1,0.0,0.0,0.0,0.0,0.0,0.0,0,0.0,0.0056879827486227,71
7228.3437091,31.330000000015307,0,1,0.0,0.0,0.0,0.0,0.0,0.0,0,0.0,0.005687982679184911,71
7228.354121928,31.34000000001532,0,1,0.0,0.0,0.0,0.0,0.0,0.0,0,0.0,0.005687982613526987,74
7228.363719078,31.35000000001533,0,1,0.0,0.0,0.0,0.0,0.0,0.0,0,0.0,0.0056879825514517535,74
7228.373777111,31.360000000015344,0,1,0.0,0.0,0.0,0.0,0.0,0.0,0,0.0,0.005687982492772026,74
7228.383717667,31.370000000015356,0,1,0.0,0.0,0.0,0.0,0.0,0.0,0,0.0,0.005687982437310168,74
7228.393723485,31.380000000015368,0,1,0.0,0.0,0.0,0.0,0.0,0.0,0,0.0,0.00568798238489765,77
7228.403791729,31.39000000001538,0,1,0.0,0.0,0.0,0.0,0.0,0.0,0,0.0,0.005687982335374819,77
7228.413714254,31.400000000015392,0,1,0.0,0.0,0.0,0.0,0.0,0.0,0,0.0,0.005687982288590465,77
7228.424069614,31.410000000015405,0,1,0.0,0.0,0.0,0.0,0.0,0.0,0,0.0,0.005687982244400036,79
7228.433757363,31.420000000015417,0,1,0.0,0.0,0.0,0.0,0.0,0.0,0,0.0,0.005687982202667863,79
7228.443701737,31.43000000001543,0,1,0.0,0.0,0.0,0.0,0.0,0.0,0,0.0,0.005687982163263827,79
7228.455324974,31.44000000001544,0,1,0.0,0.0,0.0,0.0,0.0,0.0,0,0.0,0.005687982126065139,80
7228.463814779,31.450000000015454,0,1,0.0,0.0,0.0,0.0,0.0,0.0,0,0.0,0.005687982090955446,81
7228.473817658,31.460000000015466,0,1,0.0,0.0,0.0,0.0,0.0,0.0,0,0.0,0.005687982057824392,0
7228.483805496,31.470000000015478,0,1,0.0,0.0,0.0,0.0,0.0,0.0,0,0.0,0.005687982026567173,0
7228.493700468,31.48000000001549,0,1,0.0,0.0,0.0,0.0,0.0,0.0,0,0.0,0.005687981997084313,2
7228.503684754,31.490000000015502,0,1,0.0,0.0,0.0,0.0,0.0,0.0,0,0.0,0.005687981969280775,2
7228.513723452,31.500000000015515,0,1,0.0,0.0,0.0,0.0,0.0,0.0,0,0.0,0.005687981943067966,2
7228.523751266,31.510000000015527,0,1,0.0,0.0,0.0,0.0,0.0,0.0,0,0.0,0.005687981918360618,5
7228.533714541,31.52000000001554,0,1,0.0,0.0,0.0,0.0,0.0,0.0,0,0.0,0.0056879818950787975,5
7228.543792267,31.53000000001555,0,1,0.0,0.0,0.0,0.0,0.0,0.0,0,0.0,0.0056879818731456755,5
7228.553769794,31.540000000015564,0,1,0.0,0.0,0.0,0.0,0.0,0.0,0,0.0,0.00568798185248931,5
7228.563746177,31.550000000015576,0,1,0.0,0.0,0.0,0.0,0.0,0.0,0,0.0,0.005687981833041089,8
7228.573714576,31.560000000015588,0,1,0.0,0.0,0.0,0.0,0.0,0.0,0,0.0,0.005687981814735732,8
7228.583754386,31.5700000000156,0,1,0.0,0.0,0.0,0.0,0.0,0.0,0,0.0,0.005687981797511954,8
7228.593723565,31.580000000015612,0,1,0.0,0.0,0.0,0.0,0.0,0.0,0,0.0,0.0056879817813109135,12
7228.603766571,31.590000000015625,0,1,0.0,0.0,0.0,0.0,0.0,0.0,0,0.0,0.005687981766077099,12
7228.613732795,31.600000000015637,0,1,0.0,0.0,0.0,0.0,0.0,0.0,0,0.0,0.005687981751758109,12
7228.625562982,31.61000000001565,0,1,0.0,0.0,0.0,0.0,0.0,0.0,0,0.0,0.005687981738304204,13
7228.633732716,31.62000000001566,0,1,0.0,0.0,0.0,0.0,0.0,0.0,0,0.0,0.005687981725668312,15
7228.643708879,31.630000000015674,0,1,0.0,0.0,0.0,0.0,0.0,0.0,0,0.0,0.005687981713805579,15
7228.653784401,31.640000000015686,0,1,0.0,0.0,0.0,0.0,0.0,0.0,0,0.0,0.0056879817026733726,15
7228.663769453,31.650000000015698,0,1,0.0,0.0,0.0,0.0,0.0,0.0,0,0.0,0.005687981692231947,18
7228.67377734,31.66000000001571,0,1,0.0,0.0,0.0,0.0,0.0,0.0,0,0.0,0.005687981682442889,18
7228.683708908,31.670000000015722,0,1,0.0,0.0,0.0,0.0,0.0,0.0,0,0.0,0.005687981673270448,18
7228.693710283,31.680000000015735,0,1,0.0,0.0,0.0,0.0,0.0,0.0,0,0.0,0.00568798166468043,20
7228.703729319,31.690000000015747,0,1,0.0,0.0,0.0,0.0,0.0,0.0,0,0.0,0.005687981656640417,20
7228.71370727,31.70000000001576,0,1,0.0,0.0,0.0,0.0,0.0,0.0,0,0.0,0.0056879816491193225,20
7228.723811179,31.71000000001577,0,1,0.0,0.0,0.0,0.0,0.0,0.0,0,0.0,0.005687981642088058,20
7228.733735998,31.720000000015784,0,1,0.0,0.0,0.0,0.0,0.0,0.0,0,0.0,0.005687981635519979,22
7228.743788111,31.730000000015796,0,1,0.0,0.0,0.0,0.0,0.0,0.0,0,0.0,0.005687981629388217,22
7228.7538213,31.740000000015808,0,1,0.0,0.0,0.0,0.0,0.0,0.0,0,0.0,0.005687981623667904,22
7228.763782336,31.75000000001582,0,1,0.0,0.0,0.0,0.0,0.0,0.0,0,0.0,0.005687981618336835,25
7228.773850645,31.760000000015832,0,1,0.0,0.0,0.0,0.0,0.0,0.0,0,0.0,0.005687981613371695,25
7228.783790789,31.770000000015845,0,1,0.0,0.0,0.0,0.0,0.0,0.0,0,0.0,0.005687981608751835,25
7228.795485785,31.780000000015857,0,1,0.0,0.0,0.0,0.0,0.0,0.0,0,0.0,0.005687981604458159,26
7228.803773526,31.79000000001587,0,1,0.0,0.0,0.0,0.0,0.0,0.0,0,0.0,0.005687981600470904,28
7228.813769107,31.80000000001588,0,1,0.0,0.0,0.0,0.0,0.0,0.0,0,0.0,0.005687981596772973,28
7228.823754983,31.810000000015894,0,1,0.0,0.0,0.0,0.0,0.0,0.0,0,0.0,0.005687981593346603,28
7228.833764947,31.820000000015906,0,1,0.0,0.0,0.0,0.0,0.0,0.0,0,0.0,0.00568798159017736,30
7228.843839604,31.830000000015918,0,1,0.0,0.0,0.0,0.0,0.0,0.0,0,0.0,0.005687981587249036,30
7228.853829573,31.84000000001593,0,1,0.0,0.0,0.0,0.0,0.0,0.0,0,0.0,0.005687981584547863,30
7228.864749825,31.850000000015942,0,1,0.0,0.0,0.0,0.0,0.0,0.0,0,0.0,0.005687981582059853,33
7228.873804061,31.860000000015955,0,1,0.0,0.0,0.0,0.0,0.0,0.0,0,0.0,0.005687981579772794,34
7228.883758556,31.870000000015967,0,1,0.0,0.0,0.0,0.0,0.0,0.0,0,0.0,0.005687981577674472,34
7228.893823043,31.88000000001598,0,1,0.0,0.0,0.0,0.0,0.0,0.0,0,0.0,0.0056879815757533425,34
7228.903829631,31.89000000001599,0,1,0.0,0.0,0.0,0.0,0.0,0.0,0,0.0,0.005687981573998746,37
7228.913757577,31.900000000016004,0,1,0.0,0.0,0.0,0.0,0.0,0.0,0,0.0,0.005687981572400469,37
7228.923843469,31.910000000016016,0,1,0.0,0.0,0.0,0.0,0.0,0.0,0,0.0,0.005687981570948963,37
7228.933802114,31.920000000016028,0,1,0.0,0.0,0.0,0.0,0.0,0.0,0,0.0,0.005687981569634459,39
7228.943786525,31.93000000001604,0,1,0.0,0.0,0.0,0.0,0.0,0.0,0,0.0,0.005687981568449407,39
7228.953734969,31.940000000016052,0,1,0.0,0.0,0.0,0.0,0.0,0.0,0,0.0,0.0056879815673853695,39
7228.965438935,31.950000000016065,0,1,0.0,0.0,0.0,0.0,0.0,0.0,0,0.0,0.005687981566433908,40
7228.973760513,31.960000000016077,0,1,0.0,0.0,0.0,0.0,0.0,0.0,0,0.0,0.005687981565589251,41
7228.98369989,31.97000000001609,0,1,0.0,0.0,0.0,0.0,0.0,0.0,0,0.0,0.005687981564843403,41
7228.993727048,31.9800000000161,0,1,0.0,0.0,0.0,0.0,0.0,0.0,0,0.0,0.005687981564190592,41
7229.003744169,31.990000000016114,0,1,0.0,0.0,0.0,0.0,0.0,0.0,0,0.0,0.005687981563624156,44
7229.013767957,32.00000000001612,0,1,0.0,0.0,0.0,0.0,0.0,0.0,0,0.0,0.0056879815631387665,44
7229.023753276,32.0100000000161,0,1,0.0,0.0,0.0,0.0,0.0,0.0,0,0.0,0.005687981562728428,44
7229.033685181,32.020000000016076,0,1,0.0,0.0,0.0,0.0,0.0,0.0,0,0.0,0.0056879815623887,47
7229.043761838,32.03000000001605,0,1,0.0,0.0,0.0,0.0,0.0,0.0,0,0.0,0.0056879815621138086,47
7229.053764737,32.04000000001603,0,1,0.0,0.0,0.0,0.0,0.0,0.0,0,0.0,0.005687981561900424,47
7229.06375934,32.050000000016006,0,1,0.0,0.0,0.0,0.0,0.0,0.0,0,0.0,0.005687981561743438,47
7229.073733663,32.06000000001598,0,1,0.0,0.0,0.0,0.0,0.0,0.0,0,0.0,0.005687981561639077,49
7229.083797574,32.07000000001596,0,1,0.0,0.0,0.0,0.0,0.0,0.0,0,0.0,0.005687981561583122,49
7229.093753887,32.080000000015936,0,1,0.0,0.0,0.0,0.0,0.0,0.0,0,0.0,0.00568798156157202,49
7229.103743978,32.09000000001591,0,1,0.0,0.0,0.0,0.0,0.0,0.0,0,0.0,0.005687981561603328,52
7229.113789045,32.10000000001589,0,1,0.0,0.0,0.0,0.0,0.0,0.0,0,0.0,0.005687981561673272,52
7229.123846529,32.110000000015866,0,1,0.0,0.0,0.0,0.0,0.0,0.0,0,0.0,0.005687981561778743,52
7229.136891446,32.12000000001584,0,1,0.0,0.0,0.0,0.0,0.0,0.0,0,0.0,0.005687981561917077,53
7229.143756304,32.13000000001582,0,1,0.0,0.0,0.0,0.0,0.0,0.0,0,0.0,0.005687981562085609,56
7229.153800018,32.140000000015796,0,1,0.0,0.0,0.0,0.0,0.0,0.0,0,0.0,0.005687981562281896,56
7229.163738027,32.15000000001577,0,1,0.0,0.0,0.0,0.0,0.0,0.0,0,0.0,0.005687981562503497,56
7229.173755602,32.16000000001575,0,1,0.0,0.0,0.0,0.0,0.0,0.0,0,0.0,0.005687981562748856,59
7229.183709505,32.170000000015726,0,1,0.0,0.0,0.0,0.0,0.0,0.0,0,0.0,0.0056879815630146435,59
7229.19374364,32.1800000000157,0,1,0.0,0.0,0.0,0.0,0.0,0.0,0,0.0,0.005687981563299527,59
7229.203909715,32.19000000001568,0,1,0.0,0.0,0.0,0.0,0.0,0.0,0,0.0,0.0056879815636019515,62
7229.21381243,32.200000000015656,0,1,0.0,0.0,0.0,0.0,0.0,0.0,0,0.0,0.005687981563919919,62
7229.223748548,32.21000000001563,0,1,0.0,0.0,0.0,0.0,0.0,0.0,0,0.0,0.005687981564251876,62
7229.233727567,32.22000000001561,0,1,0.0,0.0,0.0,0.0,0.0,0.0,0,0.0,0.005687981564596267,62
7229.243754002,32.230000000015586,0,1,0.0,0.0,0.0,0.0,0.0,0.0,0,0.0,0.005687981564951761,65
7229.253746351,32.24000000001556,0,1,0.0,0.0,0.0,0.0,0.0,0.0,0,0.0,0.005687981565317246,65
7229.263783059,32.25000000001554,0,1,0.0,0.0,0.0,0.0,0.0,0.0,0,0.0,0.005687981565691391,65
7229.273771323,32.260000000015516,0,1,0.0,0.0,0.0,0.0,0.0,0.0,0,0.0,0.005687981566072864,68
7229.283787762,32.27000000001549,0,1,0.0,0.0,0.0,0.0,0.0,0.0,0,0.0,0.005687981566460998,68
7229.293782528,32.28000000001547,0,1,0.0,0.0,0.0,0.0,0.0,0.0,0,0.0,0.005687981566854461,68
7229.30604146,32.290000000015446,0,1,0.0,0.0,0.0,0.0,0.0,0.0,0,0.0,0.005687981567252587,69
7229.313742511,32.30000000001542,0,1,0.0,0.0,0.0,0.0,0.0,0.0,0,0.0,0.0056879815676542655,71
7229.323731772,32.3100000000154,0,1,0.0,0.0,0.0,0.0,0.0,0.0,0,0.0,0.005687981568058831,71
7229.333827138,32.320000000015376,0,1,0.0,0.0,0.0,0.0,0.0,0.0,0,0.0,0.0056879815684651724,71
7229.343757337,32.33000000001535,0,1,0.0,0.0,0.0,0.0,0.0,0.0,0,0.0,0.0056879815688737345,74
7229.3537746,32.34000000001533,0,1,0.0,0.0,0.0,0.0,0.0,0.0,0,0.0,0.005687981569282297,74
7229.363726611,32.35000000001531,0,1,0.0,0.0,0.0,0.0,0.0,0.0,0,0.0,0.005687981569690859,74
7229.373763033,32.36000000001528,0,1,0.0,0.0,0.0,0.0,0.0,0.0,0,0.0,0.005687981570099421,76
7229.383710029,32.37000000001526,0,1,0.0,0.0,0.0,0.0,0.0,0.0,0,0.0,0.005687981570507095,76
7229.394947656,32.38000000001524,0,1,0.0,0.0,0.0,0.0,0.0,0.0,0,0.0,0.005687981570913436,78
7229.404799517,32.39000000001521,0,1,0.0,0.0,0.0,0.0,0.0,0.0,0,0.0,0.0056879815713177795,79
7229.421169003,32.40000000001519,0,1,0.0,0.0,0.0,0.0,0.0,0.0,0,0.0,0.005687981571720124,81
7229.431169462,32.41000000001517,0,1,0.0,0.0,0.0,0.0,0.0,0.0,0,0.0,0.005687981572119805,83
7229.445835939,32.42000000001514,0,1,0.0,0.0,0.0,0.0,0.0,0.0,0,0.0,0.005687981572516376,86
7229.455617691,32.43000000001512,0,1,0.0,0.0,0.0,0.0,0.0,0.0,0,0.0,0.005687981572910061,88
7229.465580567,32.4400000000151,0,1,0.0,0.0,0.0,0.0,0.0,0.0,0,0.0,0.005687981573299972,88
7229.475900184,32.45000000001507,0,1,0.0,0.0,0.0,0.0,0.0,0.0,0,0.0,0.005687981573686329,2
7229.48547036,32.46000000001505,0,1,0.0,0.0,0.0,0.0,0.0,0.0,0,0.0,0.00568798157406869,2
7229.495689755,32.47000000001503,0,1,0.0,0.0,0.0,0.0,0.0,0.0,0,0.0,0.005687981574446832,3
7229.505570546,32.480000000015,0,1,0.0,0.0,0.0,0.0,0.0,0.0,0,0.0,0.005687981574820533,5
7229.521525326,32.49000000001498,0,1,0.0,0.0,0.0,0.0,0.0,0.0,0,0.0,0.005687981575189793,6
7229.531567741,32.50000000001496,0,1,0.0,0.0,0.0,0.0,0.0,0.0,0,0.0,0.0056879815755543905,7
7229.545203112,32.510000000014934,0,1,0.0,0.0,0.0,0.0,0.0,0.0,0,0.0,0.005687981575914325,9
7229.551532704,32.52000000001491,0,1,0.0,0.0,0.0,0.0,0.0,0.0,0,0.0,0.005687981576269374,13
7229.561516888,32.53000000001489,0,1,0.0,0.0,0.0,0.0,0.0,0.0,0,0.0,0.0056879815766193165,13
7229.571485642,32.540000000014864,0,1,0.0,0.0,0.0,0.0,0.0,0.0,0,0.0,0.00568798157696393,13
7229.581460767,32.55000000001484,0,1,0.0,0.0,0.0,0.0,0.0,0.0,0,0.0,0.005687981577303658,15
7229.591490674,32.56000000001482,0,1,0.0,0.0,0.0,0.0,0.0,0.0,0,0.0,0.005687981577638057,15
7229.601510371,32.570000000014794,0,1,0.0,0.0,0.0,0.0,0.0,0.0,0,0.0,0.005687981577967127,15
7229.611713587,32.58000000001477,0,1,0.0,0.0,0.0,0.0,0.0,0.0,0,0.0,0.005687981578290868,18
7229.621479413,32.59000000001475,0,1,0.0,0.0,0.0,0.0,0.0,0.0,0,0.0,0.005687981578609502,18
7229.631499796,32.600000000014724,0,1,0.0,0.0,0.0,0.0,0.0,0.0,0,0.0,0.005687981578922585,18
7229.641451056,32.6100000000147,0,1,0.0,0.0,0.0,0.0,0.0,0.0,0,0.0,0.005687981579230339,18
7229.651503752,32.62000000001468,0,1,0.0,0.0,0.0,0.0,0.0,0.0,0,0.0,0.005687981579532764,20
7229.661482713,32.630000000014654,0,1,0.0,0.0,0.0,0.0,0.0,0.0,0,0.0,0.005687981579829859,20
7229.67150086,32.64000000001463,0,1,0.0,0.0,0.0,0.0,0.0,0.0,0,0.0,0.005687981580121404,20
7229.681484788,32.65000000001461,0,1,0.0,0.0,0.0,0.0,0.0,0.0,0,0.0,0.0056879815804078415,23
7229.691470648,32.660000000014584,0,1,0.0,0.0,0.0,0.0,0.0,0.0,0,0.0,0.005687981580688728,23
7229.701498342,32.67000000001456,0,1,0.0,0.0,0.0,0.0,0.0,0.0,0,0.0,0.005687981580964507,23
7229.713651721,32.68000000001454,0,1,0.0,0.0,0.0,0.0,0.0,0.0,0,0.0,0.005687981581234958,24
7229.721462523,32.690000000014514,0,1,0.0,0.0,0.0,0.0,0.0,0.0,0,0.0,0.005687981581500079,26
7229.73146785,32.70000000001449,0,1,0.0,0.0,0.0,0.0,0.0,0.0,0,0.0,0.005687981581760093,26
7229.741461525,32.71000000001447,0,1,0.0,0.0,0.0,0.0,0.0,0.0,0,0.0,0.005687981582015,26
7229.751551033,32.720000000014444,0,1,0.0,0.0,0.0,0.0,0.0,0.0,0,0.0,0.0056879815822648006,29
7229.76156266,32.73000000001442,0,1,0.0,0.0,0.0,0.0,0.0,0.0,0,0.0,0.005687981582509494,29
7229.771578669,32.7400000000144,0,1,0.0,0.0,0.0,0.0,0.0,0.0,0,0.0,0.005687981582749302,29
7229.781435979,32.750000000014374,0,1,0.0,0.0,0.0,0.0,0.0,0.0,0,0.0,0.005687981582984225,32
7229.79153131,32.76000000001435,0,1,0.0,0.0,0.0,0.0,0.0,0.0,0,0.0,0.005687981583214263,33
7229.80150867,32.77000000001433,0,1,0.0,0.0,0.0,0.0,0.0,0.0,0,0.0,0.0056879815834394165,33
7229.811582611,32.780000000014304,0,1,0.0,0.0,0.0,0.0,0.0,0.0,0,0.0,0.005687981583659907,33
7229.821515022,32.79000000001428,0,1,0.0,0.0,0.0,0.0,0.0,0.0,0,0.0,0.005687981583875734,38
7229.831503035,32.80000000001426,0,1,0.0,0.0,0.0,0.0,0.0,0.0,0,0.0,0.005687981584086899,38
7229.841533329,32.810000000014234,0,1,0.0,0.0,0.0,0.0,0.0,0.0,0,0.0,0.005687981584293622,38
7229.851571973,32.82000000001421,0,1,0.0,0.0,0.0,0.0,0.0,0.0,0,0.0,0.005687981584495905,41
7229.861606923,32.83000000001419,0,1,0.0,0.0,0.0,0.0,0.0,0.0,0,0.0,0.0056879815846937465,41
7229.871570163,32.840000000014165,0,1,0.0,0.0,0.0,0.0,0.0,0.0,0,0.0,0.005687981584887147,41
7229.883456795,32.85000000001414,0,1,0.0,0.0,0.0,0.0,0.0,0.0,0,0.0,0.005687981585076551,42
7229.891711967,32.86000000001412,0,1,0.0,0.0,0.0,0.0,0.0,0.0,0,0.0,0.005687981585261737,44
7229.901639826,32.870000000014095,0,1,0.0,0.0,0.0,0.0,0.0,0.0,0,0.0,0.005687981585442703,45
7229.911540006,32.88000000001407,0,1,0.0,0.0,0.0,0.0,0.0,0.0,0,0.0,0.0056879815856194504,45
7229.921487999,32.89000000001405,0,1,0.0,0.0,0.0,0.0,0.0,0.0,0,0.0,0.005687981585792423,51
7229.931610008,32.900000000014025,0,1,0.0,0.0,0.0,0.0,0.0,0.0,0,0.0,0.005687981585961621,52
7229.941491296,32.910000000014,0,1,0.0,0.0,0.0,0.0,0.0,0.0,0,0.0,0.005687981586126822,53
7229.953090043,32.92000000001398,0,1,0.0,0.0,0.0,0.0,0.0,0.0,0,0.0,0.005687981586288027,56
7229.961467622,32.930000000013955,0,1,0.0,0.0,0.0,0.0,0.0,0.0,0,0.0,0.005687981586445678,57
7229.971492575,32.94000000001393,0,1,0.0,0.0,0.0,0.0,0.0,0.0,0,0.0,0.005687981586599777,57
7229.981522621,32.95000000001391,0,1,0.0,0.0,0.0,0.0,0.0,0.0,0,0.0,0.005687981586750324,58
7229.991499004,32.960000000013885,0,1,0.0,0.0,0.0,0.0,0.0,0.0,0,0.0,0.005687981586897539,63
7230.001597474,32.97000000001386,0,1,0.0,0.0,0.0,0.0,0.0,0.0,0,0.0,0.00568798158704098,64
7230.011495994,32.98000000001384,0,1,0.0,0.0,0.0,0.0,0.0,0.0,0,0.0,0.005687981587181312,64
7230.021513512,32.990000000013815,0,1,0.0,0.0,0.0,0.0,0.0,0.0,0,0.0,0.005687981587318092,69
7230.03157096,33.00000000001379,0,1,0.0,0.0,0.0,0.0,0.0,0.0,0,0.0,0.005687981587451985,69
7230.04146662,33.01000000001377,0,1,0.0,0.0,0.0,0.0,0.0,0.0,0,0.0,0.005687981587582325,69
7230.054235899,33.020000000013745,0,1,0.0,0.0,0.0,0.0,0.0,0.0,0,0.0,0.005687981587709778,70
7230.061502359,33.03000000001372,0,1,0.0,0.0,0.0,0.0,0.0,0.0,0,0.0,0.005687981587834345,73
7230.071521148,33.0400000000137,0,1,0.0,0.0,0.0,0.0,0.0,0.0,0,0.0,0.005687981587955804,73
7230.081598402,33.050000000013675,0,1,0.0,0.0,0.0,0.0,0.0,0.0,0,0.0,0.005687981588074376,74
7230.091482983,33.06000000001365,0,1,0.0,0.0,0.0,0.0,0.0,0.0,0,0.0,0.005687981588190283,79
7230.101473058,33.07000000001363,0,1,0.0,0.0,0.0,0.0,0.0,0.0,0,0.0,0.0056879815883030815,79
7230.111521066,33.080000000013605,0,1,0.0,0.0,0.0,0.0,0.0,0.0,0,0.0,0.005687981588413216,79
7230.121432378,33.09000000001358,0,1,0.0,0.0,0.0,0.0,0.0,0.0,0,0.0,0.005687981588520907,82
7230.13148992,33.10000000001356,0,1,0.0,0.0,0.0,0.0,0.0,0.0,0,0.0,0.005687981588625934,82
7230.141517943,33.110000000013535,0,1,0.0,0.0,0.0,0.0,0.0,0.0,0,0.0,0.005687981588728519,82
7230.151541558,33.12000000001351,0,1,0.0,0.0,0.0,0.0,0.0,0.0,0,0.0,0.005687981588828661,82
7230.161436029,33.13000000001349,0,1,0.0,0.0,0.0,0.0,0.0,0.0,0,0.0,0.005687981588926139,87
7230.171456075,33.140000000013465,0,1,0.0,0.0,0.0,0.0,0.0,0.0,0,0.0,0.005687981589021174,87
7230.181510421,33.15000000001344,0,1,0.0,0.0,0.0,0.0,0.0,0.0,0,0.0,0.0056879815891139884,87
7230.191443328,33.16000000001342,0,1,0.0,0.0,0.0,0.0,0.0,0.0,0,0.0,0.005687981589204583,89
7230.201555266,33.170000000013395,0,1,0.0,0.0,0.0,0.0,0.0,0.0,0,0.0,0.005687981589292956,89
7230.211508484,33.18000000001337,0,1,0.0,0.0,0.0,0.0,0.0,0.0,0,0.0,0.00568798158937911,89
7230.223681806,33.19000000001335,0,1,0.0,0.0,0.0,0.0,0.0,0.0,0,0.0,0.005687981589463265,90
7230.231499703,33.200000000013326,0,1,0.0,0.0,0.0,0.0,0.0,0.0,0,0.0,0.005687981589545421,92
7230.241442506,33.2100000000133,0,1,0.0,0.0,0.0,0.0,0.0,0.0,0,0.0,0.005687981589625357,92
7230.251461653,33.22000000001328,0,1,0.0,0.0,0.0,0.0,0.0,0.0,0,0.0,0.005687981589703295,92
7230.261577004,33.230000000013256,0,1,0.0,0.0,0.0,0.0,0.0,0.0,0,0.0,0.005687981589779234,96
7230.271542102,33.24000000001323,0,1,0.0,0.0,0.0,0.0,0.0,0.0,0,0.0,0.005687981589853397,96
7230.28151927,33.25000000001321,0,1,0.0,0.0,0.0,0.0,0.0,0.0,0,0.0,0.0056879815899257835,96
7230.292218161,33.260000000013186,0,1,0.0,0.0,0.0,0.0,0.0,0.0,0,0.0,0.005687981589996394,99
7230.301583188,33.27000000001316,0,1,0.0,0.0,0.0,0.0,0.0,0.0,0,0.0,0.0056879815900652275,99
7230.31148807,33.28000000001314,0,1,0.0,0.0,0.0,0.0,0.0,0.0,0,0.0,0.005687981590132063,99
7230.32146501,33.290000000013116,0,1,0.0,0.0,0.0,0.0,0.0,0.0,0,0.0,0.005687981590197344,99
7230.331445135,33.30000000001309,0,1,0.0,0.0,0.0,0.0,0.0,0.0,0,0.0,0.005687981590261071,103
7230.341460063,33.31000000001307,0,1,0.0,0.0,0.0,0.0,0.0,0.0,0,0.0,0.005687981590323243,103
7230.351477406,33.320000000013046,0,1,0.0,0.0,0.0,0.0,0.0,0.0,0,0.0,0.0056879815903834174,103
7230.361433243,33.33000000001302,0,1,0.0,0.0,0.0,0.0,0.0,0.0,0,0.0,0.005687981590442481,106
7230.371446888,33.340000000013,0,1,0.0,0.0,0.0,0.0,0.0,0.0,0,0.0,0.005687981590500213,106
7230.381470315,33.350000000012976,0,1,0.0,0.0,0.0,0.0,0.0,0.0,0,0.0,0.005687981590555946,106
7230.393530103,33.36000000001295,0,1,0.0,0.0,0.0,0.0,0.0,0.0,0,0.0,0.005687981590610791,107
7230.401544634,33.37000000001293,0,1,0.0,0.0,0.0,0.0,0.0,0.0,0,0.0,0.005687981590664082,109
7230.411427434,33.380000000012906,0,1,0.0,0.0,0.0,0.0,0.0,0.0,0,0.0,0.005687981590715818,109
7230.421471074,33.39000000001288,0,1,0.0,0.0,0.0,0.0,0.0,0.0,0,0.0,0.0056879815907668885,109
7230.431494745,33.40000000001286,0,1,0.0,0.0,0.0,0.0,0.0,0.0,0,0.0,0.005687981590815738,112
7230.441469367,33.410000000012836,0,1,0.0,0.0,0.0,0.0,0.0,0.0,0,0.0,0.005687981590864144,112
7230.451467551,33.42000000001281,0,1,0.0,0.0,0.0,0.0,0.0,0.0,0,0.0,0.005687981590910773,112
7230.462017204,33.43000000001279,0,1,0.0,0.0,0.0,0.0,0.0,0.0,0,0.0,0.0056879815909565146,115
7230.471543304,33.440000000012766,0,1,0.0,0.0,0.0,0.0,0.0,0.0,0,0.0,0.0056879815910009235,115
7230.481496882,33.45000000001274,0,1,0.0,0.0,0.0,0.0,0.0,0.0,0,0.0,0.005687981591044222,0
7230.491468278,33.46000000001272,0,1,0.0,0.0,0.0,0.0,0.0,0.0,0,0.0,0.005687981591086411,0
7230.501528785,33.470000000012696,0,1,0.0,0.0,0.0,0.0,0.0,0.0,0,0.0,0.005687981591127711,5
7230.511534688,33.48000000001267,0,1,0.0,0.0,0.0,0.0,0.0,0.0,0,0.0,0.005687981591167679,5
7230.521523945,33.49000000001265,0,1,0.0,0.0,0.0,0.0,0.0,0.0,0,0.0,0.005687981591206981,5
7230.531947544,33.500000000012626,0,1,0.0,0.0,0.0,0.0,0.0,0.0,0,0.0,0.0056879815912447285,10
7230.541497179,33.5100000000126,0,1,0.0,0.0,0.0,0.0,0.0,0.0,0,0.0,0.005687981591282476,10
7230.551495488,33.52000000001258,0,1,0.0,0.0,0.0,0.0,0.0,0.0,0,0.0,0.005687981591318003,10
7230.563242882,33.530000000012556,0,1,0.0,0.0,0.0,0.0,0.0,0.0,0,0.0,0.00568798159135353,11
7230.571522998,33.54000000001253,0,1,0.0,0.0,0.0,0.0,0.0,0.0,0,0.0,0.005687981591387725,13
7230.581473971,33.55000000001251,0,1,0.0,0.0,0.0,0.0,0.0,0.0,0,0.0,0.005687981591421032,13
7230.591445908,33.56000000001249,0,1,0.0,0.0,0.0,0.0,0.0,0.0,0,0.0,0.005687981591454339,13
7230.601495426,33.57000000001246,0,1,0.0,0.0,0.0,0.0,0.0,0.0,0,0.0,0.005687981591485425,17
7230.611484424,33.58000000001244,0,1,0.0,0.0,0.0,0.0,0.0,0.0,0,0.0,0.005687981591516511,17
7230.621481925,33.59000000001242,0,1,0.0,0.0,0.0,0.0,0.0,0.0,0,0.0,0.005687981591546931,17
7230.631438309,33.60000000001239,0,1,0.0,0.0,0.0,0.0,0.0,0.0,0,0.0,0.005687981591575797,19
7230.641492238,33.61000000001237,0,1,0.0,0.0,0.0,0.0,0.0,0.0,0,0.0,0.005687981591604663,19
7230.651521852,33.62000000001235,0,1,0.0,0.0,0.0,0.0,0.0,0.0,0,0.0,0.00568798159163264,19
7230.661623643,33.63000000001232,0,1,0.0,0.0,0.0,0.0,0.0,0.0,0,0.0,0.005687981591659286,19
7230.67150636,33.6400000000123,0,1,0.0,0.0,0.0,0.0,0.0,0.0,0,0.0,0.005687981591685931,21
7230.681532414,33.65000000001228,0,1,0.0,0.0,0.0,0.0,0.0,0.0,0,0.0,0.005687981591712132,21
7230.691558713,33.66000000001225,0,1,0.0,0.0,0.0,0.0,0.0,0.0,0,0.0,0.005687981591736557,21
7230.701492223,33.67000000001223,0,1,0.0,0.0,0.0,0.0,0.0,0.0,0,0.0,0.005687981591760982,23
7230.71150242,33.68000000001221,0,1,0.0,0.0,0.0,0.0,0.0,0.0,0,0.0,0.005687981591785407,23
7230.721488026,33.69000000001218,0,1,0.0,0.0,0.0,0.0,0.0,0.0,0,0.0,0.005687981591808278,23
7230.737095766,33.70000000001216,0,1,0.0,0.0,0.0,0.0,0.0,0.0,0,0.0,0.005687981591830482,24
7230.746939562,33.71000000001214,0,1,0.0,0.0,0.0,0.0,0.0,0.0,0,0.0,0.005687981591852687,24
7230.757114767,33.720000000012114,0,1,0.0,0.0,0.0,0.0,0.0,0.0,0,0.0,0.005687981591874891,25
7230.787011149,33.73000000001209,0,1,0.0,0.0,0.0,0.0,0.0,0.0,0,0.0,0.005687981591895097,26
7230.796900223,33.74000000001207,0,1,0.0,0.0,0.0,0.0,0.0,0.0,0,0.0,0.005687981591915081,26
7230.80685801,33.750000000012044,0,1,0.0,0.0,0.0,0.0,0.0,0.0,0,0.0,0.005687981591935065,29
7230.816857546,33.76000000001202,0,1,0.0,0.0,0.0,0.0,0.0,0.0,0,0.0,0.005687981591955049,29
7230.826865909,33.770000000012,0,1,0.0,0.0,0.0,0.0,0.0,0.0,0,0.0,0.005687981591973701,29
7230.836813872,33.780000000011974,0,1,0.0,0.0,0.0,0.0,0.0,0.0,0,0.0,0.0056879815919914645,32
7230.846816503,33.79000000001195,0,1,0.0,0.0,0.0,0.0,0.0,0.0,0,0.0,0.005687981592009228,32
7230.856836645,33.80000000001193,0,1,0.0,0.0,0.0,0.0,0.0,0.0,0,0.0,0.005687981592026992,32
7230.868745956,33.810000000011904,0,1,0.0,0.0,0.0,0.0,0.0,0.0,0,0.0,0.005687981592044755,33
7230.877230366,33.82000000001188,0,1,0.0,0.0,0.0,0.0,0.0,0.0,0,0.0,0.00568798159206052,35
7230.886865966,33.83000000001186,0,1,0.0,0.0,0.0,0.0,0.0,0.0,0,0.0,0.0056879815920760635,35
7230.896831947,33.840000000011834,0,1,0.0,0.0,0.0,0.0,0.0,0.0,0,0.0,0.005687981592091607,35
7230.906872455,33.85000000001181,0,1,0.0,0.0,0.0,0.0,0.0,0.0,0,0.0,0.00568798159210715,39
7230.916828122,33.86000000001179,0,1,0.0,0.0,0.0,0.0,0.0,0.0,0,0.0,0.005687981592122693,39
7230.926836048,33.870000000011764,0,1,0.0,0.0,0.0,0.0,0.0,0.0,0,0.0,0.005687981592137126,39
7230.937985667,33.88000000001174,0,1,0.0,0.0,0.0,0.0,0.0,0.0,0,0.0,0.005687981592150448,42
7230.946790345,33.89000000001172,0,1,0.0,0.0,0.0,0.0,0.0,0.0,0,0.0,0.005687981592163771,43
7230.956840606,33.900000000011694,0,1,0.0,0.0,0.0,0.0,0.0,0.0,0,0.0,0.005687981592177094,43
7230.967375814,33.91000000001167,0,1,0.0,0.0,0.0,0.0,0.0,0.0,0,0.0,0.0056879815921904164,43
7230.977429201,33.92000000001165,0,1,0.0,0.0,0.0,0.0,0.0,0.0,0,0.0,0.005687981592203739,50
7230.987288768,33.930000000011624,0,1,0.0,0.0,0.0,0.0,0.0,0.0,0,0.0,0.005687981592216618,50
7230.996881322,33.9400000000116,0,1,0.0,0.0,0.0,0.0,0.0,0.0,0,0.0,0.00568798159222772,50
7231.00671222,33.95000000001158,0,1,0.0,0.0,0.0,0.0,0.0,0.0,0,0.0,0.005687981592238822,56
7231.016971174,33.960000000011554,0,1,0.0,0.0,0.0,0.0,0.0,0.0,0,0.0,0.005687981592249924,56
7231.026891381,33.97000000001153,0,1,0.0,0.0,0.0,0.0,0.0,0.0,0,0.0,0.005687981592261027,56
7231.037616586,33.98000000001151,0,1,0.0,0.0,0.0,0.0,0.0,0.0,0,0.0,0.005687981592272129,58
7231.046819087,33.990000000011484,0,1,0.0,0.0,0.0,0.0,0.0,0.0,0,0.0,0.005687981592283231,58
7231.056865229,34.00000000001146,0,1,0.0,0.0,0.0,0.0,0.0,0.0,0,0.0,0.005687981592294333,58
7231.066856,34.01000000001144,0,1,0.0,0.0,0.0,0.0,0.0,0.0,0,0.0,0.005687981592304103,58
7231.076834734,34.020000000011414,0,1,0.0,0.0,0.0,0.0,0.0,0.0,0,0.0,0.005687981592312985,61
7231.086852167,34.03000000001139,0,1,0.0,0.0,0.0,0.0,0.0,0.0,0,0.0,0.005687981592321867,61
7231.097033541,34.04000000001137,0,1,0.0,0.0,0.0,0.0,0.0,0.0,0,0.0,0.005687981592330749,61
7231.107467807,34.050000000011345,0,1,0.0,0.0,0.0,0.0,0.0,0.0,0,0.0,0.00568798159233963,65
7231.116879001,34.06000000001132,0,1,0.0,0.0,0.0,0.0,0.0,0.0,0,0.0,0.005687981592348512,65
7231.126852788,34.0700000000113,0,1,0.0,0.0,0.0,0.0,0.0,0.0,0,0.0,0.005687981592357394,65
7231.136886679,34.080000000011275,0,1,0.0,0.0,0.0,0.0,0.0,0.0,0,0.0,0.005687981592366276,65
7231.146775887,34.09000000001125,0,1,0.0,0.0,0.0,0.0,0.0,0.0,0,0.0,0.0056879815923751575,69
7231.156814331,34.10000000001123,0,1,0.0,0.0,0.0,0.0,0.0,0.0,0,0.0,0.005687981592383373,69
7231.166880435,34.110000000011205,0,1,0.0,0.0,0.0,0.0,0.0,0.0,0,0.0,0.0056879815923900345,69
7231.176790376,34.12000000001118,0,1,0.0,0.0,0.0,0.0,0.0,0.0,0,0.0,0.005687981592396696,72
7231.186808996,34.13000000001116,0,1,0.0,0.0,0.0,0.0,0.0,0.0,0,0.0,0.005687981592403357,72
7231.196839,34.140000000011135,0,1,0.0,0.0,0.0,0.0,0.0,0.0,0,0.0,0.0056879815924100185,72
7231.207407941,34.15000000001111,0,1,0.0,0.0,0.0,0.0,0.0,0.0,0,0.0,0.00568798159241668,74
7231.216797817,34.16000000001109,0,1,0.0,0.0,0.0,0.0,0.0,0.0,0,0.0,0.005687981592423341,74
7231.2268385,34.170000000011065,0,1,0.0,0.0,0.0,0.0,0.0,0.0,0,0.0,0.0056879815924300026,74
7231.237267388,34.18000000001104,0,1,0.0,0.0,0.0,0.0,0.0,0.0,0,0.0,0.005687981592436664,74
7231.246844757,34.19000000001102,0,1,0.0,0.0,0.0,0.0,0.0,0.0,0,0.0,0.005687981592443325,79
7231.25743445,34.200000000010995,0,1,0.0,0.0,0.0,0.0,0.0,0.0,0,0.0,0.005687981592449987,79
7231.267598983,34.21000000001097,0,1,0.0,0.0,0.0,0.0,0.0,0.0,0,0.0,0.005687981592456648,79
7231.279104612,34.22000000001095,0,1,0.0,0.0,0.0,0.0,0.0,0.0,0,0.0,0.005687981592463309,83
7231.287544783,34.230000000010925,0,1,0.0,0.0,0.0,0.0,0.0,0.0,0,0.0,0.005687981592468416,85
7231.29705405,34.2400000000109,0,1,0.0,0.0,0.0,0.0,0.0,0.0,0,0.0,0.005687981592472857,85
7231.307170327,34.25000000001088,0,1,0.0,0.0,0.0,0.0,0.0,0.0,0,0.0,0.005687981592477298,85
7231.317337348,34.260000000010855,0,1,0.0,0.0,0.0,0.0,0.0,0.0,0,0.0,0.005687981592481739,88
7231.327237672,34.27000000001083,0,1,0.0,0.0,0.0,0.0,0.0,0.0,0,0.0,0.00568798159248618,88
7231.336861411,34.28000000001081,0,1,0.0,0.0,0.0,0.0,0.0,0.0,0,0.0,0.005687981592490621,88
7231.347130751,34.290000000010785,0,1,0.0,0.0,0.0,0.0,0.0,0.0,0,0.0,0.005687981592495062,91
7231.356895888,34.30000000001076,0,1,0.0,0.0,0.0,0.0,0.0,0.0,0,0.0,0.0056879815924995025,91
7231.367149527,34.31000000001074,0,1,0.0,0.0,0.0,0.0,0.0,0.0,0,0.0,0.005687981592503943,91
7231.377560216,34.320000000010715,0,1,0.0,0.0,0.0,0.0,0.0,0.0,0,0.0,0.005687981592508384,93
7231.386889757,34.33000000001069,0,1,0.0,0.0,0.0,0.0,0.0,0.0,0,0.0,0.005687981592512825,93
7231.396857707,34.34000000001067,0,1,0.0,0.0,0.0,0.0,0.0,0.0,0,0.0,0.005687981592517266,93
7231.406901585,34.350000000010645,0,1,0.0,0.0,0.0,0.0,0.0,0.0,0,0.0,0.005687981592521707,93
7231.416823708,34.36000000001062,0,1,0.0,0.0,0.0,0.0,0.0,0.0,0,0.0,0.005687981592526148,95
7231.426885196,34.3700000000106,0,1,0.0,0.0,0.0,0.0,0.0,0.0,0,0.0,0.005687981592530589,95
7231.437185888,34.380000000010575,0,1,0.0,0.0,0.0,0.0,0.0,0.0,0,0.0,0.00568798159253503,95
7231.4473216,34.39000000001055,0,1,0.0,0.0,0.0,0.0,0.0,0.0,0,0.0,0.0056879815925394706,98
7231.457123242,34.40000000001053,0,1,0.0,0.0,0.0,0.0,0.0,0.0,0,0.0,0.0056879815925439114,98
7231.467202611,34.410000000010506,0,1,0.0,0.0,0.0,0.0,0.0,0.0,0,0.0,0.005687981592548352,98
7231.476855326,34.42000000001048,0,1,0.0,0.0,0.0,0.0,0.0,0.0,0,0.0,0.005687981592550573,98
7231.486809964,34.43000000001046,0,1,0.0,0.0,0.0,0.0,0.0,0.0,0,0.0,0.005687981592552793,4
7231.497125526,34.440000000010436,0,1,0.0,0.0,0.0,0.0,0.0,0.0,0,0.0,0.005687981592555014,4
7231.507300619,34.45000000001041,0,1,0.0,0.0,0.0,0.0,0.0,0.0,0,0.0,0.005687981592557234,4
7231.51684512,34.46000000001039,0,1,0.0,0.0,0.0,0.0,0.0,0.0,0,0.0,0.005687981592559455,7
7231.527525331,34.470000000010366,0,1,0.0,0.0,0.0,0.0,0.0,0.0,0,0.0,0.005687981592561675,7
7231.537406399,34.48000000001034,0,1,0.0,0.0,0.0,0.0,0.0,0.0,0,0.0,0.0056879815925638955,7
7231.548660612,34.49000000001032,0,1,0.0,0.0,0.0,0.0,0.0,0.0,0,0.0,0.005687981592566116,9
7231.557532257,34.500000000010296,0,1,0.0,0.0,0.0,0.0,0.0,0.0,0,0.0,0.005687981592568336,11
7231.56734991,34.51000000001027,0,1,0.0,0.0,0.0,0.0,0.0,0.0,0,0.0,0.005687981592570557,11
7231.577269147,34.52000000001025,0,1,0.0,0.0,0.0,0.0,0.0,0.0,0,0.0,0.005687981592572777,11
7231.586852385,34.530000000010226,0,1,0.0,0.0,0.0,0.0,0.0,0.0,0,0.0,0.005687981592574998,14
7231.596919513,34.5400000000102,0,1,0.0,0.0,0.0,0.0,0.0,0.0,0,0.0,0.005687981592577218,14
7231.607275331,34.55000000001018,0,1,0.0,0.0,0.0,0.0,0.0,0.0,0,0.0,0.005687981592579439,14
7231.616851552,34.560000000010156,0,1,0.0,0.0,0.0,0.0,0.0,0.0,0,0.0,0.005687981592581659,17
7231.627144262,34.57000000001013,0,1,0.0,0.0,0.0,0.0,0.0,0.0,0,0.0,0.0056879815925838795,17
7231.636823306,34.58000000001011,0,1,0.0,0.0,0.0,0.0,0.0,0.0,0,0.0,0.0056879815925861,17
7231.64686637,34.590000000010086,0,1,0.0,0.0,0.0,0.0,0.0,0.0,0,0.0,0.00568798159258832,17
7231.656883764,34.60000000001006,0,1,0.0,0.0,0.0,0.0,0.0,0.0,0,0.0,0.005687981592590541,19
7231.667350216,34.61000000001004,0,1,0.0,0.0,0.0,0.0,0.0,0.0,0,0.0,0.005687981592592761,19
7231.676985077,34.620000000010016,0,1,0.0,0.0,0.0,0.0,0.0,0.0,0,0.0,0.005687981592594982,19
7231.687397993,34.63000000000999,0,1,0.0,0.0,0.0,0.0,0.0,0.0,0,0.0,0.005687981592597202,21
7231.696886854,34.64000000000997,0,1,0.0,0.0,0.0,0.0,0.0,0.0,0,0.0,0.005687981592599423,21
7231.707449886,34.650000000009946,0,1,0.0,0.0,0.0,0.0,0.0,0.0,0,0.0,0.005687981592601643,21
7231.718083094,34.66000000000992,0,1,0.0,0.0,0.0,0.0,0.0,0.0,0,0.0,0.0056879815926038635,23
7231.726863154,34.6700000000099,0,1,0.0,0.0,0.0,0.0,0.0,0.0,0,0.0,0.005687981592606084,24
7231.7368729,34.680000000009876,0,1,0.0,0.0,0.0,0.0,0.0,0.0,0,0.0,0.005687981592608304,24
7231.746814825,34.69000000000985,0,1,0.0,0.0,0.0,0.0,0.0,0.0,0,0.0,0.005687981592610525,24
7231.756867168,34.70000000000983,0,1,0.0,0.0,0.0,0.0,0.0,0.0,0,0.0,0.005687981592612745,28
7231.767025389,34.710000000009806,0,1,0.0,0.0,0.0,0.0,0.0,0.0,0,0.0,0.005687981592614966,28
7231.777569059,34.72000000000978,0,1,0.0,0.0,0.0,0.0,0.0,0.0,0,0.0,0.005687981592617186,28
7231.788825466,34.73000000000976,0,1,0.0,0.0,0.0,0.0,0.0,0.0,0,0.0,0.005687981592619407,32
7231.7975215,34.740000000009736,0,1,0.0,0.0,0.0,0.0,0.0,0.0,0,0.0,0.005687981592621627,34
7231.807521398,34.75000000000971,0,1,0.0,0.0,0.0,0.0,0.0,0.0,0,0.0,0.0056879815926238475,35
7231.817472563,34.76000000000969,0,1,0.0,0.0,0.0,0.0,0.0,0.0,0,0.0,0.005687981592626068,35
7231.826861678,34.77000000000967,0,1,0.0,0.0,0.0,0.0,0.0,0.0,0,0.0,0.005687981592628288,39
7231.836831666,34.78000000000964,0,1,0.0,0.0,0.0,0.0,0.0,0.0,0,0.0,0.005687981592630065,39
7231.847264995,34.79000000000962,0,1,0.0,0.0,0.0,0.0,0.0,0.0,0,0.0,0.005687981592630065,39
7231.856929522,34.8000000000096,0,1,0.0,0.0,0.0,0.0,0.0,0.0,0,0.0,0.005687981592630065,44
7231.86694862,34.81000000000957,0,1,0.0,0.0,0.0,0.0,0.0,0.0,0,0.0,0.005687981592630065,44
7231.877385988,34.82000000000955,0,1,0.0,0.0,0.0,0.0,0.0,0.0,0,0.0,0.005687981592631175,44
7231.889745886,34.83000000000953,0,1,0.0,0.0,0.0,0.0,0.0,0.0,0,0.0,0.005687981592631175,46
7231.896913518,34.8400000000095,0,1,0.0,0.0,0.0,0.0,0.0,0.0,0,0.0,0.005687981592632063,50
7231.907381854,34.85000000000948,0,1,0.0,0.0,0.0,0.0,0.0,0.0,0,0.0,0.005687981592632729,50
7231.917047859,34.86000000000946,0,1,0.0,0.0,0.0,0.0,0.0,0.0,0,0.0,0.005687981592632729,50
7231.926866264,34.87000000000943,0,1,0.0,0.0,0.0,0.0,0.0,0.0,0,0.0,0.005687981592633395,54
7231.936828506,34.88000000000941,0,1,0.0,0.0,0.0,0.0,0.0,0.0,0,0.0,0.0056879815926338395,54
7231.947191612,34.89000000000939,0,1,0.0,0.0,0.0,0.0,0.0,0.0,0,0.0,0.005687981592634284,54
7231.957227994,34.90000000000936,0,1,0.0,0.0,0.0,0.0,0.0,0.0,0,0.0,0.005687981592634728,57
7231.966900318,34.91000000000934,0,1,0.0,0.0,0.0,0.0,0.0,0.0,0,0.0,0.005687981592635616,57
7231.976834424,34.92000000000932,0,1,0.0,0.0,0.0,0.0,0.0,0.0,0,0.0,0.005687981592635616,57
7231.989031718,34.930000000009294,0,1,0.0,0.0,0.0,0.0,0.0,0.0,0,0.0,0.00568798159263606,58
7231.997050478,34.94000000000927,0,1,0.0,0.0,0.0,0.0,0.0,0.0,0,0.0,0.005687981592636282,60
7232.006966582,34.95000000000925,0,1,0.0,0.0,0.0,0.0,0.0,0.0,0,0.0,0.005687981592636948,60
7232.016960803,34.960000000009224,0,1,0.0,0.0,0.0,0.0,0.0,0.0,0,0.0,0.00568798159263717,60
7232.032336186,34.9700000000092,0,1,0.0,0.0,0.0,0.0,0.0,0.0,0,0.0,0.005687981592637614,61
7232.042148216,34.98000000000918,0,1,0.0,0.0,0.0,0.0,0.0,0.0,0,0.0,0.005687981592637614,61
7232.052176673,34.990000000009154,0,1,0.0,0.0,0.0,0.0,0.0,0.0,0,0.0,0.00568798159263828,61
7232.061936861,35.00000000000913,0,1,0.0,0.0,0.0,0.0,0.0,0.0,0,0.0,0.0056879815926385024,64
7232.072133096,35.01000000000911,0,1,0.0,0.0,0.0,0.0,0.0,0.0,0,0.0,0.0056879815926387245,64
7232.082158481,35.020000000009084,0,1,0.0,0.0,0.0,0.0,0.0,0.0,0,0.0,0.005687981592639169,64
7232.091993226,35.03000000000906,0,1,0.0,0.0,0.0,0.0,0.0,0.0,0,0.0,0.005687981592639391,66
7232.10197836,35.04000000000904,0,1,0.0,0.0,0.0,0.0,0.0,0.0,0,0.0,0.005687981592640057,66
7232.112015933,35.050000000009014,0,1,0.0,0.0,0.0,0.0,0.0,0.0,0,0.0,0.005687981592640057,66
7232.121983679,35.06000000000899,0,1,0.0,0.0,0.0,0.0,0.0,0.0,0,0.0,0.005687981592640501,66
7232.131932829,35.07000000000897,0,1,0.0,0.0,0.0,0.0,0.0,0.0,0,0.0,0.005687981592640501,69
7232.142021813,35.080000000008944,0,1,0.0,0.0,0.0,0.0,0.0,0.0,0,0.0,0.005687981592640945,69
7232.151988979,35.09000000000892,0,1,0.0,0.0,0.0,0.0,0.0,0.0,0,0.0,0.005687981592640945,69
7232.162070536,35.1000000000089,0,1,0.0,0.0,0.0,0.0,0.0,0.0,0,0.0,0.005687981592641611,72
7232.172195513,35.110000000008874,0,1,0.0,0.0,0.0,0.0,0.0,0.0,0,0.0,0.005687981592641611,73
7232.182129472,35.12000000000885,0,1,0.0,0.0,0.0,0.0,0.0,0.0,0,0.0,0.005687981592642055,74
7232.193852848,35.13000000000883,0,1,0.0,0.0,0.0,0.0,0.0,0.0,0,0.0,0.005687981592642055,77
7232.202077715,35.140000000008804,0,1,0.0,0.0,0.0,0.0,0.0,0.0,0,0.0,0.005687981592642721,79
7232.212114806,35.15000000000878,0,1,0.0,0.0,0.0,0.0,0.0,0.0,0,0.0,0.005687981592642721,80
7232.222175057,35.16000000000876,0,1,0.0,0.0,0.0,0.0,0.0,0.0,0,0.0,0.005687981592642721,80
7232.232206974,35.170000000008734,0,1,0.0,0.0,0.0,0.0,0.0,0.0,0,0.0,0.005687981592643165,82
7232.242242457,35.18000000000871,0,1,0.0,0.0,0.0,0.0,0.0,0.0,0,0.0,0.005687981592643165,82
7232.251965793,35.19000000000869,0,1,0.0,0.0,0.0,0.0,0.0,0.0,0,0.0,0.005687981592643387,82
7232.261904971,35.200000000008664,0,1,0.0,0.0,0.0,0.0,0.0,0.0,0,0.0,0.0056879815926436095,86
7232.272074408,35.21000000000864,0,1,0.0,0.0,0.0,0.0,0.0,0.0,0,0.0,0.0056879815926438315,86
7232.281929179,35.22000000000862,0,1,0.0,0.0,0.0,0.0,0.0,0.0,0,0.0,0.0056879815926438315,86
7232.292021234,35.230000000008594,0,1,0.0,0.0,0.0,0.0,0.0,0.0,0,0.0,0.005687981592644498,86
7232.301961565,35.24000000000857,0,1,0.0,0.0,0.0,0.0,0.0,0.0,0,0.0,0.005687981592644498,88
7232.311993275,35.25000000000855,0,1,0.0,0.0,0.0,0.0,0.0,0.0,0,0.0,0.005687981592644498,88
7232.322134069,35.260000000008525,0,1,0.0,0.0,0.0,0.0,0.0,0.0,0,0.0,0.005687981592644942,88
7232.331934466,35.2700000000085,0,1,0.0,0.0,0.0,0.0,0.0,0.0,0,0.0,0.005687981592644942,91
7232.34195958,35.28000000000848,0,1,0.0,0.0,0.0,0.0,0.0,0.0,0,0.0,0.005687981592644942,91
7232.351982348,35.290000000008455,0,1,0.0,0.0,0.0,0.0,0.0,0.0,0,0.0,0.005687981592645164,91
7232.364431137,35.30000000000843,0,1,0.0,0.0,0.0,0.0,0.0,0.0,0,0.0,0.005687981592645164,93
7232.372013824,35.31000000000841,0,1,0.0,0.0,0.0,0.0,0.0,0.0,0,0.0,0.005687981592645386,96
7232.381982299,35.320000000008385,0,1,0.0,0.0,0.0,0.0,0.0,0.0,0,0.0,0.005687981592645608,96
7232.391990322,35.33000000000836,0,1,0.0,0.0,0.0,0.0,0.0,0.0,0,0.0,0.00568798159264583,96
7232.402114482,35.34000000000834,0,1,0.0,0.0,0.0,0.0,0.0,0.0,0,0.0,0.005687981592646052,99
7232.412031916,35.350000000008315,0,1,0.0,0.0,0.0,0.0,0.0,0.0,0,0.0,0.005687981592646052,99
7232.422010883,35.36000000000829,0,1,0.0,0.0,0.0,0.0,0.0,0.0,0,0.0,0.005687981592646274,99
7232.432262391,35.37000000000827,0,1,0.0,0.0,0.0,0.0,0.0,0.0,0,0.0,0.005687981592646274,102
7232.441957732,35.380000000008245,0,1,0.0,0.0,0.0,0.0,0.0,0.0,0,0.0,0.005687981592646496,102
7232.452075711,35.39000000000822,0,1,0.0,0.0,0.0,0.0,0.0,0.0,0,0.0,0.005687981592646496,102
7232.461965584,35.4000000000082,0,1,0.0,0.0,0.0,0.0,0.0,0.0,0,0.0,0.005687981592646496,102
7232.47204947,35.410000000008175,0,1,0.0,0.0,0.0,0.0,0.0,0.0,0,0.0,0.005687981592646718,105
7232.482061679,35.42000000000815,0,1,0.0,0.0,0.0,0.0,0.0,0.0,0,0.0,0.005687981592646718,0
7232.492240901,35.43000000000813,0,1,0.0,0.0,0.0,0.0,0.0,0.0,0,0.0,0.00568798159264694,1
7232.501958132,35.440000000008105,0,1,0.0,0.0,0.0,0.0,0.0,0.0,0,0.0,0.00568798159264694,5
7232.512016016,35.45000000000808,0,1,0.0,0.0,0.0,0.0,0.0,0.0,0,0.0,0.00568798159264694,5
7232.522248118,35.46000000000806,0,1,0.0,0.0,0.0,0.0,0.0,0.0,0,0.0,0.005687981592647606,5
7232.533889917,35.470000000008035,0,1,0.0,0.0,0.0,0.0,0.0,0.0,0,0.0,0.005687981592647606,6
7232.542132101,35.48000000000801,0,1,0.0,0.0,0.0,0.0,0.0,0.0,0,0.0,0.005687981592647606,8
7232.552264015,35.49000000000799,0,1,0.0,0.0,0.0,0.0,0.0,0.0,0,0.0,0.005687981592647606,10
7232.562071449,35.500000000007965,0,1,0.0,0.0,0.0,0.0,0.0,0.0,0,0.0,0.005687981592647606,12
7232.572158254,35.51000000000794,0,1,0.0,0.0,0.0,0.0,0.0,0.0,0,0.0,0.005687981592647828,18
7232.582181938,35.52000000000792,0,1,0.0,0.0,0.0,0.0,0.0,0.0,0,0.0,0.005687981592647828,18
7232.592186679,35.530000000007895,0,1,0.0,0.0,0.0,0.0,0.0,0.0,0,0.0,0.005687981592647828,18
7232.602208181,35.54000000000787,0,1,0.0,0.0,0.0,0.0,0.0,0.0,0,0.0,0.00568798159264805,21
7232.612018255,35.55000000000785,0,1,0.0,0.0,0.0,0.0,0.0,0.0,0,0.0,0.00568798159264805,21
7232.622036761,35.560000000007825,0,1,0.0,0.0,0.0,0.0,0.0,0.0,0,0.0,0.00568798159264805,21
7232.632146139,35.5700000000078,0,1,0.0,0.0,0.0,0.0,0.0,0.0,0,0.0,0.00568798159264805,21
7232.641974397,35.58000000000778,0,1,0.0,0.0,0.0,0.0,0.0,0.0,0,0.0,0.005687981592648272,24
7232.652030649,35.590000000007755,0,1,0.0,0.0,0.0,0.0,0.0,0.0,0,0.0,0.005687981592648272,24
7232.661938968,35.60000000000773,0,1,0.0,0.0,0.0,0.0,0.0,0.0,0,0.0,0.005687981592648272,24
7232.672084802,35.61000000000771,0,1,0.0,0.0,0.0,0.0,0.0,0.0,0,0.0,0.0056879815926484945,28
7232.682025221,35.620000000007686,0,1,0.0,0.0,0.0,0.0,0.0,0.0,0,0.0,0.0056879815926484945,28
7232.692065469,35.63000000000766,0,1,0.0,0.0,0.0,0.0,0.0,0.0,0,0.0,0.0056879815926484945,28
7232.704218562,35.64000000000764,0,1,0.0,0.0,0.0,0.0,0.0,0.0,0,0.0,0.0056879815926484945,29
7232.712038228,35.650000000007616,0,1,0.0,0.0,0.0,0.0,0.0,0.0,0,0.0,0.0056879815926487165,31
7232.722018342,35.66000000000759,0,1,0.0,0.0,0.0,0.0,0.0,0.0,0,0.0,0.0056879815926489385,31
7232.732123742,35.67000000000757,0,1,0.0,0.0,0.0,0.0,0.0,0.0,0,0.0,0.0056879815926489385,31
7232.741936035,35.680000000007546,0,1,0.0,0.0,0.0,0.0,0.0,0.0,0,0.0,0.0056879815926489385,34
7232.751966133,35.69000000000752,0,1,0.0,0.0,0.0,0.0,0.0,0.0,0,0.0,0.0056879815926489385,34
7232.762014355,35.7000000000075,0,1,0.0,0.0,0.0,0.0,0.0,0.0,0,0.0,0.005687981592649161,34
7232.772369491,35.710000000007476,0,1,0.0,0.0,0.0,0.0,0.0,0.0,0,0.0,0.005687981592649161,37
7232.781936906,35.72000000000745,0,1,0.0,0.0,0.0,0.0,0.0,0.0,0,0.0,0.005687981592649161,37
7232.792029692,35.73000000000743,0,1,0.0,0.0,0.0,0.0,0.0,0.0,0,0.0,0.005687981592649161,37
7232.802194897,35.740000000007406,0,1,0.0,0.0,0.0,0.0,0.0,0.0,0,0.0,0.005687981592649161,38
7232.817329108,35.75000000000738,0,1,0.0,0.0,0.0,0.0,0.0,0.0,0,0.0,0.005687981592649383,39
7232.82722815,35.76000000000736,0,1,0.0,0.0,0.0,0.0,0.0,0.0,0,0.0,0.005687981592649383,39
7232.837279876,35.770000000007336,0,1,0.0,0.0,0.0,0.0,0.0,0.0,0,0.0,0.005687981592649383,39
7232.84725648,35.78000000000731,0,1,0.0,0.0,0.0,0.0,0.0,0.0,0,0.0,0.005687981592649383,42
7232.857374954,35.79000000000729,0,1,0.0,0.0,0.0,0.0,0.0,0.0,0,0.0,0.005687981592649383,42
7232.867528796,35.800000000007266,0,1,0.0,0.0,0.0,0.0,0.0,0.0,0,0.0,0.005687981592649383,42
7232.877940935,35.81000000000724,0,1,0.0,0.0,0.0,0.0,0.0,0.0,0,0.0,0.005687981592649605,45
7232.887274488,35.82000000000722,0,1,0.0,0.0,0.0,0.0,0.0,0.0,0,0.0,0.005687981592649605,45
7232.897222242,35.830000000007196,0,1,0.0,0.0,0.0,0.0,0.0,0.0,0,0.0,0.005687981592649605,45
7232.908100056,35.84000000000717,0,1,0.0,0.0,0.0,0.0,0.0,0.0,0,0.0,0.005687981592649605,47
7232.917209136,35.85000000000715,0,1,0.0,0.0,0.0,0.0,0.0,0.0,0,0.0,0.005687981592649605,48
7232.927245914,35.860000000007126,0,1,0.0,0.0,0.0,0.0,0.0,0.0,0,0.0,0.005687981592649605,48
7232.937274546,35.8700000000071,0,1,0.0,0.0,0.0,0.0,0.0,0.0,0,0.0,0.005687981592649605,48
7232.947291097,35.88000000000708,0,1,0.0,0.0,0.0,0.0,0.0,0.0,0,0.0,0.005687981592649605,51
7232.957227251,35.890000000007056,0,1,0.0,0.0,0.0,0.0,0.0,0.0,0,0.0,0.005687981592649827,51
7232.967443043,35.90000000000703,0,1,0.0,0.0,0.0,0.0,0.0,0.0,0,0.0,0.005687981592649827,51
7232.978180238,35.91000000000701,0,1,0.0,0.0,0.0,0.0,0.0,0.0,0,0.0,0.005687981592649827,55
7232.987187579,35.920000000006986,0,1,0.0,0.0,0.0,0.0,0.0,0.0,0,0.0,0.005687981592649827,56
7232.997199754,35.93000000000696,0,1,0.0,0.0,0.0,0.0,0.0,0.0,0,0.0,0.005687981592649827,56
7233.007322508,35.94000000000694,0,1,0.0,0.0,0.0,0.0,0.0,0.0,0,0.0,0.005687981592649827,56
7233.017216367,35.950000000006916,0,1,0.0,0.0,0.0,0.0,0.0,0.0,0,0.0,0.005687981592649827,59
7233.027710812,35.96000000000689,0,1,0.0,0.0,0.0,0.0,0.0,0.0,0,0.0,0.005687981592649827,59
7233.037481687,35.97000000000687,0,1,0.0,0.0,0.0,0.0,0.0,0.0,0,0.0,0.005687981592649827,59
7233.047829743,35.98000000000685,0,1,0.0,0.0,0.0,0.0,0.0,0.0,0,0.0,0.005687981592650049,65
7233.057252061,35.99000000000682,0,1,0.0,0.0,0.0,0.0,0.0,0.0,0,0.0,0.005687981592650049,65
7233.067245428,36.0000000000068,0,1,0.0,0.0,0.0,0.0,0.0,0.0,0,0.0,0.005687981592650049,65
7233.078469769,36.01000000000678,0,1,0.0,0.0,0.0,0.0,0.0,0.0,0,0.0,0.005687981592650049,67
7233.087397339,36.02000000000675,0,1,0.0,0.0,0.0,0.0,0.0,0.0,0,0.0,0.005687981592650049,68
7233.09805505,36.03000000000673,0,1,0.0,0.0,0.0,0.0,0.0,0.0,0,0.0,0.005687981592650049,68
7233.10757318,36.04000000000671,0,1,0.0,0.0,0.0,0.0,0.0,0.0,0,0.0,0.005687981592650049,69
7233.117333503,36.05000000000668,0,1,0.0,0.0,0.0,0.0,0.0,0.0,0,0.0,0.005687981592650049,72
7233.127744604,36.06000000000666,0,1,0.0,0.0,0.0,0.0,0.0,0.0,0,0.0,0.005687981592650049,72
7233.137188343,36.07000000000664,0,1,0.0,0.0,0.0,0.0,0.0,0.0,0,0.0,0.005687981592650049,72
7233.147353987,36.08000000000661,0,1,0.0,0.0,0.0,0.0,0.0,0.0,0,0.0,0.005687981592650049,74
7233.157644086,36.09000000000659,0,1,0.0,0.0,0.0,0.0,0.0,0.0,0,0.0,0.005687981592650049,74
7233.167236865,36.10000000000657,0,1,0.0,0.0,0.0,0.0,0.0,0.0,0,0.0,0.005687981592650493,74
7233.177241052,36.11000000000654,0,1,0.0,0.0,0.0,0.0,0.0,0.0,0,0.0,0.005687981592650493,74
7233.187248905,36.12000000000652,0,1,0.0,0.0,0.0,0.0,0.0,0.0,0,0.0,0.005687981592650493,77
7233.197276038,36.1300000000065,0,1,0.0,0.0,0.0,0.0,0.0,0.0,0,0.0,0.005687981592650493,77
7233.207235707,36.140000000006474,0,1,0.0,0.0,0.0,0.0,0.0,0.0,0,0.0,0.005687981592650493,77
7233.217256757,36.15000000000645,0,1,0.0,0.0,0.0,0.0,0.0,0.0,0,0.0,0.005687981592650493,80
7233.227278229,36.16000000000643,0,1,0.0,0.0,0.0,0.0,0.0,0.0,0,0.0,0.005687981592650493,80
7233.237226728,36.170000000006404,0,1,0.0,0.0,0.0,0.0,0.0,0.0,0,0.0,0.005687981592650493,80
7233.248480385,36.18000000000638,0,1,0.0,0.0,0.0,0.0,0.0,0.0,0,0.0,0.005687981592650493,82
7233.257317639,36.19000000000636,0,1,0.0,0.0,0.0,0.0,0.0,0.0,0,0.0,0.005687981592650493,83
7233.267280485,36.200000000006334,0,1,0.0,0.0,0.0,0.0,0.0,0.0,0,0.0,0.005687981592650493,83
7233.277267571,36.21000000000631,0,1,0.0,0.0,0.0,0.0,0.0,0.0,0,0.0,0.005687981592650493,83
7233.287379769,36.22000000000629,0,1,0.0,0.0,0.0,0.0,0.0,0.0,0,0.0,0.005687981592650493,85
7233.297227216,36.230000000006264,0,1,0.0,0.0,0.0,0.0,0.0,0.0,0,0.0,0.005687981592650493,85
7233.30721285,36.24000000000624,0,1,0.0,0.0,0.0,0.0,0.0,0.0,0,0.0,0.005687981592650493,85
7233.31752107,36.25000000000622,0,1,0.0,0.0,0.0,0.0,0.0,0.0,0,0.0,0.005687981592650493,88
7233.327607709,36.260000000006194,0,1,0.0,0.0,0.0,0.0,0.0,0.0,0,0.0,0.005687981592650493,88
7233.33777454,36.27000000000617,0,1,0.0,0.0,0.0,0.0,0.0,0.0,0,0.0,0.005687981592650715,89
7233.3479592,36.28000000000615,0,1,0.0,0.0,0.0,0.0,0.0,0.0,0,0.0,0.005687981592650715,89
7233.357320918,36.290000000006124,0,1,0.0,0.0,0.0,0.0,0.0,0.0,0,0.0,0.005687981592650715,92
7233.367425353,36.3000000000061,0,1,0.0,0.0,0.0,0.0,0.0,0.0,0,0.0,0.005687981592650715,92
7233.377208607,36.31000000000608,0,1,0.0,0.0,0.0,0.0,0.0,0.0,0,0.0,0.005687981592650715,92
7233.387273466,36.320000000006054,0,1,0.0,0.0,0.0,0.0,0.0,0.0,0,0.0,0.005687981592650715,95
7233.397326799,36.33000000000603,0,1,0.0,0.0,0.0,0.0,0.0,0.0,0,0.0,0.005687981592650715,95
7233.407343443,36.34000000000601,0,1,0.0,0.0,0.0,0.0,0.0,0.0,0,0.0,0.005687981592650715,95
7233.418974366,36.350000000005984,0,1,0.0,0.0,0.0,0.0,0.0,0.0,0,0.0,0.005687981592650715,97
7233.427186907,36.36000000000596,0,1,0.0,0.0,0.0,0.0,0.0,0.0,0,0.0,0.005687981592650715,99
7233.437208305,36.37000000000594,0,1,0.0,0.0,0.0,0.0,0.0,0.0,0,0.0,0.005687981592650715,99
7233.447293069,36.380000000005914,0,1,0.0,0.0,0.0,0.0,0.0,0.0,0,0.0,0.005687981592650715,99
7233.45719095,36.39000000000589,0,1,0.0,0.0,0.0,0.0,0.0,0.0,0,0.0,0.005687981592650715,103
7233.467185233,36.40000000000587,0,1,0.0,0.0,0.0,0.0,0.0,0.0,0,0.0,0.005687981592650715,103
7233.47717667,36.410000000005844,0,1,0.0,0.0,0.0,0.0,0.0,0.0,0,0.0,0.005687981592650715,103
7233.487200696,36.42000000000582,0,1,0.0,0.0,0.0,0.0,0.0,0.0,0,0.0,0.005687981592650715,2
7233.497274547,36.4300000000058,0,1,0.0,0.0,0.0,0.0,0.0,0.0,0,0.0,0.005687981592650715,2
7233.507193004,36.440000000005774,0,1,0.0,0.0,0.0,0.0,0.0,0.0,0,0.0,0.005687981592650715,2
7233.517223352,36.45000000000575,0,1,0.0,0.0,0.0,0.0,0.0,0.0,0,0.0,0.005687981592650715,2
7233.527288143,36.46000000000573,0,1,0.0,0.0,0.0,0.0,0.0,0.0,0,0.0,0.005687981592650715,4
7233.537348437,36.470000000005705,0,1,0.0,0.0,0.0,0.0,0.0,0.0,0,0.0,0.005687981592650715,4
7233.547473659,36.48000000000568,0,1,0.0,0.0,0.0,0.0,0.0,0.0,0,0.0,0.005687981592650715,4
7233.557228149,36.49000000000566,0,1,0.0,0.0,0.0,0.0,0.0,0.0,0,0.0,0.005687981592650715,8
7233.567597811,36.500000000005635,0,1,0.0,0.0,0.0,0.0,0.0,0.0,0,0.0,0.005687981592650715,8
7233.577936708,36.51000000000561,0,1,0.0,0.0,0.0,0.0,0.0,0.0,0,0.0,0.005687981592650715,8
7233.588690216,36.52000000000559,0,1,0.0,0.0,0.0,0.0,0.0,0.0,0,0.0,0.005687981592650715,10
7233.597409867,36.530000000005565,0,1,0.0,0.0,0.0,0.0,0.0,0.0,0,0.0,0.005687981592650715,11
7233.607329145,36.54000000000554,0,1,0.0,0.0,0.0,0.0,0.0,0.0,0,0.0,0.005687981592650715,11
7233.617211881,36.55000000000552,0,1,0.0,0.0,0.0,0.0,0.0,0.0,0,0.0,0.005687981592650715,11
7233.627509984,36.560000000005495,0,1,0.0,0.0,0.0,0.0,0.0,0.0,0,0.0,0.005687981592650715,13
7233.637889455,36.57000000000547,0,1,0.0,0.0,0.0,0.0,0.0,0.0,0,0.0,0.005687981592650715,13
7233.647540579,36.58000000000545,0,1,0.0,0.0,0.0,0.0,0.0,0.0,0,0.0,0.005687981592650715,13
7233.657640554,36.590000000005425,0,1,0.0,0.0,0.0,0.0,0.0,0.0,0,0.0,0.005687981592650715,17
7233.667225994,36.6000000000054,0,1,0.0,0.0,0.0,0.0,0.0,0.0,0,0.0,0.005687981592650715,17
7233.677203242,36.61000000000538,0,1,0.0,0.0,0.0,0.0,0.0,0.0,0,0.0,0.005687981592650937,17
7233.687447099,36.620000000005355,0,1,0.0,0.0,0.0,0.0,0.0,0.0,0,0.0,0.005687981592650937,17
7233.697732935,36.63000000000533,0,1,0.0,0.0,0.0,0.0,0.0,0.0,0,0.0,0.005687981592650937,20
7233.707602749,36.64000000000531,0,1,0.0,0.0,0.0,0.0,0.0,0.0,0,0.0,0.005687981592650937,20
7233.717447316,36.650000000005285,0,1,0.0,0.0,0.0,0.0,0.0,0.0,0,0.0,0.005687981592650937,20
7233.727376903,36.66000000000526,0,1,0.0,0.0,0.0,0.0,0.0,0.0,0,0.0,0.005687981592650937,23
7233.737363572,36.67000000000524,0,1,0.0,0.0,0.0,0.0,0.0,0.0,0,0.0,0.005687981592650937,23
7233.747318979,36.680000000005215,0,1,0.0,0.0,0.0,0.0,0.0,0.0,0,0.0,0.005687981592650937,23
7233.758203109,36.69000000000519,0,1,0.0,0.0,0.0,0.0,0.0,0.0,0,0.0,0.005687981592650937,25
7233.767369742,36.70000000000517,0,1,0.0,0.0,0.0,0.0,0.0,0.0,0,0.0,0.005687981592650937,26
7233.777393784,36.710000000005145,0,1,0.0,0.0,0.0,0.0,0.0,0.0,0,0.0,0.005687981592650937,26
7233.787377148,36.72000000000512,0,1,0.0,0.0,0.0,0.0,0.0,0.0,0,0.0,0.005687981592650937,26
7233.797366401,36.7300000000051,0,1,0.0,0.0,0.0,0.0,0.0,0.0,0,0.0,0.005687981592650937,29
7233.807335451,36.740000000005075,0,1,0.0,0.0,0.0,0.0,0.0,0.0,0,0.0,0.005687981592650937,29
7233.817472437,36.75000000000505,0,1,0.0,0.0,0.0,0.0,0.0,0.0,0,0.0,0.005687981592650937,29
7233.82750689,36.76000000000503,0,1,0.0,0.0,0.0,0.0,0.0,0.0,0,0.0,0.005687981592650937,32
7233.837732582,36.770000000005005,0,1,0.0,0.0,0.0,0.0,0.0,0.0,0,0.0,0.005687981592650937,32
7233.847332552,36.78000000000498,0,1,0.0,0.0,0.0,0.0,0.0,0.0,0,0.0,0.005687981592650937,32
7233.857340158,36.79000000000496,0,1,0.0,0.0,0.0,0.0,0.0,0.0,0,0.0,0.005687981592650937,32
7233.867864459,36.800000000004935,0,1,0.0,0.0,0.0,0.0,0.0,0.0,0,0.0,0.005687981592650937,35
7233.877459579,36.81000000000491,0,1,0.0,0.0,0.0,0.0,0.0,0.0,0,0.0,0.005687981592650937,35
7233.88734993,36.82000000000489,0,1,0.0,0.0,0.0,0.0,0.0,0.0,0,0.0,0.005687981592650937,35
7233.897975845,36.830000000004866,0,1,0.0,0.0,0.0,0.0,0.0,0.0,0,0.0,0.005687981592650937,38
7233.907441232,36.84000000000484,0,1,0.0,0.0,0.0,0.0,0.0,0.0,0,0.0,0.005687981592650937,38
7233.917363284,36.85000000000482,0,1,0.0,0.0,0.0,0.0,0.0,0.0,0,0.0,0.005687981592650937,39
7233.928639221,36.860000000004796,0,1,0.0,0.0,0.0,0.0,0.0,0.0,0,0.0,0.005687981592650937,41
7233.937371246,36.87000000000477,0,1,0.0,0.0,0.0,0.0,0.0,0.0,0,0.0,0.005687981592650937,42
7233.947357922,36.88000000000475,0,1,0.0,0.0,0.0,0.0,0.0,0.0,0,0.0,0.005687981592650937,42
7233.957701651,36.890000000004726,0,1,0.0,0.0,0.0,0.0,0.0,0.0,0,0.0,0.005687981592650937,42
7233.967499213,36.9000000000047,0,1,0.0,0.0,0.0,0.0,0.0,0.0,0,0.0,0.005687981592650937,44
7233.977239202,36.91000000000468,0,1,0.0,0.0,0.0,0.0,0.0,0.0,0,0.0,0.005687981592650937,44
7233.987200859,36.920000000004656,0,1,0.0,0.0,0.0,0.0,0.0,0.0,0,0.0,0.005687981592650937,44
7233.99740623,36.93000000000463,0,1,0.0,0.0,0.0,0.0,0.0,0.0,0,0.0,0.005687981592650937,47
7234.007534845,36.94000000000461,0,1,0.0,0.0,0.0,0.0,0.0,0.0,0,0.0,0.005687981592650937,47
7234.017253946,36.950000000004586,0,1,0.0,0.0,0.0,0.0,0.0,0.0,0,0.0,0.005687981592650937,47
7234.027270993,36.96000000000456,0,1,0.0,0.0,0.0,0.0,0.0,0.0,0,0.0,0.005687981592650937,47
7234.037375319,36.97000000000454,0,1,0.0,0.0,0.0,0.0,0.0,0.0,0,0.0,0.005687981592650937,50
7234.04747936,36.980000000004516,0,1,0.0,0.0,0.0,0.0,0.0,0.0,0,0.0,0.005687981592650937,50
7234.057222447,36.99000000000449,0,1,0.0,0.0,0.0,0.0,0.0,0.0,0,0.0,0.005687981592650937,50
7234.067240578,37.00000000000447,0,1,0.0,0.0,0.0,0.0,0.0,0.0,0,0.0,0.005687981592650937,53
7234.07822398,37.010000000004446,0,1,0.0,0.0,0.0,0.0,0.0,0.0,0,0.0,0.005687981592650937,54
7234.088401195,37.02000000000442,0,1,0.0,0.0,0.0,0.0,0.0,0.0,0,0.0,0.005687981592650937,55
7234.09890279,37.0300000000044,0,1,0.0,0.0,0.0,0.0,0.0,0.0,0,0.0,0.005687981592650937,60
7234.108035486,37.040000000004376,0,1,0.0,0.0,0.0,0.0,0.0,0.0,0,0.0,0.005687981592650937,62
7234.117354875,37.05000000000435,0,1,0.0,0.0,0.0,0.0,0.0,0.0,0,0.0,0.005687981592650937,63
7234.127293842,37.06000000000433,0,1,0.0,0.0,0.0,0.0,0.0,0.0,0,0.0,0.005687981592650937,63
7234.137296949,37.070000000004306,0,1,0.0,0.0,0.0,0.0,0.0,0.0,0,0.0,0.005687981592650937,67
7234.147212061,37.08000000000428,0,1,0.0,0.0,0.0,0.0,0.0,0.0,0,0.0,0.005687981592650937,67
7234.15720124,37.09000000000426,0,1,0.0,0.0,0.0,0.0,0.0,0.0,0,0.0,0.005687981592650937,67
7234.167197635,37.100000000004236,0,1,0.0,0.0,0.0,0.0,0.0,0.0,0,0.0,0.005687981592650937,70
7234.177197535,37.11000000000421,0,1,0.0,0.0,0.0,0.0,0.0,0.0,0,0.0,0.005687981592650937,70
7234.187405694,37.12000000000419,0,1,0.0,0.0,0.0,0.0,0.0,0.0,0,0.0,0.005687981592650937,70
7234.197403333,37.130000000004166,0,1,0.0,0.0,0.0,0.0,0.0,0.0,0,0.0,0.005687981592650937,70
7234.207336995,37.14000000000414,0,1,0.0,0.0,0.0,0.0,0.0,0.0,0,0.0,0.005687981592650937,76
7234.217378879,37.15000000000412,0,1,0.0,0.0,0.0,0.0,0.0,0.0,0,0.0,0.005687981592650937,76
7234.227357385,37.160000000004096,0,1,0.0,0.0,0.0,0.0,0.0,0.0,0,0.0,0.005687981592650937,76
7234.237197376,37.17000000000407,0,1,0.0,0.0,0.0,0.0,0.0,0.0,0,0.0,0.005687981592650937,79
7234.24720047,37.18000000000405,0,1,0.0,0.0,0.0,0.0,0.0,0.0,0,0.0,0.005687981592650937,79
7234.257218154,37.19000000000403,0,1,0.0,0.0,0.0,0.0,0.0,0.0,0,0.0,0.005687981592650937,79
7234.26945699,37.200000000004,0,1,0.0,0.0,0.0,0.0,0.0,0.0,0,0.0,0.005687981592650937,81
7234.277593538,37.21000000000398,0,1,0.0,0.0,0.0,0.0,0.0,0.0,0,0.0,0.005687981592650937,83
7234.287258617,37.22000000000396,0,1,0.0,0.0,0.0,0.0,0.0,0.0,0,0.0,0.005687981592650937,83
7234.297523471,37.23000000000393,0,1,0.0,0.0,0.0,0.0,0.0,0.0,0,0.0,0.005687981592650937,84
7234.307533652,37.24000000000391,0,1,0.0,0.0,0.0,0.0,0.0,0.0,0,0.0,0.005687981592650937,92
7234.317357732,37.25000000000389,0,1,0.0,0.0,0.0,0.0,0.0,0.0,0,0.0,0.005687981592650937,92
7234.327639654,37.26000000000386,0,1,0.0,0.0,0.0,0.0,0.0,0.0,0,0.0,0.005687981592650937,92
7234.338333295,37.27000000000384,0,1,0.0,0.0,0.0,0.0,0.0,0.0,0,0.0,0.005687981592650937,96
7234.347370599,37.28000000000382,0,1,0.0,0.0,0.0,0.0,0.0,0.0,0,0.0,0.005687981592650937,97
7234.357288491,37.29000000000379,0,1,0.0,0.0,0.0,0.0,0.0,0.0,0,0.0,0.005687981592650937,97
7234.367268599,37.30000000000377,0,1,0.0,0.0,0.0,0.0,0.0,0.0,0,0.0,0.005687981592650937,97
7234.377230372,37.31000000000375,0,1,0.0,0.0,0.0,0.0,0.0,0.0,0,0.0,0.005687981592650937,100
7234.387243585,37.32000000000372,0,1,0.0,0.0,0.0,0.0,0.0,0.0,0,0.0,0.005687981592650937,100
7234.39726355,37.3300000000037,0,1,0.0,0.0,0.0,0.0,0.0,0.0,0,0.0,0.005687981592650937,100
7234.407386037,37.34000000000368,0,1,0.0,0.0,0.0,0.0,0.0,0.0,0,0.0,0.005687981592650937,104
7234.417360899,37.350000000003654,0,1,0.0,0.0,0.0,0.0,0.0,0.0,0,0.0,0.005687981592650937,104
7234.427325202,37.36000000000363,0,1,0.0,0.0,0.0,0.0,0.0,0.0,0,0.0,0.005687981592650937,104
7234.438029559,37.37000000000361,0,1,0.0,0.0,0.0,0.0,0.0,0.0,0,0.0,0.005687981592650937,106
7234.447503869,37.380000000003584,0,1,0.0,0.0,0.0,0.0,0.0,0.0,0,0.0,0.005687981592650937,106
7234.457273122,37.39000000000356,0,1,0.0,0.0,0.0,0.0,0.0,0.0,0,0.0,0.005687981592650937,106
7234.467193991,37.40000000000354,0,1,0.0,0.0,0.0,0.0,0.0,0.0,0,0.0,0.005687981592650937,106
7234.477260181,37.410000000003514,0,1,0.0,0.0,0.0,0.0,0.0,0.0,0,0.0,0.005687981592650937,110
7234.48722257,37.42000000000349,0,1,0.0,0.0,0.0,0.0,0.0,0.0,0,0.0,0.005687981592650937,0
7234.497200695,37.43000000000347,0,1,0.0,0.0,0.0,0.0,0.0,0.0,0,0.0,0.005687981592650937,0
7234.507970541,37.440000000003444,0,1,0.0,0.0,0.0,0.0,0.0,0.0,0,0.0,0.005687981592650937,4
7234.517338252,37.45000000000342,0,1,0.0,0.0,0.0,0.0,0.0,0.0,0,0.0,0.005687981592650937,4
7234.527319396,37.4600000000034,0,1,0.0,0.0,0.0,0.0,0.0,0.0,0,0.0,0.005687981592650937,4
7234.537538383,37.470000000003374,0,1,0.0,0.0,0.0,0.0,0.0,0.0,0,0.0,0.005687981592650937,4
7234.547390938,37.48000000000335,0,1,0.0,0.0,0.0,0.0,0.0,0.0,0,0.0,0.005687981592650937,9
7234.557186981,37.49000000000333,0,1,0.0,0.0,0.0,0.0,0.0,0.0,0,0.0,0.005687981592650937,9
7234.568214416,37.500000000003304,0,1,0.0,0.0,0.0,0.0,0.0,0.0,0,0.0,0.005687981592650937,9
7234.577758475,37.51000000000328,0,1,0.0,0.0,0.0,0.0,0.0,0.0,0,0.0,0.005687981592650937,13
7234.587501525,37.52000000000326,0,1,0.0,0.0,0.0,0.0,0.0,0.0,0,0.0,0.005687981592650937,13
7234.597745922,37.530000000003234,0,1,0.0,0.0,0.0,0.0,0.0,0.0,0,0.0,0.005687981592650937,13
7234.608474086,37.54000000000321,0,1,0.0,0.0,0.0,0.0,0.0,0.0,0,0.0,0.005687981592650937,15
7234.61718954,37.55000000000319,0,1,0.0,0.0,0.0,0.0,0.0,0.0,0,0.0,0.005687981592650937,16
7234.627183611,37.560000000003164,0,1,0.0,0.0,0.0,0.0,0.0,0.0,0,0.0,0.005687981592650937,16
7234.637192454,37.57000000000314,0,1,0.0,0.0,0.0,0.0,0.0,0.0,0,0.0,0.005687981592650937,16
7234.647300513,37.58000000000312,0,1,0.0,0.0,0.0,0.0,0.0,0.0,0,0.0,0.005687981592650937,19
7234.657429764,37.590000000003094,0,1,0.0,0.0,0.0,0.0,0.0,0.0,0,0.0,0.005687981592650937,19
7234.66740388,37.60000000000307,0,1,0.0,0.0,0.0,0.0,0.0,0.0,0,0.0,0.005687981592650937,19
7234.677248933,37.61000000000305,0,1,0.0,0.0,0.0,0.0,0.0,0.0,0,0.0,0.005687981592650937,22
7234.687268652,37.620000000003024,0,1,0.0,0.0,0.0,0.0,0.0,0.0,0,0.0,0.005687981592650937,22
7234.697754426,37.630000000003,0,1,0.0,0.0,0.0,0.0,0.0,0.0,0,0.0,0.005687981592650937,22
7234.707427475,37.64000000000298,0,1,0.0,0.0,0.0,0.0,0.0,0.0,0,0.0,0.005687981592650937,22
7234.71761653,37.650000000002954,0,1,0.0,0.0,0.0,0.0,0.0,0.0,0,0.0,0.005687981592650937,26
7234.727583202,37.66000000000293,0,1,0.0,0.0,0.0,0.0,0.0,0.0,0,0.0,0.005687981592650937,26
7234.737539412,37.67000000000291,0,1,0.0,0.0,0.0,0.0,0.0,0.0,0,0.0,0.005687981592650937,26
7234.747554106,37.680000000002885,0,1,0.0,0.0,0.0,0.0,0.0,0.0,0,0.0,0.005687981592650937,29
7234.757365686,37.69000000000286,0,1,0.0,0.0,0.0,0.0,0.0,0.0,0,0.0,0.005687981592650937,29
7234.767305895,37.70000000000284,0,1,0.0,0.0,0.0,0.0,0.0,0.0,0,0.0,0.005687981592650937,29
7234.777653176,37.710000000002815,0,1,0.0,0.0,0.0,0.0,0.0,0.0,0,0.0,0.005687981592650937,32
7234.787247298,37.72000000000279,0,1,0.0,0.0,0.0,0.0,0.0,0.0,0,0.0,0.005687981592650937,32
7234.797465516,37.73000000000277,0,1,0.0,0.0,0.0,0.0,0.0,0.0,0,0.0,0.005687981592650937,33
7234.807290234,37.740000000002745,0,1,0.0,0.0,0.0,0.0,0.0,0.0,0,0.0,0.005687981592650937,33
7234.817257045,37.75000000000272,0,1,0.0,0.0,0.0,0.0,0.0,0.0,0,0.0,0.005687981592650937,35
7234.827234163,37.7600000000027,0,1,0.0,0.0,0.0,0.0,0.0,0.0,0,0.0,0.005687981592650937,35
7234.837239646,37.770000000002675,0,1,0.0,0.0,0.0,0.0,0.0,0.0,0,0.0,0.005687981592650937,35
7234.847426045,37.78000000000265,0,1,0.0,0.0,0.0,0.0,0.0,0.0,0,0.0,0.005687981592650937,39
7234.857225885,37.79000000000263,0,1,0.0,0.0,0.0,0.0,0.0,0.0,0,0.0,0.005687981592650937,39
7234.867223007,37.800000000002605,0,1,0.0,0.0,0.0,0.0,0.0,0.0,0,0.0,0.005687981592650937,39
7234.878904958,37.81000000000258,0,1,0.0,0.0,0.0,0.0,0.0,0.0,0,0.0,0.005687981592650937,40
7234.887345596,37.82000000000256,0,1,0.0,0.0,0.0,0.0,0.0,0.0,0,0.0,0.005687981592650937,41
7234.897274788,37.830000000002535,0,1,0.0,0.0,0.0,0.0,0.0,0.0,0,0.0,0.005687981592650937,41
7234.907232716,37.84000000000251,0,1,0.0,0.0,0.0,0.0,0.0,0.0,0,0.0,0.005687981592650937,41
7234.917245406,37.85000000000249,0,1,0.0,0.0,0.0,0.0,0.0,0.0,0,0.0,0.005687981592650937,44
7234.927211829,37.860000000002465,0,1,0.0,0.0,0.0,0.0,0.0,0.0,0,0.0,0.005687981592650937,44
7234.937271313,37.87000000000244,0,1,0.0,0.0,0.0,0.0,0.0,0.0,0,0.0,0.005687981592650937,44
7234.948410566,37.88000000000242,0,1,0.0,0.0,0.0,0.0,0.0,0.0,0,0.0,0.005687981592650937,47
7234.957230582,37.890000000002395,0,1,0.0,0.0,0.0,0.0,0.0,0.0,0,0.0,0.005687981592650937,48
7234.967268704,37.90000000000237,0,1,0.0,0.0,0.0,0.0,0.0,0.0,0,0.0,0.005687981592650937,48
7234.977551177,37.91000000000235,0,1,0.0,0.0,0.0,0.0,0.0,0.0,0,0.0,0.005687981592650937,48
7234.987699986,37.920000000002325,0,1,0.0,0.0,0.0,0.0,0.0,0.0,0,0.0,0.005687981592650937,55
7234.99741324,37.9300000000023,0,1,0.0,0.0,0.0,0.0,0.0,0.0,0,0.0,0.005687981592650937,56
7235.007568201,37.94000000000228,0,1,0.0,0.0,0.0,0.0,0.0,0.0,0,0.0,0.005687981592650937,56
7235.017179387,37.950000000002255,0,1,0.0,0.0,0.0,0.0,0.0,0.0,0,0.0,0.005687981592650937,59
7235.027191778,37.96000000000223,0,1,0.0,0.0,0.0,0.0,0.0,0.0,0,0.0,0.005687981592650937,59
7235.037405743,37.97000000000221,0,1,0.0,0.0,0.0,0.0,0.0,0.0,0,0.0,0.005687981592650937,59
7235.048843016,37.980000000002185,0,1,0.0,0.0,0.0,0.0,0.0,0.0,0,0.0,0.005687981592650937,60
7235.057600959,37.99000000000216,0,1,0.0,0.0,0.0,0.0,0.0,0.0,0,0.0,0.005687981592650937,61
7235.067229493,38.00000000000214,0,1,0.0,0.0,0.0,0.0,0.0,0.0,0,0.0,0.005687981592650937,61
7235.077276,38.010000000002115,0,1,0.0,0.0,0.0,0.0,0.0,0.0,0,0.0,0.005687981592650937,61
7235.08718226,38.02000000000209,0,1,0.0,0.0,0.0,0.0,0.0,0.0,0,0.0,0.005687981592650937,64
7235.0972038,38.03000000000207,0,1,0.0,0.0,0.0,0.0,0.0,0.0,0,0.0,0.005687981592650937,64
7235.107336033,38.040000000002046,0,1,0.0,0.0,0.0,0.0,0.0,0.0,0,0.0,0.005687981592650937,64
7235.117221204,38.05000000000202,0,1,0.0,0.0,0.0,0.0,0.0,0.0,0,0.0,0.005687981592650937,67
7235.127403271,38.060000000002,0,1,0.0,0.0,0.0,0.0,0.0,0.0,0,0.0,0.005687981592650937,67
7235.137613504,38.070000000001976,0,1,0.0,0.0,0.0,0.0,0.0,0.0,0,0.0,0.005687981592650937,67
7235.147370281,38.08000000000195,0,1,0.0,0.0,0.0,0.0,0.0,0.0,0,0.0,0.005687981592650937,67
7235.157197698,38.09000000000193,0,1,0.0,0.0,0.0,0.0,0.0,0.0,0,0.0,0.005687981592650937,70
7235.167385232,38.100000000001906,0,1,0.0,0.0,0.0,0.0,0.0,0.0,0,0.0,0.005687981592650937,70
7235.177224099,38.11000000000188,0,1,0.0,0.0,0.0,0.0,0.0,0.0,0,0.0,0.005687981592650937,70
7235.187190532,38.12000000000186,0,1,0.0,0.0,0.0,0.0,0.0,0.0,0,0.0,0.005687981592650937,73
7235.197290958,38.130000000001836,0,1,0.0,0.0,0.0,0.0,0.0,0.0,0,0.0,0.005687981592650937,73
7235.207410481,38.14000000000181,0,1,0.0,0.0,0.0,0.0,0.0,0.0,0,0.0,0.005687981592650937,73
7235.218672819,38.15000000000179,0,1,0.0,0.0,0.0,0.0,0.0,0.0,0,0.0,0.005687981592650937,74
7235.227357871,38.160000000001766,0,1,0.0,0.0,0.0,0.0,0.0,0.0,0,0.0,0.005687981592650937,75
7235.237197469,38.17000000000174,0,1,0.0,0.0,0.0,0.0,0.0,0.0,0,0.0,0.005687981592650937,75
7235.247186632,38.18000000000172,0,1,0.0,0.0,0.0,0.0,0.0,0.0,0,0.0,0.005687981592650937,75
7235.257266191,38.190000000001696,0,1,0.0,0.0,0.0,0.0,0.0,0.0,0,0.0,0.005687981592650937,77
7235.267274915,38.20000000000167,0,1,0.0,0.0,0.0,0.0,0.0,0.0,0,0.0,0.005687981592650937,77
7235.277219458,38.21000000000165,0,1,0.0,0.0,0.0,0.0,0.0,0.0,0,0.0,0.005687981592650937,77
7235.287686382,38.220000000001626,0,1,0.0,0.0,0.0,0.0,0.0,0.0,0,0.0,0.005687981592650937,80
7235.297227495,38.2300000000016,0,1,0.0,0.0,0.0,0.0,0.0,0.0,0,0.0,0.005687981592650937,80
7235.307227443,38.24000000000158,0,1,0.0,0.0,0.0,0.0,0.0,0.0,0,0.0,0.005687981592650937,80
7235.317229527,38.250000000001556,0,1,0.0,0.0,0.0,0.0,0.0,0.0,0,0.0,0.005687981592650937,80
7235.327202362,38.26000000000153,0,1,0.0,0.0,0.0,0.0,0.0,0.0,0,0.0,0.005687981592650937,82
7235.337296132,38.27000000000151,0,1,0.0,0.0,0.0,0.0,0.0,0.0,0,0.0,0.005687981592650937,82
7235.347321862,38.280000000001486,0,1,0.0,0.0,0.0,0.0,0.0,0.0,0,0.0,0.005687981592650937,82
7235.357485064,38.29000000000146,0,1,0.0,0.0,0.0,0.0,0.0,0.0,0,0.0,0.005687981592650937,85
7235.367454323,38.30000000000144,0,1,0.0,0.0,0.0,0.0,0.0,0.0,0,0.0,0.005687981592650937,85
7235.377241156,38.310000000001416,0,1,0.0,0.0,0.0,0.0,0.0,0.0,0,0.0,0.005687981592650937,85
7235.389121505,38.32000000000139,0,1,0.0,0.0,0.0,0.0,0.0,0.0,0,0.0,0.005687981592650937,86
7235.397255242,38.33000000000137,0,1,0.0,0.0,0.0,0.0,0.0,0.0,0,0.0,0.005687981592650937,88
7235.407218648,38.340000000001346,0,1,0.0,0.0,0.0,0.0,0.0,0.0,0,0.0,0.005687981592650937,88
7235.417244546,38.35000000000132,0,1,0.0,0.0,0.0,0.0,0.0,0.0,0,0.0,0.005687981592650937,88
7235.427301044,38.3600000000013,0,1,0.0,0.0,0.0,0.0,0.0,0.0,0,0.0,0.005687981592650937,92
7235.437312367,38.370000000001276,0,1,0.0,0.0,0.0,0.0,0.0,0.0,0,0.0,0.005687981592650937,92
7235.447355573,38.38000000000125,0,1,0.0,0.0,0.0,0.0,0.0,0.0,0,0.0,0.005687981592650937,92
7235.457963797,38.39000000000123,0,1,0.0,0.0,0.0,0.0,0.0,0.0,0,0.0,0.005687981592650937,95
7235.46724252,38.40000000000121,0,1,0.0,0.0,0.0,0.0,0.0,0.0,0,0.0,0.005687981592650937,95
7235.477261265,38.41000000000118,0,1,0.0,0.0,0.0,0.0,0.0,0.0,0,0.0,0.005687981592650937,95
7235.487299474,38.42000000000116,0,1,0.0,0.0,0.0,0.0,0.0,0.0,0,0.0,0.005687981592650937,0
7235.497361891,38.43000000000114,0,1,0.0,0.0,0.0,0.0,0.0,0.0,0,0.0,0.005687981592650937,4
7235.507279054,38.44000000000111,0,1,0.0,0.0,0.0,0.0,0.0,0.0,0,0.0,0.005687981592650937,4
7235.517290855,38.45000000000109,0,1,0.0,0.0,0.0,0.0,0.0,0.0,0,0.0,0.005687981592650937,4
7235.528096878,38.46000000000107,0,1,0.0,0.0,0.0,0.0,0.0,0.0,0,0.0,0.005687981592650937,9
7235.537263059,38.47000000000104,0,1,0.0,0.0,0.0,0.0,0.0,0.0,0,0.0,0.005687981592650937,10
7235.547286844,38.48000000000102,0,1,0.0,0.0,0.0,0.0,0.0,0.0,0,0.0,0.005687981592650937,10
7235.560028007,38.490000000001,0,1,0.0,0.0,0.0,0.0,0.0,0.0,0,0.0,0.005687981592650937,11
7235.567276519,38.50000000000097,0,1,0.0,0.0,0.0,0.0,0.0,0.0,0,0.0,0.005687981592650937,14
7235.577345795,38.51000000000095,0,1,0.0,0.0,0.0,0.0,0.0,0.0,0,0.0,0.005687981592650937,14
7235.587227459,38.52000000000093,0,1,0.0,0.0,0.0,0.0,0.0,0.0,0,0.0,0.005687981592650937,14
7235.597508027,38.5300000000009,0,1,0.0,0.0,0.0,0.0,0.0,0.0,0,0.0,0.005687981592650937,16
7235.607397877,38.54000000000088,0,1,0.0,0.0,0.0,0.0,0.0,0.0,0,0.0,0.005687981592650937,16
7235.617389191,38.55000000000086,0,1,0.0,0.0,0.0,0.0,0.0,0.0,0,0.0,0.005687981592650937,17
7235.62843456,38.560000000000834,0,1,0.0,0.0,0.0,0.0,0.0,0.0,0,0.0,0.005687981592650937,20
7235.637611971,38.57000000000081,0,1,0.0,0.0,0.0,0.0,0.0,0.0,0,0.0,0.005687981592650937,21
7235.64733819,38.58000000000079,0,1,0.0,0.0,0.0,0.0,0.0,0.0,0,0.0,0.005687981592650937,21
7235.658191489,38.590000000000764,0,1,0.0,0.0,0.0,0.0,0.0,0.0,0,0.0,0.005687981592650937,21
7235.672851087,38.60000000000074,0,1,0.0,0.0,0.0,0.0,0.0,0.0,0,0.0,0.005687981592650937,25
7235.682828966,38.61000000000072,0,1,0.0,0.0,0.0,0.0,0.0,0.0,0,0.0,0.005687981592650937,25
7235.697313318,38.620000000000694,0,1,0.0,0.0,0.0,0.0,0.0,0.0,0,0.0,0.005687981592650937,27
7235.70281662,38.63000000000067,0,1,0.0,0.0,0.0,0.0,0.0,0.0,0,0.0,0.005687981592650937,32
7235.712854154,38.64000000000065,0,1,0.0,0.0,0.0,0.0,0.0,0.0,0,0.0,0.005687981592650937,32
7235.722716251,38.650000000000624,0,1,0.0,0.0,0.0,0.0,0.0,0.0,0,0.0,0.005687981592650937,33
7235.732778798,38.6600000000006,0,1,0.0,0.0,0.0,0.0,0.0,0.0,0,0.0,0.005687981592650937,35
7235.742759091,38.67000000000058,0,1,0.0,0.0,0.0,0.0,0.0,0.0,0,0.0,0.005687981592650937,35
7235.752829364,38.680000000000554,0,1,0.0,0.0,0.0,0.0,0.0,0.0,0,0.0,0.005687981592650937,35
7235.763577839,38.69000000000053,0,1,0.0,0.0,0.0,0.0,0.0,0.0,0,0.0,0.005687981592650937,38
7235.772746164,38.70000000000051,0,1,0.0,0.0,0.0,0.0,0.0,0.0,0,0.0,0.005687981592650937,39
7235.78328418,38.710000000000484,0,1,0.0,0.0,0.0,0.0,0.0,0.0,0,0.0,0.005687981592650937,39
7235.792830233,38.72000000000046,0,1,0.0,0.0,0.0,0.0,0.0,0.0,0,0.0,0.005687981592650937,39
7235.802775597,38.73000000000044,0,1,0.0,0.0,0.0,0.0,0.0,0.0,0,0.0,0.005687981592650937,46
7235.812726659,38.740000000000414,0,1,0.0,0.0,0.0,0.0,0.0,0.0,0,0.0,0.005687981592650937,46
7235.822779771,38.75000000000039,0,1,0.0,0.0,0.0,0.0,0.0,0.0,0,0.0,0.005687981592650937,46
7235.838596853,38.76000000000037,0,1,0.0,0.0,0.0,0.0,0.0,0.0,0,0.0,0.005687981592650937,47
7235.848509993,38.770000000000344,0,1,0.0,0.0,0.0,0.0,0.0,0.0,0,0.0,0.005687981592650937,47
7235.858614912,38.78000000000032,0,1,0.0,0.0,0.0,0.0,0.0,0.0,0,0.0,0.005687981592650937,47
7235.86842473,38.7900000000003,0,1,0.0,0.0,0.0,0.0,0.0,0.0,0,0.0,0.005687981592650937,53
7235.878558361,38.800000000000274,0,1,0.0,0.0,0.0,0.0,0.0,0.0,0,0.0,0.005687981592650937,53
7235.888349555,38.81000000000025,0,1,0.0,0.0,0.0,0.0,0.0,0.0,0,0.0,0.005687981592650937,54
7235.899905221,38.82000000000023,0,1,0.0,0.0,0.0,0.0,0.0,0.0,0,0.0,0.005687981592650937,57
7235.908343786,38.830000000000204,0,1,0.0,0.0,0.0,0.0,0.0,0.0,0,0.0,0.005687981592650937,58
7235.918352978,38.84000000000018,0,1,0.0,0.0,0.0,0.0,0.0,0.0,0,0.0,0.005687981592650937,58
7235.928345533,38.85000000000016,0,1,0.0,0.0,0.0,0.0,0.0,0.0,0,0.0,0.005687981592650937,58
7235.93859175,38.860000000000134,0,1,0.0,0.0,0.0,0.0,0.0,0.0,0,0.0,0.005687981592650937,61
7235.948435493,38.87000000000011,0,1,0.0,0.0,0.0,0.0,0.0,0.0,0,0.0,0.005687981592650937,61
7235.958408373,38.88000000000009,0,1,0.0,0.0,0.0,0.0,0.0,0.0,0,0.0,0.005687981592650937,61
7235.968391711,38.890000000000065,0,1,0.0,0.0,0.0,0.0,0.0,0.0,0,0.0,0.005687981592650937,64
7235.978372933,38.90000000000004,0,1,0.0,0.0,0.0,0.0,0.0,0.0,0,0.0,0.005687981592650937,64
7235.988328,38.91000000000002,0,1,0.0,0.0,0.0,0.0,0.0,0.0,0,0.0,0.005687981592650937,64
7235.999982304,38.919999999999995,0,1,0.0,0.0,0.0,0.0,0.0,0.0,0,0.0,0.005687981592650937,65
7236.00834094,38.92999999999997,0,1,0.0,0.0,0.0,0.0,0.0,0.0,0,0.0,0.005687981592650937,66
7236.018352962,38.93999999999995,0,1,0.0,0.0,0.0,0.0,0.0,0.0,0,0.0,0.005687981592650937,66
7236.028399921,38.949999999999925,0,1,0.0,0.0,0.0,0.0,0.0,0.0,0,0.0,0.005687981592650937,66
7236.038344457,38.9599999999999,0,1,0.0,0.0,0.0,0.0,0.0,0.0,0,0.0,0.005687981592650937,69
7236.048335037,38.96999999999988,0,1,0.0,0.0,0.0,0.0,0.0,0.0,0,0.0,0.005687981592650937,70
7236.058332042,38.979999999999855,0,1,0.0,0.0,0.0,0.0,0.0,0.0,0,0.0,0.005687981592650937,70
7236.068379303,38.98999999999983,0,1,0.0,0.0,0.0,0.0,0.0,0.0,0,0.0,0.005687981592650937,72
7236.078474533,38.99999999999981,0,1,0.0,0.0,0.0,0.0,0.0,0.0,0,0.0,0.005687981592650937,72
7236.088477153,39.009999999999785,0,1,0.0,0.0,0.0,0.0,0.0,0.0,0,0.0,0.005687981592650937,72
7236.098423284,39.01999999999976,0,1,0.0,0.0,0.0,0.0,0.0,0.0,0,0.0,0.005687981592650937,72
7236.108369625,39.02999999999974,0,1,0.0,0.0,0.0,0.0,0.0,0.0,0,0.0,0.005687981592650937,75
7236.118347757,39.039999999999715,0,1,0.0,0.0,0.0,0.0,0.0,0.0,0,0.0,0.005687981592650937,75
7236.128334789,39.04999999999969,0,1,0.0,0.0,0.0,0.0,0.0,0.0,0,0.0,0.005687981592650937,75
7236.138329688,39.05999999999967,0,1,0.0,0.0,0.0,0.0,0.0,0.0,0,0.0,0.005687981592650937,77
7236.148342855,39.069999999999645,0,1,0.0,0.0,0.0,0.0,0.0,0.0,0,0.0,0.005687981592650937,77
7236.158355664,39.07999999999962,0,1,0.0,0.0,0.0,0.0,0.0,0.0,0,0.0,0.005687981592650937,77
7236.170557861,39.0899999999996,0,1,0.0,0.0,0.0,0.0,0.0,0.0,0,0.0,0.005687981592650937,78
7236.178338143,39.099999999999575,0,1,0.0,0.0,0.0,0.0,0.0,0.0,0,0.0,0.005687981592650937,80
7236.188649404,39.10999999999955,0,1,0.0,0.0,0.0,0.0,0.0,0.0,0,0.0,0.005687981592650937,80
7236.198350036,39.11999999999953,0,1,0.0,0.0,0.0,0.0,0.0,0.0,0,0.0,0.005687981592650937,80
7236.20835262,39.129999999999505,0,1,0.0,0.0,0.0,0.0,0.0,0.0,0,0.0,0.005687981592650937,83
7236.21839737,39.13999999999948,0,1,0.0,0.0,0.0,0.0,0.0,0.0,0,0.0,0.005687981592650937,83
7236.228353418,39.14999999999946,0,1,0.0,0.0,0.0,0.0,0.0,0.0,0,0.0,0.005687981592650937,83
7236.23858483,39.159999999999435,0,1,0.0,0.0,0.0,0.0,0.0,0.0,0,0.0,0.005687981592650937,86
7236.248404138,39.16999999999941,0,1,0.0,0.0,0.0,0.0,0.0,0.0,0,0.0,0.005687981592650937,86
7236.258363205,39.17999999999939,0,1,0.0,0.0,0.0,0.0,0.0,0.0,0,0.0,0.005687981592650937,86
7236.268331929,39.189999999999365,0,1,0.0,0.0,0.0,0.0,0.0,0.0,0,0.0,0.005687981592650937,86
7236.278442072,39.19999999999934,0,1,0.0,0.0,0.0,0.0,0.0,0.0,0,0.0,0.005687981592650937,90
7236.288376028,39.20999999999932,0,1,0.0,0.0,0.0,0.0,0.0,0.0,0,0.0,0.005687981592650937,90
7236.298362034,39.219999999999295,0,1,0.0,0.0,0.0,0.0,0.0,0.0,0,0.0,0.005687981592650937,90
7236.308333365,39.22999999999927,0,1,0.0,0.0,0.0,0.0,0.0,0.0,0,0.0,0.005687981592650937,94
7236.31832897,39.23999999999925,0,1,0.0,0.0,0.0,0.0,0.0,0.0,0,0.0,0.005687981592650937,94
7236.328387729,39.249999999999226,0,1,0.0,0.0,0.0,0.0,0.0,0.0,0,0.0,0.005687981592650937,94
7236.340471509,39.2599999999992,0,1,0.0,0.0,0.0,0.0,0.0,0.0,0,0.0,0.005687981592650937,95
7236.348349311,39.26999999999918,0,1,0.0,0.0,0.0,0.0,0.0,0.0,0,0.0,0.005687981592650937,97
7236.358334724,39.279999999999156,0,1,0.0,0.0,0.0,0.0,0.0,0.0,0,0.0,0.005687981592650937,97
7236.368336592,39.28999999999913,0,1,0.0,0.0,0.0,0.0,0.0,0.0,0,0.0,0.005687981592650937,97
7236.378402526,39.29999999999911,0,1,0.0,0.0,0.0,0.0,0.0,0.0,0,0.0,0.005687981592650937,100
7236.38836209,39.309999999999086,0,1,0.0,0.0,0.0,0.0,0.0,0.0,0,0.0,0.005687981592650937,100
7236.398363046,39.31999999999906,0,1,0.0,0.0,0.0,0.0,0.0,0.0,0,0.0,0.005687981592650937,100
7236.408514229,39.32999999999904,0,1,0.0,0.0,0.0,0.0,0.0,0.0,0,0.0,0.005687981592650937,103
7236.418409464,39.339999999999016,0,1,0.0,0.0,0.0,0.0,0.0,0.0,0,0.0,0.005687981592650937,103
7236.428331647,39.34999999999899,0,1,0.0,0.0,0.0,0.0,0.0,0.0,0,0.0,0.005687981592650937,103
7236.438455951,39.35999999999897,0,1,0.0,0.0,0.0,0.0,0.0,0.0,0,0.0,0.005687981592650937,103
7236.448320376,39.369999999998946,0,1,0.0,0.0,0.0,0.0,0.0,0.0,0,0.0,0.005687981592650937,106
7236.45836501,39.37999999999892,0,1,0.0,0.0,0.0,0.0,0.0,0.0,0,0.0,0.005687981592650937,106
7236.468337669,39.3899999999989,0,1,0.0,0.0,0.0,0.0,0.0,0.0,0,0.0,0.005687981592650937,106
7236.478330534,39.399999999998876,0,1,0.0,0.0,0.0,0.0,0.0,0.0,0,0.0,0.005687981592650937,109
7236.488376718,39.40999999999885,0,1,0.0,0.0,0.0,0.0,0.0,0.0,0,0.0,0.005687981592650937,0
7236.49833643,39.41999999999883,0,1,0.0,0.0,0.0,0.0,0.0,0.0,0,0.0,0.005687981592650937,0
7236.510341712,39.429999999998806,0,1,0.0,0.0,0.0,0.0,0.0,0.0,0,0.0,0.005687981592650937,1
7236.518628459,39.43999999999878,0,1,0.0,0.0,0.0,0.0,0.0,0.0,0,0.0,0.005687981592650937,3
7236.528465909,39.44999999999876,0,1,0.0,0.0,0.0,0.0,0.0,0.0,0,0.0,0.005687981592650937,3
7236.538368954,39.459999999998736,0,1,0.0,0.0,0.0,0.0,0.0,0.0,0,0.0,0.005687981592650937,3
7236.548325742,39.46999999999871,0,1,0.0,0.0,0.0,0.0,0.0,0.0,0,0.0,0.005687981592650937,6
7236.558334116,39.47999999999869,0,1,0.0,0.0,0.0,0.0,0.0,0.0,0,0.0,0.005687981592650937,6
7236.56833257,39.489999999998666,0,1,0.0,0.0,0.0,0.0,0.0,0.0,0,0.0,0.005687981592650937,6
7236.578485531,39.49999999999864,0,1,0.0,0.0,0.0,0.0,0.0,0.0,0,0.0,0.005687981592650937,9
7236.588428601,39.50999999999862,0,1,0.0,0.0,0.0,0.0,0.0,0.0,0,0.0,0.005687981592650937,9
7236.598330485,39.519999999998596,0,1,0.0,0.0,0.0,0.0,0.0,0.0,0,0.0,0.005687981592650937,9
7236.608378687,39.52999999999857,0,1,0.0,0.0,0.0,0.0,0.0,0.0,0,0.0,0.005687981592650937,9
7236.618560465,39.53999999999855,0,1,0.0,0.0,0.0,0.0,0.0,0.0,0,0.0,0.005687981592650937,12
7236.6283985,39.549999999998526,0,1,0.0,0.0,0.0,0.0,0.0,0.0,0,0.0,0.005687981592650937,13
7236.638414163,39.5599999999985,0,1,0.0,0.0,0.0,0.0,0.0,0.0,0,0.0,0.005687981592650937,13
7236.648332811,39.56999999999848,0,1,0.0,0.0,0.0,0.0,0.0,0.0,0,0.0,0.005687981592650937,16
7236.658468065,39.579999999998456,0,1,0.0,0.0,0.0,0.0,0.0,0.0,0,0.0,0.005687981592650937,16
7236.668495967,39.58999999999843,0,1,0.0,0.0,0.0,0.0,0.0,0.0,0,0.0,0.005687981592650937,16
7236.680745676,39.59999999999841,0,1,0.0,0.0,0.0,0.0,0.0,0.0,0,0.0,0.005687981592650937,17
7236.688398759,39.60999999999839,0,1,0.0,0.0,0.0,0.0,0.0,0.0,0,0.0,0.005687981592650937,19
7236.69836104,39.61999999999836,0,1,0.0,0.0,0.0,0.0,0.0,0.0,0,0.0,0.005687981592650937,19
7236.708346029,39.62999999999834,0,1,0.0,0.0,0.0,0.0,0.0,0.0,0,0.0,0.005687981592650937,19
7236.71849695,39.63999999999832,0,1,0.0,0.0,0.0,0.0,0.0,0.0,0,0.0,0.005687981592650937,25
7236.728640178,39.64999999999829,0,1,0.0,0.0,0.0,0.0,0.0,0.0,0,0.0,0.005687981592650937,25
7236.738495722,39.65999999999827,0,1,0.0,0.0,0.0,0.0,0.0,0.0,0,0.0,0.005687981592650937,26
7236.750457457,39.66999999999825,0,1,0.0,0.0,0.0,0.0,0.0,0.0,0,0.0,0.005687981592650937,29
7236.758456613,39.67999999999822,0,1,0.0,0.0,0.0,0.0,0.0,0.0,0,0.0,0.005687981592650937,31
7236.768562306,39.6899999999982,0,1,0.0,0.0,0.0,0.0,0.0,0.0,0,0.0,0.005687981592650937,31
7236.778598586,39.69999999999818,0,1,0.0,0.0,0.0,0.0,0.0,0.0,0,0.0,0.005687981592650937,31
7236.788527801,39.70999999999815,0,1,0.0,0.0,0.0,0.0,0.0,0.0,0,0.0,0.005687981592650937,37
7236.798642258,39.71999999999813,0,1,0.0,0.0,0.0,0.0,0.0,0.0,0,0.0,0.005687981592650937,37
7236.8085801,39.72999999999811,0,1,0.0,0.0,0.0,0.0,0.0,0.0,0,0.0,0.005687981592650937,37
7236.818405347,39.73999999999808,0,1,0.0,0.0,0.0,0.0,0.0,0.0,0,0.0,0.005687981592650937,40
7236.828441466,39.74999999999806,0,1,0.0,0.0,0.0,0.0,0.0,0.0,0,0.0,0.005687981592650937,40
7236.83837377,39.75999999999804,0,1,0.0,0.0,0.0,0.0,0.0,0.0,0,0.0,0.005687981592650937,40
7236.850812202,39.769999999998014,0,1,0.0,0.0,0.0,0.0,0.0,0.0,0,0.0,0.005687981592650937,41
7236.858365961,39.77999999999799,0,1,0.0,0.0,0.0,0.0,0.0,0.0,0,0.0,0.005687981592650937,44
7236.868341778,39.78999999999797,0,1,0.0,0.0,0.0,0.0,0.0,0.0,0,0.0,0.005687981592650937,44
7236.87845663,39.799999999997944,0,1,0.0,0.0,0.0,0.0,0.0,0.0,0,0.0,0.005687981592650937,44
7236.888422313,39.80999999999792,0,1,0.0,0.0,0.0,0.0,0.0,0.0,0,0.0,0.005687981592650937,47
7236.898350436,39.8199999999979,0,1,0.0,0.0,0.0,0.0,0.0,0.0,0,0.0,0.005687981592650937,47
7236.908386973,39.829999999997874,0,1,0.0,0.0,0.0,0.0,0.0,0.0,0,0.0,0.005687981592650937,47
7236.918667262,39.83999999999785,0,1,0.0,0.0,0.0,0.0,0.0,0.0,0,0.0,0.005687981592650937,50
7236.928395696,39.84999999999783,0,1,0.0,0.0,0.0,0.0,0.0,0.0,0,0.0,0.005687981592650937,50
7236.938354409,39.859999999997804,0,1,0.0,0.0,0.0,0.0,0.0,0.0,0,0.0,0.005687981592650937,50
7236.948329637,39.86999999999778,0,1,0.0,0.0,0.0,0.0,0.0,0.0,0,0.0,0.005687981592650937,50
7236.958398724,39.87999999999776,0,1,0.0,0.0,0.0,0.0,0.0,0.0,0,0.0,0.005687981592650937,53
7236.968352691,39.889999999997734,0,1,0.0,0.0,0.0,0.0,0.0,0.0,0,0.0,0.005687981592650937,53
7236.978345604,39.89999999999771,0,1,0.0,0.0,0.0,0.0,0.0,0.0,0,0.0,0.005687981592650937,53
7236.988382929,39.90999999999769,0,1,0.0,0.0,0.0,0.0,0.0,0.0,0,0.0,0.005687981592650937,56
7236.998360603,39.919999999997664,0,1,0.0,0.0,0.0,0.0,0.0,0.0,0,0.0,0.005687981592650937,56
7237.008330654,39.92999999999764,0,1,0.0,0.0,0.0,0.0,0.0,0.0,0,0.0,0.005687981592650937,56
7237.02271946,39.93999999999762,0,1,0.0,0.0,0.0,0.0,0.0,0.0,0,0.0,0.005687981592650937,57
7237.028465628,39.949999999997594,0,1,0.0,0.0,0.0,0.0,0.0,0.0,0,0.0,0.005687981592650937,62
7237.038366967,39.95999999999757,0,1,0.0,0.0,0.0,0.0,0.0,0.0,0,0.0,0.005687981592650937,62
7237.048325725,39.96999999999755,0,1,0.0,0.0,0.0,0.0,0.0,0.0,0,0.0,0.005687981592650937,62
7237.058358026,39.979999999997524,0,1,0.0,0.0,0.0,0.0,0.0,0.0,0,0.0,0.005687981592650937,65
7237.068352461,39.9899999999975,0,1,0.0,0.0,0.0,0.0,0.0,0.0,0,0.0,0.005687981592650937,65
7237.078334091,39.99999999999748,0,1,0.0,0.0,0.0,0.0,0.0,0.0,0,0.0,0.005687981592650937,65
7237.088344946,40.009999999997454,0,1,0.0,0.0,0.0,0.0,0.0,0.0,0,0.0,0.005687981592650937,67
7237.098342332,40.01999999999743,0,1,0.0,0.0,0.0,0.0,0.0,0.0,0,0.0,0.005687981592650937,67
7237.108346131,40.02999999999741,0,1,0.0,0.0,0.0,0.0,0.0,0.0,0,0.0,0.005687981592650937,67
7237.118339756,40.039999999997384,0,1,0.0,0.0,0.0,0.0,0.0,0.0,0,0.0,0.005687981592650937,67
7237.128512093,40.04999999999736,0,1,0.0,0.0,0.0,0.0,0.0,0.0,0,0.0,0.005687981592650937,71
7237.138358904,40.05999999999734,0,1,0.0,0.0,0.0,0.0,0.0,0.0,0,0.0,0.005687981592650937,71
7237.148463451,40.069999999997314,0,1,0.0,0.0,0.0,0.0,0.0,0.0,0,0.0,0.005687981592650937,71
7237.158478287,40.07999999999729,0,1,0.0,0.0,0.0,0.0,0.0,0.0,0,0.0,0.005687981592650937,75
7237.168413257,40.08999999999727,0,1,0.0,0.0,0.0,0.0,0.0,0.0,0,0.0,0.005687981592650937,75
7237.178331217,40.099999999997245,0,1,0.0,0.0,0.0,0.0,0.0,0.0,0,0.0,0.005687981592650937,75
7237.189817266,40.10999999999722,0,1,0.0,0.0,0.0,0.0,0.0,0.0,0,0.0,0.005687981592650937,76
7237.198366504,40.1199999999972,0,1,0.0,0.0,0.0,0.0,0.0,0.0,0,0.0,0.005687981592650937,77
7237.208347567,40.129999999997175,0,1,0.0,0.0,0.0,0.0,0.0,0.0,0,0.0,0.005687981592650937,77
7237.218510486,40.13999999999715,0,1,0.0,0.0,0.0,0.0,0.0,0.0,0,0.0,0.005687981592650937,77
7237.228547876,40.14999999999713,0,1,0.0,0.0,0.0,0.0,0.0,0.0,0,0.0,0.005687981592650937,81
7237.238422752,40.159999999997105,0,1,0.0,0.0,0.0,0.0,0.0,0.0,0,0.0,0.005687981592650937,81
7237.248369943,40.16999999999708,0,1,0.0,0.0,0.0,0.0,0.0,0.0,0,0.0,0.005687981592650937,81
7237.260056612,40.17999999999706,0,1,0.0,0.0,0.0,0.0,0.0,0.0,0,0.0,0.005687981592650937,84
7237.26843637,40.189999999997035,0,1,0.0,0.0,0.0,0.0,0.0,0.0,0,0.0,0.005687981592650937,86
7237.278369119,40.19999999999701,0,1,0.0,0.0,0.0,0.0,0.0,0.0,0,0.0,0.005687981592650937,86
7237.288335957,40.20999999999699,0,1,0.0,0.0,0.0,0.0,0.0,0.0,0,0.0,0.005687981592650937,86
7237.298374716,40.219999999996965,0,1,0.0,0.0,0.0,0.0,0.0,0.0,0,0.0,0.005687981592650937,89
7237.308328684,40.22999999999694,0,1,0.0,0.0,0.0,0.0,0.0,0.0,0,0.0,0.005687981592650937,89
7237.318354834,40.23999999999692,0,1,0.0,0.0,0.0,0.0,0.0,0.0,0,0.0,0.005687981592650937,89
7237.328347165,40.249999999996895,0,1,0.0,0.0,0.0,0.0,0.0,0.0,0,0.0,0.005687981592650937,92
7237.338389333,40.25999999999687,0,1,0.0,0.0,0.0,0.0,0.0,0.0,0,0.0,0.005687981592650937,92
7237.348433268,40.26999999999685,0,1,0.0,0.0,0.0,0.0,0.0,0.0,0,0.0,0.005687981592650937,92
7237.360941427,40.279999999996825,0,1,0.0,0.0,0.0,0.0,0.0,0.0,0,0.0,0.005687981592650937,93
7237.368417476,40.2899999999968,0,1,0.0,0.0,0.0,0.0,0.0,0.0,0,0.0,0.005687981592650937,95
7237.378351073,40.29999999999678,0,1,0.0,0.0,0.0,0.0,0.0,0.0,0,0.0,0.005687981592650937,95
7237.388353725,40.309999999996755,0,1,0.0,0.0,0.0,0.0,0.0,0.0,0,0.0,0.005687981592650937,95
7237.398355176,40.31999999999673,0,1,0.0,0.0,0.0,0.0,0.0,0.0,0,0.0,0.005687981592650937,98
7237.408335362,40.32999999999671,0,1,0.0,0.0,0.0,0.0,0.0,0.0,0,0.0,0.005687981592650937,98
7237.418351448,40.339999999996685,0,1,0.0,0.0,0.0,0.0,0.0,0.0,0,0.0,0.005687981592650937,98
7237.429155842,40.34999999999666,0,1,0.0,0.0,0.0,0.0,0.0,0.0,0,0.0,0.005687981592650937,101
7237.438393944,40.35999999999664,0,1,0.0,0.0,0.0,0.0,0.0,0.0,0,0.0,0.005687981592650937,101
7237.448380972,40.369999999996615,0,1,0.0,0.0,0.0,0.0,0.0,0.0,0,0.0,0.005687981592650937,101
7237.458331438,40.37999999999659,0,1,0.0,0.0,0.0,0.0,0.0,0.0,0,0.0,0.005687981592650937,101
7237.468330015,40.38999999999657,0,1,0.0,0.0,0.0,0.0,0.0,0.0,0,0.0,0.005687981592650937,104
7237.478337622,40.399999999996545,0,1,0.0,0.0,0.0,0.0,0.0,0.0,0,0.0,0.005687981592650937,104
7237.488349831,40.40999999999652,0,1,0.0,0.0,0.0,0.0,0.0,0.0,0,0.0,0.005687981592650937,0
7237.498336194,40.4199999999965,0,1,0.0,0.0,0.0,0.0,0.0,0.0,0,0.0,0.005687981592650937,4
7237.508338554,40.429999999996475,0,1,0.0,0.0,0.0,0.0,0.0,0.0,0,0.0,0.005687981592650937,4
7237.518354945,40.43999999999645,0,1,0.0,0.0,0.0,0.0,0.0,0.0,0,0.0,0.005687981592650937,4
7237.530226041,40.44999999999643,0,1,0.0,0.0,0.0,0.0,0.0,0.0,0,0.0,0.005687981592650937,5
7237.53838481,40.459999999996406,0,1,0.0,0.0,0.0,0.0,0.0,0.0,0,0.0,0.005687981592650937,7
7237.548419203,40.46999999999638,0,1,0.0,0.0,0.0,0.0,0.0,0.0,0,0.0,0.005687981592650937,7
7237.558447673,40.47999999999636,0,1,0.0,0.0,0.0,0.0,0.0,0.0,0,0.0,0.005687981592650937,7
7237.568326645,40.489999999996336,0,1,0.0,0.0,0.0,0.0,0.0,0.0,0,0.0,0.005687981592650937,10
7237.578343303,40.49999999999631,0,1,0.0,0.0,0.0,0.0,0.0,0.0,0,0.0,0.005687981592650937,10
7237.588353644,40.50999999999629,0,1,0.0,0.0,0.0,0.0,0.0,0.0,0,0.0,0.005687981592650937,10
7237.598339299,40.519999999996266,0,1,0.0,0.0,0.0,0.0,0.0,0.0,0,0.0,0.005687981592650937,12
7237.608364883,40.52999999999624,0,1,0.0,0.0,0.0,0.0,0.0,0.0,0,0.0,0.005687981592650937,12
7237.618440578,40.53999999999622,0,1,0.0,0.0,0.0,0.0,0.0,0.0,0,0.0,0.005687981592650937,12
7237.628410414,40.549999999996196,0,1,0.0,0.0,0.0,0.0,0.0,0.0,0,0.0,0.005687981592650937,13
7237.638400351,40.55999999999617,0,1,0.0,0.0,0.0,0.0,0.0,0.0,0,0.0,0.005687981592650937,17
7237.648351223,40.56999999999615,0,1,0.0,0.0,0.0,0.0,0.0,0.0,0,0.0,0.005687981592650937,17
7237.658355965,40.579999999996126,0,1,0.0,0.0,0.0,0.0,0.0,0.0,0,0.0,0.005687981592650937,17
7237.668367622,40.5899999999961,0,1,0.0,0.0,0.0,0.0,0.0,0.0,0,0.0,0.005687981592650937,22
7237.678383296,40.59999999999608,0,1,0.0,0.0,0.0,0.0,0.0,0.0,0,0.0,0.005687981592650937,22
7237.688339849,40.609999999996056,0,1,0.0,0.0,0.0,0.0,0.0,0.0,0,0.0,0.005687981592650937,22
7237.700371362,40.61999999999603,0,1,0.0,0.0,0.0,0.0,0.0,0.0,0,0.0,0.005687981592650937,23
7237.708409017,40.62999999999601,0,1,0.0,0.0,0.0,0.0,0.0,0.0,0,0.0,0.005687981592650937,25
7237.718368102,40.639999999995986,0,1,0.0,0.0,0.0,0.0,0.0,0.0,0,0.0,0.005687981592650937,26
7237.728335138,40.64999999999596,0,1,0.0,0.0,0.0,0.0,0.0,0.0,0,0.0,0.005687981592650937,26
7237.738404799,40.65999999999594,0,1,0.0,0.0,0.0,0.0,0.0,0.0,0,0.0,0.005687981592650937,29
7237.748344914,40.669999999995916,0,1,0.0,0.0,0.0,0.0,0.0,0.0,0,0.0,0.005687981592650937,29
7237.758444233,40.67999999999589,0,1,0.0,0.0,0.0,0.0,0.0,0.0,0,0.0,0.005687981592650937,29
7237.768920057,40.68999999999587,0,1,0.0,0.0,0.0,0.0,0.0,0.0,0,0.0,0.005687981592650937,32
7237.778437935,40.699999999995846,0,1,0.0,0.0,0.0,0.0,0.0,0.0,0,0.0,0.005687981592650937,32
7237.788513907,40.70999999999582,0,1,0.0,0.0,0.0,0.0,0.0,0.0,0,0.0,0.005687981592650937,32
7237.798409953,40.7199999999958,0,1,0.0,0.0,0.0,0.0,0.0,0.0,0,0.0,0.005687981592650937,32
7237.808342488,40.729999999995776,0,1,0.0,0.0,0.0,0.0,0.0,0.0,0,0.0,0.005687981592650937,36
7237.818427911,40.73999999999575,0,1,0.0,0.0,0.0,0.0,0.0,0.0,0,0.0,0.005687981592650937,36
7237.828366232,40.74999999999573,0,1,0.0,0.0,0.0,0.0,0.0,0.0,0,0.0,0.005687981592650937,36
7237.838343701,40.759999999995706,0,1,0.0,0.0,0.0,0.0,0.0,0.0,0,0.0,0.005687981592650937,40
7237.848375388,40.76999999999568,0,1,0.0,0.0,0.0,0.0,0.0,0.0,0,0.0,0.005687981592650937,40
7237.85836307,40.77999999999566,0,1,0.0,0.0,0.0,0.0,0.0,0.0,0,0.0,0.005687981592650937,40
7237.870107257,40.789999999995636,0,1,0.0,0.0,0.0,0.0,0.0,0.0,0,0.0,0.005687981592650937,41
7237.878402545,40.79999999999561,0,1,0.0,0.0,0.0,0.0,0.0,0.0,0,0.0,0.005687981592650937,43
7237.888347142,40.80999999999559,0,1,0.0,0.0,0.0,0.0,0.0,0.0,0,0.0,0.005687981592650937,44
7237.898338299,40.81999999999557,0,1,0.0,0.0,0.0,0.0,0.0,0.0,0,0.0,0.005687981592650937,44
7237.90841384,40.82999999999554,0,1,0.0,0.0,0.0,0.0,0.0,0.0,0,0.0,0.005687981592650937,47
7237.918365799,40.83999999999552,0,1,0.0,0.0,0.0,0.0,0.0,0.0,0,0.0,0.005687981592650937,48
7237.928499398,40.8499999999955,0,1,0.0,0.0,0.0,0.0,0.0,0.0,0,0.0,0.005687981592650937,48
7237.938338546,40.85999999999547,0,1,0.0,0.0,0.0,0.0,0.0,0.0,0,0.0,0.005687981592650937,50
7237.948350116,40.86999999999545,0,1,0.0,0.0,0.0,0.0,0.0,0.0,0,0.0,0.005687981592650937,50
7237.958353124,40.87999999999543,0,1,0.0,0.0,0.0,0.0,0.0,0.0,0,0.0,0.005687981592650937,50
7237.968346342,40.8899999999954,0,1,0.0,0.0,0.0,0.0,0.0,0.0,0,0.0,0.005687981592650937,50
7237.978349675,40.89999999999538,0,1,0.0,0.0,0.0,0.0,0.0,0.0,0,0.0,0.005687981592650937,52
7237.98834846,40.90999999999536,0,1,0.0,0.0,0.0,0.0,0.0,0.0,0,0.0,0.005687981592650937,52
7237.998418485,40.91999999999533,0,1,0.0,0.0,0.0,0.0,0.0,0.0,0,0.0,0.005687981592650937,52
7238.008352035,40.92999999999531,0,1,0.0,0.0,0.0,0.0,0.0,0.0,0,0.0,0.005687981592650937,56
7238.018416458,40.93999999999529,0,1,0.0,0.0,0.0,0.0,0.0,0.0,0,0.0,0.005687981592650937,56
7238.028373313,40.94999999999526,0,1,0.0,0.0,0.0,0.0,0.0,0.0,0,0.0,0.005687981592650937,56
7238.040573172,40.95999999999524,0,1,0.0,0.0,0.0,0.0,0.0,0.0,0,0.0,0.005687981592650937,57
7238.048349505,40.96999999999522,0,1,0.0,0.0,0.0,0.0,0.0,0.0,0,0.0,0.005687981592650937,59
7238.058348786,40.979999999995194,0,1,0.0,0.0,0.0,0.0,0.0,0.0,0,0.0,0.005687981592650937,59
7238.068332569,40.98999999999517,0,1,0.0,0.0,0.0,0.0,0.0,0.0,0,0.0,0.005687981592650937,59
7238.078368335,40.99999999999515,0,1,0.0,0.0,0.0,0.0,0.0,0.0,0,0.0,0.005687981592650937,61
7238.088365154,41.009999999995124,0,1,0.0,0.0,0.0,0.0,0.0,0.0,0,0.0,0.005687981592650937,61
7238.098474607,41.0199999999951,0,1,0.0,0.0,0.0,0.0,0.0,0.0,0,0.0,0.005687981592650937,61
7238.111784239,41.02999999999508,0,1,0.0,0.0,0.0,0.0,0.0,0.0,0,0.0,0.005687981592650937,64
7238.11842113,41.039999999995054,0,1,0.0,0.0,0.0,0.0,0.0,0.0,0,0.0,0.005687981592650937,68
7238.128364138,41.04999999999503,0,1,0.0,0.0,0.0,0.0,0.0,0.0,0,0.0,0.005687981592650937,69
7238.138338313,41.05999999999501,0,1,0.0,0.0,0.0,0.0,0.0,0.0,0,0.0,0.005687981592650937,69
7238.148433801,41.069999999994984,0,1,0.0,0.0,0.0,0.0,0.0,0.0,0,0.0,0.005687981592650937,71
7238.158324333,41.07999999999496,0,1,0.0,0.0,0.0,0.0,0.0,0.0,0,0.0,0.005687981592650937,71
7238.168599265,41.08999999999494,0,1,0.0,0.0,0.0,0.0,0.0,0.0,0,0.0,0.005687981592650937,71
7238.178389738,41.099999999994914,0,1,0.0,0.0,0.0,0.0,0.0,0.0,0,0.0,0.005687981592650937,75
7238.188501255,41.10999999999489,0,1,0.0,0.0,0.0,0.0,0.0,0.0,0,0.0,0.005687981592650937,76
7238.198436481,41.11999999999487,0,1,0.0,0.0,0.0,0.0,0.0,0.0,0,0.0,0.005687981592650937,76
7238.21312856,41.129999999994844,0,1,0.0,0.0,0.0,0.0,0.0,0.0,0,0.0,0.005687981592650937,77
7238.218392405,41.13999999999482,0,1,0.0,0.0,0.0,0.0,0.0,0.0,0,0.0,0.005687981592650937,83
7238.228423633,41.1499999999948,0,1,0.0,0.0,0.0,0.0,0.0,0.0,0,0.0,0.005687981592650937,83
7238.238342634,41.159999999994774,0,1,0.0,0.0,0.0,0.0,0.0,0.0,0,0.0,0.005687981592650937,83
7238.248362095,41.16999999999475,0,1,0.0,0.0,0.0,0.0,0.0,0.0,0,0.0,0.005687981592650937,86
7238.25834896,41.17999999999473,0,1,0.0,0.0,0.0,0.0,0.0,0.0,0,0.0,0.005687981592650937,86
7238.268341587,41.189999999994704,0,1,0.0,0.0,0.0,0.0,0.0,0.0,0,0.0,0.005687981592650937,86
7238.278895119,41.19999999999468,0,1,0.0,0.0,0.0,0.0,0.0,0.0,0,0.0,0.005687981592650937,89
7238.288414882,41.20999999999466,0,1,0.0,0.0,0.0,0.0,0.0,0.0,0,0.0,0.005687981592650937,90
7238.298409924,41.219999999994634,0,1,0.0,0.0,0.0,0.0,0.0,0.0,0,0.0,0.005687981592650937,90
7238.308375548,41.22999999999461,0,1,0.0,0.0,0.0,0.0,0.0,0.0,0,0.0,0.005687981592650937,90
7238.318329765,41.23999999999459,0,1,0.0,0.0,0.0,0.0,0.0,0.0,0,0.0,0.005687981592650937,93
7238.328387042,41.249999999994564,0,1,0.0,0.0,0.0,0.0,0.0,0.0,0,0.0,0.005687981592650937,93
7238.338393934,41.25999999999454,0,1,0.0,0.0,0.0,0.0,0.0,0.0,0,0.0,0.005687981592650937,93
7238.348362864,41.26999999999452,0,1,0.0,0.0,0.0,0.0,0.0,0.0,0,0.0,0.005687981592650937,96
7238.358422408,41.279999999994494,0,1,0.0,0.0,0.0,0.0,0.0,0.0,0,0.0,0.005687981592650937,96
7238.36847796,41.28999999999447,0,1,0.0,0.0,0.0,0.0,0.0,0.0,0,0.0,0.005687981592650937,96
7238.380586496,41.29999999999445,0,1,0.0,0.0,0.0,0.0,0.0,0.0,0,0.0,0.005687981592650937,97
7238.388333901,41.309999999994425,0,1,0.0,0.0,0.0,0.0,0.0,0.0,0,0.0,0.005687981592650937,99
7238.398542755,41.3199999999944,0,1,0.0,0.0,0.0,0.0,0.0,0.0,0,0.0,0.005687981592650937,100
7238.408429323,41.32999999999438,0,1,0.0,0.0,0.0,0.0,0.0,0.0,0,0.0,0.005687981592650937,101
7238.418454704,41.339999999994355,0,1,0.0,0.0,0.0,0.0,0.0,0.0,0,0.0,0.005687981592650937,104
7238.428401885,41.34999999999433,0,1,0.0,0.0,0.0,0.0,0.0,0.0,0,0.0,0.005687981592650937,104
7238.438398039,41.35999999999431,0,1,0.0,0.0,0.0,0.0,0.0,0.0,0,0.0,0.005687981592650937,104
7238.44835321,41.369999999994285,0,1,0.0,0.0,0.0,0.0,0.0,0.0,0,0.0,0.005687981592650937,106
7238.458411109,41.37999999999426,0,1,0.0,0.0,0.0,0.0,0.0,0.0,0,0.0,0.005687981592650937,106
7238.46833583,41.38999999999424,0,1,0.0,0.0,0.0,0.0,0.0,0.0,0,0.0,0.005687981592650937,106
7238.478325241,41.399999999994215,0,1,0.0,0.0,0.0,0.0,0.0,0.0,0,0.0,0.005687981592650937,106
7238.488419769,41.40999999999419,0,1,0.0,0.0,0.0,0.0,0.0,0.0,0,0.0,0.005687981592650937,2
7238.498408296,41.41999999999417,0,1,0.0,0.0,0.0,0.0,0.0,0.0,0,0.0,0.005687981592650937,2
7238.508338014,41.429999999994145,0,1,0.0,0.0,0.0,0.0,0.0,0.0,0,0.0,0.005687981592650937,2
7238.518350331,41.43999999999412,0,1,0.0,0.0,0.0,0.0,0.0,0.0,0,0.0,0.005687981592650937,5
7238.528345391,41.4499999999941,0,1,0.0,0.0,0.0,0.0,0.0,0.0,0,0.0,0.005687981592650937,5
7238.538366998,41.459999999994075,0,1,0.0,0.0,0.0,0.0,0.0,0.0,0,0.0,0.005687981592650937,5
7238.550319699,41.46999999999405,0,1,0.0,0.0,0.0,0.0,0.0,0.0,0,0.0,0.005687981592650937,6
7238.558331837,41.47999999999403,0,1,0.0,0.0,0.0,0.0,0.0,0.0,0,0.0,0.005687981592650937,8
7238.568399567,41.489999999994005,0,1,0.0,0.0,0.0,0.0,0.0,0.0,0,0.0,0.005687981592650937,8
7238.578322466,41.49999999999398,0,1,0.0,0.0,0.0,0.0,0.0,0.0,0,0.0,0.005687981592650937,8
7238.588348797,41.50999999999396,0,1,0.0,0.0,0.0,0.0,0.0,0.0,0,0.0,0.005687981592650937,10
7238.598389684,41.519999999993935,0,1,0.0,0.0,0.0,0.0,0.0,0.0,0,0.0,0.005687981592650937,10
7238.608399637,41.52999999999391,0,1,0.0,0.0,0.0,0.0,0.0,0.0,0,0.0,0.005687981592650937,10
7238.618743441,41.53999999999389,0,1,0.0,0.0,0.0,0.0,0.0,0.0,0,0.0,0.005687981592650937,13
7238.628486307,41.549999999993865,0,1,0.0,0.0,0.0,0.0,0.0,0.0,0,0.0,0.005687981592650937,13
7238.638356439,41.55999999999384,0,1,0.0,0.0,0.0,0.0,0.0,0.0,0,0.0,0.005687981592650937,13
7238.648323019,41.56999999999382,0,1,0.0,0.0,0.0,0.0,0.0,0.0,0,0.0,0.005687981592650937,13
7238.658653472,41.579999999993795,0,1,0.0,0.0,0.0,0.0,0.0,0.0,0,0.0,0.005687981592650937,15
7238.668551336,41.58999999999377,0,1,0.0,0.0,0.0,0.0,0.0,0.0,0,0.0,0.005687981592650937,16
7238.678427896,41.59999999999375,0,1,0.0,0.0,0.0,0.0,0.0,0.0,0,0.0,0.005687981592650937,17
7238.688345723,41.609999999993725,0,1,0.0,0.0,0.0,0.0,0.0,0.0,0,0.0,0.005687981592650937,21
7238.698421579,41.6199999999937,0,1,0.0,0.0,0.0,0.0,0.0,0.0,0,0.0,0.005687981592650937,21
7238.708350469,41.62999999999368,0,1,0.0,0.0,0.0,0.0,0.0,0.0,0,0.0,0.005687981592650937,21
7238.718350844,41.639999999993655,0,1,0.0,0.0,0.0,0.0,0.0,0.0,0,0.0,0.005687981592650937,21
7238.728384468,41.64999999999363,0,1,0.0,0.0,0.0,0.0,0.0,0.0,0,0.0,0.005687981592650937,24
7238.738347374,41.65999999999361,0,1,0.0,0.0,0.0,0.0,0.0,0.0,0,0.0,0.005687981592650937,24
7238.748356127,41.669999999993586,0,1,0.0,0.0,0.0,0.0,0.0,0.0,0,0.0,0.005687981592650937,24
7238.758340101,41.67999999999356,0,1,0.0,0.0,0.0,0.0,0.0,0.0,0,0.0,0.005687981592650937,27
7238.768359301,41.68999999999354,0,1,0.0,0.0,0.0,0.0,0.0,0.0,0,0.0,0.005687981592650937,27
7238.778348483,41.699999999993516,0,1,0.0,0.0,0.0,0.0,0.0,0.0,0,0.0,0.005687981592650937,27
7238.789474153,41.70999999999349,0,1,0.0,0.0,0.0,0.0,0.0,0.0,0,0.0,0.005687981592650937,29
7238.79832164,41.71999999999347,0,1,0.0,0.0,0.0,0.0,0.0,0.0,0,0.0,0.005687981592650937,30
7238.808491172,41.729999999993446,0,1,0.0,0.0,0.0,0.0,0.0,0.0,0,0.0,0.005687981592650937,30
7238.818345204,41.73999999999342,0,1,0.0,0.0,0.0,0.0,0.0,0.0,0,0.0,0.005687981592650937,30
7238.82832873,41.7499999999934,0,1,0.0,0.0,0.0,0.0,0.0,0.0,0,0.0,0.005687981592650937,34
