wall_time,sim_time,teleop_active,ros_fresh,position_error_mm,orientation_error_deg,target_linear_speed_mps,target_angular_speed_radps,raw_max_qdot_radps,cmd_max_qdot_radps,qdot_saturated,jacobian_condition,max_q_command_error_rad,deadline_misses
7581.262569344,0.010000000000000002,0,1,0.0,0.0,0.0,0.0,0.0,0.0,0,0.0,0.00023156172738025838,1
7581.27264057,0.02000000000000001,0,1,0.0,0.0,0.0,0.0,0.0,0.0,0,0.0,0.0006420883348210449,1
7581.28253058,0.03000000000000002,0,1,0.0,0.0,0.0,0.0,0.0,0.0,0,0.0,0.0010870701046840686,1
7581.292537098,0.04000000000000003,0,1,0.0,0.0,0.0,0.0,0.0,0.0,0,0.0,0.0015382914321710002,5
7581.302554051,0.05000000000000004,0,1,0.0,0.0,0.0,0.0,0.0,0.0,0,0.0,0.0019525120983990981,5
7581.312552714,0.060000000000000046,0,1,0.0,0.0,0.0,0.0,0.0,0.0,0,0.0,0.002326993557708709,5
7581.3227467,0.07000000000000005,0,1,0.0,0.0,0.0,0.0,0.0,0.0,0,0.0,0.0026636721412751654,9
7581.332576167,0.08000000000000006,0,1,0.0,0.0,0.0,0.0,0.0,0.0,0,0.0,0.0029657491512482194,9
7581.342558541,0.09000000000000007,0,1,0.0,0.0,0.0,0.0,0.0,0.0,0,0.0,0.003236578567500767,9
7581.352586022,0.10000000000000007,0,1,0.0,0.0,0.0,0.0,0.0,0.0,0,0.0,0.0034793261918181517,9
7581.362551021,0.11000000000000008,0,1,0.0,0.0,0.0,0.0,0.0,0.0,0,0.0,0.0036968818133849154,13
7581.372581525,0.12000000000000009,0,1,0.0,0.0,0.0,0.0,0.0,0.0,0,0.0,0.003891852468140432,13
7581.382685855,0.1300000000000001,0,1,0.0,0.0,0.0,0.0,0.0,0.0,0,0.0,0.004066580160140322,13
7581.392530669,0.1400000000000001,0,1,0.0,0.0,0.0,0.0,0.0,0.0,0,0.0,0.0042231655706561405,16
7581.40255325,0.1500000000000001,0,1,0.0,0.0,0.0,0.0,0.0,0.0,0,0.0,0.0043634918762542945,16
7581.412512404,0.16000000000000011,0,1,0.0,0.0,0.0,0.0,0.0,0.0,0,0.0,0.004489246934098883,16
7581.423147149,0.17000000000000012,0,1,0.0,0.0,0.0,0.0,0.0,0.0,0,0.0,0.004601943436198346,18
7581.43252323,0.18000000000000013,0,1,0.0,0.0,0.0,0.0,0.0,0.0,0,0.0,0.0047029370580503,18
7581.44261796,0.19000000000000014,0,1,0.0,0.0,0.0,0.0,0.0,0.0,0,0.0,0.00479344274985854,18
7581.452593685,0.20000000000000015,0,1,0.0,0.0,0.0,0.0,0.0,0.0,0,0.0,0.004874549344019622,19
7581.462530003,0.21000000000000016,0,1,0.0,0.0,0.0,0.0,0.0,0.0,0,0.0,0.004947232647788313,25
7581.472571469,0.22000000000000017,0,1,0.0,0.0,0.0,0.0,0.0,0.0,0,0.0,0.005012367176722273,25
7581.482595516,0.23000000000000018,0,1,0.0,0.0,0.0,0.0,0.0,0.0,0,0.0,0.005070736669659783,25
7581.492527453,0.24000000000000019,0,1,0.0,0.0,0.0,0.0,0.0,0.0,0,0.0,0.0051230435117468704,27
7581.502552503,0.25000000000000017,0,1,0.0,0.0,0.0,0.0,0.0,0.0,0,0.0,0.005169917178980228,27
7581.512588819,0.2600000000000002,0,1,0.0,0.0,0.0,0.0,0.0,0.0,0,0.0,0.005211921805952601,27
7581.522559653,0.2700000000000002,0,1,0.0,0.0,0.0,0.0,0.0,0.0,0,0.0,0.005249536049669865,27
7581.532587527,0.2800000000000002,0,1,0.0,0.0,0.0,0.0,0.0,0.0,0,0.0,0.00528308929435087,33
7581.542578992,0.2900000000000002,0,1,0.0,0.0,0.0,0.0,0.0,0.0,0,0.0,0.0053130514465207146,33
7581.552625641,0.3000000000000002,0,1,0.0,0.0,0.0,0.0,0.0,0.0,0,0.0,0.005339878191504068,33
7581.562438219,0.3100000000000002,0,1,0.0,0.0,0.0,0.0,0.0,0.0,0,0.0,0.00536393785246659,39
7581.572641456,0.32000000000000023,0,1,0.0,0.0,0.0,0.0,0.0,0.0,0,0.0,0.005385533541666898,39
7581.582522153,0.33000000000000024,0,1,0.0,0.0,0.0,0.0,0.0,0.0,0,0.0,0.005404924413936385,39
7581.593249786,0.34000000000000025,0,1,0.0,0.0,0.0,0.0,0.0,0.0,0,0.0,0.005422337788624488,41
7581.602510716,0.35000000000000026,0,1,0.0,0.0,0.0,0.0,0.0,0.0,0,0.0,0.005437975731847331,41
7581.612548338,0.36000000000000026,0,1,0.0,0.0,0.0,0.0,0.0,0.0,0,0.0,0.005452018977451459,41
7581.622648723,0.3700000000000003,0,1,0.0,0.0,0.0,0.0,0.0,0.0,0,0.0,0.005464629620454852,42
7581.632623668,0.3800000000000003,0,1,0.0,0.0,0.0,0.0,0.0,0.0,0,0.0,0.005475953208739359,47
7581.642574351,0.3900000000000003,0,1,0.0,0.0,0.0,0.0,0.0,0.0,0,0.0,0.005486125359485088,47
7581.652541532,0.4000000000000003,0,1,0.0,0.0,0.0,0.0,0.0,0.0,0,0.0,0.00549545203010255,48
7581.662499941,0.4100000000000003,0,1,0.0,0.0,0.0,0.0,0.0,0.0,0,0.0,0.005504294128597727,52
7581.672561177,0.4200000000000003,0,1,0.0,0.0,0.0,0.0,0.0,0.0,0,0.0,0.005512811472181938,53
7581.682618254,0.4300000000000003,0,1,0.0,0.0,0.0,0.0,0.0,0.0,0,0.0,0.00552107084652051,0
7581.692499046,0.44000000000000034,0,1,0.0,0.0,0.0,0.0,0.0,0.0,0,0.0,0.005529102057472208,0
7581.702647207,0.45000000000000034,0,1,0.0,0.0,0.0,0.0,0.0,0.0,0,0.0,0.005536920144885517,3
7581.712649919,0.46000000000000035,0,1,0.0,0.0,0.0,0.0,0.0,0.0,0,0.0,0.0055445341969600805,3
7581.722512532,0.47000000000000036,0,1,0.0,0.0,0.0,0.0,0.0,0.0,0,0.0,0.005551950854058594,3
7581.732571502,0.48000000000000037,0,1,0.0,0.0,0.0,0.0,0.0,0.0,0,0.0,0.005559175705129038,6
7581.742585767,0.4900000000000004,0,1,0.0,0.0,0.0,0.0,0.0,0.0,0,0.0,0.0055662138464504015,6
7581.752568413,0.5000000000000003,0,1,0.0,0.0,0.0,0.0,0.0,0.0,0,0.0,0.00557307010671817,6
7581.763603536,0.5100000000000003,0,1,0.0,0.0,0.0,0.0,0.0,0.0,0,0.0,0.00557974913889795,8
7581.772526751,0.5200000000000004,0,1,0.0,0.0,0.0,0.0,0.0,0.0,0,0.0,0.005586255458720616,9
7581.782513293,0.5300000000000004,0,1,0.0,0.0,0.0,0.0,0.0,0.0,0,0.0,0.005592593461728072,9
7581.792603895,0.5400000000000004,0,1,0.0,0.0,0.0,0.0,0.0,0.0,0,0.0,0.005598767431652431,9
7581.802543117,0.5500000000000004,0,1,0.0,0.0,0.0,0.0,0.0,0.0,0,0.0,0.005604781545265028,15
7581.812510838,0.5600000000000004,0,1,0.0,0.0,0.0,0.0,0.0,0.0,0,0.0,0.005610639875766005,15
7581.822512417,0.5700000000000004,0,1,0.0,0.0,0.0,0.0,0.0,0.0,0,0.0,0.005616346395552348,15
7581.83255029,0.5800000000000004,0,1,0.0,0.0,0.0,0.0,0.0,0.0,0,0.0,0.005621904978704771,18
7581.842659265,0.5900000000000004,0,1,0.0,0.0,0.0,0.0,0.0,0.0,0,0.0,0.005627319403332436,19
7581.852773838,0.6000000000000004,0,1,0.0,0.0,0.0,0.0,0.0,0.0,0,0.0,0.005632593353832658,19
7581.866170119,0.6100000000000004,0,1,0.0,0.0,0.0,0.0,0.0,0.0,0,0.0,0.005637730423089379,20
7581.872547721,0.6200000000000004,0,1,0.0,0.0,0.0,0.0,0.0,0.0,0,0.0,0.005642734114620527,24
7581.882799333,0.6300000000000004,0,1,0.0,0.0,0.0,0.0,0.0,0.0,0,0.0,0.005647607844678777,24
7581.892594491,0.6400000000000005,0,1,0.0,0.0,0.0,0.0,0.0,0.0,0,0.0,0.0056523549443079505,24
7581.902603684,0.6500000000000005,0,1,0.0,0.0,0.0,0.0,0.0,0.0,0,0.0,0.005656978661356293,30
7581.912612146,0.6600000000000005,0,1,0.0,0.0,0.0,0.0,0.0,0.0,0,0.0,0.005661482162447525,30
7581.922650481,0.6700000000000005,0,1,0.0,0.0,0.0,0.0,0.0,0.0,0,0.0,0.00566586853491038,32
7581.9351676,0.6800000000000005,0,1,0.0,0.0,0.0,0.0,0.0,0.0,0,0.0,0.0056701407886672805,35
7581.942711939,0.6900000000000005,0,1,0.0,0.0,0.0,0.0,0.0,0.0,0,0.0,0.005674301858082796,38
7581.9526044,0.7000000000000005,0,1,0.0,0.0,0.0,0.0,0.0,0.0,0,0.0,0.005678354603772501,38
7581.962647289,0.7100000000000005,0,1,0.0,0.0,0.0,0.0,0.0,0.0,0,0.0,0.005682301814372843,40
7581.972535816,0.7200000000000005,0,1,0.0,0.0,0.0,0.0,0.0,0.0,0,0.0,0.0056861462082726895,44
7581.98268685,0.7300000000000005,0,1,0.0,0.0,0.0,0.0,0.0,0.0,0,0.0,0.00568989043530711,44
7581.992566604,0.7400000000000005,0,1,0.0,0.0,0.0,0.0,0.0,0.0,0,0.0,0.005693537078414077,44
7582.00259028,0.7500000000000006,0,1,0.0,0.0,0.0,0.0,0.0,0.0,0,0.0,0.005697088655254685,47
7582.012570792,0.7600000000000006,0,1,0.0,0.0,0.0,0.0,0.0,0.0,0,0.0,0.0057005476197975235,47
7582.022580751,0.7700000000000006,0,1,0.0,0.0,0.0,0.0,0.0,0.0,0,0.0,0.005703916363867799,47
7582.034420803,0.7800000000000006,0,1,0.0,0.0,0.0,0.0,0.0,0.0,0,0.0,0.005707197218661874,48
7582.042553355,0.7900000000000006,0,1,0.0,0.0,0.0,0.0,0.0,0.0,0,0.0,0.005710392456227798,50
7582.052590453,0.8000000000000006,0,1,0.0,0.0,0.0,0.0,0.0,0.0,0,0.0,0.005713504290912477,50
7582.062611088,0.8100000000000006,0,1,0.0,0.0,0.0,0.0,0.0,0.0,0,0.0,0.005716534880776081,50
7582.072558917,0.8200000000000006,0,1,0.0,0.0,0.0,0.0,0.0,0.0,0,0.0,0.005719486328974297,53
7582.082549227,0.8300000000000006,0,1,0.0,0.0,0.0,0.0,0.0,0.0,0,0.0,0.005722360685109035,53
7582.092527698,0.8400000000000006,0,1,0.0,0.0,0.0,0.0,0.0,0.0,0,0.0,0.0057251599465481945,53
7582.103089073,0.8500000000000006,0,1,0.0,0.0,0.0,0.0,0.0,0.0,0,0.0,0.005727886059715068,56
7582.112514576,0.8600000000000007,0,1,0.0,0.0,0.0,0.0,0.0,0.0,0,0.0,0.005730540921347992,56
7582.122513101,0.8700000000000007,0,1,0.0,0.0,0.0,0.0,0.0,0.0,0,0.0,0.005733126379730814,56
7582.132544898,0.8800000000000007,0,1,0.0,0.0,0.0,0.0,0.0,0.0,0,0.0,0.005735644235894754,56
7582.142524212,0.8900000000000007,0,1,0.0,0.0,0.0,0.0,0.0,0.0,0,0.0,0.005738096244792243,59
7582.152556995,0.9000000000000007,0,1,0.0,0.0,0.0,0.0,0.0,0.0,0,0.0,0.005740484116443287,59
7582.162643016,0.9100000000000007,0,1,0.0,0.0,0.0,0.0,0.0,0.0,0,0.0,0.005742809517054933,59
7582.173434174,0.9200000000000007,0,1,0.0,0.0,0.0,0.0,0.0,0.0,0,0.0,0.005745074070114369,65
7582.182549904,0.9300000000000007,0,1,0.0,0.0,0.0,0.0,0.0,0.0,0,0.0,0.0057472793574562114,67
7582.19251611,0.9400000000000007,0,1,0.0,0.0,0.0,0.0,0.0,0.0,0,0.0,0.005749426920304515,67
7582.205051864,0.9500000000000007,0,1,0.0,0.0,0.0,0.0,0.0,0.0,0,0.0,0.005751518260290047,69
7582.212754935,0.9600000000000007,0,1,0.0,0.0,0.0,0.0,0.0,0.0,0,0.0,0.005753554840443318,71
7582.222748034,0.9700000000000008,0,1,0.0,0.0,0.0,0.0,0.0,0.0,0,0.0,0.005755538086163913,71
7582.23265697,0.9800000000000008,0,1,0.0,0.0,0.0,0.0,0.0,0.0,0,0.0,0.005757469386166609,71
7582.24257599,0.9900000000000008,0,1,0.0,0.0,0.0,0.0,0.0,0.0,0,0.0,0.0057593500934047925,75
7582.252626895,1.0000000000000007,0,1,0.0,0.0,0.0,0.0,0.0,0.0,0,0.0,0.005761181525971657,75
7582.262529542,1.0099999999999996,0,1,0.0,0.0,0.0,0.0,0.0,0.0,0,0.0,0.005762964967979673,75
7582.273790865,1.0199999999999985,0,1,0.0,0.0,0.0,0.0,0.0,0.0,0,0.0,0.005764701670418786,78
7582.282555266,1.0299999999999974,0,1,0.0,0.0,0.0,0.0,0.0,0.0,0,0.0,0.005766392851993848,79
7582.292572649,1.0399999999999963,0,1,0.0,0.0,0.0,0.0,0.0,0.0,0,0.0,0.0057680396999416975,79
7582.302607754,1.0499999999999952,0,1,0.0,0.0,0.0,0.0,0.0,0.0,0,0.0,0.005769643370828369,79
7582.312550203,1.059999999999994,0,1,0.0,0.0,0.0,0.0,0.0,0.0,0,0.0,0.005771204991326869,83
7582.322596771,1.069999999999993,0,1,0.0,0.0,0.0,0.0,0.0,0.0,0,0.0,0.005772725658975941,84
7582.332543614,1.0799999999999919,0,1,0.0,0.0,0.0,0.0,0.0,0.0,0,0.0,0.005774206442920276,85
7582.342583004,1.0899999999999908,0,1,0.0,0.0,0.0,0.0,0.0,0.0,0,0.0,0.005775648384632552,89
7582.352526238,1.0999999999999897,0,1,0.0,0.0,0.0,0.0,0.0,0.0,0,0.0,0.005777052498617756,89
7582.362523063,1.1099999999999886,0,1,0.0,0.0,0.0,0.0,0.0,0.0,0,0.0,0.005778419773100146,90
7582.375570996,1.1199999999999875,0,1,0.0,0.0,0.0,0.0,0.0,0.0,0,0.0,0.005779751170693301,91
7582.382643966,1.1299999999999863,0,1,0.0,0.0,0.0,0.0,0.0,0.0,0,0.0,0.005781047629053602,94
7582.392597852,1.1399999999999852,0,1,0.0,0.0,0.0,0.0,0.0,0.0,0,0.0,0.005782310061517564,94
7582.402606209,1.1499999999999841,0,1,0.0,0.0,0.0,0.0,0.0,0.0,0,0.0,0.005783539357723364,94
7582.412570933,1.159999999999983,0,1,0.0,0.0,0.0,0.0,0.0,0.0,0,0.0,0.005784736384216947,97
7582.422657598,1.169999999999982,0,1,0.0,0.0,0.0,0.0,0.0,0.0,0,0.0,0.005785901985043075,97
7582.432578611,1.1799999999999808,0,1,0.0,0.0,0.0,0.0,0.0,0.0,0,0.0,0.005787036982321657,100
7582.445194901,1.1899999999999797,0,1,0.0,0.0,0.0,0.0,0.0,0.0,0,0.0,0.005788142176809713,104
7582.45262784,1.1999999999999786,0,1,0.0,0.0,0.0,0.0,0.0,0.0,0,0.0,0.005789218348449308,108
7582.462617072,1.2099999999999775,0,1,0.0,0.0,0.0,0.0,0.0,0.0,0,0.0,0.005790266256901799,109
7582.472618575,1.2199999999999764,0,1,0.0,0.0,0.0,0.0,0.0,0.0,0,0.0,0.005791286642068696,112
7582.482597388,1.2299999999999753,0,1,0.0,0.0,0.0,0.0,0.0,0.0,0,0.0,0.0057922802245994765,117
7582.492579849,1.2399999999999742,0,1,0.0,0.0,0.0,0.0,0.0,0.0,0,0.0,0.005793247706386661,117
7582.502500535,1.2499999999999731,0,1,0.0,0.0,0.0,0.0,0.0,0.0,0,0.0,0.005794189771048435,117
7582.512535758,1.259999999999972,0,1,0.0,0.0,0.0,0.0,0.0,0.0,0,0.0,0.005795107084399147,120
7582.522510154,1.269999999999971,0,1,0.0,0.0,0.0,0.0,0.0,0.0,0,0.0,0.0057960002949079435,120
7582.532525741,1.2799999999999698,0,1,0.0,0.0,0.0,0.0,0.0,0.0,0,0.0,0.005796870034145843,120
7582.544579134,1.2899999999999687,0,1,0.0,0.0,0.0,0.0,0.0,0.0,0,0.0,0.00579771691722153,121
7582.552509773,1.2999999999999676,0,1,0.0,0.0,0.0,0.0,0.0,0.0,0,0.0,0.005798541543206137,123
7582.562575305,1.3099999999999665,0,1,0.0,0.0,0.0,0.0,0.0,0.0,0,0.0,0.005799344495547273,123
7582.572538662,1.3199999999999654,0,1,0.0,0.0,0.0,0.0,0.0,0.0,0,0.0,0.0058001263424725755,123
7582.582614,1.3299999999999643,0,1,0.0,0.0,0.0,0.0,0.0,0.0,0,0.0,0.005800887637383025,126
7582.592548865,1.3399999999999632,0,1,0.0,0.0,0.0,0.0,0.0,0.0,0,0.0,0.005801628919236292,126
7582.602541378,1.3499999999999621,0,1,0.0,0.0,0.0,0.0,0.0,0.0,0,0.0,0.005802350712920339,126
7582.612558915,1.359999999999961,0,1,0.0,0.0,0.0,0.0,0.0,0.0,0,0.0,0.005803053529617535,129
7582.622594542,1.36999999999996,0,1,0.0,0.0,0.0,0.0,0.0,0.0,0,0.0,0.0058037378671594924,129
7582.63256811,1.3799999999999588,0,1,0.0,0.0,0.0,0.0,0.0,0.0,0,0.0,0.005804404210372877,129
7582.642546389,1.3899999999999577,0,1,0.0,0.0,0.0,0.0,0.0,0.0,0,0.0,0.0058050530314164035,129
7582.652583838,1.3999999999999566,0,1,0.0,0.0,0.0,0.0,0.0,0.0,0,0.0,0.005805684790109235,133
7582.66253821,1.4099999999999555,0,1,0.0,0.0,0.0,0.0,0.0,0.0,0,0.0,0.005806299934250996,133
7582.67252743,1.4199999999999544,0,1,0.0,0.0,0.0,0.0,0.0,0.0,0,0.0,0.005806898899933616,133
7582.682589085,1.4299999999999533,0,1,0.0,0.0,0.0,0.0,0.0,0.0,0,0.0,0.005807482111845191,3
7582.692569532,1.4399999999999522,0,1,0.0,0.0,0.0,0.0,0.0,0.0,0,0.0,0.0058080499835660715,3
7582.702604283,1.449999999999951,0,1,0.0,0.0,0.0,0.0,0.0,0.0,0,0.0,0.005808602917857379,3
7582.71432997,1.45999999999995,0,1,0.0,0.0,0.0,0.0,0.0,0.0,0,0.0,0.005809141306942113,4
7582.722754066,1.469999999999949,0,1,0.0,0.0,0.0,0.0,0.0,0.0,0,0.0,0.005809665532779057,6
7582.732563441,1.4799999999999478,0,1,0.0,0.0,0.0,0.0,0.0,0.0,0,0.0,0.0058101759673296685,6
7582.742599687,1.4899999999999467,0,1,0.0,0.0,0.0,0.0,0.0,0.0,0,0.0,0.005810672972818086,6
7582.752538147,1.4999999999999456,0,1,0.0,0.0,0.0,0.0,0.0,0.0,0,0.0,0.005811156901984485,9
7582.762581139,1.5099999999999445,0,1,0.0,0.0,0.0,0.0,0.0,0.0,0,0.0,0.0058116280983319096,9
7582.772659117,1.5199999999999434,0,1,0.0,0.0,0.0,0.0,0.0,0.0,0,0.0,0.005812086896366748,9
7582.782830965,1.5299999999999423,0,1,0.0,0.0,0.0,0.0,0.0,0.0,0,0.0,0.005812533621833021,12
7582.792576968,1.5399999999999412,0,1,0.0,0.0,0.0,0.0,0.0,0.0,0,0.0,0.005812968591940642,12
7582.802575237,1.54999999999994,0,1,0.0,0.0,0.0,0.0,0.0,0.0,0,0.0,0.005813392115587792,12
7582.812563753,1.559999999999939,0,1,0.0,0.0,0.0,0.0,0.0,0.0,0,0.0,0.005813804493577553,12
7582.82252178,1.569999999999938,0,1,0.0,0.0,0.0,0.0,0.0,0.0,0,0.0,0.0058142060188289615,16
7582.832659887,1.5799999999999368,0,1,0.0,0.0,0.0,0.0,0.0,0.0,0,0.0,0.005814596976582612,16
7582.842689384,1.5899999999999357,0,1,0.0,0.0,0.0,0.0,0.0,0.0,0,0.0,0.005814977644600948,16
7582.852979847,1.5999999999999346,0,1,0.0,0.0,0.0,0.0,0.0,0.0,0,0.0,0.005815348293363375,20
7582.862519216,1.6099999999999335,0,1,0.0,0.0,0.0,0.0,0.0,0.0,0,0.0,0.005815709186256342,20
7582.872580766,1.6199999999999324,0,1,0.0,0.0,0.0,0.0,0.0,0.0,0,0.0,0.005816060579758493,20
7582.882539078,1.6299999999999313,0,1,0.0,0.0,0.0,0.0,0.0,0.0,0,0.0,0.005816402723621032,20
7582.892514093,1.6399999999999302,0,1,0.0,0.0,0.0,0.0,0.0,0.0,0,0.0,0.005816735861043424,23
7582.902542601,1.649999999999929,0,1,0.0,0.0,0.0,0.0,0.0,0.0,0,0.0,0.005817060228844534,23
7582.912589764,1.659999999999928,0,1,0.0,0.0,0.0,0.0,0.0,0.0,0,0.0,0.005817376057629348,23
7582.922483153,1.6699999999999269,0,1,0.0,0.0,0.0,0.0,0.0,0.0,0,0.0,0.005817683571951356,29
7582.932545036,1.6799999999999258,0,1,0.0,0.0,0.0,0.0,0.0,0.0,0,0.0,0.005817982990470733,29
7582.942573432,1.6899999999999247,0,1,0.0,0.0,0.0,0.0,0.0,0.0,0,0.0,0.005818274526108418,29
7582.95433628,1.6999999999999236,0,1,0.0,0.0,0.0,0.0,0.0,0.0,0,0.0,0.005818558386196187,31
7582.962542988,1.7099999999999225,0,1,0.0,0.0,0.0,0.0,0.0,0.0,0,0.0,0.005818834772622834,33
7582.972529007,1.7199999999999214,0,1,0.0,0.0,0.0,0.0,0.0,0.0,0,0.0,0.005819103881976558,33
7582.982508883,1.7299999999999203,0,1,0.0,0.0,0.0,0.0,0.0,0.0,0,0.0,0.005819365905683644,33
7582.992538873,1.7399999999999192,0,1,0.0,0.0,0.0,0.0,0.0,0.0,0,0.0,0.00581962103014355,36
7583.002523839,1.749999999999918,0,1,0.0,0.0,0.0,0.0,0.0,0.0,0,0.0,0.005819869436860468,36
7583.01258473,1.759999999999917,0,1,0.0,0.0,0.0,0.0,0.0,0.0,0,0.0,0.005820111302571475,36
7583.022517891,1.7699999999999159,0,1,0.0,0.0,0.0,0.0,0.0,0.0,0,0.0,0.005820346799371346,38
7583.032511153,1.7799999999999148,0,1,0.0,0.0,0.0,0.0,0.0,0.0,0,0.0,0.005820576094834116,38
7583.042530528,1.7899999999999137,0,1,0.0,0.0,0.0,0.0,0.0,0.0,0,0.0,0.005820799352131482,38
7583.052522374,1.7999999999999126,0,1,0.0,0.0,0.0,0.0,0.0,0.0,0,0.0,0.005821016730148117,38
7583.062513653,1.8099999999999115,0,1,0.0,0.0,0.0,0.0,0.0,0.0,0,0.0,0.0058212283835939885,41
7583.07256477,1.8199999999999104,0,1,0.0,0.0,0.0,0.0,0.0,0.0,0,0.0,0.0058214344631137395,41
7583.082548508,1.8299999999999093,0,1,0.0,0.0,0.0,0.0,0.0,0.0,0,0.0,0.0058216351153932274,41
7583.092568185,1.8399999999999082,0,1,0.0,0.0,0.0,0.0,0.0,0.0,0,0.0,0.005821830483263278,43
7583.102549092,1.849999999999907,0,1,0.0,0.0,0.0,0.0,0.0,0.0,0,0.0,0.005822020705800745,43
7583.112536545,1.859999999999906,0,1,0.0,0.0,0.0,0.0,0.0,0.0,0,0.0,0.005822205918426916,43
7583.123456017,1.8699999999999048,0,1,0.0,0.0,0.0,0.0,0.0,0.0,0,0.0,0.005822386253003375,45
7583.132559058,1.8799999999999037,0,1,0.0,0.0,0.0,0.0,0.0,0.0,0,0.0,0.005822561837925336,46
7583.142576305,1.8899999999999026,0,1,0.0,0.0,0.0,0.0,0.0,0.0,0,0.0,0.005822732798212564,46
7583.152518412,1.8999999999999015,0,1,0.0,0.0,0.0,0.0,0.0,0.0,0,0.0,0.005822899255597908,46
7583.162539439,1.9099999999999004,0,1,0.0,0.0,0.0,0.0,0.0,0.0,0,0.0,0.005823061328613527,49
7583.172489638,1.9199999999998993,0,1,0.0,0.0,0.0,0.0,0.0,0.0,0,0.0,0.005823219132674857,49
7583.18260112,1.9299999999998982,0,1,0.0,0.0,0.0,0.0,0.0,0.0,0,0.0,0.0058233727801623985,49
7583.194702348,1.9399999999998971,0,1,0.0,0.0,0.0,0.0,0.0,0.0,0,0.0,0.005823522380501354,53
7583.202516227,1.949999999999896,0,1,0.0,0.0,0.0,0.0,0.0,0.0,0,0.0,0.005823668040239185,55
7583.212575917,1.959999999999895,0,1,0.0,0.0,0.0,0.0,0.0,0.0,0,0.0,0.00582380986312115,55
7583.222528056,1.9699999999998938,0,1,0.0,0.0,0.0,0.0,0.0,0.0,0,0.0,0.0058239479501638585,56
7583.238284876,1.9799999999998927,0,1,0.0,0.0,0.0,0.0,0.0,0.0,0,0.0,0.005824082399726902,58
7583.248270029,1.9899999999998916,0,1,0.0,0.0,0.0,0.0,0.0,0.0,0,0.0,0.005824213307582619,58
7583.259649908,1.9999999999998905,0,1,0.0,0.0,0.0,0.0,0.0,0.0,0,0.0,0.005824340766984022,60
7583.268376891,2.0099999999998897,0,1,0.0,0.0,0.0,0.0,0.0,0.0,0,0.0,0.00582446486873096,62
7583.278330022,2.0199999999998886,0,1,0.0,0.0,0.0,0.0,0.0,0.0,0,0.0,0.0058245857012345454,63
7583.288292107,2.0299999999998875,0,1,0.0,0.0,0.0,0.0,0.0,0.0,0,0.0,0.0058247033505798825,63
7583.298359664,2.0399999999998863,0,1,0.0,0.0,0.0,0.0,0.0,0.0,0,0.0,0.005824817900587173,66
7583.308258247,2.0499999999998852,0,1,0.0,0.0,0.0,0.0,0.0,0.0,0,0.0,0.0058249294328712115,66
7583.318294408,2.059999999999884,0,1,0.0,0.0,0.0,0.0,0.0,0.0,0,0.0,0.005825038026899319,66
7583.328328764,2.069999999999883,0,1,0.0,0.0,0.0,0.0,0.0,0.0,0,0.0,0.005825143760047766,69
7583.338189096,2.079999999999882,0,1,0.0,0.0,0.0,0.0,0.0,0.0,0,0.0,0.005825246707656712,69
7583.348343921,2.089999999999881,0,1,0.0,0.0,0.0,0.0,0.0,0.0,0,0.0,0.005825346943083713,69
7583.358310659,2.0999999999998797,0,1,0.0,0.0,0.0,0.0,0.0,0.0,0,0.0,0.005825444537755819,69
7583.368146323,2.1099999999998786,0,1,0.0,0.0,0.0,0.0,0.0,0.0,0,0.0,0.005825539561220309,72
7583.378471548,2.1199999999998775,0,1,0.0,0.0,0.0,0.0,0.0,0.0,0,0.0,0.0058256320811941,72
7583.38828393,2.1299999999998764,0,1,0.0,0.0,0.0,0.0,0.0,0.0,0,0.0,0.0058257221636118465,72
7583.398391799,2.1399999999998753,0,1,0.0,0.0,0.0,0.0,0.0,0.0,0,0.0,0.005825809872672802,76
7583.408298545,2.1499999999998742,0,1,0.0,0.0,0.0,0.0,0.0,0.0,0,0.0,0.005825895270886429,76
7583.418546848,2.159999999999873,0,1,0.0,0.0,0.0,0.0,0.0,0.0,0,0.0,0.005825978419116834,76
7583.429046506,2.169999999999872,0,1,0.0,0.0,0.0,0.0,0.0,0.0,0,0.0,0.005826059376626013,78
7583.438197193,2.179999999999871,0,1,0.0,0.0,0.0,0.0,0.0,0.0,0,0.0,0.00582613820111598,79
7583.448210717,2.18999999999987,0,1,0.0,0.0,0.0,0.0,0.0,0.0,0,0.0,0.005826214948769786,79
7583.458280645,2.1999999999998687,0,1,0.0,0.0,0.0,0.0,0.0,0.0,0,0.0,0.005826289674291467,79
7583.468111519,2.2099999999998676,0,1,0.0,0.0,0.0,0.0,0.0,0.0,0,0.0,0.005826362430944929,83
7583.478270574,2.2199999999998665,0,1,0.0,0.0,0.0,0.0,0.0,0.0,0,0.0,0.005826433270591821,83
7583.488197938,2.2299999999998654,0,1,0.0,0.0,0.0,0.0,0.0,0.0,0,0.0,0.005826502243728421,83
7583.498165119,2.2399999999998643,0,1,0.0,0.0,0.0,0.0,0.0,0.0,0,0.0,0.005826569399521545,86
7583.508399057,2.249999999999863,0,1,0.0,0.0,0.0,0.0,0.0,0.0,0,0.0,0.0058266347858435185,86
7583.518245963,2.259999999999862,0,1,0.0,0.0,0.0,0.0,0.0,0.0,0,0.0,0.005826698449306215,86
7583.528258409,2.269999999999861,0,1,0.0,0.0,0.0,0.0,0.0,0.0,0,0.0,0.005826760435294223,86
7583.538300382,2.27999999999986,0,1,0.0,0.0,0.0,0.0,0.0,0.0,0,0.0,0.005826820787997131,89
7583.548312193,2.289999999999859,0,1,0.0,0.0,0.0,0.0,0.0,0.0,0,0.0,0.005826879550440963,89
7583.558256775,2.2999999999998577,0,1,0.0,0.0,0.0,0.0,0.0,0.0,0,0.0,0.005826936764518787,89
7583.568318168,2.3099999999998566,0,1,0.0,0.0,0.0,0.0,0.0,0.0,0,0.0,0.005826992471020532,92
7583.578147837,2.3199999999998555,0,1,0.0,0.0,0.0,0.0,0.0,0.0,0,0.0,0.005827046709662002,92
7583.58811956,2.3299999999998544,0,1,0.0,0.0,0.0,0.0,0.0,0.0,0,0.0,0.005827099519113149,92
7583.59932442,2.3399999999998533,0,1,0.0,0.0,0.0,0.0,0.0,0.0,0,0.0,0.005827150937025587,94
7583.608287989,2.349999999999852,0,1,0.0,0.0,0.0,0.0,0.0,0.0,0,0.0,0.005827201000059388,95
7583.618147048,2.359999999999851,0,1,0.0,0.0,0.0,0.0,0.0,0.0,0,0.0,0.005827249743909178,95
7583.628111118,2.36999999999985,0,1,0.0,0.0,0.0,0.0,0.0,0.0,0,0.0,0.005827297203329544,95
7583.638144065,2.379999999999849,0,1,0.0,0.0,0.0,0.0,0.0,0.0,0,0.0,0.005827343412159769,99
7583.648164373,2.389999999999848,0,1,0.0,0.0,0.0,0.0,0.0,0.0,0,0.0,0.005827388403347927,99
7583.658148591,2.3999999999998467,0,1,0.0,0.0,0.0,0.0,0.0,0.0,0,0.0,0.005827432208974336,99
7583.668160391,2.4099999999998456,0,1,0.0,0.0,0.0,0.0,0.0,0.0,0,0.0,0.005827474860274394,102
7583.678291292,2.4199999999998445,0,1,0.0,0.0,0.0,0.0,0.0,0.0,0,0.0,0.005827516387660826,102
7583.688281123,2.4299999999998434,0,1,0.0,0.0,0.0,0.0,0.0,0.0,0,0.0,0.0058275568207453304,0
7583.698132117,2.4399999999998423,0,1,0.0,0.0,0.0,0.0,0.0,0.0,0,0.0,0.005827596188359675,0
7583.708168621,2.449999999999841,0,1,0.0,0.0,0.0,0.0,0.0,0.0,0,0.0,0.005827634518576209,4
7583.718299072,2.45999999999984,0,1,0.0,0.0,0.0,0.0,0.0,0.0,0,0.0,0.005827671838727871,4
7583.728153648,2.469999999999839,0,1,0.0,0.0,0.0,0.0,0.0,0.0,0,0.0,0.005827708175427649,4
7583.738140224,2.479999999999838,0,1,0.0,0.0,0.0,0.0,0.0,0.0,0,0.0,0.005827743554587529,7
7583.748346686,2.489999999999837,0,1,0.0,0.0,0.0,0.0,0.0,0.0,0,0.0,0.005827778001436958,7
7583.758214035,2.4999999999998357,0,1,0.0,0.0,0.0,0.0,0.0,0.0,0,0.0,0.0058278115405408035,7
7583.770018639,2.5099999999998346,0,1,0.0,0.0,0.0,0.0,0.0,0.0,0,0.0,0.005827844195816862,9
7583.77827767,2.5199999999998335,0,1,0.0,0.0,0.0,0.0,0.0,0.0,0,0.0,0.0058278759905528894,11
7583.788173402,2.5299999999998324,0,1,0.0,0.0,0.0,0.0,0.0,0.0,0,0.0,0.005827906947423184,11
7583.798168443,2.5399999999998313,0,1,0.0,0.0,0.0,0.0,0.0,0.0,0,0.0,0.005827937088504746,11
7583.808508797,2.54999999999983,0,1,0.0,0.0,0.0,0.0,0.0,0.0,0,0.0,0.005827966435293006,15
7583.818322544,2.559999999999829,0,1,0.0,0.0,0.0,0.0,0.0,0.0,0,0.0,0.005827995008717133,15
7583.828281938,2.569999999999828,0,1,0.0,0.0,0.0,0.0,0.0,0.0,0,0.0,0.005828022829154949,15
7583.844146455,2.579999999999827,0,1,0.0,0.0,0.0,0.0,0.0,0.0,0,0.0,0.005828049916447445,16
7583.853998469,2.5899999999998258,0,1,0.0,0.0,0.0,0.0,0.0,0.0,0,0.0,0.00582807628991292,16
7583.864051114,2.5999999999998247,0,1,0.0,0.0,0.0,0.0,0.0,0.0,0,0.0,0.00582810196836074,16
7583.874169918,2.6099999999998236,0,1,0.0,0.0,0.0,0.0,0.0,0.0,0,0.0,0.0058281269701047494,19
7583.884431691,2.6199999999998225,0,1,0.0,0.0,0.0,0.0,0.0,0.0,0,0.0,0.005828151312976308,19
7583.894011526,2.6299999999998214,0,1,0.0,0.0,0.0,0.0,0.0,0.0,0,0.0,0.005828175014337006,19
7583.904759451,2.6399999999998203,0,1,0.0,0.0,0.0,0.0,0.0,0.0,0,0.0,0.005828198091091035,21
7583.914080415,2.649999999999819,0,1,0.0,0.0,0.0,0.0,0.0,0.0,0,0.0,0.005828220559697232,21
7583.924092397,2.659999999999818,0,1,0.0,0.0,0.0,0.0,0.0,0.0,0,0.0,0.005828242436180812,21
7583.9340145,2.669999999999817,0,1,0.0,0.0,0.0,0.0,0.0,0.0,0,0.0,0.005828263736144779,21
7583.94417133,2.679999999999816,0,1,0.0,0.0,0.0,0.0,0.0,0.0,0,0.0,0.005828284474781059,24
7583.954207989,2.6899999999998148,0,1,0.0,0.0,0.0,0.0,0.0,0.0,0,0.0,0.005828304666881317,24
7583.963981404,2.6999999999998137,0,1,0.0,0.0,0.0,0.0,0.0,0.0,0,0.0,0.005828324326847506,24
7583.97401438,2.7099999999998126,0,1,0.0,0.0,0.0,0.0,0.0,0.0,0,0.0,0.005828343468702124,27
7583.984739448,2.7199999999998115,0,1,0.0,0.0,0.0,0.0,0.0,0.0,0,0.0,0.005828362106098213,27
7583.993985933,2.7299999999998104,0,1,0.0,0.0,0.0,0.0,0.0,0.0,0,0.0,0.005828380252329096,27
7584.003980885,2.7399999999998093,0,1,0.0,0.0,0.0,0.0,0.0,0.0,0,0.0,0.005828397920337841,27
7584.014316917,2.749999999999808,0,1,0.0,0.0,0.0,0.0,0.0,0.0,0,0.0,0.005828415122726492,30
7584.024360028,2.759999999999807,0,1,0.0,0.0,0.0,0.0,0.0,0.0,0,0.0,0.005828431871765057,30
7584.03449729,2.769999999999806,0,1,0.0,0.0,0.0,0.0,0.0,0.0,0,0.0,0.005828448179400243,30
7584.044171523,2.779999999999805,0,1,0.0,0.0,0.0,0.0,0.0,0.0,0,0.0,0.005828464057263982,32
7584.053945583,2.7899999999998037,0,1,0.0,0.0,0.0,0.0,0.0,0.0,0,0.0,0.005828479516681718,32
7584.064201507,2.7999999999998026,0,1,0.0,0.0,0.0,0.0,0.0,0.0,0,0.0,0.005828494568680481,32
7584.074249483,2.8099999999998015,0,1,0.0,0.0,0.0,0.0,0.0,0.0,0,0.0,0.005828509223996753,35
7584.084100139,2.8199999999998004,0,1,0.0,0.0,0.0,0.0,0.0,0.0,0,0.0,0.005828523493084115,35
7584.09420853,2.8299999999997993,0,1,0.0,0.0,0.0,0.0,0.0,0.0,0,0.0,0.0058285373861207005,35
7584.104162837,2.8399999999997982,0,1,0.0,0.0,0.0,0.0,0.0,0.0,0,0.0,0.005828550913016457,37
7584.114250606,2.849999999999797,0,1,0.0,0.0,0.0,0.0,0.0,0.0,0,0.0,0.0058285640834202,43
7584.124065116,2.859999999999796,0,1,0.0,0.0,0.0,0.0,0.0,0.0,0,0.0,0.00582857690672651,43
7584.133967182,2.869999999999795,0,1,0.0,0.0,0.0,0.0,0.0,0.0,0,0.0,0.005828589392082414,43
7584.143901218,2.879999999999794,0,1,0.0,0.0,0.0,0.0,0.0,0.0,0,0.0,0.005828601548393915,48
7584.154028603,2.8899999999997927,0,1,0.0,0.0,0.0,0.0,0.0,0.0,0,0.0,0.0058286133843323375,48
7584.164098584,2.8999999999997916,0,1,0.0,0.0,0.0,0.0,0.0,0.0,0,0.0,0.005828624908340515,48
7584.175935029,2.9099999999997905,0,1,0.0,0.0,0.0,0.0,0.0,0.0,0,0.0,0.0058286361286388096,49
7584.184055214,2.9199999999997894,0,1,0.0,0.0,0.0,0.0,0.0,0.0,0,0.0,0.005828647053230966,51
7584.194188201,2.9299999999997883,0,1,0.0,0.0,0.0,0.0,0.0,0.0,0,0.0,0.005828657689909825,51
7584.204286279,2.9399999999997872,0,1,0.0,0.0,0.0,0.0,0.0,0.0,0,0.0,0.00582866804626288,51
7584.214283667,2.949999999999786,0,1,0.0,0.0,0.0,0.0,0.0,0.0,0,0.0,0.005828678129677686,53
7584.224253224,2.959999999999785,0,1,0.0,0.0,0.0,0.0,0.0,0.0,0,0.0,0.005828687947347123,53
7584.23422598,2.969999999999784,0,1,0.0,0.0,0.0,0.0,0.0,0.0,0,0.0,0.005828697506274534,53
7584.24461173,2.979999999999783,0,1,0.0,0.0,0.0,0.0,0.0,0.0,0,0.0,0.005828706813278713,56
7584.254011273,2.9899999999997817,0,1,0.0,0.0,0.0,0.0,0.0,0.0,0,0.0,0.005828715874998765,56
7584.263982894,2.9999999999997806,0,1,0.0,0.0,0.0,0.0,0.0,0.0,0,0.0,0.005828724697898847,56
7584.274452468,3.0099999999997795,0,1,0.0,0.0,0.0,0.0,0.0,0.0,0,0.0,0.005828733288272771,56
7584.284380704,3.0199999999997784,0,1,0.0,0.0,0.0,0.0,0.0,0.0,0,0.0,0.0058287416522484975,59
7584.294035219,3.0299999999997773,0,1,0.0,0.0,0.0,0.0,0.0,0.0,0,0.0,0.005828749795792502,59
7584.304027939,3.039999999999776,0,1,0.0,0.0,0.0,0.0,0.0,0.0,0,0.0,0.005828757724714029,59
7584.314177858,3.049999999999775,0,1,0.0,0.0,0.0,0.0,0.0,0.0,0,0.0,0.005828765444669242,62
7584.324012947,3.059999999999774,0,1,0.0,0.0,0.0,0.0,0.0,0.0,0,0.0,0.00582877296116525,62
7584.334110599,3.069999999999773,0,1,0.0,0.0,0.0,0.0,0.0,0.0,0,0.0,0.005828780279564037,62
7584.346082338,3.079999999999772,0,1,0.0,0.0,0.0,0.0,0.0,0.0,0,0.0,0.005828787405086284,63
7584.354054367,3.0899999999997707,0,1,0.0,0.0,0.0,0.0,0.0,0.0,0,0.0,0.0058287943428150975,65
7584.364082603,3.0999999999997696,0,1,0.0,0.0,0.0,0.0,0.0,0.0,0,0.0,0.005828801097699624,65
7584.374008098,3.1099999999997685,0,1,0.0,0.0,0.0,0.0,0.0,0.0,0,0.0,0.005828807674558591,65
7584.383987748,3.1199999999997674,0,1,0.0,0.0,0.0,0.0,0.0,0.0,0,0.0,0.005828814078083741,68
7584.394080047,3.1299999999997663,0,1,0.0,0.0,0.0,0.0,0.0,0.0,0,0.0,0.005828820312843173,68
7584.404383606,3.139999999999765,0,1,0.0,0.0,0.0,0.0,0.0,0.0,0,0.0,0.005828826383284607,68
7584.414702807,3.149999999999764,0,1,0.0,0.0,0.0,0.0,0.0,0.0,0,0.0,0.005828832293738548,71
7584.424246548,3.159999999999763,0,1,0.0,0.0,0.0,0.0,0.0,0.0,0,0.0,0.005828838048421381,71
7584.434060412,3.169999999999762,0,1,0.0,0.0,0.0,0.0,0.0,0.0,0,0.0,0.005828843651438375,71
7584.444456102,3.179999999999761,0,1,0.0,0.0,0.0,0.0,0.0,0.0,0,0.0,0.005828849106786613,71
7584.454077457,3.1899999999997597,0,1,0.0,0.0,0.0,0.0,0.0,0.0,0,0.0,0.00582885441835784,75
7584.464280881,3.1999999999997586,0,1,0.0,0.0,0.0,0.0,0.0,0.0,0,0.0,0.005828859589941245,75
7584.474490628,3.2099999999997575,0,1,0.0,0.0,0.0,0.0,0.0,0.0,0,0.0,0.005828864625226153,75
7584.48452757,3.2199999999997564,0,1,0.0,0.0,0.0,0.0,0.0,0.0,0,0.0,0.0058288695278046684,81
7584.494355781,3.2299999999997553,0,1,0.0,0.0,0.0,0.0,0.0,0.0,0,0.0,0.0058288743011742266,81
7584.504264686,3.239999999999754,0,1,0.0,0.0,0.0,0.0,0.0,0.0,0,0.0,0.005828878948740097,81
7584.514197916,3.249999999999753,0,1,0.0,0.0,0.0,0.0,0.0,0.0,0,0.0,0.005828883473817802,84
7584.524130128,3.259999999999752,0,1,0.0,0.0,0.0,0.0,0.0,0.0,0,0.0,0.005828887879635492,84
7584.53426873,3.269999999999751,0,1,0.0,0.0,0.0,0.0,0.0,0.0,0,0.0,0.005828892169336243,84
7584.544156707,3.27999999999975,0,1,0.0,0.0,0.0,0.0,0.0,0.0,0,0.0,0.0058288963459803,84
7584.554143733,3.2899999999997487,0,1,0.0,0.0,0.0,0.0,0.0,0.0,0,0.0,0.005828900412547257,90
7584.564031887,3.2999999999997476,0,1,0.0,0.0,0.0,0.0,0.0,0.0,0,0.0,0.005828904371938184,90
7584.574186766,3.3099999999997465,0,1,0.0,0.0,0.0,0.0,0.0,0.0,0,0.0,0.005828908226977698,91
7584.584203875,3.3199999999997454,0,1,0.0,0.0,0.0,0.0,0.0,0.0,0,0.0,0.005828911980415975,94
7584.594398972,3.3299999999997443,0,1,0.0,0.0,0.0,0.0,0.0,0.0,0,0.0,0.005828915634930713,94
7584.604122875,3.339999999999743,0,1,0.0,0.0,0.0,0.0,0.0,0.0,0,0.0,0.0058289191931290415,94
7584.616401527,3.349999999999742,0,1,0.0,0.0,0.0,0.0,0.0,0.0,0,0.0,0.005828922657549381,95
7584.62415101,3.359999999999741,0,1,0.0,0.0,0.0,0.0,0.0,0.0,0,0.0,0.005828926030663254,98
7584.634078914,3.36999999999974,0,1,0.0,0.0,0.0,0.0,0.0,0.0,0,0.0,0.005828929314877047,98
7584.644183665,3.3799999999997388,0,1,0.0,0.0,0.0,0.0,0.0,0.0,0,0.0,0.005828932512533731,98
7584.654112545,3.3899999999997377,0,1,0.0,0.0,0.0,0.0,0.0,0.0,0,0.0,0.0058289356259145254,100
7584.664275516,3.3999999999997366,0,1,0.0,0.0,0.0,0.0,0.0,0.0,0,0.0,0.005828938657240537,101
7584.674137826,3.4099999999997355,0,1,0.0,0.0,0.0,0.0,0.0,0.0,0,0.0,0.005828941608674326,101
7584.684823393,3.4199999999997344,0,1,0.0,0.0,0.0,0.0,0.0,0.0,0,0.0,0.0058289444823214675,2
7584.694471577,3.4299999999997333,0,1,0.0,0.0,0.0,0.0,0.0,0.0,0,0.0,0.0058289472802320426,3
7584.704106841,3.439999999999732,0,1,0.0,0.0,0.0,0.0,0.0,0.0,0,0.0,0.005828950004402106,3
7584.71455089,3.449999999999731,0,1,0.0,0.0,0.0,0.0,0.0,0.0,0,0.0,0.005828952656775104,3
7584.723933486,3.45999999999973,0,1,0.0,0.0,0.0,0.0,0.0,0.0,0,0.0,0.0058289552392432635,8
7584.73423534,3.469999999999729,0,1,0.0,0.0,0.0,0.0,0.0,0.0,0,0.0,0.005828957753648948,8
7584.744315756,3.4799999999997278,0,1,0.0,0.0,0.0,0.0,0.0,0.0,0,0.0,0.005828960201785961,8
7584.754239566,3.4899999999997267,0,1,0.0,0.0,0.0,0.0,0.0,0.0,0,0.0,0.005828962585400833,12
7584.764183772,3.4999999999997256,0,1,0.0,0.0,0.0,0.0,0.0,0.0,0,0.0,0.005828964906194062,12
7584.774201434,3.5099999999997245,0,1,0.0,0.0,0.0,0.0,0.0,0.0,0,0.0,0.005828967165821336,12
7584.785791513,3.5199999999997234,0,1,0.0,0.0,0.0,0.0,0.0,0.0,0,0.0,0.005828969365894701,14
7584.794131467,3.5299999999997222,0,1,0.0,0.0,0.0,0.0,0.0,0.0,0,0.0,0.0058289715079837216,16
7584.803957393,3.539999999999721,0,1,0.0,0.0,0.0,0.0,0.0,0.0,0,0.0,0.0058289735936166,16
7584.813972255,3.54999999999972,0,1,0.0,0.0,0.0,0.0,0.0,0.0,0,0.0,0.005828975624281256,16
7584.82401488,3.559999999999719,0,1,0.0,0.0,0.0,0.0,0.0,0.0,0,0.0,0.0058289776014264,19
7584.834225284,3.569999999999718,0,1,0.0,0.0,0.0,0.0,0.0,0.0,0,0.0,0.00582897952646256,19
7584.843984761,3.5799999999997167,0,1,0.0,0.0,0.0,0.0,0.0,0.0,0,0.0,0.0058289814007630916,19
7584.854549383,3.5899999999997156,0,1,0.0,0.0,0.0,0.0,0.0,0.0,0,0.0,0.005828983225665152,22
7584.864093579,3.5999999999997145,0,1,0.0,0.0,0.0,0.0,0.0,0.0,0,0.0,0.00582898500247066,22
7584.874088031,3.6099999999997134,0,1,0.0,0.0,0.0,0.0,0.0,0.0,0,0.0,0.005828986732447226,22
7584.884036775,3.6199999999997123,0,1,0.0,0.0,0.0,0.0,0.0,0.0,0,0.0,0.0058289884168290455,22
7584.894060893,3.6299999999997112,0,1,0.0,0.0,0.0,0.0,0.0,0.0,0,0.0,0.005828990056817791,24
7584.904022036,3.63999999999971,0,1,0.0,0.0,0.0,0.0,0.0,0.0,0,0.0,0.005828991653583464,24
7584.914014925,3.649999999999709,0,1,0.0,0.0,0.0,0.0,0.0,0.0,0,0.0,0.005828993208265227,24
7584.924041613,3.659999999999708,0,1,0.0,0.0,0.0,0.0,0.0,0.0,0,0.0,0.005828994721972229,27
7584.934017395,3.669999999999707,0,1,0.0,0.0,0.0,0.0,0.0,0.0,0,0.0,0.005828996195784378,27
7584.94398668,3.6799999999997057,0,1,0.0,0.0,0.0,0.0,0.0,0.0,0,0.0,0.005828997630753124,27
7584.956036737,3.6899999999997046,0,1,0.0,0.0,0.0,0.0,0.0,0.0,0,0.0,0.005828999027902206,28
7584.964199862,3.6999999999997035,0,1,0.0,0.0,0.0,0.0,0.0,0.0,0,0.0,0.005829000388228384,30
7584.974034645,3.7099999999997024,0,1,0.0,0.0,0.0,0.0,0.0,0.0,0,0.0,0.005829001712702146,30
7584.984073936,3.7199999999997013,0,1,0.0,0.0,0.0,0.0,0.0,0.0,0,0.0,0.005829003002268401,30
7584.994073646,3.7299999999997,0,1,0.0,0.0,0.0,0.0,0.0,0.0,0,0.0,0.00582900425784716,35
7585.004515482,3.739999999999699,0,1,0.0,0.0,0.0,0.0,0.0,0.0,0,0.0,0.00582900548033418,35
7585.014022893,3.749999999999698,0,1,0.0,0.0,0.0,0.0,0.0,0.0,0,0.0,0.005829006670601615,35
7585.024829645,3.759999999999697,0,1,0.0,0.0,0.0,0.0,0.0,0.0,0,0.0,0.005829007829498632,38
7585.034445781,3.769999999999696,0,1,0.0,0.0,0.0,0.0,0.0,0.0,0,0.0,0.005829008957852017,39
7585.044145478,3.7799999999996947,0,1,0.0,0.0,0.0,0.0,0.0,0.0,0,0.0,0.00582901005646677,39
7585.054291675,3.7899999999996936,0,1,0.0,0.0,0.0,0.0,0.0,0.0,0,0.0,0.0058290111261266675,39
7585.064056027,3.7999999999996925,0,1,0.0,0.0,0.0,0.0,0.0,0.0,0,0.0,0.005829012167594835,42
7585.074080665,3.8099999999996914,0,1,0.0,0.0,0.0,0.0,0.0,0.0,0,0.0,0.0058290131816142845,42
7585.083941743,3.8199999999996903,0,1,0.0,0.0,0.0,0.0,0.0,0.0,0,0.0,0.005829014168908443,42
7585.093930861,3.829999999999689,0,1,0.0,0.0,0.0,0.0,0.0,0.0,0,0.0,0.0058290151301816735,45
7585.103987389,3.839999999999688,0,1,0.0,0.0,0.0,0.0,0.0,0.0,0,0.0,0.005829016066119775,45
7585.114074597,3.849999999999687,0,1,0.0,0.0,0.0,0.0,0.0,0.0,0,0.0,0.005829016977390472,45
7585.126086678,3.859999999999686,0,1,0.0,0.0,0.0,0.0,0.0,0.0,0,0.0,0.00582901786464389,46
7585.133982418,3.869999999999685,0,1,0.0,0.0,0.0,0.0,0.0,0.0,0,0.0,0.0058290187285130225,48
7585.143992905,3.8799999999996837,0,1,0.0,0.0,0.0,0.0,0.0,0.0,0,0.0,0.005829019569614181,48
7585.15395693,3.8899999999996826,0,1,0.0,0.0,0.0,0.0,0.0,0.0,0,0.0,0.005829020388547426,48
7585.163970965,3.8999999999996815,0,1,0.0,0.0,0.0,0.0,0.0,0.0,0,0.0,0.005829021185897013,52
7585.174340903,3.9099999999996804,0,1,0.0,0.0,0.0,0.0,0.0,0.0,0,0.0,0.005829021962231792,52
7585.184246193,3.9199999999996793,0,1,0.0,0.0,0.0,0.0,0.0,0.0,0,0.0,0.005829022718105625,52
7585.194252068,3.929999999999678,0,1,0.0,0.0,0.0,0.0,0.0,0.0,0,0.0,0.005829023454057774,55
7585.204236819,3.939999999999677,0,1,0.0,0.0,0.0,0.0,0.0,0.0,0,0.0,0.00582902417061329,55
7585.214469672,3.949999999999676,0,1,0.0,0.0,0.0,0.0,0.0,0.0,0,0.0,0.005829024868283385,55
7585.224147682,3.959999999999675,0,1,0.0,0.0,0.0,0.0,0.0,0.0,0,0.0,0.005829025547565798,55
7585.234264121,3.969999999999674,0,1,0.0,0.0,0.0,0.0,0.0,0.0,0,0.0,0.005829026208945151,58
7585.244004543,3.9799999999996727,0,1,0.0,0.0,0.0,0.0,0.0,0.0,0,0.0,0.0058290268528932935,58
7585.254050887,3.9899999999996716,0,1,0.0,0.0,0.0,0.0,0.0,0.0,0,0.0,0.005829027479869636,58
7585.264210782,3.9999999999996705,0,1,0.0,0.0,0.0,0.0,0.0,0.0,0,0.0,0.005829028090321485,62
7585.274000045,4.009999999999674,0,1,0.0,0.0,0.0,0.0,0.0,0.0,0,0.0,0.005829028684684355,62
7585.283959228,4.019999999999677,0,1,0.0,0.0,0.0,0.0,0.0,0.0,0,0.0,0.005829029263382284,62
7585.295793226,4.0299999999996805,0,1,0.0,0.0,0.0,0.0,0.0,0.0,0,0.0,0.005829029826828133,63
7585.304362265,4.039999999999684,0,1,0.0,0.0,0.0,0.0,0.0,0.0,0,0.0,0.005829030375423884,65
7585.314010517,4.049999999999687,0,1,0.0,0.0,0.0,0.0,0.0,0.0,0,0.0,0.00582903090956092,65
7585.324339869,4.0599999999996905,0,1,0.0,0.0,0.0,0.0,0.0,0.0,0,0.0,0.005829031429620315,66
7585.334311067,4.069999999999694,0,1,0.0,0.0,0.0,0.0,0.0,0.0,0,0.0,0.005829031935973098,69
7585.344478597,4.079999999999697,0,1,0.0,0.0,0.0,0.0,0.0,0.0,0,0.0,0.005829032428980512,69
7585.35463725,4.0899999999997005,0,1,0.0,0.0,0.0,0.0,0.0,0.0,0,0.0,0.005829032908994287,69
7585.367336379,4.099999999999704,0,1,0.0,0.0,0.0,0.0,0.0,0.0,0,0.0,0.0058290333763568805,72
7585.374078775,4.109999999999707,0,1,0.0,0.0,0.0,0.0,0.0,0.0,0,0.0,0.0058290338314017235,75
7585.384032782,4.119999999999711,0,1,0.0,0.0,0.0,0.0,0.0,0.0,0,0.0,0.005829034274453463,75
7585.394067735,4.129999999999714,0,1,0.0,0.0,0.0,0.0,0.0,0.0,0,0.0,0.005829034705828186,76
7585.404092145,4.139999999999717,0,1,0.0,0.0,0.0,0.0,0.0,0.0,0,0.0,0.005829035125833648,79
7585.414452616,4.149999999999721,0,1,0.0,0.0,0.0,0.0,0.0,0.0,0,0.0,0.0058290355347694976,79
7585.424135495,4.159999999999724,0,1,0.0,0.0,0.0,0.0,0.0,0.0,0,0.0,0.0058290359329274824,79
7585.434179667,4.169999999999727,0,1,0.0,0.0,0.0,0.0,0.0,0.0,0,0.0,0.005829036320591663,82
7585.444044698,4.179999999999731,0,1,0.0,0.0,0.0,0.0,0.0,0.0,0,0.0,0.0058290366980386105,82
7585.454135499,4.189999999999734,0,1,0.0,0.0,0.0,0.0,0.0,0.0,0,0.0,0.00582903706553761,83
7585.467555609,4.199999999999737,0,1,0.0,0.0,0.0,0.0,0.0,0.0,0,0.0,0.005829037423350846,84
7585.47450452,4.209999999999741,0,1,0.0,0.0,0.0,0.0,0.0,0.0,0,0.0,0.0058290377717335985,88
7585.484415836,4.219999999999744,0,1,0.0,0.0,0.0,0.0,0.0,0.0,0,0.0,0.005829038110934413,88
7585.494191102,4.229999999999747,0,1,0.0,0.0,0.0,0.0,0.0,0.0,0,0.0,0.005829038441195285,88
7585.504582748,4.239999999999751,0,1,0.0,0.0,0.0,0.0,0.0,0.0,0,0.0,0.00582903876275184,91
7585.513943811,4.249999999999754,0,1,0.0,0.0,0.0,0.0,0.0,0.0,0,0.0,0.005829039075833484,91
7585.523959431,4.259999999999757,0,1,0.0,0.0,0.0,0.0,0.0,0.0,0,0.0,0.005829039380663579,91
7585.544058213,4.269999999999761,0,1,0.0,0.0,0.0,0.0,0.0,0.0,0,0.0,0.005829039677459605,92
7585.554236556,4.279999999999764,0,1,0.0,0.0,0.0,0.0,0.0,0.0,0,0.0,0.005829039966433307,92
7585.563923279,4.289999999999767,0,1,0.0,0.0,0.0,0.0,0.0,0.0,0,0.0,0.005829040247790846,92
7585.573718771,4.299999999999771,0,1,0.0,0.0,0.0,0.0,0.0,0.0,0,0.0,0.005829040521732954,95
7585.583717677,4.309999999999774,0,1,0.0,0.0,0.0,0.0,0.0,0.0,0,0.0,0.005829040788455073,95
7585.593715256,4.319999999999777,0,1,0.0,0.0,0.0,0.0,0.0,0.0,0,0.0,0.0058290410481474896,95
7585.603835082,4.329999999999781,0,1,0.0,0.0,0.0,0.0,0.0,0.0,0,0.0,0.005829041300995477,98
7585.614196655,4.339999999999784,0,1,0.0,0.0,0.0,0.0,0.0,0.0,0,0.0,0.005829041547179426,98
7585.623814167,4.349999999999787,0,1,0.0,0.0,0.0,0.0,0.0,0.0,0,0.0,0.005829041786874974,98
7585.635647719,4.359999999999791,0,1,0.0,0.0,0.0,0.0,0.0,0.0,0,0.0,0.0058290420202531295,99
7585.643666876,4.369999999999794,0,1,0.0,0.0,0.0,0.0,0.0,0.0,0,0.0,0.005829042247480391,101
7585.653672784,4.379999999999797,0,1,0.0,0.0,0.0,0.0,0.0,0.0,0,0.0,0.0058290424687188706,101
7585.663795871,4.389999999999801,0,1,0.0,0.0,0.0,0.0,0.0,0.0,0,0.0,0.005829042684126411,101
7585.674040978,4.399999999999804,0,1,0.0,0.0,0.0,0.0,0.0,0.0,0,0.0,0.005829042893856691,105
7585.683884832,4.409999999999807,0,1,0.0,0.0,0.0,0.0,0.0,0.0,0,0.0,0.005829043098059338,105
7585.693881032,4.419999999999811,0,1,0.0,0.0,0.0,0.0,0.0,0.0,0,0.0,0.005829043296880038,0
7585.704523612,4.429999999999814,0,1,0.0,0.0,0.0,0.0,0.0,0.0,0,0.0,0.005829043490460636,3
7585.714328437,4.439999999999817,0,1,0.0,0.0,0.0,0.0,0.0,0.0,0,0.0,0.0058290436789392415,4
7585.72421397,4.449999999999821,0,1,0.0,0.0,0.0,0.0,0.0,0.0,0,0.0,0.005829043862450322,4
7585.733899362,4.459999999999824,0,1,0.0,0.0,0.0,0.0,0.0,0.0,0,0.0,0.005829044041124799,4
7585.74378895,4.4699999999998274,0,1,0.0,0.0,0.0,0.0,0.0,0.0,0,0.0,0.005829044215090146,10
7585.754125527,4.479999999999831,0,1,0.0,0.0,0.0,0.0,0.0,0.0,0,0.0,0.005829044384470477,10
7585.764325613,4.489999999999834,0,1,0.0,0.0,0.0,0.0,0.0,0.0,0,0.0,0.005829044549386635,10
7585.773899228,4.4999999999998375,0,1,0.0,0.0,0.0,0.0,0.0,0.0,0,0.0,0.005829044709956277,13
7585.784026008,4.509999999999841,0,1,0.0,0.0,0.0,0.0,0.0,0.0,0,0.0,0.005829044866293957,13
7585.794500547,4.519999999999844,0,1,0.0,0.0,0.0,0.0,0.0,0.0,0,0.0,0.005829045018511214,13
7585.808769356,4.5299999999998475,0,1,0.0,0.0,0.0,0.0,0.0,0.0,0,0.0,0.005829045166716645,14
7585.814352085,4.539999999999851,0,1,0.0,0.0,0.0,0.0,0.0,0.0,0,0.0,0.005829045311015988,19
7585.824341355,4.549999999999854,0,1,0.0,0.0,0.0,0.0,0.0,0.0,0,0.0,0.005829045451512187,20
7585.834503236,4.5599999999998575,0,1,0.0,0.0,0.0,0.0,0.0,0.0,0,0.0,0.0058290455883054796,20
7585.844296721,4.569999999999861,0,1,0.0,0.0,0.0,0.0,0.0,0.0,0,0.0,0.00582904572149346,26
7585.853901895,4.579999999999864,0,1,0.0,0.0,0.0,0.0,0.0,0.0,0,0.0,0.005829045851171149,26
7585.863852593,4.5899999999998675,0,1,0.0,0.0,0.0,0.0,0.0,0.0,0,0.0,0.005829045977431061,26
7585.8771695,4.599999999999871,0,1,0.0,0.0,0.0,0.0,0.0,0.0,0,0.0,0.005829046100363276,29
7585.883820375,4.609999999999874,0,1,0.0,0.0,0.0,0.0,0.0,0.0,0,0.0,0.005829046220055498,33
7585.893833195,4.6199999999998775,0,1,0.0,0.0,0.0,0.0,0.0,0.0,0,0.0,0.005829046336593122,33
7585.903840938,4.629999999999881,0,1,0.0,0.0,0.0,0.0,0.0,0.0,0,0.0,0.005829046450059289,33
7585.913993625,4.639999999999884,0,1,0.0,0.0,0.0,0.0,0.0,0.0,0,0.0,0.005829046560534951,38
7585.923916932,4.649999999999888,0,1,0.0,0.0,0.0,0.0,0.0,0.0,0,0.0,0.0058290466680989235,38
7585.934021354,4.659999999999891,0,1,0.0,0.0,0.0,0.0,0.0,0.0,0,0.0,0.005829046772827948,38
7585.943932149,4.669999999999894,0,1,0.0,0.0,0.0,0.0,0.0,0.0,0,0.0,0.005829046874796742,41
7585.954078521,4.679999999999898,0,1,0.0,0.0,0.0,0.0,0.0,0.0,0,0.0,0.0058290469740780535,41
7585.9637583,4.689999999999901,0,1,0.0,0.0,0.0,0.0,0.0,0.0,0,0.0,0.005829047070742716,41
7585.97531698,4.699999999999904,0,1,0.0,0.0,0.0,0.0,0.0,0.0,0,0.0,0.005829047164859689,42
7585.983809401,4.709999999999908,0,1,0.0,0.0,0.0,0.0,0.0,0.0,0,0.0,0.005829047256496122,43
7585.994220813,4.719999999999911,0,1,0.0,0.0,0.0,0.0,0.0,0.0,0,0.0,0.005829047345717393,43
7586.004090104,4.729999999999914,0,1,0.0,0.0,0.0,0.0,0.0,0.0,0,0.0,0.005829047432587153,43
7586.014122337,4.739999999999918,0,1,0.0,0.0,0.0,0.0,0.0,0.0,0,0.0,0.00582904751716738,46
7586.023755416,4.749999999999921,0,1,0.0,0.0,0.0,0.0,0.0,0.0,0,0.0,0.005829047599518416,46
7586.034145172,4.759999999999924,0,1,0.0,0.0,0.0,0.0,0.0,0.0,0,0.0,0.005829047679699015,46
7586.044791343,4.769999999999928,0,1,0.0,0.0,0.0,0.0,0.0,0.0,0,0.0,0.00582904775776638,49
7586.05401223,4.779999999999931,0,1,0.0,0.0,0.0,0.0,0.0,0.0,0,0.0,0.0058290478337762065,50
7586.063831236,4.789999999999934,0,1,0.0,0.0,0.0,0.0,0.0,0.0,0,0.0,0.005829047907782722,50
7586.074279481,4.799999999999938,0,1,0.0,0.0,0.0,0.0,0.0,0.0,0,0.0,0.005829047979838728,50
7586.084238789,4.809999999999941,0,1,0.0,0.0,0.0,0.0,0.0,0.0,0,0.0,0.00582904804999563,53
7586.093802472,4.819999999999944,0,1,0.0,0.0,0.0,0.0,0.0,0.0,0,0.0,0.005829048118303481,53
7586.103917025,4.829999999999948,0,1,0.0,0.0,0.0,0.0,0.0,0.0,0,0.0,0.005829048184811015,53
7586.113975544,4.839999999999951,0,1,0.0,0.0,0.0,0.0,0.0,0.0,0,0.0,0.005829048249565683,56
7586.124263942,4.849999999999954,0,1,0.0,0.0,0.0,0.0,0.0,0.0,0,0.0,0.0058290483126136805,57
7586.133937384,4.859999999999958,0,1,0.0,0.0,0.0,0.0,0.0,0.0,0,0.0,0.005829048373999989,57
7586.144469387,4.869999999999961,0,1,0.0,0.0,0.0,0.0,0.0,0.0,0,0.0,0.005829048433768404,57
7586.154079708,4.879999999999964,0,1,0.0,0.0,0.0,0.0,0.0,0.0,0,0.0,0.005829048491961566,61
7586.163791612,4.889999999999968,0,1,0.0,0.0,0.0,0.0,0.0,0.0,0,0.0,0.005829048548620992,61
7586.174273528,4.899999999999971,0,1,0.0,0.0,0.0,0.0,0.0,0.0,0,0.0,0.005829048603787106,61
7586.184066256,4.909999999999974,0,1,0.0,0.0,0.0,0.0,0.0,0.0,0,0.0,0.005829048657499266,64
7586.193886671,4.919999999999978,0,1,0.0,0.0,0.0,0.0,0.0,0.0,0,0.0,0.005829048709795791,64
7586.203661695,4.929999999999981,0,1,0.0,0.0,0.0,0.0,0.0,0.0,0,0.0,0.005829048760713993,64
7586.215653786,4.939999999999984,0,1,0.0,0.0,0.0,0.0,0.0,0.0,0,0.0,0.0058290488102901985,65
7586.223757978,4.949999999999988,0,1,0.0,0.0,0.0,0.0,0.0,0.0,0,0.0,0.005829048858559776,67
7586.233746362,4.959999999999991,0,1,0.0,0.0,0.0,0.0,0.0,0.0,0,0.0,0.005829048905557164,67
7586.243763158,4.969999999999994,0,1,0.0,0.0,0.0,0.0,0.0,0.0,0,0.0,0.005829048951315891,67
7586.253729551,4.979999999999998,0,1,0.0,0.0,0.0,0.0,0.0,0.0,0,0.0,0.0058290489958686045,70
7586.263725223,4.990000000000001,0,1,0.0,0.0,0.0,0.0,0.0,0.0,0,0.0,0.005829049039247088,70
7586.273840433,5.000000000000004,0,1,0.0,0.0,0.0,0.0,0.0,0.0,0,0.0,0.005829049081482293,70
7586.284389235,5.010000000000008,0,1,0.0,0.0,0.0,0.0,0.0,0.0,0,0.0,0.0058290491226043505,74
7586.293786704,5.020000000000011,0,1,0.0,0.0,0.0,0.0,0.0,0.0,0,0.0,0.005829049162642595,74
7586.30393947,5.0300000000000145,0,1,0.0,0.0,0.0,0.0,0.0,0.0,0,0.0,0.005829049201625597,74
7586.313898192,5.040000000000018,0,1,0.0,0.0,0.0,0.0,0.0,0.0,0,0.0,0.005829049239581163,74
7586.324163737,5.050000000000021,0,1,0.0,0.0,0.0,0.0,0.0,0.0,0,0.0,0.005829049276536375,78
7586.334570026,5.0600000000000245,0,1,0.0,0.0,0.0,0.0,0.0,0.0,0,0.0,0.005829049312517596,78
7586.344023759,5.070000000000028,0,1,0.0,0.0,0.0,0.0,0.0,0.0,0,0.0,0.005829049347550501,80
7586.355408408,5.080000000000031,0,1,0.0,0.0,0.0,0.0,0.0,0.0,0,0.0,0.00582904938166008,85
7586.364332105,5.0900000000000345,0,1,0.0,0.0,0.0,0.0,0.0,0.0,0,0.0,0.005829049414870668,87
7586.373981782,5.100000000000038,0,1,0.0,0.0,0.0,0.0,0.0,0.0,0,0.0,0.005829049447205963,87
7586.385584145,5.110000000000041,0,1,0.0,0.0,0.0,0.0,0.0,0.0,0,0.0,0.0058290494786890305,88
7586.393722616,5.1200000000000445,0,1,0.0,0.0,0.0,0.0,0.0,0.0,0,0.0,0.005829049509342332,90
7586.404253748,5.130000000000048,0,1,0.0,0.0,0.0,0.0,0.0,0.0,0,0.0,0.0058290495391877355,90
7586.413826575,5.140000000000051,0,1,0.0,0.0,0.0,0.0,0.0,0.0,0,0.0,0.005829049568246536,90
7586.423716974,5.1500000000000545,0,1,0.0,0.0,0.0,0.0,0.0,0.0,0,0.0,0.005829049596539463,95
7586.433728165,5.160000000000058,0,1,0.0,0.0,0.0,0.0,0.0,0.0,0,0.0,0.005829049624086704,95
7586.444104162,5.170000000000061,0,1,0.0,0.0,0.0,0.0,0.0,0.0,0,0.0,0.005829049650907913,95
7586.454628416,5.1800000000000646,0,1,0.0,0.0,0.0,0.0,0.0,0.0,0,0.0,0.005829049677022223,98
7586.463803558,5.190000000000068,0,1,0.0,0.0,0.0,0.0,0.0,0.0,0,0.0,0.005829049702448265,99
7586.47397067,5.200000000000071,0,1,0.0,0.0,0.0,0.0,0.0,0.0,0,0.0,0.00582904972720418,99
7586.483716423,5.210000000000075,0,1,0.0,0.0,0.0,0.0,0.0,0.0,0,0.0,0.005829049751307628,99
7586.494259278,5.220000000000078,0,1,0.0,0.0,0.0,0.0,0.0,0.0,0,0.0,0.005829049774775809,102
7586.503724582,5.230000000000081,0,1,0.0,0.0,0.0,0.0,0.0,0.0,0,0.0,0.005829049797625464,102
7586.513898356,5.240000000000085,0,1,0.0,0.0,0.0,0.0,0.0,0.0,0,0.0,0.005829049819872895,102
7586.523734998,5.250000000000088,0,1,0.0,0.0,0.0,0.0,0.0,0.0,0,0.0,0.005829049841533973,104
7586.533710889,5.260000000000091,0,1,0.0,0.0,0.0,0.0,0.0,0.0,0,0.0,0.005829049862624154,104
7586.543762752,5.270000000000095,0,1,0.0,0.0,0.0,0.0,0.0,0.0,0,0.0,0.0058290498831584815,104
7586.555414993,5.280000000000098,0,1,0.0,0.0,0.0,0.0,0.0,0.0,0,0.0,0.005829049903151609,105
7586.563868524,5.290000000000101,0,1,0.0,0.0,0.0,0.0,0.0,0.0,0,0.0,0.005829049922617798,106
7586.573710334,5.300000000000105,0,1,0.0,0.0,0.0,0.0,0.0,0.0,0,0.0,0.005829049941570939,106
7586.583794982,5.310000000000108,0,1,0.0,0.0,0.0,0.0,0.0,0.0,0,0.0,0.0058290499600245505,106
7586.593762564,5.320000000000111,0,1,0.0,0.0,0.0,0.0,0.0,0.0,0,0.0,0.005829049977991801,109
7586.60381011,5.330000000000115,0,1,0.0,0.0,0.0,0.0,0.0,0.0,0,0.0,0.005829049995485507,109
7586.61371573,5.340000000000118,0,1,0.0,0.0,0.0,0.0,0.0,0.0,0,0.0,0.00582905001251815,109
7586.624265148,5.350000000000121,0,1,0.0,0.0,0.0,0.0,0.0,0.0,0,0.0,0.005829050029101882,112
7586.63393801,5.360000000000125,0,1,0.0,0.0,0.0,0.0,0.0,0.0,0,0.0,0.005829050045248534,112
7586.643741838,5.370000000000128,0,1,0.0,0.0,0.0,0.0,0.0,0.0,0,0.0,0.005829050060969625,112
7586.653746142,5.380000000000131,0,1,0.0,0.0,0.0,0.0,0.0,0.0,0,0.0,0.005829050076276372,112
7586.66403235,5.390000000000135,0,1,0.0,0.0,0.0,0.0,0.0,0.0,0,0.0,0.005829050091179696,115
7586.673826973,5.400000000000138,0,1,0.0,0.0,0.0,0.0,0.0,0.0,0,0.0,0.005829050105690228,115
7586.683859309,5.410000000000141,0,1,0.0,0.0,0.0,0.0,0.0,0.0,0,0.0,0.005829050119818322,115
7586.693705938,5.420000000000145,0,1,0.0,0.0,0.0,0.0,0.0,0.0,0,0.0,0.005829050133574056,3
7586.703937904,5.430000000000148,0,1,0.0,0.0,0.0,0.0,0.0,0.0,0,0.0,0.005829050146967245,3
7586.714342141,5.440000000000151,0,1,0.0,0.0,0.0,0.0,0.0,0.0,0,0.0,0.0058290501600074445,3
7586.728128596,5.450000000000155,0,1,0.0,0.0,0.0,0.0,0.0,0.0,0,0.0,0.005829050172703957,4
7586.734347789,5.460000000000158,0,1,0.0,0.0,0.0,0.0,0.0,0.0,0,0.0,0.005829050185065841,9
7586.743681903,5.470000000000161,0,1,0.0,0.0,0.0,0.0,0.0,0.0,0,0.0,0.005829050197101916,9
7586.753873702,5.480000000000165,0,1,0.0,0.0,0.0,0.0,0.0,0.0,0,0.0,0.00582905020882077,9
7586.76444184,5.490000000000168,0,1,0.0,0.0,0.0,0.0,0.0,0.0,0,0.0,0.005829050220230763,12
7586.773902551,5.500000000000171,0,1,0.0,0.0,0.0,0.0,0.0,0.0,0,0.0,0.005829050231340033,12
7586.78375597,5.510000000000175,0,1,0.0,0.0,0.0,0.0,0.0,0.0,0,0.0,0.005829050242156508,12
7586.794699948,5.520000000000178,0,1,0.0,0.0,0.0,0.0,0.0,0.0,0,0.0,0.005829050252687904,15
7586.803894285,5.530000000000181,0,1,0.0,0.0,0.0,0.0,0.0,0.0,0,0.0,0.005829050262941736,16
7586.813727518,5.540000000000185,0,1,0.0,0.0,0.0,0.0,0.0,0.0,0,0.0,0.005829050272925318,16
7586.823727212,5.550000000000188,0,1,0.0,0.0,0.0,0.0,0.0,0.0,0,0.0,0.005829050282645774,16
7586.833731497,5.5600000000001915,0,1,0.0,0.0,0.0,0.0,0.0,0.0,0,0.0,0.005829050292110036,19
7586.843696062,5.570000000000195,0,1,0.0,0.0,0.0,0.0,0.0,0.0,0,0.0,0.005829050301324861,19
7586.853941049,5.580000000000198,0,1,0.0,0.0,0.0,0.0,0.0,0.0,0,0.0,0.0058290503102968174,19
7586.863729454,5.5900000000002015,0,1,0.0,0.0,0.0,0.0,0.0,0.0,0,0.0,0.005829050319032312,22
7586.873753634,5.600000000000205,0,1,0.0,0.0,0.0,0.0,0.0,0.0,0,0.0,0.005829050327537577,22
7586.883876199,5.610000000000208,0,1,0.0,0.0,0.0,0.0,0.0,0.0,0,0.0,0.005829050335818674,22
7586.895500135,5.6200000000002115,0,1,0.0,0.0,0.0,0.0,0.0,0.0,0,0.0,0.005829050343881515,23
7586.903715145,5.630000000000215,0,1,0.0,0.0,0.0,0.0,0.0,0.0,0,0.0,0.0058290503517318525,25
7586.913724023,5.640000000000218,0,1,0.0,0.0,0.0,0.0,0.0,0.0,0,0.0,0.005829050359375289,25
7586.923713082,5.6500000000002215,0,1,0.0,0.0,0.0,0.0,0.0,0.0,0,0.0,0.0058290503668172716,25
7586.933731348,5.660000000000225,0,1,0.0,0.0,0.0,0.0,0.0,0.0,0,0.0,0.005829050374063115,27
7586.943698843,5.670000000000228,0,1,0.0,0.0,0.0,0.0,0.0,0.0,0,0.0,0.00582905038111799,27
7586.953821647,5.6800000000002315,0,1,0.0,0.0,0.0,0.0,0.0,0.0,0,0.0,0.005829050387986927,27
7586.963984132,5.690000000000235,0,1,0.0,0.0,0.0,0.0,0.0,0.0,0,0.0,0.005829050394674824,30
7586.973739571,5.700000000000238,0,1,0.0,0.0,0.0,0.0,0.0,0.0,0,0.0,0.005829050401186455,30
7586.983723655,5.7100000000002415,0,1,0.0,0.0,0.0,0.0,0.0,0.0,0,0.0,0.005829050407526469,30
7586.993752997,5.720000000000245,0,1,0.0,0.0,0.0,0.0,0.0,0.0,0,0.0,0.005829050413699385,30
7587.003731077,5.730000000000248,0,1,0.0,0.0,0.0,0.0,0.0,0.0,0,0.0,0.005829050419709606,33
7587.013829925,5.740000000000252,0,1,0.0,0.0,0.0,0.0,0.0,0.0,0,0.0,0.005829050425561421,33
7587.023751673,5.750000000000255,0,1,0.0,0.0,0.0,0.0,0.0,0.0,0,0.0,0.0058290504312590065,33
7587.033710581,5.760000000000258,0,1,0.0,0.0,0.0,0.0,0.0,0.0,0,0.0,0.005829050436806429,36
7587.043731439,5.770000000000262,0,1,0.0,0.0,0.0,0.0,0.0,0.0,0,0.0,0.005829050442207644,36
7587.05371793,5.780000000000265,0,1,0.0,0.0,0.0,0.0,0.0,0.0,0,0.0,0.005829050447466505,36
7587.065399149,5.790000000000268,0,1,0.0,0.0,0.0,0.0,0.0,0.0,0,0.0,0.005829050452586761,37
7587.073714537,5.800000000000272,0,1,0.0,0.0,0.0,0.0,0.0,0.0,0,0.0,0.005829050457572069,38
7587.083732665,5.810000000000275,0,1,0.0,0.0,0.0,0.0,0.0,0.0,0,0.0,0.005829050462425987,38
7587.09395678,5.820000000000278,0,1,0.0,0.0,0.0,0.0,0.0,0.0,0,0.0,0.0058290504671519765,38
7587.103964094,5.830000000000282,0,1,0.0,0.0,0.0,0.0,0.0,0.0,0,0.0,0.005829050471753407,41
7587.113698521,5.840000000000285,0,1,0.0,0.0,0.0,0.0,0.0,0.0,0,0.0,0.00582905047623356,41
7587.123718002,5.850000000000288,0,1,0.0,0.0,0.0,0.0,0.0,0.0,0,0.0,0.0058290504805956316,41
7587.134218367,5.860000000000292,0,1,0.0,0.0,0.0,0.0,0.0,0.0,0,0.0,0.005829050484842738,44
7587.144407494,5.870000000000295,0,1,0.0,0.0,0.0,0.0,0.0,0.0,0,0.0,0.00582905048897791,44
7587.15407665,5.880000000000298,0,1,0.0,0.0,0.0,0.0,0.0,0.0,0,0.0,0.005829050493004098,44
7587.164272217,5.890000000000302,0,1,0.0,0.0,0.0,0.0,0.0,0.0,0,0.0,0.005829050496924171,45
7587.173948786,5.900000000000305,0,1,0.0,0.0,0.0,0.0,0.0,0.0,0,0.0,0.0058290505007409284,49
7587.183875404,5.910000000000308,0,1,0.0,0.0,0.0,0.0,0.0,0.0,0,0.0,0.005829050504457088,49
7587.193686334,5.920000000000312,0,1,0.0,0.0,0.0,0.0,0.0,0.0,0,0.0,0.005829050508075304,49
7587.204100322,5.930000000000315,0,1,0.0,0.0,0.0,0.0,0.0,0.0,0,0.0,0.005829050511598155,51
7587.214090962,5.940000000000318,0,1,0.0,0.0,0.0,0.0,0.0,0.0,0,0.0,0.005829050515028162,51
7587.223849745,5.950000000000322,0,1,0.0,0.0,0.0,0.0,0.0,0.0,0,0.0,0.00582905051836777,51
7587.234544331,5.960000000000325,0,1,0.0,0.0,0.0,0.0,0.0,0.0,0,0.0,0.005829050521619362,53
7587.243832396,5.970000000000328,0,1,0.0,0.0,0.0,0.0,0.0,0.0,0,0.0,0.005829050524785253,54
7587.253974355,5.980000000000332,0,1,0.0,0.0,0.0,0.0,0.0,0.0,0,0.0,0.005829050527867705,54
7587.263894308,5.990000000000335,0,1,0.0,0.0,0.0,0.0,0.0,0.0,0,0.0,0.005829050530868914,54
7587.273697993,6.000000000000338,0,1,0.0,0.0,0.0,0.0,0.0,0.0,0,0.0,0.00582905053379102,57
7587.283864693,6.010000000000342,0,1,0.0,0.0,0.0,0.0,0.0,0.0,0,0.0,0.00582905053663611,57
7587.293868785,6.020000000000345,0,1,0.0,0.0,0.0,0.0,0.0,0.0,0,0.0,0.005829050539406215,57
7587.303764174,6.030000000000348,0,1,0.0,0.0,0.0,0.0,0.0,0.0,0,0.0,0.005829050542103312,60
7587.313654958,6.040000000000352,0,1,0.0,0.0,0.0,0.0,0.0,0.0,0,0.0,0.005829050544729326,60
7587.323659478,6.050000000000355,0,1,0.0,0.0,0.0,0.0,0.0,0.0,0,0.0,0.005829050547286131,60
7587.333662004,6.060000000000358,0,1,0.0,0.0,0.0,0.0,0.0,0.0,0,0.0,0.005829050549775551,60
7587.344587936,6.070000000000362,0,1,0.0,0.0,0.0,0.0,0.0,0.0,0,0.0,0.00582905055219936,63
7587.353935425,6.080000000000365,0,1,0.0,0.0,0.0,0.0,0.0,0.0,0,0.0,0.005829050554559286,64
7587.364190978,6.0900000000003685,0,1,0.0,0.0,0.0,0.0,0.0,0.0,0,0.0,0.005829050556857013,64
7587.373743144,6.100000000000372,0,1,0.0,0.0,0.0,0.0,0.0,0.0,0,0.0,0.005829050559094181,67
7587.383774764,6.110000000000375,0,1,0.0,0.0,0.0,0.0,0.0,0.0,0,0.0,0.005829050561272385,67
7587.393681639,6.1200000000003785,0,1,0.0,0.0,0.0,0.0,0.0,0.0,0,0.0,0.005829050563393181,67
7587.404958926,6.130000000000382,0,1,0.0,0.0,0.0,0.0,0.0,0.0,0,0.0,0.005829050565458079,69
7587.413709453,6.140000000000385,0,1,0.0,0.0,0.0,0.0,0.0,0.0,0,0.0,0.0058290505674685545,70
7587.423795917,6.1500000000003885,0,1,0.0,0.0,0.0,0.0,0.0,0.0,0,0.0,0.005829050569426041,70
7587.433878671,6.160000000000392,0,1,0.0,0.0,0.0,0.0,0.0,0.0,0,0.0,0.005829050571331938,70
7587.443730206,6.170000000000395,0,1,0.0,0.0,0.0,0.0,0.0,0.0,0,0.0,0.005829050573187607,73
7587.453880039,6.1800000000003985,0,1,0.0,0.0,0.0,0.0,0.0,0.0,0,0.0,0.005829050574994371,73
7587.463952896,6.190000000000402,0,1,0.0,0.0,0.0,0.0,0.0,0.0,0,0.0,0.005829050576753516,73
7587.47441598,6.200000000000405,0,1,0.0,0.0,0.0,0.0,0.0,0.0,0,0.0,0.005829050578466296,77
7587.483739692,6.2100000000004085,0,1,0.0,0.0,0.0,0.0,0.0,0.0,0,0.0,0.0058290505801339345,77
7587.494270098,6.220000000000412,0,1,0.0,0.0,0.0,0.0,0.0,0.0,0,0.0,0.00582905058175762,77
7587.50373691,6.230000000000415,0,1,0.0,0.0,0.0,0.0,0.0,0.0,0,0.0,0.005829050583338511,78
7587.51375758,6.2400000000004185,0,1,0.0,0.0,0.0,0.0,0.0,0.0,0,0.0,0.0058290505848777345,81
7587.523708857,6.250000000000422,0,1,0.0,0.0,0.0,0.0,0.0,0.0,0,0.0,0.005829050586376389,81
7587.533894053,6.260000000000425,0,1,0.0,0.0,0.0,0.0,0.0,0.0,0,0.0,0.005829050587835545,81
7587.543699976,6.270000000000429,0,1,0.0,0.0,0.0,0.0,0.0,0.0,0,0.0,0.0058290505892562424,85
7587.55369957,6.280000000000432,0,1,0.0,0.0,0.0,0.0,0.0,0.0,0,0.0,0.005829050590639496,85
7587.564010432,6.290000000000435,0,1,0.0,0.0,0.0,0.0,0.0,0.0,0,0.0,0.005829050591986292,85
7587.574560396,6.300000000000439,0,1,0.0,0.0,0.0,0.0,0.0,0.0,0,0.0,0.00582905059329759,87
7587.583711489,6.310000000000442,0,1,0.0,0.0,0.0,0.0,0.0,0.0,0,0.0,0.005829050594574328,88
7587.593743615,6.320000000000445,0,1,0.0,0.0,0.0,0.0,0.0,0.0,0,0.0,0.005829050595817414,88
7587.603704853,6.330000000000449,0,1,0.0,0.0,0.0,0.0,0.0,0.0,0,0.0,0.005829050597027738,88
7587.614068772,6.340000000000452,0,1,0.0,0.0,0.0,0.0,0.0,0.0,0,0.0,0.005829050598206163,91
7587.624031145,6.350000000000455,0,1,0.0,0.0,0.0,0.0,0.0,0.0,0,0.0,0.0058290505993535335,91
7587.633823883,6.360000000000459,0,1,0.0,0.0,0.0,0.0,0.0,0.0,0,0.0,0.005829050600470668,91
7587.643735657,6.370000000000462,0,1,0.0,0.0,0.0,0.0,0.0,0.0,0,0.0,0.005829050601558359,94
7587.653714904,6.380000000000465,0,1,0.0,0.0,0.0,0.0,0.0,0.0,0,0.0,0.005829050602617385,94
7587.663766437,6.390000000000469,0,1,0.0,0.0,0.0,0.0,0.0,0.0,0,0.0,0.005829050603648499,94
7587.673667558,6.400000000000472,0,1,0.0,0.0,0.0,0.0,0.0,0.0,0,0.0,0.0058290506046524354,94
7587.683666916,6.410000000000475,0,1,0.0,0.0,0.0,0.0,0.0,0.0,0,0.0,0.005829050605629915,98
7587.693740589,6.420000000000479,0,1,0.0,0.0,0.0,0.0,0.0,0.0,0,0.0,0.00582905060658163,0
7587.703858528,6.430000000000482,0,1,0.0,0.0,0.0,0.0,0.0,0.0,0,0.0,0.005829050607508262,0
7587.713704579,6.440000000000485,0,1,0.0,0.0,0.0,0.0,0.0,0.0,0,0.0,0.005829050608410472,4
7587.723699558,6.450000000000489,0,1,0.0,0.0,0.0,0.0,0.0,0.0,0,0.0,0.005829050609288902,4
7587.734390358,6.460000000000492,0,1,0.0,0.0,0.0,0.0,0.0,0.0,0,0.0,0.0058290506101441805,4
7587.744603171,6.470000000000495,0,1,0.0,0.0,0.0,0.0,0.0,0.0,0,0.0,0.005829050610976916,6
7587.75371855,6.480000000000499,0,1,0.0,0.0,0.0,0.0,0.0,0.0,0,0.0,0.005829050611787705,7
7587.7638824,6.490000000000502,0,1,0.0,0.0,0.0,0.0,0.0,0.0,0,0.0,0.005829050612577124,7
7587.773720479,6.500000000000505,0,1,0.0,0.0,0.0,0.0,0.0,0.0,0,0.0,0.005829050613345738,7
7587.78373895,6.510000000000509,0,1,0.0,0.0,0.0,0.0,0.0,0.0,0,0.0,0.005829050614094092,10
7587.793922654,6.520000000000512,1,1,6.055407123435862,0.6941367722697668,0.0,0.0,0.061235367061805344,0.061235367061805344,0,13.371745664397263,0.0060828626784434695,11
7587.80410317,6.530000000000515,1,1,6.2023907619679495,0.6957222622620786,0.1,0.014,0.06800014378504791,0.06800014378504791,0,13.371824192732301,0.0064967718407451525,11
7587.81558449,6.540000000000519,1,1,6.440240433687738,0.7031216029672632,0.1,0.03337920263530618,0.07633380480221728,0.07633380480221728,0,13.372130271885736,0.007121322164190591,16
7587.825452731,6.550000000000522,1,1,6.261157685806651,0.7122898854398312,0.09999999999999999,0.050464110855149354,0.07401578451361644,0.07401578451361644,0,13.372692362916132,0.007733626524834447,19
7587.834191356,6.560000000000525,1,1,6.158894877647725,0.7205842258673693,2.981555974335137e-16,0.06904555203708876,0.07296675328672277,0.07296675328672277,0,13.373517315331428,0.008297426098095917,23
7587.848450195,6.570000000000529,1,1,5.999802506029585,0.7268871999304816,0.027928950216764514,0.0811241291269094,0.07042844623490752,0.07042844623490752,0,13.374593650330064,0.008762778018141626,30
7587.854023111,6.580000000000532,1,1,5.806113633617629,0.7264253394202562,0.0,0.07031596617868906,0.06792494543861559,0.06792494543861559,0,13.375879967802973,0.00915553846437378,38
7587.863945902,6.590000000000535,1,1,5.587167997158619,0.7187572521092526,0.1,0.05312617958844263,0.06490065772465926,0.06490065772465926,0,13.377344622725891,0.009482517324042483,38
7587.874779903,6.600000000000539,1,1,5.340723174382144,0.7062681199197703,0.0,0.03729837655565592,0.061943760451150534,0.061943760451150534,0,13.378958538004747,0.009745859690176273,38
7587.885196352,6.610000000000542,1,1,5.116102344686986,0.6887221476506747,0.0,0.028445556476458723,0.0553810791707298,0.0553810791707298,0,13.380692359972107,0.009936734812176162,45
7587.894303009,6.6200000000005454,1,1,4.791266145769431,0.6646126342065444,0.0,0.029434402569892614,0.05564264441860268,0.05564264441860268,0,13.382501508319839,0.010078807737331719,47
7587.905079785,6.630000000000549,1,1,4.528987585066118,0.6322768839356554,0.03343273954672063,0.03796503869287423,0.049110946927305846,0.049110946927305846,0,13.384380444799461,0.010179630051866395,48
7587.917448442,6.640000000000552,1,1,4.21851922024817,0.5918278360125048,0.0,0.05040708385130669,0.04605776721489902,0.04605776721489902,0,13.386301724275558,0.010214761152677054,57
7587.924247611,6.6500000000005555,1,1,3.9100792075183164,0.5447415445893897,0.0,0.05995051444837432,0.04279480024668076,0.04279480024668076,0,13.388232850564707,0.010215017322191766,63
7587.934912609,6.660000000000559,1,1,3.691565784785212,0.49462466050178133,0.09999999999999999,0.0630616947745212,0.04200016295603381,0.04200016295603381,0,13.390163028219398,0.01020651938722783,63
7587.944012121,6.670000000000562,1,1,3.2878236489112855,0.4472618234395781,0.0,0.06060819509160439,0.036157484694147694,0.036157484694147694,0,13.392096930132826,0.01016865746862905,64
7587.95395596,6.6800000000005655,1,1,3.07326500463821,0.4047298445966144,0.1,0.05242010980813455,0.03342233988034354,0.03342233988034354,0,13.394011316884766,0.010076633184309403,71
7587.964540768,6.690000000000569,1,1,2.9670482443579127,0.36799835045870943,0.0,0.04247186375120264,0.037206008717308864,0.037206008717308864,0,13.395882829249617,0.009988831653595431,72
7587.974420714,6.700000000000572,1,1,2.3746932398557825,0.33784228085948753,0.0,0.03601885312111515,0.025940520684483992,0.025940520684483992,0,13.397724184863392,0.009873682908217774,73
7587.985212428,6.7100000000005755,1,1,2.0831003872033045,0.31311782531655347,0.0,0.03661235549072758,0.022617731392143098,0.022617731392143098,0,13.39951663404562,0.009705633177714779,77
7587.994726945,6.720000000000579,1,1,1.80213574753941,0.2929046922240273,0.027611651474741948,0.04399592871697742,0.019414428841804825,0.019414428841804825,0,13.401239504694209,0.00952102091494944,79
7588.003904151,6.730000000000582,1,1,1.7215263510470482,0.2775683004173127,0.1,0.05647405114671786,0.02130268204899225,0.02130268204899225,0,13.402886633178845,0.009343177179525819,80
7588.014067695,6.7400000000005855,1,1,1.273744804319235,0.2681369118389209,0.09999999999999999,0.07055677901802798,0.014500214529962068,0.014500214529962068,0,13.404464399275954,0.009137447267929977,82
7588.02407148,6.750000000000589,1,1,1.0727590253496537,0.2664152095433107,0.0,0.08620322488655027,0.01435749252463672,0.01435749252463672,0,13.405968868483262,0.008953049714920391,87
7588.034341575,6.760000000000592,1,1,0.887858812355974,0.27398411492594726,0.0,0.099659390946872,0.012226458456373199,0.012226458456373199,0,13.407417913825007,0.008765022889287932,87
7588.043879006,6.7700000000005955,1,1,0.8713085219478334,0.29133905923109055,0.10000000000000002,0.10670062164743654,0.01456648306510212,0.01456648306510212,0,13.408809348396169,0.008580843440781027,87
7588.053988591,6.780000000000599,1,1,1.0000267573354904,0.3194906153846443,0.09999999999999999,0.11177695728253025,0.01707306068690236,0.01707306068690236,0,13.410138975358146,0.008436200325471432,93
7588.064217513,6.790000000000602,1,1,0.5390111147595921,0.35384340849735785,0.0,0.1000916955348073,0.019244192990210605,0.019244192990210605,0,13.411423061756073,0.008267546347628496,93
7588.073941143,6.800000000000606,1,1,0.5864537334248312,0.3861297022067902,0.09999999999999999,0.08415613089736868,0.020780459199915988,0.020780459199915988,0,13.412651882574265,0.008115878009394839,93
7588.084949003,6.810000000000609,1,1,0.5676671276538146,0.41333180335093866,0.0,0.07029857103172052,0.02172879500173078,0.02172879500173078,0,13.41382330850289,0.007945156645295492,98
7588.094449233,6.820000000000612,1,1,0.6105938301239231,0.43353371895761533,0.1,0.05692807904686515,0.02208100303476815,0.02208100303476815,0,13.414931333339789,0.00778356503460409,99
7588.103997504,6.830000000000616,1,1,0.7116749203885019,0.44604824607350313,0.015465775871787093,0.043546178016618586,0.021940154581771808,0.021940154581771808,0,13.415988800266362,0.007677474511591065,99
7588.114681004,6.840000000000619,1,1,0.7912075208391911,0.4499493943416852,0.1,0.03730853127211634,0.02133671577075444,0.02133671577075444,0,13.41700387103586,0.007523728421507725,100
7588.123966585,6.850000000000622,1,1,0.9003966432576389,0.4460519203964252,0.0,0.03318994881279601,0.020360290863257635,0.020360290863257635,0,13.417961297688429,0.007409319366098233,106
7588.133997625,6.860000000000626,1,1,0.9940154361971177,0.4371407496279631,0.10000000000000003,0.037812341958260685,0.019409581745193534,0.019409581745193534,0,13.418871951262776,0.007299514854237854,107
7588.143986492,6.870000000000629,1,1,0.9922913310626312,0.42615602315544204,0.0,0.045619562033496965,0.018650880204540584,0.018650880204540584,0,13.41971686000875,0.007180823318830409,107
7588.154514655,6.880000000000632,1,1,1.041737888742341,0.41584731704593253,0.02761165147473746,0.05038280308236071,0.01821499562589265,0.01821499562589265,0,13.420494036831267,0.007072713138220887,112
7588.163989563,6.890000000000636,1,1,1.130331683596435,0.41090702590101996,0.1,0.04611957116360482,0.018218960648380144,0.018218960648380144,0,13.421210458850304,0.006949136967626446,113
7588.174026323,6.900000000000639,1,1,1.2192231009623655,0.4143461731592139,0.1,0.04332327495387935,0.01863646170890977,0.01863646170890977,0,13.421862108024538,0.006824234631808812,115
7588.186436498,6.910000000000642,1,1,1.1876302517623136,0.4254829418575691,0.09999999999995597,0.0444272905373155,0.019388397022274573,0.019388397022274573,0,13.422445630795533,0.006707053002235508,117
7588.195914211,6.920000000000646,1,1,1.2822533396830638,0.4432349037029294,0.0,0.050739450320123114,0.020256581896613415,0.020256581896613415,0,13.422970395896833,0.006606206215810095,127
7588.204682175,6.930000000000649,1,1,1.3001968688136363,0.46724474959292817,0.0,0.061753234607938384,0.021309357932535865,0.021309357932535865,0,13.423465279043539,0.006511768704072551,137
7588.21430909,6.940000000000652,1,1,1.057680605048656,0.49553946577667457,0.05771703558203216,0.07187890036644674,0.022348640828471322,0.022348640828471322,0,13.423938289241434,0.006433042122709898,139
7588.224580512,6.950000000000656,1,1,1.2209293719203698,0.5247481413261061,0.1,0.07733883415491855,0.023167070204537545,0.023167070204537545,0,13.424390535238842,0.0063699879126324355,144
7588.234458019,6.960000000000659,1,1,1.354579970552468,0.5514761285910207,0.0,0.07235364978813577,0.023662497535629858,0.023662497535629858,0,13.424828833703138,0.006336031725440172,145
7588.244566302,6.970000000000662,1,1,1.3409179882810816,0.57291418444794,0.0,0.06381209400766455,0.023731234129518875,0.023731234129518875,0,13.425257712501038,0.006290774055347281,145
7588.255713866,6.980000000000666,1,1,1.3200003921312986,0.5866193763277338,0.0,0.05199660807407064,0.023351266186572267,0.023351266186572267,0,13.425673448052923,0.006257866631699249,150
7588.264067891,6.990000000000669,1,1,1.2923828455109732,0.5931438243261573,0.0,0.03848053082029629,0.022805135391179857,0.022805135391179857,0,13.426077591740489,0.006234998713969819,152
7588.273940989,7.000000000000672,1,1,1.202316599641328,0.5954135486030594,0.1,0.03226038526136246,0.02237926793370313,0.02237926793370313,0,13.426471526384006,0.006224204680706169,153
7588.284032682,7.010000000000676,1,1,1.3669872260511755,0.5980636813618118,0.1,0.04200348352675543,0.022368624773643795,0.022368624773643795,0,13.426857273630922,0.006225909178537492,153
7588.294394956,7.020000000000679,1,1,1.6146368763543022,0.6074660300627308,0.02761165147474843,0.061343185204528035,0.022735529942442476,0.022735529942442476,0,13.427245010716279,0.006252001058410173,161
7588.30417587,7.030000000000682,1,1,1.4822850095676041,0.6266427808523707,0.1,0.07947729685033744,0.023961868835211578,0.023961868835211578,0,13.427669227505739,0.006310629754187502,161
7588.313895649,7.040000000000686,1,1,1.441822994362559,0.6570228888618741,0.09999999999999999,0.09552259227037234,0.025636581212063442,0.025636581212063442,0,13.428140316171865,0.006354398697294705,161
7588.324159826,7.050000000000689,1,1,1.7987126407513514,0.6983841163709358,0.1,0.1124907693897412,0.02747677977094951,0.02747677977094951,0,13.428638758767086,0.006410522524125106,167
7588.334205696,7.060000000000692,1,1,1.9612804434639715,0.7507902308668706,0.05522328670623898,0.13087745827521888,0.029874459808799225,0.029874459808799225,0,13.42919000485456,0.006520928590087571,168
7588.344188335,7.070000000000696,1,1,2.049070442101208,0.8138998409643471,0.05522328670625272,0.14889832986412593,0.03272406203524271,0.03272406203524271,0,13.429820117332078,0.006632044553523286,170
7588.355356765,7.080000000000699,1,1,2.2789710575244597,0.8873010416232471,0.0,0.16758081979045733,0.035835982457625155,0.035835982457625155,0,13.43052819050303,0.006771556887904762,172
7588.363928275,7.090000000000702,1,1,2.3894260578201427,0.9710118367994605,0.02761165147473855,0.18682368847607692,0.03942176733491384,0.03942176733491384,0,13.431334226928797,0.0069511073286723235,175
7588.373977017,7.100000000000706,1,1,2.5707394513506316,1.064875900724354,0.1,0.20614675290902554,0.04334615401066422,0.04334615401066422,0,13.43225984312779,0.007156417802402171,175
7588.384358804,7.110000000000709,1,1,2.8306629855113874,1.1687900516566827,0.1,0.22571745927850592,0.04760859978397705,0.04760859978397705,0,13.433320024296476,0.007396526615865762,175
7588.394262005,7.120000000000712,1,1,3.2363640324536727,1.282731079911175,0.09999999999999999,0.24556016729138327,0.05219618801566478,0.05219618801566478,0,13.43453802419722,0.007691982895876137,179
7588.403952021,7.130000000000716,1,1,3.4401861151788484,1.4067003795382065,0.09999999999999999,0.2654856902660892,0.05730576999774701,0.05730576999774701,0,13.435948131037543,0.008003478101950234,179
7588.414985909,7.140000000000719,1,1,3.92054026853793,1.5405448086047915,0.1,0.28546584106574563,0.06275911264821249,0.06275911264821249,0,13.437561024617631,0.008371285917325944,185
7588.425365867,7.1500000000007224,1,1,4.341297116366128,1.6841334888321688,0.07272464521083707,0.3054529393310469,0.06842696116730052,0.06842696116730052,0,13.43941016980501,0.00874372903311249,190
7588.435458472,7.160000000000726,1,1,4.641872395076472,1.8372723794618693,0.1,0.3254026157906368,0.07466623207427481,0.07466623207427481,0,13.441507345634633,0.009106452783242514,195
7588.444218325,7.170000000000729,1,1,5.263132020740781,1.9996776872278075,0.1,0.34524183312739104,0.08099771682468324,0.08099771682468324,0,13.44385678397663,0.00947438239032694,199
7588.453846362,7.1800000000007325,1,1,5.83016340777664,2.1710191557822127,0.1,0.3649933534965409,0.08768117353443967,0.08768117353443967,0,13.446473911240657,0.009881050885143017,199
7588.464184342,7.190000000000736,1,1,6.518381689201028,2.3509492143924704,0.1,0.3846298251957493,0.09455956182214528,0.09455956182214528,0,13.449367542202308,0.010275324358125504,205
7588.473898043,7.200000000000739,1,1,7.253571384547428,2.539061477862965,0.09999999999999999,0.4040278354328369,0.10171170320189904,0.10171170320189904,0,13.452522668375957,0.010676664870167718,205
7588.483919929,7.2100000000007425,1,1,7.952869405219554,2.734973240693106,0.10000000000000002,0.42335891466510944,0.10914567350435368,0.10914567350435368,0,13.455935318167471,0.011078128238415141,205
7588.494268951,7.220000000000746,1,1,8.627125239367215,2.938363055284313,0.1,0.4426736588209127,0.1168568984468987,0.1168568984468987,0,13.459591232142936,0.011461704685822749,211
7588.504058974,7.230000000000749,1,1,9.259001301466865,3.1489018803394857,0.09999999999999999,0.46193307243037,0.12483584169114229,0.12483584169114229,0,13.463465226688312,0.011817821135377882,213
7588.513946245,7.2400000000007525,1,1,9.85925357756457,3.3663313272658795,0.1,0.4813745862567036,0.1330598656382247,0.1330598656382247,0,13.467525396278921,0.012139190082896878,213
7588.526271863,7.250000000000756,1,1,10.427446623386363,3.5903953793678536,0.10000000000000002,0.5008221714237958,0.14153332910318434,0.14153332910318434,0,13.471734493818612,0.01242819948608398,220
7588.534040148,7.260000000000759,1,1,10.951982318526502,3.8208603754441413,0.10000000000000002,0.5203709408287958,0.15024705954298076,0.15024705954298076,0,13.47605545655238,0.012679177520765306,223
7588.54421816,7.2700000000007625,1,1,11.44316007669409,4.057461516296184,0.1,0.5399394841453372,0.1591924653101222,0.1591924653101222,0,13.480445837437324,0.012889876301280134,223
7588.554742191,7.280000000000766,1,1,11.888219125347458,4.299948751363742,0.09999999999999999,0.5595555833936317,0.16836448125725748,0.16836448125725748,0,13.484863897149417,0.013059045237088895,226
7588.569232661,7.290000000000769,1,1,12.288428881790301,4.548077135812969,0.10000000000000003,0.5792330918308789,0.1777536962417887,0.1777536962417887,0,13.489264905996741,0.013174335227114975,230
7588.579121898,7.3000000000007725,1,1,12.649064147606305,4.801622998401523,0.1,0.5989690414402868,0.18745979651814962,0.18745979651814962,0,13.493599783212918,0.013238028067378282,231
7588.588993148,7.310000000000776,1,1,12.96900319712776,5.060333628933323,0.10000000000000003,0.618732308134717,0.1974924936724136,0.1974924936724136,0,13.497819708163563,0.013246638370810082,231
7588.598983441,7.320000000000779,1,1,13.249892156790281,5.3239247070461495,0.1,0.6384991994519107,0.20768994974206556,0.20768994974206556,0,13.501875194472644,0.013936709790106236,235
7588.608956392,7.330000000000783,1,1,13.492705751910513,5.592167641982878,0.09999999999999999,0.6583049985212137,0.21804297126654087,0.21804297126654087,0,13.505721104699273,0.014725570948254663,239
7588.61944535,7.340000000000786,1,1,13.700277309253401,5.864889558940972,0.1,0.6781948401898407,0.2285434584097682,0.2285434584097682,0,13.509313721568116,0.015539117782631551,240
7588.629367092,7.350000000000789,1,1,13.884378894742152,6.141928999150868,0.1,0.6981353783540887,0.23918924446192297,0.23918924446192297,0,13.51261066779264,0.016376384688103023,246
7588.63897249,7.360000000000793,1,1,14.057094055972351,6.42313075189347,0.09999999999999999,0.7181212351266714,0.24997904588375636,0.24997904588375636,0,13.515574446540283,0.01723647281275265,247
7588.649227126,7.370000000000796,1,1,14.22343308430601,6.708336015638918,0.1,0.7381148992646298,0.2609161892223071,0.2609161892223071,0,13.518174801908867,0.01811858654154191,251
7588.66153897,7.380000000000799,1,1,14.37753561112342,6.997390226432108,0.10000000000000002,0.7580610291312841,0.2720053086105186,0.2720053086105186,0,13.520392759364563,0.019022057089577542,255
7588.668992305,7.390000000000803,1,1,14.522768775544206,7.290113864755993,0.1,0.7779171213162132,0.2832495515755897,0.2832495515755897,0,13.522217625036909,0.019946310186999612,260
7588.67926418,7.400000000000806,1,1,14.661849828445899,7.5863096790435005,0.09999999999999999,0.7976454496243145,0.29465179723933327,0.29465179723933327,0,13.523647152160514,0.020890850651054706,261
7588.689021156,7.410000000000809,1,1,14.789958554302093,7.88576135098667,0.1,0.8171614724212888,0.3062143123604855,0.3062143123604855,0,13.524688225051431,0.021855262934150257,0
7588.698959116,7.420000000000813,1,1,14.910626653254695,8.188244031627416,0.1,0.8365058000983637,0.3179370698378138,0.3179370698378138,0,13.525353950688633,0.022839180975699383,8
7588.709752055,7.430000000000816,1,1,15.024322254331329,8.493525993845099,0.1,0.8556218904054271,0.3298181718561638,0.3298181718561638,0,13.525665422223264,0.02384225720860702,15
7588.718867471,7.440000000000819,1,1,15.13008431220477,8.801358350057695,0.09999999999999999,0.874415718682302,0.34185843936931565,0.34185843936931565,0,13.525651945457149,0.02486417484093314,19
7588.73164138,7.450000000000823,1,1,15.226536721008312,9.111395826925254,0.1,0.8926427015530515,0.35405663488142103,0.35405663488142103,0,13.525349488398508,0.025904654395132794,22
7588.738930163,7.460000000000826,1,1,15.314136485190549,9.423154722195084,0.1,0.9099673704499581,0.36640529274319494,0.36640529274319494,0,13.524796903356837,0.02696340034224732,29
7588.748958487,7.470000000000829,1,1,15.392632259004758,9.735805715845665,0.09999999999999999,0.9257102768873215,0.37889163588438596,0.37889163588438596,0,13.524034576761547,0.028040019259419083,30
7588.758926797,7.480000000000833,1,1,15.46572808462631,10.048243127072974,0.1,0.9393736510791872,0.3914788397031939,0.3914788397031939,0,13.523105810319306,0.029133980046550677,30
7588.769102785,7.490000000000836,1,1,15.53307815664539,10.358821690096581,0.1,0.9498602190181491,0.4041107059938629,0.4041107059938629,0,13.52205140307305,0.030244285577216833,36
7588.778955943,7.500000000000839,1,1,15.596444417223209,10.665247384060054,0.1,0.9561627982681131,0.4166998374574015,0.4166998374574015,0,13.520906134887198,0.0313693561861546,37
7588.788938302,7.510000000000843,1,1,15.657564271388441,10.96473127089288,0.10000000000000002,0.9574496676622722,0.42913031312310373,0.42913031312310373,0,13.519703687724297,0.03250676375552991,38
7588.799341315,7.520000000000846,1,1,15.713596706485124,11.254120014488393,0.09999999999999999,0.953350471692799,0.44127655729113213,0.44127655729113213,0,13.518476754644889,0.033653176918880104,43
7588.809093407,7.530000000000849,1,1,15.767107975936737,11.530287424368423,0.1,0.9435520396674411,0.4529837873317597,0.4529837873317597,0,13.517256503974487,0.03480412885412679,46
7588.818998558,7.540000000000853,1,1,15.821683758437638,11.790591787091435,0.1,0.9296512915681123,0.4640747370614572,0.4640747370614572,0,13.516071318379035,0.03595404909814248,46
7588.831564516,7.550000000000856,1,1,15.871592484557093,12.033473228526857,0.1,0.9133075424513587,0.47445868556991694,0.47445868556991694,0,13.514945166142207,0.037096544893073305,47
7588.839150589,7.560000000000859,1,1,15.895626600098016,12.25817870943884,0.1,0.895569264740997,0.48408494049372924,0.48408494049372924,0,13.513898335418952,0.03822528595454014,50
7588.84925729,7.570000000000863,1,1,15.086693038739318,12.464430311464142,0.0026456334933856107,0.8771266824858998,0.49300260691365166,0.49300260691365166,0,13.512961697849729,0.03933511068382356,51
7588.858867322,7.580000000000866,1,1,14.14968539099252,12.652248711231248,0.1,0.8582663681569731,0.5012264649040863,0.5012264649040863,0,13.512184094035293,0.04041976006404277,51
7588.869023291,7.590000000000869,1,1,13.464604425042413,12.821785215048841,0.09999999999999999,0.8391118471588694,0.508610029175169,0.508610029175169,0,13.511626381275276,0.04147537936174778,55
7588.879047723,7.600000000000873,1,1,12.558868260906404,12.973297922546388,0.002656693552131279,0.819807399208359,0.5151574947149099,0.5151574947149099,0,13.511332930662602,0.04249596602532052,56
7588.889114568,7.610000000000876,1,1,11.78129780945514,13.107095049715223,0.035298099299424804,0.8003703242659879,0.5217882693963664,0.5217882693963664,0,13.511352797620027,0.043481889195536375,58
7588.899489544,7.620000000000879,1,1,11.06853811573812,13.223481611029912,0.0,0.7808355919825279,0.527623102852516,0.527623102852516,0,13.511711765634756,0.04443289573029632,61
7588.908979201,7.630000000000883,1,1,10.343295966885238,13.322836860874085,0.03444080794657104,0.7612316417764851,0.5327738878405509,0.5327738878405509,0,13.512414366796454,0.045345075822758124,63
7588.918933636,7.640000000000886,1,1,9.657200872483816,13.405583372364552,0.03400595424234368,0.7415825365777237,0.5371920206335633,0.5371920206335633,0,13.51345469805724,0.04621560819599965,63
7588.928967401,7.650000000000889,1,1,9.03861728990182,13.472162877725813,0.021201192706396404,0.7219005748990943,0.5407528978145575,0.5407528978145575,0,13.514825920965244,0.04704139012415903,63
7588.938927183,7.660000000000893,1,1,8.333766841046385,13.523009372190293,0.021154936620114022,0.7022026529068792,0.5439310355223651,0.5439310355223651,0,13.51651113389775,0.04782123397333478,68
7588.949095927,7.670000000000896,1,1,7.658179697390953,13.558559496879852,0.021108516488116163,0.6824954173056591,0.5464477267565993,0.5464477267565993,0,13.518503191287685,0.04855361026922772,68
7588.95887248,7.680000000000899,1,1,7.100616878789493,13.579245588181704,0.002711713042056987,0.662782698140481,0.5481372452224115,0.5481372452224115,0,13.520793327413909,0.049235169125294326,68
7588.969323766,7.690000000000903,1,1,6.135271142053914,13.585464717374794,0.0,0.6430625729209879,0.549685988089358,0.549685988089358,0,13.523355037003073,0.04986802074259433,74
7588.979466823,7.700000000000906,1,1,5.463132218670092,13.57757690257592,0.10000000000000002,0.6233405118595278,0.55060355073802,0.55060355073802,0,13.526142423132677,0.05045213864491516,74
7588.988913995,7.7100000000009095,1,1,4.98833920706165,13.556009733702602,0.1,0.6036126450436398,0.5505241564329478,0.5505241564329478,0,13.52915329750121,0.050982506063536076,74
7589.001748426,7.720000000000913,1,1,4.173927139664853,13.521140398808342,0.09999999999999139,0.583879485907894,0.5502598047546721,0.5502598047546721,0,13.532371111534804,0.05146030348744923,76
7589.009026474,7.730000000000916,1,1,3.854419355761057,13.473294851282397,0.0,0.564142083637536,0.5490514354993014,0.5490514354993014,0,13.53576279452273,0.05188589226955043,80
7589.019096992,7.7400000000009195,1,1,3.040643623213149,13.412875117220738,0.0,0.5444013471144649,0.5477542783728379,0.5477542783728379,0,13.539319214988467,0.052257778187947745,84
7589.028924688,7.750000000000923,1,1,2.8025272590530714,13.340207431160986,0.026540759242075315,0.5246554990583515,0.5452339721148811,0.5452339721148811,0,13.54300686977761,0.052575641532658784,86
7589.038986426,7.760000000000926,1,1,2.3299028074470267,13.255654898293951,0.0,0.504907931175261,0.5427010620547043,0.5427010620547043,0,13.546806527609846,0.052839511607849915,91
7589.049670683,7.7700000000009295,1,1,1.8200958297175,13.159525924961885,0.09999999999999999,0.4851616290753093,0.5398133344831307,0.5398133344831307,0,13.550689830571502,0.05305274821427566,92
7589.058930854,7.780000000000933,1,1,1.619150476318156,13.052139773428125,0.02094475396316123,0.46541714430628345,0.5361589173184019,0.5361589173184019,0,13.554633108030668,0.053211272528642245,94
7589.069649677,7.790000000000936,1,1,1.4693217975155834,12.933826521518661,0.0,0.445677831967783,0.5319559308103993,0.5319559308103993,0,13.558628862225147,0.05331862472911522,98
7589.078945427,7.8000000000009395,1,1,1.4228155260912132,12.804894491468307,0.0,0.4259454858780345,0.5275330877544351,0.5275330877544351,0,13.562665824823172,0.053374104313893805,99
7589.08894233,7.810000000000943,1,1,1.5070335827718722,12.665659198802707,0.0,0.40621965020985246,0.5226400205210732,0.5226400205210732,0,13.566733037724818,0.05337965021386701,102
7589.101897794,7.820000000000946,1,1,1.8178565525269361,12.516447823050584,0.08283488945129044,0.3865001781217835,0.5175802605782601,0.5175802605782601,0,13.570827411029796,0.0533364992600297,103
7589.10965494,7.8300000000009495,1,1,2.055091235932586,12.357579651737986,0.0,0.36678891335448754,0.5118362004123325,0.5118362004123325,0,13.57495063732443,0.05324543283773345,108
7589.120798127,7.840000000000953,1,1,2.4025295938937594,12.189374970425984,0.0,0.34708705073613766,0.5058619403412408,0.5058619403412408,0,13.5791056882622,0.053107753372710925,113
7589.128961964,7.850000000000956,1,1,2.767607955568905,12.012150195998155,0.0,0.32739861581571267,0.4995246227385982,0.4995246227385982,0,13.583299364252506,0.052924020895046775,118
7589.13910481,7.8600000000009596,1,1,3.1944359385643133,11.826217471848775,0.0,0.3077238268687985,0.4929480561663004,0.4929480561663004,0,13.587539024157989,0.0526966216312546,124
7589.148953386,7.870000000000963,1,1,3.6596090662622864,11.63188568840788,0.10000000000000002,0.28806960861838943,0.4861260889677051,0.4861260889677051,0,13.591836605756969,0.05242589971275319,124
7589.158980703,7.880000000000966,1,1,4.237316071631198,11.429446981059542,0.010446443466824313,0.2684405761387609,0.47920220431957594,0.47920220431957594,0,13.596192783316349,0.052116505889736764,125
7589.170789488,7.89000000000097,1,1,4.726367997203157,11.219188070589011,0.10000000000000002,0.2488442451403329,0.47180923619615944,0.47180923619615944,0,13.600610702211558,0.05176641933573761,127
7589.178944458,7.900000000000973,1,1,5.043282352644937,11.001427365066156,0.1,0.22929260660786516,0.46374322501036236,0.46374322501036236,0,13.605108484803202,0.051376539067743615,129
7589.188962704,7.910000000000976,1,1,5.517757573038785,10.776455783545249,0.03805793250941029,0.20980008428005595,0.45586793254238184,0.45586793254238184,0,13.609694320711705,0.05094734009875446,129
7589.198931279,7.92000000000098,1,1,5.867582441921618,10.544581508323873,0.03805793250944794,0.19038690703478586,0.44734899007476503,0.44734899007476503,0,13.614403613946903,0.05048052942518866,130
7589.208987474,7.930000000000983,1,1,6.451928172429227,10.306075372164525,0.06566934033612772,0.17108078367784188,0.4390155932579677,0.4390155932579677,0,13.619252108850995,0.049977474610946315,134
7589.218771252,7.940000000000986,0,1,0.0,0.0,0.0,0.0,0.0,0.0,0,0.0,0.048582698649314526,134
7589.22875559,7.95000000000099,0,1,0.0,0.0,0.0,0.0,0.0,0.0,0,0.0,0.044007878781096466,134
7589.238766393,7.960000000000993,0,1,0.0,0.0,0.0,0.0,0.0,0.0,0,0.0,0.03987195023594958,137
7589.248720802,7.970000000000996,0,1,0.0,0.0,0.0,0.0,0.0,0.0,0,0.0,0.03613309924882774,137
7589.258702105,7.980000000001,0,1,0.0,0.0,0.0,0.0,0.0,0.0,0,0.0,0.032753173882079434,137
7589.268747084,7.990000000001003,0,1,0.0,0.0,0.0,0.0,0.0,0.0,0,0.0,0.02969771272450905,137
7589.278695117,8.000000000001005,0,1,0.0,0.0,0.0,0.0,0.0,0.0,0,0.0,0.02693556999625185,139
7589.288692121,8.010000000001,0,1,0.0,0.0,0.0,0.0,0.0,0.0,0,0.0,0.024438591196747406,139
7589.298741418,8.020000000000994,0,1,0.0,0.0,0.0,0.0,0.0,0.0,0,0.0,0.022181324284777648,139
7589.308700912,8.030000000000989,0,1,0.0,0.0,0.0,0.0,0.0,0.0,0,0.0,0.020140759882540937,142
7589.318668273,8.040000000000983,0,1,0.0,0.0,0.0,0.0,0.0,0.0,0,0.0,0.018296096790035132,142
7589.328713346,8.050000000000978,0,1,0.0,0.0,0.0,0.0,0.0,0.0,0,0.0,0.01662853010235671,142
7589.340176217,8.060000000000972,0,1,0.0,0.0,0.0,0.0,0.0,0.0,0,0.0,0.015121059678459559,144
7589.348701407,8.070000000000967,0,1,0.0,0.0,0.0,0.0,0.0,0.0,0,0.0,0.013758316985414631,146
7589.358735534,8.080000000000961,0,1,0.0,0.0,0.0,0.0,0.0,0.0,0,0.0,0.012526408549744239,146
7589.368702908,8.090000000000956,0,1,0.0,0.0,0.0,0.0,0.0,0.0,0,0.0,0.011412774422317307,146
7589.378701481,8.10000000000095,0,1,0.0,0.0,0.0,0.0,0.0,0.0,0,0.0,0.010549806399616113,149
7589.388712429,8.110000000000944,0,1,0.0,0.0,0.0,0.0,0.0,0.0,0,0.0,0.010080284161215092,149
7589.398685794,8.120000000000939,0,1,0.0,0.0,0.0,0.0,0.0,0.0,0,0.0,0.009655856046766997,149
7589.408705827,8.130000000000933,0,1,0.0,0.0,0.0,0.0,0.0,0.0,0,0.0,0.009272192494234721,152
7589.418691344,8.140000000000928,0,1,0.0,0.0,0.0,0.0,0.0,0.0,0,0.0,0.008925380659882132,152
7589.428760684,8.150000000000922,0,1,0.0,0.0,0.0,0.0,0.0,0.0,0,0.0,0.008611881875968619,152
7589.43891998,8.160000000000917,0,1,0.0,0.0,0.0,0.0,0.0,0.0,0,0.0,0.008328496653826178,152
7589.44874234,8.170000000000911,0,1,0.0,0.0,0.0,0.0,0.0,0.0,0,0.0,0.008072332786939862,155
7589.458704343,8.180000000000906,0,1,0.0,0.0,0.0,0.0,0.0,0.0,0,0.0,0.007840775925792354,155
7589.468835597,8.1900000000009,0,1,0.0,0.0,0.0,0.0,0.0,0.0,0,0.0,0.007631462720167459,155
7589.478741254,8.200000000000895,0,1,0.0,0.0,0.0,0.0,0.0,0.0,0,0.0,0.007442255455945457,157
7589.48872471,8.210000000000889,0,1,0.0,0.0,0.0,0.0,0.0,0.0,0,0.0,0.007271225172254425,157
7589.498738502,8.220000000000883,0,1,0.0,0.0,0.0,0.0,0.0,0.0,0,0.0,0.007116626492152056,157
7589.510094731,8.230000000000878,0,1,0.0,0.0,0.0,0.0,0.0,0.0,0,0.0,0.006976880789759443,159
7589.51871712,8.240000000000872,0,1,0.0,0.0,0.0,0.0,0.0,0.0,0,0.0,0.006850561135378408,161
7589.528863761,8.250000000000867,0,1,0.0,0.0,0.0,0.0,0.0,0.0,0,0.0,0.006736377781506153,161
7589.538750309,8.260000000000861,0,1,0.0,0.0,0.0,0.0,0.0,0.0,0,0.0,0.006633164880107234,161
7589.548737678,8.270000000000856,0,1,0.0,0.0,0.0,0.0,0.0,0.0,0,0.0,0.006539868627690293,164
7589.558800095,8.28000000000085,0,1,0.0,0.0,0.0,0.0,0.0,0.0,0,0.0,0.006455536463628286,164
7589.568720795,8.290000000000845,0,1,0.0,0.0,0.0,0.0,0.0,0.0,0,0.0,0.006379307293093328,164
7589.57874103,8.30000000000084,0,1,0.0,0.0,0.0,0.0,0.0,0.0,0,0.0,0.006310402712451424,167
7589.588748683,8.310000000000834,0,1,0.0,0.0,0.0,0.0,0.0,0.0,0,0.0,0.0062481190736454195,167
7589.598925349,8.320000000000828,0,1,0.0,0.0,0.0,0.0,0.0,0.0,0,0.0,0.0061918203083863865,167
7589.608753468,8.330000000000823,0,1,0.0,0.0,0.0,0.0,0.0,0.0,0,0.0,0.006140933898276746,167
7589.618720796,8.340000000000817,0,1,0.0,0.0,0.0,0.0,0.0,0.0,0,0.0,0.006094945514147021,169
7589.628726158,8.350000000000811,0,1,0.0,0.0,0.0,0.0,0.0,0.0,0,0.0,0.006053381188960261,169
7589.638738554,8.360000000000806,0,1,0.0,0.0,0.0,0.0,0.0,0.0,0,0.0,0.006015625877658692,169
7589.648774475,8.3700000000008,0,1,0.0,0.0,0.0,0.0,0.0,0.0,0,0.0,0.005980611296747984,172
7589.6587304,8.380000000000795,0,1,0.0,0.0,0.0,0.0,0.0,0.0,0,0.0,0.005972832717941856,172
7589.668740147,8.39000000000079,0,1,0.0,0.0,0.0,0.0,0.0,0.0,0,0.0,0.005989273765995451,172
7589.679617386,8.400000000000784,0,1,0.0,0.0,0.0,0.0,0.0,0.0,0,0.0,0.006004100463505219,174
7589.688742957,8.410000000000778,0,1,0.0,0.0,0.0,0.0,0.0,0.0,0,0.0,0.006017457325480605,0
7589.698758449,8.420000000000773,0,1,0.0,0.0,0.0,0.0,0.0,0.0,0,0.0,0.006029483930989787,0
7589.708761883,8.430000000000767,0,1,0.0,0.0,0.0,0.0,0.0,0.0,0,0.0,0.006040323166050743,0
7589.718765329,8.440000000000762,0,1,0.0,0.0,0.0,0.0,0.0,0.0,0,0.0,0.006050323047649492,5
7589.728762016,8.450000000000756,0,1,0.0,0.0,0.0,0.0,0.0,0.0,0,0.0,0.006059821514518948,5
7589.738889585,8.46000000000075,0,1,0.0,0.0,0.0,0.0,0.0,0.0,0,0.0,0.006068964409907132,5
7589.749032893,8.470000000000745,0,1,0.0,0.0,0.0,0.0,0.0,0.0,0,0.0,0.006077814874384288,9
7589.758792287,8.48000000000074,0,1,0.0,0.0,0.0,0.0,0.0,0.0,0,0.0,0.006086402779547889,9
7589.768751801,8.490000000000734,0,1,0.0,0.0,0.0,0.0,0.0,0.0,0,0.0,0.006094744489906032,9
7589.778726021,8.500000000000728,0,1,0.0,0.0,0.0,0.0,0.0,0.0,0,0.0,0.00610285078644672,9
7589.788723575,8.510000000000723,0,1,0.0,0.0,0.0,0.0,0.0,0.0,0,0.0,0.006110730056083591,11
7589.79872805,8.520000000000717,0,1,0.0,0.0,0.0,0.0,0.0,0.0,0,0.0,0.006118389582727257,11
7589.808731168,8.530000000000712,0,1,0.0,0.0,0.0,0.0,0.0,0.0,0,0.0,0.006125836074666713,11
7589.818744951,8.540000000000706,0,1,0.0,0.0,0.0,0.0,0.0,0.0,0,0.0,0.006133075883566902,14
7589.828714633,8.5500000000007,0,1,0.0,0.0,0.0,0.0,0.0,0.0,0,0.0,0.00614011509836164,14
7589.838692245,8.560000000000695,0,1,0.0,0.0,0.0,0.0,0.0,0.0,0,0.0,0.00614695958807962,14
7589.852477268,8.57000000000069,1,1,4.997071790907416,6.839125755761285,0.1,0.011962737840155238,0.2811605347882821,0.2811605347882821,0,13.673756526163665,0.007187681966423831,16
7589.85902584,8.580000000000684,1,1,5.473621014777387,6.819823521575628,0.1,0.03187329400868734,0.28335064015573197,0.28335064015573197,0,13.674305579677599,0.00905023362766677,22
7589.868941514,8.590000000000678,1,1,6.052174279470803,6.785579699208069,0.10000000000000002,0.0518590667239075,0.2855712998415288,0.2855712998415288,0,13.675661484855851,0.010971051757198147,23
7589.878981642,8.600000000000673,1,1,6.593986631035499,6.7385308055131885,0.09999999999999999,0.07183095846050608,0.28728704622431456,0.28728704622431456,0,13.678020641828137,0.01294194901820811,24
7589.888868996,8.610000000000667,1,1,7.2198655516241335,6.680157078259156,0.10000000000000002,0.09175528728399221,0.28937908481174274,0.28937908481174274,0,13.681551882641816,0.014927850317112856,27
7589.898920828,8.620000000000662,1,1,7.492827825163776,6.6119624490708935,0.1,0.11160209682223728,0.29614683897743393,0.29614683897743393,0,13.68640514433261,0.01685801457502145,27
7589.9089635,8.630000000000656,1,1,7.977128070494713,6.534833400884559,0.09999999999999999,0.131394454788111,0.30775159688934056,0.30775159688934056,0,13.692661563331777,0.01868695809298382,28
7589.919891617,8.64000000000065,1,1,8.634297772515003,6.449566870994434,0.1,0.15096838622812198,0.3215901187902927,0.3215901187902927,0,13.700388225104414,0.02047054312038621,32
7589.929169089,8.650000000000645,1,1,9.256109930962028,6.356641805588674,0.1,0.1704100190582128,0.33423299530165734,0.33423299530165734,0,13.709667339761143,0.02220598959926523,34
7589.939115757,8.66000000000064,1,1,9.892501533467891,6.256703535442394,0.09999999999999999,0.1895960504973836,0.3464875585380403,0.3464875585380403,0,13.720566428285707,0.0238882102649145,34
7589.949014001,8.670000000000634,1,1,10.538559853458105,6.1502253416032735,0.1,0.2084126676645618,0.3572170414103693,0.3572170414103693,0,13.733143051702493,0.02552115442955638,35
7589.95901503,8.680000000000629,1,1,11.13380553622762,6.0376996102188265,0.1,0.22688372004431734,0.365388416984217,0.365388416984217,0,13.747434832197404,0.02708297991271147,38
7589.96902704,8.690000000000623,1,1,11.688523866286635,5.919758586011505,0.1,0.24508074395145185,0.37175868060952394,0.37175868060952394,0,13.763459301869169,0.028561498133509833,41
7589.979368395,8.700000000000617,1,1,12.202385170787341,5.797413510657529,0.09999999999999999,0.26323926439291434,0.37670304668263266,0.37670304668263266,0,13.781219364251777,0.029951890749146948,43
7589.989225631,8.710000000000612,1,1,12.678688275621717,5.671979651335642,0.1,0.2814025626039225,0.37550607976807715,0.37550607976807715,0,13.800706700670313,0.031234880080142746,49
7589.999074265,8.720000000000606,1,1,13.118280670565753,5.544766598338345,0.1,0.29952876575919707,0.3666657015445086,0.3666657015445086,0,13.821861596135552,0.03232793798234446,49
7590.009098825,8.7300000000006,1,1,13.517522480555899,5.4169473798409715,0.1,0.3174045562292492,0.3571183680721422,0.3571183680721422,0,13.844535496602477,0.033227044878320955,49
7590.021500904,8.740000000000595,1,1,13.878227776757244,5.289986663210756,0.10000000000000002,0.3353270811167273,0.34728105601227555,0.34728105601227555,0,13.868575285386404,0.03394535542283661,51
7590.02892606,8.75000000000059,1,1,14.198994567689924,5.165811815781547,0.10000000000000002,0.3530907032413933,0.3370397856782671,0.3370397856782671,0,13.89383912559179,0.03449716640993716,56
7590.038927549,8.760000000000584,1,1,14.494066167810745,5.046491523168548,0.1,0.37070087082306075,0.3272947036939305,0.3272947036939305,0,13.920196449289577,0.03490026312046357,56
7590.0489547,8.770000000000579,1,1,14.760236783318295,4.9344965979937605,0.1,0.387675830354847,0.31711683236520943,0.31711683236520943,0,13.947530072261404,0.035169283713270216,58
7590.058934713,8.780000000000573,1,1,14.999942302046781,4.832509298839185,0.10000000000000002,0.40350658573459414,0.3067786392544002,0.3067786392544002,0,13.975730675335065,0.0353127764686616,65
7590.068893802,8.790000000000568,1,1,15.216792566105392,4.743394430252786,0.1,0.41709813305076227,0.2961150266963744,0.2961150266963744,0,14.004694388019367,0.035341684114603034,66
7590.078917824,8.800000000000562,1,1,15.419574776502069,4.6697812308069775,0.10000000000000002,0.4277984930336983,0.2860172384456123,0.2860172384456123,0,14.034322326273129,0.03526730441378301,66
7590.089585718,8.810000000000556,1,1,15.61402707670511,4.613742468196311,0.10000000000000002,0.43505387833031944,0.2764299293836864,0.2764299293836864,0,14.064522921425434,0.03510545421969136,70
7590.098907336,8.820000000000551,1,1,15.796675775863532,4.576171569767088,0.1,0.4383558981325147,0.2732406384644017,0.2732406384644017,0,14.09521326304866,0.03486839595030822,73
7590.108933985,8.830000000000545,1,1,15.972027679387418,4.556494378680321,0.1,0.43843802895547584,0.2717602087376376,0.2717602087376376,0,14.126316698277595,0.03456925304895253,75
7590.118956681,8.84000000000054,1,1,16.13533637284062,4.552894515185094,0.1,0.434877874308398,0.27033605522119863,0.27033605522119863,0,14.157764224380832,0.03421822248992412,76
7590.128937663,8.850000000000534,1,1,16.287619682956514,4.562762233852681,0.1,0.4283602711586519,0.2689095950424554,0.2689095950424554,0,14.189491228201778,0.03382252250855866,81
7590.138952941,8.860000000000529,1,1,16.42954567872145,4.583114553645042,0.10000000000000003,0.4197702015156037,0.26741539773995743,0.26741539773995743,0,14.221435639528682,0.033387004123830444,82
7590.148916574,8.870000000000523,1,1,16.565992295735814,4.611177544079636,0.1,0.40991888083200795,0.2658528192155802,0.2658528192155802,0,14.253536594787535,0.03291749894198359,83
7590.158906165,8.880000000000518,1,1,16.6980717241539,4.644626524517135,0.10000000000000003,0.39926126178120896,0.2642119488136478,0.2642119488136478,0,14.285736851931128,0.03242398719022521,89
7590.169359272,8.890000000000512,1,1,16.82299926841325,4.681146379523339,0.10000000000000002,0.3877952038532297,0.2624313409466921,0.2624313409466921,0,14.317978434129294,0.03191316022946378,94
7590.1790513,8.900000000000507,1,1,16.944841144503076,4.7187822285760825,0.10000000000000002,0.3759106140376998,0.26052105021448674,0.26052105021448674,0,14.350164387434475,0.03139218964039592,95
7590.191024973,8.910000000000501,1,1,17.063149799458575,4.756155329357126,0.09999999999999999,0.3637346272117843,0.25845863208025355,0.25845863208025355,0,14.38222382431941,0.030869246685965468,97
7590.198963472,8.920000000000496,1,1,17.17695705197854,4.79169686184756,0.1,0.3515262863498191,0.256242067518489,0.256242067518489,0,14.414188214062042,0.030350869103569433,100
7590.208963182,8.93000000000049,1,1,17.28579329710785,4.824240585641581,0.1,0.3394078362014107,0.25387062876740174,0.25387062876740174,0,14.4460715489407,0.02984300772761972,104
7590.219085557,8.940000000000484,1,1,17.389631091852674,4.852845079671313,0.1,0.32744458474952376,0.2513383339358719,0.2513383339358719,0,14.477851744096846,0.029351133709602184,107
7590.22893691,8.950000000000479,1,1,17.487473809608854,4.876655484713304,0.1,0.3156067199409611,0.24861233389977708,0.24861233389977708,0,14.509511595695283,0.028877991299844252,114
7590.239083121,8.960000000000473,1,1,17.581727789865432,4.8950500746591805,0.09999999999999999,0.3040668141496765,0.24740735556107857,0.24740735556107857,0,14.541037526664821,0.028428155919843823,117
7590.249128114,8.970000000000468,1,1,17.671424906674556,4.907643312061009,0.1,0.2930691990197836,0.24728127637486397,0.24728127637486397,0,14.572421918028176,0.028006299936215173,120
7590.259685632,8.980000000000462,1,1,17.756877274782234,4.914171286526702,0.10000000000000002,0.2826643002350829,0.24743420785760814,0.24743420785760814,0,14.603662615059905,0.027615701162601036,126
7590.269228259,8.990000000000457,1,1,17.837920315163398,4.914537749444027,0.10000000000000003,0.27308983109024004,0.24783469566019992,0.24783469566019992,0,14.634762422715536,0.027259643008545664,131
7590.278948984,9.000000000000451,1,1,17.914756741767636,4.9088024027272885,0.09999999999999999,0.26457729786138395,0.24848927374405064,0.24848927374405064,0,14.66572863083077,0.026940081848954245,133
7590.289187519,9.010000000000446,1,1,17.987188476217913,4.897135303485996,0.1,0.2572231733996626,0.24935386172960036,0.24935386172960036,0,14.696572322215834,0.026658863300109026,137
7590.299133452,9.02000000000044,1,1,18.055583143372676,4.879832472572712,0.10000000000000002,0.2512309641452764,0.25044269630280835,0.25044269630280835,0,14.727307814592463,0.026416765024734445,145
7590.30911148,9.030000000000435,1,1,18.120141660479362,4.857264643746043,0.1,0.2466560194902672,0.2517478158145924,0.2517478158145924,0,14.757951948139079,0.026214357424465984,146
7590.31901116,9.040000000000429,1,1,18.181082604072806,4.829945733938635,0.10000000000000002,0.24368039067141536,0.25326329676358916,0.25326329676358916,0,14.788524001356443,0.026052376492263107,148
7590.328890989,9.050000000000423,1,1,18.238613018817045,4.79846141055058,0.1,0.24233889933572025,0.254978372180599,0.254978372180599,0,14.819045662153112,0.02593119645123876,153
7590.33897387,9.060000000000418,1,1,18.29317336099996,4.763469626241943,0.1,0.24260451516068754,0.2569282435494632,0.2569282435494632,0,14.849540710157525,0.025851418592619968,154
7590.349287541,9.070000000000412,1,1,18.345122141790682,4.725675098816773,0.1,0.24432249838139364,0.25914272684027945,0.25914272684027945,0,14.88003557847073,0.025814401529806297,155
7590.361596802,9.080000000000407,1,1,18.39432365565438,4.685792237466938,0.1,0.2474931369803772,0.26153689648413453,0.26153689648413453,0,14.910559810687671,0.02582039375596068,157
7590.368949918,9.090000000000401,1,1,18.44110347908414,4.644633628280411,0.1,0.25196116018516496,0.26411811971422944,0.26411811971422944,0,14.941144765966245,0.025869113487712925,161
7590.378977788,9.100000000000396,1,1,18.48589613535213,4.603030930182428,0.10000000000000002,0.25768050151342864,0.266953549890138,0.266953549890138,0,14.97182328325128,0.025960836948889288,163
7590.388915648,9.11000000000039,1,1,18.52858869307624,4.561938333534773,0.1,0.26457276243940214,0.2699146768885567,0.2699146768885567,0,15.002630626102446,0.026095561591843452,163
7590.398911299,9.120000000000385,1,1,18.56952955141963,4.5223445886964075,0.1,0.2725843414000385,0.2730566246803333,0.2730566246803333,0,15.033603209591883,0.026272162818506084,169
7590.408999654,9.13000000000038,1,1,18.609050914216024,4.485261558556656,0.1,0.28134777867907557,0.276359217109965,0.276359217109965,0,15.06477834141364,0.026490096736632385,170
7590.41899858,9.140000000000374,1,1,18.6473518993418,4.451664577494458,0.1,0.2907327270867627,0.2798165896860878,0.2798165896860878,0,15.096194382728932,0.026748494947111956,172
7590.432382217,9.150000000000368,1,1,18.68463988177472,4.422527278152532,0.1,0.30068580555198243,0.2834060096689589,0.2834060096689589,0,15.127890651330334,0.027046626689440245,177
7590.438925174,9.160000000000363,1,1,18.721098595749833,4.3989623737763335,0.1,0.31125526622610983,0.2871214915055685,0.2871214915055685,0,15.159907189847852,0.027382820738597546,184
7590.448939022,9.170000000000357,1,1,18.75670724657319,4.38210396458051,0.1,0.32220110889296905,0.2909592208305058,0.2909592208305058,0,15.192296258314657,0.027756547631485162,185
7590.458981136,9.180000000000351,1,1,18.790716623080293,4.373339807284376,0.1,0.3335299627456793,0.2948521524217659,0.2948521524217659,0,15.225144119699264,0.02816574368976066,188
7590.469109269,9.190000000000346,1,1,18.82306002137112,4.373880388002653,0.10000000000000002,0.345053466686164,0.29883859545119734,0.29883859545119734,0,15.258514457712753,0.02860795075848599,193
7590.478915346,9.20000000000034,1,1,18.854685362863847,4.384126636011571,0.10000000000000002,0.35674808098382177,0.30285316354705016,0.30285316354705016,0,15.292386152128875,0.029080951634513186,195
7590.489507101,9.210000000000335,1,1,18.886445392318993,4.404455518961735,0.1,0.36848971461369856,0.3069172932185437,0.3069172932185437,0,15.326762995957813,0.02958282554932179,198
7590.499594464,9.22000000000033,1,1,18.918358280280305,4.435368003606646,0.1,0.3800446114130625,0.31102275253265127,0.31102275253265127,0,15.361684794943567,0.03011191081873732,204
7590.509250927,9.230000000000324,1,1,18.950458967059276,4.477110274120505,0.09999999999999999,0.3913849205689735,0.31515265673771126,0.31515265673771126,0,15.397191774739303,0.03066658158543012,207
7590.518957821,9.240000000000318,1,1,18.982941600477876,4.529690966495837,0.09999999999999999,0.40213837900661586,0.31931780210166394,0.31931780210166394,0,15.433324252988708,0.031245266190976784,209
7590.531371465,9.250000000000313,1,1,19.015834633512192,4.5927838702874855,0.09999999999999999,0.41213563971755135,0.3234997982769052,0.3234997982769052,0,15.470123023447318,0.031846913711109925,212
7590.539176395,9.260000000000307,1,1,19.048953198160092,4.665849134216069,0.09999999999999999,0.42133734992483896,0.3303997473389412,0.3303997473389412,0,15.507629869323015,0.03247034646519498,216
7590.548832715,9.270000000000302,0,1,0.0,0.0,0.0,0.0,0.0,0.0,0,0.0,0.03210655959960351,216
7590.558843117,9.280000000000296,0,1,0.0,0.0,0.0,0.0,0.0,0.0,0,0.0,0.02957724191339972,216
7590.568869789,9.29000000000029,0,1,0.0,0.0,0.0,0.0,0.0,0.0,0,0.0,0.02730906477940276,219
7590.578726657,9.300000000000285,0,1,0.0,0.0,0.0,0.0,0.0,0.0,0,0.0,0.025263186054086617,219
7590.588741989,9.31000000000028,0,1,0.0,0.0,0.0,0.0,0.0,0.0,0,0.0,0.023413044630589352,219
7590.598667169,9.320000000000274,0,1,0.0,0.0,0.0,0.0,0.0,0.0,0,0.0,0.02173817217566487,222
7590.608705764,9.330000000000268,0,1,0.0,0.0,0.0,0.0,0.0,0.0,0,0.0,0.020221339673409,222
7590.618993578,9.340000000000263,0,1,0.0,0.0,0.0,0.0,0.0,0.0,0,0.0,0.01884741839991677,223
7590.629045372,9.350000000000257,0,1,0.0,0.0,0.0,0.0,0.0,0.0,0,0.0,0.017602877076206003,226
7590.638809613,9.360000000000252,0,1,0.0,0.0,0.0,0.0,0.0,0.0,0,0.0,0.016475519827757967,231
7590.648842808,9.370000000000246,0,1,0.0,0.0,0.0,0.0,0.0,0.0,0,0.0,0.015454319655059612,231
7590.65876126,9.38000000000024,0,1,0.0,0.0,0.0,0.0,0.0,0.0,0,0.0,0.014529293553870337,232
7590.668913188,9.390000000000235,0,1,0.0,0.0,0.0,0.0,0.0,0.0,0,0.0,0.013691398926835241,236
7590.678759864,9.40000000000023,0,1,0.0,0.0,0.0,0.0,0.0,0.0,0,0.0,0.01293244325154741,236
7590.688742588,9.410000000000224,0,1,0.0,0.0,0.0,0.0,0.0,0.0,0,0.0,0.012245003539907762,0
7590.698725099,9.420000000000218,0,1,0.0,0.0,0.0,0.0,0.0,0.0,0,0.0,0.01162235384912158,0
7590.708758098,9.430000000000213,0,1,0.0,0.0,0.0,0.0,0.0,0.0,0,0.0,0.011058400002515345,4
7590.718715966,9.440000000000207,0,1,0.0,0.0,0.0,0.0,0.0,0.0,0,0.0,0.01054762111727503,4
7590.728757845,9.450000000000202,0,1,0.0,0.0,0.0,0.0,0.0,0.0,0,0.0,0.010085010558427143,4
7590.738788028,9.460000000000196,0,1,0.0,0.0,0.0,0.0,0.0,0.0,0,0.0,0.00966602785141557,7
7590.748721762,9.47000000000019,0,1,0.0,0.0,0.0,0.0,0.0,0.0,0,0.0,0.009286565077101239,7
7590.758720358,9.480000000000185,0,1,0.0,0.0,0.0,0.0,0.0,0.0,0,0.0,0.008942907302397884,7
7590.76981383,9.49000000000018,0,1,0.0,0.0,0.0,0.0,0.0,0.0,0,0.0,0.00863168636612932,9
7590.778758275,9.500000000000174,0,1,0.0,0.0,0.0,0.0,0.0,0.0,0,0.0,0.008349848620774925,11
7590.788785366,9.510000000000169,0,1,0.0,0.0,0.0,0.0,0.0,0.0,0,0.0,0.008094626292417084,11
7590.798753657,9.520000000000163,0,1,0.0,0.0,0.0,0.0,0.0,0.0,0,0.0,0.007863511258758615,11
7590.808742945,9.530000000000157,0,1,0.0,0.0,0.0,0.0,0.0,0.0,0,0.0,0.00765423101374485,14
7590.818731509,9.540000000000152,0,1,0.0,0.0,0.0,0.0,0.0,0.0,0,0.0,0.007464728422329481,14
7590.828717109,9.550000000000146,0,1,0.0,0.0,0.0,0.0,0.0,0.0,0,0.0,0.0072931460076455235,14
7590.838716984,9.56000000000014,0,1,0.0,0.0,0.0,0.0,0.0,0.0,0,0.0,0.007137790641461139,17
7590.848725041,9.570000000000135,0,1,0.0,0.0,0.0,0.0,0.0,0.0,0,0.0,0.0069971263108743464,17
7590.85877451,9.58000000000013,0,1,0.0,0.0,0.0,0.0,0.0,0.0,0,0.0,0.006869763560942932,17
7590.868709088,9.590000000000124,0,1,0.0,0.0,0.0,0.0,0.0,0.0,0,0.0,0.006754445342432414,17
7590.878725703,9.600000000000119,0,1,0.0,0.0,0.0,0.0,0.0,0.0,0,0.0,0.006650033990704296,21
7590.888749723,9.610000000000113,0,1,0.0,0.0,0.0,0.0,0.0,0.0,0,0.0,0.0065554995223489065,21
7590.898719527,9.620000000000108,0,1,0.0,0.0,0.0,0.0,0.0,0.0,0,0.0,0.006587744497303261,21
7590.908723646,9.630000000000102,0,1,0.0,0.0,0.0,0.0,0.0,0.0,0,0.0,0.00666293206476104,24
7590.918754657,9.640000000000096,0,1,0.0,0.0,0.0,0.0,0.0,0.0,0,0.0,0.006730676839609373,24
7590.928727658,9.650000000000091,0,1,0.0,0.0,0.0,0.0,0.0,0.0,0,0.0,0.006791716648477997,24
7590.940628125,9.660000000000085,0,1,0.0,0.0,0.0,0.0,0.0,0.0,0,0.0,0.00684671608191223,26
7590.948726353,9.67000000000008,0,1,0.0,0.0,0.0,0.0,0.0,0.0,0,0.0,0.006896273766531402,28
7590.958735833,9.680000000000074,0,1,0.0,0.0,0.0,0.0,0.0,0.0,0,0.0,0.006940928918286404,28
7590.968743904,9.690000000000069,0,1,0.0,0.0,0.0,0.0,0.0,0.0,0,0.0,0.00698116724564074,28
7590.978713878,9.700000000000063,0,1,0.0,0.0,0.0,0.0,0.0,0.0,0,0.0,0.007017444448588761,31
7590.988730983,9.710000000000058,0,1,0.0,0.0,0.0,0.0,0.0,0.0,0,0.0,0.007050276230607777,31
7590.998768667,9.720000000000052,0,1,0.0,0.0,0.0,0.0,0.0,0.0,0,0.0,0.007079981232494814,31
7591.00873936,9.730000000000047,0,1,0.0,0.0,0.0,0.0,0.0,0.0,0,0.0,0.007106787453556251,34
7591.018772475,9.740000000000041,0,1,0.0,0.0,0.0,0.0,0.0,0.0,0,0.0,0.007130932681022661,34
7591.02875635,9.750000000000036,0,1,0.0,0.0,0.0,0.0,0.0,0.0,0,0.0,0.00715265914849772,34
7591.038829038,9.76000000000003,0,1,0.0,0.0,0.0,0.0,0.0,0.0,0,0.0,0.0071721998898137684,34
7591.048751861,9.770000000000024,0,1,0.0,0.0,0.0,0.0,0.0,0.0,0,0.0,0.0071897714069515395,37
7591.058756933,9.780000000000019,0,1,0.0,0.0,0.0,0.0,0.0,0.0,0,0.0,0.007205571286643231,37
7591.069170977,9.790000000000013,0,1,0.0,0.0,0.0,0.0,0.0,0.0,0,0.0,0.007219778315411096,38
7591.078638277,9.800000000000008,0,1,0.0,0.0,0.0,0.0,0.0,0.0,0,0.0,0.007232553627925853,44
7591.088705285,9.810000000000002,0,1,0.0,0.0,0.0,0.0,0.0,0.0,0,0.0,0.00724404218978425,44
7591.098956122,9.819999999999997,0,1,0.0,0.0,0.0,0.0,0.0,0.0,0,0.0,0.007254421163961522,45
7591.112814412,9.829999999999991,0,1,0.0,0.0,0.0,0.0,0.0,0.0,0,0.0,0.007264091277814411,48
7591.118962244,9.839999999999986,0,1,0.0,0.0,0.0,0.0,0.0,0.0,0,0.0,0.00727332329181174,53
7591.128843289,9.84999999999998,0,1,0.0,0.0,0.0,0.0,0.0,0.0,0,0.0,0.007282231666892625,53
7591.138832679,9.859999999999975,0,1,0.0,0.0,0.0,0.0,0.0,0.0,0,0.0,0.007290867146730828,54
7591.148741382,9.869999999999969,0,1,0.0,0.0,0.0,0.0,0.0,0.0,0,0.0,0.0072992544542462845,58
7591.158737454,9.879999999999963,0,1,0.0,0.0,0.0,0.0,0.0,0.0,0,0.0,0.007307407580255887,58
7591.168731168,9.889999999999958,0,1,0.0,0.0,0.0,0.0,0.0,0.0,0,0.0,0.007315336006905648,58
7591.178721417,9.899999999999952,0,1,0.0,0.0,0.0,0.0,0.0,0.0,0,0.0,0.0073230472523018175,61
7591.188811129,9.909999999999947,0,1,0.0,0.0,0.0,0.0,0.0,0.0,0,0.0,0.007330547917046293,61
7591.198858366,9.919999999999941,0,1,0.0,0.0,0.0,0.0,0.0,0.0,0,0.0,0.007337844118375458,61
7591.208818501,9.929999999999936,0,1,0.0,0.0,0.0,0.0,0.0,0.0,0,0.0,0.007344941672900784,61
7591.218836147,9.93999999999993,0,1,0.0,0.0,0.0,0.0,0.0,0.0,0,0.0,0.007351846175650878,67
7591.228762157,9.949999999999925,0,1,0.0,0.0,0.0,0.0,0.0,0.0,0,0.0,0.007358563036091448,67
7591.238745301,9.95999999999992,0,1,0.0,0.0,0.0,0.0,0.0,0.0,0,0.0,0.007365097496154993,67
7591.253961403,9.969999999999914,0,1,0.0,0.0,0.0,0.0,0.0,0.0,0,0.0,0.007371454640657582,68
7591.264624869,9.979999999999908,0,1,0.0,0.0,0.0,0.0,0.0,0.0,0,0.0,0.007377639404421765,68
7591.273926901,9.989999999999903,0,1,0.0,0.0,0.0,0.0,0.0,0.0,0,0.0,0.007383656577917563,68
7591.283949843,9.999999999999897,0,1,0.0,0.0,0.0,0.0,0.0,0.0,0,0.0,0.007389510812184086,71
7591.293894185,10.009999999999891,0,1,0.0,0.0,0.0,0.0,0.0,0.0,0,0.0,0.00739520662335752,71
7591.304472569,10.019999999999886,0,1,0.0,0.0,0.0,0.0,0.0,0.0,0,0.0,0.007400748396947321,71
7591.316321571,10.02999999999988,0,1,0.0,0.0,0.0,0.0,0.0,0.0,0,0.0,0.007406140391922722,74
7591.324424553,10.039999999999875,0,1,0.0,0.0,0.0,0.0,0.0,0.0,0,0.0,0.007411386744642312,76
7591.333921267,10.04999999999987,0,1,0.0,0.0,0.0,0.0,0.0,0.0,0,0.0,0.007416491472639453,76
7591.343950672,10.059999999999864,0,1,0.0,0.0,0.0,0.0,0.0,0.0,0,0.0,0.007421458478276299,76
7591.354250016,10.069999999999858,0,1,0.0,0.0,0.0,0.0,0.0,0.0,0,0.0,0.007426291552270925,79
7591.363947387,10.079999999999853,0,1,0.0,0.0,0.0,0.0,0.0,0.0,0,0.0,0.0074309943771053155,79
7591.373900656,10.089999999999847,0,1,0.0,0.0,0.0,0.0,0.0,0.0,0,0.0,0.007435570530317792,79
7591.383963243,10.099999999999842,0,1,0.0,0.0,0.0,0.0,0.0,0.0,0,0.0,0.007440023487685077,81
7591.393915006,10.109999999999836,0,1,0.0,0.0,0.0,0.0,0.0,0.0,0,0.0,0.007444356626297832,81
7591.403909869,10.11999999999983,0,1,0.0,0.0,0.0,0.0,0.0,0.0,0,0.0,0.0074485732275340055,81
7591.415917217,10.129999999999825,0,1,0.0,0.0,0.0,0.0,0.0,0.0,0,0.0,0.007452676479934195,82
7591.423986132,10.13999999999982,0,1,0.0,0.0,0.0,0.0,0.0,0.0,0,0.0,0.007456669481981926,84
7591.433945366,10.149999999999814,0,1,0.0,0.0,0.0,0.0,0.0,0.0,0,0.0,0.0074605552447930545,84
7591.444740238,10.159999999999808,0,1,0.0,0.0,0.0,0.0,0.0,0.0,0,0.0,0.007464336694716911,84
7591.454869949,10.169999999999803,0,1,0.0,0.0,0.0,0.0,0.0,0.0,0,0.0,0.007468016675854061,90
7591.464710277,10.179999999999797,0,1,0.0,0.0,0.0,0.0,0.0,0.0,0,0.0,0.0074715979524913045,93
7591.473948012,10.189999999999792,0,1,0.0,0.0,0.0,0.0,0.0,0.0,0,0.0,0.007475083211458899,94
7591.484994041,10.199999999999786,0,1,0.0,0.0,0.0,0.0,0.0,0.0,0,0.0,0.007478475064412238,97
7591.49390184,10.20999999999978,0,1,0.0,0.0,0.0,0.0,0.0,0.0,0,0.0,0.007481776050040301,98
7591.503912235,10.219999999999775,0,1,0.0,0.0,0.0,0.0,0.0,0.0,0,0.0,0.007484988636204171,98
7591.513940046,10.22999999999977,0,1,0.0,0.0,0.0,0.0,0.0,0.0,0,0.0,0.00748811522200743,98
7591.524896869,10.239999999999764,0,1,0.0,0.0,0.0,0.0,0.0,0.0,0,0.0,0.0074911581398013904,102
7591.53481982,10.249999999999758,0,1,0.0,0.0,0.0,0.0,0.0,0.0,0,0.0,0.007494119657127263,105
7591.544806241,10.259999999999753,0,1,0.0,0.0,0.0,0.0,0.0,0.0,0,0.0,0.0074970019785974285,107
7591.554800791,10.269999999999747,0,1,0.0,0.0,0.0,0.0,0.0,0.0,0,0.0,0.007499807247718038,112
7591.563976159,10.279999999999742,0,1,0.0,0.0,0.0,0.0,0.0,0.0,0,0.0,0.007502537548654653,113
7591.573932961,10.289999999999736,0,1,0.0,0.0,0.0,0.0,0.0,0.0,0,0.0,0.0075051949079434355,113
7591.586053637,10.29999999999973,0,1,0.0,0.0,0.0,0.0,0.0,0.0,0,0.0,0.007507781296149818,114
7591.594292388,10.309999999999725,0,1,0.0,0.0,0.0,0.0,0.0,0.0,0,0.0,0.007510298629475054,116
7591.604962658,10.31999999999972,0,1,0.0,0.0,0.0,0.0,0.0,0.0,0,0.0,0.007512748771314914,116
7591.614899986,10.329999999999714,0,1,0.0,0.0,0.0,0.0,0.0,0.0,0,0.0,0.007515133533769425,118
7591.62397066,10.339999999999709,0,1,0.0,0.0,0.0,0.0,0.0,0.0,0,0.0,0.00751745467910736,123
7591.634436793,10.349999999999703,0,1,0.0,0.0,0.0,0.0,0.0,0.0,0,0.0,0.007519713921186111,124
7591.644337099,10.359999999999697,0,1,0.0,0.0,0.0,0.0,0.0,0.0,0,0.0,0.0075219129268283,125
7591.655242061,10.369999999999692,1,1,9.273863040273373,3.9773860108530696,0.0,0.004,0.3167620856446628,0.3167620856446628,0,15.938111127585739,0.0069205184119534024,129
7591.664668729,10.379999999999686,1,1,9.587913032011953,3.981967391224014,0.1,0.023854877346347367,0.31052910614017654,0.31052910614017654,0,15.941088743810916,0.009801670404816498,132
7591.674699647,10.38999999999968,1,1,10.189070548358902,3.9910794622511374,0.1,0.04383186584833563,0.30654910160614407,0.30654910160614407,0,15.94804423440046,0.012338929963359613,134
7591.684861169,10.399999999999675,1,1,10.74425010594378,4.004059214671601,0.1,0.0637968542392075,0.2976494379882188,0.2976494379882188,0,15.958487067130394,0.014568635633171567,137
7591.694803511,10.40999999999967,1,1,11.288391772859443,4.020819659701237,0.1,0.08375280017652083,0.29133882696339714,0.29133882696339714,0,15.972007850974718,0.016488926040911567,6
7591.704672922,10.419999999999664,1,1,11.809664239668788,4.041541976655165,0.1,0.10367811456405797,0.2927913930739342,0.2927913930739342,0,15.98821568854302,0.01811601770175275,8
7591.714671221,10.429999999999659,1,1,12.319425318633863,4.066529071939766,0.10000000000000002,0.12361835088294064,0.29383392701815714,0.29383392701815714,0,16.006745696732054,0.019479577985715535,9
7591.725610283,10.439999999999653,1,1,12.790768896647974,4.096190093479435,0.1,0.14353503329253953,0.2886162727382729,0.2886162727382729,0,16.02726306147494,0.020581772036064594,14
7591.735435723,10.449999999999648,1,1,13.232589894854796,4.130743821132555,0.1,0.1634662473699627,0.281085078063418,0.281085078063418,0,16.049397897184196,0.021421561150986257,17
7591.744523686,10.459999999999642,1,1,13.636502507305197,4.1703276542914365,0.1,0.1834054001857517,0.2740071547201658,0.2740071547201658,0,16.072774242770716,0.02203970024418167,20
7591.757311824,10.469999999999636,1,1,14.01773684979248,4.215224545315737,0.1,0.20337231765117209,0.26795621276720855,0.26795621276720855,0,16.097072072462318,0.02247377179097887,21
7591.764241047,10.479999999999631,1,1,14.374598218204596,4.265699917891828,0.1,0.22334967024759766,0.2629343433606596,0.2629343433606596,0,16.12202704159486,0.022763542896478972,25
7591.775508887,10.489999999999625,1,1,14.704560294552289,4.3220554923482455,0.1,0.2433276361917765,0.25878598260171565,0.25878598260171565,0,16.147427646210584,0.022941040750293018,25
7591.784730653,10.49999999999962,1,1,15.009793144563853,4.384591751727526,0.1,0.26329883618425026,0.25554184307046685,0.25554184307046685,0,16.173105898585494,0.023033575696886244,34
7591.795252524,10.509999999999614,1,1,15.288991415247878,4.453640218813692,0.1,0.28326225710417907,0.2530324268853109,0.2530324268853109,0,16.198931320429747,0.023063685327066485,42
7591.805066628,10.519999999999609,1,1,15.542162181108234,4.5295471227919215,0.1,0.3032174169666735,0.2511378043635026,0.2511378043635026,0,16.224804082429696,0.023047840978711598,45
7591.814987787,10.529999999999603,1,1,15.770033257426368,4.612643924350174,0.1,0.3231638166834162,0.24986731262195402,0.24986731262195402,0,16.25064770448637,0.02300027238424418,48
7591.825858139,10.539999999999598,1,1,15.973931082492253,4.703251294838639,0.09999999999999999,0.3430879403858012,0.24916983217413763,0.24916983217413763,0,16.276406313653585,0.022933031428822748,53
7591.834219128,10.549999999999592,1,1,16.154007380755356,4.801612416864443,0.09999999999999999,0.36299452714807523,0.24891227837656407,0.24891227837656407,0,16.302041460169413,0.022855229184556736,56
7591.844436616,10.559999999999587,1,1,16.311105672340773,4.9079563785973015,0.09999999999999999,0.3828733020965425,0.24904058053396172,0.24904058053396172,0,16.327527537076477,0.02277331297481755,57
7591.854785304,10.569999999999581,1,1,16.447024570837883,5.022453960315857,0.1,0.4026989697637928,0.24965455297071323,0.24965455297071323,0,16.352848836283105,0.022693966349637718,58
7591.864799904,10.579999999999576,1,1,16.55837748592366,5.145251063242456,0.10000000000000002,0.42246321391705227,0.2505943146398233,0.2505943146398233,0,16.378000131755748,0.022622064553073917,64
7591.874688215,10.58999999999957,1,1,16.647358486132177,5.276461953700673,0.10000000000000002,0.44216810805722717,0.2517781370804043,0.2517781370804043,0,16.402983342598926,0.02256043966090071,66
7591.884208107,10.599999999999564,1,1,16.71256699218985,5.416132222265933,0.1,0.4617562911437664,0.2532200621961885,0.2532200621961885,0,16.427804652467074,0.022510919751888236,66
7591.895178612,10.609999999999559,1,1,16.756799526734028,5.564213662887611,0.1,0.48118614415669875,0.2549189160108816,0.2549189160108816,0,16.452473682473343,0.022475691830847966,70
7591.904803515,10.619999999999553,1,1,16.778606019304597,5.720557878655873,0.10000000000000002,0.5003994692468304,0.2568159906088882,0.2568159906088882,0,16.477003826544472,0.022457142146572906,72
7591.914763596,10.629999999999548,1,1,16.78606335448646,5.8849417051173925,0.1,0.519439438966634,0.2588205136402794,0.2588205136402794,0,16.501411840357992,0.02245641801960363,74
7591.924645567,10.639999999999542,1,1,16.784161987419523,6.057080422471097,0.10000000000000002,0.538275725046198,0.26096707778956874,0.26096707778956874,0,16.525715652867728,0.022474302258427947,76
7591.934666934,10.649999999999537,1,1,16.777758000986946,6.236624503873531,0.1,0.5569954269335001,0.26302163407219364,0.26302163407219364,0,16.549934197751245,0.022510966244756236,82
7591.945039004,10.659999999999531,1,1,16.77306649236461,6.423267034824206,0.10000000000000002,0.5755842185578882,0.2651091759007263,0.2651091759007263,0,16.574084627296212,0.022564708634061015,83
7591.955005093,10.669999999999526,1,1,16.76703116027046,6.616608247781003,0.1,0.593999776241901,0.2670793993345206,0.2670793993345206,0,16.59818174036354,0.022635067386394425,85
7591.964530739,10.67999999999952,1,1,16.759895609781193,6.8162644011742435,0.1,0.6122498866508912,0.2688763299449273,0.2688763299449273,0,16.622237972952394,0.022719308157232332,91
7591.975043182,10.689999999999515,1,1,16.754921332526706,7.021852005359816,0.10000000000000002,0.6302916783602432,0.27057993822046367,0.27057993822046367,0,16.646260685632146,0.022814951951027895,92
7591.984854112,10.699999999999509,1,1,16.751811744532866,7.232963201264027,0.09999999999999999,0.6480362043566931,0.27211051626396837,0.27211051626396837,0,16.670253293663798,0.02291990959882928,95
7591.996621452,10.709999999999503,1,1,16.75156247588461,7.449090549295915,0.09999999999999999,0.6654493217087722,0.2735105180744685,0.2735105180744685,0,16.694215586263585,0.023032484523327623,99
7592.004731733,10.719999999999498,1,1,16.75314517364737,7.669690325267096,0.09999999999999999,0.6824646387376674,0.2747211845924963,0.2747211845924963,0,16.718144002464584,0.023149964720516447,105
7592.015086907,10.729999999999492,1,1,16.75668291117663,7.894228860024075,0.10000000000000002,0.6990041210338578,0.27574232643181884,0.27574232643181884,0,16.742030502266143,0.023269846632959057,106
7592.024523599,10.739999999999487,1,1,16.761505891248007,8.122124750886673,0.1,0.7148986581385293,0.2766112396257536,0.2766112396257536,0,16.765862915399534,0.023389928749918854,108
7592.034718509,10.749999999999481,1,1,16.76917668796355,8.352654529919498,0.10000000000000002,0.7300214338019326,0.2773220958377164,0.2773220958377164,0,16.78962620738355,0.023508946259694463,113
7592.04526748,10.759999999999476,1,1,16.780181713090148,8.585074491987477,0.1,0.7443056430830924,0.27790315215129663,0.27790315215129663,0,16.813303206404143,0.0236252121067706,116
7592.054680332,10.76999999999947,1,1,16.792940179506022,8.81860519404676,0.10000000000000002,0.7576551104401102,0.2783587404493262,0.2783587404493262,0,16.836874623210768,0.023737528200552305,119
7592.065619603,10.779999999999465,1,1,16.80822491363062,9.05248502910359,0.1,0.770184624522139,0.2786196656030166,0.2786196656030166,0,16.860319683117172,0.02384399808182769,123
7592.07430171,10.78999999999946,1,1,16.825921094218415,9.285991096479492,0.1,0.7817660269355927,0.278742226051929,0.278742226051929,0,16.883614937702685,0.023942654660180862,126
7592.08458691,10.799999999999454,1,1,16.845683507425093,9.518328219723386,0.09999999999999999,0.792284542457813,0.2868497078461712,0.2868497078461712,0,16.90673481906299,0.02403190641968167,127
7592.094748117,10.809999999999448,1,1,16.866551087892205,9.748625030143772,0.1,0.801618733417818,0.29939368275339673,0.29939368275339673,0,16.92965172438767,0.02410973188545773,127
7592.104658284,10.819999999999443,1,1,16.888398529188905,9.975991950835411,0.1,0.809542740172553,0.3120599215332602,0.3120599215332602,0,16.95233575811525,0.024173863677047658,134
7592.114732554,10.829999999999437,1,1,16.912607439259208,10.199207062283644,0.1,0.8154522689842598,0.32480645819079046,0.32480645819079046,0,16.974754134663094,0.024222180665837367,135
7592.125657882,10.839999999999431,1,1,16.937301394683747,10.416879757435886,0.10000000000000002,0.8190251863448239,0.3375800852530694,0.3375800852530694,0,16.99687197836573,0.024252459466335363,137
7592.140797739,10.849999999999426,1,1,16.962184902228927,10.627486852767777,0.10000000000000003,0.8200892593754331,0.35029411595994014,0.35029411595994014,0,17.01865220549994,0.025281611767516754,146
7592.149666134,10.85999999999942,1,1,16.987517995347666,10.82949518921162,0.1,0.818355188481534,0.3628876422664163,0.3628876422664163,0,17.040055011603567,0.026387229992668737,150
7592.159585215,10.869999999999415,1,1,17.01351409819103,11.021301749349059,0.1,0.813603495268878,0.37526223490958055,0.37526223490958055,0,17.061038682389704,0.02750681816875189,151
7592.170287499,10.87999999999941,1,1,17.039609944123058,11.201375974132691,0.1,0.805865017226305,0.3873145995316128,0.3873145995316128,0,17.0815614846791,0.028636330748534555,156
7592.179595037,10.889999999999404,1,1,17.065412619197986,11.368384293305274,0.1,0.7952864263346824,0.398941119818258,0.398941119818258,0,17.101580536481773,0.029771180267487485,158
7592.189627745,10.899999999999398,1,1,17.091130870528456,11.521221402707818,0.1,0.7822320353109,0.41003932450822744,0.41003932450822744,0,17.121052452022656,0.03090620523485299,158
7592.200491812,10.909999999999393,1,1,17.116566521520404,11.659157896934742,0.1,0.7673747254016599,0.42053455799903283,0.42053455799903283,0,17.139934570486414,0.032035927339341574,161
7592.209614379,10.919999999999387,1,1,17.141470248917095,11.781759697572415,0.1,0.7511837931678048,0.43036131238238334,0.43036131238238334,0,17.158186134353272,0.0331546800458028,162
7592.219833677,10.929999999999382,1,1,17.16608283506928,11.888805142724244,0.09999999999999999,0.7340323598994242,0.4394847669125119,0.4394847669125119,0,17.17576855386966,0.034256894670344984,162
7592.229833597,10.939999999999376,1,1,17.19045360574375,11.980214800012378,0.1,0.7162060242556156,0.44786455980967327,0.44786455980967327,0,17.192646649351524,0.035337166526615005,162
7592.239790861,10.94999999999937,1,1,17.215046422645962,12.056018188750471,0.09999999999999999,0.6979028901300335,0.4555045116893199,0.4555045116893199,0,17.2087892613853,0.03639048264366118,168
7592.249731404,10.959999999999365,1,1,17.239788270280947,12.116314487074266,0.1,0.6792230846279179,0.4623853421361223,0.4623853421361223,0,17.224170533867937,0.03741219419332065,168
7592.25967554,10.96999999999936,1,1,17.265449888273636,12.161259526925186,0.09999999999999999,0.6602758033997745,0.468512202832943,0.468512202832943,0,17.238769457052427,0.038398144076385976,172
7592.271189991,10.979999999999354,1,1,17.291864735354267,12.191052935069731,0.1,0.6411119139813825,0.47387295989192824,0.47387295989192824,0,17.252571569089422,0.03934437657831691,177
7592.279595899,10.989999999999348,1,1,17.319618658763932,12.20592592588709,0.1,0.6218404943091278,0.47848938549535597,0.47848938549535597,0,17.2655692656906,0.040247491822486436,179
7592.289870247,10.999999999999343,1,1,17.34849072447173,12.206128193965503,0.1,0.6025058854788283,0.48240442189104765,0.48240442189104765,0,17.277763661627656,0.041104696633344595,179
7592.301791175,11.009999999999337,0,1,0.0,0.0,0.0,0.0,0.0,0.0,0,0.0,0.04142820964572003,181
7592.309537045,11.019999999999332,0,1,0.0,0.0,0.0,0.0,0.0,0.0,0,0.0,0.0375537123055012,183
7592.319528479,11.029999999999326,0,1,0.0,0.0,0.0,0.0,0.0,0.0,0,0.0,0.034052225177450435,183
7592.330062634,11.03999999999932,0,1,0.0,0.0,0.0,0.0,0.0,0.0,0,0.0,0.030887759295862738,183
7592.33944904,11.049999999999315,0,1,0.0,0.0,0.0,0.0,0.0,0.0,0,0.0,0.02802727292046847,186
7592.349360875,11.05999999999931,0,1,0.0,0.0,0.0,0.0,0.0,0.0,0,0.0,0.025441332994753485,186
7592.359333734,11.069999999999304,0,1,0.0,0.0,0.0,0.0,0.0,0.0,0,0.0,0.023103500802536314,186
7592.370562413,11.079999999999298,0,1,0.0,0.0,0.0,0.0,0.0,0.0,0,0.0,0.020989939661789747,189
7592.379372286,11.089999999999293,0,1,0.0,0.0,0.0,0.0,0.0,0.0,0,0.0,0.019079124487629717,190
7592.389361316,11.099999999999287,0,1,0.0,0.0,0.0,0.0,0.0,0.0,0,0.0,0.01735160428206084,190
7592.399304311,11.109999999999282,0,1,0.0,0.0,0.0,0.0,0.0,0.0,0,0.0,0.015789797132700345,190
7592.409384757,11.119999999999276,0,1,0.0,0.0,0.0,0.0,0.0,0.0,0,0.0,0.014377808632075717,193
7592.41931763,11.12999999999927,0,1,0.0,0.0,0.0,0.0,0.0,0.0,0,0.0,0.013101269159030093,193
7592.429318697,11.139999999999265,0,1,0.0,0.0,0.0,0.0,0.0,0.0,0,0.0,0.011947187321052377,193
7592.439320226,11.14999999999926,0,1,0.0,0.0,0.0,0.0,0.0,0.0,0,0.0,0.010903817664265625,196
7592.44938168,11.159999999999254,0,1,0.0,0.0,0.0,0.0,0.0,0.0,0,0.0,0.009960541150834001,196
7592.459407139,11.169999999999249,0,1,0.0,0.0,0.0,0.0,0.0,0.0,0,0.0,0.009107757128712146,196
7592.471558136,11.179999999999243,0,1,0.0,0.0,0.0,0.0,0.0,0.0,0,0.0,0.008619468088572946,197
7592.479394979,11.189999999999237,0,1,0.0,0.0,0.0,0.0,0.0,0.0,0,0.0,0.008346893037352254,199
7592.489310805,11.199999999999232,0,1,0.0,0.0,0.0,0.0,0.0,0.0,0,0.0,0.008099392782423553,199
7592.499444593,11.209999999999226,0,1,0.0,0.0,0.0,0.0,0.0,0.0,0,0.0,0.007874675885780169,199
7592.509316905,11.21999999999922,0,1,0.0,0.0,0.0,0.0,0.0,0.0,0,0.0,0.007670658613209369,202
7592.519351117,11.229999999999215,0,1,0.0,0.0,0.0,0.0,0.0,0.0,0,0.0,0.007485446298575615,202
7592.529307532,11.23999999999921,0,1,0.0,0.0,0.0,0.0,0.0,0.0,0,0.0,0.0073173163584074885,202
7592.539620812,11.249999999999204,0,1,0.0,0.0,0.0,0.0,0.0,0.0,0,0.0,0.007164702813046153,205
7592.549397601,11.259999999999199,0,1,0.0,0.0,0.0,0.0,0.0,0.0,0,0.0,0.007026182182940266,205
7592.559334638,11.269999999999193,0,1,0.0,0.0,0.0,0.0,0.0,0.0,0,0.0,0.006900460639895023,205
7592.569425951,11.279999999999188,0,1,0.0,0.0,0.0,0.0,0.0,0.0,0,0.0,0.006879138566294296,205
7592.579338833,11.289999999999182,0,1,0.0,0.0,0.0,0.0,0.0,0.0,0,0.0,0.0070297169315673425,208
7592.589308571,11.299999999999176,0,1,0.0,0.0,0.0,0.0,0.0,0.0,0,0.0,0.007165212463844883,208
7592.599327556,11.309999999999171,0,1,0.0,0.0,0.0,0.0,0.0,0.0,0,0.0,0.007287139307208701,208
7592.609309632,11.319999999999165,0,1,0.0,0.0,0.0,0.0,0.0,0.0,0,0.0,0.007396864086188504,211
7592.619352009,11.32999999999916,0,1,0.0,0.0,0.0,0.0,0.0,0.0,0,0.0,0.0074956099094951045,211
7592.629306587,11.339999999999154,0,1,0.0,0.0,0.0,0.0,0.0,0.0,0,0.0,0.007584475369695698,211
7592.64142647,11.349999999999149,0,1,0.0,0.0,0.0,0.0,0.0,0.0,0,0.0,0.00766444942225647,212
7592.649351307,11.359999999999143,0,1,0.0,0.0,0.0,0.0,0.0,0.0,0,0.0,0.007736422471003757,214
7592.659436069,11.369999999999138,0,1,0.0,0.0,0.0,0.0,0.0,0.0,0,0.0,0.007801195991373966,214
7592.669367136,11.379999999999132,0,1,0.0,0.0,0.0,0.0,0.0,0.0,0,0.0,0.007859491448508449,214
7592.679356849,11.389999999999127,0,1,0.0,0.0,0.0,0.0,0.0,0.0,0,0.0,0.007912014581812454,216
7592.689488611,11.399999999999121,0,1,0.0,0.0,0.0,0.0,0.0,0.0,0,0.0,0.00795945112688734,0
7592.699317375,11.409999999999116,0,1,0.0,0.0,0.0,0.0,0.0,0.0,0,0.0,0.008002238605265055,0
7592.709394126,11.41999999999911,0,1,0.0,0.0,0.0,0.0,0.0,0.0,0,0.0,0.008040770286744325,3
7592.719320437,11.429999999999104,0,1,0.0,0.0,0.0,0.0,0.0,0.0,0,0.0,0.008075433101786156,3
7592.729334317,11.439999999999099,0,1,0.0,0.0,0.0,0.0,0.0,0.0,0,0.0,0.008106597490272482,3
7592.73932126,11.449999999999093,0,1,0.0,0.0,0.0,0.0,0.0,0.0,0,0.0,0.008134608544235311,3
7592.749314164,11.459999999999088,0,1,0.0,0.0,0.0,0.0,0.0,0.0,0,0.0,0.008159782262912696,5
7592.759310226,11.469999999999082,0,1,0.0,0.0,0.0,0.0,0.0,0.0,0,0.0,0.008182405257077863,5
7592.769368659,11.479999999999077,0,1,0.0,0.0,0.0,0.0,0.0,0.0,0,0.0,0.00820273618515771,5
7592.779308523,11.489999999999071,0,1,0.0,0.0,0.0,0.0,0.0,0.0,0,0.0,0.00822100788913016,9
7592.789303113,11.499999999999066,0,1,0.0,0.0,0.0,0.0,0.0,0.0,0,0.0,0.008237429709698263,9
7592.799320356,11.50999999999906,0,1,0.0,0.0,0.0,0.0,0.0,0.0,0,0.0,0.008252189745156402,9
7592.811410849,11.519999999999055,0,1,0.0,0.0,0.0,0.0,0.0,0.0,0,0.0,0.008265456959326067,10
7592.819307766,11.529999999999049,0,1,0.0,0.0,0.0,0.0,0.0,0.0,0,0.0,0.008277383108946046,12
7592.829304932,11.539999999999043,0,1,0.0,0.0,0.0,0.0,0.0,0.0,0,0.0,0.008288117735577472,12
7592.839330729,11.549999999999038,0,1,0.0,0.0,0.0,0.0,0.0,0.0,0,0.0,0.008298011666133753,12
7592.849422629,11.559999999999032,0,1,0.0,0.0,0.0,0.0,0.0,0.0,0,0.0,0.008307402969088606,15
7592.859317623,11.569999999999027,0,1,0.0,0.0,0.0,0.0,0.0,0.0,0,0.0,0.008316439904580863,15
7592.86932106,11.579999999999021,0,1,0.0,0.0,0.0,0.0,0.0,0.0,0,0.0,0.008325187656239574,15
7592.879319505,11.589999999999016,0,1,0.0,0.0,0.0,0.0,0.0,0.0,0,0.0,0.00833367726198414,17
7592.889312513,11.59999999999901,0,1,0.0,0.0,0.0,0.0,0.0,0.0,0,0.0,0.008341925587469656,17
7592.899308441,11.609999999999005,0,1,0.0,0.0,0.0,0.0,0.0,0.0,0,0.0,0.008349943517104996,17
7592.909311805,11.619999999999,0,1,0.0,0.0,0.0,0.0,0.0,0.0,0,0.0,0.008357739331047997,17
7592.919314142,11.629999999998994,0,1,0.0,0.0,0.0,0.0,0.0,0.0,0,0.0,0.008365320106538676,20
7592.929352289,11.639999999998988,0,1,0.0,0.0,0.0,0.0,0.0,0.0,0,0.0,0.008372692304572493,20
7592.939307415,11.649999999998983,0,1,0.0,0.0,0.0,0.0,0.0,0.0,0,0.0,0.008379862018942419,20
7592.949314674,11.659999999998977,0,1,0.0,0.0,0.0,0.0,0.0,0.0,0,0.0,0.008386835084574495,23
7592.959317467,11.669999999998971,0,1,0.0,0.0,0.0,0.0,0.0,0.0,0,0.0,0.008393617126844666,23
7592.969360734,11.679999999998966,0,1,0.0,0.0,0.0,0.0,0.0,0.0,0,0.0,0.008400213585939065,23
7592.981279337,11.68999999999896,0,1,0.0,0.0,0.0,0.0,0.0,0.0,0,0.0,0.008406629730529136,24
7592.989791487,11.699999999998955,1,1,8.265124028932169,8.814151833732778,0.1,0.006000000000000001,0.35842838975476815,0.35842838975476815,0,17.399074125345145,0.00735712482943135,26
7592.999716137,11.70999999999895,1,1,9.20223413957207,8.80177580829664,0.1,0.02589221369143362,0.35873649588318796,0.35873649588318796,0,17.39983357382151,0.007288237691836841,26
7593.009642598,11.719999999998944,1,1,10.10392064866007,8.774132821048251,0.09999999999999999,0.04578950995635937,0.3589712490200964,0.3589712490200964,0,17.401603363971855,0.009169149900133289,26
7593.020815858,11.729999999998938,1,1,10.948227093628901,8.732236420554878,0.1,0.06573868163004647,0.35823661922012545,0.35823661922012545,0,17.404359850013268,0.011837283958569866,31
7593.029714744,11.739999999998933,1,1,11.724194251963372,8.678160073538967,0.1,0.08565949424834102,0.3569939906852922,0.3569939906852922,0,17.40813501964376,0.014239281543042326,33
7593.039630616,11.749999999998927,1,1,12.435437723246354,8.614495869261594,0.10000000000000002,0.10555875011018358,0.3552747154453411,0.3552747154453411,0,17.412989773347967,0.016396429514064725,33
7593.051956984,11.759999999998922,1,1,13.083590021134,8.543372416226443,0.1,0.12545842613036057,0.35228044746092674,0.35228044746092674,0,17.41898298494672,0.01832323498201538,36
7593.059968573,11.769999999998916,1,1,13.668227719154032,8.46665060334586,0.10000000000000002,0.14527123789782315,0.34898776130126996,0.34898776130126996,0,17.42608918760348,0.020034221789982265,41
7593.069999907,11.77999999999891,1,1,14.19483617057613,8.386129670066785,0.09999999999999999,0.16495778909755648,0.34555064956182,0.34555064956182,0,17.434255700095473,0.021549106194006518,41
7593.080031096,11.789999999998905,1,1,14.669247380399666,8.303619715166747,0.09999999999999999,0.18444144393468048,0.34203620044779137,0.34203620044779137,0,17.44344726398063,0.022885020265783207,41
7593.08960353,11.7999999999989,1,1,15.095708054960214,8.220751038300103,0.1,0.20361571415789712,0.3386050502304367,0.3386050502304367,0,17.45363431560564,0.024059499088330605,46
7593.099647967,11.809999999998894,1,1,15.480445138350863,8.138955224972252,0.1,0.22247781857118656,0.33527316129415635,0.33527316129415635,0,17.46479208288122,0.025089126574976084,46
7593.109738519,11.819999999998888,1,1,15.82727995485791,8.059402883883267,0.10000000000000002,0.24086201217401615,0.3321717031744222,0.3321717031744222,0,17.47690020872835,0.025989306462018913,49
7593.119527775,11.829999999998883,1,1,16.1400370868242,7.982936155683795,0.1,0.25871098670715587,0.32937697938079497,0.32937697938079497,0,17.489942007324622,0.026774867444603556,54
7593.130044953,11.839999999998877,1,1,16.422718443697637,7.910107848584697,0.1,0.2761531529469304,0.32689539184634253,0.32689539184634253,0,17.503906253299174,0.027460041195931706,54
7593.139557529,11.849999999998872,1,1,16.67769554928655,7.841287624951229,0.1,0.2930871968741871,0.32480621396538206,0.32480621396538206,0,17.518784701771146,0.028057905675030526,54
7593.151506399,11.859999999998866,1,1,16.907923616813786,7.776666666496323,0.1,0.3096097878893476,0.32309524839590337,0.32309524839590337,0,17.53457070431466,0.028580587005244018,56
7593.159662725,11.86999999999886,1,1,17.11765685779535,7.716381422431268,0.1,0.3257995519036641,0.32174516046461604,0.32174516046461604,0,17.551255856996644,0.029038857640551585,58
7593.169530513,11.879999999998855,1,1,17.308154535331006,7.660607168445232,0.10000000000000002,0.34175723684449855,0.320778593690914,0.320778593690914,0,17.568827989850078,0.029442364969270773,58
7593.180514695,11.88999999999885,1,1,17.482573427947532,7.609448961448632,0.1,0.35744819449100623,0.3201646738084278,0.3201646738084278,0,17.587269374323608,0.02979990393998977,58
7593.189524914,11.899999999998844,1,1,17.642125719708467,7.562989928681267,0.1,0.3730796622826314,0.31993159301398877,0.31993159301398877,0,17.606556078595556,0.030119514665476244,64
7593.199832667,11.909999999998838,1,1,17.78921833249143,7.521314429060326,0.10000000000000002,0.38864498050749996,0.3200411367106057,0.3200411367106057,0,17.626659018741915,0.030408224134381157,65
7593.209770996,11.919999999998833,1,1,17.924941372589075,7.484500590629567,0.1,0.4042028130467833,0.3204978323421861,0.3204978323421861,0,17.647542496659835,0.030672353087585424,65
7593.220079408,11.929999999998827,1,1,18.052005153752297,7.452604592633056,0.1,0.4197120668907505,0.32126523865524703,0.32126523865524703,0,17.669164452277112,0.03091733886981385,68
7593.230135107,11.939999999998822,1,1,18.17136973244679,7.425710462904851,0.1,0.4351919832521993,0.3223263082116355,0.3223263082116355,0,17.691477529852843,0.031147992739954278,68
7593.239880622,11.949999999998816,1,1,18.28359891903178,7.403952555615416,0.09999999999999999,0.4506660811021053,0.3236632371721981,0.3236632371721981,0,17.714429135920085,0.03136828569950201,69
7593.251620153,11.95999999999881,1,1,18.390061627159927,7.387473907780522,0.1,0.46604770782111504,0.32527787489754684,0.32527787489754684,0,17.73796085544858,0.03158195189043578,70
7593.259843555,11.969999999998805,1,1,18.490919173909518,7.376507141300134,0.10000000000000002,0.4814655670775565,0.3271582817352233,0.3271582817352233,0,17.762010912357518,0.03179219543016232,74
7593.269563245,11.9799999999988,1,1,18.586435054666715,7.371331171137609,0.10000000000000002,0.49692090240959746,0.32929214745388,0.32929214745388,0,17.786513883707062,0.03200182809184404,75
7593.280027817,11.989999999998794,1,1,18.677138959435833,7.372237762417497,0.10000000000000002,0.5124131871168528,0.3316930466905202,0.3316930466905202,0,17.81140024920477,0.03221342351154144,76
7593.289670677,11.999999999998789,1,1,18.76353154899505,7.379527962889898,0.1,0.5280235488962766,0.3343026327678448,0.3343026327678448,0,17.836597344139673,0.03242900783731295,81
7593.299781426,12.009999999998783,1,1,18.845796931183706,7.3935719080437385,0.1,0.5437191980639662,0.33713243114773833,0.33713243114773833,0,17.862027932692623,0.03265025877011629,81
7593.309527704,12.019999999998777,1,1,18.924034838482875,7.414694651242296,0.1,0.5595066223251755,0.3401940230093205,0.3401940230093205,0,17.887610345973304,0.0328788744471864,81
7593.321070563,12.029999999998772,1,1,18.998297215506064,7.443174035111852,0.10000000000000002,0.5753058341437357,0.34342850041865763,0.34342850041865763,0,17.913259500641214,0.033115989133424284,84
7593.329494169,12.039999999998766,1,1,19.068252529262413,7.479193579000319,0.10000000000000002,0.591010037049326,0.34681028827952864,0.34681028827952864,0,17.938884806002008,0.03336234750600675,86
7593.339514879,12.04999999999876,1,1,19.134355714098305,7.522851983848434,0.10000000000000002,0.6065823198662713,0.35035706514354414,0.35035706514354414,0,17.964388894529623,0.03361849955738039,86
7593.350267004,12.059999999998755,1,1,19.196573517980124,7.5742921486705495,0.1,0.6221268310006318,0.3540688498993776,0.3540688498993776,0,17.989669293799615,0.03388508813402724,87
7593.359713652,12.06999999999875,1,1,19.255727977572548,7.633626832102917,0.09999999999999999,0.637476486403074,0.35793114874803117,0.35793114874803117,0,18.014619332136142,0.03416268434761971,96
7593.369578748,12.079999999998744,1,1,19.31125394635402,7.700859699316745,0.10000000000000002,0.6525600371498618,0.3619155959329297,0.3619155959329297,0,18.039130277170884,0.034451449689374636,96
7593.379707422,12.089999999998739,1,1,19.363335688037075,7.7758654782025785,0.10000000000000002,0.667255996024088,0.36602525732044683,0.36602525732044683,0,18.06309029326006,0.03475151569296908,96
7593.389494856,12.099999999998733,1,1,19.412378715728433,7.858371156299431,0.1,0.6812923018325362,0.3702466495517959,0.3702466495517959,0,18.08638429846895,0.035062942459937796,100
7593.399610712,12.109999999998728,1,1,19.458690581343717,7.947988892388096,0.1,0.6945954050943808,0.374559664137526,0.374559664137526,0,18.108894957558096,0.03538558869949149,101
7593.409966335,12.119999999998722,1,1,19.502792815406078,8.044296959503873,0.09999999999999999,0.7067729366222073,0.37893794129552105,0.37893794129552105,0,18.130503559203316,0.03571912623518203,101
7593.421725326,12.129999999998716,1,1,19.54504772854763,8.146470350690457,0.09999999999999999,0.717601777571306,0.3833520177008212,0.3833520177008212,0,18.151080801817663,0.03606298583969547,102
7593.429529171,12.139999999998711,1,1,19.587078956872173,8.253104331619003,0.1,0.726815324483173,0.3877803247385804,0.3877803247385804,0,18.17043749484367,0.03641638441325856,105
7593.439487424,12.149999999998705,1,1,19.6283198283161,8.363032076428741,0.1,0.73398804810191,0.3921468587971198,0.3921468587971198,0,18.18842661026979,0.03677817736334743,105
7593.449542836,12.1599999999987,1,1,19.66888856762925,8.475184964449397,0.1,0.7390862624906894,0.3964071521841989,0.3964071521841989,0,18.205047349240164,0.03714674611185209,105
7593.459682913,12.169999999998694,1,1,19.708225728442677,8.588305632384897,0.10000000000000002,0.7419266426078257,0.40047306202735533,0.40047306202735533,0,18.22021727993316,0.037519891331286526,109
7593.469612938,12.179999999998689,1,1,19.746891428675134,8.701125125079194,0.1,0.7425309299394042,0.4042944375668203,0.4042944375668203,0,18.233833053267695,0.03789506695808231,109
7593.479535425,12.189999999998683,1,1,19.784675334631533,8.812341151534888,0.10000000000000002,0.7407037549827153,0.4077864711498052,0.4077864711498052,0,18.245795626208924,0.038269212861573476,109
7593.492099634,12.199999999998678,1,1,19.82265984310197,8.920809657062815,0.1,0.7367108813626808,0.41092934690550953,0.41092934690550953,0,18.256011437758133,0.03863919822909889,112
7593.499556665,12.209999999998672,1,1,19.861178297207832,9.02553833178664,0.10000000000000002,0.7309485904407089,0.413689629134259,0.413689629134259,0,18.264394501448546,0.03900185729661221,115
7593.509507678,12.219999999998667,1,1,19.89993128923505,9.125747849833205,0.1,0.7234582449483484,0.4160149689480178,0.4160149689480178,0,18.270867842307077,0.03935397192484369,115
7593.519534763,12.229999999998661,1,1,19.938869957397916,9.22072952579209,0.1,0.714434893159419,0.41787582982980487,0.41787582982980487,0,18.27536443915255,0.039692178595949645,115
7593.52955113,12.239999999998656,1,1,19.97797736442946,9.30989897808011,0.1,0.7040786836653775,0.4192532756658072,0.4192532756658072,0,18.277827748337135,0.040013275497916,120
7593.539516032,12.24999999999865,1,1,20.017806685564143,9.392778332015736,0.1,0.6927366532793523,0.4201532118294278,0.4201532118294278,0,18.278456821111003,0.040314687718384756,120
7593.549571529,12.259999999998644,1,1,20.060319811575724,9.468818792621697,0.1,0.6804859694044189,0.42050908434939094,0.42050908434939094,0,18.2777529386732,0.04059327688089154,121
7593.559645968,12.269999999998639,1,1,20.105925181835165,9.537770716729147,0.1,0.6675824080334253,0.42037912853011333,0.42037912853011333,0,18.27513841213398,0.040845325274819766,125
7593.569427596,12.279999999998633,0,1,0.0,0.0,0.0,0.0,0.0,0.0,0,0.0,0.0398185198153187,125
7593.579313785,12.289999999998628,0,1,0.0,0.0,0.0,0.0,0.0,0.0,0,0.0,0.036103283891754656,125
7593.591298534,12.299999999998622,0,1,0.0,0.0,0.0,0.0,0.0,0.0,0,0.0,0.032745423551546304,126
7593.599334124,12.309999999998617,0,1,0.0,0.0,0.0,0.0,0.0,0.0,0,0.0,0.029710266321527845,128
7593.609300876,12.319999999998611,0,1,0.0,0.0,0.0,0.0,0.0,0.0,0,0.0,0.02696659850201899,128
7593.619307441,12.329999999998606,0,1,0.0,0.0,0.0,0.0,0.0,0.0,0,0.0,0.02448634071996736,128
7593.629304266,12.3399999999986,0,1,0.0,0.0,0.0,0.0,0.0,0.0,0,0.0,0.022244168080178817,131
7593.639335822,12.349999999998595,0,1,0.0,0.0,0.0,0.0,0.0,0.0,0,0.0,0.02021721136677823,131
7593.649311761,12.359999999998589,0,1,0.0,0.0,0.0,0.0,0.0,0.0,0,0.0,0.018384806774254914,131
7593.659540033,12.369999999998583,0,1,0.0,0.0,0.0,0.0,0.0,0.0,0,0.0,0.016728278162955412,134
7593.669305117,12.379999999998578,0,1,0.0,0.0,0.0,0.0,0.0,0.0,0,0.0,0.015230743136448677,134
7593.679530515,12.389999999998572,0,1,0.0,0.0,0.0,0.0,0.0,0.0,0,0.0,0.013876933804233604,134
7593.689392159,12.399999999998567,0,1,0.0,0.0,0.0,0.0,0.0,0.0,0,0.0,0.012653057497485354,0
7593.69938274,12.409999999998561,0,1,0.0,0.0,0.0,0.0,0.0,0.0,0,0.0,0.011546632389453415,3
7593.70934188,12.419999999998556,0,1,0.0,0.0,0.0,0.0,0.0,0.0,0,0.0,0.010546384310763268,3
7593.719415774,12.42999999999855,0,1,0.0,0.0,0.0,0.0,0.0,0.0,0,0.0,0.009642135383742367,3
7593.729306987,12.439999999998545,0,1,0.0,0.0,0.0,0.0,0.0,0.0,0,0.0,0.008824680084023595,6
7593.739326117,12.44999999999854,0,1,0.0,0.0,0.0,0.0,0.0,0.0,0,0.0,0.008085691809631701,6
7593.749338041,12.459999999998534,0,1,0.0,0.0,0.0,0.0,0.0,0.0,0,0.0,0.0074188239085011265,6
7593.761210702,12.469999999998528,0,1,0.0,0.0,0.0,0.0,0.0,0.0,0,0.0,0.00757577281585331,7
7593.769357391,12.479999999998522,0,1,0.0,0.0,0.0,0.0,0.0,0.0,0,0.0,0.007716818819593074,9
7593.779293175,12.489999999998517,0,1,0.0,0.0,0.0,0.0,0.0,0.0,0,0.0,0.007843575547497594,9
7593.789306195,12.499999999998511,0,1,0.0,0.0,0.0,0.0,0.0,0.0,0,0.0,0.00795749168441906,9
7593.799371305,12.509999999998506,0,1,0.0,0.0,0.0,0.0,0.0,0.0,0,0.0,0.008059868504451728,13
7593.809457536,12.5199999999985,0,1,0.0,0.0,0.0,0.0,0.0,0.0,0,0.0,0.008151875156753974,13
7593.819321204,12.529999999998495,0,1,0.0,0.0,0.0,0.0,0.0,0.0,0,0.0,0.008234562203162987,13
7593.829312585,12.53999999999849,0,1,0.0,0.0,0.0,0.0,0.0,0.0,0,0.0,0.00830887380941625,15
7593.839305989,12.549999999998484,0,1,0.0,0.0,0.0,0.0,0.0,0.0,0,0.0,0.008375658484487958,15
7593.849304017,12.559999999998478,0,1,0.0,0.0,0.0,0.0,0.0,0.0,0,0.0,0.00843567841445847,15
7593.859333792,12.569999999998473,0,1,0.0,0.0,0.0,0.0,0.0,0.0,0,0.0,0.008489618628216844,15
7593.869437594,12.579999999998467,0,1,0.0,0.0,0.0,0.0,0.0,0.0,0,0.0,0.008538094850022104,18
7593.879306168,12.589999999998462,0,1,0.0,0.0,0.0,0.0,0.0,0.0,0,0.0,0.008581664405286404,18
7593.889303665,12.599999999998456,0,1,0.0,0.0,0.0,0.0,0.0,0.0,0,0.0,0.008620833524655813,18
7593.899309721,12.60999999999845,0,1,0.0,0.0,0.0,0.0,0.0,0.0,0,0.0,0.00865605596219221,21
7593.909339556,12.619999999998445,0,1,0.0,0.0,0.0,0.0,0.0,0.0,0,0.0,0.008687720044191938,21
7593.919332581,12.62999999999844,0,1,0.0,0.0,0.0,0.0,0.0,0.0,0,0.0,0.00871617568234273,21
7593.931621691,12.639999999998434,0,1,0.0,0.0,0.0,0.0,0.0,0.0,0,0.0,0.008741742916422046,22
7593.939340867,12.649999999998428,0,1,0.0,0.0,0.0,0.0,0.0,0.0,0,0.0,0.008764717828823931,24
7593.949304484,12.659999999998423,0,1,0.0,0.0,0.0,0.0,0.0,0.0,0,0.0,0.008785380463422365,24
7593.959324584,12.669999999998417,0,1,0.0,0.0,0.0,0.0,0.0,0.0,0,0.0,0.008803954736730013,24
7593.969321661,12.679999999998412,0,1,0.0,0.0,0.0,0.0,0.0,0.0,0,0.0,0.008820640504174748,27
7593.979326478,12.689999999998406,0,1,0.0,0.0,0.0,0.0,0.0,0.0,0,0.0,0.008835624779749307,27
7593.989326063,12.6999999999984,0,1,0.0,0.0,0.0,0.0,0.0,0.0,0,0.0,0.00884907963065329,27
7593.999305579,12.709999999998395,0,1,0.0,0.0,0.0,0.0,0.0,0.0,0,0.0,0.008861161053744127,29
7594.009309206,12.71999999999839,0,1,0.0,0.0,0.0,0.0,0.0,0.0,0,0.0,0.008872009479248266,29
7594.01931479,12.729999999998384,0,1,0.0,0.0,0.0,0.0,0.0,0.0,0,0.0,0.008881827188043867,29
7594.029320909,12.739999999998378,0,1,0.0,0.0,0.0,0.0,0.0,0.0,0,0.0,0.00889101745696097,29
7594.039385557,12.749999999998373,0,1,0.0,0.0,0.0,0.0,0.0,0.0,0,0.0,0.008899814751034407,32
7594.049338413,12.759999999998367,0,1,0.0,0.0,0.0,0.0,0.0,0.0,0,0.0,0.008908319075531801,32
7594.059303864,12.769999999998362,0,1,0.0,0.0,0.0,0.0,0.0,0.0,0,0.0,0.008916575143669059,32
7594.069318912,12.779999999998356,0,1,0.0,0.0,0.0,0.0,0.0,0.0,0,0.0,0.008924604780169765,35
7594.079355038,12.78999999999835,0,1,0.0,0.0,0.0,0.0,0.0,0.0,0,0.0,0.008932420244595618,35
7594.089330499,12.799999999998345,0,1,0.0,0.0,0.0,0.0,0.0,0.0,0,0.0,0.008940029736104527,35
7594.100877069,12.80999999999834,0,1,0.0,0.0,0.0,0.0,0.0,0.0,0,0.0,0.008947439679753422,36
7594.109322728,12.819999999998334,0,1,0.0,0.0,0.0,0.0,0.0,0.0,0,0.0,0.008954655681647106,37
7594.119409538,12.829999999998329,0,1,0.0,0.0,0.0,0.0,0.0,0.0,0,0.0,0.008961682930830994,37
7594.129453603,12.839999999998323,0,1,0.0,0.0,0.0,0.0,0.0,0.0,0,0.0,0.0089685263700926,37
7594.139308298,12.849999999998317,0,1,0.0,0.0,0.0,0.0,0.0,0.0,0,0.0,0.008975190769750063,40
7594.149324841,12.859999999998312,0,1,0.0,0.0,0.0,0.0,0.0,0.0,0,0.0,0.008981680760504429,40
7594.15932252,12.869999999998306,0,1,0.0,0.0,0.0,0.0,0.0,0.0,0,0.0,0.008988000848925481,40
7594.170437064,12.8799999999983,0,1,0.0,0.0,0.0,0.0,0.0,0.0,0,0.0,0.008994155425522954,43
7594.179438977,12.889999999998295,0,1,0.0,0.0,0.0,0.0,0.0,0.0,0,0.0,0.009000148769627514,44
7594.18931131,12.89999999999829,0,1,0.0,0.0,0.0,0.0,0.0,0.0,0,0.0,0.009005985052882415,44
7594.199392254,12.909999999998284,0,1,0.0,0.0,0.0,0.0,0.0,0.0,0,0.0,0.009011668342112755,44
7594.209364848,12.919999999998279,0,1,0.0,0.0,0.0,0.0,0.0,0.0,0,0.0,0.009017202601906305,46
7594.219348116,12.929999999998273,0,1,0.0,0.0,0.0,0.0,0.0,0.0,0,0.0,0.009022591697045113,46
7594.229337372,12.939999999998268,0,1,0.0,0.0,0.0,0.0,0.0,0.0,0,0.0,0.00902783939485119,46
7594.23939348,12.949999999998262,0,1,0.0,0.0,0.0,0.0,0.0,0.0,0,0.0,0.009032949367472232,49
7594.249303346,12.959999999998256,0,1,0.0,0.0,0.0,0.0,0.0,0.0,0,0.0,0.009037925194117613,49
7594.259305403,12.969999999998251,0,1,0.0,0.0,0.0,0.0,0.0,0.0,0,0.0,0.00904277036325185,49
7594.271636731,12.979999999998245,0,1,0.0,0.0,0.0,0.0,0.0,0.0,0,0.0,0.009047488274743998,50
7594.279332201,12.98999999999824,0,1,0.0,0.0,0.0,0.0,0.0,0.0,0,0.0,0.009052082241977844,52
7594.289326026,12.999999999998234,0,1,0.0,0.0,0.0,0.0,0.0,0.0,0,0.0,0.00905655549392037,52
7594.299321155,13.009999999998229,0,1,0.0,0.0,0.0,0.0,0.0,0.0,0,0.0,0.009060911177149467,52
7594.309343285,13.019999999998223,0,1,0.0,0.0,0.0,0.0,0.0,0.0,0,0.0,0.009065152357842887,56
7594.319307603,13.029999999998218,0,1,0.0,0.0,0.0,0.0,0.0,0.0,0,0.0,0.009069282023724368,56
7594.329307399,13.039999999998212,0,1,0.0,0.0,0.0,0.0,0.0,0.0,0,0.0,0.009073303085972984,56
7594.340296468,13.049999999998207,0,1,0.0,0.0,0.0,0.0,0.0,0.0,0,0.0,0.009077218381090324,59
7594.349317758,13.059999999998201,0,1,0.0,0.0,0.0,0.0,0.0,0.0,0,0.0,0.00908103067273014,60
7594.359298401,13.069999999998196,0,1,0.0,0.0,0.0,0.0,0.0,0.0,0,0.0,0.009084742653488354,60
7594.369347733,13.07999999999819,0,1,0.0,0.0,0.0,0.0,0.0,0.0,0,0.0,0.009088356946654552,60
7594.379404271,13.089999999998184,0,1,0.0,0.0,0.0,0.0,0.0,0.0,0,0.0,0.0090918761079255,63
7594.389307992,13.099999999998179,0,1,0.0,0.0,0.0,0.0,0.0,0.0,0,0.0,0.009095302627081026,63
7594.399391027,13.109999999998173,0,1,0.0,0.0,0.0,0.0,0.0,0.0,0,0.0,0.009098638929623704,63
7594.409318591,13.119999999998168,0,1,0.0,0.0,0.0,0.0,0.0,0.0,0,0.0,0.009101887378379914,67
7594.419430833,13.129999999998162,0,1,0.0,0.0,0.0,0.0,0.0,0.0,0,0.0,0.009105050275066695,67
7594.429317396,13.139999999998157,0,1,0.0,0.0,0.0,0.0,0.0,0.0,0,0.0,0.0091081298618223,67
7594.441397864,13.149999999998151,0,1,0.0,0.0,0.0,0.0,0.0,0.0,0,0.0,0.009111128322701556,68
7594.449457776,13.159999999998146,0,1,0.0,0.0,0.0,0.0,0.0,0.0,0,0.0,0.009114047785137247,70
7594.459384004,13.16999999999814,0,1,0.0,0.0,0.0,0.0,0.0,0.0,0,0.0,0.009116890321367088,70
7594.469445064,13.179999999998135,0,1,0.0,0.0,0.0,0.0,0.0,0.0,0,0.0,0.009119657949828164,70
7594.479378713,13.189999999998129,0,1,0.0,0.0,0.0,0.0,0.0,0.0,0,0.0,0.009122352636518505,72
7594.489400275,13.199999999998123,0,1,0.0,0.0,0.0,0.0,0.0,0.0,0,0.0,0.009124976296325138,72
7594.499311114,13.209999999998118,0,1,0.0,0.0,0.0,0.0,0.0,0.0,0,0.0,0.009127530794323158,72
7594.509310288,13.219999999998112,0,1,0.0,0.0,0.0,0.0,0.0,0.0,0,0.0,0.009130017947041713,75
7594.519369149,13.229999999998107,0,1,0.0,0.0,0.0,0.0,0.0,0.0,0,0.0,0.009132439523701352,75
7594.529335171,13.239999999998101,0,1,0.0,0.0,0.0,0.0,0.0,0.0,0,0.0,0.009134797247419502,75
7594.539314476,13.249999999998096,0,1,0.0,0.0,0.0,0.0,0.0,0.0,0,0.0,0.009137092796389745,75
7594.549308059,13.25999999999809,0,1,0.0,0.0,0.0,0.0,0.0,0.0,0,0.0,0.009139327805029795,79
7594.559315319,13.269999999998085,0,1,0.0,0.0,0.0,0.0,0.0,0.0,0,0.0,0.009141503865102707,79
7594.569307062,13.27999999999808,0,1,0.0,0.0,0.0,0.0,0.0,0.0,0,0.0,0.009143622526811557,79
7594.579315658,13.289999999998074,0,1,0.0,0.0,0.0,0.0,0.0,0.0,0,0.0,0.009145685299865591,82
7594.589322601,13.299999999998068,0,1,0.0,0.0,0.0,0.0,0.0,0.0,0,0.0,0.009147693654521505,82
7594.599325679,13.309999999998062,0,1,0.0,0.0,0.0,0.0,0.0,0.0,0,0.0,0.009149649022598183,82
7594.611616176,13.319999999998057,0,1,0.0,0.0,0.0,0.0,0.0,0.0,0,0.0,0.009151552798467355,83
7594.619373267,13.329999999998051,0,1,0.0,0.0,0.0,0.0,0.0,0.0,0,0.0,0.009153406340018266,85
7594.629371347,13.339999999998046,0,1,0.0,0.0,0.0,0.0,0.0,0.0,0,0.0,0.009155210969600036,85
7594.639334925,13.34999999999804,0,1,0.0,0.0,0.0,0.0,0.0,0.0,0,0.0,0.009156967974939034,85
7594.64933081,13.359999999998035,0,1,0.0,0.0,0.0,0.0,0.0,0.0,0,0.0,0.009158678610034054,88
7594.659298521,13.36999999999803,0,1,0.0,0.0,0.0,0.0,0.0,0.0,0,0.0,0.009160344096029394,88
7594.669314348,13.379999999998024,0,1,0.0,0.0,0.0,0.0,0.0,0.0,0,0.0,0.009161965622065837,88
7594.679658166,13.389999999998018,0,1,0.0,0.0,0.0,0.0,0.0,0.0,0,0.0,0.009163544346108332,91
7594.689338347,13.399999999998013,0,1,0.0,0.0,0.0,0.0,0.0,0.0,0,0.0,0.00916508139575678,91
7594.699342854,13.409999999998007,0,1,0.0,0.0,0.0,0.0,0.0,0.0,0,0.0,0.009166577869032855,0
7594.71013167,13.419999999998002,1,1,10.172560354252601,6.792101942842516,0.1,0.011884317104742094,0.2822979483182549,0.2822979483182549,0,18.201346101648593,0.008986440516425831,1
7594.72019801,13.429999999997996,1,1,9.556420288750017,6.763825344083872,0.1,0.03153130691096193,0.2785001352952924,0.2785001352952924,0,18.199517882769854,0.008773455260242868,6
7594.730079956,13.43999999999799,1,1,8.845802912615207,6.711720170130099,0.09999999999999999,0.05134471883000437,0.2740353805172684,0.2740353805172684,0,18.195486197527156,0.008531794354099453,7
7594.740407289,13.449999999997985,1,1,8.262807086528705,6.636719717950891,0.1,0.07091211793998031,0.2683829946922894,0.2683829946922894,0,18.18945406063107,0.010080093677590551,7
7594.749899059,13.45999999999798,1,1,7.800114701256412,6.539441446321474,0.1,0.08996319056146275,0.2611779012353891,0.2611779012353891,0,18.181713660572225,0.011760608539502004,14
7594.759979043,13.469999999997974,1,1,7.461208316282515,6.420950058445399,0.09999999999999999,0.10878388995019944,0.2529997605401545,0.2529997605401545,0,18.172323834482548,0.01320452423152374,15
7594.769923352,13.479999999997968,1,1,7.291386313413722,6.282539213379855,0.1,0.12704037135577384,0.2438276522303496,0.2438276522303496,0,18.16126481001165,0.014425557870374361,16
7594.781793789,13.489999999997963,1,1,7.3285893598270455,6.125305463169987,0.1,0.1446959519145933,0.23362920470269102,0.23362920470269102,0,18.14851325311368,0.01543582532149057,20
7594.789932627,13.499999999997957,1,1,7.564424183593816,5.950526024859581,0.1,0.16175552547385133,0.2224767033470659,0.2224767033470659,0,18.134027569671858,0.0162451760343717,23
7594.79986277,13.509999999997952,1,1,7.926112034543999,5.75959410022185,0.10000000000000002,0.178438861685042,0.2106917644113992,0.2106917644113992,0,18.117732312484655,0.016865902136850686,24
7594.809509497,13.519999999997946,1,1,8.39237433359227,5.553860364871054,0.09999999999999999,0.1947886283262109,0.19828665960534275,0.19828665960534275,0,18.099547845576765,0.017310165614566553,26
7594.819624819,13.52999999999794,1,1,8.918537643053808,5.334601124352455,0.1,0.2108630240951299,0.19647371167554603,0.19647371167554603,0,18.079398552865836,0.01758952708062378,33
7594.829822263,13.539999999997935,1,1,9.4813997516356,5.103064732124756,0.1,0.2268654468733932,0.2092676245779098,0.2092676245779098,0,18.05721497691315,0.01771513142621428,34
7594.839726899,13.54999999999793,1,1,10.050295826699282,4.8604612868566095,0.1,0.2428469821330498,0.22265861877714319,0.22265861877714319,0,18.032932980355184,0.017696985492750006,34
7594.850313788,13.559999999997924,1,1,10.605216107946386,4.607913735161363,0.1,0.25886314252655074,0.2369325132215233,0.2369325132215233,0,18.00648611317584,0.017544327404496185,40
7594.860417101,13.569999999997918,1,1,11.132362241618509,4.346476375585089,0.09999999999999999,0.27510004269138666,0.2509022893201579,0.2509022893201579,0,17.97780189520034,0.017266836992926526,42
7594.870281448,13.579999999997913,1,1,11.638601734713069,4.077168892343558,0.10000000000000002,0.2914873379147176,0.26486685937374344,0.26486685937374344,0,17.946820010975827,0.01687393648232738,43
7594.881837843,13.589999999997907,1,1,12.118343169769776,3.8009942704965685,0.1,0.3080475970488852,0.27797562613835347,0.27797562613835347,0,17.91352110278525,0.016374522570751116,46
7594.889690656,13.599999999997902,1,1,12.552351797881991,3.5188764610791803,0.1,0.3247377713834402,0.29089555923548616,0.29089555923548616,0,17.877966686881365,0.015776659983859576,49
7594.899638424,13.609999999997896,1,1,12.936979719679154,3.2318222532138483,0.10000000000000002,0.34166863006752635,0.2980446294098219,0.2980446294098219,0,17.840054269093937,0.015103224564414375,49
7594.909872901,13.61999999999789,1,1,13.282440506529424,2.940848671818234,0.1,0.35885281123236096,0.30522948529746646,0.30522948529746646,0,17.799736387886774,0.015460513463807946,49
7594.919614058,13.629999999997885,1,1,13.58765860679265,2.6470267320510694,0.1,0.37638082882649715,0.31237315863540915,0.31237315863540915,0,17.75719176171084,0.016179266133598214,54
7594.929901145,13.63999999999788,1,1,13.865531938687539,2.3517308394831304,0.1,0.39415259953879983,0.3193574068723437,0.3193574068723437,0,17.712559921291255,0.017178521641317168,54
7594.939644493,13.649999999997874,1,1,14.111345545035135,2.0569398858313277,0.10000000000000002,0.4121153368196199,0.32655232454365324,0.32655232454365324,0,17.66595674489527,0.01814848182385642,54
7594.951642736,13.659999999997869,1,1,14.33133459738074,1.7656529613934904,0.1,0.43029016072473686,0.33340436900221354,0.33340436900221354,0,17.617482537688463,0.019089172666843846,57
7594.959899226,13.669999999997863,1,1,14.537034764038545,1.4828378637536002,0.1,0.4486202212307192,0.3396296152254425,0.3396296152254425,0,17.567231198615396,0.020000941392339433,60
7594.96983818,13.679999999997857,1,1,14.734269115797115,1.2175203442624933,0.09999999999999999,0.46712514028006635,0.34497532460424535,0.34497532460424535,0,17.515296297980566,0.02087772862310877,60
7594.979858582,13.689999999997852,1,1,14.924260734374004,0.9874881009266143,0.1,0.4857506307047497,0.34963086041090585,0.34963086041090585,0,17.461783980334022,0.02171625107371966,61
7594.990152293,13.699999999997846,1,1,15.107317344181345,0.8268037141070681,0.10000000000000002,0.5044905595284084,0.3535858293189815,0.3535858293189815,0,17.40680927348585,0.022513242622415497,66
7594.999717144,13.70999999999784,1,1,15.285592054455957,0.7838796114975931,0.1,0.5233173599192885,0.35679692671448027,0.35679692671448027,0,17.35054082581977,0.023266217701732428,67
7595.010130763,13.719999999997835,1,1,15.461122518081295,0.8802766302774067,0.10000000000000002,0.5422375514529437,0.3590653030033632,0.3590653030033632,0,17.2931590043784,0.023971213120167256,67
7595.020100262,13.72999999999783,1,1,15.628062138086738,1.0812197789585423,0.10000000000000002,0.5612112449730134,0.36067496929235776,0.36067496929235776,0,17.234674584046108,0.024625304605950804,72
7595.030092958,13.739999999997824,1,1,15.799521793942509,1.3426387823795611,0.10000000000000002,0.5802727855948107,0.3610183482547198,0.3610183482547198,0,17.175134415011975,0.025223900902898944,73
7595.03991551,13.749999999997819,1,1,15.973961171967934,1.6377205597494955,0.1,0.5994096807815853,0.36018157504607123,0.36018157504607123,0,17.114685479728205,0.0257611406792444,73
7595.051416058,13.759999999997813,1,1,16.149168374219254,1.9517185744041887,0.09999999999999999,0.6186245870366679,0.3582568300354215,0.3582568300354215,0,17.053547391850802,0.026231964321002055,74
7595.059892099,13.769999999997808,1,1,16.328596743780743,2.277310411884714,0.09999999999999999,0.6379262397217563,0.35517923516529126,0.35517923516529126,0,16.99186675344402,0.02663214675552683,76
7595.069936412,13.779999999997802,1,1,16.5142404765437,2.610622807523976,0.10000000000000002,0.6573333229085149,0.35086936927415874,0.35086936927415874,0,16.929789593129954,0.02695669523259081,76
7595.079872107,13.789999999997796,1,1,16.702862587904004,2.949447112742744,0.1,0.6768198921806322,0.3454895407973559,0.3454895407973559,0,16.867465967234498,0.027202182795548646,76
7595.089826577,13.799999999997791,1,1,16.89624891929027,3.29245705517956,0.1,0.6964045454031573,0.3390292868013335,0.3390292868013335,0,16.805046068668048,0.02736591808226896,82
7595.099987054,13.809999999997785,1,1,17.093714321313985,3.638817167564831,0.1,0.7160398098101581,0.33164108207531534,0.33164108207531534,0,16.74267875978948,0.02744630560408723,82
7595.109558422,13.81999999999778,1,1,17.293594549288027,3.987977317134449,0.10000000000000002,0.7357379311457947,0.3234177358016227,0.3234177358016227,0,16.680509313674992,0.027443168414490904,82
7595.120535201,13.829999999997774,1,1,17.49520879416979,4.339572170755471,0.1,0.7554893087436324,0.3144635863132147,0.3144635863132147,0,16.618677236139035,0.027357053683511046,86
7595.129697943,13.839999999997769,1,1,17.69678888904596,4.693350476842376,0.1,0.7752977082329321,0.30482460922262594,0.30482460922262594,0,16.55731485564245,0.02718937714219094,88
7595.139730361,13.849999999997763,1,1,17.896885738981606,5.049137343793169,0.09999999999999999,0.7951449820890361,0.2946131244829582,0.2946131244829582,0,16.49654617637347,0.026942029842429216,90
7595.149844208,13.859999999997758,1,1,18.09433190982604,5.406803362623566,0.09999999999999999,0.8150291717301178,0.28388009995826124,0.28388009995826124,0,16.436486118277845,0.027071278393302145,91
7595.159793944,13.869999999997752,1,1,18.288182374232306,5.7662580034770565,0.09999999999999999,0.8349493055928724,0.2957541384303022,0.2957541384303022,0,16.377240077954873,0.027417033665423474,96
7595.169803163,13.879999999997747,1,1,18.477157903394964,6.127428622698015,0.10000000000000002,0.8548824507969857,0.30998970578517104,0.30998970578517104,0,16.31890394311861,0.027709345137624464,97
7595.180120407,13.889999999997741,1,1,18.661068802620786,6.490261570998281,0.1,0.8748385579991735,0.324315355761787,0.324315355761787,0,16.261563429357544,0.027949067847774067,98
7595.190520583,13.899999999997736,1,1,18.838509007804788,6.854714269507959,0.09999999999999999,0.8948021210187329,0.3387286831700765,0.3387286831700765,0,16.205294443935983,0.028137541179207082,103
7595.199639742,13.90999999999773,1,1,19.008957585859054,7.2207464936821,0.10000000000000002,0.9147580247855266,0.3532353452231976,0.3532353452231976,0,16.150163381720215,0.028276419288150167,104
7595.209548144,13.919999999997724,1,1,19.172124815881418,7.588423178408062,0.10000000000000002,0.9346835686591589,0.36785403943249484,0.36785403943249484,0,16.096223836251422,0.02836749107699066,104
7595.222228387,13.929999999997719,1,1,19.326744591016865,7.95795345312273,0.10000000000000002,0.954551040587059,0.3825790894100144,0.3825790894100144,0,16.043523890217024,0.02841279135931929,105
7595.229895963,13.939999999997713,1,1,19.472737285198452,8.329385641124965,0.1,0.9743322420814714,0.3974183395597446,0.3974183395597446,0,15.992107010134882,0.02841464045053399,109
7595.239851482,13.949999999997708,1,1,19.610175071967824,8.702620267015794,0.09999999999999999,0.993997267461329,0.41237310327558396,0.41237310327558396,0,15.942008039542571,0.02837537748723351,109
7595.249743382,13.959999999997702,1,1,19.73963925526998,9.077232418479399,0.09999999999999999,1.0135257793622399,0.4274398003469046,0.4274398003469046,0,15.893256551057231,0.02829741974348421,109
7595.259965162,13.969999999997697,1,1,19.86126024921071,9.452881050386575,0.1,1.032895730078247,0.442597231154431,0.442597231154431,0,15.845864849635975,0.029718642911907733,114
7595.269844521,13.979999999997691,1,1,19.97527697500222,9.829366919537003,0.10000000000000002,1.0520915876976384,0.45786216532998014,0.45786216532998014,0,15.799841898415009,0.03116419588957986,115
7595.279739771,13.989999999997686,1,1,20.08170520106418,10.206521426507315,0.1,1.0710592083583703,0.4732239888016644,0.4732239888016644,0,15.755192940888925,0.03261816620607716,115
7595.291617115,13.99999999999768,1,1,20.180803569333456,10.584157659274343,0.1,1.0897342771048062,0.48870324597225134,0.48870324597225134,0,15.711918754335196,0.03408082380630273,118
7595.299836986,14.009999999997675,1,1,20.272908699576963,10.962078761466143,0.10000000000000002,1.108165112315914,0.5042828755443305,0.5042828755443305,0,15.670015478261801,0.03555236127397021,121
7595.309996912,14.019999999997669,1,1,20.358237665424234,11.340109564673865,0.1,1.1263338155550255,0.5199588538552061,0.5199588538552061,0,15.629474806354846,0.03703286924437632,122
7595.319626127,14.029999999997663,1,1,20.437273991016806,11.718040957266922,0.09999999999999999,1.1442199932006363,0.5357193264711154,0.5357193264711154,0,15.590284355209908,0.03852235500101864,122
7595.329733226,14.039999999997658,1,1,20.510164679826214,12.095651924661494,0.1,1.1618030821947405,0.5515548135439179,0.5515548135439179,0,15.552428013671861,0.040020717156794894,126
7595.340770701,14.049999999997652,1,1,20.577292980292516,12.472686310122388,0.1,1.1789796506135286,0.5674531251172535,0.5674531251172535,0,15.515886315647542,0.041527761920882034,131
7595.349860211,14.059999999997647,1,1,20.638941284239937,12.84880672350418,0.1,1.195535720485873,0.5833983791236386,0.5833983791236386,0,15.480636697658179,0.043043168291123424,137
7595.365620677,14.069999999997641,1,1,20.69520233021872,13.223383899311184,0.10000000000000002,1.2108388705521818,0.5993687453451538,0.5993687453451538,0,15.446653837294875,0.04456649210487773,138
7595.375418536,14.079999999997636,1,1,20.746237034737177,13.595198561211571,0.1,1.2236355055911423,0.6153222849247539,0.6153222849247539,0,15.4139100252173,0.04609700158998631,139
7595.38542101,14.08999999999763,1,1,20.7923979125261,13.962098069471045,0.09999999999999999,1.2317341388480454,0.6311886391095516,0.6311886391095516,0,15.382375216195841,0.04763348476148688,140
7595.395426888,14.099999999997625,1,1,20.83376578968015,14.319883213472806,0.09999999999999999,1.2308275868937644,0.6468239398966358,0.6468239398966358,0,15.35201657752719,0.049173863095266945,146
7595.405419445,14.10999999999762,1,1,20.870569416773282,14.662492696350824,0.1,1.2186484795389012,0.6619663632819194,0.6619663632819194,0,15.32279755711466,0.05071422208521814,146
7595.415318455,14.119999999997614,1,1,20.90324094081356,14.985424050714485,0.10000000000000002,1.2010060660554516,0.6763871314197916,0.6763871314197916,0,15.294676657418199,0.05224843618524677,146
7595.427413859,14.129999999997608,1,1,20.931555482753826,15.287458360352582,0.09999999999999999,1.1820259690519628,0.6900293722620738,0.6900293722620738,0,15.267606882936448,0.05376982582672263,149
7595.435355517,14.139999999997602,1,1,20.956045419404983,15.568434307539077,0.1,1.1626326533137128,0.7028478105626533,0.7028478105626533,0,15.241535996294422,0.055271876811238574,152
7595.445580074,14.149999999997597,1,1,20.976470709243923,15.82843191221763,0.10000000000000003,1.1430742916751395,0.7148615440563476,0.7148615440563476,0,15.216407654269311,0.0567486029390839,152
7595.455033889,14.159999999997591,0,1,0.0,0.0,0.0,0.0,0.0,0.0,0,0.0,0.051925678765544436,152
7595.465177758,14.169999999997586,0,1,0.0,0.0,0.0,0.0,0.0,0.0,0,0.0,0.046904918469793166,155
7595.475107005,14.17999999999758,0,1,0.0,0.0,0.0,0.0,0.0,0.0,0,0.0,0.04236712233098894,155
7595.485216091,14.189999999997575,0,1,0.0,0.0,0.0,0.0,0.0,0.0,0,0.0,0.03826514540374526,155
7595.49518644,14.19999999999757,0,1,0.0,0.0,0.0,0.0,0.0,0.0,0,0.0,0.03455688471540341,158
7595.505296567,14.209999999997564,0,1,0.0,0.0,0.0,0.0,0.0,0.0,0,0.0,0.031204466476789094,158
7595.515345932,14.219999999997558,0,1,0.0,0.0,0.0,0.0,0.0,0.0,0,0.0,0.02817371873654606,158
7595.527804639,14.229999999997553,0,1,0.0,0.0,0.0,0.0,0.0,0.0,0,0.0,0.025433771803792804,159
7595.535097349,14.239999999997547,0,1,0.0,0.0,0.0,0.0,0.0,0.0,0,0.0,0.022956725357608954,162
7595.545302043,14.249999999997542,0,1,0.0,0.0,0.0,0.0,0.0,0.0,0,0.0,0.020717357871620545,162
7595.555284576,14.259999999997536,0,1,0.0,0.0,0.0,0.0,0.0,0.0,0,0.0,0.018692867690207282,162
7595.565263785,14.26999999999753,0,1,0.0,0.0,0.0,0.0,0.0,0.0,0,0.0,0.016862640299592946,165
7595.57527923,14.279999999997525,0,1,0.0,0.0,0.0,0.0,0.0,0.0,0,0.0,0.015208038397627632,165
7595.585253223,14.28999999999752,0,1,0.0,0.0,0.0,0.0,0.0,0.0,0,0.0,0.013712212255535872,165
7595.595177948,14.299999999997514,0,1,0.0,0.0,0.0,0.0,0.0,0.0,0,0.0,0.012359928311490909,168
7595.605237851,14.309999999997508,0,1,0.0,0.0,0.0,0.0,0.0,0.0,0,0.0,0.01158292456649096,168
7595.615048146,14.319999999997503,0,1,0.0,0.0,0.0,0.0,0.0,0.0,0,0.0,0.01132975502055572,168
7595.625068989,14.329999999997497,0,1,0.0,0.0,0.0,0.0,0.0,0.0,0,0.0,0.011101854920886278,168
7595.635051911,14.339999999997492,0,1,0.0,0.0,0.0,0.0,0.0,0.0,0,0.0,0.010896697927961885,171
7595.645120501,14.349999999997486,0,1,0.0,0.0,0.0,0.0,0.0,0.0,0,0.0,0.010712010733971156,171
7595.6551153,14.35999999999748,0,1,0.0,0.0,0.0,0.0,0.0,0.0,0,0.0,0.010545747665131111,171
7595.665076568,14.369999999997475,0,1,0.0,0.0,0.0,0.0,0.0,0.0,0,0.0,0.010396067840401924,174
7595.675418886,14.37999999999747,0,1,0.0,0.0,0.0,0.0,0.0,0.0,0,0.0,0.010261312842634651,174
7595.685240691,14.389999999997464,0,1,0.0,0.0,0.0,0.0,0.0,0.0,0,0.0,0.010139980342305843,174
7595.697925794,14.399999999997458,0,1,0.0,0.0,0.0,0.0,0.0,0.0,0,0.0,0.010030730843008928,1
7595.705096357,14.409999999997453,0,1,0.0,0.0,0.0,0.0,0.0,0.0,0,0.0,0.009932365638838536,4
7595.715256274,14.419999999997447,0,1,0.0,0.0,0.0,0.0,0.0,0.0,0,0.0,0.009843803738518009,4
7595.725268145,14.429999999997442,0,1,0.0,0.0,0.0,0.0,0.0,0.0,0,0.0,0.009764070783345957,4
7595.735245047,14.439999999997436,0,1,0.0,0.0,0.0,0.0,0.0,0.0,0,0.0,0.00969223734541158,7
7595.745100686,14.44999999999743,0,1,0.0,0.0,0.0,0.0,0.0,0.0,0,0.0,0.009627418669721555,7
7595.755227978,14.459999999997425,0,1,0.0,0.0,0.0,0.0,0.0,0.0,0,0.0,0.009568976199106682,7
7595.765734133,14.46999999999742,0,1,0.0,0.0,0.0,0.0,0.0,0.0,0,0.0,0.009516340209769492,10
7595.775255608,14.479999999997414,0,1,0.0,0.0,0.0,0.0,0.0,0.0,0,0.0,0.009468966449772853,10
7595.785317152,14.489999999997409,0,1,0.0,0.0,0.0,0.0,0.0,0.0,0,0.0,0.009426343733424603,10
7595.795263759,14.499999999997403,0,1,0.0,0.0,0.0,0.0,0.0,0.0,0,0.0,0.009388001407684254,10
7595.805232871,14.509999999997397,0,1,0.0,0.0,0.0,0.0,0.0,0.0,0,0.0,0.009353511356529565,14
7595.815170819,14.519999999997392,0,1,0.0,0.0,0.0,0.0,0.0,0.0,0,0.0,0.009322486586593959,14
7595.825215261,14.529999999997386,0,1,0.0,0.0,0.0,0.0,0.0,0.0,0,0.0,0.009294578325546143,14
7595.835192828,14.53999999999738,0,1,0.0,0.0,0.0,0.0,0.0,0.0,0,0.0,0.009269472679001078,18
7595.845156682,14.549999999997375,0,1,0.0,0.0,0.0,0.0,0.0,0.0,0,0.0,0.009246887314174446,18
7595.855287816,14.55999999999737,0,1,0.0,0.0,0.0,0.0,0.0,0.0,0,0.0,0.009226564112446212,18
7595.867707928,14.569999999997364,0,1,0.0,0.0,0.0,0.0,0.0,0.0,0,0.0,0.009208258280159087,19
7595.875212061,14.579999999997359,0,1,0.0,0.0,0.0,0.0,0.0,0.0,0,0.0,0.009191775030339189,21
7595.885244856,14.589999999997353,0,1,0.0,0.0,0.0,0.0,0.0,0.0,0,0.0,0.009176937526087336,21
7595.895505648,14.599999999997348,0,1,0.0,0.0,0.0,0.0,0.0,0.0,0,0.0,0.00916359033798364,21
7595.905226323,14.609999999997342,0,1,0.0,0.0,0.0,0.0,0.0,0.0,0,0.0,0.00915158820520734,24
7595.915272637,14.619999999997336,0,1,0.0,0.0,0.0,0.0,0.0,0.0,0,0.0,0.00914079498592868,24
7595.925215943,14.629999999997331,0,1,0.0,0.0,0.0,0.0,0.0,0.0,0,0.0,0.009130954797498703,24
7595.935053371,14.639999999997325,0,1,0.0,0.0,0.0,0.0,0.0,0.0,0,0.0,0.009121674975814231,27
7595.945091312,14.64999999999732,0,1,0.0,0.0,0.0,0.0,0.0,0.0,0,0.0,0.009112762319353873,27
7595.955090868,14.659999999997314,0,1,0.0,0.0,0.0,0.0,0.0,0.0,0,0.0,0.00910413478897465,27
7595.965094554,14.669999999997309,0,1,0.0,0.0,0.0,0.0,0.0,0.0,0,0.0,0.009095755434901764,27
7595.975098742,14.679999999997303,0,1,0.0,0.0,0.0,0.0,0.0,0.0,0,0.0,0.00908760572381756,30
7595.985130683,14.689999999997298,0,1,0.0,0.0,0.0,0.0,0.0,0.0,0,0.0,0.009079674726002185,30
7595.995023471,14.699999999997292,0,1,0.0,0.0,0.0,0.0,0.0,0.0,0,0.0,0.009071954711765473,30
7596.0050998,14.709999999997287,0,1,0.0,0.0,0.0,0.0,0.0,0.0,0,0.0,0.009064439348922648,33
7596.015145291,14.719999999997281,0,1,0.0,0.0,0.0,0.0,0.0,0.0,0,0.0,0.009057122960576314,33
7596.025160624,14.729999999997275,0,1,0.0,0.0,0.0,0.0,0.0,0.0,0,0.0,0.009050000217155074,33
7596.040906226,14.73999999999727,0,1,0.0,0.0,0.0,0.0,0.0,0.0,0,0.0,0.009043066007164646,34
7596.05115243,14.749999999997264,0,1,0.0,0.0,0.0,0.0,0.0,0.0,0,0.0,0.009036315381848403,34
7596.06143765,14.759999999997259,0,1,0.0,0.0,0.0,0.0,0.0,0.0,0,0.0,0.009029743530563739,34
7596.072142954,14.769999999997253,0,1,0.0,0.0,0.0,0.0,0.0,0.0,0,0.0,0.009023345768989444,39
7596.081821053,14.779999999997248,0,1,0.0,0.0,0.0,0.0,0.0,0.0,0,0.0,0.009017117532721108,40
7596.091417386,14.789999999997242,0,1,0.0,0.0,0.0,0.0,0.0,0.0,0,0.0,0.009011054373144145,41
7596.101475025,14.799999999997237,0,1,0.0,0.0,0.0,0.0,0.0,0.0,0,0.0,0.009005151954280755,42
7596.111455117,14.809999999997231,0,1,0.0,0.0,0.0,0.0,0.0,0.0,0,0.0,0.008999406050059722,47
7596.12074996,14.819999999997226,0,1,0.0,0.0,0.0,0.0,0.0,0.0,0,0.0,0.008993812541780333,47
7596.131051257,14.82999999999722,0,1,0.0,0.0,0.0,0.0,0.0,0.0,0,0.0,0.008988367415672438,47
7596.142048057,14.839999999997215,0,1,0.0,0.0,0.0,0.0,0.0,0.0,0,0.0,0.008983066760512137,52
7596.151446016,14.849999999997209,0,1,0.0,0.0,0.0,0.0,0.0,0.0,0,0.0,0.008977906765279875,54
7596.160735443,14.859999999997203,0,1,0.0,0.0,0.0,0.0,0.0,0.0,0,0.0,0.008972883716850955,55
7596.174818431,14.869999999997198,0,1,0.0,0.0,0.0,0.0,0.0,0.0,0,0.0,0.008967993997721913,56
7596.181042537,14.879999999997192,0,1,0.0,0.0,0.0,0.0,0.0,0.0,0,0.0,0.00896323408376798,60
7596.191176684,14.889999999997187,0,1,0.0,0.0,0.0,0.0,0.0,0.0,0,0.0,0.008958600542036399,60
7596.200735383,14.899999999997181,0,1,0.0,0.0,0.0,0.0,0.0,0.0,0,0.0,0.008954090028574002,60
7596.211186219,14.909999999997176,0,1,0.0,0.0,0.0,0.0,0.0,0.0,0,0.0,0.008949699286290358,62
7596.221267079,14.91999999999717,0,1,0.0,0.0,0.0,0.0,0.0,0.0,0,0.0,0.00894542514285851,62
7596.230790332,14.929999999997165,0,1,0.0,0.0,0.0,0.0,0.0,0.0,0,0.0,0.008941264508652347,62
7596.240827331,14.939999999997159,0,1,0.0,0.0,0.0,0.0,0.0,0.0,0,0.0,0.008937214374722169,65
7596.251330826,14.949999999997154,0,1,0.0,0.0,0.0,0.0,0.0,0.0,0,0.0,0.008933271810807775,65
7596.26098318,14.959999999997148,0,1,0.0,0.0,0.0,0.0,0.0,0.0,0,0.0,0.008929433963390798,65
7596.270958973,14.969999999997142,0,1,0.0,0.0,0.0,0.0,0.0,0.0,0,0.0,0.008925698053785514,65
7596.280835298,14.979999999997137,0,1,0.0,0.0,0.0,0.0,0.0,0.0,0,0.0,0.008922061376267332,68
7596.290880687,14.989999999997131,0,1,0.0,0.0,0.0,0.0,0.0,0.0,0,0.0,0.008918521296241433,68
7596.30076576,14.999999999997126,0,1,0.0,0.0,0.0,0.0,0.0,0.0,0,0.0,0.008915075248448534,68
7596.311207076,15.00999999999712,0,1,0.0,0.0,0.0,0.0,0.0,0.0,0,0.0,0.008911720735210571,71
7596.32135248,15.019999999997115,0,1,0.0,0.0,0.0,0.0,0.0,0.0,0,0.0,0.008908455324712738,71
7596.331191405,15.02999999999711,0,1,0.0,0.0,0.0,0.0,0.0,0.0,0,0.0,0.008905276649324945,71
7596.342960891,15.039999999997104,0,1,0.0,0.0,0.0,0.0,0.0,0.0,0,0.0,0.00890218240395968,72
7596.350901957,15.049999999997098,0,1,0.0,0.0,0.0,0.0,0.0,0.0,0,0.0,0.008899170344467688,74
7596.360751863,15.059999999997093,0,1,0.0,0.0,0.0,0.0,0.0,0.0,0,0.0,0.008896238286069946,74
7596.370750841,15.069999999997087,0,1,0.0,0.0,0.0,0.0,0.0,0.0,0,0.0,0.00889338410182644,74
7596.380837515,15.079999999997082,0,1,0.0,0.0,0.0,0.0,0.0,0.0,0,0.0,0.008890605721139644,78
7596.390747518,15.089999999997076,0,1,0.0,0.0,0.0,0.0,0.0,0.0,0,0.0,0.008887901128294684,78
7596.400770369,15.09999999999707,0,1,0.0,0.0,0.0,0.0,0.0,0.0,0,0.0,0.008885268361033039,78
7596.41167703,15.109999999997065,0,1,0.0,0.0,0.0,0.0,0.0,0.0,0,0.0,0.00888270550916076,80
7596.420738215,15.11999999999706,0,1,0.0,0.0,0.0,0.0,0.0,0.0,0,0.0,0.008880210713190784,81
7596.430947772,15.129999999997054,0,1,0.0,0.0,0.0,0.0,0.0,0.0,0,0.0,0.008877782163017656,81
7596.441242991,15.139999999997048,0,1,0.0,0.0,0.0,0.0,0.0,0.0,0,0.0,0.008875418096624843,81
7596.450733144,15.149999999997043,0,1,0.0,0.0,0.0,0.0,0.0,0.0,0,0.0,0.00887311679882391,85
7596.460763731,15.159999999997037,0,1,0.0,0.0,0.0,0.0,0.0,0.0,0,0.0,0.008870876600024946,85
7596.470737766,15.169999999997032,0,1,0.0,0.0,0.0,0.0,0.0,0.0,0,0.0,0.008868695875037913,85
7596.481408967,15.179999999997026,0,1,0.0,0.0,0.0,0.0,0.0,0.0,0,0.0,0.008866573041903414,88
7596.490771425,15.18999999999702,0,1,0.0,0.0,0.0,0.0,0.0,0.0,0,0.0,0.008864506560753105,88
7596.501154887,15.199999999997015,0,1,0.0,0.0,0.0,0.0,0.0,0.0,0,0.0,0.008862494932698861,88
7596.512031496,15.20999999999701,0,1,0.0,0.0,0.0,0.0,0.0,0.0,0,0.0,0.008860536698750754,90
7596.521156813,15.219999999997004,0,1,0.0,0.0,0.0,0.0,0.0,0.0,0,0.0,0.008858630438761173,91
7596.530764507,15.229999999996998,0,1,0.0,0.0,0.0,0.0,0.0,0.0,0,0.0,0.008856774770397202,91
7596.540797101,15.239999999996993,0,1,0.0,0.0,0.0,0.0,0.0,0.0,0,0.0,0.00885496834813898,91
7596.551008689,15.249999999996987,0,1,0.0,0.0,0.0,0.0,0.0,0.0,0,0.0,0.00885320986230359,93
7596.561248761,15.259999999996982,0,1,0.0,0.0,0.0,0.0,0.0,0.0,0,0.0,0.008851498038094152,93
7596.571237798,15.269999999996976,0,1,0.0,0.0,0.0,0.0,0.0,0.0,0,0.0,0.008849831634673788,93
7596.581123108,15.27999999999697,0,1,0.0,0.0,0.0,0.0,0.0,0.0,0,0.0,0.008848209444263566,96
7596.591647333,15.289999999996965,0,1,0.0,0.0,0.0,0.0,0.0,0.0,0,0.0,0.008846630291263535,96
7596.601272057,15.29999999999696,0,1,0.0,0.0,0.0,0.0,0.0,0.0,0,0.0,0.008845093031397133,97
7596.610736561,15.309999999996954,0,1,0.0,0.0,0.0,0.0,0.0,0.0,0,0.0,0.008843596550877686,97
7596.621498948,15.319999999996949,0,1,0.0,0.0,0.0,0.0,0.0,0.0,0,0.0,0.008842139765596835,101
7596.63112151,15.329999999996943,0,1,0.0,0.0,0.0,0.0,0.0,0.0,0,0.0,0.008840721620333891,101
7596.641018621,15.339999999996937,0,1,0.0,0.0,0.0,0.0,0.0,0.0,0,0.0,0.008839341087986563,101
7596.650878688,15.349999999996932,0,1,0.0,0.0,0.0,0.0,0.0,0.0,0,0.0,0.008837997168821499,103
7596.660914634,15.359999999996926,0,1,0.0,0.0,0.0,0.0,0.0,0.0,0,0.0,0.008836688889744537,103
7596.670782988,15.36999999999692,0,1,0.0,0.0,0.0,0.0,0.0,0.0,0,0.0,0.008835415303590777,103
7596.682338076,15.379999999996915,0,1,0.0,0.0,0.0,0.0,0.0,0.0,0,0.0,0.008834175488432405,105
7596.690848929,15.38999999999691,0,1,0.0,0.0,0.0,0.0,0.0,0.0,0,0.0,0.008832968546905795,106
7596.700813578,15.399999999996904,0,1,0.0,0.0,0.0,0.0,0.0,0.0,0,0.0,0.008831793605556137,0
7596.710930688,15.409999999996899,0,1,0.0,0.0,0.0,0.0,0.0,0.0,0,0.0,0.008830649814198954,0
7596.721129621,15.419999999996893,0,1,0.0,0.0,0.0,0.0,0.0,0.0,0,0.0,0.008829536345299205,3
7596.731258663,15.429999999996888,0,1,0.0,0.0,0.0,0.0,0.0,0.0,0,0.0,0.008828452393366715,3
7596.740969558,15.439999999996882,0,1,0.0,0.0,0.0,0.0,0.0,0.0,0,0.0,0.008827397174367424,4
7596.75180969,15.449999999996876,0,1,0.0,0.0,0.0,0.0,0.0,0.0,0,0.0,0.008826369925150679,8
7596.761529287,15.459999999996871,0,1,0.0,0.0,0.0,0.0,0.0,0.0,0,0.0,0.0088253699028914,9
7596.770748479,15.469999999996865,0,1,0.0,0.0,0.0,0.0,0.0,0.0,0,0.0,0.008824396384547295,9
7596.781046319,15.47999999999686,0,1,0.0,0.0,0.0,0.0,0.0,0.0,0,0.0,0.008823448666330669,9
7596.790978937,15.489999999996854,0,1,0.0,0.0,0.0,0.0,0.0,0.0,0,0.0,0.008822526063194003,12
7596.800852922,15.499999999996849,0,1,0.0,0.0,0.0,0.0,0.0,0.0,0,0.0,0.008821627908329799,12
7596.810748547,15.509999999996843,0,1,0.0,0.0,0.0,0.0,0.0,0.0,0,0.0,0.008820753552682914,12
7596.820783174,15.519999999996838,0,1,0.0,0.0,0.0,0.0,0.0,0.0,0,0.0,0.008819902364476828,15
7596.830750556,15.529999999996832,0,1,0.0,0.0,0.0,0.0,0.0,0.0,0,0.0,0.008819073728752125,15
7596.840988642,15.539999999996827,0,1,0.0,0.0,0.0,0.0,0.0,0.0,0,0.0,0.00881826704691735,15
7596.852211967,15.549999999996821,0,1,0.0,0.0,0.0,0.0,0.0,0.0,0,0.0,0.008817481736311805,17
7596.860867317,15.559999999996815,0,1,0.0,0.0,0.0,0.0,0.0,0.0,0,0.0,0.008816717229780169,18
7596.870709153,15.56999999999681,0,1,0.0,0.0,0.0,0.0,0.0,0.0,0,0.0,0.008815972975258601,18
7596.880800403,15.579999999996804,0,1,0.0,0.0,0.0,0.0,0.0,0.0,0,0.0,0.008815248435371459,18
7596.890770879,15.589999999996799,0,1,0.0,0.0,0.0,0.0,0.0,0.0,0,0.0,0.008814543087039772,21
7596.900759678,15.599999999996793,0,1,0.0,0.0,0.0,0.0,0.0,0.0,0,0.0,0.008813856421098554,21
7596.911078366,15.609999999996788,1,1,10.961259273186117,11.778031309247535,0.1,0.0020000000000000005,0.5560935893628959,0.5560935893628959,0,14.946433974033772,0.009391151877754578,21
7596.922052239,15.619999999996782,1,1,11.111597727374482,11.758159452185597,0.1,0.021869582512906376,0.5619400141270794,0.5619400141270794,0,14.944918330122553,0.010511230011709616,25
7596.931050197,15.629999999996777,1,1,11.402807695328693,11.713404317173797,0.10000000000000002,0.04165805724514138,0.5645418578562726,0.5645418578562726,0,14.94143089868502,0.011833061048412419,26
7596.941241555,15.639999999996771,1,1,11.532105154865125,11.6460560135409,0.03849939810223409,0.061489842861907194,0.5639601189906122,0.5639601189906122,0,14.935826526169992,0.01609471079100966,26
7596.951319104,15.649999999996766,1,1,11.827847030000767,11.559231795102926,0.0842104066336895,0.0813488013934205,0.566477712762547,0.566477712762547,0,14.928194326477977,0.019947456583973677,26
7596.961316216,15.65999999999676,1,1,11.993498244593056,11.456272566666673,0.03205225261251497,0.10115750642421714,0.5660930518439361,0.5660930518439361,0,14.918626140340848,0.02344020284506243,31
7596.971245494,15.669999999996755,1,1,12.150469613926564,11.340196675528313,0.1,0.12099354042440988,0.566647179308135,0.566647179308135,0,14.907188139350781,0.026597595657508855,31
7596.981663976,15.679999999996749,1,1,12.437076257452189,11.213828656621935,0.09999999999999999,0.14082660301624647,0.566748333226935,0.566748333226935,0,14.893933944214652,0.029454644610111602,35
7596.995624537,15.689999999996743,1,1,12.723755024854153,11.079750858735062,0.1,0.1605825826577756,0.5643653353616584,0.5643653353616584,0,14.878886754882759,0.032029752189785654,42
7597.001607235,15.699999999996738,1,1,12.667266502002036,10.940399970796378,0.0,0.18026617484424956,0.5601540363959738,0.5601540363959738,0,14.86211711020985,0.03432390018062059,50
7597.011760095,15.709999999996732,1,1,12.882253255667148,10.797922802623226,0.1,0.19986100283421532,0.5562628830710742,0.5562628830710742,0,14.843763998035389,0.03635628907033095,52
7597.023691308,15.719999999996727,1,1,12.948620374945106,10.654350619155451,0.09999999999999999,0.21929716053877427,0.5518817356554473,0.5518817356554473,0,14.82395612488949,0.038154829926236755,55
7597.0315476,15.729999999996721,1,1,12.934751856214788,10.51156627397941,0.050115282762376936,0.23855430454542972,0.5477160506992305,0.5477160506992305,0,14.802771769231635,0.03973873095254543,59
7597.041309489,15.739999999996716,1,1,12.534123407184529,10.371109994105563,0.1,0.2576240359993486,0.5419017629389221,0.5419017629389221,0,14.780279618467585,0.041120501367261975,59
7597.051011673,15.74999999999671,1,1,12.12019437005211,10.234370478334192,0.1,0.27645951059470386,0.5331937804757937,0.5331937804757937,0,14.756517142184428,0.042310014158478126,60
7597.061317765,15.759999999996705,1,1,11.59201352988706,10.102600168376835,0.1,0.29510153584249,0.5230588595551312,0.5230588595551312,0,14.731599046177756,0.043292471264585464,66
7597.071553903,15.769999999996699,1,1,11.482192452021472,9.976961778343474,0.09339817795926883,0.31357074011758507,0.5166908068926385,0.5166908068926385,0,14.705774426360044,0.04409028341854071,66
7597.081258018,15.779999999996694,1,1,11.18778532309884,9.858436267232026,0.1,0.33185948737171195,0.5088690613757717,0.5088690613757717,0,14.679168466009777,0.04474636659844744,66
7597.090976579,15.789999999996688,1,1,10.858313077764429,9.747826301962794,0.10000000000000002,0.35010157026662747,0.5002636395271993,0.5002636395271993,0,14.651840061569867,0.0452655375466291,70
7597.101298513,15.799999999996682,1,1,10.840310637368885,9.645780609087849,0.10000000000000002,0.36832079334483786,0.49481611318263663,0.49481611318263663,0,14.623878108119664,0.045658299440837435,70
7597.111414015,15.809999999996677,1,1,10.924194672309053,9.552899038189814,0.1,0.3865140982255885,0.4905178654321658,0.4905178654321658,0,14.595341031452987,0.045975143179393885,70
7597.124644687,15.819999999996671,1,1,11.017239526287192,9.469596651263464,0.10000000000000002,0.4046867285460224,0.48616397739851297,0.48616397739851297,0,14.566160743576033,0.046217743331817385,71
7597.131226751,15.829999999996666,1,1,11.206208956373304,9.396218441493886,0.10000000000000002,0.42287157300117534,0.48330756472299496,0.48330756472299496,0,14.536280750344043,0.046401482775187186,76
7597.141558914,15.83999999999666,1,1,11.341541550540988,9.333006095764613,0.1,0.44106264117103383,0.4800039519008902,0.4800039519008902,0,14.505636808081897,0.046539970824560406,76
7597.151563997,15.849999999996655,1,1,11.428532416686371,9.2801642669695,0.09999999999999999,0.45927351743503636,0.4759008603826298,0.4759008603826298,0,14.47419500451512,0.04662488190409375,77
7597.161290761,15.85999999999665,1,1,11.504670831398593,9.23789237660701,0.1,0.47750250696812824,0.4719450870278904,0.4719450870278904,0,14.441988709747612,0.04666328906585293,83
7597.171376206,15.869999999996644,1,1,11.642308284469959,9.206359202707178,0.1,0.4957692895409089,0.46904025051327886,0.46904025051327886,0,14.40907263595098,0.046665937628777465,84
7597.181806421,15.879999999996638,1,1,11.788863078174447,9.185694904397701,0.1,0.5141085258235266,0.4668675880331865,0.4668675880331865,0,14.375494299587803,0.04664436919959303,85
7597.191883877,15.889999999996633,1,1,11.964546915466205,9.175978903636894,0.10000000000000002,0.5324593223791143,0.465416107487315,0.465416107487315,0,14.341309997212159,0.04660755113914028,91
7597.201024673,15.899999999996627,1,1,12.151388513726484,9.177252577884293,0.10000000000000002,0.5508749988440345,0.46510280573566626,0.46510280573566626,0,14.306563645895068,0.046566178979027595,93
7597.211238766,15.909999999996622,1,1,12.341146669959755,9.189524799627039,0.10000000000000002,0.5693666381725018,0.46565202654094956,0.46565202654094956,0,14.27128953052162,0.046530945689379655,93
7597.222130053,15.919999999996616,1,1,12.524205554572005,9.212764768440284,0.09999999999999999,0.5879277866892892,0.4668070925971341,0.4668070925971341,0,14.235516884189948,0.046508023556194655,93
7597.237529385,15.92999999999661,1,1,12.697852491158637,9.246941106545862,0.1,0.6066217517140231,0.468458256410652,0.468458256410652,0,14.199286668049869,0.04650079436700083,97
7597.247058044,15.939999999996605,1,1,12.860025774784129,9.292025947070623,0.10000000000000002,0.6253791853857168,0.4708155242697697,0.4708155242697697,0,14.162690999008646,0.04651394864916103,101
7597.262515719,15.9499999999966,1,1,13.01254524942027,9.3479521307695,0.10000000000000003,0.6441843145989036,0.4738301965352114,0.4738301965352114,0,14.12582423955004,0.04655233764196953,104
7597.272372505,15.959999999996594,1,1,13.153040612900481,9.414633422502407,0.1,0.6630853890093056,0.47771817073477213,0.47771817073477213,0,14.088766459893142,0.04662108500592721,104
7597.282882266,15.969999999996588,1,1,13.280577409202477,9.49195868955596,0.10000000000000002,0.682062574376935,0.48244078270648166,0.48244078270648166,0,14.051584875186927,0.04672509852705681,109
7597.299255279,15.979999999996583,1,1,13.396435584046106,9.579792489849728,0.10000000000000002,0.7011133327747463,0.4879857581121217,0.4879857581121217,0,14.014334149354431,0.0468693781678739,114
7597.308376847,15.989999999996577,1,1,13.501821771345497,9.67797970793691,0.1,0.7202153096799964,0.49420089601690703,0.49420089601690703,0,13.977055572810617,0.04705704053306281,123
7597.318466714,15.999999999996572,1,1,13.598349825709416,9.786330765927577,0.1,0.7393259146520563,0.501089133401044,0.501089133401044,0,13.939782375745054,0.04729024177994334,127
7597.327764673,16.009999999996584,1,1,13.686276125643255,9.904641879466755,0.1,0.7584556411970308,0.5086282538777767,0.5086282538777767,0,13.902540938765743,0.04757101528375718,131
7597.338634967,16.019999999996596,1,1,13.767212575622118,10.032700987923604,0.1,0.7775885105086288,0.5167600026701288,0.5167600026701288,0,13.865351522209437,0.04790086600829907,134
7597.34881269,16.02999999999661,1,1,13.841973460870468,10.170280918817424,0.1,0.7967121300078327,0.5255141233413555,0.5255141233413555,0,13.828229838577602,0.048280781774641734,140
7597.361816425,16.03999999999662,1,1,13.911985167185245,10.317138858561183,0.1,0.8157967530280095,0.5348032795471915,0.5348032795471915,0,13.791186554552175,0.04871146822144262,145
7597.367933854,16.049999999996633,1,1,13.976807401364947,10.473013200778329,0.1,0.8348342660562289,0.5446635327603093,0.5446635327603093,0,13.754228244498465,0.04919339664493022,151
7597.37872549,16.059999999996645,1,1,14.03751463365125,10.637641303060658,0.10000000000000002,0.8538244440291055,0.5550481014052876,0.5550481014052876,0,13.717357844582565,0.049726889618722125,154
7597.388492065,16.069999999996657,1,1,14.094412772876284,10.810742358260233,0.1,0.8727187236818302,0.5659367330223191,0.5659367330223191,0,13.68057573764784,0.05031196067284455,160
7597.397887922,16.07999999999667,1,1,14.148105711707524,10.992006713021553,0.10000000000000002,0.8914713823013423,0.5772896761353099,0.5772896761353099,0,13.643881758193398,0.050948265451858266,168
7597.40784921,16.08999999999668,1,1,14.198598815982683,11.181101940269095,0.1,0.9100494012455097,0.5891262129365811,0.5891262129365811,0,13.607277186212984,0.05163537307034999,168
7597.418167432,16.099999999996694,1,1,14.246245902659137,11.377673036638397,0.10000000000000002,0.9283597711426721,0.6014324579648115,0.6014324579648115,0,13.570764415260491,0.05237307964310667,173
7597.429674718,16.109999999996706,1,1,14.292656569085908,11.581304130010446,0.1,0.9463128533846076,0.6141321689990717,0.6141321689990717,0,13.534346759428153,0.05316065475906445,177
7597.437792281,16.11999999999672,1,1,14.337615049750097,11.791545485578444,0.1,0.9638689503891156,0.627247699488672,0.627247699488672,0,13.498027910872967,0.05399707400066006,180
7597.447865787,16.12999999999673,1,1,14.381514732715967,12.007891921914498,0.1,0.980826744372133,0.640753879056818,0.640753879056818,0,13.461811097320325,0.05488160888835164,180
7597.45790777,16.139999999996743,1,1,14.424769278227549,12.22970861090925,0.1,0.9969801460121541,0.6545917239894284,0.6545917239894284,0,13.425698118757383,0.05581310096955516,181
7597.467844431,16.149999999996755,1,1,14.467301320437732,12.456240525152507,0.1,1.0121595329545399,0.668702296048383,0.668702296048383,0,13.3896888833373,0.056789829055391594,186
7597.478069127,16.159999999996767,1,1,14.508660856557341,12.686681781982271,0.09999999999999999,1.0262476599697203,0.6830613329110423,0.6830613329110423,0,13.35378125884995,0.05781003302934895,187
7597.487950677,16.16999999999678,1,1,14.54780966400684,12.920110162236865,0.10000000000000002,1.0390188960446383,0.6975239329554015,0.6975239329554015,0,13.317970426075679,0.058871170641887016,187
7597.49784676,16.17999999999679,1,1,14.58384210117471,13.155502719091364,0.1,1.0503554780598443,0.7121169073418637,0.7121169073418637,0,13.28224839537733,0.05997029292191036,192
7597.508154674,16.189999999996804,1,1,14.615423995607172,13.391802283655236,0.1,1.0601667491007905,0.7266589298796828,0.7266589298796828,0,13.246603381962375,0.06110425307263412,193
7597.517826986,16.199999999996816,1,1,14.642598516127599,13.627921659725372,0.1,1.0684064460348799,0.74112195496039,0.74112195496039,0,13.211021246623947,0.06226884650416248,193
7597.529060286,16.20999999999683,1,1,14.664826436004823,13.862738498800955,0.10000000000000002,1.0749648070683597,0.7554470145359606,0.7554470145359606,0,13.175487557837592,0.06346025130232397,196
7597.537859204,16.21999999999684,1,1,14.679968441984272,14.095078889268004,0.1,1.0796841084223892,0.7693947532085266,0.7693947532085266,0,13.13998769093853,0.06467321238870655,197
7597.547855792,16.229999999996853,1,1,14.688800120912951,14.323763165010183,0.10000000000000002,1.082626952372559,0.7829390499707255,0.7829390499707255,0,13.104510036768435,0.06590174117264286,197
7597.558196298,16.239999999996865,1,1,14.689383060404623,14.547663623193486,0.1,1.0837537339057108,0.7959122837150459,0.7959122837150459,0,13.069048150986081,0.0671396991249355,198
7597.567866431,16.249999999996877,1,1,14.671584458585567,14.765677620357009,0.09999999999999999,1.083005778542555,0.8080848206386155,0.8,1,13.033603562385624,0.06834856192482036,204
7597.577877122,16.25999999999689,1,1,14.602131434867546,14.977002004714747,0.1,1.0804348079919177,0.8190425978948522,0.8,1,12.998189665840577,0.06944577451930478,204
7597.588020929,16.2699999999969,1,1,14.356685062733936,15.181124439490771,0.1,1.0761154994273778,0.8280345945806874,0.8,1,12.962844377233097,0.070437743113892,206
7597.599283721,16.279999999996914,1,1,13.545473332030838,15.37753270586105,0.1,1.0701472361168072,0.8350441945204345,0.8,1,12.927654133484703,0.07133458355927424,212
7597.607815581,16.289999999996926,1,1,12.110205764117223,15.565770929625641,0.1,1.062815178486995,0.8422784317088197,0.8,1,12.892780736410913,0.07214533559494923,215
7597.617844733,16.29999999999694,1,1,10.422399668558688,15.745444270256248,0.1,1.0540876225001987,0.8500411469569805,0.8,1,12.858536825463842,0.07287834570692658,215
7597.62805578,16.30999999999695,1,1,8.781192341288746,15.916314357203548,0.10000000000000002,1.0441541660441087,0.8573331465334888,0.8,1,12.8255856625622,0.07354138620331951,215
7597.638031062,16.319999999996963,1,1,7.4442330941408015,16.078249142290947,0.1,1.033231619345876,0.8643383945553411,0.8,1,12.794585461918807,0.07414132571509907,220
7597.647890028,16.329999999996975,1,1,6.2213032445071486,16.23108174007826,0.1,1.0214314365116064,0.8733999724408925,0.8,1,12.76599919658435,0.0746839320809144,221
7597.657879751,16.339999999996987,1,1,5.387981044362465,16.37457658174584,0.10000000000000002,1.0089251136716568,0.8800874206047651,0.8,1,12.740135096792283,0.07517489349567685,221
7597.668746224,16.349999999997,1,1,4.3627531944144256,16.508595686026332,0.0,0.9958673832114585,0.8897111705048617,0.8,1,12.717136314436662,0.07561924940838055,226
7597.678017582,16.35999999999701,1,1,3.776171773880692,16.63311784856137,0.09999999999999999,0.9822941268650244,0.8972292896298487,0.8,1,12.696896489416503,0.07602187894845647,227
7597.688264195,16.369999999997024,1,1,3.1116308514660043,16.748211577402266,0.0,0.9683008048453854,0.905425235811728,0.8,1,12.679014147468836,0.07638662041320804,228
7597.701297932,16.379999999997036,1,1,2.5571280884900776,16.85373138859224,0.1,0.9538904381864203,0.9120731325435913,0.8,1,12.663890286490307,0.07671643276535284,1
7597.707880301,16.38999999999705,1,1,2.324283710658262,16.949591212448865,0.10000000000000002,0.9391115406434615,0.9199309667024103,0.8,1,12.651676151839707,0.07701500855690796,6
7597.717876716,16.39999999999706,1,1,1.9074946214496757,17.035771191515842,0.10000000000000003,0.9240305021743747,0.9272415039681953,0.8,1,12.642295784516513,0.07728547469733743,10
7597.72788919,16.409999999997073,1,1,1.8065316792629644,17.112292710006475,0.09999999999999999,0.90866417338363,0.9341981586532939,0.8,1,12.635676831497817,0.0775305828278367,11
7597.738064222,16.419999999997085,1,1,2.0575566725815517,17.179154383230262,0.1,0.8930514296352098,0.9391850250124181,0.8,1,12.631734373663283,0.07775275821963079,18
7597.747857416,16.429999999997097,1,1,2.3311859768262972,17.23631291493177,0.1,0.8772020879987866,0.943815057978542,0.8,1,12.630360933124269,0.07795414768262404,20
7597.757814923,16.43999999999711,1,1,2.6957350735383203,17.28373918871176,0.1,0.8611602560151541,0.9494931607975644,0.8,1,12.631465162783659,0.07813674223557948,21
7597.76914828,16.44999999999712,1,1,2.994880231942255,17.321435255826668,0.1,0.8449610346664584,0.9530250875096405,0.8,1,12.634971447674381,0.07830240743077999,25
7597.778288432,16.459999999997134,1,1,3.545915620473684,17.34939648485034,0.025326217918174267,0.828617832781955,0.9567854426317586,0.8,1,12.64076472838652,0.07845259759359374,27
7597.787941924,16.469999999997146,1,1,3.844396933474554,17.36740987770955,0.1,0.8121465927203567,0.9599050005769215,0.8,1,12.648659950589034,0.07858839107519885,28
7597.797862522,16.47999999999716,1,1,4.348754817504481,17.375482812555898,0.1,0.7955794120030533,0.9621293824043403,0.8,1,12.658771807518745,0.07871221005581752,30
7597.807902663,16.48999999999717,1,1,5.040372807881995,17.373739057167338,0.1,0.7789307193339509,0.9634957380135601,0.8,1,12.67103328762261,0.07882494522414452,33
7597.81797256,16.499999999997183,1,1,5.470144530180366,17.362203697207747,0.1,0.762221254205843,0.9625292262206683,0.8,1,12.685453926844618,0.07892749623753212,34
7597.827918941,16.509999999997195,1,1,5.96316836844774,17.34081696601114,0.1,0.7454685044358669,0.9614059627533594,0.8,1,12.702041758223723,0.0790207180691323,35
7597.837735647,16.519999999997207,1,1,6.390865122960515,17.309496266303125,0.032777105723938,0.7286988359186399,0.9591194911696214,0.8,1,12.720804362930737,0.07910549147048893,40
7597.847868992,16.52999999999722,1,1,6.833193114142892,17.268153472574433,0.1,0.711923767754318,0.9569089389354696,0.8,1,12.741731518570877,0.07918259877908435,40
7597.85805117,16.53999999999723,1,1,7.403349444800136,17.216693999494655,0.1,0.695159552385043,0.9532696855963181,0.8,1,12.764829551745809,0.07925276045209151,40
7597.869847185,16.549999999997244,1,1,7.887074912098773,17.15499205136744,0.1,0.6784224884383293,0.9476162476854194,0.8,1,12.7901538349999,0.07931664121835019,41
7597.877891905,16.559999999997256,1,1,8.356877839985177,17.082890958680537,0.10000000000000002,0.661738538543037,0.9413383109706688,0.8,1,12.81774796778588,0.07937479281505899,45
7597.887963617,16.56999999999727,1,1,8.843184991210691,17.00025027112897,0.1,0.6451272162713433,0.9341035153603562,0.8,1,12.847581402513155,0.07942773187174265,45
7597.898166116,16.57999999999728,1,1,9.248012500122385,16.906970892367607,0.10000000000000002,0.6286046959620379,0.9259196778223135,0.8,1,12.879580604946312,0.07947595768679894,45
7597.908028506,16.589999999997293,1,1,9.559018938111208,16.802877335894596,0.10000000000000002,0.6121828383388692,0.91730130047257,0.8,1,12.913762074734551,0.07951991640035126,49
7597.917865407,16.599999999997305,1,1,9.842265502462569,16.687705088627215,0.1,0.5958883295151252,0.9080503507862567,0.8,1,12.950215603699531,0.07956001415266277,49
7597.928556419,16.609999999997317,1,1,10.181948614053011,16.561312042020127,0.1,0.5797337510058591,0.8981340897104223,0.8,1,12.988884541906335,0.07959663147020339,52
7597.93934318,16.61999999999733,1,1,10.513861199336988,16.4235704703255,0.10000000000000002,0.5637280957322531,0.887957951904373,0.8,1,13.029724183273075,0.07963013101580152,57
7597.947865609,16.62999999999734,1,1,10.856254919599468,16.274379411255723,0.09999999999999999,0.547886409329752,0.8772628398545234,0.8,1,13.07268914591848,0.07966085138635703,59
7597.958109186,16.639999999997354,1,1,11.211754709953828,16.113670548648066,0.1,0.5322392475756427,0.8668036616079666,0.8,1,13.117741435060298,0.07968910454594232,59
7597.967896364,16.649999999997366,1,1,11.509980215656027,15.941422640009781,0.09999999999999999,0.5168091944190852,0.8558403619400028,0.8,1,13.164857542870344,0.07971519406356946,59
7597.977939482,16.65999999999738,1,1,11.792083480251355,15.757666979959657,0.09999999999999999,0.5016199203532415,0.844583544932535,0.8,1,13.213997675395294,0.07973936153039593,64
7597.987838875,16.66999999999739,1,1,12.070843399700255,15.562462618602382,0.09999999999999999,0.4866925853254345,0.8326156152690587,0.8,1,13.265110124583773,0.07976181304192569,64
7597.997891739,16.679999999997403,1,1,12.341422012375476,15.355876654213088,0.10000000000000002,0.47206060654488663,0.8202265339051523,0.8,1,13.318148969916818,0.07978272823851157,64
7598.009501698,16.689999999997415,1,1,12.59602873142044,15.137992151814242,0.09999999999999999,0.45776556279090824,0.8074219722189122,0.8,1,13.373076359304722,0.07980227581829102,71
7598.018245354,16.699999999997427,1,1,12.827017577734821,14.908925956083674,0.09999999999999999,0.44382607024787574,0.7942032216392372,0.7942032216392372,0,13.429819114249588,0.07980524368910681,74
7598.027848438,16.70999999999744,1,1,13.03626096100979,14.669038166240775,0.1,0.4302937389267022,0.7801724614437617,0.7801724614437617,0,13.488225874872564,0.07969365949275836,74
7598.039864786,16.71999999999745,1,1,13.223287690334654,14.419023513531572,0.1,0.4172148622154913,0.7653843648608136,0.7653843648608136,0,13.548145017535475,0.07945452085720818,76
7598.04790974,16.729999999997464,1,1,13.38991423723168,14.159576646802758,0.1,0.40463461779824894,0.7498627740871353,0.7498627740871353,0,13.609437511317577,0.07909272153454948,81
7598.057873129,16.739999999997476,1,1,13.537836238554302,13.891354528182367,0.1,0.39259706454928184,0.7336762384216287,0.7336762384216287,0,13.67197679149254,0.07861345050418614,81
7598.067855618,16.74999999999749,1,1,13.675899173081746,13.614981224707886,0.1,0.38115353612045216,0.7170685764630301,0.7170685764630301,0,13.735647294544641,0.07802276611055707,81
7598.077845567,16.7599999999975,1,1,13.79966345295202,13.331052530894182,0.10000000000000002,0.3703733064242032,0.6999184463230407,0.6999184463230407,0,13.80034528168025,0.07732689022637393,86
7598.087852809,16.769999999997513,1,1,13.913285922657106,13.040140845060055,0.10000000000000002,0.36030488137834865,0.6823417081711372,0.6823417081711372,0,13.865976963854722,0.07653111367076748,86
7598.097833805,16.779999999997525,1,1,14.018633186876338,12.742795588929603,0.1,0.3510268575321063,0.664402728060899,0.664402728060899,0,13.93245773279474,0.07564160687879216,87
7598.10811505,16.789999999997537,1,1,14.114616065202405,12.439549234897134,0.09999999999999999,0.34261106139442654,0.6460811616417331,0.6460811616417331,0,13.999712453157287,0.07466332134417088,91
7598.117862804,16.79999999999755,1,1,14.203913895911164,12.130919239897064,0.1,0.3351386652164731,0.6274546062187216,0.6274546062187216,0,14.067672711859863,0.07360188835152856,91
7598.12784937,16.80999999999756,1,1,14.286411707586394,11.817408899760313,0.1,0.32867647923882887,0.6085230385026913,0.6085230385026913,0,14.136278424539404,0.07246222153583876,91
7598.137945045,16.819999999997574,1,1,14.362441189987422,11.499508955831187,0.1,0.3232804058407927,0.5893236167703773,0.5893236167703773,0,14.205476765063704,0.07124910952251055,91
7598.147928954,16.829999999997586,1,1,14.433315764247858,11.177701993859229,0.1,0.31901478745442013,0.5699061932720503,0.5699061932720503,0,14.275221226093118,0.0699672595678377,97
7598.157955891,16.839999999997598,1,1,14.500892464687906,10.852460996912498,0.10000000000000002,0.3159160463721832,0.5503413716180564,0.5503413716180564,0,14.345472186883125,0.06862162531681495,97
7598.16786887,16.84999999999761,1,1,14.563456741727839,10.524254895442883,0.10000000000000002,0.3140136721904016,0.5305542856573937,0.5305542856573937,0,14.41619814197471,0.06721651156261624,98
7598.177862248,16.859999999997623,1,1,14.621328628076597,10.193557905950698,0.1,0.3133489377964859,0.5105483024227796,0.5105483024227796,0,14.487373557995369,0.0657554496891817,102
7598.187922696,16.869999999997635,1,1,14.676890316703904,9.860847348965798,0.1,0.313920397807366,0.4904375445056391,0.4904375445056391,0,14.558977561873819,0.06424230163531443,102
7598.197857021,16.879999999997647,1,1,14.729340758010242,9.526611717787087,0.09999999999999999,0.3157328110634742,0.47013382180883345,0.47013382180883345,0,14.630995667711264,0.06268069763126537,102
7598.208886092,16.88999999999766,1,1,14.780097139287115,9.19135627278644,0.1,0.31876946780213966,0.44969309581861316,0.44969309581861316,0,14.70341861389718,0.06107368153063697,104
7598.217841111,16.89999999999767,1,1,14.828040347521393,8.85561288000239,0.10000000000000002,0.32300925822700666,0.4290648353262566,0.4290648353262566,0,14.776242034808034,0.059423866179998605,106
7598.228027756,16.909999999997684,1,1,14.873924565039312,8.519944736147798,0.1,0.328403589370586,0.4083574141235466,0.4083574141235466,0,14.849464762762024,0.057734268923203644,107
7598.237899588,16.919999999997696,1,1,14.91828511624752,8.184958528188357,0.09999999999999999,0.3349121734741752,0.3875280691137894,0.3875280691137894,0,14.923088918195738,0.05600766766642158,107
7598.248347275,16.929999999997708,1,1,14.960618156977816,7.85131606421878,0.1,0.3424761762077154,0.36653917635840666,0.36653917635840666,0,14.997119847112225,0.05424635934823337,112
7598.257868222,16.93999999999772,1,1,15.00209439407496,7.519748861535637,0.1,0.3510371801189208,0.3454406454416369,0.3454406454416369,0,15.071564484494658,0.05245226489711971,113
7598.267877961,16.949999999997733,1,1,15.04320871591057,7.191075427649623,0.09999999999999999,0.3605134021542757,0.34363992826701695,0.34363992826701695,0,15.146430754549428,0.05062722224121691,114
7598.278155331,16.959999999997745,1,1,15.084796674954461,6.866213924930777,0.1,0.37084202229465496,0.3439557809764109,0.3439557809764109,0,15.221728604789403,0.048773571297127505,118
7598.287788099,16.969999999997757,1,1,15.126862674300343,6.546209450446126,0.1,0.3819369544428601,0.3444175419080188,0.3444175419080188,0,15.297470905784772,0.0468934610768158,119
7598.297887325,16.97999999999777,1,1,15.170069529261664,6.2322649693593615,0.1,0.3937478914070628,0.3450210403789101,0.3450210403789101,0,15.373673134085962,0.044988433672756595,120
7598.30789267,16.98999999999778,1,1,15.21464346119839,5.925777975723012,0.09999999999999999,0.40620492975343175,0.3457764609078617,0.3457764609078617,0,15.450352888682339,0.04306029572698067,121
7598.317921694,16.999999999997794,1,1,15.260508226669922,5.628379452288599,0.1,0.41926779398454994,0.3467082690191542,0.3467082690191542,0,15.5275309451169,0.04111065233295719,125
7598.327873397,17.009999999997806,1,1,15.307251952112537,5.341977416563471,0.1,0.43286346027911415,0.34771241895414867,0.34771241895414867,0,15.60522987557301,0.04055852253826808,125
7598.337977641,17.019999999997818,1,1,15.355638802189581,5.068804109316458,0.10000000000000002,0.4469602829891447,0.3488848938804803,0.3488848938804803,0,15.683473109528366,0.04054624888177649,125
7598.347880726,17.02999999999783,1,1,15.407240773811813,4.811467412731691,0.1,0.4615135313565897,0.3502794928611988,0.3502794928611988,0,15.762286630759872,0.04054775233042496,129
7598.357841624,17.039999999997843,1,1,15.459884814711657,4.572968107131822,0.1,0.47647937951753633,0.351763860765436,0.351763860765436,0,15.841701232725594,0.04056306718812519,130
7598.367921343,17.049999999997855,1,1,15.514578715346524,4.3567075636721455,0.10000000000000002,0.4918325168216312,0.35338795606773354,0.35338795606773354,0,15.921749137822603,0.04059163197581728,132
7598.378861357,17.059999999997867,1,1,15.570203392957152,4.166436475620216,0.1,0.5075390301531629,0.35501928299001395,0.35501928299001395,0,16.00246411340632,0.04063323606260161,136
7598.387983242,17.06999999999788,1,1,15.62737346724633,4.006133359915634,0.1,0.5235748227593888,0.3567300335048136,0.3567300335048136,0,16.083880750768976,0.04068644026918,140
7598.397792362,17.07999999999789,1,1,15.687999138150694,3.87975537086343,0.1,0.5399044275848983,0.3587455769397054,0.3587455769397054,0,16.166034071803562,0.04075260828674798,142
7598.408502683,17.089999999997904,1,1,15.749502099659681,3.7909070041495365,0.1,0.5565184156393439,0.36076706607507525,0.36076706607507525,0,16.248964864791855,0.04083148679526816,147
7598.417847342,17.099999999997916,1,1,15.813018751581447,3.742457442342363,0.09999999999999999,0.5733918554200126,0.36292854907903915,0.36292854907903915,0,16.332715144188672,0.04092305668030449,155
7598.427991441,17.109999999997928,1,1,15.879101128023022,3.736130640304182,0.1,0.5904783181664455,0.3653242240860746,0.3653242240860746,0,16.417329128287033,0.04102731362620382,157
7598.438033681,17.11999999999794,1,1,15.94806683548227,3.772246820968644,0.1,0.607764817829967,0.36803665718857337,0.36803665718857337,0,16.502854781676092,0.04114615495093776,160
7598.44906907,17.129999999997953,1,1,16.019961617124093,3.84971130472924,0.1,0.6252619001689863,0.3711782689693031,0.3711782689693031,0,16.589347217803045,0.04128147289465556,166
7598.458111917,17.139999999997965,1,1,16.09387913182388,3.966173138697505,0.1,0.6429285595629473,0.3745612412228152,0.3745612412228152,0,16.676869075106996,0.04143529489724784,169
7598.467818387,17.149999999997977,1,1,16.16938381900019,4.118377038135391,0.1,0.6607726457276497,0.3780914737878136,0.3780914737878136,0,16.765488963325218,0.041607335488210495,170
7598.480453989,17.15999999999799,1,1,16.24691837100814,4.302574932647669,0.09999999999999999,0.6787766064912679,0.382026267693444,0.382026267693444,0,16.85527748577684,0.04179835215587335,172
7598.487931559,17.169999999998,1,1,16.325649498621036,4.514882568357823,0.1,0.696937419845076,0.3863243047885604,0.3863243047885604,0,16.946312006149792,0.042010790092944506,178
7598.497794184,17.179999999998014,1,1,16.40606965415146,4.752035851867841,0.1,0.7152526810507359,0.3907342397474637,0.3907342397474637,0,17.038672463708515,0.04224455886489564,180
7598.507801033,17.189999999998026,1,1,16.489168717525107,5.011918599229238,0.1,0.7337055698097794,0.39519600260687465,0.39519600260687465,0,17.132434171710635,0.042498229917345975,182
7598.517889899,17.199999999998038,1,1,16.573833656653736,5.2902677141316605,0.10000000000000002,0.7523006415598615,0.39994425417911694,0.39994425417911694,0,17.227696566322763,0.04277148830222943,187
7598.528391362,17.20999999999805,1,1,16.65998798636507,5.583644769799236,0.1,0.771010046035457,0.4047850805611055,0.4047850805611055,0,17.324557332669723,0.04306461423420527,187
7598.538010676,17.219999999998063,1,1,16.74794715010129,5.889666654719565,0.1,0.7898358045343189,0.4096541818653395,0.4096541818653395,0,17.423111702006924,0.04337586649685621,189
7598.549119539,17.229999999998075,1,1,16.83697325742987,6.20647750487278,0.10000000000000002,0.8087680052685411,0.41480740565428037,0.41480740565428037,0,17.523455297053612,0.04370465134710333,194
7598.557803589,17.239999999998087,1,1,16.92713469598075,6.532555580334601,0.09999999999999999,0.8277961067385688,0.419964921107693,0.419964921107693,0,17.625689861410756,0.04405205836882886,197
7598.56781913,17.2499999999981,1,1,17.019573077503225,6.866537113850735,0.1,0.8469061441174158,0.42511539735508835,0.42511539735508835,0,17.72992049118274,0.04441493792960638,199
7598.578234998,17.25999999999811,1,1,17.11279330839007,7.207330855351858,0.1,0.8660741318633434,0.4302982244027074,0.4302982244027074,0,17.836251402692138,0.04479173618732468,203
7598.588017815,17.269999999998124,1,1,17.203644679918977,7.554215192592827,0.1,0.8853004952350773,0.43555747963204555,0.43555747963204555,0,17.94478878004242,0.045181801866238325,210
7598.597939947,17.279999999998136,1,1,17.289777748208014,7.906485163128927,0.1,0.9045599910027939,0.44106375535417636,0.44106375535417636,0,18.055640514192135,0.045586796695418985,211
7598.607833615,17.289999999998148,1,1,17.37484503752819,8.263219531998399,0.1,0.9238479032741211,0.44654391072847,0.44654391072847,0,18.168919697682604,0.04600547042972791,213
7598.617871519,17.29999999999816,1,1,17.457758487964867,8.623626677603056,0.1,0.9431525308894203,0.4520765986602695,0.4520765986602695,0,18.284745386766,0.046436316194520266,217
7598.627823594,17.309999999998173,1,1,17.53498943193144,8.987154493226587,0.10000000000000002,0.9624588541035264,0.4576583889933759,0.4576583889933759,0,18.40324088497885,0.04687921742345258,217
7598.637837643,17.319999999998185,1,1,17.61225833100205,9.353338608467896,0.09999999999999999,0.9817649774127117,0.4710483296136642,0.4710483296136642,0,18.524532429059274,0.04733150744289516,217
7598.649948948,17.329999999998197,1,1,17.685898296723348,9.72179426374862,0.1,1.0010652010593033,0.4915500081579701,0.4915500081579701,0,18.648743478671395,0.04778958504426345,220
7598.657821815,17.33999999999821,1,1,17.75510496622806,10.092179852563657,0.1,1.020338447722182,0.5119852283886439,0.5119852283886439,0,18.775990366408518,0.048247522136265486,224
7598.667823729,17.34999999999822,1,1,17.823531940435515,10.464202861436227,0.1,1.0395937567078395,0.5323828290066231,0.5323828290066231,0,18.906377283033112,0.04870083944893233,225
7598.677833396,17.359999999998234,1,1,17.894061697526283,10.83760788926169,0.1,1.0588299149998497,0.5527586794170438,0.5527586794170438,0,19.04000136229771,0.049145416073098636,226
7598.688070203,17.369999999998246,1,1,17.96349698780115,11.212171702331785,0.09999999999999999,1.0780498103139249,0.5730534107088064,0.5730534107088064,0,19.176956763450093,0.04958073529775986,232
7598.698172504,17.379999999998258,1,1,18.03047484942747,11.587696686361024,0.1,1.0972609280696997,0.5932692539756171,0.5932692539756171,0,19.317347820021695,0.05000632176101638,3
7598.708146542,17.38999999999827,1,1,18.11401640040523,11.964002329047934,0.1,1.1164614459200337,0.6139068803606927,0.6139068803606927,0,19.46128918118359,0.050418856252071986,7
7598.719057279,17.399999999998283,1,1,17.568824578697324,12.340920570344721,0.1,1.135641325793199,0.6357495044810995,0.6357495044810995,0,19.608903988876076,0.05082282931855353,12
7598.728146848,17.409999999998295,1,1,16.73392050180469,12.71830990447414,0.10000000000000002,1.1548195472471894,0.657707168403616,0.657707168403616,0,19.76031087439931,0.0512014484758091,16
7598.738037791,17.419999999998307,1,1,16.121929926052687,13.096061317436659,0.10000000000000003,1.1739518463154834,0.6792125102301487,0.6792125102301487,0,19.915600735045736,0.051557665368209715,20
7598.747821483,17.42999999999832,1,1,15.617899540662838,13.474065296418235,0.021953190730638707,1.1930364525905834,0.7018776969274183,0.7018776969274183,0,20.074857759572065,0.05187327063074121,22
7598.758157122,17.43999999999833,1,1,14.949136315677814,13.852218275732818,0.04122938728835799,1.2120685952757417,0.7246540219329041,0.7246540219329041,0,20.238110093616413,0.05215138013229714,27
7598.767991293,17.449999999998344,1,1,14.08013299096925,14.230403298559162,0.0,1.230997916131921,0.7455291116986611,0.7455291116986611,0,20.40542699393055,0.05424269831690243,29
7598.778020672,17.459999999998356,1,1,13.406583865882112,14.60845187988584,0.0,1.249812022815032,0.7691968751463483,0.7691968751463483,0,20.57699849616184,0.056394044567662616,31
7598.787969085,17.469999999998368,1,1,12.77021117203415,14.986214417690292,0.10000000000000002,1.2684731922498222,0.7920433304566235,0.7920433304566235,0,20.752921471643315,0.058562564675307995,36
7598.797896106,17.47999999999838,1,1,11.997920581608795,15.363534206121322,0.09999999999999999,1.2868879769264645,0.8152397303085217,0.8,1,20.93324235169913,0.06068842871406433,37
7598.808196698,17.489999999998393,1,1,11.267117165146827,15.740721135598653,0.1,1.3049733924982043,0.8392844115930181,0.8,1,21.117558026769604,0.0626208651701334,37
7598.821865479,17.499999999998405,1,1,10.609258236078226,16.118480954062772,0.1,1.3226198931160302,0.8631554794245209,0.8,1,21.305048081128632,0.06436828042629583,38
7598.827780194,17.509999999998417,1,1,10.061632986867718,16.497354953789,0.1,1.3396877112223196,0.8872170229652006,0.8,1,21.49472830839654,0.06594848480001518,46
7598.83780868,17.51999999999843,1,1,9.537680850771418,16.87767645639331,0.04827737646051626,1.3559744573448955,0.9107584127180665,0.8,1,21.685757415713756,0.06737761121711301,46
7598.848177631,17.52999999999844,1,1,9.084646811697835,17.259518682000625,0.04333244675239496,1.3712675984326481,0.9343305655920325,0.8,1,21.87732461379784,0.06867016930645234,47
7598.857852099,17.539999999998454,1,1,8.696509526221853,17.642633305575163,0.1,1.3851247363260182,0.957492360217929,0.8,1,22.068600393389648,0.06983931251862661,51
7598.867917726,17.549999999998466,1,1,8.207773559644757,18.026502110329833,0.03804324699848311,1.3971521670271623,0.9807135195011627,0.8,1,22.25864110139242,0.07089689754089426,51
7598.877950514,17.559999999998478,1,1,7.779768726373109,18.410127043166895,0.08469188416805355,1.4064683936135218,1.0011713924361743,0.8,1,22.44625730037579,0.07185357519727421,51
7598.888678767,17.56999999999849,1,1,7.564038204382982,18.791949301561885,0.1,1.412413172792008,1.0225561660039402,0.8,1,22.63036486211542,0.07271886401133719,54
7598.897824084,17.579999999998503,1,1,7.280836313972294,19.170094214149927,0.1,1.41446842600951,1.0424508945296609,0.8,1,22.80982675664486,0.07350161861596272,55
7598.907804013,17.589999999998515,1,1,7.140577410441834,19.54242217883159,0.08567597455272154,1.4119960319800058,1.0615455735478396,0.8,1,22.983482494411138,0.07420975238216183,55
7598.917869893,17.599999999998527,1,1,7.1373129939429285,19.906692978488152,0.1,1.4051487777542115,1.0807298451437897,0.8,1,23.150293202831282,0.07485039709992272,55
7598.927891847,17.60999999999854,1,1,7.1540659822336625,20.261119038059615,0.09999999999999999,1.394430538778435,1.098314674040059,0.8,1,23.30907352046746,0.07543016022388435,60
7598.937847719,17.61999999999855,1,1,7.313358257610056,20.604380472815606,0.09999999999999999,1.3808075537146611,1.1152257106790802,0.8,1,23.458732552683774,0.07595489653328329,60
7598.947909885,17.629999999998564,1,1,7.590962998079742,20.935739605671387,0.09999999999999999,1.3652793437187443,1.1314652958823008,0.8,1,23.598290848464384,0.07642990332034462,61
7598.9577389,17.639999999998576,1,1,7.972927830286873,21.25490875517274,0.01953845450507317,1.3486074153408727,1.146562674680562,0.8,1,23.726745195247382,0.07685999134377046,66
7598.967801235,17.649999999998588,1,1,8.366709468635094,21.561876229654292,0.1,1.3311739817773027,1.1604436083201781,0.8,1,23.84314807682233,0.0772495030348939,67
7598.977910138,17.6599999999986,1,1,8.520733863821047,21.85672757677887,0.09999999999999999,1.3132547909509809,1.1721770963805676,0.8,1,23.94671307235804,0.07760229304091248,69
7598.990211879,17.669999999998613,1,1,8.793513080773069,22.13955534827553,0.1,1.2949999916781003,1.1832440211048005,0.8,1,24.036935873534603,0.07792184517147902,71
7598.997862934,17.679999999998625,1,1,9.213334126427286,22.410451758169533,0.1,1.2765009212892418,1.1934412496457192,0.8,1,24.113585819464213,0.0782110720652224,75
7599.007887762,17.689999999998637,1,1,9.72814404941745,22.66969600861138,0.10000000000000002,1.2578171802033982,1.2032971527317524,0.8,1,24.176692467682805,0.07847292177112941,75
7599.017855702,17.69999999999865,1,1,9.725682547338614,22.917040376314354,0.10000000000000002,1.2389867909901466,1.2096452302495646,0.8,1,24.226966926318656,0.07871091900546916,76
7599.027896577,17.70999999999866,1,1,10.220718512416013,23.15272878173939,0.1,1.2200578079554354,1.217153306976193,0.8,1,24.262464955088568,0.07892651526538613,80
7599.037880959,17.719999999998674,1,1,10.72982555583765,23.377081791734668,0.10000000000000002,1.2010443129478374,1.2238439711112055,0.8,1,24.282528651816396,0.07912198141884623,80
7599.047919432,17.729999999998686,1,1,10.971592309178837,23.590337349794897,0.06867812383977963,1.1819667878703741,1.2282228298260516,0.8,1,24.287018890669675,0.07929936571196482,80
7599.059327605,17.739999999998698,1,1,11.306023384265291,23.79260919896256,0.024838375384237853,1.1628410057765748,1.2318528109778717,0.8,1,24.27610146022634,0.07946027571445173,84
7599.067862215,17.74999999999871,1,1,11.345601864049423,23.983928980250482,0.1,1.1436683812643473,1.2342473684452078,0.8,1,24.250126940034733,0.07960622677500893,86
7599.077912538,17.759999999998723,1,1,11.373007749613214,24.16432571415904,0.1,1.124456593138053,1.235326504121983,0.8,1,24.20959846481092,0.07973862448591759,90
7599.088237824,17.769999999998735,1,1,11.643141953383545,24.333767790392923,0.1,1.1052170468165088,1.2362900209466823,0.8,1,24.15509339270007,0.07985871984985095,92
7599.104142726,17.779999999998747,1,1,11.706328830483322,24.492274626487745,0.1,1.0859652424454393,1.2355673512498908,0.8,1,24.08706460153844,0.07996773823362786,97
7599.113947904,17.78999999999876,1,1,11.702896313370285,24.639818330868163,0.0634655740607123,1.0666956460837231,1.2330207654456684,0.8,1,24.0060402487536,0.08006670059316984,99
7599.126466861,17.79999999999877,1,1,11.595947368095514,24.77637831485554,0.0,1.0474057607979004,1.229830430240868,0.8,1,23.912576524856526,0.08015651009750935,101
7599.133478925,17.809999999998784,1,1,11.614389064586854,24.901901222646984,0.0,1.0281068461910308,1.226982392354581,0.8,1,23.80735320966179,0.08023799614585414,105
7599.143496256,17.819999999998796,1,1,11.292430556951029,25.01634205182275,0.0,1.0087971732476841,1.2216227036392904,0.8,1,23.691067370227604,0.08031197823325045,107
7599.154248746,17.829999999998808,1,1,11.150981892965557,25.1195212995294,0.1,0.989480172807368,1.215318197772784,0.8,1,23.564609877864815,0.0803791157056109,110
7599.164187555,17.83999999999882,1,1,10.868027695632865,25.211338682531274,0.1,0.9701626035332132,1.2083566592849484,0.8,1,23.428676729754862,0.08044006461168995,115
7599.17380752,17.849999999998833,1,1,10.432054576156794,25.29161861761264,0.10000000000000003,0.9508457108303058,1.200634173904894,0.8,1,23.284252534373085,0.08049536364591978,116
7599.184120769,17.859999999998845,1,1,10.256096688164556,25.360145441715837,0.055223286706287775,0.9315318073310137,1.1932683657796141,0.8,1,23.132293239776256,0.08054554336004827,117
7599.194951795,17.869999999998857,1,1,9.802402126003328,25.416767004416567,0.1,0.9122221166909188,1.1831555276652554,0.8,1,22.97365405450013,0.08059122296191729,122
7599.204173358,17.87999999999887,1,1,9.638359018267199,25.461267784678178,0.1,0.8929185533785662,1.1735016979032693,0.8,1,22.809220515827327,0.08063271320133661,125
7599.214260469,17.88999999999888,1,1,9.358553750612511,25.49347253514189,0.1,0.8736255111199472,1.163795000698382,0.8,1,22.639790996598887,0.08067047979528397,127
7599.228531096,17.899999999998894,1,1,8.88502651421619,25.51322642716737,0.1,0.8543507688780881,1.1527277300876522,0.8,1,22.4661825027016,0.08070493532252573,133
7599.237172168,17.909999999998906,1,1,8.21503503569306,25.52029736837997,0.0,0.8351063363570409,1.140065774840323,0.8,1,22.289284407935867,0.08073631115764451,143
7599.244958283,17.919999999998918,1,1,7.744987073921031,25.514417556218707,0.09999999999999999,0.8158793930163468,1.128639629110233,0.8,1,22.10994409868293,0.0807648391046262,153
7599.254386164,17.92999999999893,1,1,7.078332268586609,25.495380320215858,0.06573252427085181,0.7966744698305012,1.1145199253494864,0.8,1,21.928943305413988,0.08079089410488663,159
7599.264486031,17.939999999998943,1,1,6.685807523880591,25.462888802033103,0.027425252360098355,0.7775031660381077,1.1001960464948393,0.8,1,21.747098511036484,0.08081458059926774,167
7599.274896419,17.949999999998955,1,1,5.961598447490921,25.41658550184205,0.07431005853597242,0.7583653367668939,1.0853295925486954,0.8,1,21.565233086786897,0.080836093799419,170
7599.284453344,17.959999999998967,1,1,5.222328645379818,25.35620677549168,0.1,0.7392677599836767,1.0708864176359438,0.8,1,21.3840590134159,0.08085564151669117,174
7599.29497468,17.96999999999898,1,1,4.82290402393389,25.28155340150367,0.10000000000000002,0.720207081569367,1.0560077741415892,0.8,1,21.204154094789082,0.08087348649864934,177
7599.303462357,17.97999999999899,1,1,4.551995323294313,25.192489941584903,0.055072285323081345,0.7011791038936236,1.0413841645041861,0.8,1,21.02590789578354,0.08088990206233704,179
7599.314169953,17.989999999999004,1,1,4.666654570492459,25.089017895793436,0.10000000000000002,0.6821866426782341,1.0257780507340248,0.8,1,20.849464298330425,0.08090510860478989,181
7599.323974026,17.999999999999016,1,1,5.322150057530228,24.971302991687736,0.10000000000000002,0.6632300675069063,1.0088155394837741,0.8,1,20.674698382602198,0.08091927786047681,184
7599.334532238,18.009999999999028,1,1,5.599633459159239,24.83961444483233,0.0,0.6443158822514928,0.9929852297076108,0.8,1,20.50140368249705,0.08093251971498733,190
7599.344620886,18.01999999999904,1,1,5.869766791935169,24.69444867215005,0.1,0.625445389263212,0.9760668191068564,0.8,1,20.329396092465238,0.08094504328137431,192
7599.354661332,18.029999999999053,1,1,5.683391268928971,24.536141545859966,0.1,0.6066277626039743,0.9601049104747886,0.8,1,20.158907976354325,0.08095690531874278,195
7599.365149482,18.039999999999065,1,1,5.827446934996879,24.36490941071344,0.0039174920652630795,0.5878630990236486,0.9429217893705194,0.8,1,19.990174378729005,0.08096818931008648,202
7599.374276229,18.049999999999077,1,1,5.400014510457221,24.180892190998712,0.0,0.5691562432544445,0.9274554170924401,0.8,1,19.823418157820793,0.08097892405536788,205
7599.384326629,18.05999999999909,1,1,5.515121945454124,23.984262927474315,0.0,0.5505101696639537,0.9096464490374365,0.8,1,19.658840131635326,0.08098907973946318,206
7599.393565965,18.0699999999991,1,1,5.3796830885897675,23.775216874259478,0.1,0.5319323902924804,0.8920073872781886,0.8,1,19.496592200504704,0.08099862880428266,210
7599.403517299,18.079999999999114,1,1,5.173218186363432,23.55396460930241,0.1,0.5134252368966906,0.8744441814399007,0.8,1,19.33679158993029,0.08100754518289022,215
7599.414466038,18.089999999999126,1,1,4.965511347852649,23.320712318758694,0.0,0.49499541128872443,0.8564766323908254,0.8,1,19.179520380361055,0.081015831200278,220
7599.424172584,18.099999999999138,1,1,4.483218706496332,23.0756742070096,0.0,0.47665620330131936,0.8394383024011716,0.8,1,19.024841811098213,0.08102352214784742,225
7599.434426969,18.10999999999915,1,1,4.498967747588952,22.81908741224218,0.10000000000000002,0.45841715037512315,0.8288473741884275,0.8,1,18.872815758906412,0.0810306586759375,231
7599.444079794,18.119999999999163,1,1,4.330923609464001,22.551147040891163,0.02733593047539791,0.4402949090981059,0.8292889917764712,0.8,1,18.723522716229592,0.0810373367080906,233
7599.453833214,18.129999999999175,1,1,4.428953819871504,22.27198323739004,0.10000000000000002,0.4223048500670654,0.8274124200276308,0.8,1,18.57715947944029,0.08095363499815855,235
7599.464488373,18.139999999999187,1,1,4.588997845151876,21.982342817786016,0.0,0.40446717356024436,0.8266939590357227,0.8,1,18.433736769318465,0.08069382432943356,238
7599.473891582,18.1499999999992,1,1,4.580074297970102,21.683272822775038,0.09999999999999999,0.3868038629437719,0.8245911849810529,0.8,1,18.293141337956914,0.08027126276411195,239
7599.483561819,18.15999999999921,1,1,4.883279697629926,21.37546990993051,0.10000000000000002,0.36933907635176944,0.8238830037424323,0.8,1,18.15537596869559,0.07969413835265166,239
7599.493880662,18.169999999999224,1,1,5.072581176423966,21.059758012330267,0.10000000000000002,0.3521034534173247,0.8216722396080349,0.8,1,18.02035785491808,0.07897939173436086,239
7599.504018715,18.179999999999236,1,1,5.383828872736617,20.736924619878536,0.0,0.3351330692226839,0.8201411881459901,0.8,1,17.8879814967001,0.07877958782266115,244
7599.513893696,18.189999999999248,1,1,5.776091414764705,20.40772994936999,0.1,0.3184703094005481,0.8204842631935105,0.8,1,17.758164741326933,0.07898054736482751,245
7599.52413998,18.19999999999926,1,1,5.859869305407868,20.072846466611473,0.10000000000000002,0.30216924471002954,0.8157430440146627,0.8,1,17.630872237324173,0.07916204307005725,246
7599.533750279,18.209999999999273,1,1,5.64422368435203,19.732790413068642,0.1,0.28629331262293034,0.8067512389251806,0.8,1,17.50613140322142,0.07932605894380962,251
7599.544433147,18.219999999999285,1,1,5.85193451740444,19.387885295372584,0.1,0.27091756928123945,0.8037007089855478,0.8,1,17.38403479321261,0.07947435473590692,251
7599.554117841,18.229999999999297,1,1,5.751938390222864,19.038389539136375,0.0,0.25613233374006833,0.7958362779017037,0.7958362779017037,0,17.264674535222884,0.07959454850642023,253
7599.565336362,18.23999999999931,1,1,5.7359610745913905,18.684573537484614,0.0,0.24204678493370937,0.7915346575538658,0.7915346575538658,0,17.148186260304502,0.07964925205772633,256
7599.574175967,18.24999999999932,1,1,5.485461575190748,18.32674389082422,0.1,0.22879117146407224,0.7817412320903733,0.7817412320903733,0,17.034678344906897,0.0796242309720061,261
7599.584118055,18.259999999999334,1,1,5.167349500991681,17.96531547103718,0.0,0.21651937052080356,0.7695445800266537,0.7695445800266537,0,16.924221440545608,0.07949581938914307,264
7599.594045904,18.269999999999346,1,1,5.07448704287289,17.600597400337975,0.02761165147478577,0.20539790049978443,0.7604067560809232,0.7604067560809232,0,16.816885820557623,0.07928480399640603,266
7599.603927846,18.279999999999358,1,1,4.954110510731202,17.232841471430955,0.0,0.19562971604508883,0.7531472637414813,0.7531472637414813,0,16.712714464419697,0.07901639122544823,273
7599.613883045,18.28999999999937,1,1,4.674142554449666,16.8622608050159,0.0,0.1874415696254731,0.7395872850466444,0.7395872850466444,0,16.611767279818014,0.07867362360569685,275
7599.623856471,18.299999999999383,1,1,4.468540769680566,16.489214569032992,0.1,0.18103637915698426,0.7290877785005311,0.7290877785005311,0,16.514045766543706,0.07824516349216659,275
7599.635027956,18.309999999999395,1,1,4.213818302656827,16.113928977872337,0.0,0.1766108576886365,0.7164114564920299,0.7164114564920299,0,16.419563668707067,0.07774697193304436,278
7599.643861179,18.319999999999407,1,1,3.9943180057620835,15.736643643704081,0.1,0.17431126879180853,0.70456140810566,0.70456140810566,0,16.328326202018246,0.07717307253523731,281
7599.653713336,18.32999999999942,1,1,3.9650378879039936,15.357542338023496,0.0,0.17422937590425758,0.6964455918015974,0.6964455918015974,0,16.24035101749505,0.07657045679732288,281
7599.663797951,18.33999999999943,1,1,3.705867186827962,14.976860959915605,0.0,0.176362007787402,0.6804495139140732,0.6804495139140732,0,16.15559997911093,0.07589465356465386,282
7599.673796941,18.349999999999444,1,1,3.3391134617640503,14.594992071762402,0.08748014283454032,0.1806287569993605,0.6683389966198643,0.6683389966198643,0,16.07400145427923,0.07515899048260333,286
7599.683846083,18.359999999999456,1,1,3.3216389565685063,14.212113158154061,0.09999999999999999,0.1868936034247092,0.6558690516939776,0.6558690516939776,0,15.995554690625319,0.07439656414437867,286
7599.693898428,18.369999999999468,1,1,3.256114165624112,13.82851415281657,0.02325488289081887,0.19495323626971414,0.6449368301016806,0.6449368301016806,0,15.920212534368968,0.07357672162097662,0
7599.705097514,18.37999999999948,1,1,3.24009600216352,13.444573456064088,0.10000000000000002,0.20460558799185016,0.6294009248289749,0.6294009248289749,0,15.847897190443243,0.0727021860960908,5
7599.714660469,18.389999999999493,1,1,3.2135042198119934,13.060703561531271,0.09541952704456973,0.21563498317473492,0.6196068627567072,0.6196068627567072,0,15.778501588224078,0.0717853342746182,14
7599.723732127,18.399999999999505,1,1,3.165915734756952,12.67722131364167,0.0,0.22783458420410904,0.6030943671461035,0.6030943671461035,0,15.711958237395338,0.07082763719096485,16
7599.735523324,18.409999999999517,1,1,3.04136614438155,12.294569992982156,0.1,0.24102584051588033,0.5879436761143217,0.5879436761143217,0,15.648169796940248,0.06982488279550547,17
7599.743498011,18.41999999999953,1,1,2.7576313778304087,11.913184702654727,0.0,0.25505820737221596,0.5735670186476651,0.5735670186476651,0,15.587053368762442,0.06877545125095352,21
7599.753824528,18.42999999999954,1,1,2.6975779883628577,11.533424766932251,0.1,0.2698023530220927,0.5606600624996207,0.5606600624996207,0,15.528571803024894,0.06770632628947837,21
7599.763532214,18.439999999999554,1,1,2.6118688575606206,11.15576519938107,0.0,0.28514417680246873,0.5447985478423388,0.5447985478423388,0,15.472659222005973,0.06658338090205507,21
7599.77394771,18.449999999999566,1,1,2.5027984870777202,10.78083902743322,0.0,0.30099349606216425,0.5301175441202455,0.5301175441202455,0,15.419213098999032,0.06542510156910719,25
7599.784055536,18.459999999999578,1,1,2.3842490805565997,10.409185923240898,0.0,0.3172782601263306,0.514721581294048,0.514721581294048,0,15.368180983921656,0.06423447725728781,25
7599.793942281,18.46999999999959,1,1,2.282358191918929,10.041425099331711,0.0,0.3339299643529714,0.49972417066145824,0.49972417066145824,0,15.319509830327249,0.06301210752457953,26
7599.805241814,18.479999999999603,1,1,2.1711091926652166,9.678245198343255,0.1,0.3508922761047226,0.4842617519267038,0.4842617519267038,0,15.273147181228506,0.06176781375641105,29
7599.813542023,18.489999999999615,1,1,1.985151566678366,9.320418832307539,0.0,0.368119673654149,0.4677772897709362,0.4677772897709362,0,15.229046176527092,0.060478690408134916,33
7599.824709531,18.499999999999627,1,1,1.8816217507448025,8.968841549358629,0.1,0.3855805290878535,0.452914970366524,0.452914970366524,0,15.18715315216792,0.05917525944311808,34
7599.834291139,18.50999999999964,1,1,1.7939097056897264,8.624469890434453,0.0,0.40324449139466356,0.4362833328563833,0.4362833328563833,0,15.147423615376438,0.05783226093610638,39
7599.844323744,18.51999999999965,1,1,1.6146771522737473,8.288457044647076,0.0273359304752862,0.4210837468276017,0.4196620985733387,0.4196620985733387,0,15.109806407984905,0.0564657342270789,46
7599.855259821,18.529999999999664,1,1,1.5298672374504967,7.962010649312784,0.0,0.4390773754109552,0.4070577276575406,0.4070577276575406,0,15.074275301120728,0.05508871062924925,51
7599.864296628,18.539999999999676,1,1,1.3572387062212836,7.6465648934437676,0.0,0.4572061374220392,0.3902161001389685,0.3902161001389685,0,15.040763173015828,0.053701558692407225,59
7599.879574526,18.549999999999688,1,1,1.2600976987999861,7.343831867717241,0.1,0.4754538802660352,0.37227958878363737,0.37227958878363737,0,15.009218588291178,0.05227660847416149,64
7599.889441635,18.5599999999997,1,1,1.1857791410809335,7.055720167585036,0.09999999999999999,0.49380662666910013,0.35680189439614673,0.35680189439614673,0,14.979573943150141,0.05082842340213545,71
7599.899126137,18.569999999999713,1,1,1.1235768928344383,6.784205756585133,0.0,0.5122526392626129,0.33777269578379776,0.33777269578379776,0,14.95177832632913,0.04936074471274865,77
7599.909175502,18.579999999999725,1,1,1.0540592845615266,6.531495618728981,0.0,0.5307812253799566,0.3246942806259219,0.3246942806259219,0,14.925766609630333,0.047876895339351355,82
7599.919176101,18.589999999999737,1,1,0.9691806944074609,6.299855061895323,0.10000000000000003,0.5493774131592923,0.30704202344919385,0.30704202344919385,0,14.901502294316373,0.04636993452003768,83
7599.929224726,18.59999999999975,1,1,0.9447638848459963,6.091894932705161,0.1,0.5680352007136809,0.2896103207058076,0.2896103207058076,0,14.878931988081085,0.044854407560365184,84
7599.942147392,18.60999999999976,1,1,0.9376748687584677,5.910314582958245,0.10000000000000002,0.5867483065538276,0.27349972709935527,0.27349972709935527,0,14.857995531908644,0.043327200574882596,87
7599.949187609,18.619999999999774,1,1,0.9234001079311128,5.757806205977441,0.0,0.6055066563497609,0.25852697726436036,0.25852697726436036,0,14.838627111487956,0.0417849380108144,92
7599.959441048,18.629999999999786,1,1,0.812767351944735,5.637221376529693,0.1,0.6243114527739232,0.23997996101566535,0.23997996101566535,0,14.820762865824937,0.04023370662795056,92
7599.969703223,18.639999999999798,1,1,0.8749243198408735,5.551519606921151,0.0,0.6431483913812917,0.2220688789390145,0.2220688789390145,0,14.804330022739848,0.03866760344915199,93
7599.979260008,18.64999999999981,1,1,0.9069645108717035,5.501760514013813,0.0,0.6620209513897545,0.20602606960890396,0.20602606960890396,0,14.789288697989889,0.037085883728606994,99
7599.989150747,18.659999999999823,1,1,0.9530903498363945,5.488408894446117,0.0,0.680925784928738,0.1966339077944435,0.1966339077944435,0,14.775588837933382,0.035498293495482613,99
7599.999199282,18.669999999999835,1,1,0.9779068473505449,5.511587247010001,0.1,0.699858830345184,0.21434450048849327,0.21434450048849327,0,14.763184787068328,0.03390988258025551,99
7600.009148628,18.679999999999847,1,1,1.2421629194699102,5.57071010130986,0.0,0.7188162772460965,0.23287657161239292,0.23287657161239292,0,14.752042770140052,0.032339057153868644,104
7600.019156431,18.68999999999986,1,1,1.101801916679707,5.664489498757355,0.1,0.7377947066902897,0.2499914595600651,0.2499914595600651,0,14.74212134962187,0.030765626466991103,105
7600.029215473,18.69999999999987,1,1,1.1622902181193706,5.791173474943256,0.0,0.7567908455416803,0.2678076208292331,0.2678076208292331,0,14.733379902717509,0.029175576046517993,105
7600.041716882,18.709999999999884,1,1,1.11985098667664,5.94848815733228,0.09999999999997156,0.7758015040530385,0.28517486056328717,0.28517486056328717,0,14.725807379695073,0.027575957855361155,107
7600.049375983,18.719999999999896,1,1,0.8755515140555056,6.133937442156982,0.0,0.7948235881149114,0.30173185203211966,0.30173185203211966,0,14.719391382342103,0.02594855361965487,110
7600.059156913,18.729999999999908,1,1,0.9099477107952173,6.344925429963052,0.1,0.8138541077597482,0.31932917411195166,0.31932917411195166,0,14.714104263270226,0.024314561795660383,110
7600.069567255,18.73999999999992,1,1,0.8637014324524114,6.578802545822254,0.1,0.8328900590145049,0.3365021365243495,0.3365021365243495,0,14.709948073176214,0.022662164981390953,113
7600.080207404,18.749999999999932,1,1,0.9421718591077002,6.833085989667573,0.0,0.8519285545146255,0.35395206519346817,0.35395206519346817,0,14.706911221048749,0.02101628653357346,122
7600.08943568,18.759999999999945,1,1,0.8975894040719725,7.105442923751916,0.0,0.8709665223059478,0.37096423497560227,0.37096423497560227,0,14.7049984971581,0.019502610694994815,126
7600.099227075,18.769999999999957,1,1,0.743505789944955,7.393769661869681,0.04012434677649912,0.890000751570409,0.3872871174583132,0.3872871174583132,0,14.704198544308882,0.021267094358881522,127
7600.111090638,18.77999999999997,1,1,0.9011049856756151,7.696161646194383,0.1,0.9090299429723446,0.4049767898918353,0.4049767898918353,0,14.70446721343441,0.023025263626922143,132
7600.119217584,18.78999999999998,1,1,0.8963933284584736,8.010870521148862,0.0,0.9280474471282784,0.4216289687808927,0.4216289687808927,0,14.705801021558147,0.02477967730228614,135
7600.129267775,18.799999999999994,1,1,0.8513378329515542,8.336403691267092,0.0,0.947052629430899,0.4383049321508615,0.4383049321508615,0,14.708201617871907,0.026525898987976748,136
7600.139364891,18.810000000000006,1,1,0.7891197630812072,8.671437617270925,0.1,0.9660387702980197,0.45462819403459676,0.45462819403459676,0,14.711657192847321,0.02826513168159428,137
7600.149208916,18.820000000000018,1,1,0.7957024074433408,9.01479350043315,0.09999999999999999,0.9850030592085667,0.47110889396106126,0.47110889396106126,0,14.716107262123703,0.029996376569372263,140
7600.159839093,18.83000000000003,1,1,0.8785209292918448,9.365355217004742,0.1,1.0039438186937844,0.4880034340716295,0.4880034340716295,0,14.721284365077064,0.03172132194835142,140
7600.169210737,18.840000000000042,1,1,0.8035827128734184,9.722079571187297,0.10000000000000002,1.0228526039922625,0.5041063394712163,0.5041063394712163,0,14.72724034943557,0.033436110148419074,143
7600.179969768,18.850000000000055,1,1,1.0142995595616862,10.08447714670292,0.0,1.0417284155272615,0.5208789983651977,0.5208789983651977,0,14.734256189650967,0.03514448565429518,150
7600.189360186,18.860000000000067,1,1,0.7999264166338791,10.452106289796626,0.09999999999999999,1.060556700943078,0.5364912790072944,0.5364912790072944,0,14.742371494383658,0.036843593702133526,152
7600.199186325,18.87000000000008,1,1,0.6443206825485923,10.823988342993685,0.10000000000000002,1.0793302434063525,0.5519620569955531,0.5519620569955531,0,14.751433607817749,0.03853250467350133,155
7600.213948163,18.88000000000009,1,1,0.79515798939251,11.199753938501642,0.1,1.0980396520346023,0.568344691496056,0.568344691496056,0,14.761540429993182,0.04020941838223424,160
7600.219220316,18.890000000000104,1,1,0.5427972184352551,11.578935712998582,0.10000000000000002,1.1166715176450233,0.5833843686748345,0.5833843686748345,0,14.77270886683825,0.04187251281851634,167
7600.22919549,18.900000000000116,1,1,0.6241034953425593,11.961061828921997,0.09999999999999999,1.1352256584790097,0.5992869343760048,0.5992869343760048,0,14.784912636893027,0.04353061554887294,169
7600.239204885,18.910000000000128,1,1,0.4694539141706185,12.345746141737672,0.1,1.1536652221671035,0.6141852619867572,0.6141852619867572,0,14.798174447196995,0.04517186183098809,172
7600.249198097,18.92000000000014,1,1,0.7576249653534588,12.732621700294677,0.1,1.1719910642854305,0.6300749737991986,0.6300749737991986,0,14.812464873411248,0.04680744022677252,179
7600.259139656,18.930000000000152,1,1,0.4584119444500561,13.121340992108049,0.1,1.1901696492910085,0.6445074240410957,0.6445074240410957,0,14.827794138622114,0.04842936500072936,181
7600.269219519,18.940000000000165,1,1,0.6306144699232764,13.5115711647901,0.0,1.2081633304866661,0.6596146255902897,0.6596146255902897,0,14.844156625794236,0.050039694762493925,185
7600.281790029,18.950000000000177,1,1,0.7973723603109163,13.903033345212041,0.1,1.225946496918185,0.6746783632159968,0.6746783632159968,0,14.861570019756202,0.0516401884434875,190
7600.289433066,18.96000000000019,1,1,0.6105452041194717,14.295396191013518,0.1,1.2434583072246832,0.6887276605958501,0.6887276605958501,0,14.880034127576236,0.053228307147872744,196
7600.299394199,18.9700000000002,1,1,0.4757321051106589,14.688319150351903,0.10000000000000002,1.260615142788354,0.7026435690420266,0.7026435690420266,0,14.899557788757116,0.054797223070397805,199
7600.309202048,18.980000000000214,1,1,0.6438210629522473,15.08144282367769,0.09999999999999999,1.2773155373566825,0.7168443692802807,0.7168443692802807,0,14.920136467977395,0.05635100668765575,202
7600.319186018,18.990000000000226,1,1,0.575195584693118,15.474363011925158,0.0,1.2934022290333473,0.7301873624015887,0.7301873624015887,0,14.94178644078234,0.05788557649025999,209
7600.329166028,19.000000000000238,1,1,0.6207349317370354,15.866548766969656,0.10000000000000002,1.3087586742356776,0.7436501565702923,0.7436501565702923,0,14.964508875586755,0.05940269034069984,212
7600.339520154,19.01000000000025,1,1,0.6166068232340701,16.257410885348456,0.10000000000000002,1.3230788108596925,0.7564982211221025,0.7564982211221025,0,14.988342580860618,0.06090179334692325,214
7600.350906796,19.020000000000262,1,1,0.6105017511920406,16.646178082000525,0.0,1.3359145927123868,0.7686562449266426,0.7686562449266426,0,15.013309491142818,0.06237475707495904,219
7600.359725043,19.030000000000275,1,1,0.47290379589745624,17.031745989851867,0.1,1.346550901887599,0.7803156905501146,0.7803156905501146,0,15.03941334125658,0.06382172995906976,222
7600.369313742,19.040000000000287,1,1,0.4544367333230942,17.412575414359075,0.10000000000000002,1.3540538617617974,0.7918760423986104,0.7918760423986104,0,15.06665358761602,0.06523984322395748,224
7600.379192856,19.0500000000003,1,1,0.6962077553585725,17.786494963768817,0.1,1.3572031954212502,0.803137907691232,0.8,1,15.0950148525059,0.06662781011637914,224
7600.389137915,19.06000000000031,1,1,0.8591508911094494,18.150650742067032,0.003917492065309044,1.3540882338178113,0.8132924812046795,0.8,1,15.12452696038252,0.06790374543492611,228
7600.399104971,19.070000000000324,1,1,0.7089002119111422,18.501572726488615,0.09999999999999999,1.3434491641262216,0.8218618760746053,0.8,1,15.155166403721388,0.06905720046328506,229
7600.409313121,19.080000000000336,1,1,0.7526326052678725,18.83631637288306,0.040241548173743785,1.3275244980077405,0.8297594162247437,0.8,1,15.18688953279557,0.07009989875159395,231
7600.419991888,19.090000000000348,1,1,0.8674540205865783,19.15361201695533,0.014291425189569034,1.3093482721065148,0.837179472106738,0.8,1,15.219640569718237,0.07104246676833842,237
7600.429192183,19.10000000000036,1,1,0.8878249723685407,19.453155548871,0.003917492065272621,1.2903272162802306,0.8433338694539912,0.8,1,15.253402808946358,0.07189451900387933,241
7600.439530756,19.110000000000372,1,1,0.7064464254939462,19.735001467257746,0.10000000000000003,1.2709261695787148,0.8482315268904463,0.8,1,15.288170160849377,0.07266475588399912,244
7600.452089568,19.120000000000385,1,1,0.8063387445765577,19.99927283455,0.0,1.2513358716714829,0.8525561147092949,0.8,1,15.323949413198228,0.07336097122815899,247
7600.459163479,19.130000000000397,1,1,0.8424563306737528,20.246199063616896,0.09999999999999999,1.2316376608122535,0.8565856121473501,0.8,1,15.360749158936553,0.07399029550404429,251
7600.469343365,19.14000000000041,1,1,0.7259949978003608,20.475895164119603,0.1,1.2118676976443168,0.8594873689403586,0.8,1,15.398559464069804,0.07455915283888986,251
7600.479201103,19.15000000000042,1,1,0.6050333111187395,20.68855653369578,0.10000000000000002,1.1920538099116573,0.8613422703034798,0.8,1,15.437396880902156,0.0750733780700148,252
7600.489214832,19.160000000000434,1,1,0.7675955563174824,20.884386530261757,0.1,1.1722101582795998,0.8633338185603667,0.8,1,15.477239330548908,0.07553820438312037,259
7600.499165913,19.170000000000446,1,1,0.7689531580466985,21.063577242747407,0.0016547843574731649,1.1523431031158775,0.8646072175029058,0.8,1,15.518081434793105,0.07595837109642795,261
7600.509328634,19.180000000000458,1,1,0.9814950007781429,21.22630704065168,0.0,1.1324633937822117,0.8653342601800904,0.8,1,15.559945310053934,0.07633818933175424,263
7600.51981149,19.19000000000047,1,1,0.9901256508034878,21.372852781052885,0.06301306883935134,1.1125731971689916,0.865358052064738,0.8,1,15.602845573282915,0.07668156025357725,267
7600.529365268,19.200000000000482,1,1,1.0476082886232885,21.503386418526013,0.10000000000000002,1.0926732076867705,0.8650566628037404,0.8,1,15.646765499443214,0.07699198388257017,268
7600.539407715,19.210000000000495,1,1,1.007148042434979,21.618088793303972,0.09999999999999999,1.0727681763645764,0.863556039314839,0.8,1,15.69170651090512,0.07727260687626852,270
7600.549124004,19.220000000000507,1,1,0.9986004960012508,21.717164887584868,0.0022193227745742226,1.0528601293545161,0.8611021286988586,0.8,1,15.737678376676136,0.07752627315117128,273
7600.559394717,19.23000000000052,1,1,0.9772658337737453,21.800823552048254,0.0,1.0329504821426634,0.8591570135846228,0.8,1,15.784662314316016,0.07775554407646434,279
7600.56922218,19.24000000000053,1,1,1.126012142017394,21.869348206968468,0.09999999999999999,1.0130389076255437,0.8571455081944079,0.8,1,15.83264535646196,0.07796281862911092,281
7600.579429015,19.250000000000544,1,1,1.3097440613655407,21.923208659889127,0.0,0.9931266680587751,0.8546340592124007,0.8,1,15.881682886861686,0.07815026580465262,283
7600.589191666,19.260000000000556,1,1,1.2944121322624025,21.962945124933345,0.0,0.9732135542728307,0.8510880363406768,0.8,1,15.931835633286397,0.07831982802810028,289
7600.599166547,19.270000000000568,1,1,1.239411581806232,21.988969765865512,0.10000000000000002,0.9533000582103449,0.8469065582755683,0.8,1,15.983098842709808,0.07847319078485626,292
7600.609175575,19.28000000000058,1,1,1.2444385048784739,22.00165648130757,0.1,0.9333867666781106,0.8424006109076674,0.8,1,16.035458222485424,0.07861187861691488,295
7600.621206672,19.290000000000592,1,1,1.3102951648774999,22.001322448449983,0.1,0.9134732259089479,0.837651151570175,0.8,1,16.08890386707298,0.07873730220698105,299
7600.629342213,19.300000000000605,1,1,1.29902531887019,21.98822395956591,0.1,0.8935589733685293,0.8330863648120784,0.8,1,16.1434193535118,0.07885073964102107,304
7600.639395508,19.310000000000617,1,1,1.3255882189649808,21.962591839052862,0.1,0.8736432047827366,0.8380759836693588,0.8,1,16.198985875066338,0.07895336031289246,305
7600.649110139,19.32000000000063,1,1,1.3888594416733797,21.924723472574268,0.1,0.8537258243457855,0.8400488923813614,0.8,1,16.255610357393838,0.07904619886518338,309
7600.659218422,19.33000000000064,1,1,1.5219685537594752,21.874919301355362,0.0,0.8338073204792571,0.8394810948025374,0.8,1,16.3133133685607,0.07913021188310881,314
7600.669182375,19.340000000000654,1,1,1.425502663503345,21.813377268578634,0.1,0.8138883802054495,0.8410845933195144,0.8,1,16.372102898038243,0.07920627567127403,317
7600.67938378,19.350000000000666,1,1,1.4043778369295956,21.74019755137366,0.1,0.7939687610405711,0.8401781194726401,0.8,1,16.43192929621711,0.07927503181826473,318
7600.690452625,19.360000000000678,1,1,1.5638034103793723,21.655529809789737,0.0,0.7740489627802702,0.838273393106709,0.8,1,16.492747625112024,0.07929871804972524,323
7600.69912856,19.37000000000069,1,1,1.5377626834478118,21.5597153640281,0.1,0.7541293191403672,0.8383423084366943,0.8,1,16.55455481071236,0.07924599740986882,1
7600.709129391,19.380000000000702,1,1,1.5236624287053266,21.45315729818001,0.09999999999999999,0.7342101459675714,0.8391997379944758,0.8,1,16.617339925000053,0.07911504751475745,1
7600.719093389,19.390000000000715,1,1,1.6552755705853623,21.336249415670558,0.1,0.7142918429866244,0.8356110370872636,0.8,1,16.681068321957113,0.07891198070327765,1
7600.72944729,19.400000000000727,1,1,1.7177196334222127,21.209360393417303,0.1,0.6943741213716528,0.8337407087484383,0.8,1,16.745739501397612,0.07864886452016984,5
7600.739133823,19.41000000000074,1,1,1.841674046894794,21.072850136359545,0.0,0.6744577140567003,0.8286161687272867,0.8,1,16.811377490821844,0.0783258434440359,6
7600.749289518,19.42000000000075,1,1,1.8428114348030986,20.926993203011726,0.1,0.6545429522637072,0.8271580363066215,0.8,1,16.877980173793002,0.07794364175119646,7
7600.759637223,19.430000000000764,1,1,1.9625972762710373,20.772028714074658,0.0,0.6346301419717325,0.8212707795450829,0.8,1,16.945532550752464,0.07775776973301674,13
7600.769371078,19.440000000000776,1,1,2.083387572437266,20.608146691658547,0.09999999999999999,0.6147197613029508,0.8186159340394428,0.8,1,17.014042504938498,0.07793803914022868,14
7600.779177906,19.450000000000788,1,1,2.0754318691597393,20.435532856558236,0.0,0.5948122436410809,0.8115664173299026,0.8,1,17.08350620676809,0.0781011759405601,16
7600.792020057,19.4600000000008,1,1,2.0897269063372126,20.254332924174737,0.09999999999999999,0.57490835836406,0.8074137446417482,0.8,1,17.15388333143227,0.07824891059457029,19
7600.799192581,19.470000000000812,1,1,2.1531566856815147,20.064671129985992,0.1,0.5550079338363162,0.8017955291220403,0.8,1,17.225109741279976,0.07838264480120416,24
7600.80956651,19.480000000000825,1,1,2.251679231564482,19.86674784565226,0.09999999999999999,0.5351120931112262,0.7934424437041244,0.7934424437041244,0,17.29718240479341,0.07848367964709957,28
7600.819190893,19.490000000000837,1,1,2.262261157735502,19.660850969118655,0.0,0.515221456198496,0.7902130750976339,0.7902130750976339,0,17.37010164261633,0.07850707590551509,30
7600.829669239,19.50000000000085,1,1,2.3308008894027967,19.447258910932995,0.0,0.49533620375454507,0.7827685104631841,0.7827685104631841,0,17.44386492027392,0.07847937847012987,37
7600.839093544,19.51000000000086,1,1,2.4190717215721804,19.226348544678974,0.1,0.4754575430945948,0.7729282533621168,0.7729282533621168,0,17.51849642853172,0.07838142091191092,41
7600.84917663,19.520000000000874,1,1,2.497438055375864,18.998527368280463,0.09999999999999999,0.45558716196958454,0.7649946290928098,0.7649946290928098,0,17.594023264201557,0.0781953938111064,44
7600.86023467,19.530000000000886,1,1,2.5898267082619126,18.764083508640436,0.0,0.4357252308178802,0.7538554551528095,0.7538554551528095,0,17.670442724200846,0.07793328607425032,48
7600.869152352,19.540000000000898,1,1,2.641776601919601,18.52334787679687,0.1,0.4158735036497565,0.7460495187478481,0.7460495187478481,0,17.747814051082525,0.07760941358465678,50
7600.879493326,19.55000000000091,1,1,2.7101851763075104,18.276554791194823,0.0,0.3960342075866801,0.7358545226227262,0.7358545226227262,0,17.826127832407238,0.0772291488909862,53
7600.889461529,19.560000000000922,1,1,2.7677269487042944,18.023965168291966,0.0,0.3762101747224663,0.726246381131559,0.726246381131559,0,17.90540253092399,0.07679526316401364,55
7600.899285976,19.570000000000935,1,1,2.822381054120809,17.765860256182236,0.0,0.35640240333005496,0.7163541157478343,0.7163541157478343,0,17.98567337238209,0.0763094125664221,62
7600.909111466,19.580000000000947,1,1,2.8740702279480996,17.50249361814796,0.0,0.33661385561644225,0.7061946399777157,0.7061946399777157,0,18.066953366338474,0.07577395142174259,65
7600.919334522,19.59000000000096,1,1,2.9213252035873554,17.23409989366224,0.0,0.31685123822128397,0.6960721688422026,0.6960721688422026,0,18.149246844360363,0.07519257250197797,70
7600.929213666,19.60000000000097,1,1,2.935957172225536,16.9608932605171,0.09085250631085717,0.297118374105146,0.6895772676846459,0.6895772676846459,0,18.2325590303559,0.07457804899253118,77
7600.93946469,19.610000000000984,1,1,3.0160575345599767,16.683049562051966,0.0,0.27742496157537955,0.6752014505875295,0.6752014505875295,0,18.316880042724147,0.07392861323611588,82
7600.949351672,19.620000000000996,1,1,3.0409870900560776,16.400858010988944,0.1,0.257779807479592,0.666117614260625,0.666117614260625,0,18.402231389656592,0.07323690607890176,85
7600.961410136,19.630000000001008,1,1,3.093064222136121,16.114481055323942,0.0,0.23819800934696372,0.6542477662853065,0.6542477662853065,0,18.488608784349378,0.07250852047218026,89
7600.969153443,19.64000000000102,1,1,3.1208097355684954,15.82416057926021,0.1,0.2186987306781803,0.6449355777369783,0.6449355777369783,0,18.57603824482107,0.07175446312918154,94
7600.979204424,19.650000000001032,1,1,3.1827540506011633,15.530043132403936,0.0,0.19930736802739896,0.6362039690593866,0.6362039690593866,0,18.664502729402887,0.07098111833029441,97
7600.989090775,19.660000000001045,1,1,3.207217372151944,15.232329391859109,0.0,0.18006282441304158,0.6216186495514325,0.6216186495514325,0,18.753988283400002,0.0701570692338791,100
7600.999156849,19.670000000001057,1,1,3.249116019572856,14.931293530520726,0.0007901088227624955,0.16102339943418306,0.6105789400794631,0.6105789400794631,0,18.844549107598482,0.06930170632189037,108
7601.009911256,19.68000000000107,1,1,3.2971782666447975,14.627073829581406,0.1,0.14227021775415483,0.6010370867135314,0.6010370867135314,0,18.936178096975706,0.06843399729077826,111
7601.019207445,19.69000000000108,1,1,3.3527781073258347,14.319779903274537,0.09999999999999999,0.12393949932859956,0.5904315646450091,0.5904315646450091,0,19.028833511207846,0.06755694123517209,114
7601.029506199,19.700000000001094,1,1,3.4561153163498624,14.009597183027703,0.0,0.10625853592945682,0.581935110417841,0.581935110417841,0,19.12249202483256,0.06666607289668747,118
7601.039042426,19.710000000001106,1,1,3.418315989481939,13.696723163882977,0.1,0.0896106172552326,0.5667576798772257,0.5667576798772257,0,19.217144609419982,0.0657447913978314,119
7601.04918504,19.720000000001118,1,1,3.5093664439085814,13.381465615651697,0.1,0.07470708501307989,0.5574267840821112,0.5574267840821112,0,19.31284537480848,0.06479036373129521,122
7601.059166741,19.73000000000113,1,1,3.5873288467210465,13.063963686911425,0.1,0.0628205882849029,0.5469009487868367,0.5469009487868367,0,19.409596548910542,0.06384197697455563,123
7601.069337911,19.740000000001142,1,1,3.7485102109926927,12.744400885512754,0.1,0.05589891908869921,0.5367925353340828,0.5367925353340828,0,19.50738668016483,0.06289665162266,128
7601.079186173,19.750000000001155,1,1,3.960395871962697,12.423073683093225,0.1,0.055832343415162834,0.5281873749732816,0.5281873749732816,0,19.6063004014897,0.061932632373231544,130
7601.089182006,19.760000000001167,1,1,4.075955953317464,12.100268985535935,0.1,0.06265864566487382,0.515341016342918,0.515341016342918,0,19.706389655306022,0.0609570407721286,133
7601.099037552,19.77000000000118,1,1,4.30625832575305,11.776359467496976,0.0,0.07452533755985398,0.5071974048130441,0.5071974048130441,0,19.807773119240895,0.059988800283626964,139
7601.109308653,19.78000000000119,1,1,4.438170241737083,11.451561536231452,0.0,0.08944633145834731,0.4965176550608974,0.4965176550608974,0,19.91041855836789,0.05901303886039411,141
7601.119453725,19.790000000001204,1,1,4.5422657252628325,11.126203947774565,0.10000000000000002,0.1061502541812746,0.4825749026556336,0.4825749026556336,0,20.014325593856572,0.058003189536748545,144
7601.131332522,19.800000000001216,1,1,4.9191806066642565,10.800651558806143,0.1,0.12394020956735435,0.4757799956512628,0.4757799956512628,0,20.119577408513383,0.05699195003937396,148
7601.139191661,19.810000000001228,1,1,5.073677108213365,10.475162851078826,0.09999999999999999,0.1424050572812807,0.46216262853180234,0.46216262853180234,0,20.226169649033093,0.05599666809805093,151
7601.149153487,19.82000000000124,1,1,5.4171033634471435,10.150176035038536,0.03805793250943266,0.16131634806939163,0.45506796322417814,0.45506796322417814,0,20.334141048301447,0.05498679112378513,152
7601.159299604,19.830000000001252,1,1,5.585983952644774,9.826079187299225,0.0,0.18054231322254302,0.4446779565670974,0.4446779565670974,0,20.4434757155487,0.05447563028174185,153
7601.169400761,19.840000000001265,1,1,5.817537161456282,9.50331999161706,0.1,0.19999812075108464,0.4357189844050595,0.4357189844050595,0,20.554127836419998,0.05398545406294064,158
7601.179177997,19.850000000001277,1,1,6.0271349105724195,9.182440635794562,0.1,0.21961596378028983,0.43172138737987575,0.43172138737987575,0,20.666098331716903,0.05350483625249536,159
7601.189695843,19.86000000000129,1,1,6.436636772352189,8.864094036363646,0.03805793250943249,0.23935640170280564,0.4249038826814812,0.4249038826814812,0,20.77944496754891,0.05300821555386115,161
7601.199114566,19.8700000000013,1,1,6.476954973462248,8.548880969228149,0.1,0.259192436655708,0.41626300883045475,0.41626300883045475,0,20.894101531169284,0.052470429172448374,165
7601.209277123,19.880000000001314,1,1,6.693401941481238,8.237503284176666,0.1,0.27909058526848796,0.4093583812937966,0.4093583812937966,0,21.009987168861613,0.051928262174773976,168
7601.219607872,19.890000000001326,1,1,6.861575216686496,7.930803785215196,0.1,0.29903382968251574,0.40222441419137495,0.40222441419137495,0,21.127103447853507,0.05137109961508979,171
7601.229407525,19.900000000001338,1,1,7.250115151725529,7.629689188086421,0.010446443466817388,0.3190087944068894,0.395027764172719,0.395027764172719,0,21.24539319788688,0.05079344816970721,172
7601.23934767,19.91000000000135,1,1,7.279742976001896,7.3351534184610605,0.1,0.3390036320766956,0.38811994323894516,0.38811994323894516,0,21.36473516485296,0.050207428181416325,177
7601.24914937,19.920000000001362,1,1,7.549263866948862,7.0485701188978975,0.1,0.35900197006146134,0.38036686068674247,0.38036686068674247,0,21.485131976326183,0.04960472176946373,179
7601.259397544,19.930000000001375,1,1,7.79709192491249,6.771332184111385,0.024613810125415362,0.37899259109260236,0.37293223801177855,0.37293223801177855,0,21.60652539483598,0.04898920716236954,180
7601.269125851,19.940000000001387,1,1,7.945315511826348,6.505077988725618,0.1,0.398958165104268,0.3658222348608114,0.3658222348608114,0,21.728834790909023,0.04836242966185611,186
7601.27935007,19.9500000000014,1,1,8.018294905507881,6.251757883154957,0.1,0.41888929869497005,0.35903496273717317,0.35903496273717317,0,21.852046641402897,0.047729027691837955,186
7601.289611883,19.96000000000141,1,1,8.315496778213092,6.013498198684265,0.09328065070393272,0.43876683863965854,0.3531051205229694,0.3531051205229694,0,21.97614092796399,0.047093151320208526,186
7601.30110674,19.970000000001424,1,1,8.68544797594145,5.792650781590187,0.1,0.4585730685761772,0.34839329281280795,0.34839329281280795,0,22.10109514844969,0.0464607672590438,188
7601.309254884,19.980000000001436,1,1,8.796012479564759,5.5918160648602475,0.09999999999999999,0.47828420505586317,0.33705317757388786,0.33705317757388786,0,22.226892192346607,0.04580104631721127,194
7601.319759818,19.990000000001448,1,1,9.02920201293118,5.4136382330114,0.10000000000000002,0.49788890757068544,0.3288494662645274,0.3288494662645274,0,22.353364404807518,0.04511161293068422,196
7601.329357722,20.00000000000146,1,1,9.110543701968435,5.260904075356404,0.10000000000000002,0.5173675081883079,0.32092551718407686,0.32092551718407686,0,22.480412899101545,0.04442191052045219,197
7601.339341791,20.010000000001472,1,1,9.488860137485743,5.136386025105874,0.10000000000000002,0.5367001503473572,0.311513984527345,0.311513984527345,0,22.60800297979643,0.043714878734600116,201
7601.34916021,20.020000000001485,1,1,9.273107995289907,5.042581523909163,0.1,0.5558800781411782,0.2947025620585585,0.2947025620585585,0,22.736022364895284,0.04295408057797234,201
7601.359420373,20.030000000001497,1,1,9.3575452339289,4.981442808853097,0.09999999999999999,0.5748935318305807,0.2804849396673028,0.2804849396673028,0,22.864115500377608,0.04211794688105863,201
7601.370106357,20.04000000000151,1,1,9.0319026650905,4.9543870131531795,0.0,0.5937198873520785,0.26056266685942486,0.26056266685942486,0,22.991927457374047,0.04118115003453804,205
7601.379343296,20.05000000000152,1,1,8.813230020525786,4.962128753388054,0.0906965634663235,0.6123626136733553,0.23629670591042046,0.23629670591042046,0,23.11895983986264,0.04012690887418491,207
7601.389294337,20.060000000001533,1,1,8.716688709085057,5.004462005935887,0.10000000000000002,0.6307833367042706,0.2192902681104032,0.2192902681104032,0,23.244564166129198,0.03894604534435264,208
7601.399190851,20.070000000001546,1,1,8.60875564156565,5.080708611504946,0.10000000000000002,0.6489596443389378,0.20647675760022338,0.20647675760022338,0,23.368069808716605,0.03768941451391172,208
7601.409275223,20.080000000001558,1,1,8.528338391638023,5.190487183696663,0.10000000000000002,0.6668920577764587,0.1963213946804891,0.1963213946804891,0,23.488922454541935,0.03633799898717027,213
7601.419300381,20.09000000000157,1,1,8.538672396749162,5.3313894132234205,0.10000000000000002,0.6845842295917302,0.18741878958751937,0.18741878958751937,0,23.60654748098063,0.034927922749036,215
7601.429484651,20.100000000001582,1,1,8.488262752341205,5.499826303472392,0.1,0.7020080016358708,0.19487927298947727,0.19487927298947727,0,23.720466092602994,0.03344466068762253,215
7601.43957181,20.110000000001595,1,1,8.617418219574036,5.69317766479782,0.033628186412213185,0.7191138259562728,0.21508066214359897,0.21508066214359897,0,23.830205108176987,0.03192615662563847,221
7601.449112173,20.120000000001607,1,1,8.652633900226958,5.908747047282638,0.09999999999999999,0.7359410899823612,0.23500167000612765,0.23500167000612765,0,23.935263896045395,0.03038007123533404,222
7601.459211653,20.13000000000162,1,1,8.730263214833723,6.14397421734242,0.1,0.7524129681921637,0.25469429438759467,0.25469429438759467,0,24.03528589268332,0.02882303028606792,222
7601.472085213,20.14000000000163,1,1,8.989756886093405,6.396412324857697,0.09999999999999999,0.7684628567784438,0.274339037703664,0.274339037703664,0,24.13001646238725,0.027254576890822557,225
7601.479441,20.150000000001643,1,1,9.218549489115011,6.6636652475813705,0.1,0.7841175399769117,0.29397037000691995,0.29397037000691995,0,24.219107608312964,0.02567745374586905,230
7601.489113488,20.160000000001656,1,1,9.509190095167238,6.943560900825853,0.10000000000000002,0.7993388866432956,0.31331085131710634,0.31331085131710634,0,24.302285166129177,0.024114101327587734,231
7601.499102677,20.170000000001668,1,1,9.81097229978376,7.2340958925966286,0.09999999999999999,0.8140982177726994,0.3329527326325851,0.3329527326325851,0,24.379393572482222,0.022536059269918973,231
7601.509243908,20.18000000000168,1,1,10.172437883217565,7.533395038474341,0.10000000000000002,0.828446701823533,0.35216513496934965,0.35216513496934965,0,24.45015620972411,0.020958217087752917,236
7601.519150296,20.190000000001692,1,1,10.52403206513908,7.839755994870746,0.10000000000000002,0.842356165507612,0.3710833206357872,0.3710833206357872,0,24.514379307593938,0.01942647692375754,236
7601.529240267,20.200000000001705,1,1,10.897014968310058,8.151692318829433,0.1,0.8558484712563088,0.3897951830901755,0.3897951830901755,0,24.572128283365526,0.02105834996726079,237
7601.541475706,20.210000000001717,1,1,11.234501326577657,8.467834408120748,0.10000000000000002,0.8689222281099435,0.40876932584267883,0.40876932584267883,0,24.623475785698687,0.022956474236997412,240
7601.549324015,20.22000000000173,1,1,11.552399315007149,8.786951320695621,0.1,0.881660885462213,0.4277703630498482,0.4277703630498482,0,24.668464156785454,0.02485434035516583,244
7601.559361584,20.23000000000174,1,1,11.789032641758128,9.107961632159078,0.1,0.8940913869247715,0.44764410038449837,0.44764410038449837,0,24.70706634659282,0.026757776431009406,245
7601.569263689,20.240000000001753,1,1,11.974035060051467,9.42986559014463,0.1,0.9062131228915634,0.4676475486938084,0.4676475486938084,0,24.739032650035558,0.02867158791043964,246
7601.579186239,20.250000000001766,1,1,12.016212948143131,9.751720745028036,0.1,0.9180228402214952,0.4882180991811647,0.4882180991811647,0,24.76413750806808,0.030597107219215706,251
7601.589174968,20.260000000001778,1,1,12.00572115348303,10.072781045749268,0.1,0.9296084184912419,0.5087915497471194,0.5087915497471194,0,24.78236070887445,0.032535829889695486,251
7601.599403144,20.27000000000179,1,1,11.948654980429218,10.39252768005019,0.1,0.9410074370125437,0.5296973971803643,0.5296973971803643,0,24.79389769672748,0.034488638853907176,253
7601.609252645,20.280000000001802,1,1,11.917323354051213,10.710498431676307,0.1,0.9522586303139895,0.5507861613276049,0.5507861613276049,0,24.799297304842206,0.03645705197101683,258
7601.619310794,20.290000000001815,1,1,11.889558374519945,11.026413740842791,0.1,0.9634068598158463,0.5721032550920911,0.5721032550920911,0,24.80031668469634,0.03843953225760263,259
7601.629617583,20.300000000001827,1,1,11.637242423874847,11.33994370505657,0.09999999999999999,0.9744367993379612,0.5936096947089741,0.5936096947089741,0,24.796572268045598,0.04044315540585434,262
7601.641435254,20.31000000000184,1,1,11.36681314551308,11.650666762361,0.1,0.9852982403118015,0.6153976305361643,0.6153976305361643,0,24.787082995120137,0.04245751119134547,268
7601.649142551,20.32000000000185,1,1,11.142453863816312,11.958282951554285,0.028279321523160986,0.9960120889020481,0.6342390835512155,0.6342390835512155,0,24.77222608473696,0.04448107311400863,272
7601.659470357,20.330000000001863,1,1,11.24510149372607,12.262616310463036,0.1,1.0065467085304043,0.654309325155824,0.654309325155824,0,24.752857681656586,0.0464931808811429,275
7601.669243008,20.340000000001876,1,1,11.555539373017575,12.563460652523798,0.1,1.0168497161145709,0.6731185855262489,0.6731185855262489,0,24.7296955963779,0.04849938556000566,276
7601.679289391,20.350000000001888,1,1,11.950680162556829,12.860590547092706,0.1,1.0268938742898144,0.6913328923413125,0.6913328923413125,0,24.703257208004413,0.0504918080198347,283
7601.689110432,20.3600000000019,1,1,12.348055004093007,13.153799621137258,0.1,1.0367431654594204,0.7087848204347668,0.7087848204347668,0,24.673930760719124,0.05246381686130623,286
7601.699147786,20.370000000001912,1,1,12.75304115782291,13.442898401113961,0.1,1.0463828190639195,0.725449961679512,0.725449961679512,0,24.642153528241924,0.054409944411324795,1
7601.709677787,20.380000000001925,1,1,12.821261788419097,13.727711539655216,0.07916208897827744,1.0558591245315472,0.7410397979898148,0.7410397979898148,0,24.608400053901107,0.056329109942969385,7
7601.719115596,20.390000000001937,1,1,12.81706030251579,14.008098814659729,0.06848259871356702,1.0651524542135098,0.7583572992923275,0.7583572992923275,0,24.57314488347871,0.0582177198536386,9
7601.7291962,20.40000000000195,1,1,12.779266825551943,14.283885691140739,0.03516099955454018,1.0742724464488393,0.7724885605611228,0.7724885605611228,0,24.536297576076475,0.060073132619002254,11
7601.741544395,20.41000000000196,1,1,12.49878084671822,14.554949963967964,0.09999999999999999,1.0832311774345533,0.7861185190671061,0.7861185190671061,0,24.497892063928624,0.061883428840451865,15
7601.74932513,20.420000000001973,1,1,12.67710412118504,14.821151876971904,0.1,1.0919975256524126,0.8005100126355618,0.8,1,24.457992194972,0.06365777457779506,18
7601.759440491,20.430000000001986,1,1,12.871971529501684,15.082474618331371,0.1,1.1005761585486589,0.8140636144110712,0.8,1,24.41686364614463,0.0653184399616753,22
7601.769147849,20.440000000001998,1,1,13.008753108045576,15.339269172774257,0.09999999999999999,1.108975442512338,0.8267304802653976,0.8,1,24.3746324670897,0.06681994680607994,26
7601.779289283,20.45000000000201,1,1,13.148994477411348,15.591961072091518,0.09999999999999999,1.1172048067878797,0.8389207758863186,0.8,1,24.331481242582832,0.06817755354690117,34
7601.789853449,20.460000000002022,1,1,13.2027177097778,15.840926772015763,0.1,1.1252455511868407,0.8515873629392455,0.8,1,24.2874486334711,0.06940507816710258,35
7601.799761829,20.470000000002035,1,1,13.069195825194896,16.086466606337705,0.1,1.1331143982841432,0.8620156967388952,0.8,1,24.242425523321128,0.070515063197005,37
7601.810992428,20.480000000002047,1,1,12.969811456566916,16.328834775540695,0.1,1.1408102295813733,0.8741944195903144,0.8,1,24.19620724060427,0.07151874066803338,41
7601.819383116,20.49000000000206,1,1,12.670068071537328,16.568254973700817,0.08377459132497285,1.1483329082810934,0.8853121532397109,0.8,1,24.14859040033765,0.07242641312537892,43
7601.829375046,20.50000000000207,1,1,12.259159693932633,16.804918401494874,0.1,1.1556790813114346,0.8958113514243833,0.8,1,24.099425707886788,0.07324729702829688,44
7601.839544072,20.510000000002083,1,1,12.035887950093784,17.038956054355033,0.09999999999999999,1.1628183496277555,0.9065952383779635,0.8,1,24.048534624253413,0.07398974453055487,47
7601.849161013,20.520000000002096,1,1,12.06507495836468,17.2704924914817,0.1,1.1697433275415605,0.9168980572358636,0.8,1,23.995896848542493,0.07466132971436627,54
7601.859279142,20.530000000002108,1,1,11.930508559972555,17.49962925165857,0.09999999999999999,1.1764188561189761,0.927735429623558,0.8,1,23.941429107497942,0.0752688861649256,57
7601.869291807,20.54000000000212,1,1,11.559350675133992,17.72643726153032,0.06604992097164505,1.1828801297473215,0.9399246070358458,0.8,1,23.884833763457845,0.0758186645823777,59
7601.879168077,20.550000000002132,1,1,11.50101768727594,17.951048884465234,0.1,1.1891305629605569,0.9500634935641267,0.8,1,23.825897586673765,0.07631634619750156,66
7601.889108553,20.560000000002145,1,1,11.208676137574102,18.17357151117185,0.07827807605223587,1.195122749776679,0.9606159419564664,0.8,1,23.764574672378632,0.07676689596463486,69
7601.899119552,20.570000000002157,1,1,10.936397864207516,18.394079072476117,0.09062329290967112,1.200892232776187,0.9711159231427555,0.8,1,23.700787942656504,0.0771748376769231,71
7601.911799922,20.58000000000217,1,1,10.812332940032626,18.612639661620403,0.10000000000000002,1.206445119184262,0.9807546955568242,0.8,1,23.6345442801929,0.07754422561991198,75
7601.919196006,20.59000000000218,1,1,10.771461335670585,18.829290302994636,0.10000000000000002,1.2117633343046534,0.9907389140744391,0.8,1,23.565808179476345,0.07787872360283582,79
7601.929129458,20.600000000002193,1,1,10.633011274706892,19.044018677088864,0.09999999999999999,1.216817218044427,0.999832020241477,0.8,1,23.49454762368185,0.07818169599116997,81
7601.939285419,20.610000000002206,1,1,10.613789862169403,19.25679612325778,0.1,1.2215840192800371,1.0078734574506698,0.8,1,23.420885992542726,0.07845613287212971,83
7601.949200924,20.620000000002218,1,1,10.297608310179536,19.467533187729924,0.1,1.2260252779787741,1.0171285369631464,0.8,1,23.344992055460317,0.0787046962846975,89
7601.959376933,20.63000000000223,1,1,10.274836869409352,19.67611196769875,0.1,1.230077315363008,1.0273845008648812,0.8,1,23.26710221801258,0.07892995142206707,89
7601.969235732,20.640000000002242,1,1,9.790940875536071,19.88246345546181,0.020120737229742995,1.2337289760455665,1.0372039220176554,0.8,1,23.187487948033585,0.07913424649195838,91
7601.979986882,20.650000000002255,1,1,9.339701707235958,20.08651286141415,0.0,1.2369435312707426,1.0463426540237095,0.8,1,23.10645116322226,0.0793196258325653,96
7601.989347084,20.660000000002267,1,1,8.91997235074295,20.288186239070765,0.1,1.2396631148121868,1.0578711982078777,0.8,1,23.02446488293985,0.07948789838618284,100
7601.999090386,20.67000000000228,1,1,8.555835538740498,20.487460118891736,0.10000000000000002,1.2418537114147905,1.0683268832871864,0.8,1,22.942018656210553,0.07964080421157774,102
7602.012999234,20.68000000000229,1,1,7.89114533975117,20.68430035707123,0.1,1.2435170675721199,1.0780402042703576,0.8,1,22.859584998469185,0.07977981066641479,106
7602.019141743,20.690000000002303,1,1,7.53135279467074,20.87866972252673,0.10000000000000002,1.2446464827107917,1.0883020610774023,0.8,1,22.77763109268003,0.07990622488697666,113
7602.02932571,20.700000000002316,1,1,6.9900590381284,21.07051434050482,0.0,1.2451581799186244,1.0963630959777437,0.8,1,22.69664404239555,0.08002116808562298,116
7602.039164515,20.710000000002328,1,1,6.3901598835232845,21.259654080472913,0.01989467583531404,1.2450960228873527,1.1067782384576998,0.8,1,22.616910977158984,0.08012564859816043,118
7602.049432045,20.72000000000234,1,1,5.931578062906432,21.445939802813037,0.0,1.2444179682851073,1.1160823002290179,0.8,1,22.538634270927307,0.08022077521829349,124
7602.059582847,20.730000000002352,1,1,5.277187092742343,21.629174514575187,0.09999999999999999,1.2430780669484243,1.12503974421521,0.8,1,22.46176599046763,0.0803074521511469,126
7602.069410385,20.740000000002365,1,1,5.047351420603705,21.809174819979575,0.0029936842756190106,1.241014055985974,1.1332042250250844,0.8,1,22.386496021726273,0.08038641929117873,127
7602.081455475,20.750000000002377,1,1,4.800591219524741,21.985632289740625,0.1,1.2381703991962534,1.141917186930211,0.8,1,22.312652176646438,0.08045840106794963,129
7602.089356678,20.76000000000239,1,1,4.3973352818583535,22.158240514487876,0.1,1.2344777524728556,1.1511591660955487,0.8,1,22.240226786831542,0.08052410316242026,133
7602.099268596,20.7700000000024,1,1,4.257314533884007,22.326725849559214,0.0029988203445588286,1.2298875684134405,1.158141432122676,0.8,1,22.169351954567695,0.08058414139123365,135
7602.109373123,20.780000000002413,1,1,4.320485793358543,22.490765707704963,0.1,1.2243775766094995,1.166614654989409,0.8,1,22.10010359653139,0.08063899644991557,138
7602.119928887,20.790000000002426,1,1,4.283044002399863,22.65000586974376,0.0029988203446317157,1.2179336364196853,1.1741467492145465,0.8,1,22.03247745588673,0.08068916384728259,144
7602.129370848,20.800000000002438,1,1,4.275486850722522,22.80409734797309,0.0029988203445783465,1.2105491186609347,1.1812731169580584,0.8,1,21.966527397843308,0.08073507219487125,148
7602.139296688,20.81000000000245,1,1,4.418439952398342,22.95270239735705,0.08897239693358629,1.2022265894788136,1.1879969198590976,0.8,1,21.902372657340095,0.0807771048895139,150
7602.149234552,20.820000000002462,1,1,4.98216495482355,23.095482884113007,0.0,1.19298445385139,1.1969294184167203,0.8,1,21.840049512009575,0.08081565145387265,157
7602.159390965,20.830000000002475,1,1,5.24348632958773,23.232132272345645,0.0,1.1828646907001232,1.204187508888518,0.8,1,21.779495135729295,0.08085114233096818,158
7602.169342816,20.840000000002487,1,1,5.526687861346985,23.362413090084015,0.0,1.1719126966320381,1.2111247542378016,0.8,1,21.72087263302273,0.08088380563887321,161
7602.181793453,20.8500000000025,1,1,6.013709275342391,23.48609487860296,0.1,1.160184850163,1.2185058589690656,0.8,1,21.664317436188366,0.08091389154276468,165
7602.189213667,20.86000000000251,1,1,6.185468362394798,23.6029675119922,0.1,1.1477386553998763,1.225089439229973,0.8,1,21.609896018046733,0.0809416553463142,169
7602.199441016,20.870000000002523,1,1,6.74114364566977,23.71285773203136,0.0,1.1346415109879986,1.231227513055893,0.8,1,21.557785171792613,0.08096726526392223,170
7602.209507026,20.880000000002536,1,1,7.110001146411605,23.815396644708702,0.1,1.1209544924519286,1.237460013420369,0.8,1,21.507630221678404,0.08099072902684651,170
7602.219143279,20.890000000002548,1,1,7.316958376125854,23.909801653736675,0.0,1.1067419436959751,1.2420409286373426,0.8,1,21.45861266121975,0.0810121524941308,176
7602.229414655,20.90000000000256,1,1,7.6662722004667625,23.99586637122104,0.10000000000000002,1.0920469442397973,1.2473301485299446,0.8,1,21.411012345457852,0.0810321954662061,177
7602.239406178,20.910000000002572,1,1,7.689188906981171,24.074108091107433,0.09999999999999999,1.0769380277515785,1.2505219199768483,0.8,1,21.365775380690646,0.08105101522915298,179
7602.250546044,20.920000000002585,1,1,7.918761334111811,24.14462515717842,0.09999999999999999,1.0614730050699135,1.2545598663458337,0.8,1,21.323020257952834,0.08106848754362544,183
7602.259504857,20.930000000002597,1,1,8.49491579540143,24.207340233737327,0.09999999999999999,1.0456918963622783,1.2600984396515855,0.8,1,21.282683699518007,0.08108473205741107,188
7602.269278459,20.94000000000261,1,1,8.472030346881535,24.2621564661699,0.00298854055106499,1.0296207952290215,1.2625542642248413,0.8,1,21.244677366138244,0.08109988305250115,190
7602.279322558,20.95000000000262,1,1,8.716598146496626,24.30904062367365,0.0,1.0133007466994994,1.2658906255768871,0.8,1,21.209123425944888,0.08111391489585079,191
7602.289758457,20.960000000002633,1,1,9.037248379400022,24.347898693922687,0.002978230324329331,0.9967614163467239,1.269479581560702,0.8,1,21.176014276362217,0.08112697018554249,196
7602.2993396,20.970000000002646,1,1,9.350413625323258,24.378648032562488,0.09999999999999999,0.9800211607642441,1.2729621954896253,0.8,1,21.14528001515148,0.08113920154025983,197
7602.309087764,20.980000000002658,1,1,9.602652774754105,24.40124978346393,0.0,0.9631093795372031,1.2753874142922614,0.8,1,21.116829749950035,0.08115073941688405,199
7602.319317806,20.99000000000267,1,1,9.9593473034623,24.415755886487233,0.0,0.9460417214819661,1.2785276033142066,0.8,1,21.09065226407848,0.08116159813214252,206
7602.329271114,21.000000000002682,1,1,10.088241207062255,24.422173896474646,0.1,0.9288318390995165,1.280829481420829,0.8,1,21.066739519527307,0.08117182885681551,208
7602.339694862,21.010000000002695,1,1,10.105982673687825,24.420505958730704,0.10000000000000002,0.9115018616247402,1.2813376706184036,0.8,1,21.04512639358529,0.08118145618813344,211
7602.351846501,21.020000000002707,1,1,10.428776006248494,24.410774399833052,0.09999999999999999,0.8940596696654917,1.2839892665453194,0.8,1,21.025802651136704,0.08119051907404418,214
7602.35925157,21.03000000000272,1,1,10.741612956490933,24.393021131371228,0.0,0.8765101084768298,1.2861674064147488,0.8,1,21.00880799656124,0.08119914195943245,218
7602.369121236,21.04000000000273,1,1,11.055830547721598,24.367375868139963,0.1,0.8588801457417293,1.2884416653346547,0.8,1,20.994173896323787,0.08120740342067351,221
7602.379451019,21.050000000002743,1,1,11.52677390007797,24.33396047845313,0.0,0.8411838804613778,1.290068823498718,0.8,1,20.981937047636297,0.0812153198248664,223
7602.389102691,21.060000000002756,1,1,12.235699455137905,24.29282474000166,0.10000000000000002,0.82340325168253,1.2955534707606493,0.8,1,20.97188330494086,0.08122300758483414,228
7602.399203492,21.070000000002768,1,1,12.33620531071902,24.244129868688184,0.037818448832382306,0.8055760566324143,1.2945397986504368,0.8,1,20.96399042387347,0.08123058224927782,232
7602.409179803,21.08000000000278,1,1,12.765208890424962,24.188073890496476,0.1,0.7877111798552491,1.2936843454537805,0.8,1,20.958244770629495,0.08123787535398963,235
7602.419607024,21.090000000002792,1,1,13.232871196965764,24.124676542678813,0.0,0.7698050605395427,1.2906363883562972,0.8,1,20.95448587439842,0.08124480421693492,240
7602.429260902,21.100000000002805,1,1,13.706642409640601,24.053793023126595,0.03805793250945886,0.7518776967939974,1.288150169033945,0.8,1,20.952266168886275,0.08125138529639586,241
7602.438958831,21.110000000002817,0,1,0.0,0.0,0.0,0.0,0.0,0.0,0,0.0,0.07655557819137948,243
7602.448888329,21.12000000000283,0,1,0.0,0.0,0.0,0.0,0.0,0.0,0,0.0,0.06932190309867703,243
7602.458906126,21.13000000000284,0,1,0.0,0.0,0.0,0.0,0.0,0.0,0,0.0,0.06278536186800132,247
7602.468946901,21.140000000002853,0,1,0.0,0.0,0.0,0.0,0.0,0.0,0,0.0,0.056877300831181365,247
7602.478934916,21.150000000002866,0,1,0.0,0.0,0.0,0.0,0.0,0.0,0,0.0,0.0515367447734868,247
7602.488908866,21.160000000002878,0,1,0.0,0.0,0.0,0.0,0.0,0.0,0,0.0,0.04670898592582173,250
7602.498997751,21.17000000000289,0,1,0.0,0.0,0.0,0.0,0.0,0.0,0,0.0,0.042344719362685135,250
7602.508913971,21.180000000002902,0,1,0.0,0.0,0.0,0.0,0.0,0.0,0,0.0,0.03839942783402894,250
7602.520968643,21.190000000002915,0,1,0.0,0.0,0.0,0.0,0.0,0.0,0,0.0,0.03483288669164197,252
7602.528897029,21.200000000002927,0,1,0.0,0.0,0.0,0.0,0.0,0.0,0,0.0,0.031608738837755945,254
7602.538915766,21.21000000000294,0,1,0.0,0.0,0.0,0.0,0.0,0.0,0,0.0,0.028694118789590717,254
7602.548905687,21.22000000000295,0,1,0.0,0.0,0.0,0.0,0.0,0.0,0,0.0,0.026059315899891744,254
7602.559015444,21.230000000002963,0,1,0.0,0.0,0.0,0.0,0.0,0.0,0,0.0,0.02367747102934603,258
7602.568941112,21.240000000002976,0,1,0.0,0.0,0.0,0.0,0.0,0.0,0,0.0,0.021524302737709333,258
7602.578925544,21.250000000002988,0,1,0.0,0.0,0.0,0.0,0.0,0.0,0,0.0,0.019577859893012528,258
7602.588935761,21.260000000003,0,1,0.0,0.0,0.0,0.0,0.0,0.0,0,0.0,0.017818298065317095,260
7602.598897837,21.270000000003012,0,1,0.0,0.0,0.0,0.0,0.0,0.0,0,0.0,0.016227677387357087,260
7602.608925175,21.280000000003024,0,1,0.0,0.0,0.0,0.0,0.0,0.0,0,0.0,0.014789779810222448,260
7602.621175027,21.290000000003037,0,1,0.0,0.0,0.0,0.0,0.0,0.0,0,0.0,0.013489943889624656,261
7602.628908337,21.30000000000305,0,1,0.0,0.0,0.0,0.0,0.0,0.0,0,0.0,0.012314915420228778,263
7602.638922619,21.31000000000306,0,1,0.0,0.0,0.0,0.0,0.0,0.0,0,0.0,0.011252712397971543,263
7602.64899451,21.320000000003073,0,1,0.0,0.0,0.0,0.0,0.0,0.0,0,0.0,0.010292502936376735,263
7602.65891893,21.330000000003086,0,1,0.0,0.0,0.0,0.0,0.0,0.0,0,0.0,0.009424494894703428,266
7602.668942612,21.340000000003098,0,1,0.0,0.0,0.0,0.0,0.0,0.0,0,0.0,0.008639836094847753,266
7602.678906286,21.35000000000311,0,1,0.0,0.0,0.0,0.0,0.0,0.0,0,0.0,0.007930524111563586,266
7602.689316822,21.360000000003122,0,1,0.0,0.0,0.0,0.0,0.0,0.0,0,0.0,0.007526580856578202,269
7602.698898799,21.370000000003134,0,1,0.0,0.0,0.0,0.0,0.0,0.0,0,0.0,0.007680074367494294,0
7602.70889039,21.380000000003147,0,1,0.0,0.0,0.0,0.0,0.0,0.0,0,0.0,0.007818294601005693,0
7602.718900901,21.39000000000316,0,1,0.0,0.0,0.0,0.0,0.0,0.0,0,0.0,0.007942764482077425,0
7602.728906894,21.40000000000317,0,1,0.0,0.0,0.0,0.0,0.0,0.0,0,0.0,0.008054854717983395,2
7602.73897041,21.410000000003183,0,1,0.0,0.0,0.0,0.0,0.0,0.0,0,0.0,0.008155799057423696,2
7602.748901977,21.420000000003196,0,1,0.0,0.0,0.0,0.0,0.0,0.0,0,0.0,0.008246708013977089,2
7602.758902652,21.430000000003208,0,1,0.0,0.0,0.0,0.0,0.0,0.0,0,0.0,0.008328581209317676,5
7602.76891424,21.44000000000322,0,1,0.0,0.0,0.0,0.0,0.0,0.0,0,0.0,0.008402318475757342,5
7602.778944311,21.450000000003232,0,1,0.0,0.0,0.0,0.0,0.0,0.0,0,0.0,0.008468729843441825,5
7602.790827035,21.460000000003244,0,1,0.0,0.0,0.0,0.0,0.0,0.0,0,0.0,0.00852855942443942,6
7602.798857776,21.470000000003257,0,1,0.0,0.0,0.0,0.0,0.0,0.0,0,0.0,0.008582574002160559,8
7602.808866909,21.48000000000327,0,1,0.0,0.0,0.0,0.0,0.0,0.0,0,0.0,0.008631392567340579,8
7602.818918116,21.49000000000328,0,1,0.0,0.0,0.0,0.0,0.0,0.0,0,0.0,0.008675423972574148,8
7602.828872677,21.500000000003293,0,1,0.0,0.0,0.0,0.0,0.0,0.0,0,0.0,0.00871507568151808,11
7602.838908961,21.510000000003306,0,1,0.0,0.0,0.0,0.0,0.0,0.0,0,0.0,0.008750755251984543,11
7602.848849462,21.520000000003318,0,1,0.0,0.0,0.0,0.0,0.0,0.0,0,0.0,0.008782847475409694,11
7602.859024911,21.53000000000333,0,1,0.0,0.0,0.0,0.0,0.0,0.0,0,0.0,0.008811707549128411,14
7602.868882736,21.540000000003342,0,1,0.0,0.0,0.0,0.0,0.0,0.0,0,0.0,0.008837663445785404,14
7602.878865955,21.550000000003354,0,1,0.0,0.0,0.0,0.0,0.0,0.0,0,0.0,0.00886102065150729,14
7602.888935419,21.560000000003367,0,1,0.0,0.0,0.0,0.0,0.0,0.0,0,0.0,0.008882054351210145,14
7602.898899244,21.57000000000338,0,1,0.0,0.0,0.0,0.0,0.0,0.0,0,0.0,0.008900981581404288,17
7602.908889616,21.58000000000339,0,1,0.0,0.0,0.0,0.0,0.0,0.0,0,0.0,0.008918002795111457,17
7602.9189329,21.590000000003403,0,1,0.0,0.0,0.0,0.0,0.0,0.0,0,0.0,0.008933306317350898,17
7602.928890435,21.600000000003416,0,1,0.0,0.0,0.0,0.0,0.0,0.0,0,0.0,0.008947065183548375,20
7602.938939012,21.610000000003428,0,1,0.0,0.0,0.0,0.0,0.0,0.0,0,0.0,0.008959435965712581,20
7602.948903019,21.62000000000344,0,1,0.0,0.0,0.0,0.0,0.0,0.0,0,0.0,0.008970561956568646,20
7602.960864939,21.630000000003452,0,1,0.0,0.0,0.0,0.0,0.0,0.0,0,0.0,0.008980734468681861,21
7602.9689123,21.640000000003464,0,1,0.0,0.0,0.0,0.0,0.0,0.0,0,0.0,0.008990336909211916,23
7602.978893666,21.650000000003477,0,1,0.0,0.0,0.0,0.0,0.0,0.0,0,0.0,0.008999551133932915,23
7602.988900546,21.66000000000349,0,1,0.0,0.0,0.0,0.0,0.0,0.0,0,0.0,0.009008457042629092,23
7602.998929643,21.6700000000035,0,1,0.0,0.0,0.0,0.0,0.0,0.0,0,0.0,0.009017092345433464,25
7603.008949135,21.680000000003513,0,1,0.0,0.0,0.0,0.0,0.0,0.0,0,0.0,0.00902547708078738,25
7603.018917914,21.690000000003526,0,1,0.0,0.0,0.0,0.0,0.0,0.0,0,0.0,0.009033623752001785,25
7603.029671609,21.700000000003538,0,1,0.0,0.0,0.0,0.0,0.0,0.0,0,0.0,0.009041541553056587,28
7603.038896746,21.71000000000355,0,1,0.0,0.0,0.0,0.0,0.0,0.0,0,0.0,0.009049238146550675,28
7603.04885334,21.720000000003562,0,1,0.0,0.0,0.0,0.0,0.0,0.0,0,0.0,0.009056720419996722,28
7603.058862089,21.730000000003574,0,1,0.0,0.0,0.0,0.0,0.0,0.0,0,0.0,0.009063994812330223,28
7603.068905447,21.740000000003587,0,1,0.0,0.0,0.0,0.0,0.0,0.0,0,0.0,0.00907106745814723,33
7603.078895931,21.7500000000036,0,1,0.0,0.0,0.0,0.0,0.0,0.0,0,0.0,0.009077944253982562,33
7603.088958146,21.76000000000361,0,1,0.0,0.0,0.0,0.0,0.0,0.0,0,0.0,0.009084630890918266,33
7603.098901022,21.770000000003623,0,1,0.0,0.0,0.0,0.0,0.0,0.0,0,0.0,0.009091132872471097,37
7603.108905701,21.780000000003636,0,1,0.0,0.0,0.0,0.0,0.0,0.0,0,0.0,0.009097455525918341,37
7603.118902546,21.790000000003648,0,1,0.0,0.0,0.0,0.0,0.0,0.0,0,0.0,0.009103604010609279,37
7603.13184293,21.80000000000366,0,1,0.0,0.0,0.0,0.0,0.0,0.0,0,0.0,0.009109583324812598,39
7603.138994998,21.810000000003672,0,1,0.0,0.0,0.0,0.0,0.0,0.0,0,0.0,0.009115398311786538,43
7603.148925441,21.820000000003684,0,1,0.0,0.0,0.0,0.0,0.0,0.0,0,0.0,0.009121053665378298,43
7603.158926327,21.830000000003697,0,1,0.0,0.0,0.0,0.0,0.0,0.0,0,0.0,0.00912655393529771,43
7603.168992458,21.84000000000371,0,1,0.0,0.0,0.0,0.0,0.0,0.0,0,0.0,0.009131903532131558,46
7603.178926595,21.85000000000372,0,1,0.0,0.0,0.0,0.0,0.0,0.0,0,0.0,0.009137106732136413,46
7603.18892131,21.860000000003733,0,1,0.0,0.0,0.0,0.0,0.0,0.0,0,0.0,0.009142167681830071,46
7603.198868242,21.870000000003746,0,1,0.0,0.0,0.0,0.0,0.0,0.0,0,0.0,0.009147090402395253,49
7603.208918387,21.880000000003758,0,1,0.0,0.0,0.0,0.0,0.0,0.0,0,0.0,0.009151878793908885,49
7603.219133271,21.89000000000377,1,1,13.908224630250924,19.53985724321929,0.0,0.004,1.0999444527556042,0.8,1,20.955120818402367,0.008138982350655133,50
7603.233800716,21.900000000003782,1,1,13.526906862991156,19.51862712879759,0.1,0.023965883671066397,1.1001655470206186,0.8,1,20.953785907468237,0.012969408360270163,53
7603.23933365,21.910000000003794,1,1,13.26510537265627,19.47492569095848,0.0,0.04395375092855055,1.0968554925995153,0.8,1,20.951420834369646,0.01953486240733393,60
7603.249168369,21.920000000003807,1,1,12.745419475792588,19.41103296434105,0.10000000000000002,0.06394594632386269,1.0933538518407517,0.8,1,20.947842823450166,0.025469342924716698,61
7603.259448458,21.93000000000382,1,1,12.647717429269091,19.32952097945964,0.1,0.08390898414481096,1.0861020953154614,0.8,1,20.94304380592378,0.030833805575707585,61
7603.269487678,21.94000000000383,1,1,12.300398515049608,19.232735661233114,0.1,0.10384952342911205,1.0754212669887153,0.8,1,20.936668983273968,0.03568315552557366,66
7603.27969507,21.950000000003843,1,1,12.172491901864452,19.122798023866586,0.1,0.12376285509779816,1.0638377822009264,0.8,1,20.928394076692808,0.04006681279050195,66
7603.289386541,21.960000000003856,1,1,12.351135543791722,19.001622240757953,0.023824652903427924,0.14366841284006024,1.0567418997268654,0.8,1,20.917801742075312,0.044029511098743646,66
7603.300266258,21.970000000003868,1,1,12.229673662813427,18.87112097940175,0.09999999999999999,0.16357366936800816,1.0490822856399873,0.8,1,20.90477390846822,0.04761187662830313,70
7603.30915194,21.98000000000388,1,1,12.467516605792312,18.733276060469077,0.05448416023208436,0.1834809680221561,1.0431249511634046,0.8,1,20.88962219870548,0.050850433459373234,73
7603.319186673,21.990000000003892,1,1,12.28382700907047,18.589975673806116,0.1,0.20340215118289334,1.036648517211503,0.8,1,20.87280414240562,0.0537782153347689,75
7603.329161951,22.000000000003904,1,1,12.360528806730928,18.442985804688018,0.0955485375539256,0.22332447169248748,1.0319008214687935,0.8,1,20.854876566419957,0.05642502701596608,76
7603.339170385,22.010000000003917,1,1,12.20143385241781,18.293898668572854,0.1,0.24325694468077533,1.0204783781183626,0.8,1,20.83628054207796,0.05881783329350676,83
7603.349153835,22.02000000000393,1,1,11.819814146510504,18.14400661215604,0.1,0.2632038347996963,1.0073317054469393,0.8,1,20.817176495869468,0.06098089545676477,85
7603.359410972,22.03000000000394,1,1,11.104595881416056,17.994384854694307,0.1,0.2831724638357413,0.9919293971829785,0.8,1,20.797611428012782,0.06293623585823371,87
7603.370093342,22.040000000003953,1,1,10.446707206205163,17.845994224244336,0.1,0.30315434850025164,0.9748605546274688,0.8,1,20.777574909234875,0.06470377800404203,93
7603.379491801,22.050000000003966,1,1,9.549278781798897,17.69967844699974,0.10000000000000002,0.3231343572792845,0.9587735708586902,0.8,1,20.757030028022495,0.06630147356626559,97
7603.389138138,22.060000000003978,1,1,8.698928450721496,17.556084340306054,0.09999999999999999,0.34309217703413264,0.9410370417188058,0.8,1,20.735881013059277,0.06774559292968763,100
7603.402569292,22.07000000000399,1,1,7.911901374945157,17.41571972819333,0.1,0.36299753895349596,0.9230695514806871,0.8,1,20.713895523211473,0.06905080321633084,103
7603.409148231,22.080000000004002,1,1,7.2184647320802995,17.278477426517075,0.1,0.38282533078451847,0.9061833100619181,0.8,1,20.690036912817757,0.07023019915793594,110
7603.419525345,22.090000000004014,1,1,6.7128267517652365,17.144372631778026,0.1,0.40259582703278823,0.8899051960325576,0.8,1,20.66378107108081,0.07129615230230779,112
7603.429306663,22.100000000004027,1,1,6.431508800818848,17.013649486872232,0.1,0.4223097778881426,0.8740559921404492,0.8,1,20.634926291948226,0.0722596931695837,114
7603.439764963,22.11000000000404,1,1,6.389485764924397,16.886594855128394,0.1,0.4419759805029419,0.858529828254469,0.8,1,20.603356361660072,0.07313072662809028,119
7603.449229799,22.12000000000405,1,1,6.569150881653977,16.763487000209928,0.1,0.46161858575253617,0.8434906792988662,0.8,1,20.56898919683358,0.07391818407430184,122
7603.459201869,22.130000000004063,1,1,6.928296698660625,16.644588272891564,0.1,0.48124688664255877,0.8280288943516891,0.8,1,20.53177779581634,0.07463011692198329,122
7603.470252318,22.140000000004076,1,1,7.398965986865549,16.530109350043013,0.1,0.5008640596369676,0.8124417632591836,0.8,1,20.49161865938342,0.07527379097943376,127
7603.479128306,22.150000000004088,1,1,7.937075361877051,16.420209575576774,0.09999999999999999,0.5204915181576596,0.7968591885134975,0.7968591885134975,0,20.448349632536093,0.07585106289827526,132
7603.489172859,22.1600000000041,1,1,8.502510491644143,16.315115823703636,0.09999999999999999,0.540138041954585,0.781405523524416,0.781405523524416,0,20.401775524259342,0.07626450848746402,136
7603.499419683,22.170000000004112,1,1,9.06306311376863,16.215364965771638,0.1,0.5598128526531723,0.7662210667313141,0.7662210667313141,0,20.351698954650733,0.07649113609625813,140
7603.5091818,22.180000000004124,1,1,9.60624517777228,16.121512056834913,0.1,0.5795015068266336,0.7515634510217499,0.7515634510217499,0,20.297917094922724,0.07655287068838956,146
7603.51932836,22.190000000004137,1,1,10.114628821711953,16.034053969102132,0.10000000000000002,0.5992093194008039,0.737391804810659,0.737391804810659,0,20.24024062120073,0.07647047966470333,149
7603.529245896,22.20000000000415,1,1,10.59169807868324,15.953436735574412,0.1,0.6189254779093465,0.723821315421006,0.723821315421006,0,20.17849355822223,0.0762631961263669,152
7603.540395022,22.21000000000416,1,1,11.027549817503193,15.880061314593913,0.10000000000000002,0.638644498168951,0.7107697691163083,0.7107697691163083,0,20.112521907631226,0.07594819430530442,158
7603.549445345,22.220000000004173,1,1,11.432682158450637,15.814287152170424,0.1,0.6583569333895373,0.6983595306966309,0.6983595306966309,0,20.042186988829105,0.07554188315572208,162
7603.559281558,22.230000000004186,1,1,11.808583745788633,15.756427816071353,0.1,0.6780383519508087,0.6863581637890284,0.6863581637890284,0,19.967372906889604,0.07505752598760418,164
7603.571667523,22.240000000004198,1,1,12.144722481376142,15.706749605306177,0.10000000000000003,0.6976951727749557,0.6748106522305126,0.6748106522305126,0,19.887969356689396,0.07450712917545699,167
7603.579138021,22.25000000000421,1,1,12.440346123995056,15.665473140846036,0.10000000000000002,0.7173164789171173,0.6636659365694844,0.6636659365694844,0,19.803864205081588,0.07390066139622398,171
7603.589372733,22.260000000004222,1,1,12.703877323629968,15.632778281731781,0.09999999999999999,0.7369039872716292,0.65508151787271,0.65508151787271,0,19.714930794476448,0.07325712366666892,174
7603.599152424,22.270000000004234,1,1,12.934758102230514,15.608814835302777,0.1,0.7564507370844229,0.6475605073218883,0.6475605073218883,0,19.621072813360982,0.07260087710670182,177
7603.609265356,22.280000000004247,1,1,13.141041348422855,15.593742037236229,0.1,0.7759411498277682,0.6405857138772922,0.6405857138772922,0,19.522252468589766,0.07193897132596383,184
7603.619348579,22.29000000000426,1,1,13.30028224752184,15.587713268387327,0.1,0.795366901210389,0.6338798258325427,0.6338798258325427,0,19.418475238210764,0.0712763638174283,184
7603.629668392,22.30000000000427,1,1,13.395850933378146,15.590844244389558,0.10000000000000003,0.8147372458015618,0.627157846818357,0.627157846818357,0,19.30973428321436,0.07061172666819548,185
7603.640630422,22.310000000004283,1,1,13.536207390485654,15.603195894349128,0.10000000000000002,0.8339985654554056,0.6212729383961035,0.6212729383961035,0,19.195962160900663,0.06995129511166354,190
7603.649226659,22.320000000004296,1,1,13.650934323798516,15.62478026917144,0.1,0.8531349301050138,0.6158380960763828,0.6158380960763828,0,19.077154709051786,0.06930063437839296,193
7603.659305924,22.330000000004308,1,1,13.764491955572074,15.655576024800762,0.1,0.8721551404347885,0.6110215149845312,0.6110215149845312,0,18.95334466659515,0.06866307897177304,193
7603.669335007,22.34000000000432,1,1,13.729318774420907,15.695544897763762,0.01307722462720169,0.8910295119191989,0.6065648201208719,0.6065648201208719,0,18.8245832469252,0.06804115162378532,196
7603.679154523,22.350000000004332,1,1,13.312419947872824,15.744611111936708,0.020802786104317017,0.9097372223744554,0.6039473927454991,0.6039473927454991,0,18.69091918363588,0.06744561370155477,203
7603.689229513,22.360000000004344,1,1,12.639745217852731,15.802715623600273,0.020755135238100058,0.9282926329247391,0.6019713385638102,0.6019713385638102,0,18.552559244772297,0.06688644855011527,207
7603.699439719,22.370000000004357,1,1,11.88904640520597,15.86977030267772,0.0027824753392007135,0.9466665799601368,0.6091583279214167,0.6091583279214167,0,18.40979362391956,0.06640467890401536,1
7603.710314168,22.38000000000437,1,1,11.130130757719867,15.945688515587692,0.0,0.9648114853693085,0.6202052857346964,0.6202052857346964,0,18.263178548623735,0.06606625777036412,6
7603.719385115,22.39000000000438,1,1,10.402299532922015,16.03047161418752,0.10000000000000002,0.9827285845107017,0.6312726365455315,0.6312726365455315,0,18.113553863955364,0.06586977784687686,9
7603.7291665,22.400000000004393,1,1,9.585188207070171,16.124152470351266,0.0,1.0004211128916793,0.6447160439930717,0.6447160439930717,0,17.961678823642043,0.06581259161816322,11
7603.739202889,22.410000000004406,1,1,8.661131407867671,16.226735024116362,0.02705823679178169,1.0178385914083796,0.6611774967400614,0.6611774967400614,0,17.80828584599479,0.06589788203380964,12
7603.749403129,22.420000000004418,1,1,7.758956580435662,16.33821436939951,0.0,1.0349714982040559,0.6781217306197383,0.6781217306197383,0,17.654172500946455,0.06614980744826993,18
7603.759381602,22.43000000000443,1,1,6.885971131676252,16.458545778213743,0.0,1.0517382094773025,0.6954471280215163,0.6954471280215163,0,17.500122591594675,0.06653632640173957,19
7603.769162436,22.440000000004442,1,1,5.922251788501977,16.587583699222826,0.02705823679196794,1.068029009043651,0.7150700999874195,0.7150700999874195,0,17.34677006181035,0.06706451825019,20
7603.780463385,22.450000000004454,1,1,5.130202496298403,16.7250916078392,0.0,1.0837053996843697,0.7328775556753925,0.7328775556753925,0,17.194694035451214,0.0677228300800059,27
7603.789484064,22.460000000004467,1,1,4.516938815108409,16.87069414287373,0.0,1.0985415749885716,0.7487601136532095,0.7487601136532095,0,17.044359545750922,0.06847844524154645,30
7603.799366238,22.47000000000448,1,1,3.9622207117945356,17.02379587328044,0.0,1.112220545683901,0.7646438076034516,0.7646438076034516,0,16.896036346246294,0.06931432823937733,31
7603.811325767,22.48000000000449,1,1,3.4732527909608164,17.183526880029056,0.0,1.124280215918909,0.7804419451928637,0.7804419451928637,0,16.749907865051156,0.07022225672041882,35
7603.819350717,22.490000000004503,1,1,3.057955866765514,17.34864954875126,0.0,1.1340301210509498,0.7960555466239974,0.7960555466239974,0,16.606107223738892,0.07119391695813493,39
7603.82918343,22.500000000004515,1,1,2.7243309676719267,17.517426210882494,0.0,1.1404575931519223,0.811366949777111,0.8,1,16.464725914116183,0.07217328357260522,41
7603.83918703,22.510000000004528,1,1,2.478476932135116,17.687685925859498,0.0,1.1421981829849897,0.8262567797586381,0.8,1,16.325829960523023,0.07306143094017614,44
7603.849426758,22.52000000000454,1,1,2.322551238322688,17.856589885462437,0.0,1.1378885825398417,0.8405913924639989,0.8,1,16.18947309631046,0.0738639229731346,49
7603.859451513,22.530000000004552,1,1,2.3189288330530005,18.020475492401996,0.1,1.1274176392153785,0.8553179664810456,0.8,1,16.055722601245336,0.074588557821615,50
7603.869393348,22.540000000004564,1,1,2.2284929816433867,18.17618537105687,0.0,1.112706607263301,0.8656014884168479,0.8,1,15.924484062767174,0.07524302461456678,54
7603.880612024,22.550000000004577,1,1,2.292155432929752,18.32236306950285,0.0,1.0956713484646823,0.8776189744749274,0.8,1,15.795572877663945,0.07583485482763042,60
7603.889359027,22.56000000000459,1,1,2.466191727555923,18.45889762736839,0.10000000000000002,1.0774644455135383,0.8901923889917929,0.8,1,15.668999686560177,0.07636992929992914,63
7603.899410159,22.5700000000046,1,1,2.6185377705160646,18.585732337126938,0.0,1.0585956072404852,0.9004777361980774,0.8,1,15.544812223925353,0.07685344857531806,64
7603.909114483,22.580000000004613,1,1,2.781877766916269,18.702821205339063,0.0,1.0394074568046585,0.9098362413419134,0.8,1,15.423018675346333,0.07729024427466924,66
7603.91933855,22.590000000004625,1,1,2.9751490334882678,18.810083675738348,0.0,1.0200242449938484,0.918573151711903,0.8,1,15.303568469787198,0.07768476323766049,71
7603.929084598,22.600000000004638,1,1,3.139724201935245,18.907440056096487,0.0,1.000513056019461,0.9261989571643151,0.8,1,15.186406207691585,0.07804105529479433,74
7603.939182675,22.61000000000465,1,1,3.324834664094383,18.99481303153863,0.0,0.9809150769443788,0.933232109919481,0.8,1,15.071475211024262,0.07836278612172909,78
7603.950677542,22.620000000004662,1,1,3.528626938131329,19.072124941292515,0.0,0.9612553506310103,0.9396854941391097,0.8,1,14.958718450358608,0.07865327428361257,85
7603.959172872,22.630000000004674,1,1,3.6946767927602093,19.139299824893097,0.0,0.9415508463984053,0.9450701595190659,0.8,1,14.848079471993431,0.07891551908519712,89
7603.969531264,22.640000000004687,1,1,3.876839876962707,19.19625921615486,0.0,0.9218126018060191,0.9498996636959418,0.8,1,14.739502582201064,0.07915223022219431,92
7603.981587279,22.6500000000047,1,1,4.156187506513571,19.24293061570473,0.042281632320966496,0.9020473020272209,0.9551387618085592,0.8,1,14.632933495741216,0.07936586499490206,96
7603.989859873,22.66000000000471,1,1,4.3144794231065235,19.27926432252233,0.0,0.8822567573350686,0.9583828926024829,0.8,1,14.52833354268134,0.07955865063554568,100
7603.999359637,22.670000000004723,1,1,4.542030253267885,19.305212681767493,0.1,0.8624492251108735,0.9606733683318731,0.8,1,14.425662159317215,0.07973256198677325,103
7604.009352875,22.680000000004735,1,1,4.673905658817011,19.320692701112492,0.0,0.8426330091346785,0.9632930224785778,0.8,1,14.324827764839412,0.07988943903628587,105
7604.019259477,22.690000000004748,1,1,4.93178880260562,19.325646249899382,0.0,0.8228043829877668,0.9656701241196165,0.8,1,14.225760610508951,0.08003092828956415,111
7604.02912879,22.70000000000476,1,1,5.246399333063068,19.32007318586451,0.0,0.8029696765214634,0.9689388675155092,0.8,1,14.12842470780131,0.0801585233537061,113
7604.039489315,22.710000000004772,1,1,5.532537306055374,19.304079964643822,0.0,0.7831271219417385,0.9702802354842723,0.8,1,14.032890033341904,0.08027356825626297,116
7604.049367139,22.720000000004784,1,1,6.027249406383718,19.277721422300942,0.09865663661432966,0.7632765464878704,0.9704007596246318,0.8,1,13.939177097125974,0.08037721633657458,122
7604.0593636,22.730000000004797,1,1,6.52302421040576,19.241004430072877,0.10000000000000002,0.7434275707858832,0.9777199007843342,0.8,1,13.84723575248453,0.0804706068069514,123
7604.070135955,22.74000000000481,1,1,7.109914290882003,19.194107058054502,0.09368918144369416,0.7235809575790436,0.9814440547348984,0.8,1,13.757135847407403,0.08055490297835854,125
7604.07914239,22.75000000000482,1,1,7.938406163330284,19.137273035409883,0.1,0.7037380439284449,0.9886351802055228,0.8,1,13.668952614293838,0.08063092702233488,128
7604.089360804,22.760000000004833,1,1,8.750014809573756,19.070764878525555,0.1,0.6839032671184582,0.9958137491489845,0.8,1,13.58274710758895,0.08069956729482342,134
7604.099400227,22.770000000004845,1,1,9.589918948692285,18.99494140445504,0.1,0.6640805504422508,1.002896937893552,0.8,1,13.498599773854988,0.0807615900977865,135
7604.109412385,22.780000000004858,1,1,10.476481195443458,18.910178239638356,0.1,0.6442719413749916,1.009183200348543,0.8,1,13.41662448282248,0.0808175710845711,135
7604.119176992,22.79000000000487,1,1,11.339346143391843,18.81680281772256,0.09999999999999999,0.6244852138121776,1.0141400788538615,0.8,1,13.336891128832,0.08086804605642661,141
7604.129142558,22.800000000004882,1,1,12.168420813005124,18.715094636229573,0.09999999999999999,0.6047183893198766,1.0184324910527505,0.8,1,13.259422315769072,0.08091349587201058,141
7604.139272704,22.810000000004894,1,1,12.96001935097039,18.605305811729714,0.10000000000000002,0.5849800341884438,1.016100757645384,0.8,1,13.18422605018332,0.08095436238673792,141
7604.151298009,22.820000000004907,1,1,13.714439608414024,18.487555163407258,0.1,0.5652671468515508,1.0087283650441368,0.8,1,13.111252305341113,0.08099087048173526,144
7604.159218461,22.83000000000492,1,1,14.427204451865997,18.361713760790124,0.1,0.5455806608304961,1.000661332372558,0.8,1,13.040373442716078,0.08102328116114244,148
7604.169353486,22.84000000000493,1,1,15.102726293098232,18.227558683615015,0.1,0.5259275885015002,0.991916559601393,0.8,1,12.971466212317312,0.08105193432371749,148
7604.179346094,22.850000000004943,1,1,15.737540893109529,18.084845472913344,0.1,0.5063059886622897,0.982602513148589,0.8,1,12.904413721250716,0.08107718188994606,149
7604.189397437,22.860000000004955,1,1,16.341002786661075,17.933350300457764,0.10000000000000002,0.48672892913621885,0.9727586631241074,0.8,1,12.839114704255916,0.08109935669743273,155
7604.199288798,22.870000000004968,1,1,16.911664708014378,17.772876147314783,0.10000000000000002,0.46719803186922393,0.9625184278362573,0.8,1,12.775483548721697,0.08111876826479603,156
7604.2092209,22.88000000000498,1,1,17.447972917815786,17.603260591690525,0.1,0.4477213699994387,0.9517386707791016,0.8,1,12.713455861323792,0.08113569760324779,159
7604.220013693,22.890000000004992,1,1,17.95472619901219,17.42437018944618,0.1,0.42831193967783976,0.9404203140074672,0.8,1,12.652986276936478,0.08115038724958357,166
7604.229605978,22.900000000005004,1,1,18.42834484814222,17.236094284325517,0.1,0.4089729448072107,0.928564982906592,0.8,1,12.594042057628274,0.08116306271726059,168
7604.239193464,22.910000000005017,1,1,18.86231005853652,17.03834527041996,0.1,0.38971484927275357,0.9160795142051137,0.8,1,12.536607016234434,0.08117392121861133,169
7604.251354083,22.92000000000503,1,1,19.260399445857388,16.831056124486615,0.1,0.3705519890662342,0.9029333560845153,0.8,1,12.480679923261595,0.08118313444836245,171
7604.259261073,22.93000000000504,1,1,19.614732216343874,16.614175866051383,0.1,0.3514948987220063,0.8890737274080333,0.8,1,12.426271576534296,0.08119085665120318,174
7604.269039811,22.940000000005053,1,1,19.91918513605176,16.387662831553676,0.1,0.3325507109516673,0.8743916819880327,0.8,1,12.373403227235196,0.08119722295630116,178
7604.279187301,22.950000000005065,1,1,20.172653705347933,16.151486630936425,0.1,0.31373882085070043,0.858911116090324,0.8,1,12.322105421001833,0.0812023545584013,178
7604.294250718,22.960000000005078,1,1,20.37739557462251,15.90562935184579,0.10000000000000002,0.29509560417298714,0.8425864956276824,0.8,1,12.272419210270817,0.08120635869388226,185
7604.301929956,22.97000000000509,1,1,20.55565817016409,15.650088216997537,0.1,0.27665863460348816,0.8256055390530705,0.8,1,12.22439322279022,0.08120933542325037,195
7604.309130614,22.980000000005102,1,1,20.722485007352017,15.38487454794393,0.1,0.25847253250669083,0.8080417360064726,0.8,1,12.178086268739522,0.08121138574921716,199
7604.320654559,22.990000000005114,1,1,20.86975087211197,15.110027429904463,0.09999999999999999,0.24060259620105712,0.789935418067597,0.789935418067597,0,12.13356741815402,0.08117998961581496,203
7604.329319335,23.000000000005127,1,1,21.010464873471335,14.825834940532925,0.09999999999999999,0.22313074208104017,0.7713736083006864,0.7713736083006864,0,12.090918235460318,0.08098762194283027,207
7604.339380979,23.01000000000514,1,1,21.144382908385467,14.532860608504155,0.09999999999999999,0.20614890373821565,0.7524156304055747,0.7524156304055747,0,12.050226095734738,0.08063234564623634,211
7604.349091274,23.02000000000515,1,1,21.279477347489173,14.23166092202008,0.1,0.18979293925337182,0.7332058259402423,0.7332058259402423,0,12.0115763265561,0.08012684740114318,214
7604.359645915,23.030000000005163,1,1,21.40896864524429,13.922771326749682,0.09999999999999999,0.17423716449441445,0.7137309553229032,0.7137309553229032,0,11.97504851832306,0.07948318618079608,220
7604.370520864,23.040000000005175,1,1,21.53538849906012,13.606708306367386,0.09999999999999999,0.15970862570874175,0.6940699935459699,0.6940699935459699,0,11.940709613735365,0.07871235609929572,229
7604.379416296,23.050000000005188,1,1,21.668094512169624,13.283973905335493,0.1,0.1465193101191914,0.6744142115061623,0.6744142115061623,0,11.90860693110744,0.0778258990248728,232
7604.391619518,23.0600000000052,1,1,21.809721164102665,12.955056077334959,0.10000000000000002,0.13506564599336898,0.654839616599007,0.654839616599007,0,11.87876393106854,0.07683520609062611,237
7604.399661782,23.070000000005212,1,1,21.956362661697764,12.620430501866453,0.1,0.1258076872337233,0.6353801225117317,0.6353801225117317,0,11.851176094895319,0.07575155795504585,241
7604.409029314,23.080000000005224,1,1,22.103630121950772,12.280562166240257,0.1,0.11925904701704106,0.616133987228703,0.616133987228703,0,11.825810849782735,0.07458542639243082,244
7604.419167042,23.090000000005237,1,1,22.247748822821436,11.935908101795896,0.09999999999999999,0.11586644435506598,0.5969950601785805,0.5969950601785805,0,11.802609828992315,0.07334660351148536,247
7604.429348337,23.10000000000525,1,1,22.386596997480467,11.5869179738215,0.1,0.11590115232636715,0.5779888706331329,0.5779888706331329,0,11.781492449518353,0.07204272565553338,254
7604.43917421,23.11000000000526,1,1,22.517960835977263,11.234039264402533,0.1,0.11935610448253697,0.5592351752811907,0.5592351752811907,0,11.76236131094883,0.07068245658723793,257
7604.449538241,23.120000000005273,1,1,22.635024100495702,10.877718234240685,0.09999999999999999,0.1259523040972652,0.5408450110847263,0.5408450110847263,0,11.745110892040511,0.06927369258766447,258
7604.459081089,23.130000000005285,1,1,22.73798916845463,10.518406674880081,0.1,0.13524025467702402,0.5228679080086233,0.5228679080086233,0,11.729635844299308,0.06782557008325174,265
7604.469138156,23.140000000005298,1,1,22.81269383479291,10.156560597454119,0.09999999999999999,0.14669080747114058,0.5052022144305699,0.5052022144305699,0,11.715836619848174,0.06634479855868314,267
7604.47914859,23.15000000000531,1,1,22.855030609141878,9.792645251189137,0.09999999999999999,0.1598411729987648,0.4878392483804155,0.4878392483804155,0,11.70362359317698,0.06483771073634692,268
7604.491856185,23.160000000005322,1,1,22.860413305577502,9.42713931098909,0.09999999999999999,0.1743072828733051,0.4706580071842862,0.4706580071842862,0,11.692919810545638,0.0633092605450225,271
7604.499373078,23.170000000005334,1,1,22.843723126499103,9.060538546623592,0.10000000000000002,0.18978647366110976,0.4536301929243335,0.4536301929243335,0,11.683661059236222,0.06176308048370349,275
7604.509401614,23.180000000005347,1,1,22.792263635092546,8.693361617347325,0.1,0.20605156271822167,0.43691116371122923,0.43691116371122923,0,11.675794320482906,0.060203005835802736,276
7604.51928604,23.19000000000536,1,1,22.70731106517233,8.326161455880232,0.1,0.2229276494857743,0.4204870111425799,0.4204870111425799,0,11.669278143478422,0.0586330124358132,278
7604.529355415,23.20000000000537,1,1,22.508120003178494,7.959538634668836,0.1,0.2402814120357617,0.4048304855710919,0.4048304855710919,0,11.66408406166748,0.05706019527966566,283
7604.5391848,23.210000000005383,1,1,22.242655234976258,7.594155520308908,0.09999999999999999,0.2580106297350745,0.3893310349030773,0.3893310349030773,0,11.660202689652497,0.05548826976893384,285
7604.549139324,23.220000000005395,1,1,21.896124887337226,7.230752391667308,0.10000000000000002,0.276037577579891,0.3738584820205795,0.3738584820205795,0,11.657638829582874,0.0539185295307103,288
7604.560670572,23.230000000005408,1,1,21.31674496346301,6.870131567515106,0.1,0.29430047522342473,0.3585436012932714,0.3585436012932714,0,11.656407542571225,0.052352063891874634,293
7604.569406866,23.24000000000542,1,1,20.58498562067309,6.5130251731957545,0.09999999999999999,0.31276243911733376,0.35294004269265683,0.35294004269265683,0,11.656537980326632,0.05078913947955743,296
7604.579654282,23.250000000005432,1,1,19.715687204820842,6.160366819539794,0.1,0.33139053784814265,0.35364376908383427,0.35364376908383427,0,11.658082221196308,0.0492285892409261,299
7604.589194815,23.260000000005444,1,1,18.6902932122951,5.813656224611371,0.1,0.35015240787767854,0.35344142427064273,0.35344142427064273,0,11.661095262203675,0.047668732011609594,300
7604.599229979,23.270000000005457,1,1,17.657855602767107,5.474713047990647,0.1,0.3690318946182692,0.3521466040849318,0.3521466040849318,0,11.665618739148101,0.046109259986917506,306
7604.609385003,23.28000000000547,1,1,16.65661061929038,5.145627715638208,0.1,0.38801057901184643,0.34960979572947076,0.34960979572947076,0,11.671702508251368,0.04454841809867438,308
7604.619657814,23.29000000000548,1,1,15.725091750541573,4.8289132901467875,0.09999999999999999,0.40707500542877834,0.3455893528294962,0.3455893528294962,0,11.679401127998227,0.04298368464610158,309
7604.629406599,23.300000000005493,1,1,14.896742646957263,4.527825726135516,0.1,0.42621649497879405,0.3397233317361898,0.3397233317361898,0,11.68873960890928,0.04140917633149099,314
7604.639301677,23.310000000005505,1,1,14.176811157919987,4.246346170334083,0.1,0.44542418945462126,0.33162717768798644,0.33162717768798644,0,11.699709667754814,0.03981486018036806,314
7604.649832789,23.320000000005518,1,1,13.569028127786702,3.9876924733370496,0.1,0.46468833537704324,0.3209243201373155,0.3209243201373155,0,11.712204591304404,0.03819241911656923,314
7604.661396941,23.33000000000553,1,1,13.108297210500044,3.757999770231134,0.1,0.48400440703445474,0.30739663717722343,0.30739663717722343,0,11.72647368520699,0.03653049288443433,318
7604.669227234,23.340000000005542,1,1,12.790871545992438,3.5635135374062026,0.1,0.5033650641471633,0.316635995266306,0.316635995266306,0,11.742527265829327,0.034814123952748854,322
7604.679427294,23.350000000005554,1,1,12.590460734717889,3.410794038098516,0.1,0.5227631497106352,0.3300090927156593,0.3300090927156593,0,11.760325521706916,0.03302687595085829,324
7604.689365082,23.360000000005567,1,1,12.490907307576679,3.3061270369756475,0.09999999999999999,0.5421941449853933,0.3377901667631062,0.3377901667631062,0,11.779791827135414,0.03185150936824044,324
7604.69974124,23.37000000000558,1,1,12.489925643487819,3.2546198881914745,0.1,0.561654760848323,0.3407905377727407,0.3407905377727407,0,11.800814290529924,0.031104781623242372,3
7604.709392802,23.38000000000559,1,1,12.625757010949597,3.259236819887077,0.1,0.5811466341630941,0.3399828284486786,0.3399828284486786,0,11.823249902871913,0.030224426818041494,5
7604.719469378,23.390000000005603,1,1,12.813584552339137,3.3201580647368036,0.1,0.6006651473697623,0.3358455697416332,0.3358455697416332,0,11.846937866509471,0.029506900181212374,6
7604.729282359,23.400000000005615,1,1,13.104224324778302,3.4347488261960315,0.1,0.6202073915500235,0.3301611405730734,0.3301611405730734,0,11.871703915718998,0.028690595096970445,11
7604.73918313,23.410000000005628,1,1,12.921614035013318,3.598338448686121,0.0,0.6397730105378003,0.3306553109308849,0.3306553109308849,0,11.897385690183825,0.02779860307071419,13
7604.749361785,23.42000000000564,1,1,12.420161289333638,3.805675034855891,0.0,0.6593593919247634,0.33248974912943136,0.33248974912943136,0,11.923883111929808,0.026866314761069446,17
7604.761798286,23.430000000005652,1,1,11.947805819413148,4.050275988966844,0.09999999999999999,0.6789638758532265,0.32149742436703554,0.32149742436703554,0,11.951116162497037,0.027604685018682185,20
7604.769372527,23.440000000005664,1,1,11.373686111632134,4.324911099586682,0.09999999999999999,0.698586137850845,0.30951767356752935,0.30951767356752935,0,11.978928933678663,0.028528257532663304,24
7604.7794127,23.450000000005677,1,1,11.146513973312814,4.6239905526361165,0.1,0.7182238798005829,0.30504532687791164,0.30504532687791164,0,12.007199820468232,0.02929141078949926,25
7604.789344314,23.46000000000569,1,1,10.35283024093094,4.942975311300081,0.1,0.7378768937697315,0.2942516247519619,0.2942516247519619,0,12.035803269117062,0.029853335826093064,26
7604.799114483,23.4700000000057,1,1,10.05326261619632,5.278127932917569,0.0,0.7575444181660844,0.2947482377672258,0.2947482377672258,0,12.06461782244827,0.030366342642092148,32
7604.809373628,23.480000000005713,1,1,9.449293450794523,5.627591530939165,0.0,0.777223144309168,0.2872719617901566,0.2872719617901566,0,12.09361819942708,0.03075864086532465,33
7604.81982196,23.490000000005725,1,1,8.863723577023645,5.989428780852495,0.1,0.7969136792822127,0.27777197839768386,0.27777197839768386,0,12.122734040506934,0.03105925815290833,34
7604.831345757,23.500000000005738,1,1,8.293971547382258,6.359391604228107,0.1,0.8166139220909896,0.27464881678621367,0.27464881678621367,0,12.151893285789749,0.031261103879298036,40
7604.83934488,23.51000000000575,1,1,8.062623428501913,6.735695508161886,0.09999999999999999,0.836325425108077,0.27553127796424415,0.27553127796424415,0,12.181029561874062,0.031421119668373354,43
7604.849141619,23.520000000005762,1,1,7.527951887311315,7.116950086565385,0.09999999999999999,0.8560433998987979,0.2907907274685579,0.2907907274685579,0,12.210133852120482,0.031559790931652065,46
7604.85936713,23.530000000005774,1,1,7.237335683870893,7.502007153004479,0.004010658225914599,0.875769043036232,0.3109260252140908,0.3109260252140908,0,12.23919218254623,0.03166919927559442,49
7604.869477843,23.540000000005787,1,1,6.912991157626605,7.889940577663301,0.1,0.8954997436811072,0.32986232943793786,0.32986232943793786,0,12.26820176452112,0.03177012431312365,55
7604.879595687,23.5500000000058,1,1,6.792226010467378,8.280003393262998,0.1,0.9152365415321311,0.34670919287072466,0.34670919287072466,0,12.29718321800928,0.031903231542317556,57
7604.889308361,23.56000000000581,1,1,6.65538286627471,8.671597814715408,0.1,0.9349774868264951,0.36685960455160316,0.36685960455160316,0,12.326169643290184,0.03202886235484392,58
7604.899405267,23.570000000005823,1,1,6.898801931170811,9.064171736569127,0.1,0.9547183474431363,0.3808048622335479,0.3808048622335479,0,12.355168685062747,0.032201662037194545,64
7604.909139066,23.580000000005835,1,1,7.060874920266933,9.457290506119628,0.10000000000000002,0.9744550498949835,0.40040157854695735,0.40040157854695735,0,12.384250097996452,0.03239856876391123,66
7604.919401178,23.590000000005848,1,1,7.429246834846853,9.850594113133281,0.09999999999999999,0.9941827410022457,0.4175560100180242,0.4175560100180242,0,12.41343167438749,0.032616362202084304,68
7604.929463273,23.60000000000586,1,1,7.7160138445575805,10.243763723579072,0.1,1.0138951599362263,0.43953896075311016,0.43953896075311016,0,12.442737986202856,0.032797773115311735,69
7604.939121192,23.610000000005872,0,1,0.0,0.0,0.0,0.0,0.0,0.0,0,0.0,0.030178002540534488,72
7604.949065428,23.620000000005884,0,1,0.0,0.0,0.0,0.0,0.0,0.0,0,0.0,0.027791400212146877,72
7604.959073732,23.630000000005897,0,1,0.0,0.0,0.0,0.0,0.0,0.0,0,0.0,0.025631103622547835,72
7604.969032955,23.64000000000591,0,1,0.0,0.0,0.0,0.0,0.0,0.0,0,0.0,0.02367897104651573,75
7604.979064032,23.65000000000592,0,1,0.0,0.0,0.0,0.0,0.0,0.0,0,0.0,0.021915949139415192,76
7604.98911351,23.660000000005933,0,1,0.0,0.0,0.0,0.0,0.0,0.0,0,0.0,0.020324015500010395,76
7605.001164369,23.670000000005945,0,1,0.0,0.0,0.0,0.0,0.0,0.0,0,0.0,0.018886649329966643,78
7605.009062154,23.680000000005958,0,1,0.0,0.0,0.0,0.0,0.0,0.0,0,0.0,0.017588860549633933,80
7605.019063259,23.69000000000597,0,1,0.0,0.0,0.0,0.0,0.0,0.0,0,0.0,0.01641709423673765,81
7605.029148979,23.700000000005982,0,1,0.0,0.0,0.0,0.0,0.0,0.0,0,0.0,0.015359107059782717,82
7605.039088805,23.710000000005994,0,1,0.0,0.0,0.0,0.0,0.0,0.0,0,0.0,0.014403844409448086,86
7605.049019,23.720000000006007,0,1,0.0,0.0,0.0,0.0,0.0,0.0,0,0.0,0.013541326092408434,86
7605.059015608,23.73000000000602,0,1,0.0,0.0,0.0,0.0,0.0,0.0,0,0.0,0.01276254215430872,86
7605.069137021,23.74000000000603,0,1,0.0,0.0,0.0,0.0,0.0,0.0,0,0.0,0.012059358562121814,89
7605.07901848,23.750000000006043,0,1,0.0,0.0,0.0,0.0,0.0,0.0,0,0.0,0.011424431995001205,90
7605.089344172,23.760000000006055,0,1,0.0,0.0,0.0,0.0,0.0,0.0,0,0.0,0.010851132915235207,91
7605.10073566,23.770000000006068,0,1,0.0,0.0,0.0,0.0,0.0,0.0,0,0.0,0.010333476127936336,92
7605.109011516,23.78000000000608,0,1,0.0,0.0,0.0,0.0,0.0,0.0,0,0.0,0.009866058103048303,94
7605.119080609,23.790000000006092,0,1,0.0,0.0,0.0,0.0,0.0,0.0,0,0.0,0.009444000400939512,95
7605.129044578,23.800000000006104,0,1,0.0,0.0,0.0,0.0,0.0,0.0,0,0.0,0.009062898236177341,95
7605.139007642,23.810000000006116,0,1,0.0,0.0,0.0,0.0,0.0,0.0,0,0.0,0.008718773325050222,99
7605.149092722,23.82000000000613,0,1,0.0,0.0,0.0,0.0,0.0,0.0,0,0.0,0.008408031009734307,99
7605.158948599,23.83000000000614,0,1,0.0,0.0,0.0,0.0,0.0,0.0,0,0.0,0.008479490349988184,99
7605.169055818,23.840000000006153,0,1,0.0,0.0,0.0,0.0,0.0,0.0,0,0.0,0.008551046220039882,103
7605.178922527,23.850000000006165,0,1,0.0,0.0,0.0,0.0,0.0,0.0,0,0.0,0.008615844646378878,103
7605.188886042,23.860000000006178,0,1,0.0,0.0,0.0,0.0,0.0,0.0,0,0.0,0.008674515173732744,103
7605.198894732,23.87000000000619,0,1,0.0,0.0,0.0,0.0,0.0,0.0,0,0.0,0.008727631805964697,103
7605.208900244,23.880000000006202,0,1,0.0,0.0,0.0,0.0,0.0,0.0,0,0.0,0.008775717319259635,106
7605.218950558,23.890000000006214,0,1,0.0,0.0,0.0,0.0,0.0,0.0,0,0.0,0.008819246715329743,106
7605.228902394,23.900000000006226,0,1,0.0,0.0,0.0,0.0,0.0,0.0,0,0.0,0.008858650861964912,106
7605.238893534,23.91000000000624,0,1,0.0,0.0,0.0,0.0,0.0,0.0,0,0.0,0.008894320217780138,109
7605.248924634,23.92000000000625,0,1,0.0,0.0,0.0,0.0,0.0,0.0,0,0.0,0.008926589658343476,109
7605.258902792,23.930000000006263,0,1,0.0,0.0,0.0,0.0,0.0,0.0,0,0.0,0.008955701168402164,109
7605.270774809,23.940000000006275,0,1,0.0,0.0,0.0,0.0,0.0,0.0,0,0.0,0.008981986181392898,111
7605.278942707,23.950000000006288,0,1,0.0,0.0,0.0,0.0,0.0,0.0,0,0.0,0.009005764156827079,113
7605.288858611,23.9600000000063,0,1,0.0,0.0,0.0,0.0,0.0,0.0,0,0.0,0.009027301569547896,113
7605.298908913,23.970000000006312,0,1,0.0,0.0,0.0,0.0,0.0,0.0,0,0.0,0.009046822533433141,113
7605.308898281,23.980000000006324,0,1,0.0,0.0,0.0,0.0,0.0,0.0,0,0.0,0.009064521041123763,116
7605.319100535,23.990000000006336,0,1,0.0,0.0,0.0,0.0,0.0,0.0,0,0.0,0.009080568809814227,116
7605.328891781,24.00000000000635,0,1,0.0,0.0,0.0,0.0,0.0,0.0,0,0.0,0.00909511984106115,116
7605.338903283,24.01000000000636,0,1,0.0,0.0,0.0,0.0,0.0,0.0,0,0.0,0.009108313177618732,120
7605.348917541,24.020000000006373,0,1,0.0,0.0,0.0,0.0,0.0,0.0,0,0.0,0.009120275050241378,120
7605.358910878,24.030000000006385,0,1,0.0,0.0,0.0,0.0,0.0,0.0,0,0.0,0.009131195107857204,120
7605.370942176,24.040000000006398,0,1,0.0,0.0,0.0,0.0,0.0,0.0,0,0.0,0.009141341780921963,121
7605.378966564,24.05000000000641,0,1,0.0,0.0,0.0,0.0,0.0,0.0,0,0.0,0.009150965485771101,123
7605.388889976,24.060000000006422,0,1,0.0,0.0,0.0,0.0,0.0,0.0,0,0.0,0.009160208519102708,123
7605.398935519,24.070000000006434,0,1,0.0,0.0,0.0,0.0,0.0,0.0,0,0.0,0.009169143435871385,123
7605.408942566,24.080000000006446,0,1,0.0,0.0,0.0,0.0,0.0,0.0,0,0.0,0.0091778081278594,125
7605.418930036,24.09000000000646,0,1,0.0,0.0,0.0,0.0,0.0,0.0,0,0.0,0.00918622376578715,125
7605.428863137,24.10000000000647,0,1,0.0,0.0,0.0,0.0,0.0,0.0,0,0.0,0.00919440357715351,125
7605.438852009,24.110000000006483,0,1,0.0,0.0,0.0,0.0,0.0,0.0,0,0.0,0.009202357020584029,127
7605.449024361,24.120000000006495,0,1,0.0,0.0,0.0,0.0,0.0,0.0,0,0.0,0.009210091733968695,127
7605.45912627,24.130000000006508,0,1,0.0,0.0,0.0,0.0,0.0,0.0,0,0.0,0.009217614432643129,127
7605.469162545,24.14000000000652,0,1,0.0,0.0,0.0,0.0,0.0,0.0,0,0.0,0.009224931320900742,127
7605.478896387,24.150000000006532,0,1,0.0,0.0,0.0,0.0,0.0,0.0,0,0.0,0.009232048280687022,132
7605.488973418,24.160000000006544,0,1,0.0,0.0,0.0,0.0,0.0,0.0,0,0.0,0.009238970959179249,132
7605.498929501,24.170000000006556,0,1,0.0,0.0,0.0,0.0,0.0,0.0,0,0.0,0.00924570481074527,132
7605.508866202,24.18000000000657,0,1,0.0,0.0,0.0,0.0,0.0,0.0,0,0.0,0.009252255118376684,135
7605.518901356,24.19000000000658,0,1,0.0,0.0,0.0,0.0,0.0,0.0,0,0.0,0.009258627005877207,135
7605.528919309,24.200000000006593,0,1,0.0,0.0,0.0,0.0,0.0,0.0,0,0.0,0.00926482544584828,135
7605.538930492,24.210000000006605,0,1,0.0,0.0,0.0,0.0,0.0,0.0,0,0.0,0.009270855265722466,135
7605.548902099,24.220000000006618,0,1,0.0,0.0,0.0,0.0,0.0,0.0,0,0.0,0.009276721152849166,138
7605.558967063,24.23000000000663,0,1,0.0,0.0,0.0,0.0,0.0,0.0,0,0.0,0.009282427659077386,138
7605.568988847,24.240000000006642,0,1,0.0,0.0,0.0,0.0,0.0,0.0,0,0.0,0.009287979205037544,138
7605.578901694,24.250000000006654,0,1,0.0,0.0,0.0,0.0,0.0,0.0,0,0.0,0.009293380084215097,141
7605.588901101,24.260000000006666,0,1,0.0,0.0,0.0,0.0,0.0,0.0,0,0.0,0.009298634466857636,141
7605.599028923,24.27000000000668,0,1,0.0,0.0,0.0,0.0,0.0,0.0,0,0.0,0.009303746403737878,141
7605.61015245,24.28000000000669,0,1,0.0,0.0,0.0,0.0,0.0,0.0,0,0.0,0.009308719829785983,143
7605.618904044,24.290000000006703,0,1,0.0,0.0,0.0,0.0,0.0,0.0,0,0.0,0.009313558567598523,144
7605.629074618,24.300000000006715,0,1,0.0,0.0,0.0,0.0,0.0,0.0,0,0.0,0.009318266330829772,144
7605.638930661,24.310000000006728,0,1,0.0,0.0,0.0,0.0,0.0,0.0,0,0.0,0.009322846727470635,144
7605.648915367,24.32000000000674,0,1,0.0,0.0,0.0,0.0,0.0,0.0,0,0.0,0.009327303263020115,147
7605.658904732,24.330000000006752,0,1,0.0,0.0,0.0,0.0,0.0,0.0,0,0.0,0.009331639343552411,147
7605.668928898,24.340000000006764,0,1,0.0,0.0,0.0,0.0,0.0,0.0,0,0.0,0.009335858278684994,147
7605.678946413,24.350000000006776,0,1,0.0,0.0,0.0,0.0,0.0,0.0,0,0.0,0.009339963284449637,150
7605.689062709,24.36000000000679,0,1,0.0,0.0,0.0,0.0,0.0,0.0,0,0.0,0.009343957486071752,150
7605.699248213,24.3700000000068,0,1,0.0,0.0,0.0,0.0,0.0,0.0,0,0.0,0.009347843920659238,0
7605.709013668,24.380000000006813,0,1,0.0,0.0,0.0,0.0,0.0,0.0,0,0.0,0.009351625539806396,0
7605.71893666,24.390000000006825,0,1,0.0,0.0,0.0,0.0,0.0,0.0,0,0.0,0.009355305212114251,3
7605.728974355,24.400000000006838,0,1,0.0,0.0,0.0,0.0,0.0,0.0,0,0.0,0.009358885725631372,3
7605.738900231,24.41000000000685,0,1,0.0,0.0,0.0,0.0,0.0,0.0,0,0.0,0.009362369790216651,3
7605.749131823,24.420000000006862,0,1,0.0,0.0,0.0,0.0,0.0,0.0,0,0.0,0.009365760039828808,6
7605.759138348,24.430000000006874,0,1,0.0,0.0,0.0,0.0,0.0,0.0,0,0.0,0.009369059034742722,6
7605.769131489,24.440000000006886,0,1,0.0,0.0,0.0,0.0,0.0,0.0,0,0.0,0.009372269263697719,6
7605.779693697,24.4500000000069,0,1,0.0,0.0,0.0,0.0,0.0,0.0,0,0.0,0.00937539314597835,8
7605.789120019,24.46000000000691,0,1,0.0,0.0,0.0,0.0,0.0,0.0,0,0.0,0.009378433033430111,8
7605.798952912,24.470000000006923,0,1,0.0,0.0,0.0,0.0,0.0,0.0,0,0.0,0.009381391212412993,8
7605.809292252,24.480000000006935,0,1,0.0,0.0,0.0,0.0,0.0,0.0,0,0.0,0.00938426990569552,8
7605.819114456,24.490000000006948,0,1,0.0,0.0,0.0,0.0,0.0,0.0,0,0.0,0.009387071274289394,12
7605.828949852,24.50000000000696,0,1,0.0,0.0,0.0,0.0,0.0,0.0,0,0.0,0.009389797419229184,12
7605.838920831,24.510000000006972,0,1,0.0,0.0,0.0,0.0,0.0,0.0,0,0.0,0.009392450383295836,12
7605.848916978,24.520000000006984,0,1,0.0,0.0,0.0,0.0,0.0,0.0,0,0.0,0.009395032152689553,15
7605.859103063,24.530000000006996,0,1,0.0,0.0,0.0,0.0,0.0,0.0,0,0.0,0.009397544658650392,16
7605.869122263,24.54000000000701,0,1,0.0,0.0,0.0,0.0,0.0,0.0,0,0.0,0.009399989779030782,16
7605.881279635,24.55000000000702,0,1,0.0,0.0,0.0,0.0,0.0,0.0,0,0.0,0.00940236933981986,17
7605.889033786,24.560000000007033,0,1,0.0,0.0,0.0,0.0,0.0,0.0,0,0.0,0.009404685116622069,20
7605.899301234,24.570000000007045,0,1,0.0,0.0,0.0,0.0,0.0,0.0,0,0.0,0.009406938836091894,20
7605.909170145,24.580000000007058,0,1,0.0,0.0,0.0,0.0,0.0,0.0,0,0.0,0.009409132177324309,20
7605.91891006,24.59000000000707,0,1,0.0,0.0,0.0,0.0,0.0,0.0,0,0.0,0.009411266773204807,23
7605.928893286,24.600000000007082,0,1,0.0,0.0,0.0,0.0,0.0,0.0,0,0.0,0.0094133442117188,23
7605.939106647,24.610000000007094,0,1,0.0,0.0,0.0,0.0,0.0,0.0,0,0.0,0.009415366037222483,23
7605.954433374,24.620000000007106,0,1,0.0,0.0,0.0,0.0,0.0,0.0,0,0.0,0.00941733375167475,24
7605.964662737,24.63000000000712,0,1,0.0,0.0,0.0,0.0,0.0,0.0,0,0.0,0.009419248815834225,24
7605.974851611,24.64000000000713,0,1,0.0,0.0,0.0,0.0,0.0,0.0,0,0.0,0.009421112650420227,24
7605.989630802,24.650000000007143,0,1,0.0,0.0,0.0,0.0,0.0,0.0,0,0.0,0.009422926637238094,25
7605.999634901,24.660000000007155,0,1,0.0,0.0,0.0,0.0,0.0,0.0,0,0.0,0.009424692120274969,25
7606.009685737,24.670000000007168,0,1,0.0,0.0,0.0,0.0,0.0,0.0,0,0.0,0.009426410406759844,25
7606.019747793,24.68000000000718,0,1,0.0,0.0,0.0,0.0,0.0,0.0,0,0.0,0.009428082768194068,30
7606.029855891,24.690000000007192,0,1,0.0,0.0,0.0,0.0,0.0,0.0,0,0.0,0.009429710441352768,30
7606.039509284,24.700000000007204,0,1,0.0,0.0,0.0,0.0,0.0,0.0,0,0.0,0.009431294629255071,30
7606.053417536,24.710000000007216,0,1,0.0,0.0,0.0,0.0,0.0,0.0,0,0.0,0.00943283650210669,31
7606.059645528,24.72000000000723,0,1,0.0,0.0,0.0,0.0,0.0,0.0,0,0.0,0.009434337198216847,36
7606.06954423,24.73000000000724,0,1,0.0,0.0,0.0,0.0,0.0,0.0,0,0.0,0.009435797824886127,36
7606.079636542,24.740000000007253,0,1,0.0,0.0,0.0,0.0,0.0,0.0,0,0.0,0.009437219459270119,36
7606.0896035,24.750000000007265,0,1,0.0,0.0,0.0,0.0,0.0,0.0,0,0.0,0.009438603149217628,39
7606.099538786,24.760000000007278,0,1,0.0,0.0,0.0,0.0,0.0,0.0,0,0.0,0.009439949914085144,39
7606.109845173,24.77000000000729,0,1,0.0,0.0,0.0,0.0,0.0,0.0,0,0.0,0.009441260745527313,39
7606.119422316,24.780000000007302,0,1,0.0,0.0,0.0,0.0,0.0,0.0,0,0.0,0.009442536608265217,42
7606.129531134,24.790000000007314,0,1,0.0,0.0,0.0,0.0,0.0,0.0,0,0.0,0.00944377844083244,42
7606.139543115,24.800000000007326,0,1,0.0,0.0,0.0,0.0,0.0,0.0,0,0.0,0.009444987156299267,42
7606.149569017,24.81000000000734,0,1,0.0,0.0,0.0,0.0,0.0,0.0,0,0.0,0.009446163642977012,42
7606.159591397,24.82000000000735,0,1,0.0,0.0,0.0,0.0,0.0,0.0,0,0.0,0.00944730876510258,45
7606.169509873,24.830000000007363,0,1,0.0,0.0,0.0,0.0,0.0,0.0,0,0.0,0.009448423363500824,45
7606.179505608,24.840000000007375,0,1,0.0,0.0,0.0,0.0,0.0,0.0,0,0.0,0.009449508256231698,45
7606.189503984,24.850000000007388,0,1,0.0,0.0,0.0,0.0,0.0,0.0,0,0.0,0.009450564239217307,49
7606.199473073,24.8600000000074,0,1,0.0,0.0,0.0,0.0,0.0,0.0,0,0.0,0.009451592086850868,49
7606.209616895,24.870000000007412,0,1,0.0,0.0,0.0,0.0,0.0,0.0,0,0.0,0.009452592552588346,49
7606.221157564,24.880000000007424,0,1,0.0,0.0,0.0,0.0,0.0,0.0,0,0.0,0.009453566369524435,50
7606.229539159,24.890000000007436,0,1,0.0,0.0,0.0,0.0,0.0,0.0,0,0.0,0.009454514250951673,51
7606.23961762,24.90000000000745,0,1,0.0,0.0,0.0,0.0,0.0,0.0,0,0.0,0.009455436890903446,51
7606.249558515,24.91000000000746,0,1,0.0,0.0,0.0,0.0,0.0,0.0,0,0.0,0.00945633496468179,51
7606.25977941,24.920000000007473,0,1,0.0,0.0,0.0,0.0,0.0,0.0,0,0.0,0.00945720912937098,53
7606.269606395,24.930000000007485,0,1,0.0,0.0,0.0,0.0,0.0,0.0,0,0.0,0.009458060024336246,53
7606.279616561,24.940000000007498,0,1,0.0,0.0,0.0,0.0,0.0,0.0,0,0.0,0.00945888827170771,53
7606.291292393,24.95000000000751,0,1,0.0,0.0,0.0,0.0,0.0,0.0,0,0.0,0.009459694476852465,56
7606.2996065,24.960000000007522,0,1,0.0,0.0,0.0,0.0,0.0,0.0,0,0.0,0.009460479228832308,58
7606.30964476,24.970000000007534,0,1,0.0,0.0,0.0,0.0,0.0,0.0,0,0.0,0.009461243100848615,58
7606.3195507,24.980000000007546,0,1,0.0,0.0,0.0,0.0,0.0,0.0,0,0.0,0.009461986650675325,58
7606.329600136,24.99000000000756,0,1,0.0,0.0,0.0,0.0,0.0,0.0,0,0.0,0.009462710421079046,65
7606.339670753,25.00000000000757,0,1,0.0,0.0,0.0,0.0,0.0,0.0,0,0.0,0.009463414940228398,66
7606.349575869,25.010000000007583,0,1,0.0,0.0,0.0,0.0,0.0,0.0,0,0.0,0.009464100722091584,66
7606.360941618,25.020000000007595,0,1,0.0,0.0,0.0,0.0,0.0,0.0,0,0.0,0.009464768266822299,71
7606.36963858,25.030000000007607,0,1,0.0,0.0,0.0,0.0,0.0,0.0,0,0.0,0.0094654180611361,72
7606.379539686,25.04000000000762,0,1,0.0,0.0,0.0,0.0,0.0,0.0,0,0.0,0.009466050578675445,72
7606.392445422,25.050000000007632,0,1,0.0,0.0,0.0,0.0,0.0,0.0,0,0.0,0.009466666280364966,73
7606.399624892,25.060000000007644,0,1,0.0,0.0,0.0,0.0,0.0,0.0,0,0.0,0.009467265614756193,76
7606.409509146,25.070000000007656,0,1,0.0,0.0,0.0,0.0,0.0,0.0,0,0.0,0.009467849018363839,76
7606.419570146,25.08000000000767,0,1,0.0,0.0,0.0,0.0,0.0,0.0,0,0.0,0.00946841691599265,76
7606.429547523,25.09000000000768,0,1,0.0,0.0,0.0,0.0,0.0,0.0,0,0.0,0.009468969721053822,79
7606.439554384,25.100000000007693,0,1,0.0,0.0,0.0,0.0,0.0,0.0,0,0.0,0.009469507835874524,79
7606.449529643,25.110000000007705,0,1,0.0,0.0,0.0,0.0,0.0,0.0,0,0.0,0.009470031651997779,79
7606.461945665,25.120000000007717,0,1,0.0,0.0,0.0,0.0,0.0,0.0,0,0.0,0.009470541550473999,82
