wall_time,sim_time,teleop_active,ros_fresh,clutch_id,omy_relative_rotation_deg,fr3_command_cumulative_rotation_deg,fr3_target_cumulative_rotation_deg,command_target_rotation_gap_deg,position_error_mm,orientation_error_deg,target_linear_speed_mps,target_angular_speed_radps,raw_max_qdot_radps,cmd_max_qdot_radps,qdot_saturated,jacobian_condition,max_q_command_error_rad,deadline_misses
9362.041723369,0.010000000000000002,0,1,0,0.0,0.0,0.0,0.0,0.0,0.0,0.0,0.0,0.0,0.0,0,0.0,0.00023156172738025838,4
9362.051362081,0.02000000000000001,0,1,0,0.0,0.0,0.0,0.0,0.0,0.0,0.0,0.0,0.0,0.0,0,0.0,0.0006420883348210449,8
9362.061368344,0.03000000000000002,0,1,0,0.0,0.0,0.0,0.0,0.0,0.0,0.0,0.0,0.0,0.0,0,0.0,0.0010870701046840686,13
9362.070680021,0.04000000000000003,0,1,0,0.0,0.0,0.0,0.0,0.0,0.0,0.0,0.0,0.0,0.0,0,0.0,0.0015382914321710002,18
9362.080676952,0.05000000000000004,0,1,0,0.0,0.0,0.0,0.0,0.0,0.0,0.0,0.0,0.0,0.0,0,0.0,0.0019525120983990981,19
9362.091364594,0.060000000000000046,0,1,0,0.0,0.0,0.0,0.0,0.0,0.0,0.0,0.0,0.0,0.0,0,0.0,0.002326993557708709,19
9362.10101786,0.07000000000000005,0,1,0,0.0,0.0,0.0,0.0,0.0,0.0,0.0,0.0,0.0,0.0,0,0.0,0.0026636721412751654,24
9362.110818461,0.08000000000000006,0,1,0,0.0,0.0,0.0,0.0,0.0,0.0,0.0,0.0,0.0,0.0,0,0.0,0.0029657491512482194,25
9362.12082419,0.09000000000000007,0,1,0,0.0,0.0,0.0,0.0,0.0,0.0,0.0,0.0,0.0,0.0,0,0.0,0.003236578567500767,27
9362.133110616,0.10000000000000007,0,1,0,0.0,0.0,0.0,0.0,0.0,0.0,0.0,0.0,0.0,0.0,0,0.0,0.0034793261918181517,29
9362.140861606,0.11000000000000008,0,1,0,0.0,0.0,0.0,0.0,0.0,0.0,0.0,0.0,0.0,0.0,0,0.0,0.0036968818133849154,32
9362.15081908,0.12000000000000009,0,1,0,0.0,0.0,0.0,0.0,0.0,0.0,0.0,0.0,0.0,0.0,0,0.0,0.003891852468140432,32
9362.160923968,0.1300000000000001,0,1,0,0.0,0.0,0.0,0.0,0.0,0.0,0.0,0.0,0.0,0.0,0,0.0,0.004066580160140322,36
9362.170892945,0.1400000000000001,0,1,0,0.0,0.0,0.0,0.0,0.0,0.0,0.0,0.0,0.0,0.0,0,0.0,0.0042231655706561405,41
9362.182209526,0.1500000000000001,0,1,0,0.0,0.0,0.0,0.0,0.0,0.0,0.0,0.0,0.0,0.0,0,0.0,0.0043634918762542945,43
9362.191415743,0.16000000000000011,0,1,0,0.0,0.0,0.0,0.0,0.0,0.0,0.0,0.0,0.0,0.0,0,0.0,0.004489246934098883,53
9362.203007645,0.17000000000000012,0,1,0,0.0,0.0,0.0,0.0,0.0,0.0,0.0,0.0,0.0,0.0,0,0.0,0.004601943436198346,60
9362.210889796,0.18000000000000013,0,1,0,0.0,0.0,0.0,0.0,0.0,0.0,0.0,0.0,0.0,0.0,0,0.0,0.0047029370580503,65
9362.221297842,0.19000000000000014,0,1,0,0.0,0.0,0.0,0.0,0.0,0.0,0.0,0.0,0.0,0.0,0,0.0,0.00479344274985854,66
9362.230772173,0.20000000000000015,0,1,0,0.0,0.0,0.0,0.0,0.0,0.0,0.0,0.0,0.0,0.0,0,0.0,0.004874549344019622,68
9362.240729163,0.21000000000000016,0,1,0,0.0,0.0,0.0,0.0,0.0,0.0,0.0,0.0,0.0,0.0,0,0.0,0.004947232647788313,72
9362.250741686,0.22000000000000017,0,1,0,0.0,0.0,0.0,0.0,0.0,0.0,0.0,0.0,0.0,0.0,0,0.0,0.005012367176722273,72
9362.260870292,0.23000000000000018,0,1,0,0.0,0.0,0.0,0.0,0.0,0.0,0.0,0.0,0.0,0.0,0,0.0,0.005070736669659783,72
9362.27064676,0.24000000000000019,0,1,0,0.0,0.0,0.0,0.0,0.0,0.0,0.0,0.0,0.0,0.0,0,0.0,0.0051230435117468704,75
9362.281080517,0.25000000000000017,0,1,0,0.0,0.0,0.0,0.0,0.0,0.0,0.0,0.0,0.0,0.0,0,0.0,0.005169917178980228,76
9362.29083273,0.2600000000000002,0,1,0,0.0,0.0,0.0,0.0,0.0,0.0,0.0,0.0,0.0,0.0,0,0.0,0.005211921805952601,80
9362.302639569,0.2700000000000002,0,1,0,0.0,0.0,0.0,0.0,0.0,0.0,0.0,0.0,0.0,0.0,0,0.0,0.005249536049669865,82
9362.3107113,0.2800000000000002,0,1,0,0.0,0.0,0.0,0.0,0.0,0.0,0.0,0.0,0.0,0.0,0,0.0,0.00528308929435087,84
9362.320645129,0.2900000000000002,0,1,0,0.0,0.0,0.0,0.0,0.0,0.0,0.0,0.0,0.0,0.0,0,0.0,0.0053130514465207146,84
9362.330704791,0.3000000000000002,0,1,0,0.0,0.0,0.0,0.0,0.0,0.0,0.0,0.0,0.0,0.0,0,0.0,0.005339878191504068,85
9362.340650387,0.3100000000000002,0,1,0,0.0,0.0,0.0,0.0,0.0,0.0,0.0,0.0,0.0,0.0,0,0.0,0.00536393785246659,90
9362.350650929,0.32000000000000023,0,1,0,0.0,0.0,0.0,0.0,0.0,0.0,0.0,0.0,0.0,0.0,0,0.0,0.005385533541666898,90
9362.360729075,0.33000000000000024,0,1,0,0.0,0.0,0.0,0.0,0.0,0.0,0.0,0.0,0.0,0.0,0,0.0,0.005404924413936385,91
9362.37103036,0.34000000000000025,0,1,0,0.0,0.0,0.0,0.0,0.0,0.0,0.0,0.0,0.0,0.0,0,0.0,0.005422337788624488,95
9362.380652058,0.35000000000000026,0,1,0,0.0,0.0,0.0,0.0,0.0,0.0,0.0,0.0,0.0,0.0,0,0.0,0.005437975731847331,95
9362.390730536,0.36000000000000026,0,1,0,0.0,0.0,0.0,0.0,0.0,0.0,0.0,0.0,0.0,0.0,0,0.0,0.005452018977451459,95
9362.400709904,0.3700000000000003,0,1,0,0.0,0.0,0.0,0.0,0.0,0.0,0.0,0.0,0.0,0.0,0,0.0,0.005464629620454852,95
9362.41066638,0.3800000000000003,0,1,0,0.0,0.0,0.0,0.0,0.0,0.0,0.0,0.0,0.0,0.0,0,0.0,0.005475953208739359,99
9362.420763209,0.3900000000000003,0,1,0,0.0,0.0,0.0,0.0,0.0,0.0,0.0,0.0,0.0,0.0,0,0.0,0.005486125359485088,99
9362.430698586,0.4000000000000003,0,1,0,0.0,0.0,0.0,0.0,0.0,0.0,0.0,0.0,0.0,0.0,0,0.0,0.00549545203010255,99
9362.440661825,0.4100000000000003,0,1,0,0.0,0.0,0.0,0.0,0.0,0.0,0.0,0.0,0.0,0.0,0,0.0,0.005504294128597727,102
9362.450698465,0.4200000000000003,0,1,0,0.0,0.0,0.0,0.0,0.0,0.0,0.0,0.0,0.0,0.0,0,0.0,0.005512811472181938,102
9362.460792009,0.4300000000000003,0,1,0,0.0,0.0,0.0,0.0,0.0,0.0,0.0,0.0,0.0,0.0,0,0.0,0.00552107084652051,102
9362.47400633,0.44000000000000034,0,1,0,0.0,0.0,0.0,0.0,0.0,0.0,0.0,0.0,0.0,0.0,0,0.0,0.005529102057472208,103
9362.48076008,0.45000000000000034,0,1,0,0.0,0.0,0.0,0.0,0.0,0.0,0.0,0.0,0.0,0.0,0,0.0,0.005536920144885517,107
9362.490711286,0.46000000000000035,0,1,0,0.0,0.0,0.0,0.0,0.0,0.0,0.0,0.0,0.0,0.0,0,0.0,0.0055445341969600805,107
9362.500734953,0.47000000000000036,0,1,0,0.0,0.0,0.0,0.0,0.0,0.0,0.0,0.0,0.0,0.0,0,0.0,0.005551950854058594,107
9362.510648222,0.48000000000000037,0,1,0,0.0,0.0,0.0,0.0,0.0,0.0,0.0,0.0,0.0,0.0,0,0.0,0.005559175705129038,110
9362.520738828,0.4900000000000004,0,1,0,0.0,0.0,0.0,0.0,0.0,0.0,0.0,0.0,0.0,0.0,0,0.0,0.0055662138464504015,110
9362.530693696,0.5000000000000003,0,1,0,0.0,0.0,0.0,0.0,0.0,0.0,0.0,0.0,0.0,0.0,0,0.0,0.00557307010671817,110
9362.540649596,0.5100000000000003,0,1,0,0.0,0.0,0.0,0.0,0.0,0.0,0.0,0.0,0.0,0.0,0,0.0,0.00557974913889795,113
9362.550710696,0.5200000000000004,0,1,0,0.0,0.0,0.0,0.0,0.0,0.0,0.0,0.0,0.0,0.0,0,0.0,0.005586255458720616,113
9362.560731473,0.5300000000000004,0,1,0,0.0,0.0,0.0,0.0,0.0,0.0,0.0,0.0,0.0,0.0,0,0.0,0.005592593461728072,113
9362.570662429,0.5400000000000004,0,1,0,0.0,0.0,0.0,0.0,0.0,0.0,0.0,0.0,0.0,0.0,0,0.0,0.005598767431652431,113
9362.580672508,0.5500000000000004,0,1,0,0.0,0.0,0.0,0.0,0.0,0.0,0.0,0.0,0.0,0.0,0,0.0,0.005604781545265028,118
9362.590630307,0.5600000000000004,0,1,0,0.0,0.0,0.0,0.0,0.0,0.0,0.0,0.0,0.0,0.0,0,0.0,0.005610639875766005,119
9362.600734309,0.5700000000000004,0,1,0,0.0,0.0,0.0,0.0,0.0,0.0,0.0,0.0,0.0,0.0,0,0.0,0.005616346395552348,119
9362.610601534,0.5800000000000004,0,1,0,0.0,0.0,0.0,0.0,0.0,0.0,0.0,0.0,0.0,0.0,0,0.0,0.005621904978704771,124
9362.620718035,0.5900000000000004,0,1,0,0.0,0.0,0.0,0.0,0.0,0.0,0.0,0.0,0.0,0.0,0,0.0,0.005627319403332436,0
9362.630655876,0.6000000000000004,0,1,0,0.0,0.0,0.0,0.0,0.0,0.0,0.0,0.0,0.0,0.0,0,0.0,0.005632593353832658,0
9362.644087085,0.6100000000000004,0,1,0,0.0,0.0,0.0,0.0,0.0,0.0,0.0,0.0,0.0,0.0,0,0.0,0.005637730423089379,1
9362.650663372,0.6200000000000004,0,1,0,0.0,0.0,0.0,0.0,0.0,0.0,0.0,0.0,0.0,0.0,0,0.0,0.005642734114620527,5
9362.660727166,0.6300000000000004,0,1,0,0.0,0.0,0.0,0.0,0.0,0.0,0.0,0.0,0.0,0.0,0,0.0,0.005647607844678777,5
9362.670763908,0.6400000000000005,0,1,0,0.0,0.0,0.0,0.0,0.0,0.0,0.0,0.0,0.0,0.0,0,0.0,0.0056523549443079505,5
9362.68066439,0.6500000000000005,0,1,0,0.0,0.0,0.0,0.0,0.0,0.0,0.0,0.0,0.0,0.0,0,0.0,0.005656978661356293,9
9362.690700219,0.6600000000000005,0,1,0,0.0,0.0,0.0,0.0,0.0,0.0,0.0,0.0,0.0,0.0,0,0.0,0.005661482162447525,9
9362.700705193,0.6700000000000005,0,1,0,0.0,0.0,0.0,0.0,0.0,0.0,0.0,0.0,0.0,0.0,0,0.0,0.00566586853491038,9
9362.711580025,0.6800000000000005,0,1,0,0.0,0.0,0.0,0.0,0.0,0.0,0.0,0.0,0.0,0.0,0,0.0,0.0056701407886672805,12
9362.720652802,0.6900000000000005,0,1,0,0.0,0.0,0.0,0.0,0.0,0.0,0.0,0.0,0.0,0.0,0,0.0,0.005674301858082796,13
9362.730690791,0.7000000000000005,0,1,0,0.0,0.0,0.0,0.0,0.0,0.0,0.0,0.0,0.0,0.0,0,0.0,0.005678354603772501,13
9362.740648849,0.7100000000000005,0,1,0,0.0,0.0,0.0,0.0,0.0,0.0,0.0,0.0,0.0,0.0,0,0.0,0.005682301814372843,13
9362.750652927,0.7200000000000005,0,1,0,0.0,0.0,0.0,0.0,0.0,0.0,0.0,0.0,0.0,0.0,0,0.0,0.0056861462082726895,17
9362.760720585,0.7300000000000005,0,1,0,0.0,0.0,0.0,0.0,0.0,0.0,0.0,0.0,0.0,0.0,0,0.0,0.00568989043530711,17
9362.77062435,0.7400000000000005,0,1,0,0.0,0.0,0.0,0.0,0.0,0.0,0.0,0.0,0.0,0.0,0,0.0,0.005693537078414077,17
9362.780825451,0.7500000000000006,0,1,0,0.0,0.0,0.0,0.0,0.0,0.0,0.0,0.0,0.0,0.0,0,0.0,0.005697088655254685,20
9362.791127641,0.7600000000000006,0,1,0,0.0,0.0,0.0,0.0,0.0,0.0,0.0,0.0,0.0,0.0,0,0.0,0.0057005476197975235,20
9362.80064501,0.7700000000000006,0,1,0,0.0,0.0,0.0,0.0,0.0,0.0,0.0,0.0,0.0,0.0,0,0.0,0.005703916363867799,20
9362.814374597,0.7800000000000006,0,1,0,0.0,0.0,0.0,0.0,0.0,0.0,0.0,0.0,0.0,0.0,0,0.0,0.005707197218661874,21
9362.820638177,0.7900000000000006,0,1,0,0.0,0.0,0.0,0.0,0.0,0.0,0.0,0.0,0.0,0.0,0,0.0,0.005710392456227798,25
9362.830654287,0.8000000000000006,0,1,0,0.0,0.0,0.0,0.0,0.0,0.0,0.0,0.0,0.0,0.0,0,0.0,0.005713504290912477,25
9362.840916077,0.8100000000000006,0,1,0,0.0,0.0,0.0,0.0,0.0,0.0,0.0,0.0,0.0,0.0,0,0.0,0.005716534880776081,26
9362.857216406,0.8200000000000006,0,1,0,0.0,0.0,0.0,0.0,0.0,0.0,0.0,0.0,0.0,0.0,0,0.0,0.005719486328974297,28
9362.866867106,0.8300000000000006,0,1,0,0.0,0.0,0.0,0.0,0.0,0.0,0.0,0.0,0.0,0.0,0,0.0,0.005722360685109035,32
9362.877189744,0.8400000000000006,0,1,0,0.0,0.0,0.0,0.0,0.0,0.0,0.0,0.0,0.0,0.0,0,0.0,0.0057251599465481945,32
9362.886814303,0.8500000000000006,0,1,0,0.0,0.0,0.0,0.0,0.0,0.0,0.0,0.0,0.0,0.0,0,0.0,0.005727886059715068,36
9362.896744969,0.8600000000000007,0,1,0,0.0,0.0,0.0,0.0,0.0,0.0,0.0,0.0,0.0,0.0,0,0.0,0.005730540921347992,36
9362.90687745,0.8700000000000007,0,1,0,0.0,0.0,0.0,0.0,0.0,0.0,0.0,0.0,0.0,0.0,0,0.0,0.005733126379730814,36
9362.916753131,0.8800000000000007,0,1,0,0.0,0.0,0.0,0.0,0.0,0.0,0.0,0.0,0.0,0.0,0,0.0,0.005735644235894754,39
9362.926567855,0.8900000000000007,0,1,0,0.0,0.0,0.0,0.0,0.0,0.0,0.0,0.0,0.0,0.0,0,0.0,0.005738096244792243,39
9362.936647487,0.9000000000000007,0,1,0,0.0,0.0,0.0,0.0,0.0,0.0,0.0,0.0,0.0,0.0,0,0.0,0.005740484116443287,39
9362.946877144,0.9100000000000007,0,1,0,0.0,0.0,0.0,0.0,0.0,0.0,0.0,0.0,0.0,0.0,0,0.0,0.005742809517054933,39
9362.956656211,0.9200000000000007,0,1,0,0.0,0.0,0.0,0.0,0.0,0.0,0.0,0.0,0.0,0.0,0,0.0,0.005745074070114369,43
9362.966708897,0.9300000000000007,0,1,0,0.0,0.0,0.0,0.0,0.0,0.0,0.0,0.0,0.0,0.0,0,0.0,0.0057472793574562114,43
9362.976988668,0.9400000000000007,0,1,0,0.0,0.0,0.0,0.0,0.0,0.0,0.0,0.0,0.0,0.0,0,0.0,0.005749426920304515,43
9362.986740984,0.9500000000000007,0,1,0,0.0,0.0,0.0,0.0,0.0,0.0,0.0,0.0,0.0,0.0,0,0.0,0.005751518260290047,47
9362.996811363,0.9600000000000007,0,1,0,0.0,0.0,0.0,0.0,0.0,0.0,0.0,0.0,0.0,0.0,0,0.0,0.005753554840443318,47
9363.006804319,0.9700000000000008,0,1,0,0.0,0.0,0.0,0.0,0.0,0.0,0.0,0.0,0.0,0.0,0,0.0,0.005755538086163913,47
9363.01786281,0.9800000000000008,0,1,0,0.0,0.0,0.0,0.0,0.0,0.0,0.0,0.0,0.0,0.0,0,0.0,0.005757469386166609,49
9363.026609407,0.9900000000000008,0,1,0,0.0,0.0,0.0,0.0,0.0,0.0,0.0,0.0,0.0,0.0,0,0.0,0.0057593500934047925,50
9363.036860359,1.0000000000000007,0,1,0,0.0,0.0,0.0,0.0,0.0,0.0,0.0,0.0,0.0,0.0,0,0.0,0.005761181525971657,50
9363.046782612,1.0099999999999996,0,1,0,0.0,0.0,0.0,0.0,0.0,0.0,0.0,0.0,0.0,0.0,0,0.0,0.005762964967979673,50
9363.05679972,1.0199999999999985,0,1,0,0.0,0.0,0.0,0.0,0.0,0.0,0.0,0.0,0.0,0.0,0,0.0,0.005764701670418786,54
9363.067015414,1.0299999999999974,0,1,0,0.0,0.0,0.0,0.0,0.0,0.0,0.0,0.0,0.0,0.0,0,0.0,0.005766392851993848,54
9363.076841762,1.0399999999999963,0,1,0,0.0,0.0,0.0,0.0,0.0,0.0,0.0,0.0,0.0,0.0,0,0.0,0.0057680396999416975,54
9363.087120438,1.0499999999999952,0,1,0,0.0,0.0,0.0,0.0,0.0,0.0,0.0,0.0,0.0,0.0,0,0.0,0.005769643370828369,57
9363.096644562,1.059999999999994,0,1,0,0.0,0.0,0.0,0.0,0.0,0.0,0.0,0.0,0.0,0.0,0,0.0,0.005771204991326869,57
9363.106874482,1.069999999999993,0,1,0,0.0,0.0,0.0,0.0,0.0,0.0,0.0,0.0,0.0,0.0,0,0.0,0.005772725658975941,57
9363.116877035,1.0799999999999919,0,1,0,0.0,0.0,0.0,0.0,0.0,0.0,0.0,0.0,0.0,0.0,0,0.0,0.005774206442920276,57
9363.126868219,1.0899999999999908,0,1,0,0.0,0.0,0.0,0.0,0.0,0.0,0.0,0.0,0.0,0.0,0,0.0,0.005775648384632552,62
9363.13673591,1.0999999999999897,0,1,0,0.0,0.0,0.0,0.0,0.0,0.0,0.0,0.0,0.0,0.0,0,0.0,0.005777052498617756,62
9363.146924171,1.1099999999999886,0,1,0,0.0,0.0,0.0,0.0,0.0,0.0,0.0,0.0,0.0,0.0,0,0.0,0.005778419773100146,63
9363.156736254,1.1199999999999875,0,1,0,0.0,0.0,0.0,0.0,0.0,0.0,0.0,0.0,0.0,0.0,0,0.0,0.005779751170693301,67
9363.166945726,1.1299999999999863,0,1,0,0.0,0.0,0.0,0.0,0.0,0.0,0.0,0.0,0.0,0.0,0,0.0,0.005781047629053602,67
9363.176854464,1.1399999999999852,0,1,0,0.0,0.0,0.0,0.0,0.0,0.0,0.0,0.0,0.0,0.0,0,0.0,0.005782310061517564,67
9363.187897541,1.1499999999999841,0,1,0,0.0,0.0,0.0,0.0,0.0,0.0,0.0,0.0,0.0,0.0,0,0.0,0.005783539357723364,69
9363.197121733,1.159999999999983,0,1,0,0.0,0.0,0.0,0.0,0.0,0.0,0.0,0.0,0.0,0.0,0,0.0,0.005784736384216947,70
9363.206530806,1.169999999999982,0,1,0,0.0,0.0,0.0,0.0,0.0,0.0,0.0,0.0,0.0,0.0,0,0.0,0.005785901985043075,70
9363.216731516,1.1799999999999808,0,1,0,0.0,0.0,0.0,0.0,0.0,0.0,0.0,0.0,0.0,0.0,0,0.0,0.005787036982321657,70
9363.226522531,1.1899999999999797,0,1,0,0.0,0.0,0.0,0.0,0.0,0.0,0.0,0.0,0.0,0.0,0,0.0,0.005788142176809713,73
9363.2368162,1.1999999999999786,0,1,0,0.0,0.0,0.0,0.0,0.0,0.0,0.0,0.0,0.0,0.0,0,0.0,0.005789218348449308,73
9363.246794619,1.2099999999999775,0,1,0,0.0,0.0,0.0,0.0,0.0,0.0,0.0,0.0,0.0,0.0,0,0.0,0.005790266256901799,73
9363.257090705,1.2199999999999764,0,1,0,0.0,0.0,0.0,0.0,0.0,0.0,0.0,0.0,0.0,0.0,0,0.0,0.005791286642068696,77
9363.266596117,1.2299999999999753,0,1,0,0.0,0.0,0.0,0.0,0.0,0.0,0.0,0.0,0.0,0.0,0,0.0,0.0057922802245994765,77
9363.276672517,1.2399999999999742,0,1,0,0.0,0.0,0.0,0.0,0.0,0.0,0.0,0.0,0.0,0.0,0,0.0,0.005793247706386661,77
9363.286683305,1.2499999999999731,0,1,0,0.0,0.0,0.0,0.0,0.0,0.0,0.0,0.0,0.0,0.0,0,0.0,0.005794189771048435,77
9363.296961339,1.259999999999972,0,1,0,0.0,0.0,0.0,0.0,0.0,0.0,0.0,0.0,0.0,0.0,0,0.0,0.005795107084399147,81
9363.306650368,1.269999999999971,0,1,0,0.0,0.0,0.0,0.0,0.0,0.0,0.0,0.0,0.0,0.0,0,0.0,0.0057960002949079435,81
9363.316616578,1.2799999999999698,0,1,0,0.0,0.0,0.0,0.0,0.0,0.0,0.0,0.0,0.0,0.0,0,0.0,0.005796870034145843,81
9363.326909912,1.2899999999999687,0,1,0,0.0,0.0,0.0,0.0,0.0,0.0,0.0,0.0,0.0,0.0,0,0.0,0.00579771691722153,85
9363.336730256,1.2999999999999676,0,1,0,0.0,0.0,0.0,0.0,0.0,0.0,0.0,0.0,0.0,0.0,0,0.0,0.005798541543206137,85
9363.346477114,1.3099999999999665,0,1,0,0.0,0.0,0.0,0.0,0.0,0.0,0.0,0.0,0.0,0.0,0,0.0,0.005799344495547273,85
9363.35778428,1.3199999999999654,0,1,0,0.0,0.0,0.0,0.0,0.0,0.0,0.0,0.0,0.0,0.0,0,0.0,0.0058001263424725755,87
9363.366502107,1.3299999999999643,0,1,0,0.0,0.0,0.0,0.0,0.0,0.0,0.0,0.0,0.0,0.0,0,0.0,0.005800887637383025,88
9363.377103375,1.3399999999999632,0,1,0,0.0,0.0,0.0,0.0,0.0,0.0,0.0,0.0,0.0,0.0,0,0.0,0.005801628919236292,88
9363.386880965,1.3499999999999621,0,1,0,0.0,0.0,0.0,0.0,0.0,0.0,0.0,0.0,0.0,0.0,0,0.0,0.005802350712920339,88
9363.39706958,1.359999999999961,0,1,0,0.0,0.0,0.0,0.0,0.0,0.0,0.0,0.0,0.0,0.0,0,0.0,0.005803053529617535,91
9363.407117114,1.36999999999996,0,1,0,0.0,0.0,0.0,0.0,0.0,0.0,0.0,0.0,0.0,0.0,0,0.0,0.0058037378671594924,91
9363.416791872,1.3799999999999588,0,1,0,0.0,0.0,0.0,0.0,0.0,0.0,0.0,0.0,0.0,0.0,0,0.0,0.005804404210372877,91
9363.426487251,1.3899999999999577,0,1,0,0.0,0.0,0.0,0.0,0.0,0.0,0.0,0.0,0.0,0.0,0,0.0,0.0058050530314164035,94
9363.436899958,1.3999999999999566,0,1,0,0.0,0.0,0.0,0.0,0.0,0.0,0.0,0.0,0.0,0.0,0,0.0,0.005805684790109235,94
9363.44657611,1.4099999999999555,0,1,0,0.0,0.0,0.0,0.0,0.0,0.0,0.0,0.0,0.0,0.0,0,0.0,0.005806299934250996,94
9363.45679532,1.4199999999999544,0,1,0,0.0,0.0,0.0,0.0,0.0,0.0,0.0,0.0,0.0,0.0,0,0.0,0.005806898899933616,94
9363.471810722,1.4299999999999533,0,1,0,0.0,0.0,0.0,0.0,0.0,0.0,0.0,0.0,0.0,0.0,0,0.0,0.005807482111845191,95
9363.481850531,1.4399999999999522,0,1,0,0.0,0.0,0.0,0.0,0.0,0.0,0.0,0.0,0.0,0.0,0,0.0,0.0058080499835660715,95
9363.494521351,1.449999999999951,0,1,0,0.0,0.0,0.0,0.0,0.0,0.0,0.0,0.0,0.0,0.0,0,0.0,0.005808602917857379,96
9363.501804817,1.45999999999995,0,1,0,0.0,0.0,0.0,0.0,0.0,0.0,0.0,0.0,0.0,0.0,0,0.0,0.005809141306942113,99
9363.511820469,1.469999999999949,0,1,0,0.0,0.0,0.0,0.0,0.0,0.0,0.0,0.0,0.0,0.0,0,0.0,0.005809665532779057,99
9363.52187628,1.4799999999999478,0,1,0,0.0,0.0,0.0,0.0,0.0,0.0,0.0,0.0,0.0,0.0,0,0.0,0.0058101759673296685,99
9363.531874677,1.4899999999999467,0,1,0,0.0,0.0,0.0,0.0,0.0,0.0,0.0,0.0,0.0,0.0,0,0.0,0.005810672972818086,103
9363.541796664,1.4999999999999456,0,1,0,0.0,0.0,0.0,0.0,0.0,0.0,0.0,0.0,0.0,0.0,0,0.0,0.005811156901984485,103
9363.551818164,1.5099999999999445,0,1,0,0.0,0.0,0.0,0.0,0.0,0.0,0.0,0.0,0.0,0.0,0,0.0,0.0058116280983319096,103
9363.562687827,1.5199999999999434,0,1,0,0.0,0.0,0.0,0.0,0.0,0.0,0.0,0.0,0.0,0.0,0,0.0,0.005812086896366748,106
9363.571818368,1.5299999999999423,0,1,0,0.0,0.0,0.0,0.0,0.0,0.0,0.0,0.0,0.0,0.0,0,0.0,0.005812533621833021,107
9363.581794082,1.5399999999999412,0,1,0,0.0,0.0,0.0,0.0,0.0,0.0,0.0,0.0,0.0,0.0,0,0.0,0.005812968591940642,108
9363.591767788,1.54999999999994,0,1,0,0.0,0.0,0.0,0.0,0.0,0.0,0.0,0.0,0.0,0.0,0,0.0,0.005813392115587792,108
9363.601867229,1.559999999999939,0,1,0,0.0,0.0,0.0,0.0,0.0,0.0,0.0,0.0,0.0,0.0,0,0.0,0.005813804493577553,112
9363.611831178,1.569999999999938,0,1,0,0.0,0.0,0.0,0.0,0.0,0.0,0.0,0.0,0.0,0.0,0,0.0,0.0058142060188289615,112
9363.62179917,1.5799999999999368,0,1,0,0.0,0.0,0.0,0.0,0.0,0.0,0.0,0.0,0.0,0.0,0,0.0,0.005814596976582612,0
9363.63181572,1.5899999999999357,0,1,0,0.0,0.0,0.0,0.0,0.0,0.0,0.0,0.0,0.0,0.0,0,0.0,0.005814977644600948,4
9363.641772393,1.5999999999999346,0,1,0,0.0,0.0,0.0,0.0,0.0,0.0,0.0,0.0,0.0,0.0,0,0.0,0.005815348293363375,4
9363.651793361,1.6099999999999335,0,1,0,0.0,0.0,0.0,0.0,0.0,0.0,0.0,0.0,0.0,0.0,0,0.0,0.005815709186256342,4
9363.663921962,1.6199999999999324,0,1,0,0.0,0.0,0.0,0.0,0.0,0.0,0.0,0.0,0.0,0.0,0,0.0,0.005816060579758493,5
9363.671847086,1.6299999999999313,0,1,0,0.0,0.0,0.0,0.0,0.0,0.0,0.0,0.0,0.0,0.0,0,0.0,0.005816402723621032,7
9363.681838972,1.6399999999999302,0,1,0,0.0,0.0,0.0,0.0,0.0,0.0,0.0,0.0,0.0,0.0,0,0.0,0.005816735861043424,7
9363.69177273,1.649999999999929,0,1,0,0.0,0.0,0.0,0.0,0.0,0.0,0.0,0.0,0.0,0.0,0,0.0,0.005817060228844534,7
9363.70179743,1.659999999999928,0,1,0,0.0,0.0,0.0,0.0,0.0,0.0,0.0,0.0,0.0,0.0,0,0.0,0.005817376057629348,11
9363.711841372,1.6699999999999269,0,1,0,0.0,0.0,0.0,0.0,0.0,0.0,0.0,0.0,0.0,0.0,0,0.0,0.005817683571951356,11
9363.721815113,1.6799999999999258,0,1,0,0.0,0.0,0.0,0.0,0.0,0.0,0.0,0.0,0.0,0.0,0,0.0,0.005817982990470733,11
9363.732262696,1.6899999999999247,0,1,0,0.0,0.0,0.0,0.0,0.0,0.0,0.0,0.0,0.0,0.0,0,0.0,0.005818274526108418,14
9363.74178062,1.6999999999999236,0,1,0,0.0,0.0,0.0,0.0,0.0,0.0,0.0,0.0,0.0,0.0,0,0.0,0.005818558386196187,14
9363.751824423,1.7099999999999225,0,1,0,0.0,0.0,0.0,0.0,0.0,0.0,0.0,0.0,0.0,0.0,0,0.0,0.005818834772622834,14
9363.761840263,1.7199999999999214,0,1,0,0.0,0.0,0.0,0.0,0.0,0.0,0.0,0.0,0.0,0.0,0,0.0,0.005819103881976558,14
9363.77177846,1.7299999999999203,0,1,0,0.0,0.0,0.0,0.0,0.0,0.0,0.0,0.0,0.0,0.0,0,0.0,0.005819365905683644,18
9363.781737365,1.7399999999999192,0,1,0,0.0,0.0,0.0,0.0,0.0,0.0,0.0,0.0,0.0,0.0,0,0.0,0.00581962103014355,18
9363.791798704,1.749999999999918,0,1,0,0.0,0.0,0.0,0.0,0.0,0.0,0.0,0.0,0.0,0.0,0,0.0,0.005819869436860468,18
9363.801771145,1.759999999999917,0,1,0,0.0,0.0,0.0,0.0,0.0,0.0,0.0,0.0,0.0,0.0,0,0.0,0.005820111302571475,22
9363.812049077,1.7699999999999159,0,1,0,0.0,0.0,0.0,0.0,0.0,0.0,0.0,0.0,0.0,0.0,0,0.0,0.005820346799371346,22
9363.821897343,1.7799999999999148,0,1,0,0.0,0.0,0.0,0.0,0.0,0.0,0.0,0.0,0.0,0.0,0,0.0,0.005820576094834116,22
9363.834714798,1.7899999999999137,0,1,0,0.0,0.0,0.0,0.0,0.0,0.0,0.0,0.0,0.0,0.0,0,0.0,0.005820799352131482,23
9363.841882728,1.7999999999999126,0,1,0,0.0,0.0,0.0,0.0,0.0,0.0,0.0,0.0,0.0,0.0,0,0.0,0.005821016730148117,26
9363.851809467,1.8099999999999115,0,1,0,0.0,0.0,0.0,0.0,0.0,0.0,0.0,0.0,0.0,0.0,0,0.0,0.0058212283835939885,26
9363.861828751,1.8199999999999104,0,1,0,0.0,0.0,0.0,0.0,0.0,0.0,0.0,0.0,0.0,0.0,0,0.0,0.0058214344631137395,26
9363.871806122,1.8299999999999093,0,1,0,0.0,0.0,0.0,0.0,0.0,0.0,0.0,0.0,0.0,0.0,0,0.0,0.0058216351153932274,30
9363.881786327,1.8399999999999082,0,1,0,0.0,0.0,0.0,0.0,0.0,0.0,0.0,0.0,0.0,0.0,0,0.0,0.005821830483263278,30
9363.89177079,1.849999999999907,0,1,0,0.0,0.0,0.0,0.0,0.0,0.0,0.0,0.0,0.0,0.0,0,0.0,0.005822020705800745,30
9363.902380729,1.859999999999906,0,1,0,0.0,0.0,0.0,0.0,0.0,0.0,0.0,0.0,0.0,0.0,0,0.0,0.005822205918426916,34
9363.911813284,1.8699999999999048,0,1,0,0.0,0.0,0.0,0.0,0.0,0.0,0.0,0.0,0.0,0.0,0,0.0,0.005822386253003375,34
9363.921845837,1.8799999999999037,0,1,0,0.0,0.0,0.0,0.0,0.0,0.0,0.0,0.0,0.0,0.0,0,0.0,0.005822561837925336,34
9363.931813651,1.8899999999999026,0,1,0,0.0,0.0,0.0,0.0,0.0,0.0,0.0,0.0,0.0,0.0,0,0.0,0.005822732798212564,35
9363.941774469,1.8999999999999015,0,1,0,0.0,0.0,0.0,0.0,0.0,0.0,0.0,0.0,0.0,0.0,0,0.0,0.005822899255597908,39
9363.951878615,1.9099999999999004,0,1,0,0.0,0.0,0.0,0.0,0.0,0.0,0.0,0.0,0.0,0.0,0,0.0,0.005823061328613527,39
9363.961786669,1.9199999999998993,0,1,0,0.0,0.0,0.0,0.0,0.0,0.0,0.0,0.0,0.0,0.0,0,0.0,0.005823219132674857,39
9363.971826282,1.9299999999998982,0,1,0,0.0,0.0,0.0,0.0,0.0,0.0,0.0,0.0,0.0,0.0,0,0.0,0.0058233727801623985,45
9363.981758436,1.9399999999998971,0,1,0,0.0,0.0,0.0,0.0,0.0,0.0,0.0,0.0,0.0,0.0,0,0.0,0.005823522380501354,45
9363.991911968,1.949999999999896,0,1,0,0.0,0.0,0.0,0.0,0.0,0.0,0.0,0.0,0.0,0.0,0,0.0,0.005823668040239185,45
9364.004189666,1.959999999999895,0,1,0,0.0,0.0,0.0,0.0,0.0,0.0,0.0,0.0,0.0,0.0,0,0.0,0.00582380986312115,46
9364.011793167,1.9699999999998938,0,1,0,0.0,0.0,0.0,0.0,0.0,0.0,0.0,0.0,0.0,0.0,0,0.0,0.0058239479501638585,49
9364.021797668,1.9799999999998927,0,1,0,0.0,0.0,0.0,0.0,0.0,0.0,0.0,0.0,0.0,0.0,0,0.0,0.005824082399726902,49
9364.0319562,1.9899999999998916,0,1,0,0.0,0.0,0.0,0.0,0.0,0.0,0.0,0.0,0.0,0.0,0,0.0,0.005824213307582619,49
9364.041885399,1.9999999999998905,0,1,0,0.0,0.0,0.0,0.0,0.0,0.0,0.0,0.0,0.0,0.0,0,0.0,0.005824340766984022,52
9364.051786923,2.0099999999998897,0,1,0,0.0,0.0,0.0,0.0,0.0,0.0,0.0,0.0,0.0,0.0,0,0.0,0.00582446486873096,52
9364.061944653,2.0199999999998886,0,1,0,0.0,0.0,0.0,0.0,0.0,0.0,0.0,0.0,0.0,0.0,0,0.0,0.0058245857012345454,52
9364.072266669,2.0299999999998875,0,1,0,0.0,0.0,0.0,0.0,0.0,0.0,0.0,0.0,0.0,0.0,0,0.0,0.0058247033505798825,55
9364.081850719,2.0399999999998863,0,1,0,0.0,0.0,0.0,0.0,0.0,0.0,0.0,0.0,0.0,0.0,0,0.0,0.005824817900587173,55
9364.091808163,2.0499999999998852,0,1,0,0.0,0.0,0.0,0.0,0.0,0.0,0.0,0.0,0.0,0.0,0,0.0,0.0058249294328712115,55
9364.101818302,2.059999999999884,0,1,0,0.0,0.0,0.0,0.0,0.0,0.0,0.0,0.0,0.0,0.0,0,0.0,0.005825038026899319,55
9364.11187855,2.069999999999883,0,1,0,0.0,0.0,0.0,0.0,0.0,0.0,0.0,0.0,0.0,0.0,0,0.0,0.005825143760047766,59
9364.121783023,2.079999999999882,0,1,0,0.0,0.0,0.0,0.0,0.0,0.0,0.0,0.0,0.0,0.0,0,0.0,0.005825246707656712,59
9364.131907824,2.089999999999881,0,1,0,0.0,0.0,0.0,0.0,0.0,0.0,0.0,0.0,0.0,0.0,0,0.0,0.005825346943083713,59
9364.141818322,2.0999999999998797,0,1,0,0.0,0.0,0.0,0.0,0.0,0.0,0.0,0.0,0.0,0.0,0,0.0,0.005825444537755819,63
9364.15181151,2.1099999999998786,0,1,0,0.0,0.0,0.0,0.0,0.0,0.0,0.0,0.0,0.0,0.0,0,0.0,0.005825539561220309,63
9364.161908602,2.1199999999998775,0,1,0,0.0,0.0,0.0,0.0,0.0,0.0,0.0,0.0,0.0,0.0,0,0.0,0.0058256320811941,63
9364.1746393,2.1299999999998764,0,1,0,0.0,0.0,0.0,0.0,0.0,0.0,0.0,0.0,0.0,0.0,0,0.0,0.0058257221636118465,64
9364.181814944,2.1399999999998753,0,1,0,0.0,0.0,0.0,0.0,0.0,0.0,0.0,0.0,0.0,0.0,0,0.0,0.005825809872672802,67
9364.191897231,2.1499999999998742,0,1,0,0.0,0.0,0.0,0.0,0.0,0.0,0.0,0.0,0.0,0.0,0,0.0,0.005825895270886429,67
9364.201965295,2.159999999999873,0,1,0,0.0,0.0,0.0,0.0,0.0,0.0,0.0,0.0,0.0,0.0,0,0.0,0.005825978419116834,67
9364.211847316,2.169999999999872,0,1,0,0.0,0.0,0.0,0.0,0.0,0.0,0.0,0.0,0.0,0.0,0,0.0,0.005826059376626013,70
9364.221866633,2.179999999999871,0,1,0,0.0,0.0,0.0,0.0,0.0,0.0,0.0,0.0,0.0,0.0,0,0.0,0.00582613820111598,70
9364.231822327,2.18999999999987,0,1,0,0.0,0.0,0.0,0.0,0.0,0.0,0.0,0.0,0.0,0.0,0,0.0,0.005826214948769786,70
9364.242568697,2.1999999999998687,0,1,0,0.0,0.0,0.0,0.0,0.0,0.0,0.0,0.0,0.0,0.0,0,0.0,0.005826289674291467,73
9364.251820672,2.2099999999998676,0,1,0,0.0,0.0,0.0,0.0,0.0,0.0,0.0,0.0,0.0,0.0,0,0.0,0.005826362430944929,74
9364.261915467,2.2199999999998665,0,1,0,0.0,0.0,0.0,0.0,0.0,0.0,0.0,0.0,0.0,0.0,0,0.0,0.005826433270591821,74
9364.271807456,2.2299999999998654,0,1,0,0.0,0.0,0.0,0.0,0.0,0.0,0.0,0.0,0.0,0.0,0,0.0,0.005826502243728421,74
9364.281903832,2.2399999999998643,0,1,0,0.0,0.0,0.0,0.0,0.0,0.0,0.0,0.0,0.0,0.0,0,0.0,0.005826569399521545,79
9364.291786741,2.249999999999863,0,1,0,0.0,0.0,0.0,0.0,0.0,0.0,0.0,0.0,0.0,0.0,0,0.0,0.0058266347858435185,79
9364.301772908,2.259999999999862,0,1,0,0.0,0.0,0.0,0.0,0.0,0.0,0.0,0.0,0.0,0.0,0,0.0,0.005826698449306215,79
9364.311913811,2.269999999999861,0,1,0,0.0,0.0,0.0,0.0,0.0,0.0,0.0,0.0,0.0,0.0,0,0.0,0.005826760435294223,82
9364.321792445,2.27999999999986,0,1,0,0.0,0.0,0.0,0.0,0.0,0.0,0.0,0.0,0.0,0.0,0,0.0,0.005826820787997131,82
9364.331820899,2.289999999999859,0,1,0,0.0,0.0,0.0,0.0,0.0,0.0,0.0,0.0,0.0,0.0,0,0.0,0.005826879550440963,82
9364.346041646,2.2999999999998577,0,1,0,0.0,0.0,0.0,0.0,0.0,0.0,0.0,0.0,0.0,0.0,0,0.0,0.005826936764518787,83
9364.35178119,2.3099999999998566,0,1,0,0.0,0.0,0.0,0.0,0.0,0.0,0.0,0.0,0.0,0.0,0,0.0,0.005826992471020532,89
9364.361812238,2.3199999999998555,0,1,0,0.0,0.0,0.0,0.0,0.0,0.0,0.0,0.0,0.0,0.0,0,0.0,0.005827046709662002,89
9364.371823812,2.3299999999998544,0,1,0,0.0,0.0,0.0,0.0,0.0,0.0,0.0,0.0,0.0,0.0,0,0.0,0.005827099519113149,89
9364.381829542,2.3399999999998533,0,1,0,0.0,0.0,0.0,0.0,0.0,0.0,0.0,0.0,0.0,0.0,0,0.0,0.005827150937025587,93
9364.391866396,2.349999999999852,0,1,0,0.0,0.0,0.0,0.0,0.0,0.0,0.0,0.0,0.0,0.0,0,0.0,0.005827201000059388,93
9364.401813098,2.359999999999851,0,1,0,0.0,0.0,0.0,0.0,0.0,0.0,0.0,0.0,0.0,0.0,0,0.0,0.005827249743909178,93
9364.412685309,2.36999999999985,0,1,0,0.0,0.0,0.0,0.0,0.0,0.0,0.0,0.0,0.0,0.0,0,0.0,0.005827297203329544,96
9364.422130963,2.379999999999849,0,1,0,0.0,0.0,0.0,0.0,0.0,0.0,0.0,0.0,0.0,0.0,0,0.0,0.005827343412159769,97
9364.431830954,2.389999999999848,0,1,0,0.0,0.0,0.0,0.0,0.0,0.0,0.0,0.0,0.0,0.0,0,0.0,0.005827388403347927,97
9364.441821992,2.3999999999998467,0,1,0,0.0,0.0,0.0,0.0,0.0,0.0,0.0,0.0,0.0,0.0,0,0.0,0.005827432208974336,97
9364.451865419,2.4099999999998456,0,1,0,0.0,0.0,0.0,0.0,0.0,0.0,0.0,0.0,0.0,0.0,0,0.0,0.005827474860274394,103
9364.461806622,2.4199999999998445,0,1,0,0.0,0.0,0.0,0.0,0.0,0.0,0.0,0.0,0.0,0.0,0,0.0,0.005827516387660826,103
9364.471834592,2.4299999999998434,0,1,0,0.0,0.0,0.0,0.0,0.0,0.0,0.0,0.0,0.0,0.0,0,0.0,0.0058275568207453304,103
9364.481804133,2.4399999999998423,0,1,0,0.0,0.0,0.0,0.0,0.0,0.0,0.0,0.0,0.0,0.0,0,0.0,0.005827596188359675,107
9364.491802818,2.449999999999841,0,1,0,0.0,0.0,0.0,0.0,0.0,0.0,0.0,0.0,0.0,0.0,0,0.0,0.005827634518576209,107
9364.501811783,2.45999999999984,0,1,0,0.0,0.0,0.0,0.0,0.0,0.0,0.0,0.0,0.0,0.0,0,0.0,0.005827671838727871,107
9364.513929674,2.469999999999839,0,1,0,0.0,0.0,0.0,0.0,0.0,0.0,0.0,0.0,0.0,0.0,0,0.0,0.005827708175427649,108
9364.521821015,2.479999999999838,0,1,0,0.0,0.0,0.0,0.0,0.0,0.0,0.0,0.0,0.0,0.0,0,0.0,0.005827743554587529,110
9364.531789534,2.489999999999837,0,1,0,0.0,0.0,0.0,0.0,0.0,0.0,0.0,0.0,0.0,0.0,0,0.0,0.005827778001436958,110
9364.541828965,2.4999999999998357,0,1,0,0.0,0.0,0.0,0.0,0.0,0.0,0.0,0.0,0.0,0.0,0,0.0,0.0058278115405408035,110
9364.551847043,2.5099999999998346,0,1,0,0.0,0.0,0.0,0.0,0.0,0.0,0.0,0.0,0.0,0.0,0,0.0,0.005827844195816862,113
9364.561906162,2.5199999999998335,0,1,0,0.0,0.0,0.0,0.0,0.0,0.0,0.0,0.0,0.0,0.0,0,0.0,0.0058278759905528894,113
9364.571818116,2.5299999999998324,0,1,0,0.0,0.0,0.0,0.0,0.0,0.0,0.0,0.0,0.0,0.0,0,0.0,0.005827906947423184,113
9364.583148084,2.5399999999998313,0,1,0,0.0,0.0,0.0,0.0,0.0,0.0,0.0,0.0,0.0,0.0,0,0.0,0.005827937088504746,116
9364.591817917,2.54999999999983,0,1,0,0.0,0.0,0.0,0.0,0.0,0.0,0.0,0.0,0.0,0.0,0,0.0,0.005827966435293006,117
9364.601802965,2.559999999999829,0,1,0,0.0,0.0,0.0,0.0,0.0,0.0,0.0,0.0,0.0,0.0,0,0.0,0.005827995008717133,117
9364.611833437,2.569999999999828,0,1,0,0.0,0.0,0.0,0.0,0.0,0.0,0.0,0.0,0.0,0.0,0,0.0,0.005828022829154949,117
9364.621756094,2.579999999999827,0,1,0,0.0,0.0,0.0,0.0,0.0,0.0,0.0,0.0,0.0,0.0,0,0.0,0.005828049916447445,0
9364.631907872,2.5899999999998258,0,1,0,0.0,0.0,0.0,0.0,0.0,0.0,0.0,0.0,0.0,0.0,0,0.0,0.00582807628991292,0
9364.641898887,2.5999999999998247,0,1,0,0.0,0.0,0.0,0.0,0.0,0.0,0.0,0.0,0.0,0.0,0,0.0,0.00582810196836074,0
9364.651772732,2.6099999999998236,0,1,0,0.0,0.0,0.0,0.0,0.0,0.0,0.0,0.0,0.0,0.0,0,0.0,0.0058281269701047494,3
9364.66178269,2.6199999999998225,0,1,0,0.0,0.0,0.0,0.0,0.0,0.0,0.0,0.0,0.0,0.0,0,0.0,0.005828151312976308,3
9364.671770475,2.6299999999998214,0,1,0,0.0,0.0,0.0,0.0,0.0,0.0,0.0,0.0,0.0,0.0,0,0.0,0.005828175014337006,3
9364.684360985,2.6399999999998203,0,1,0,0.0,0.0,0.0,0.0,0.0,0.0,0.0,0.0,0.0,0.0,0,0.0,0.005828198091091035,4
9364.691808908,2.649999999999819,0,1,0,0.0,0.0,0.0,0.0,0.0,0.0,0.0,0.0,0.0,0.0,0,0.0,0.005828220559697232,7
9364.70182398,2.659999999999818,0,1,0,0.0,0.0,0.0,0.0,0.0,0.0,0.0,0.0,0.0,0.0,0,0.0,0.005828242436180812,7
9364.711793175,2.669999999999817,0,1,0,0.0,0.0,0.0,0.0,0.0,0.0,0.0,0.0,0.0,0.0,0,0.0,0.005828263736144779,7
9364.7218524,2.679999999999816,0,1,0,0.0,0.0,0.0,0.0,0.0,0.0,0.0,0.0,0.0,0.0,0,0.0,0.005828284474781059,10
9364.731860559,2.6899999999998148,0,1,0,0.0,0.0,0.0,0.0,0.0,0.0,0.0,0.0,0.0,0.0,0,0.0,0.005828304666881317,10
9364.741882607,2.6999999999998137,0,1,0,0.0,0.0,0.0,0.0,0.0,0.0,0.0,0.0,0.0,0.0,0,0.0,0.005828324326847506,10
9364.752491309,2.7099999999998126,0,1,0,0.0,0.0,0.0,0.0,0.0,0.0,0.0,0.0,0.0,0.0,0,0.0,0.005828343468702124,13
9364.7618265,2.7199999999998115,0,1,0,0.0,0.0,0.0,0.0,0.0,0.0,0.0,0.0,0.0,0.0,0,0.0,0.005828362106098213,13
9364.771867481,2.7299999999998104,0,1,0,0.0,0.0,0.0,0.0,0.0,0.0,0.0,0.0,0.0,0.0,0,0.0,0.005828380252329096,13
9364.78193723,2.7399999999998093,0,1,0,0.0,0.0,0.0,0.0,0.0,0.0,0.0,0.0,0.0,0.0,0,0.0,0.005828397920337841,13
9364.791839557,2.749999999999808,0,1,0,0.0,0.0,0.0,0.0,0.0,0.0,0.0,0.0,0.0,0.0,0,0.0,0.005828415122726492,17
9364.801772925,2.759999999999807,0,1,0,0.0,0.0,0.0,0.0,0.0,0.0,0.0,0.0,0.0,0.0,0,0.0,0.005828431871765057,17
9364.811733922,2.769999999999806,0,1,0,0.0,0.0,0.0,0.0,0.0,0.0,0.0,0.0,0.0,0.0,0,0.0,0.005828448179400243,17
9364.821993726,2.779999999999805,0,1,0,0.0,0.0,0.0,0.0,0.0,0.0,0.0,0.0,0.0,0.0,0,0.0,0.005828464057263982,21
9364.831830862,2.7899999999998037,0,1,0,0.0,0.0,0.0,0.0,0.0,0.0,0.0,0.0,0.0,0.0,0,0.0,0.005828479516681718,21
9364.841762109,2.7999999999998026,0,1,0,0.0,0.0,0.0,0.0,0.0,0.0,0.0,0.0,0.0,0.0,0,0.0,0.005828494568680481,21
9364.853587795,2.8099999999998015,0,1,0,0.0,0.0,0.0,0.0,0.0,0.0,0.0,0.0,0.0,0.0,0,0.0,0.005828509223996753,23
9364.861771216,2.8199999999998004,0,1,0,0.0,0.0,0.0,0.0,0.0,0.0,0.0,0.0,0.0,0.0,0,0.0,0.005828523493084115,25
9364.871803203,2.8299999999997993,0,1,0,0.0,0.0,0.0,0.0,0.0,0.0,0.0,0.0,0.0,0.0,0,0.0,0.0058285373861207005,25
9364.881785105,2.8399999999997982,0,1,0,0.0,0.0,0.0,0.0,0.0,0.0,0.0,0.0,0.0,0.0,0,0.0,0.005828550913016457,25
9364.891755759,2.849999999999797,0,1,0,0.0,0.0,0.0,0.0,0.0,0.0,0.0,0.0,0.0,0.0,0,0.0,0.0058285640834202,28
9364.901853396,2.859999999999796,0,1,0,0.0,0.0,0.0,0.0,0.0,0.0,0.0,0.0,0.0,0.0,0,0.0,0.00582857690672651,28
9364.911815587,2.869999999999795,0,1,0,0.0,0.0,0.0,0.0,0.0,0.0,0.0,0.0,0.0,0.0,0,0.0,0.005828589392082414,28
9364.922332222,2.879999999999794,0,1,0,0.0,0.0,0.0,0.0,0.0,0.0,0.0,0.0,0.0,0.0,0,0.0,0.005828601548393915,32
9364.931915076,2.8899999999997927,0,1,0,0.0,0.0,0.0,0.0,0.0,0.0,0.0,0.0,0.0,0.0,0,0.0,0.0058286133843323375,32
9364.941840035,2.8999999999997916,0,1,0,0.0,0.0,0.0,0.0,0.0,0.0,0.0,0.0,0.0,0.0,0,0.0,0.005828624908340515,32
9364.951818051,2.9099999999997905,0,1,0,0.0,0.0,0.0,0.0,0.0,0.0,0.0,0.0,0.0,0.0,0,0.0,0.0058286361286388096,32
9364.969487792,2.9199999999997894,0,1,0,0.0,0.0,0.0,0.0,0.0,0.0,0.0,0.0,0.0,0.0,0,0.0,0.005828647053230966,33
9364.979574729,2.9299999999997883,0,1,0,0.0,0.0,0.0,0.0,0.0,0.0,0.0,0.0,0.0,0.0,0,0.0,0.005828657689909825,33
9364.989437923,2.9399999999997872,0,1,0,0.0,0.0,0.0,0.0,0.0,0.0,0.0,0.0,0.0,0.0,0,0.0,0.00582866804626288,36
9364.999589848,2.949999999999786,0,1,0,0.0,0.0,0.0,0.0,0.0,0.0,0.0,0.0,0.0,0.0,0,0.0,0.005828678129677686,36
9365.0097031,2.959999999999785,0,1,0,0.0,0.0,0.0,0.0,0.0,0.0,0.0,0.0,0.0,0.0,0,0.0,0.005828687947347123,36
9365.019596391,2.969999999999784,0,1,0,0.0,0.0,0.0,0.0,0.0,0.0,0.0,0.0,0.0,0.0,0,0.0,0.005828697506274534,36
9365.029624543,2.979999999999783,0,1,0,0.0,0.0,0.0,0.0,0.0,0.0,0.0,0.0,0.0,0.0,0,0.0,0.005828706813278713,40
9365.03957806,2.9899999999997817,0,1,0,0.0,0.0,0.0,0.0,0.0,0.0,0.0,0.0,0.0,0.0,0,0.0,0.005828715874998765,40
9365.049647223,2.9999999999997806,0,1,0,0.0,0.0,0.0,0.0,0.0,0.0,0.0,0.0,0.0,0.0,0,0.0,0.005828724697898847,40
9365.059762883,3.0099999999997795,0,1,0,0.0,0.0,0.0,0.0,0.0,0.0,0.0,0.0,0.0,0.0,0,0.0,0.005828733288272771,44
9365.069580209,3.0199999999997784,0,1,0,0.0,0.0,0.0,0.0,0.0,0.0,0.0,0.0,0.0,0.0,0,0.0,0.0058287416522484975,44
9365.079576995,3.0299999999997773,0,1,0,0.0,0.0,0.0,0.0,0.0,0.0,0.0,0.0,0.0,0.0,0,0.0,0.005828749795792502,44
9365.090821547,3.039999999999776,0,1,0,0.0,0.0,0.0,0.0,0.0,0.0,0.0,0.0,0.0,0.0,0,0.0,0.005828757724714029,46
9365.099792016,3.049999999999775,0,1,0,0.0,0.0,0.0,0.0,0.0,0.0,0.0,0.0,0.0,0.0,0,0.0,0.005828765444669242,48
9365.109758113,3.059999999999774,0,1,0,0.0,0.0,0.0,0.0,0.0,0.0,0.0,0.0,0.0,0.0,0,0.0,0.00582877296116525,48
9365.119786297,3.069999999999773,0,1,0,0.0,0.0,0.0,0.0,0.0,0.0,0.0,0.0,0.0,0.0,0,0.0,0.005828780279564037,48
9365.129757965,3.079999999999772,0,1,0,0.0,0.0,0.0,0.0,0.0,0.0,0.0,0.0,0.0,0.0,0,0.0,0.005828787405086284,52
9365.139682469,3.0899999999997707,0,1,0,0.0,0.0,0.0,0.0,0.0,0.0,0.0,0.0,0.0,0.0,0,0.0,0.0058287943428150975,53
9365.149662237,3.0999999999997696,0,1,0,0.0,0.0,0.0,0.0,0.0,0.0,0.0,0.0,0.0,0.0,0,0.0,0.005828801097699624,53
9365.15965374,3.1099999999997685,0,1,0,0.0,0.0,0.0,0.0,0.0,0.0,0.0,0.0,0.0,0.0,0,0.0,0.005828807674558591,57
9365.169626485,3.1199999999997674,0,1,0,0.0,0.0,0.0,0.0,0.0,0.0,0.0,0.0,0.0,0.0,0,0.0,0.005828814078083741,57
9365.17977148,3.1299999999997663,0,1,0,0.0,0.0,0.0,0.0,0.0,0.0,0.0,0.0,0.0,0.0,0,0.0,0.005828820312843173,57
9365.189670798,3.139999999999765,0,1,0,0.0,0.0,0.0,0.0,0.0,0.0,0.0,0.0,0.0,0.0,0,0.0,0.005828826383284607,57
9365.199612696,3.149999999999764,0,1,0,0.0,0.0,0.0,0.0,0.0,0.0,0.0,0.0,0.0,0.0,0,0.0,0.005828832293738548,62
9365.209896696,3.159999999999763,0,1,0,0.0,0.0,0.0,0.0,0.0,0.0,0.0,0.0,0.0,0.0,0,0.0,0.005828838048421381,62
9365.219831311,3.169999999999762,0,1,0,0.0,0.0,0.0,0.0,0.0,0.0,0.0,0.0,0.0,0.0,0,0.0,0.005828843651438375,62
9365.229753684,3.179999999999761,0,1,0,0.0,0.0,0.0,0.0,0.0,0.0,0.0,0.0,0.0,0.0,0,0.0,0.005828849106786613,66
9365.23980129,3.1899999999997597,0,1,0,0.0,0.0,0.0,0.0,0.0,0.0,0.0,0.0,0.0,0.0,0,0.0,0.00582885441835784,66
9365.249648407,3.1999999999997586,0,1,0,0.0,0.0,0.0,0.0,0.0,0.0,0.0,0.0,0.0,0.0,0,0.0,0.005828859589941245,66
9365.260689542,3.2099999999997575,0,1,0,0.0,0.0,0.0,0.0,0.0,0.0,0.0,0.0,0.0,0.0,0,0.0,0.005828864625226153,68
9365.269803717,3.2199999999997564,0,1,0,0.0,0.0,0.0,0.0,0.0,0.0,0.0,0.0,0.0,0.0,0,0.0,0.0058288695278046684,69
9365.279440184,3.2299999999997553,0,1,0,0.0,0.0,0.0,0.0,0.0,0.0,0.0,0.0,0.0,0.0,0,0.0,0.0058288743011742266,69
9365.289694506,3.239999999999754,0,1,0,0.0,0.0,0.0,0.0,0.0,0.0,0.0,0.0,0.0,0.0,0,0.0,0.005828878948740097,69
9365.299650385,3.249999999999753,0,1,0,0.0,0.0,0.0,0.0,0.0,0.0,0.0,0.0,0.0,0.0,0,0.0,0.005828883473817802,73
9365.309807503,3.259999999999752,0,1,0,0.0,0.0,0.0,0.0,0.0,0.0,0.0,0.0,0.0,0.0,0,0.0,0.005828887879635492,74
9365.319620471,3.269999999999751,0,1,0,0.0,0.0,0.0,0.0,0.0,0.0,0.0,0.0,0.0,0.0,0,0.0,0.005828892169336243,74
9365.329614854,3.27999999999975,0,1,0,0.0,0.0,0.0,0.0,0.0,0.0,0.0,0.0,0.0,0.0,0,0.0,0.0058288963459803,78
9365.339770485,3.2899999999997487,0,1,0,0.0,0.0,0.0,0.0,0.0,0.0,0.0,0.0,0.0,0.0,0,0.0,0.005828900412547257,78
9365.349724712,3.2999999999997476,0,1,0,0.0,0.0,0.0,0.0,0.0,0.0,0.0,0.0,0.0,0.0,0,0.0,0.005828904371938184,79
9365.359764154,3.3099999999997465,0,1,0,0.0,0.0,0.0,0.0,0.0,0.0,0.0,0.0,0.0,0.0,0,0.0,0.005828908226977698,79
9365.378479123,3.3199999999997454,0,1,0,0.0,0.0,0.0,0.0,0.0,0.0,0.0,0.0,0.0,0.0,0,0.0,0.005828911980415975,80
9365.388200271,3.3299999999997443,0,1,0,0.0,0.0,0.0,0.0,0.0,0.0,0.0,0.0,0.0,0.0,0,0.0,0.005828915634930713,81
9365.398211935,3.339999999999743,0,1,0,0.0,0.0,0.0,0.0,0.0,0.0,0.0,0.0,0.0,0.0,0,0.0,0.0058289191931290415,85
9365.408387074,3.349999999999742,0,1,0,0.0,0.0,0.0,0.0,0.0,0.0,0.0,0.0,0.0,0.0,0,0.0,0.005828922657549381,85
9365.418296847,3.359999999999741,0,1,0,0.0,0.0,0.0,0.0,0.0,0.0,0.0,0.0,0.0,0.0,0,0.0,0.005828926030663254,85
9365.435591131,3.36999999999974,0,1,0,0.0,0.0,0.0,0.0,0.0,0.0,0.0,0.0,0.0,0.0,0,0.0,0.005828929314877047,87
9365.445473445,3.3799999999997388,0,1,0,0.0,0.0,0.0,0.0,0.0,0.0,0.0,0.0,0.0,0.0,0,0.0,0.005828932512533731,87
9365.455371131,3.3899999999997377,0,1,0,0.0,0.0,0.0,0.0,0.0,0.0,0.0,0.0,0.0,0.0,0,0.0,0.0058289356259145254,87
9365.466524018,3.3999999999997366,0,1,0,0.0,0.0,0.0,0.0,0.0,0.0,0.0,0.0,0.0,0.0,0,0.0,0.005828938657240537,91
9365.475359191,3.4099999999997355,0,1,0,0.0,0.0,0.0,0.0,0.0,0.0,0.0,0.0,0.0,0.0,0,0.0,0.005828941608674326,92
9365.485407357,3.4199999999997344,0,1,0,0.0,0.0,0.0,0.0,0.0,0.0,0.0,0.0,0.0,0.0,0,0.0,0.0058289444823214675,92
9365.495370809,3.4299999999997333,0,1,0,0.0,0.0,0.0,0.0,0.0,0.0,0.0,0.0,0.0,0.0,0,0.0,0.0058289472802320426,92
9365.505440212,3.439999999999732,0,1,0,0.0,0.0,0.0,0.0,0.0,0.0,0.0,0.0,0.0,0.0,0,0.0,0.005828950004402106,95
9365.515334221,3.449999999999731,0,1,0,0.0,0.0,0.0,0.0,0.0,0.0,0.0,0.0,0.0,0.0,0,0.0,0.005828952656775104,95
9365.525405538,3.45999999999973,0,1,0,0.0,0.0,0.0,0.0,0.0,0.0,0.0,0.0,0.0,0.0,0,0.0,0.0058289552392432635,95
9365.543518326,3.469999999999729,0,1,0,0.0,0.0,0.0,0.0,0.0,0.0,0.0,0.0,0.0,0.0,0,0.0,0.005828957753648948,96
9365.553506352,3.4799999999997278,0,1,0,0.0,0.0,0.0,0.0,0.0,0.0,0.0,0.0,0.0,0.0,0,0.0,0.005828960201785961,96
9365.563648772,3.4899999999997267,0,1,0,0.0,0.0,0.0,0.0,0.0,0.0,0.0,0.0,0.0,0.0,0,0.0,0.005828962585400833,96
9365.573674516,3.4999999999997256,0,1,0,0.0,0.0,0.0,0.0,0.0,0.0,0.0,0.0,0.0,0.0,0,0.0,0.005828964906194062,100
9365.583479582,3.5099999999997245,0,1,0,0.0,0.0,0.0,0.0,0.0,0.0,0.0,0.0,0.0,0.0,0,0.0,0.005828967165821336,101
9365.593548351,3.5199999999997234,0,1,0,0.0,0.0,0.0,0.0,0.0,0.0,0.0,0.0,0.0,0.0,0,0.0,0.005828969365894701,101
9365.603706941,3.5299999999997222,0,1,0,0.0,0.0,0.0,0.0,0.0,0.0,0.0,0.0,0.0,0.0,0,0.0,0.0058289715079837216,106
9365.613627914,3.539999999999721,0,1,0,0.0,0.0,0.0,0.0,0.0,0.0,0.0,0.0,0.0,0.0,0,0.0,0.0058289735936166,107
9365.623517162,3.54999999999972,0,1,0,0.0,0.0,0.0,0.0,0.0,0.0,0.0,0.0,0.0,0.0,0,0.0,0.005828975624281256,0
9365.634199919,3.559999999999719,0,1,0,0.0,0.0,0.0,0.0,0.0,0.0,0.0,0.0,0.0,0.0,0,0.0,0.0058289776014264,3
9365.643315422,3.569999999999718,0,1,0,0.0,0.0,0.0,0.0,0.0,0.0,0.0,0.0,0.0,0.0,0,0.0,0.00582897952646256,5
9365.653398219,3.5799999999997167,0,1,0,0.0,0.0,0.0,0.0,0.0,0.0,0.0,0.0,0.0,0.0,0,0.0,0.0058289814007630916,5
9365.663578541,3.5899999999997156,0,1,0,0.0,0.0,0.0,0.0,0.0,0.0,0.0,0.0,0.0,0.0,0,0.0,0.005828983225665152,5
9365.67353169,3.5999999999997145,0,1,0,0.0,0.0,0.0,0.0,0.0,0.0,0.0,0.0,0.0,0.0,0,0.0,0.00582898500247066,8
9365.683627937,3.6099999999997134,0,1,0,0.0,0.0,0.0,0.0,0.0,0.0,0.0,0.0,0.0,0.0,0,0.0,0.005828986732447226,9
9365.693588663,3.6199999999997123,0,1,0,0.0,0.0,0.0,0.0,0.0,0.0,0.0,0.0,0.0,0.0,0,0.0,0.0058289884168290455,9
9365.702944527,3.6299999999997112,0,1,0,0.0,0.0,0.0,0.0,0.0,0.0,0.0,0.0,0.0,0.0,0,0.0,0.005828990056817791,13
9365.713283981,3.63999999999971,0,1,0,0.0,0.0,0.0,0.0,0.0,0.0,0.0,0.0,0.0,0.0,0,0.0,0.005828991653583464,13
9365.723489688,3.649999999999709,0,1,0,0.0,0.0,0.0,0.0,0.0,0.0,0.0,0.0,0.0,0.0,0,0.0,0.005828993208265227,14
9365.735513578,3.659999999999708,0,1,0,0.0,0.0,0.0,0.0,0.0,0.0,0.0,0.0,0.0,0.0,0,0.0,0.005828994721972229,15
9365.743575265,3.669999999999707,0,1,0,0.0,0.0,0.0,0.0,0.0,0.0,0.0,0.0,0.0,0.0,0,0.0,0.005828996195784378,18
9365.753445523,3.6799999999997057,0,1,0,0.0,0.0,0.0,0.0,0.0,0.0,0.0,0.0,0.0,0.0,0,0.0,0.005828997630753124,18
9365.763477147,3.6899999999997046,0,1,0,0.0,0.0,0.0,0.0,0.0,0.0,0.0,0.0,0.0,0.0,0,0.0,0.005828999027902206,20
9365.77337246,3.6999999999997035,0,1,0,0.0,0.0,0.0,0.0,0.0,0.0,0.0,0.0,0.0,0.0,0,0.0,0.005829000388228384,24
9365.783468499,3.7099999999997024,0,1,0,0.0,0.0,0.0,0.0,0.0,0.0,0.0,0.0,0.0,0.0,0,0.0,0.005829001712702146,24
9365.793451143,3.7199999999997013,0,1,0,0.0,0.0,0.0,0.0,0.0,0.0,0.0,0.0,0.0,0.0,0,0.0,0.005829003002268401,24
9365.804755054,3.7299999999997,0,1,0,0.0,0.0,0.0,0.0,0.0,0.0,0.0,0.0,0.0,0.0,0,0.0,0.00582900425784716,26
9365.813608243,3.739999999999699,0,1,0,0.0,0.0,0.0,0.0,0.0,0.0,0.0,0.0,0.0,0.0,0,0.0,0.00582900548033418,28
9365.82361084,3.749999999999698,0,1,0,0.0,0.0,0.0,0.0,0.0,0.0,0.0,0.0,0.0,0.0,0,0.0,0.005829006670601615,28
9365.833944097,3.759999999999697,0,1,0,0.0,0.0,0.0,0.0,0.0,0.0,0.0,0.0,0.0,0.0,0,0.0,0.005829007829498632,28
9365.843029363,3.769999999999696,0,1,0,0.0,0.0,0.0,0.0,0.0,0.0,0.0,0.0,0.0,0.0,0,0.0,0.005829008957852017,32
9365.853550268,3.7799999999996947,0,1,0,0.0,0.0,0.0,0.0,0.0,0.0,0.0,0.0,0.0,0.0,0,0.0,0.00582901005646677,32
9365.863934531,3.7899999999996936,0,1,0,0.0,0.0,0.0,0.0,0.0,0.0,0.0,0.0,0.0,0.0,0,0.0,0.0058290111261266675,32
9365.87288691,3.7999999999996925,0,1,0,0.0,0.0,0.0,0.0,0.0,0.0,0.0,0.0,0.0,0.0,0,0.0,0.005829012167594835,37
9365.883598955,3.8099999999996914,0,1,0,0.0,0.0,0.0,0.0,0.0,0.0,0.0,0.0,0.0,0.0,0,0.0,0.0058290131816142845,38
9365.893585202,3.8199999999996903,0,1,0,0.0,0.0,0.0,0.0,0.0,0.0,0.0,0.0,0.0,0.0,0,0.0,0.005829014168908443,38
9365.90369657,3.829999999999689,0,1,0,0.0,0.0,0.0,0.0,0.0,0.0,0.0,0.0,0.0,0.0,0,0.0,0.0058290151301816735,38
9365.913542468,3.839999999999688,0,1,0,0.0,0.0,0.0,0.0,0.0,0.0,0.0,0.0,0.0,0.0,0,0.0,0.005829016066119775,43
9365.923431655,3.849999999999687,0,1,0,0.0,0.0,0.0,0.0,0.0,0.0,0.0,0.0,0.0,0.0,0,0.0,0.005829016977390472,43
9365.933461288,3.859999999999686,0,1,0,0.0,0.0,0.0,0.0,0.0,0.0,0.0,0.0,0.0,0.0,0,0.0,0.00582901786464389,44
9365.943515699,3.869999999999685,0,1,0,0.0,0.0,0.0,0.0,0.0,0.0,0.0,0.0,0.0,0.0,0,0.0,0.0058290187285130225,48
9365.953522934,3.8799999999996837,0,1,0,0.0,0.0,0.0,0.0,0.0,0.0,0.0,0.0,0.0,0.0,0,0.0,0.005829019569614181,49
9365.963599987,3.8899999999996826,0,1,0,0.0,0.0,0.0,0.0,0.0,0.0,0.0,0.0,0.0,0.0,0,0.0,0.005829020388547426,49
9365.974434832,3.8999999999996815,0,1,0,0.0,0.0,0.0,0.0,0.0,0.0,0.0,0.0,0.0,0.0,0,0.0,0.005829021185897013,52
9365.983034086,3.9099999999996804,0,1,0,0.0,0.0,0.0,0.0,0.0,0.0,0.0,0.0,0.0,0.0,0,0.0,0.005829021962231792,53
9365.993509801,3.9199999999996793,0,1,0,0.0,0.0,0.0,0.0,0.0,0.0,0.0,0.0,0.0,0.0,0,0.0,0.005829022718105625,53
9366.003439254,3.929999999999678,0,1,0,0.0,0.0,0.0,0.0,0.0,0.0,0.0,0.0,0.0,0.0,0,0.0,0.005829023454057774,53
9366.013690148,3.939999999999677,0,1,0,0.0,0.0,0.0,0.0,0.0,0.0,0.0,0.0,0.0,0.0,0,0.0,0.00582902417061329,56
9366.02306436,3.949999999999676,0,1,0,0.0,0.0,0.0,0.0,0.0,0.0,0.0,0.0,0.0,0.0,0,0.0,0.005829024868283385,57
9366.033561724,3.959999999999675,0,1,0,0.0,0.0,0.0,0.0,0.0,0.0,0.0,0.0,0.0,0.0,0,0.0,0.005829025547565798,57
9366.044227134,3.969999999999674,0,1,0,0.0,0.0,0.0,0.0,0.0,0.0,0.0,0.0,0.0,0.0,0,0.0,0.005829026208945151,61
9366.053517907,3.9799999999996727,0,1,0,0.0,0.0,0.0,0.0,0.0,0.0,0.0,0.0,0.0,0.0,0,0.0,0.0058290268528932935,62
9366.063618921,3.9899999999996716,0,1,0,0.0,0.0,0.0,0.0,0.0,0.0,0.0,0.0,0.0,0.0,0,0.0,0.005829027479869636,63
9366.073471364,3.9999999999996705,0,1,0,0.0,0.0,0.0,0.0,0.0,0.0,0.0,0.0,0.0,0.0,0,0.0,0.005829028090321485,63
9366.083523316,4.009999999999674,0,1,0,0.0,0.0,0.0,0.0,0.0,0.0,0.0,0.0,0.0,0.0,0,0.0,0.005829028684684355,67
9366.093801143,4.019999999999677,0,1,0,0.0,0.0,0.0,0.0,0.0,0.0,0.0,0.0,0.0,0.0,0,0.0,0.005829029263382284,67
9366.103200488,4.0299999999996805,0,1,0,0.0,0.0,0.0,0.0,0.0,0.0,0.0,0.0,0.0,0.0,0,0.0,0.005829029826828133,68
9366.12040884,4.039999999999684,0,1,0,0.0,0.0,0.0,0.0,0.0,0.0,0.0,0.0,0.0,0.0,0,0.0,0.005829030375423884,69
9366.130473855,4.049999999999687,0,1,0,0.0,0.0,0.0,0.0,0.0,0.0,0.0,0.0,0.0,0.0,0,0.0,0.00582903090956092,69
9366.140313785,4.0599999999996905,0,1,0,0.0,0.0,0.0,0.0,0.0,0.0,0.0,0.0,0.0,0.0,0,0.0,0.005829031429620315,69
9366.150383511,4.069999999999694,0,1,0,0.0,0.0,0.0,0.0,0.0,0.0,0.0,0.0,0.0,0.0,0,0.0,0.005829031935973098,72
9366.16030263,4.079999999999697,0,1,0,0.0,0.0,0.0,0.0,0.0,0.0,0.0,0.0,0.0,0.0,0,0.0,0.005829032428980512,72
9366.170343073,4.0899999999997005,0,1,0,0.0,0.0,0.0,0.0,0.0,0.0,0.0,0.0,0.0,0.0,0,0.0,0.005829032908994287,72
9366.180317306,4.099999999999704,0,1,0,0.0,0.0,0.0,0.0,0.0,0.0,0.0,0.0,0.0,0.0,0,0.0,0.0058290333763568805,76
9366.190333843,4.109999999999707,0,1,0,0.0,0.0,0.0,0.0,0.0,0.0,0.0,0.0,0.0,0.0,0,0.0,0.0058290338314017235,76
9366.200302184,4.119999999999711,0,1,0,0.0,0.0,0.0,0.0,0.0,0.0,0.0,0.0,0.0,0.0,0,0.0,0.005829034274453463,76
9366.212548882,4.129999999999714,0,1,0,0.0,0.0,0.0,0.0,0.0,0.0,0.0,0.0,0.0,0.0,0,0.0,0.005829034705828186,77
9366.220290735,4.139999999999717,0,1,0,0.0,0.0,0.0,0.0,0.0,0.0,0.0,0.0,0.0,0.0,0,0.0,0.005829035125833648,79
9366.2303192,4.149999999999721,0,1,0,0.0,0.0,0.0,0.0,0.0,0.0,0.0,0.0,0.0,0.0,0,0.0,0.0058290355347694976,79
9366.240315169,4.159999999999724,0,1,0,0.0,0.0,0.0,0.0,0.0,0.0,0.0,0.0,0.0,0.0,0,0.0,0.0058290359329274824,79
9366.256947439,4.169999999999727,0,1,0,0.0,0.0,0.0,0.0,0.0,0.0,0.0,0.0,0.0,0.0,0,0.0,0.005829036320591663,80
9366.267010349,4.179999999999731,0,1,0,0.0,0.0,0.0,0.0,0.0,0.0,0.0,0.0,0.0,0.0,0,0.0,0.0058290366980386105,80
9366.276986737,4.189999999999734,0,1,0,0.0,0.0,0.0,0.0,0.0,0.0,0.0,0.0,0.0,0.0,0,0.0,0.00582903706553761,80
9366.286990563,4.199999999999737,0,1,0,0.0,0.0,0.0,0.0,0.0,0.0,0.0,0.0,0.0,0.0,0,0.0,0.005829037423350846,83
9366.296927415,4.209999999999741,0,1,0,0.0,0.0,0.0,0.0,0.0,0.0,0.0,0.0,0.0,0.0,0,0.0,0.0058290377717335985,83
9366.306966302,4.219999999999744,0,1,0,0.0,0.0,0.0,0.0,0.0,0.0,0.0,0.0,0.0,0.0,0,0.0,0.005829038110934413,83
9366.316963065,4.229999999999747,0,1,0,0.0,0.0,0.0,0.0,0.0,0.0,0.0,0.0,0.0,0.0,0,0.0,0.005829038441195285,87
9366.326980521,4.239999999999751,0,1,0,0.0,0.0,0.0,0.0,0.0,0.0,0.0,0.0,0.0,0.0,0,0.0,0.00582903876275184,87
9366.336975466,4.249999999999754,0,1,0,0.0,0.0,0.0,0.0,0.0,0.0,0.0,0.0,0.0,0.0,0,0.0,0.005829039075833484,87
9366.347587854,4.259999999999757,0,1,0,0.0,0.0,0.0,0.0,0.0,0.0,0.0,0.0,0.0,0.0,0,0.0,0.005829039380663579,90
9366.356911011,4.269999999999761,0,1,0,0.0,0.0,0.0,0.0,0.0,0.0,0.0,0.0,0.0,0.0,0,0.0,0.005829039677459605,91
9366.36693885,4.279999999999764,0,1,0,0.0,0.0,0.0,0.0,0.0,0.0,0.0,0.0,0.0,0.0,0,0.0,0.005829039966433307,91
9366.377180092,4.289999999999767,0,1,0,0.0,0.0,0.0,0.0,0.0,0.0,0.0,0.0,0.0,0.0,0,0.0,0.005829040247790846,91
9366.387124937,4.299999999999771,0,1,0,0.0,0.0,0.0,0.0,0.0,0.0,0.0,0.0,0.0,0.0,0,0.0,0.005829040521732954,94
9366.397163863,4.309999999999774,0,1,0,0.0,0.0,0.0,0.0,0.0,0.0,0.0,0.0,0.0,0.0,0,0.0,0.005829040788455073,94
9366.406927301,4.319999999999777,0,1,0,0.0,0.0,0.0,0.0,0.0,0.0,0.0,0.0,0.0,0.0,0,0.0,0.0058290410481474896,94
9366.416849325,4.329999999999781,0,1,0,0.0,0.0,0.0,0.0,0.0,0.0,0.0,0.0,0.0,0.0,0,0.0,0.005829041300995477,97
9366.426873565,4.339999999999784,0,1,0,0.0,0.0,0.0,0.0,0.0,0.0,0.0,0.0,0.0,0.0,0,0.0,0.005829041547179426,97
9366.436846687,4.349999999999787,0,1,0,0.0,0.0,0.0,0.0,0.0,0.0,0.0,0.0,0.0,0.0,0,0.0,0.005829041786874974,97
9366.448840167,4.359999999999791,0,1,0,0.0,0.0,0.0,0.0,0.0,0.0,0.0,0.0,0.0,0.0,0,0.0,0.0058290420202531295,98
9366.4569555,4.369999999999794,0,1,0,0.0,0.0,0.0,0.0,0.0,0.0,0.0,0.0,0.0,0.0,0,0.0,0.005829042247480391,100
9366.467495817,4.379999999999797,0,1,0,0.0,0.0,0.0,0.0,0.0,0.0,0.0,0.0,0.0,0.0,0,0.0,0.0058290424687188706,100
9366.476956387,4.389999999999801,0,1,0,0.0,0.0,0.0,0.0,0.0,0.0,0.0,0.0,0.0,0.0,0,0.0,0.005829042684126411,100
9366.487543226,4.399999999999804,0,1,0,0.0,0.0,0.0,0.0,0.0,0.0,0.0,0.0,0.0,0.0,0,0.0,0.005829042893856691,107
9366.497166715,4.409999999999807,0,1,0,0.0,0.0,0.0,0.0,0.0,0.0,0.0,0.0,0.0,0.0,0,0.0,0.005829043098059338,107
9366.507078954,4.419999999999811,0,1,0,0.0,0.0,0.0,0.0,0.0,0.0,0.0,0.0,0.0,0.0,0,0.0,0.005829043296880038,107
9366.517316405,4.429999999999814,0,1,0,0.0,0.0,0.0,0.0,0.0,0.0,0.0,0.0,0.0,0.0,0,0.0,0.005829043490460636,110
9366.527076822,4.439999999999817,0,1,0,0.0,0.0,0.0,0.0,0.0,0.0,0.0,0.0,0.0,0.0,0,0.0,0.0058290436789392415,110
9366.537423388,4.449999999999821,0,1,0,0.0,0.0,0.0,0.0,0.0,0.0,0.0,0.0,0.0,0.0,0,0.0,0.005829043862450322,110
9366.547354515,4.459999999999824,0,1,0,0.0,0.0,0.0,0.0,0.0,0.0,0.0,0.0,0.0,0.0,0,0.0,0.005829044041124799,110
9366.557134718,4.4699999999998274,0,1,0,0.0,0.0,0.0,0.0,0.0,0.0,0.0,0.0,0.0,0.0,0,0.0,0.005829044215090146,114
9366.567054704,4.479999999999831,0,1,0,0.0,0.0,0.0,0.0,0.0,0.0,0.0,0.0,0.0,0.0,0,0.0,0.005829044384470477,114
9366.577429517,4.489999999999834,0,1,0,0.0,0.0,0.0,0.0,0.0,0.0,0.0,0.0,0.0,0.0,0,0.0,0.005829044549386635,114
9366.587421452,4.4999999999998375,0,1,0,0.0,0.0,0.0,0.0,0.0,0.0,0.0,0.0,0.0,0.0,0,0.0,0.005829044709956277,118
9366.597166111,4.509999999999841,0,1,0,0.0,0.0,0.0,0.0,0.0,0.0,0.0,0.0,0.0,0.0,0,0.0,0.005829044866293957,118
9366.607333213,4.519999999999844,0,1,0,0.0,0.0,0.0,0.0,0.0,0.0,0.0,0.0,0.0,0.0,0,0.0,0.005829045018511214,118
9366.618888496,4.5299999999998475,0,1,0,0.0,0.0,0.0,0.0,0.0,0.0,0.0,0.0,0.0,0.0,0,0.0,0.005829045166716645,120
9366.627021945,4.539999999999851,0,1,0,0.0,0.0,0.0,0.0,0.0,0.0,0.0,0.0,0.0,0.0,0,0.0,0.005829045311015988,0
9366.636889811,4.549999999999854,0,1,0,0.0,0.0,0.0,0.0,0.0,0.0,0.0,0.0,0.0,0.0,0,0.0,0.005829045451512187,0
9366.646956159,4.5599999999998575,0,1,0,0.0,0.0,0.0,0.0,0.0,0.0,0.0,0.0,0.0,0.0,0,0.0,0.0058290455883054796,0
9366.656986964,4.569999999999861,0,1,0,0.0,0.0,0.0,0.0,0.0,0.0,0.0,0.0,0.0,0.0,0,0.0,0.00582904572149346,4
9366.666861279,4.579999999999864,0,1,0,0.0,0.0,0.0,0.0,0.0,0.0,0.0,0.0,0.0,0.0,0,0.0,0.005829045851171149,4
9366.676940607,4.5899999999998675,0,1,0,0.0,0.0,0.0,0.0,0.0,0.0,0.0,0.0,0.0,0.0,0,0.0,0.005829045977431061,4
9366.687095238,4.599999999999871,0,1,0,0.0,0.0,0.0,0.0,0.0,0.0,0.0,0.0,0.0,0.0,0,0.0,0.005829046100363276,8
9366.69687795,4.609999999999874,0,1,0,0.0,0.0,0.0,0.0,0.0,0.0,0.0,0.0,0.0,0.0,0,0.0,0.005829046220055498,8
9366.707043662,4.6199999999998775,0,1,0,0.0,0.0,0.0,0.0,0.0,0.0,0.0,0.0,0.0,0.0,0,0.0,0.005829046336593122,8
9366.717307022,4.629999999999881,0,1,0,0.0,0.0,0.0,0.0,0.0,0.0,0.0,0.0,0.0,0.0,0,0.0,0.005829046450059289,8
9366.726926905,4.639999999999884,0,1,0,0.0,0.0,0.0,0.0,0.0,0.0,0.0,0.0,0.0,0.0,0,0.0,0.005829046560534951,12
9366.73730549,4.649999999999888,0,1,0,0.0,0.0,0.0,0.0,0.0,0.0,0.0,0.0,0.0,0.0,0,0.0,0.0058290466680989235,12
9366.747335956,4.659999999999891,0,1,0,0.0,0.0,0.0,0.0,0.0,0.0,0.0,0.0,0.0,0.0,0,0.0,0.005829046772827948,12
9366.756915585,4.669999999999894,0,1,0,0.0,0.0,0.0,0.0,0.0,0.0,0.0,0.0,0.0,0.0,0,0.0,0.005829046874796742,15
9366.76689377,4.679999999999898,0,1,0,0.0,0.0,0.0,0.0,0.0,0.0,0.0,0.0,0.0,0.0,0,0.0,0.0058290469740780535,15
9366.776882091,4.689999999999901,0,1,0,0.0,0.0,0.0,0.0,0.0,0.0,0.0,0.0,0.0,0.0,0,0.0,0.005829047070742716,15
9366.788177137,4.699999999999904,0,1,0,0.0,0.0,0.0,0.0,0.0,0.0,0.0,0.0,0.0,0.0,0,0.0,0.005829047164859689,17
9366.796857447,4.709999999999908,0,1,0,0.0,0.0,0.0,0.0,0.0,0.0,0.0,0.0,0.0,0.0,0,0.0,0.005829047256496122,18
9366.806950379,4.719999999999911,0,1,0,0.0,0.0,0.0,0.0,0.0,0.0,0.0,0.0,0.0,0.0,0,0.0,0.005829047345717393,18
9366.817085501,4.729999999999914,0,1,0,0.0,0.0,0.0,0.0,0.0,0.0,0.0,0.0,0.0,0.0,0,0.0,0.005829047432587153,18
9366.826909175,4.739999999999918,0,1,0,0.0,0.0,0.0,0.0,0.0,0.0,0.0,0.0,0.0,0.0,0,0.0,0.00582904751716738,22
9366.836910098,4.749999999999921,0,1,0,0.0,0.0,0.0,0.0,0.0,0.0,0.0,0.0,0.0,0.0,0,0.0,0.005829047599518416,22
9366.846912116,4.759999999999924,0,1,0,0.0,0.0,0.0,0.0,0.0,0.0,0.0,0.0,0.0,0.0,0,0.0,0.005829047679699015,22
9366.857055706,4.769999999999928,0,1,0,0.0,0.0,0.0,0.0,0.0,0.0,0.0,0.0,0.0,0.0,0,0.0,0.00582904775776638,26
9366.866999107,4.779999999999931,0,1,0,0.0,0.0,0.0,0.0,0.0,0.0,0.0,0.0,0.0,0.0,0,0.0,0.0058290478337762065,26
9366.87690677,4.789999999999934,0,1,0,0.0,0.0,0.0,0.0,0.0,0.0,0.0,0.0,0.0,0.0,0,0.0,0.005829047907782722,26
9366.88690579,4.799999999999938,0,1,0,0.0,0.0,0.0,0.0,0.0,0.0,0.0,0.0,0.0,0.0,0,0.0,0.005829047979838728,26
9366.89693817,4.809999999999941,0,1,0,0.0,0.0,0.0,0.0,0.0,0.0,0.0,0.0,0.0,0.0,0,0.0,0.00582904804999563,29
9366.906921674,4.819999999999944,0,1,0,0.0,0.0,0.0,0.0,0.0,0.0,0.0,0.0,0.0,0.0,0,0.0,0.005829048118303481,29
9366.917300828,4.829999999999948,0,1,0,0.0,0.0,0.0,0.0,0.0,0.0,0.0,0.0,0.0,0.0,0,0.0,0.005829048184811015,29
9366.926941316,4.839999999999951,0,1,0,0.0,0.0,0.0,0.0,0.0,0.0,0.0,0.0,0.0,0.0,0,0.0,0.005829048249565683,33
9366.936899736,4.849999999999954,0,1,0,0.0,0.0,0.0,0.0,0.0,0.0,0.0,0.0,0.0,0.0,0,0.0,0.0058290483126136805,33
9366.947650256,4.859999999999958,0,1,0,0.0,0.0,0.0,0.0,0.0,0.0,0.0,0.0,0.0,0.0,0,0.0,0.005829048373999989,33
9366.958029083,4.869999999999961,0,1,0,0.0,0.0,0.0,0.0,0.0,0.0,0.0,0.0,0.0,0.0,0,0.0,0.005829048433768404,37
9366.967053656,4.879999999999964,0,1,0,0.0,0.0,0.0,0.0,0.0,0.0,0.0,0.0,0.0,0.0,0,0.0,0.005829048491961566,38
9366.9771037,4.889999999999968,0,1,0,0.0,0.0,0.0,0.0,0.0,0.0,0.0,0.0,0.0,0.0,0,0.0,0.005829048548620992,38
9366.986913486,4.899999999999971,0,1,0,0.0,0.0,0.0,0.0,0.0,0.0,0.0,0.0,0.0,0.0,0,0.0,0.005829048603787106,38
9366.996975246,4.909999999999974,0,1,0,0.0,0.0,0.0,0.0,0.0,0.0,0.0,0.0,0.0,0.0,0,0.0,0.005829048657499266,41
9367.006936049,4.919999999999978,0,1,0,0.0,0.0,0.0,0.0,0.0,0.0,0.0,0.0,0.0,0.0,0,0.0,0.005829048709795791,41
9367.016950604,4.929999999999981,0,1,0,0.0,0.0,0.0,0.0,0.0,0.0,0.0,0.0,0.0,0.0,0,0.0,0.005829048760713993,41
9367.026879155,4.939999999999984,0,1,0,0.0,0.0,0.0,0.0,0.0,0.0,0.0,0.0,0.0,0.0,0,0.0,0.0058290488102901985,45
9367.036964045,4.949999999999988,0,1,0,0.0,0.0,0.0,0.0,0.0,0.0,0.0,0.0,0.0,0.0,0,0.0,0.005829048858559776,45
9367.046910454,4.959999999999991,0,1,0,0.0,0.0,0.0,0.0,0.0,0.0,0.0,0.0,0.0,0.0,0,0.0,0.005829048905557164,45
9367.058662535,4.969999999999994,0,1,0,0.0,0.0,0.0,0.0,0.0,0.0,0.0,0.0,0.0,0.0,0,0.0,0.005829048951315891,46
9367.066902744,4.979999999999998,0,1,0,0.0,0.0,0.0,0.0,0.0,0.0,0.0,0.0,0.0,0.0,0,0.0,0.0058290489958686045,48
9367.076906453,4.990000000000001,0,1,0,0.0,0.0,0.0,0.0,0.0,0.0,0.0,0.0,0.0,0.0,0,0.0,0.005829049039247088,48
9367.086921105,5.000000000000004,0,1,0,0.0,0.0,0.0,0.0,0.0,0.0,0.0,0.0,0.0,0.0,0,0.0,0.005829049081482293,48
9367.096946875,5.010000000000008,0,1,0,0.0,0.0,0.0,0.0,0.0,0.0,0.0,0.0,0.0,0.0,0,0.0,0.0058290491226043505,51
9367.107063446,5.020000000000011,0,1,0,0.0,0.0,0.0,0.0,0.0,0.0,0.0,0.0,0.0,0.0,0,0.0,0.005829049162642595,51
9367.116933623,5.0300000000000145,0,1,0,0.0,0.0,0.0,0.0,0.0,0.0,0.0,0.0,0.0,0.0,0,0.0,0.005829049201625597,51
9367.127590988,5.040000000000018,0,1,0,0.0,0.0,0.0,0.0,0.0,0.0,0.0,0.0,0.0,0.0,0,0.0,0.005829049239581163,54
9367.136918778,5.050000000000021,0,1,0,0.0,0.0,0.0,0.0,0.0,0.0,0.0,0.0,0.0,0.0,0,0.0,0.005829049276536375,55
9367.146982013,5.0600000000000245,0,1,0,0.0,0.0,0.0,0.0,0.0,0.0,0.0,0.0,0.0,0.0,0,0.0,0.005829049312517596,55
9367.157032176,5.070000000000028,0,1,0,0.0,0.0,0.0,0.0,0.0,0.0,0.0,0.0,0.0,0.0,0,0.0,0.005829049347550501,55
9367.166978018,5.080000000000031,0,1,0,0.0,0.0,0.0,0.0,0.0,0.0,0.0,0.0,0.0,0.0,0,0.0,0.00582904938166008,58
9367.176930401,5.0900000000000345,0,1,0,0.0,0.0,0.0,0.0,0.0,0.0,0.0,0.0,0.0,0.0,0,0.0,0.005829049414870668,58
9367.18693255,5.100000000000038,0,1,0,0.0,0.0,0.0,0.0,0.0,0.0,0.0,0.0,0.0,0.0,0,0.0,0.005829049447205963,58
9367.196988189,5.110000000000041,0,1,0,0.0,0.0,0.0,0.0,0.0,0.0,0.0,0.0,0.0,0.0,0,0.0,0.0058290494786890305,62
9367.206926103,5.1200000000000445,0,1,0,0.0,0.0,0.0,0.0,0.0,0.0,0.0,0.0,0.0,0.0,0,0.0,0.005829049509342332,62
9367.217070095,5.130000000000048,0,1,0,0.0,0.0,0.0,0.0,0.0,0.0,0.0,0.0,0.0,0.0,0,0.0,0.0058290495391877355,62
9367.228793685,5.140000000000051,0,1,0,0.0,0.0,0.0,0.0,0.0,0.0,0.0,0.0,0.0,0.0,0,0.0,0.005829049568246536,63
9367.236924695,5.1500000000000545,0,1,0,0.0,0.0,0.0,0.0,0.0,0.0,0.0,0.0,0.0,0.0,0,0.0,0.005829049596539463,66
9367.246900504,5.160000000000058,0,1,0,0.0,0.0,0.0,0.0,0.0,0.0,0.0,0.0,0.0,0.0,0,0.0,0.005829049624086704,66
9367.257240234,5.170000000000061,0,1,0,0.0,0.0,0.0,0.0,0.0,0.0,0.0,0.0,0.0,0.0,0,0.0,0.005829049650907913,66
9367.267027317,5.1800000000000646,0,1,0,0.0,0.0,0.0,0.0,0.0,0.0,0.0,0.0,0.0,0.0,0,0.0,0.005829049677022223,69
9367.277013662,5.190000000000068,0,1,0,0.0,0.0,0.0,0.0,0.0,0.0,0.0,0.0,0.0,0.0,0,0.0,0.005829049702448265,69
9367.28722698,5.200000000000071,0,1,0,0.0,0.0,0.0,0.0,0.0,0.0,0.0,0.0,0.0,0.0,0,0.0,0.00582904972720418,69
9367.298310215,5.210000000000075,0,1,0,0.0,0.0,0.0,0.0,0.0,0.0,0.0,0.0,0.0,0.0,0,0.0,0.005829049751307628,72
9367.307009934,5.220000000000078,0,1,0,0.0,0.0,0.0,0.0,0.0,0.0,0.0,0.0,0.0,0.0,0,0.0,0.005829049774775809,74
9367.316919625,5.230000000000081,0,1,0,0.0,0.0,0.0,0.0,0.0,0.0,0.0,0.0,0.0,0.0,0,0.0,0.005829049797625464,74
9367.327204284,5.240000000000085,0,1,0,0.0,0.0,0.0,0.0,0.0,0.0,0.0,0.0,0.0,0.0,0,0.0,0.005829049819872895,74
9367.336927566,5.250000000000088,0,1,0,0.0,0.0,0.0,0.0,0.0,0.0,0.0,0.0,0.0,0.0,0,0.0,0.005829049841533973,77
9367.346896002,5.260000000000091,0,1,0,0.0,0.0,0.0,0.0,0.0,0.0,0.0,0.0,0.0,0.0,0,0.0,0.005829049862624154,77
9367.357420099,5.270000000000095,0,1,0,0.0,0.0,0.0,0.0,0.0,0.0,0.0,0.0,0.0,0.0,0,0.0,0.0058290498831584815,77
9367.367008656,5.280000000000098,0,1,0,0.0,0.0,0.0,0.0,0.0,0.0,0.0,0.0,0.0,0.0,0,0.0,0.005829049903151609,80
9367.377051647,5.290000000000101,0,1,0,0.0,0.0,0.0,0.0,0.0,0.0,0.0,0.0,0.0,0.0,0,0.0,0.005829049922617798,80
9367.387212714,5.300000000000105,0,1,0,0.0,0.0,0.0,0.0,0.0,0.0,0.0,0.0,0.0,0.0,0,0.0,0.005829049941570939,81
9367.398787615,5.310000000000108,0,1,0,0.0,0.0,0.0,0.0,0.0,0.0,0.0,0.0,0.0,0.0,0,0.0,0.0058290499600245505,82
9367.407030629,5.320000000000111,0,1,0,0.0,0.0,0.0,0.0,0.0,0.0,0.0,0.0,0.0,0.0,0,0.0,0.005829049977991801,84
9367.416810035,5.330000000000115,0,1,0,0.0,0.0,0.0,0.0,0.0,0.0,0.0,0.0,0.0,0.0,0,0.0,0.005829049995485507,84
9367.427087878,5.340000000000118,0,1,0,0.0,0.0,0.0,0.0,0.0,0.0,0.0,0.0,0.0,0.0,0,0.0,0.00582905001251815,84
9367.437376547,5.350000000000121,0,1,0,0.0,0.0,0.0,0.0,0.0,0.0,0.0,0.0,0.0,0.0,0,0.0,0.005829050029101882,89
9367.447035477,5.360000000000125,0,1,0,0.0,0.0,0.0,0.0,0.0,0.0,0.0,0.0,0.0,0.0,0,0.0,0.005829050045248534,89
9367.45688071,5.370000000000128,0,1,0,0.0,0.0,0.0,0.0,0.0,0.0,0.0,0.0,0.0,0.0,0,0.0,0.005829050060969625,89
9367.468685172,5.380000000000131,0,1,0,0.0,0.0,0.0,0.0,0.0,0.0,0.0,0.0,0.0,0.0,0,0.0,0.005829050076276372,92
9367.477144649,5.390000000000135,0,1,0,0.0,0.0,0.0,0.0,0.0,0.0,0.0,0.0,0.0,0.0,0,0.0,0.005829050091179696,94
9367.487428584,5.400000000000138,0,1,0,0.0,0.0,0.0,0.0,0.0,0.0,0.0,0.0,0.0,0.0,0,0.0,0.005829050105690228,94
9367.497134328,5.410000000000141,0,1,0,0.0,0.0,0.0,0.0,0.0,0.0,0.0,0.0,0.0,0.0,0,0.0,0.005829050119818322,94
9367.507199991,5.420000000000145,0,1,0,0.0,0.0,0.0,0.0,0.0,0.0,0.0,0.0,0.0,0.0,0,0.0,0.005829050133574056,97
9367.517051621,5.430000000000148,0,1,0,0.0,0.0,0.0,0.0,0.0,0.0,0.0,0.0,0.0,0.0,0,0.0,0.005829050146967245,97
9367.527107447,5.440000000000151,0,1,0,0.0,0.0,0.0,0.0,0.0,0.0,0.0,0.0,0.0,0.0,0,0.0,0.0058290501600074445,97
9367.53697127,5.450000000000155,0,1,0,0.0,0.0,0.0,0.0,0.0,0.0,0.0,0.0,0.0,0.0,0,0.0,0.005829050172703957,100
9367.546930791,5.460000000000158,0,1,0,0.0,0.0,0.0,0.0,0.0,0.0,0.0,0.0,0.0,0.0,0,0.0,0.005829050185065841,100
9367.557536377,5.470000000000161,0,1,0,0.0,0.0,0.0,0.0,0.0,0.0,0.0,0.0,0.0,0.0,0,0.0,0.005829050197101916,100
9367.569992341,5.480000000000165,0,1,0,0.0,0.0,0.0,0.0,0.0,0.0,0.0,0.0,0.0,0.0,0,0.0,0.00582905020882077,101
9367.577091721,5.490000000000168,0,1,0,0.0,0.0,0.0,0.0,0.0,0.0,0.0,0.0,0.0,0.0,0,0.0,0.005829050220230763,105
9367.587006648,5.500000000000171,0,1,0,0.0,0.0,0.0,0.0,0.0,0.0,0.0,0.0,0.0,0.0,0,0.0,0.005829050231340033,105
9367.597579014,5.510000000000175,0,1,0,0.0,0.0,0.0,0.0,0.0,0.0,0.0,0.0,0.0,0.0,0,0.0,0.005829050242156508,105
9367.607056515,5.520000000000178,0,1,0,0.0,0.0,0.0,0.0,0.0,0.0,0.0,0.0,0.0,0.0,0,0.0,0.005829050252687904,109
9367.616847954,5.530000000000181,0,1,0,0.0,0.0,0.0,0.0,0.0,0.0,0.0,0.0,0.0,0.0,0,0.0,0.005829050262941736,109
9367.626946254,5.540000000000185,0,1,0,0.0,0.0,0.0,0.0,0.0,0.0,0.0,0.0,0.0,0.0,0,0.0,0.005829050272925318,0
9367.637205907,5.550000000000188,0,1,0,0.0,0.0,0.0,0.0,0.0,0.0,0.0,0.0,0.0,0.0,0,0.0,0.005829050282645774,3
9367.647054796,5.5600000000001915,0,1,0,0.0,0.0,0.0,0.0,0.0,0.0,0.0,0.0,0.0,0.0,0,0.0,0.005829050292110036,3
9367.656910354,5.570000000000195,0,1,0,0.0,0.0,0.0,0.0,0.0,0.0,0.0,0.0,0.0,0.0,0,0.0,0.005829050301324861,3
9367.666932561,5.580000000000198,0,1,0,0.0,0.0,0.0,0.0,0.0,0.0,0.0,0.0,0.0,0.0,0,0.0,0.0058290503102968174,3
9367.676942895,5.5900000000002015,0,1,0,0.0,0.0,0.0,0.0,0.0,0.0,0.0,0.0,0.0,0.0,0,0.0,0.005829050319032312,7
9367.686901152,5.600000000000205,0,1,0,0.0,0.0,0.0,0.0,0.0,0.0,0.0,0.0,0.0,0.0,0,0.0,0.005829050327537577,7
9367.696883383,5.610000000000208,0,1,0,0.0,0.0,0.0,0.0,0.0,0.0,0.0,0.0,0.0,0.0,0,0.0,0.005829050335818674,7
9367.707099149,5.6200000000002115,0,1,0,0.0,0.0,0.0,0.0,0.0,0.0,0.0,0.0,0.0,0.0,0,0.0,0.005829050343881515,12
9367.716875633,5.630000000000215,0,1,0,0.0,0.0,0.0,0.0,0.0,0.0,0.0,0.0,0.0,0.0,0,0.0,0.0058290503517318525,12
9367.727104492,5.640000000000218,0,1,0,0.0,0.0,0.0,0.0,0.0,0.0,0.0,0.0,0.0,0.0,0,0.0,0.005829050359375289,12
9367.740013107,5.6500000000002215,0,1,0,0.0,0.0,0.0,0.0,0.0,0.0,0.0,0.0,0.0,0.0,0,0.0,0.0058290503668172716,13
9367.747099049,5.660000000000225,0,1,0,0.0,0.0,0.0,0.0,0.0,0.0,0.0,0.0,0.0,0.0,0,0.0,0.005829050374063115,17
9367.757059175,5.670000000000228,0,1,0,0.0,0.0,0.0,0.0,0.0,0.0,0.0,0.0,0.0,0.0,0,0.0,0.00582905038111799,17
9367.766980533,5.6800000000002315,0,1,0,0.0,0.0,0.0,0.0,0.0,0.0,0.0,0.0,0.0,0.0,0,0.0,0.005829050387986927,17
9367.776967625,5.690000000000235,0,1,0,0.0,0.0,0.0,0.0,0.0,0.0,0.0,0.0,0.0,0.0,0,0.0,0.005829050394674824,20
9367.786859276,5.700000000000238,0,1,0,0.0,0.0,0.0,0.0,0.0,0.0,0.0,0.0,0.0,0.0,0,0.0,0.005829050401186455,20
9367.796898859,5.7100000000002415,0,1,0,0.0,0.0,0.0,0.0,0.0,0.0,0.0,0.0,0.0,0.0,0,0.0,0.005829050407526469,20
9367.807346857,5.720000000000245,0,1,0,0.0,0.0,0.0,0.0,0.0,0.0,0.0,0.0,0.0,0.0,0,0.0,0.005829050413699385,23
9367.816867276,5.730000000000248,0,1,0,0.0,0.0,0.0,0.0,0.0,0.0,0.0,0.0,0.0,0.0,0,0.0,0.005829050419709606,23
9367.827242478,5.740000000000252,0,1,0,0.0,0.0,0.0,0.0,0.0,0.0,0.0,0.0,0.0,0.0,0,0.0,0.005829050425561421,23
9367.837230879,5.750000000000255,0,1,0,0.0,0.0,0.0,0.0,0.0,0.0,0.0,0.0,0.0,0.0,0,0.0,0.0058290504312590065,23
9367.847187095,5.760000000000258,0,1,0,0.0,0.0,0.0,0.0,0.0,0.0,0.0,0.0,0.0,0.0,0,0.0,0.005829050436806429,26
9367.856978589,5.770000000000262,0,1,0,0.0,0.0,0.0,0.0,0.0,0.0,0.0,0.0,0.0,0.0,0,0.0,0.005829050442207644,26
9367.866957884,5.780000000000265,0,1,0,0.0,0.0,0.0,0.0,0.0,0.0,0.0,0.0,0.0,0.0,0,0.0,0.005829050447466505,26
9367.877104311,5.790000000000268,0,1,0,0.0,0.0,0.0,0.0,0.0,0.0,0.0,0.0,0.0,0.0,0,0.0,0.005829050452586761,29
9367.886954366,5.800000000000272,0,1,0,0.0,0.0,0.0,0.0,0.0,0.0,0.0,0.0,0.0,0.0,0,0.0,0.005829050457572069,29
9367.896999358,5.810000000000275,0,1,0,0.0,0.0,0.0,0.0,0.0,0.0,0.0,0.0,0.0,0.0,0,0.0,0.005829050462425987,29
9367.909739902,5.820000000000278,0,1,0,0.0,0.0,0.0,0.0,0.0,0.0,0.0,0.0,0.0,0.0,0,0.0,0.0058290504671519765,30
9367.917331845,5.830000000000282,0,1,0,0.0,0.0,0.0,0.0,0.0,0.0,0.0,0.0,0.0,0.0,0,0.0,0.005829050471753407,33
9367.926848271,5.840000000000285,0,1,0,0.0,0.0,0.0,0.0,0.0,0.0,0.0,0.0,0.0,0.0,0,0.0,0.00582905047623356,33
9367.937049176,5.850000000000288,0,1,0,0.0,0.0,0.0,0.0,0.0,0.0,0.0,0.0,0.0,0.0,0,0.0,0.0058290504805956316,33
9367.946851693,5.860000000000292,0,1,0,0.0,0.0,0.0,0.0,0.0,0.0,0.0,0.0,0.0,0.0,0,0.0,0.005829050484842738,36
9367.957317225,5.870000000000295,0,1,0,0.0,0.0,0.0,0.0,0.0,0.0,0.0,0.0,0.0,0.0,0,0.0,0.00582905048897791,36
9367.967347789,5.880000000000298,0,1,0,0.0,0.0,0.0,0.0,0.0,0.0,0.0,0.0,0.0,0.0,0,0.0,0.005829050493004098,36
9367.984452093,5.890000000000302,0,1,0,0.0,0.0,0.0,0.0,0.0,0.0,0.0,0.0,0.0,0.0,0,0.0,0.005829050496924171,37
9367.994470947,5.900000000000305,0,1,0,0.0,0.0,0.0,0.0,0.0,0.0,0.0,0.0,0.0,0.0,0,0.0,0.0058290505007409284,37
9368.004404108,5.910000000000308,0,1,0,0.0,0.0,0.0,0.0,0.0,0.0,0.0,0.0,0.0,0.0,0,0.0,0.005829050504457088,37
9368.020812264,5.920000000000312,0,1,0,0.0,0.0,0.0,0.0,0.0,0.0,0.0,0.0,0.0,0.0,0,0.0,0.005829050508075304,38
9368.030859,5.930000000000315,0,1,0,0.0,0.0,0.0,0.0,0.0,0.0,0.0,0.0,0.0,0.0,0,0.0,0.005829050511598155,38
9368.040764338,5.940000000000318,0,1,0,0.0,0.0,0.0,0.0,0.0,0.0,0.0,0.0,0.0,0.0,0,0.0,0.005829050515028162,38
9368.050797228,5.950000000000322,0,1,0,0.0,0.0,0.0,0.0,0.0,0.0,0.0,0.0,0.0,0.0,0,0.0,0.00582905051836777,44
9368.060915184,5.960000000000325,0,1,0,0.0,0.0,0.0,0.0,0.0,0.0,0.0,0.0,0.0,0.0,0,0.0,0.005829050521619362,44
9368.070874954,5.970000000000328,0,1,0,0.0,0.0,0.0,0.0,0.0,0.0,0.0,0.0,0.0,0.0,0,0.0,0.005829050524785253,44
9368.080768501,5.980000000000332,0,1,0,0.0,0.0,0.0,0.0,0.0,0.0,0.0,0.0,0.0,0.0,0,0.0,0.005829050527867705,47
9368.090818568,5.990000000000335,0,1,0,0.0,0.0,0.0,0.0,0.0,0.0,0.0,0.0,0.0,0.0,0,0.0,0.005829050530868914,47
9368.10077648,6.000000000000338,0,1,0,0.0,0.0,0.0,0.0,0.0,0.0,0.0,0.0,0.0,0.0,0,0.0,0.00582905053379102,47
9368.112662157,6.010000000000342,0,1,0,0.0,0.0,0.0,0.0,0.0,0.0,0.0,0.0,0.0,0.0,0,0.0,0.00582905053663611,49
9368.120777378,6.020000000000345,0,1,0,0.0,0.0,0.0,0.0,0.0,0.0,0.0,0.0,0.0,0.0,0,0.0,0.005829050539406215,51
9368.13105278,6.030000000000348,0,1,0,0.0,0.0,0.0,0.0,0.0,0.0,0.0,0.0,0.0,0.0,0,0.0,0.005829050542103312,51
9368.140973617,6.040000000000352,0,1,0,0.0,0.0,0.0,0.0,0.0,0.0,0.0,0.0,0.0,0.0,0,0.0,0.005829050544729326,51
9368.15079686,6.050000000000355,0,1,0,0.0,0.0,0.0,0.0,0.0,0.0,0.0,0.0,0.0,0.0,0,0.0,0.005829050547286131,55
9368.160775187,6.060000000000358,0,1,0,0.0,0.0,0.0,0.0,0.0,0.0,0.0,0.0,0.0,0.0,0,0.0,0.005829050549775551,55
9368.170820894,6.070000000000362,0,1,0,0.0,0.0,0.0,0.0,0.0,0.0,0.0,0.0,0.0,0.0,0,0.0,0.00582905055219936,55
9368.180906542,6.080000000000365,0,1,0,0.0,0.0,0.0,0.0,0.0,0.0,0.0,0.0,0.0,0.0,0,0.0,0.005829050554559286,59
9368.190784911,6.0900000000003685,0,1,0,0.0,0.0,0.0,0.0,0.0,0.0,0.0,0.0,0.0,0.0,0,0.0,0.005829050556857013,59
9368.200792882,6.100000000000372,0,1,0,0.0,0.0,0.0,0.0,0.0,0.0,0.0,0.0,0.0,0.0,0,0.0,0.005829050559094181,59
9368.210845244,6.110000000000375,0,1,0,0.0,0.0,0.0,0.0,0.0,0.0,0.0,0.0,0.0,0.0,0,0.0,0.005829050561272385,59
9368.220814592,6.1200000000003785,0,1,0,0.0,0.0,0.0,0.0,0.0,0.0,0.0,0.0,0.0,0.0,0,0.0,0.005829050563393181,63
9368.23078822,6.130000000000382,0,1,0,0.0,0.0,0.0,0.0,0.0,0.0,0.0,0.0,0.0,0.0,0,0.0,0.005829050565458079,63
9368.240794615,6.140000000000385,0,1,0,0.0,0.0,0.0,0.0,0.0,0.0,0.0,0.0,0.0,0.0,0,0.0,0.0058290505674685545,63
9368.251407314,6.1500000000003885,0,1,0,0.0,0.0,0.0,0.0,0.0,0.0,0.0,0.0,0.0,0.0,0,0.0,0.005829050569426041,69
9368.260789649,6.160000000000392,0,1,0,0.0,0.0,0.0,0.0,0.0,0.0,0.0,0.0,0.0,0.0,0,0.0,0.005829050571331938,69
9368.27079672,6.170000000000395,0,1,0,0.0,0.0,0.0,0.0,0.0,0.0,0.0,0.0,0.0,0.0,0,0.0,0.005829050573187607,69
9368.282037154,6.1800000000003985,0,1,0,0.0,0.0,0.0,0.0,0.0,0.0,0.0,0.0,0.0,0.0,0,0.0,0.005829050574994371,71
9368.290801241,6.190000000000402,0,1,0,0.0,0.0,0.0,0.0,0.0,0.0,0.0,0.0,0.0,0.0,0,0.0,0.005829050576753516,73
9368.300788944,6.200000000000405,0,1,0,0.0,0.0,0.0,0.0,0.0,0.0,0.0,0.0,0.0,0.0,0,0.0,0.005829050578466296,73
9368.311026736,6.2100000000004085,0,1,0,0.0,0.0,0.0,0.0,0.0,0.0,0.0,0.0,0.0,0.0,0,0.0,0.0058290505801339345,73
9368.320806932,6.220000000000412,0,1,0,0.0,0.0,0.0,0.0,0.0,0.0,0.0,0.0,0.0,0.0,0,0.0,0.00582905058175762,76
9368.33081332,6.230000000000415,0,1,0,0.0,0.0,0.0,0.0,0.0,0.0,0.0,0.0,0.0,0.0,0,0.0,0.005829050583338511,76
9368.341110301,6.2400000000004185,0,1,0,0.0,0.0,0.0,0.0,0.0,0.0,0.0,0.0,0.0,0.0,0,0.0,0.0058290505848777345,76
9368.351697513,6.250000000000422,0,1,0,0.0,0.0,0.0,0.0,0.0,0.0,0.0,0.0,0.0,0.0,0,0.0,0.005829050586376389,80
9368.360930096,6.260000000000425,0,1,0,0.0,0.0,0.0,0.0,0.0,0.0,0.0,0.0,0.0,0.0,0,0.0,0.005829050587835545,81
9368.37080975,6.270000000000429,0,1,0,0.0,0.0,0.0,0.0,0.0,0.0,0.0,0.0,0.0,0.0,0,0.0,0.0058290505892562424,81
9368.380902934,6.280000000000432,0,1,0,0.0,0.0,0.0,0.0,0.0,0.0,0.0,0.0,0.0,0.0,0,0.0,0.005829050590639496,81
9368.396907023,6.290000000000435,0,1,0,0.0,0.0,0.0,0.0,0.0,0.0,0.0,0.0,0.0,0.0,0,0.0,0.005829050591986292,82
9368.407217548,6.300000000000439,0,1,0,0.0,0.0,0.0,0.0,0.0,0.0,0.0,0.0,0.0,0.0,0,0.0,0.00582905059329759,82
9368.418432523,6.310000000000442,0,1,0,0.0,0.0,0.0,0.0,0.0,0.0,0.0,0.0,0.0,0.0,0,0.0,0.005829050594574328,84
9368.426836961,6.320000000000445,0,1,0,0.0,0.0,0.0,0.0,0.0,0.0,0.0,0.0,0.0,0.0,0,0.0,0.005829050595817414,86
9368.436851068,6.330000000000449,0,1,0,0.0,0.0,0.0,0.0,0.0,0.0,0.0,0.0,0.0,0.0,0,0.0,0.005829050597027738,86
9368.446972863,6.340000000000452,0,1,0,0.0,0.0,0.0,0.0,0.0,0.0,0.0,0.0,0.0,0.0,0,0.0,0.005829050598206163,86
9368.456869595,6.350000000000455,0,1,0,0.0,0.0,0.0,0.0,0.0,0.0,0.0,0.0,0.0,0.0,0,0.0,0.0058290505993535335,89
9368.467144156,6.360000000000459,0,1,0,0.0,0.0,0.0,0.0,0.0,0.0,0.0,0.0,0.0,0.0,0,0.0,0.005829050600470668,89
9368.477322113,6.370000000000462,0,1,0,0.0,0.0,0.0,0.0,0.0,0.0,0.0,0.0,0.0,0.0,0,0.0,0.005829050601558359,89
9368.486943899,6.380000000000465,0,1,0,0.0,0.0,0.0,0.0,0.0,0.0,0.0,0.0,0.0,0.0,0,0.0,0.005829050602617385,92
9368.496957005,6.390000000000469,0,1,0,0.0,0.0,0.0,0.0,0.0,0.0,0.0,0.0,0.0,0.0,0,0.0,0.005829050603648499,92
9368.506896717,6.400000000000472,0,1,0,0.0,0.0,0.0,0.0,0.0,0.0,0.0,0.0,0.0,0.0,0,0.0,0.0058290506046524354,92
9368.517048196,6.410000000000475,0,1,0,0.0,0.0,0.0,0.0,0.0,0.0,0.0,0.0,0.0,0.0,0,0.0,0.005829050605629915,92
9368.52688561,6.420000000000479,0,1,0,0.0,0.0,0.0,0.0,0.0,0.0,0.0,0.0,0.0,0.0,0,0.0,0.00582905060658163,96
9368.537224256,6.430000000000482,0,1,0,0.0,0.0,0.0,0.0,0.0,0.0,0.0,0.0,0.0,0.0,0,0.0,0.005829050607508262,96
9368.546984202,6.440000000000485,0,1,0,0.0,0.0,0.0,0.0,0.0,0.0,0.0,0.0,0.0,0.0,0,0.0,0.005829050608410472,97
9368.557365233,6.450000000000489,0,1,0,0.0,0.0,0.0,0.0,0.0,0.0,0.0,0.0,0.0,0.0,0,0.0,0.005829050609288902,101
9368.567222144,6.460000000000492,0,1,0,0.0,0.0,0.0,0.0,0.0,0.0,0.0,0.0,0.0,0.0,0,0.0,0.0058290506101441805,101
9368.576894939,6.470000000000495,0,1,0,0.0,0.0,0.0,0.0,0.0,0.0,0.0,0.0,0.0,0.0,0,0.0,0.005829050610976916,101
9368.588546351,6.480000000000499,0,1,0,0.0,0.0,0.0,0.0,0.0,0.0,0.0,0.0,0.0,0.0,0,0.0,0.005829050611787705,103
9368.597192817,6.490000000000502,0,1,0,0.0,0.0,0.0,0.0,0.0,0.0,0.0,0.0,0.0,0.0,0,0.0,0.005829050612577124,105
9368.60681793,6.500000000000505,0,1,0,0.0,0.0,0.0,0.0,0.0,0.0,0.0,0.0,0.0,0.0,0,0.0,0.005829050613345738,105
9368.616873384,6.510000000000509,0,1,0,0.0,0.0,0.0,0.0,0.0,0.0,0.0,0.0,0.0,0.0,0,0.0,0.005829050614094092,105
9368.627076851,6.520000000000512,0,1,0,0.0,0.0,0.0,0.0,0.0,0.0,0.0,0.0,0.0,0.0,0,0.0,0.005829050614822723,3
9368.636895045,6.530000000000515,0,1,0,0.0,0.0,0.0,0.0,0.0,0.0,0.0,0.0,0.0,0.0,0,0.0,0.00582905061553215,3
9368.646845245,6.540000000000519,0,1,0,0.0,0.0,0.0,0.0,0.0,0.0,0.0,0.0,0.0,0.0,0,0.0,0.005829050616222879,3
9368.664021577,6.550000000000522,0,1,0,0.0,0.0,0.0,0.0,0.0,0.0,0.0,0.0,0.0,0.0,0,0.0,0.0058290506168954025,4
9368.673902021,6.560000000000525,0,1,0,0.0,0.0,0.0,0.0,0.0,0.0,0.0,0.0,0.0,0.0,0,0.0,0.005829050617550201,4
9368.683896872,6.570000000000529,0,1,0,0.0,0.0,0.0,0.0,0.0,0.0,0.0,0.0,0.0,0.0,0,0.0,0.005829050618187739,4
9368.694049855,6.580000000000532,0,1,0,0.0,0.0,0.0,0.0,0.0,0.0,0.0,0.0,0.0,0.0,0,0.0,0.0058290506188084755,8
9368.703846435,6.590000000000535,0,1,0,0.0,0.0,0.0,0.0,0.0,0.0,0.0,0.0,0.0,0.0,0,0.0,0.0058290506194128506,8
9368.714387825,6.600000000000539,0,1,0,0.0,0.0,0.0,0.0,0.0,0.0,0.0,0.0,0.0,0.0,0,0.0,0.005829050620001298,8
9368.724744314,6.610000000000542,0,1,0,0.0,0.0,0.0,0.0,0.0,0.0,0.0,0.0,0.0,0.0,0,0.0,0.005829050620574237,12
9368.733898825,6.6200000000005454,0,1,0,0.0,0.0,0.0,0.0,0.0,0.0,0.0,0.0,0.0,0.0,0,0.0,0.005829050621132072,14
9368.743952024,6.630000000000549,0,1,0,0.0,0.0,0.0,0.0,0.0,0.0,0.0,0.0,0.0,0.0,0,0.0,0.005829050621675207,14
9368.753933305,6.640000000000552,0,1,0,0.0,0.0,0.0,0.0,0.0,0.0,0.0,0.0,0.0,0.0,0,0.0,0.005829050622204027,14
9368.76394458,6.6500000000005555,0,1,0,0.0,0.0,0.0,0.0,0.0,0.0,0.0,0.0,0.0,0.0,0,0.0,0.005829050622718909,18
9368.774118535,6.660000000000559,0,1,0,0.0,0.0,0.0,0.0,0.0,0.0,0.0,0.0,0.0,0.0,0,0.0,0.00582905062322022,18
9368.783642038,6.670000000000562,0,1,0,0.0,0.0,0.0,0.0,0.0,0.0,0.0,0.0,0.0,0.0,0,0.0,0.005829050623708318,18
9368.793956146,6.6800000000005655,0,1,0,0.0,0.0,0.0,0.0,0.0,0.0,0.0,0.0,0.0,0.0,0,0.0,0.005829050624183552,22
9368.803956367,6.690000000000569,0,1,0,0.0,0.0,0.0,0.0,0.0,0.0,0.0,0.0,0.0,0.0,0,0.0,0.00582905062464626,23
9368.81393432,6.700000000000572,0,1,0,0.0,0.0,0.0,0.0,0.0,0.0,0.0,0.0,0.0,0.0,0,0.0,0.005829050625096773,23
9368.82459235,6.7100000000005755,0,1,0,0.0,0.0,0.0,0.0,0.0,0.0,0.0,0.0,0.0,0.0,0,0.0,0.005829050625535414,25
9368.833917586,6.720000000000579,0,1,0,0.0,0.0,0.0,0.0,0.0,0.0,0.0,0.0,0.0,0.0,0,0.0,0.005829050625962499,26
9368.843860186,6.730000000000582,0,1,0,0.0,0.0,0.0,0.0,0.0,0.0,0.0,0.0,0.0,0.0,0,0.0,0.005829050626378332,26
9368.853874614,6.7400000000005855,0,1,0,0.0,0.0,0.0,0.0,0.0,0.0,0.0,0.0,0.0,0.0,0,0.0,0.005829050626783206,26
9368.863918938,6.750000000000589,0,1,0,0.0,0.0,0.0,0.0,0.0,0.0,0.0,0.0,0.0,0.0,0,0.0,0.005829050627177406,30
9368.873908039,6.760000000000592,0,1,0,0.0,0.0,0.0,0.0,0.0,0.0,0.0,0.0,0.0,0.0,0,0.0,0.005829050627561217,30
9368.884086359,6.7700000000005955,0,1,0,0.0,0.0,0.0,0.0,0.0,0.0,0.0,0.0,0.0,0.0,0,0.0,0.005829050627934911,30
9368.894010265,6.780000000000599,0,1,0,0.0,0.0,0.0,0.0,0.0,0.0,0.0,0.0,0.0,0.0,0,0.0,0.0058290506282987565,33
9368.903784965,6.790000000000602,0,1,0,0.0,0.0,0.0,0.0,0.0,0.0,0.0,0.0,0.0,0.0,0,0.0,0.005829050628653012,33
9368.91412998,6.800000000000606,0,1,0,0.0,0.0,0.0,0.0,0.0,0.0,0.0,0.0,0.0,0.0,0,0.0,0.0058290506289979315,33
9368.923848646,6.810000000000609,0,1,0,0.0,0.0,0.0,0.0,0.0,0.0,0.0,0.0,0.0,0.0,0,0.0,0.005829050629333761,33
9368.933616987,6.820000000000612,0,1,0,0.0,0.0,0.0,0.0,0.0,0.0,0.0,0.0,0.0,0.0,0,0.0,0.005829050629660738,37
9368.943928187,6.830000000000616,0,1,0,0.0,0.0,0.0,0.0,0.0,0.0,0.0,0.0,0.0,0.0,0,0.0,0.005829050629979098,37
9368.954096882,6.840000000000619,0,1,0,0.0,0.0,0.0,0.0,0.0,0.0,0.0,0.0,0.0,0.0,0,0.0,0.005829050630289066,37
9368.963729356,6.850000000000622,0,1,0,0.0,0.0,0.0,0.0,0.0,0.0,0.0,0.0,0.0,0.0,0,0.0,0.0058290506305908665,40
9368.974137283,6.860000000000626,0,1,0,0.0,0.0,0.0,0.0,0.0,0.0,0.0,0.0,0.0,0.0,0,0.0,0.005829050630884712,40
9368.98381574,6.870000000000629,0,1,0,0.0,0.0,0.0,0.0,0.0,0.0,0.0,0.0,0.0,0.0,0,0.0,0.005829050631170812,40
9368.995006017,6.880000000000632,0,1,0,0.0,0.0,0.0,0.0,0.0,0.0,0.0,0.0,0.0,0.0,0,0.0,0.005829050631449372,42
9369.003862227,6.890000000000636,0,1,0,0.0,0.0,0.0,0.0,0.0,0.0,0.0,0.0,0.0,0.0,0,0.0,0.005829050631720589,43
9369.014035741,6.900000000000639,0,1,0,0.0,0.0,0.0,0.0,0.0,0.0,0.0,0.0,0.0,0.0,0,0.0,0.005829050631984659,44
9369.023941467,6.910000000000642,0,1,0,0.0,0.0,0.0,0.0,0.0,0.0,0.0,0.0,0.0,0.0,0,0.0,0.005829050632241768,44
9369.034039,6.920000000000646,0,1,0,0.0,0.0,0.0,0.0,0.0,0.0,0.0,0.0,0.0,0.0,0,0.0,0.005829050632492102,49
9369.044400733,6.930000000000649,0,1,0,0.0,0.0,0.0,0.0,0.0,0.0,0.0,0.0,0.0,0.0,0,0.0,0.005829050632735837,49
9369.053844603,6.940000000000652,0,1,0,0.0,0.0,0.0,0.0,0.0,0.0,0.0,0.0,0.0,0.0,0,0.0,0.005829050632973148,50
9369.064742018,6.950000000000656,0,1,0,0.0,0.0,0.0,0.0,0.0,0.0,0.0,0.0,0.0,0.0,0,0.0,0.005829050633204205,54
9369.073848176,6.960000000000659,0,1,0,0.0,0.0,0.0,0.0,0.0,0.0,0.0,0.0,0.0,0.0,0,0.0,0.0058290506334291725,55
9369.08415211,6.970000000000662,0,1,0,0.0,0.0,0.0,0.0,0.0,0.0,0.0,0.0,0.0,0.0,0,0.0,0.005829050633648212,55
9369.093787765,6.980000000000666,0,1,0,0.0,0.0,0.0,0.0,0.0,0.0,0.0,0.0,0.0,0.0,0,0.0,0.005829050633861476,55
9369.103995135,6.990000000000669,0,1,0,0.0,0.0,0.0,0.0,0.0,0.0,0.0,0.0,0.0,0.0,0,0.0,0.005829050634069119,59
9369.114005277,7.000000000000672,0,1,0,0.0,0.0,0.0,0.0,0.0,0.0,0.0,0.0,0.0,0.0,0,0.0,0.0058290506342712906,59
9369.123884856,7.010000000000676,0,1,0,0.0,0.0,0.0,0.0,0.0,0.0,0.0,0.0,0.0,0.0,0,0.0,0.005829050634468134,59
9369.133767409,7.020000000000679,0,1,0,0.0,0.0,0.0,0.0,0.0,0.0,0.0,0.0,0.0,0.0,0,0.0,0.005829050634659789,63
9369.14389061,7.030000000000682,0,1,0,0.0,0.0,0.0,0.0,0.0,0.0,0.0,0.0,0.0,0.0,0,0.0,0.005829050634846391,63
9369.153946855,7.040000000000686,0,1,0,0.0,0.0,0.0,0.0,0.0,0.0,0.0,0.0,0.0,0.0,0,0.0,0.005829050635028077,63
9369.164970255,7.050000000000689,0,1,0,0.0,0.0,0.0,0.0,0.0,0.0,0.0,0.0,0.0,0.0,0,0.0,0.005829050635204973,65
9369.173980998,7.060000000000692,0,1,0,0.0,0.0,0.0,0.0,0.0,0.0,0.0,0.0,0.0,0.0,0,0.0,0.005829050635377207,66
9369.183784501,7.070000000000696,0,1,0,0.0,0.0,0.0,0.0,0.0,0.0,0.0,0.0,0.0,0.0,0,0.0,0.005829050635544902,66
9369.193925324,7.080000000000699,0,1,0,0.0,0.0,0.0,0.0,0.0,0.0,0.0,0.0,0.0,0.0,0,0.0,0.0058290506357081785,66
9369.204005002,7.090000000000702,0,1,0,0.0,0.0,0.0,0.0,0.0,0.0,0.0,0.0,0.0,0.0,0,0.0,0.005829050635867149,69
9369.213738745,7.100000000000706,0,1,0,0.0,0.0,0.0,0.0,0.0,0.0,0.0,0.0,0.0,0.0,0,0.0,0.00582905063602193,69
9369.223953368,7.110000000000709,0,1,0,0.0,0.0,0.0,0.0,0.0,0.0,0.0,0.0,0.0,0.0,0,0.0,0.005829050636172633,69
9369.234289532,7.120000000000712,0,1,0,0.0,0.0,0.0,0.0,0.0,0.0,0.0,0.0,0.0,0.0,0,0.0,0.005829050636319364,73
9369.243785392,7.130000000000716,0,1,0,0.0,0.0,0.0,0.0,0.0,0.0,0.0,0.0,0.0,0.0,0,0.0,0.005829050636462229,74
9369.253651909,7.140000000000719,0,1,0,0.0,0.0,0.0,0.0,0.0,0.0,0.0,0.0,0.0,0.0,0,0.0,0.005829050636601327,74
9369.263679347,7.1500000000007224,0,1,0,0.0,0.0,0.0,0.0,0.0,0.0,0.0,0.0,0.0,0.0,0,0.0,0.005829050636736758,74
9369.273956173,7.160000000000726,0,1,0,0.0,0.0,0.0,0.0,0.0,0.0,0.0,0.0,0.0,0.0,0,0.0,0.00582905063686862,79
9369.28404496,7.170000000000729,0,1,0,0.0,0.0,0.0,0.0,0.0,0.0,0.0,0.0,0.0,0.0,0,0.0,0.005829050636997008,79
9369.294068738,7.1800000000007325,0,1,0,0.0,0.0,0.0,0.0,0.0,0.0,0.0,0.0,0.0,0.0,0,0.0,0.00582905063712201,79
9369.303928359,7.190000000000736,0,1,0,0.0,0.0,0.0,0.0,0.0,0.0,0.0,0.0,0.0,0.0,0,0.0,0.005829050637243718,83
9369.313819488,7.200000000000739,0,1,0,0.0,0.0,0.0,0.0,0.0,0.0,0.0,0.0,0.0,0.0,0,0.0,0.00582905063736222,83
9369.323618839,7.2100000000007425,0,1,0,0.0,0.0,0.0,0.0,0.0,0.0,0.0,0.0,0.0,0.0,0,0.0,0.005829050637477599,83
9369.335977902,7.220000000000746,0,1,0,0.0,0.0,0.0,0.0,0.0,0.0,0.0,0.0,0.0,0.0,0,0.0,0.005829050637589935,85
9369.343873183,7.230000000000749,0,1,0,0.0,0.0,0.0,0.0,0.0,0.0,0.0,0.0,0.0,0.0,0,0.0,0.00582905063769931,89
9369.35412789,7.2400000000007525,0,1,0,0.0,0.0,0.0,0.0,0.0,0.0,0.0,0.0,0.0,0.0,0,0.0,0.0058290506378058035,89
9369.363868104,7.250000000000756,0,1,0,0.0,0.0,0.0,0.0,0.0,0.0,0.0,0.0,0.0,0.0,0,0.0,0.00582905063790949,89
9369.373985212,7.260000000000759,0,1,0,0.0,0.0,0.0,0.0,0.0,0.0,0.0,0.0,0.0,0.0,0,0.0,0.005829050638010442,92
9369.384083019,7.2700000000007625,0,1,0,0.0,0.0,0.0,0.0,0.0,0.0,0.0,0.0,0.0,0.0,0,0.0,0.005829050638108736,92
9369.393858697,7.280000000000766,0,1,0,0.0,0.0,0.0,0.0,0.0,0.0,0.0,0.0,0.0,0.0,0,0.0,0.005829050638204439,92
9369.403963362,7.290000000000769,0,1,0,0.0,0.0,0.0,0.0,0.0,0.0,0.0,0.0,0.0,0.0,0,0.0,0.0058290506382976184,97
9369.414086852,7.3000000000007725,0,1,0,0.0,0.0,0.0,0.0,0.0,0.0,0.0,0.0,0.0,0.0,0,0.0,0.005829050638388342,97
9369.423872184,7.310000000000776,0,1,0,0.0,0.0,0.0,0.0,0.0,0.0,0.0,0.0,0.0,0.0,0,0.0,0.005829050638476674,97
9369.433673152,7.320000000000779,0,1,0,0.0,0.0,0.0,0.0,0.0,0.0,0.0,0.0,0.0,0.0,0,0.0,0.005829050638562678,97
9369.444091966,7.330000000000783,0,1,0,0.0,0.0,0.0,0.0,0.0,0.0,0.0,0.0,0.0,0.0,0,0.0,0.005829050638646417,101
9369.453913047,7.340000000000786,0,1,0,0.0,0.0,0.0,0.0,0.0,0.0,0.0,0.0,0.0,0.0,0,0.0,0.005829050638727947,101
9369.463978904,7.350000000000789,0,1,0,0.0,0.0,0.0,0.0,0.0,0.0,0.0,0.0,0.0,0.0,0,0.0,0.005829050638807329,101
9369.473881166,7.360000000000793,0,1,0,0.0,0.0,0.0,0.0,0.0,0.0,0.0,0.0,0.0,0.0,0,0.0,0.005829050638884618,105
9369.483736776,7.370000000000796,0,1,0,0.0,0.0,0.0,0.0,0.0,0.0,0.0,0.0,0.0,0.0,0,0.0,0.00582905063895987,105
9369.493889732,7.380000000000799,0,1,0,0.0,0.0,0.0,0.0,0.0,0.0,0.0,0.0,0.0,0.0,0,0.0,0.005829050639033139,105
9369.504139758,7.390000000000803,0,1,0,0.0,0.0,0.0,0.0,0.0,0.0,0.0,0.0,0.0,0.0,0,0.0,0.005829050639104479,108
9369.513780117,7.400000000000806,0,1,0,0.0,0.0,0.0,0.0,0.0,0.0,0.0,0.0,0.0,0.0,0,0.0,0.0058290506391739366,108
9369.52366552,7.410000000000809,0,1,0,0.0,0.0,0.0,0.0,0.0,0.0,0.0,0.0,0.0,0.0,0,0.0,0.005829050639241565,108
9369.533681495,7.420000000000813,0,1,0,0.0,0.0,0.0,0.0,0.0,0.0,0.0,0.0,0.0,0.0,0,0.0,0.00582905063930741,108
9369.5437184,7.430000000000816,0,1,0,0.0,0.0,0.0,0.0,0.0,0.0,0.0,0.0,0.0,0.0,0,0.0,0.005829050639371519,111
9369.553749434,7.440000000000819,0,1,0,0.0,0.0,0.0,0.0,0.0,0.0,0.0,0.0,0.0,0.0,0,0.0,0.005829050639433939,111
9369.56388421,7.450000000000823,0,1,0,0.0,0.0,0.0,0.0,0.0,0.0,0.0,0.0,0.0,0.0,0,0.0,0.005829050639494713,111
9369.573703285,7.460000000000826,0,1,0,0.0,0.0,0.0,0.0,0.0,0.0,0.0,0.0,0.0,0.0,0,0.0,0.005829050639553885,114
9369.583775512,7.470000000000829,0,1,0,0.0,0.0,0.0,0.0,0.0,0.0,0.0,0.0,0.0,0.0,0,0.0,0.005829050639611499,114
9369.593700665,7.480000000000833,0,1,0,0.0,0.0,0.0,0.0,0.0,0.0,0.0,0.0,0.0,0.0,0,0.0,0.005829050639667594,114
9369.606082036,7.490000000000836,0,1,0,0.0,0.0,0.0,0.0,0.0,0.0,0.0,0.0,0.0,0.0,0,0.0,0.00582905063972221,115
9369.613706543,7.500000000000839,0,1,0,0.0,0.0,0.0,0.0,0.0,0.0,0.0,0.0,0.0,0.0,0,0.0,0.005829050639775386,118
9369.624181216,7.510000000000843,0,1,0,0.0,0.0,0.0,0.0,0.0,0.0,0.0,0.0,0.0,0.0,0,0.0,0.0058290506398271606,0
9369.633648596,7.520000000000846,0,1,0,0.0,0.0,0.0,0.0,0.0,0.0,0.0,0.0,0.0,0.0,0,0.0,0.005829050639877572,0
9369.643907046,7.530000000000849,0,1,0,0.0,0.0,0.0,0.0,0.0,0.0,0.0,0.0,0.0,0.0,0,0.0,0.005829050639926654,3
9369.653807477,7.540000000000853,0,1,0,0.0,0.0,0.0,0.0,0.0,0.0,0.0,0.0,0.0,0.0,0,0.0,0.005829050639974442,3
9369.663729713,7.550000000000856,0,1,0,0.0,0.0,0.0,0.0,0.0,0.0,0.0,0.0,0.0,0.0,0,0.0,0.005829050640020971,3
9369.674811682,7.560000000000859,0,1,0,0.0,0.0,0.0,0.0,0.0,0.0,0.0,0.0,0.0,0.0,0,0.0,0.005829050640066273,6
9369.683854213,7.570000000000863,0,1,0,0.0,0.0,0.0,0.0,0.0,0.0,0.0,0.0,0.0,0.0,0,0.0,0.005829050640110381,7
9369.694211628,7.580000000000866,0,1,0,0.0,0.0,0.0,0.0,0.0,0.0,0.0,0.0,0.0,0.0,0,0.0,0.005829050640153327,7
9369.703732881,7.590000000000869,0,1,0,0.0,0.0,0.0,0.0,0.0,0.0,0.0,0.0,0.0,0.0,0,0.0,0.0058290506401951405,7
9369.713842613,7.600000000000873,0,1,0,0.0,0.0,0.0,0.0,0.0,0.0,0.0,0.0,0.0,0.0,0,0.0,0.005829050640235853,10
9369.723777071,7.610000000000876,0,1,0,0.0,0.0,0.0,0.0,0.0,0.0,0.0,0.0,0.0,0.0,0,0.0,0.005829050640275492,10
9369.733714577,7.620000000000879,0,1,0,0.0,0.0,0.0,0.0,0.0,0.0,0.0,0.0,0.0,0.0,0,0.0,0.005829050640314085,10
9369.743823352,7.630000000000883,0,1,0,0.0,0.0,0.0,0.0,0.0,0.0,0.0,0.0,0.0,0.0,0,0.0,0.005829050640351662,13
9369.753842337,7.640000000000886,0,1,0,0.0,0.0,0.0,0.0,0.0,0.0,0.0,0.0,0.0,0.0,0,0.0,0.005829050640388249,13
9369.764006694,7.650000000000889,0,1,0,0.0,0.0,0.0,0.0,0.0,0.0,0.0,0.0,0.0,0.0,0,0.0,0.005829050640423871,13
9369.776516734,7.660000000000893,0,1,0,0.0,0.0,0.0,0.0,0.0,0.0,0.0,0.0,0.0,0.0,0,0.0,0.005829050640458554,14
9369.783862911,7.670000000000896,0,1,0,0.0,0.0,0.0,0.0,0.0,0.0,0.0,0.0,0.0,0.0,0,0.0,0.005829050640492323,17
9369.794010544,7.680000000000899,0,1,0,0.0,0.0,0.0,0.0,0.0,0.0,0.0,0.0,0.0,0.0,0,0.0,0.005829050640525201,17
9369.803852955,7.690000000000903,0,1,0,0.0,0.0,0.0,0.0,0.0,0.0,0.0,0.0,0.0,0.0,0,0.0,0.005829050640557214,17
9369.813868668,7.700000000000906,0,1,0,0.0,0.0,0.0,0.0,0.0,0.0,0.0,0.0,0.0,0.0,0,0.0,0.005829050640588384,21
9369.826026769,7.7100000000009095,0,1,0,0.0,0.0,0.0,0.0,0.0,0.0,0.0,0.0,0.0,0.0,0,0.0,0.005829050640618731,26
9369.834459042,7.720000000000913,0,1,0,0.0,0.0,0.0,0.0,0.0,0.0,0.0,0.0,0.0,0.0,0,0.0,0.00582905064064828,36
9369.845976274,7.730000000000916,0,1,0,0.0,0.0,0.0,0.0,0.0,0.0,0.0,0.0,0.0,0.0,0,0.0,0.005829050640677048,42
9369.855157623,7.7400000000009195,0,1,0,0.0,0.0,0.0,0.0,0.0,0.0,0.0,0.0,0.0,0.0,0,0.0,0.005829050640705059,47
9369.865281609,7.750000000000923,0,1,0,0.0,0.0,0.0,0.0,0.0,0.0,0.0,0.0,0.0,0.0,0,0.0,0.0058290506407323315,57
9369.882366202,7.760000000000926,0,1,0,0.0,0.0,0.0,0.0,0.0,0.0,0.0,0.0,0.0,0.0,0,0.0,0.005829050640758885,67
9369.892718346,7.7700000000009295,0,1,0,0.0,0.0,0.0,0.0,0.0,0.0,0.0,0.0,0.0,0.0,0,0.0,0.005829050640784741,77
9369.901124813,7.780000000000933,0,1,0,0.0,0.0,0.0,0.0,0.0,0.0,0.0,0.0,0.0,0.0,0,0.0,0.0058290506408099135,85
9369.917080775,7.790000000000936,0,1,0,0.0,0.0,0.0,0.0,0.0,0.0,0.0,0.0,0.0,0.0,0,0.0,0.0058290506408344225,88
9369.926198793,7.8000000000009395,0,1,0,0.0,0.0,0.0,0.0,0.0,0.0,0.0,0.0,0.0,0.0,0,0.0,0.005829050640858285,89
9369.936424251,7.810000000000943,0,1,0,0.0,0.0,0.0,0.0,0.0,0.0,0.0,0.0,0.0,0.0,0,0.0,0.00582905064088152,89
9369.955084064,7.820000000000946,0,1,0,0.0,0.0,0.0,0.0,0.0,0.0,0.0,0.0,0.0,0.0,0,0.0,0.005829050640904145,94
9369.964612064,7.8300000000009495,0,1,0,0.0,0.0,0.0,0.0,0.0,0.0,0.0,0.0,0.0,0.0,0,0.0,0.00582905064092617,99
9369.974416009,7.840000000000953,0,1,0,0.0,0.0,0.0,0.0,0.0,0.0,0.0,0.0,0.0,0.0,0,0.0,0.005829050640947615,102
9369.984149841,7.850000000000956,0,1,0,0.0,0.0,0.0,0.0,0.0,0.0,0.0,0.0,0.0,0.0,0,0.0,0.005829050640968494,109
9369.993624342,7.8600000000009596,0,1,0,0.0,0.0,0.0,0.0,0.0,0.0,0.0,0.0,0.0,0.0,0,0.0,0.005829050640988823,110
9370.003960353,7.870000000000963,0,1,0,0.0,0.0,0.0,0.0,0.0,0.0,0.0,0.0,0.0,0.0,0,0.0,0.005829050641008617,110
9370.013963899,7.880000000000966,0,1,0,0.0,0.0,0.0,0.0,0.0,0.0,0.0,0.0,0.0,0.0,0,0.0,0.00582905064102789,113
9370.023982852,7.89000000000097,0,1,0,0.0,0.0,0.0,0.0,0.0,0.0,0.0,0.0,0.0,0.0,0,0.0,0.005829050641046654,113
9370.033817807,7.900000000000973,0,1,0,0.0,0.0,0.0,0.0,0.0,0.0,0.0,0.0,0.0,0.0,0,0.0,0.005829050641064923,113
9370.043807651,7.910000000000976,0,1,0,0.0,0.0,0.0,0.0,0.0,0.0,0.0,0.0,0.0,0.0,0,0.0,0.005829050641082712,113
9370.054192141,7.92000000000098,0,1,0,0.0,0.0,0.0,0.0,0.0,0.0,0.0,0.0,0.0,0.0,0,0.0,0.00582905064110003,117
9370.06415184,7.930000000000983,0,1,0,0.0,0.0,0.0,0.0,0.0,0.0,0.0,0.0,0.0,0.0,0,0.0,0.005829050641116893,117
9370.073919074,7.940000000000986,0,1,0,0.0,0.0,0.0,0.0,0.0,0.0,0.0,0.0,0.0,0.0,0,0.0,0.00582905064113331,117
9370.08375113,7.95000000000099,0,1,0,0.0,0.0,0.0,0.0,0.0,0.0,0.0,0.0,0.0,0.0,0,0.0,0.005829050641149296,121
9370.093694901,7.960000000000993,0,1,0,0.0,0.0,0.0,0.0,0.0,0.0,0.0,0.0,0.0,0.0,0,0.0,0.00582905064116486,121
9370.103799109,7.970000000000996,0,1,0,0.0,0.0,0.0,0.0,0.0,0.0,0.0,0.0,0.0,0.0,0,0.0,0.005829050641180013,121
9370.11460909,7.980000000001,0,1,0,0.0,0.0,0.0,0.0,0.0,0.0,0.0,0.0,0.0,0.0,0,0.0,0.005829050641194768,123
9370.123894294,7.990000000001003,0,1,0,0.0,0.0,0.0,0.0,0.0,0.0,0.0,0.0,0.0,0.0,0,0.0,0.005829050641209133,124
9370.133632439,8.000000000001005,0,1,0,0.0,0.0,0.0,0.0,0.0,0.0,0.0,0.0,0.0,0.0,0,0.0,0.00582905064122312,124
9370.143531846,8.010000000001,0,1,0,0.0,0.0,0.0,0.0,0.0,0.0,0.0,0.0,0.0,0.0,0,0.0,0.005829050641236739,124
9370.15404034,8.020000000000994,0,1,0,0.0,0.0,0.0,0.0,0.0,0.0,0.0,0.0,0.0,0.0,0,0.0,0.005829050641249999,128
9370.163835817,8.030000000000989,0,1,0,0.0,0.0,0.0,0.0,0.0,0.0,0.0,0.0,0.0,0.0,0,0.0,0.005829050641262907,128
9370.174042795,8.040000000000983,0,1,0,0.0,0.0,0.0,0.0,0.0,0.0,0.0,0.0,0.0,0.0,0,0.0,0.005829050641275478,128
9370.184099303,8.050000000000978,0,1,0,0.0,0.0,0.0,0.0,0.0,0.0,0.0,0.0,0.0,0.0,0,0.0,0.005829050641287716,132
9370.193999097,8.060000000000972,0,1,0,0.0,0.0,0.0,0.0,0.0,0.0,0.0,0.0,0.0,0.0,0,0.0,0.005829050641299632,132
9370.203956563,8.070000000000967,0,1,0,0.0,0.0,0.0,0.0,0.0,0.0,0.0,0.0,0.0,0.0,0,0.0,0.005829050641311235,132
9370.214404165,8.080000000000961,0,1,0,0.0,0.0,0.0,0.0,0.0,0.0,0.0,0.0,0.0,0.0,0,0.0,0.005829050641322532,132
9370.22412163,8.090000000000956,0,1,0,0.0,0.0,0.0,0.0,0.0,0.0,0.0,0.0,0.0,0.0,0,0.0,0.00582905064133353,136
9370.234061796,8.10000000000095,0,1,0,0.0,0.0,0.0,0.0,0.0,0.0,0.0,0.0,0.0,0.0,0,0.0,0.0058290506413442396,136
9370.243786727,8.110000000000944,0,1,0,0.0,0.0,0.0,0.0,0.0,0.0,0.0,0.0,0.0,0.0,0,0.0,0.005829050641354666,136
9370.253892845,8.120000000000939,0,1,0,0.0,0.0,0.0,0.0,0.0,0.0,0.0,0.0,0.0,0.0,0,0.0,0.005829050641364818,139
9370.26377784,8.130000000000933,0,1,0,0.0,0.0,0.0,0.0,0.0,0.0,0.0,0.0,0.0,0.0,0,0.0,0.005829050641374701,139
9370.274079045,8.140000000000928,0,1,0,0.0,0.0,0.0,0.0,0.0,0.0,0.0,0.0,0.0,0.0,0,0.0,0.005829050641384325,139
9370.28530365,8.150000000000922,0,1,0,0.0,0.0,0.0,0.0,0.0,0.0,0.0,0.0,0.0,0.0,0,0.0,0.005829050641393694,140
9370.293827536,8.160000000000917,0,1,0,0.0,0.0,0.0,0.0,0.0,0.0,0.0,0.0,0.0,0.0,0,0.0,0.005829050641402817,142
9370.303930744,8.170000000000911,0,1,0,0.0,0.0,0.0,0.0,0.0,0.0,0.0,0.0,0.0,0.0,0,0.0,0.0058290506414116995,142
9370.313888842,8.180000000000906,0,1,0,0.0,0.0,0.0,0.0,0.0,0.0,0.0,0.0,0.0,0.0,0,0.0,0.005829050641420347,142
9370.326712923,8.1900000000009,0,1,0,0.0,0.0,0.0,0.0,0.0,0.0,0.0,0.0,0.0,0.0,0,0.0,0.005829050641428767,149
9370.334494655,8.200000000000895,0,1,0,0.0,0.0,0.0,0.0,0.0,0.0,0.0,0.0,0.0,0.0,0,0.0,0.005829050641436966,155
9370.344046005,8.210000000000889,0,1,0,0.0,0.0,0.0,0.0,0.0,0.0,0.0,0.0,0.0,0.0,0,0.0,0.005829050641444947,158
9370.354155542,8.220000000000883,0,1,0,0.0,0.0,0.0,0.0,0.0,0.0,0.0,0.0,0.0,0.0,0,0.0,0.005829050641452719,161
9370.363664312,8.230000000000878,0,1,0,0.0,0.0,0.0,0.0,0.0,0.0,0.0,0.0,0.0,0.0,0,0.0,0.0058290506414602865,161
9370.373689572,8.240000000000872,0,1,0,0.0,0.0,0.0,0.0,0.0,0.0,0.0,0.0,0.0,0.0,0,0.0,0.005829050641467655,161
9370.383904138,8.250000000000867,0,1,0,0.0,0.0,0.0,0.0,0.0,0.0,0.0,0.0,0.0,0.0,0,0.0,0.005829050641474829,161
9370.393775254,8.260000000000861,0,1,0,0.0,0.0,0.0,0.0,0.0,0.0,0.0,0.0,0.0,0.0,0,0.0,0.0058290506414818135,165
9370.403872491,8.270000000000856,0,1,0,0.0,0.0,0.0,0.0,0.0,0.0,0.0,0.0,0.0,0.0,0,0.0,0.005829050641488614,165
9370.413990015,8.28000000000085,0,1,0,0.0,0.0,0.0,0.0,0.0,0.0,0.0,0.0,0.0,0.0,0,0.0,0.005829050641495233,165
9370.423917425,8.290000000000845,0,1,0,0.0,0.0,0.0,0.0,0.0,0.0,0.0,0.0,0.0,0.0,0,0.0,0.005829050641501678,169
9370.434247875,8.30000000000084,0,1,0,0.0,0.0,0.0,0.0,0.0,0.0,0.0,0.0,0.0,0.0,0,0.0,0.005829050641507955,170
9370.444184592,8.310000000000834,0,1,0,0.0,0.0,0.0,0.0,0.0,0.0,0.0,0.0,0.0,0.0,0,0.0,0.005829050641514066,171
9370.454479014,8.320000000000828,0,1,0,0.0,0.0,0.0,0.0,0.0,0.0,0.0,0.0,0.0,0.0,0,0.0,0.0058290506415200165,173
9370.463617365,8.330000000000823,0,1,0,0.0,0.0,0.0,0.0,0.0,0.0,0.0,0.0,0.0,0.0,0,0.0,0.00582905064152581,174
9370.474148861,8.340000000000817,0,1,0,0.0,0.0,0.0,0.0,0.0,0.0,0.0,0.0,0.0,0.0,0,0.0,0.00582905064153145,174
9370.484063568,8.350000000000811,0,1,0,0.0,0.0,0.0,0.0,0.0,0.0,0.0,0.0,0.0,0.0,0,0.0,0.005829050641536942,174
9370.493890068,8.360000000000806,0,1,0,0.0,0.0,0.0,0.0,0.0,0.0,0.0,0.0,0.0,0.0,0,0.0,0.0058290506415422895,178
9370.50380711,8.3700000000008,0,1,0,0.0,0.0,0.0,0.0,0.0,0.0,0.0,0.0,0.0,0.0,0,0.0,0.005829050641547496,178
9370.513824657,8.380000000000795,0,1,0,0.0,0.0,0.0,0.0,0.0,0.0,0.0,0.0,0.0,0.0,0,0.0,0.005829050641552564,178
9370.523852576,8.39000000000079,0,1,0,0.0,0.0,0.0,0.0,0.0,0.0,0.0,0.0,0.0,0.0,0,0.0,0.0058290506415574995,181
9370.533850469,8.400000000000784,0,1,0,0.0,0.0,0.0,0.0,0.0,0.0,0.0,0.0,0.0,0.0,0,0.0,0.005829050641562305,181
9370.543558889,8.410000000000778,0,1,0,0.0,0.0,0.0,0.0,0.0,0.0,0.0,0.0,0.0,0.0,0,0.0,0.005829050641566983,181
9370.553988024,8.420000000000773,0,1,0,0.0,0.0,0.0,0.0,0.0,0.0,0.0,0.0,0.0,0.0,0,0.0,0.005829050641571539,182
9370.563727342,8.430000000000767,0,1,0,0.0,0.0,0.0,0.0,0.0,0.0,0.0,0.0,0.0,0.0,0,0.0,0.005829050641575974,186
9370.573561693,8.440000000000762,0,1,0,0.0,0.0,0.0,0.0,0.0,0.0,0.0,0.0,0.0,0.0,0,0.0,0.005829050641580294,186
9370.584040515,8.450000000000756,0,1,0,0.0,0.0,0.0,0.0,0.0,0.0,0.0,0.0,0.0,0.0,0,0.0,0.005829050641584499,186
9370.593943988,8.46000000000075,0,1,0,0.0,0.0,0.0,0.0,0.0,0.0,0.0,0.0,0.0,0.0,0,0.0,0.005829050641588593,189
9370.604269705,8.470000000000745,0,1,0,0.0,0.0,0.0,0.0,0.0,0.0,0.0,0.0,0.0,0.0,0,0.0,0.005829050641592578,189
9370.61355939,8.48000000000074,0,1,0,0.0,0.0,0.0,0.0,0.0,0.0,0.0,0.0,0.0,0.0,0,0.0,0.005829050641596459,190
9370.625269992,8.490000000000734,0,1,0,0.0,0.0,0.0,0.0,0.0,0.0,0.0,0.0,0.0,0.0,0,0.0,0.005829050641600238,1
9370.634169418,8.500000000000728,0,1,0,0.0,0.0,0.0,0.0,0.0,0.0,0.0,0.0,0.0,0.0,0,0.0,0.005829050641603916,3
9370.643986053,8.510000000000723,0,1,0,0.0,0.0,0.0,0.0,0.0,0.0,0.0,0.0,0.0,0.0,0,0.0,0.005829050641607499,3
9370.654256684,8.520000000000717,0,1,0,0.0,0.0,0.0,0.0,0.0,0.0,0.0,0.0,0.0,0.0,0,0.0,0.005829050641610986,3
9370.663917019,8.530000000000712,0,1,0,0.0,0.0,0.0,0.0,0.0,0.0,0.0,0.0,0.0,0.0,0,0.0,0.005829050641614382,6
9370.673570925,8.540000000000706,0,1,0,0.0,0.0,0.0,0.0,0.0,0.0,0.0,0.0,0.0,0.0,0,0.0,0.005829050641617691,6
9370.683932214,8.5500000000007,0,1,0,0.0,0.0,0.0,0.0,0.0,0.0,0.0,0.0,0.0,0.0,0,0.0,0.005829050641620913,6
9370.694256774,8.560000000000695,0,1,0,0.0,0.0,0.0,0.0,0.0,0.0,0.0,0.0,0.0,0.0,0,0.0,0.005829050641624049,10
9370.703720177,8.57000000000069,0,1,0,0.0,0.0,0.0,0.0,0.0,0.0,0.0,0.0,0.0,0.0,0,0.0,0.005829050641627099,11
9370.713753948,8.580000000000684,0,1,0,0.0,0.0,0.0,0.0,0.0,0.0,0.0,0.0,0.0,0.0,0,0.0,0.00582905064163007,11
9370.723757002,8.590000000000678,0,1,0,0.0,0.0,0.0,0.0,0.0,0.0,0.0,0.0,0.0,0.0,0,0.0,0.0058290506416329635,11
9370.733930629,8.600000000000673,1,1,1,0.0,0.0,0.0,0.0,6.055829874786627,0.6941651265603948,0.0,0.0,0.061240110373445795,0.061240110373445795,0,13.371743313297355,0.006010545637239639,16
9370.744666364,8.610000000000667,1,1,1,0.19357977868585488,0.05807393360575852,0.0016820883853127095,0.05642650485405082,6.0328471104184285,0.6928970837250391,0.0,0.0039551337152439,0.06447027264465557,0.06447027264465557,0,13.371793159865627,0.00636879324470474,16
9370.753975569,8.620000000000662,1,1,1,0.2553902090308212,0.07661706270924507,0.003975533082363045,0.07268373650571636,6.090013182850763,0.6903461778038239,0.0,0.0050946607015128955,0.06807899168549186,0.06807899168549186,0,13.37204887872477,0.006973498907512976,18
9370.763936794,8.630000000000656,1,1,1,0.3222273686291862,0.09666821058875653,0.007368483523789726,0.08931575040769715,6.02407539696897,0.6844455705513683,0.0,0.006260457504031109,0.06748238342598113,0.06748238342598113,0,13.372538977786538,0.007530898383509621,23
9370.774148741,8.64000000000065,1,1,1,0.3222273686291862,0.09666821058875653,0.010871890927728825,0.08580674656536005,5.913114749438681,0.6753143756141365,0.0,0.006014498987911045,0.06618687783733418,0.06618687783733418,0,13.373252243017093,0.008024199167521617,23
9370.784141521,8.650000000000645,1,1,1,0.3222273686291862,0.09666821058875653,0.014240253612034508,0.08243560315537728,5.765656952173122,0.6631319028513348,0.0,0.005778203598107296,0.06448009165064092,0.06448009165064092,0,13.374166993769443,0.008453496949496486,23
9370.795607252,8.66000000000064,1,1,1,0.4006122990348557,0.12018368971045656,0.018065523836041354,0.10256645242650404,5.679550512812818,0.6488463307256785,0.0,0.0071892461724200095,0.06641517719507764,0.06641517719507764,0,13.375268045919208,0.008860466351002572,25
9370.804286536,8.670000000000634,1,1,1,0.4006122990348557,0.12018368971045656,0.021998929333814053,0.09853685995243565,5.47095391937605,0.63156825653493,0.0,0.0069067977540020935,0.0639943844183028,0.0639943844183028,0,13.376551101182015,0.009203437170219653,30
9370.814065228,8.680000000000629,1,1,1,0.4006122990348557,0.12018368971045656,0.025805770425689017,0.09466558060242634,5.237971064788399,0.6122007261666276,0.0,0.006635446063551758,0.061280931893348156,0.061280931893348156,0,13.377989869080277,0.009486343125211683,32
9370.823901003,8.690000000000623,1,1,1,0.25135904591368563,0.07540771377410571,0.028620402807274258,0.05192722812649398,4.970524241214613,0.5911717437940054,0.1,0.00398972651084486,0.05778874617701523,0.05778874617701523,0,13.379558539747656,0.009709744000054421,32
9370.834279792,8.700000000000617,1,1,1,0.25135904591368563,0.07540771377410571,0.030142551609274006,0.04988713058282566,4.699220146429563,0.5693598222195467,0.0,0.0034967657953521004,0.05453141855861322,0.05453141855861322,0,13.381230595087285,0.009876797003147697,37
9370.844250575,8.710000000000612,1,1,1,0.23548096530512058,0.0706442895915361,0.03131479311511666,0.05185124308547739,4.414651828368143,0.5463951550468966,0.0,0.003634437401982035,0.05093552789200287,0.05093552789200287,0,13.382981699811623,0.009993154023453243,38
9370.853885499,8.720000000000606,1,1,1,0.2557385521649778,0.07672156564949312,0.03196690835831323,0.06549732890852217,4.129830269237638,0.5225624808541196,0.1,0.004590939922551703,0.04650963889726997,0.04650963889726997,0,13.384786952411488,0.010053178983386424,38
9370.865550614,8.7300000000006,1,1,1,0.2128534267841582,0.06385602803524577,0.03190570115562086,0.07085109379396955,3.6144288705885907,0.4982248514852544,0.1,0.0049662042784900905,0.033752646040747215,0.033752646040747215,0,13.38661618399434,0.010043920144866547,42
9370.874320478,8.740000000000595,1,1,1,0.25968994517328287,0.07790698355198322,0.031182446567889408,0.07575793111797295,3.5651363946399757,0.4739109577525836,0.0,0.0053101418976212456,0.03713469110790298,0.03713469110790298,0,13.388422773085328,0.009974903856750261,45
9370.884282692,8.75000000000059,1,1,1,0.3168940690296607,0.09506822070889756,0.03058059572141462,0.09979978188954056,3.28433673267997,0.45002338738244774,0.02584031672261594,0.006995320428693358,0.0332273439000302,0.0332273439000302,0,13.390200445440096,0.009923501428482862,46
9370.89424279,8.760000000000584,1,1,1,0.40011077168243436,0.12003323150473302,0.030095867704340255,0.1173994995894687,3.0088208105034857,0.4259697255162532,0.0,0.00822894702020057,0.029559322600945313,0.029559322600945313,0,13.391953313679442,0.009822037263212513,48
9370.90405596,8.770000000000579,1,1,1,0.500606672584909,0.15018200177547472,0.030878206653890728,0.1400620384685176,2.7428720530090485,0.40162295978122603,0.0,0.009817444692090614,0.02597116591549721,0.02597116591549721,0,13.393656153880894,0.009693873012152299,55
9370.914277341,8.780000000000573,1,1,1,0.5608354749086923,0.16825064247261146,0.03232115306039649,0.15684574768139606,2.23100700379992,0.37735813222573844,0.0,0.010993874356596888,0.01714318722434307,0.01714318722434307,0,13.395297875481006,0.009511709124370604,55
9370.924647141,8.790000000000568,1,1,1,0.6098991534539038,0.18296974603617167,0.035564658943301096,0.159502163772298,2.224528410888093,0.35371111443153275,0.0,0.011180071975428743,0.01929026762288801,0.01929026762288801,0,13.396850860191098,0.009335974942356273,57
9370.934704534,8.800000000000562,1,1,1,0.6098991534539038,0.18296974603617167,0.03948989466869664,0.15352754200941982,1.9709365628214388,0.3307643582622007,0.0,0.010761289560475487,0.016228339996193504,0.016228339996193504,0,13.398330857218715,0.00916495121709171,64
9370.944320853,8.810000000000556,1,1,1,0.5327802005506848,0.15983406016520424,0.04358799603957702,0.12313118949816415,1.6159801695842786,0.3087073546565452,0.0,0.008630701480481768,0.016250521269046643,0.016250521269046643,0,13.399739164274195,0.008984328663124597,66
9370.954118308,8.820000000000551,1,1,1,0.6098991534539038,0.18296974603617167,0.0481025637397605,0.14217984677013895,1.5042580537951262,0.28769990422448694,0.0,0.009965889382008009,0.010490003190086295,0.010490003190086295,0,13.401078888587644,0.008784024144246727,67
9370.967033775,8.830000000000545,1,1,1,0.5357944964478601,0.16073834893435496,0.05236141399246285,0.11294561995436568,1.2440568847845284,0.2677126343035907,0.0,0.007916758810882938,0.008199197278506595,0.008199197278506595,0,13.402338105115039,0.008582756693513494,69
9370.974700516,8.84000000000054,1,1,1,0.5357944964478601,0.16073834893435496,0.055877759978802004,0.1090782844857811,1.046401003868141,0.24861142574823705,0.0,0.007645683561060005,0.007066268759094396,0.007066268759094396,0,13.403524949318944,0.008386211389509013,74
9370.984320097,8.850000000000534,1,1,1,0.4665018696659909,0.1399505608997953,0.05944944172554875,0.08230115085566199,0.8090642147859309,0.23070624509540602,0.0,0.005768779359886762,0.005769193480203789,0.005769193480203789,0,13.404635836109204,0.008169165164902514,75
9370.994528042,8.860000000000529,1,1,1,0.4594831902844908,0.13784495708534625,0.06236300980017353,0.07721232190083593,0.4907402245385203,0.2134141264882252,0.0,0.005412085302326414,0.006083017321300917,0.006083017321300917,0,13.405658697036733,0.007974516207948978,76
9371.004067425,8.870000000000523,1,1,1,0.46431382701669865,0.1392941481050107,0.06514339129884993,0.07585992390563716,0.4183035257526843,0.19719796149331723,0.09962133641496634,0.0053172909335973545,0.006790159126863767,0.006790159126863767,0,13.406607612118991,0.007777519732741434,83
9371.014239786,8.880000000000518,1,1,1,0.49446642929534573,0.14833992878860372,0.06799912902242815,0.08818920634558573,0.2031848059161667,0.18194540623626598,0.0,0.006181494037956412,0.007715257495984775,0.007715257495984775,0,13.407475507597313,0.0075664308876406405,85
9371.024042804,8.890000000000512,1,1,1,0.47057531625216076,0.14117259487564782,0.07037757248324476,0.08529794553195418,0.052691921029009686,0.16769231660828468,0.0,0.0059788353201582056,0.008548593982297204,0.008548593982297204,0,13.408252162725285,0.007362205436737046,87
9371.034920432,8.900000000000507,1,1,1,0.6348587938493823,0.19045763815481456,0.07239667329756047,0.14684433816289194,0.36789783661401576,0.15386038193794824,0.1,0.010292840115881203,0.00938409926693272,0.00938409926693272,0,13.40894589991354,0.00717868531142285,92
9371.044316034,8.910000000000501,1,1,1,0.6348587938493823,0.19045763815481456,0.07514385369096185,0.14107517265192215,0.37715440245725357,0.14110034030683383,0.0,0.009888458857813198,0.009751364496600185,0.009751364496600185,0,13.409569103751782,0.0069919283691426415,95
9371.054014312,8.920000000000496,1,1,1,0.7350286803573081,0.22050860410719228,0.07846174205837304,0.16972160846373888,0.5514615305541667,0.12941232619204537,0.0,0.011896389074188298,0.010153466416666385,0.010153466416666385,0,13.410119380057465,0.006815293419258905,96
9371.064413472,8.93000000000049,1,1,1,0.9237093428741399,0.2771128028622406,0.08251728796645738,0.21982000215776798,0.7363594627718509,0.11880420880385346,0.07338853996768054,0.015407963049775535,0.010396198165951845,0.010396198165951845,0,13.410607489432056,0.006666754986107026,98
9371.073861484,8.940000000000484,1,1,1,1.0333561773955917,0.3100068532186783,0.08786243894971378,0.24710085588233452,0.9519244291193801,0.11004770172593963,0.1,0.01645708211985702,0.012646836149206333,0.012646836149206333,0,13.41104591536479,0.006517372367131212,103
9371.084207485,8.950000000000479,1,1,1,1.0333561773955917,0.3100068532186783,0.09427413277509636,0.23739284974928762,0.9369579056004378,0.10372358981843596,0.0,0.01663970622014986,0.010557889610611354,0.010557889610611354,0,13.411411390385664,0.00643298922076134,103
9371.093999445,8.960000000000473,1,1,1,1.1577860245189855,0.34733580735569597,0.10180371999230052,0.2644391359813543,1.0404554446122325,0.10004456101829245,0.1,0.018535476281138996,0.01064684219928309,0.01064684219928309,0,13.411727335634346,0.006345688674631299,103
9371.104284739,8.970000000000468,1,1,1,1.2548185883274658,0.3764455764982409,0.11022912490609643,0.2867122364572976,1.3688110442568566,0.09909646812600999,0.0,0.020096676835085862,0.013703846448142674,0.013703846448142674,0,13.412011755790871,0.006247235724506533,109
9371.114180078,8.980000000000462,1,1,1,1.3714190987894772,0.4114257296368431,0.11981700349143197,0.31153814705448063,1.2929131079718907,0.10103879989898318,0.1,0.021637899163928335,0.012601227497662789,0.012601227497662789,0,13.412286111520682,0.0061619089888603346,111
9371.124649915,8.990000000000457,1,1,1,1.4558155371518953,0.4367446611455678,0.1304645467694793,0.32186621639424035,1.3340380493617385,0.1054048378042918,0.1,0.022560743883598564,0.012462179900552638,0.012462179900552638,0,13.412565706026651,0.006083935332024851,111
9371.135172619,9.000000000000451,1,1,1,1.5429340759501664,0.462880222785049,0.14176748491049254,0.33169467174234674,1.3257005103469008,0.11215655996394311,0.0,0.023249655153516936,0.012195495274570567,0.012195495274570567,0,13.412848398302433,0.006008717131481984,114
9371.144168408,9.010000000000446,1,1,1,1.622576084703698,0.4867728254111088,0.15396447033572241,0.340885101953148,1.3393417117918385,0.12092293454621121,0.0,0.023893844980236854,0.011894904828742994,0.011894904828742994,0,13.413127318157988,0.005928577113738765,118
9371.154666241,9.02000000000044,1,1,1,1.8165498959637854,0.5449649687891357,0.16748083959538937,0.38484470052378383,1.4565438331194691,0.1319315563955408,0.0,0.026975129048158842,0.01296619908062672,0.01296619908062672,0,13.41340190402101,0.005844719618178838,118
9371.163908883,9.030000000000435,1,1,1,1.8463595130796777,0.5539078539239034,0.18179747653407818,0.3809309690633504,1.7053953192482916,0.14442824450201336,0.0,0.026700801738827717,0.015367083332870816,0.015367083332870816,0,13.413672074388026,0.0057554767324408205,119
9371.174404973,9.040000000000429,1,1,1,1.8969300861465812,0.569079025843974,0.19624049295351717,0.3777012449115856,1.4353647587447809,0.15752582719668085,0.0,0.026474418926058715,0.011802126030468749,0.011802126030468749,0,13.41393955636855,0.005670646348132191,124
9371.184031467,9.050000000000423,1,1,1,1.9062889751192749,0.571886692535782,0.21081503963591838,0.3643456575303433,1.558525679853258,0.17120535237990694,0.10000000000000002,0.02553827847087607,0.013102768016590582,0.013102768016590582,0,13.414203138679115,0.00567164298631706,125
9371.194467536,9.060000000000418,1,1,1,2.0155983019285935,0.6046794905785772,0.22565818619377984,0.38087984076144366,1.3712671476831237,0.18531079023225722,0.09999999999999999,0.026810492615340114,0.01259518597107842,0.01259518597107842,0,13.414466588805533,0.0056979705663622315,125
9371.205368362,9.070000000000412,1,1,1,2.097134690349326,0.6291404071047985,0.24084260098180943,0.3940350400255632,1.6798573181089107,0.1997549235266194,0.0,0.027619312516762046,0.017647857064302212,0.017647857064302212,0,13.414743407074464,0.005798615451650724,130
9371.214141597,9.080000000000407,1,1,1,2.1950128384092045,0.6585038515227599,0.2565742191126352,0.40681155830909743,1.670047497967114,0.21442719061683121,0.0,0.02851486396651668,0.019349605780152372,0.019349605780152372,0,13.415078487590774,0.005952310450533904,133
9371.223926192,9.090000000000401,1,1,1,2.1930599024532076,0.6579179707359611,0.27230828820172853,0.3898931012152277,1.6009297832990925,0.22870859108461708,0.1,0.02769543852421459,0.024688683096205973,0.024688683096205973,0,13.415542208437142,0.0061595531604006215,134
9371.233878264,9.100000000000396,1,1,1,2.3606331459269527,0.708189943778085,0.2883821723382187,0.42912539594662946,1.6149458306806872,0.24292449218692724,0.10000000000000003,0.03007891993250221,0.03310351402957953,0.03310351402957953,0,13.416192446606162,0.006364977063158639,135
9371.244146517,9.11000000000039,1,1,1,2.459514450879554,0.7378543352638655,0.30498292230788093,0.44788732449430224,1.7958293466156516,0.2574230682737717,0.0,0.031394010001501244,0.04217096548958708,0.04217096548958708,0,13.41706217044292,0.006692643202952153,141
9371.254084354,9.120000000000385,1,1,1,2.588863420288546,0.7766590260865631,0.3221476962610518,0.47199068836385377,1.6534937992180343,0.27218364240505744,0.0,0.03308350020362952,0.04649373736751825,0.04649373736751825,0,13.4182214586175,0.0070473678873406165,141
9371.264188451,9.13000000000038,1,1,1,2.797560506505102,0.8392681519515282,0.34033054300495924,0.5187032989052823,2.0914093240208023,0.2877366201532558,0.0,0.03635775263796573,0.056508604220832495,0.056508604220832495,0,13.419678751315898,0.007440411844471528,141
9371.274185579,9.140000000000374,1,1,1,2.8441719663082514,0.8532515898924755,0.35910166061782084,0.5154190044140013,2.104376265608577,0.30359524452994385,0.0,0.03612754479668869,0.05915006378917088,0.05915006378917088,0,13.421464907880665,0.0078436746277184,147
9371.284185165,9.150000000000368,1,1,1,3.005869946682468,0.9017609840047383,0.37864228209231304,0.5461075492477045,2.234361879470926,0.3198036787543144,0.0,0.03827861367216678,0.06549366567984845,0.06549366567984845,0,13.423582920447398,0.0082624877904518,148
9371.294113181,9.160000000000363,1,1,1,3.170925699112874,0.9512777097338612,0.39908173390167817,0.5765221925429499,2.369196553494158,0.3364768735050535,0.0,0.04041048381803677,0.07151238455916642,0.07151238455916642,0,13.426045138755084,0.00870746700735725,148
9371.306281339,9.170000000000357,1,1,1,3.413724010884647,1.024117203265393,0.42059058562572954,0.6318007902491384,2.730296171276527,0.35364898424080154,0.1,0.04428515665280952,0.0828473427491088,0.0828473427491088,0,13.428849151840518,0.009183452268790138,150
9371.313999394,9.180000000000351,1,1,1,3.5847215430543438,1.0754164629163026,0.44334152158779494,0.6677224245456305,2.846923960664186,0.3714818943893659,0.1,0.046474623905576315,0.08975595643526108,0.08975595643526108,0,13.432023227245086,0.009711661818954331,155
9371.324167873,9.190000000000346,1,1,1,3.7955179842899454,1.1386553952869827,0.4674601464245678,0.7111214589747361,3.21429370357344,0.390098260223464,0.09999999999999999,0.04964674625022251,0.10043278558879873,0.10043278558879873,0,13.43560123983426,0.010246699905877232,155
9371.334049197,9.20000000000034,1,1,1,3.9977848442624135,1.1993354532787237,0.49288534764538566,0.7437331994445187,3.4140779738094555,0.40937318724934535,0.09999999999999999,0.05213089593051615,0.10732535082725791,0.10732535082725791,0,13.439593505660929,0.010830077564485174,155
9371.344207063,9.210000000000335,1,1,1,4.037027052288536,1.2111081156865606,0.5189318883774918,0.7304457290594398,3.3825138631819427,0.4286890813257579,0.0,0.05119953003701861,0.10873235149167222,0.10873235149167222,0,13.44403162098448,0.011398387503512408,161
9371.354055785,9.22000000000033,1,1,1,4.414160104669894,1.3242480314009664,0.5464945253866637,0.8237410866853156,3.8335296225446753,0.44880381902115973,0.045696276408241185,0.057738932315722045,0.12186084124609121,0.12186084124609121,0,13.448916245600028,0.011982834559616906,161
9371.36399023,9.230000000000324,1,1,1,4.617447821805217,1.3852343465415635,0.5757202196741051,0.8598693199364308,4.051906509936498,0.46974365124446643,0.04099111548802618,0.06027128823202902,0.12890343488379333,0.12890343488379333,0,13.45425352223759,0.012581822615206129,161
9371.374788427,9.240000000000318,1,1,1,4.815447320725305,1.4446341962175906,0.60526202515874,0.8852406591738471,4.086753396694396,0.490285302731,0.1,0.061406173627315604,0.13182850929251946,0.13182850929251946,0,13.460039949435377,0.013173748445556965,165
9371.383877295,9.250000000000313,1,1,1,5.096179169124621,1.528853750737385,0.6369560095789717,0.944360399982879,4.554054951147637,0.5121433958021306,0.1,0.06619356749056952,0.14368785343819598,0.14368785343819598,0,13.466292444394739,0.01379604497071063,167
9371.393752635,9.260000000000307,1,1,1,5.179211582179499,1.553763474653848,0.6684734535315472,0.9451690189858787,4.439295465909387,0.5329667844514828,0.10000000000000002,0.0647990321409178,0.14214444918867217,0.14214444918867217,0,13.473023594148872,0.014386618975980259,167
9371.404408067,9.270000000000302,1,1,1,5.2871887255552945,1.5861566176665869,0.70102899714176,0.9498399256564017,4.581531093147201,0.5537567549065311,0.1,0.06675216487835006,0.14575818174676772,0.14575818174676772,0,13.480208558949988,0.014961691323295057,168
9371.41391486,9.280000000000296,1,1,1,5.513028367231883,1.6539085101695625,0.7338438946457104,0.986449260004664,4.785095520492526,0.5737019165737307,0.1,0.06914372486322497,0.15366063514540196,0.15366063514540196,0,13.487826437770899,0.015533789925493702,173
9371.423954317,9.29000000000029,1,1,1,5.691577778013631,1.7074733334040886,0.7670433170552433,1.0160994261618252,4.7594738985385785,0.5931034444571808,0.1,0.06972781772385159,0.15447540234919435,0.15447540234919435,0,13.49589366251684,0.016079289680778208,173
9371.433964881,9.300000000000285,1,1,1,5.7693121021676035,1.730793630650279,0.8010884862815837,1.001021599257038,4.8390425787365725,0.6120853343774665,0.1,0.07016515176953632,0.15776786974308285,0.15776786974308285,0,13.50440650262793,0.016613166129413326,173
9371.443980668,9.31000000000028,1,1,1,5.893782133090878,1.7681346399272615,0.8351620495455903,1.0080267417079263,4.856875620240155,0.6300126217204537,0.1,0.07065616703194283,0.15956312856748295,0.15956312856748295,0,13.513360431719796,0.017114576989916586,177
9371.454072105,9.320000000000274,1,1,1,6.031631072481096,1.8094893217443262,0.8692199016494611,1.0177244137721992,5.004447709343966,0.6467758325659096,0.0,0.07133591123796792,0.16527752743711874,0.16527752743711874,0,13.522750672718047,0.017583625438675643,177
9371.464038566,9.330000000000268,1,1,1,6.346942820957456,1.904082846287236,0.90424579764369,1.0813180977403993,5.029015366325612,0.6632213060418835,0.1,0.07408472149080936,0.1664374563772781,0.1664374563772781,0,13.53259557705581,0.018043484223875694,177
9371.476256086,9.340000000000263,1,1,1,6.483991106474619,1.945197331942383,0.9404080541152251,1.0892906363639296,5.223046855414007,0.6794044688449854,0.10000000000000002,0.07635224142849344,0.17238136024835898,0.17238136024835898,0,13.542898024208418,0.018496634200343642,179
9371.484038916,9.350000000000257,1,1,1,6.576532102765966,1.972959630829788,0.9769434128621615,1.0746372113675833,5.313948100935967,0.6948091324831136,0.0,0.07532513093499822,0.17358632423338202,0.17358632423338202,0,13.553673896061309,0.01893664414533358,183
9371.493827204,9.360000000000252,1,1,1,6.71740254840884,2.0152207645226503,1.0135513831418541,1.083414009531369,5.401959139813504,0.7091547903835621,0.1,0.07594032782552458,0.17379923808424672,0.17379923808424672,0,13.564932288792772,0.019321959781829046,183
9371.504318199,9.370000000000246,1,1,1,6.630605620763261,1.9891816862289757,1.0492123986848318,1.0190516595189978,5.36015296158978,0.7215285137369266,0.0243701209156638,0.07142894259646074,0.1659340907932357,0.1659340907932357,0,13.57665338014934,0.019653912289526287,183
9371.514370807,9.38000000000024,1,1,1,6.725060175836711,2.0175180527510124,1.084100918564272,1.0138152447348139,5.633871058510425,0.7321385758168165,0.0,0.0710619037250386,0.16657667785467126,0.16657667785467126,0,13.588820891888773,0.019917795484988288,189
9371.524160078,9.390000000000235,1,1,1,6.7453342054566585,2.0236002616369966,1.1182344877987995,0.9792195034296859,5.736678675771725,0.7412026908062838,0.0,0.06863696560077073,0.1603126336331569,0.1603126336331569,0,13.601431618795536,0.020139509082327756,190
9371.534335298,9.40000000000023,1,1,1,6.829726382697224,2.048917914809165,1.1517109250552149,0.9734170637455459,6.162696765812108,0.7486725623016526,0.0,0.06823025203797309,0.16392637199220483,0.16392637199220483,0,13.614455900128748,0.02029727106247492,190
9371.544990011,9.410000000000224,1,1,1,6.877368753506755,2.0632106260520247,1.184405433944719,0.9593244451704135,6.555813368771287,0.7547247938911916,0.10000000000000002,0.06724245045418299,0.15902180272206798,0.15902180272206798,0,13.627884919293518,0.020424777388281745,195
9371.55396675,9.420000000000218,1,1,1,6.871312755541176,2.061393826662351,1.2162408294365255,0.9251482976627594,6.956086488060901,0.7592870101897564,0.1,0.06433373774492848,0.15328109583390684,0.15328109583390684,0,13.641698886832183,0.02050564674664379,197
9371.564248001,9.430000000000213,1,1,1,6.899968775461417,2.069990632638424,1.2477439965712587,0.8988458310246296,7.504283525437947,0.7631507702296803,0.1,0.06300329003696575,0.15927824327828796,0.15927824327828796,0,13.655853551220883,0.0205379437533999,197
9371.574508137,9.440000000000207,1,1,1,6.912553719365314,2.0737661158095904,1.2783218801917782,0.8755823543665217,8.059730785183895,0.7660217607124652,0.1,0.06137267050626329,0.1651217639378908,0.1651217639378908,0,13.670328964565597,0.020510546162748167,197
9371.584545549,9.450000000000202,1,1,1,6.949866953634125,2.0849600860902338,1.3086589912961415,0.8579199104817292,8.618980104778228,0.7688832516199622,0.09999999999999999,0.0601346472141413,0.17048339667524778,0.17048339667524778,0,13.685137121109866,0.020433491916938662,204
9371.594491904,9.460000000000196,1,1,1,6.999146396281793,2.099743918884538,1.3378659500586771,0.8493475415360231,9.197713303247918,0.7711597310304167,0.10000000000000002,0.0595337794920599,0.1751471218995339,0.1751471218995339,0,13.700271254224521,0.02029229577578695,206
9371.603907326,9.47000000000019,1,1,1,7.283876377470832,2.185162913241247,1.3679943728904658,0.9042982272391131,9.752308992329146,0.7743034602997805,0.1,0.06328223063588549,0.18358580662931756,0.18358580662931756,0,13.715697738295589,0.020155369659077937,212
9371.614120821,9.480000000000185,1,1,1,7.374562334754793,2.212368700426439,1.3984183308351823,0.9238365508029456,10.282350786900817,0.777964904327823,0.1,0.0637026848752984,0.19031960828506905,0.19031960828506905,0,13.73143240611321,0.020067834179825716,216
9371.624030151,9.49000000000018,1,1,1,7.438930960200816,2.231679288060244,1.4278732688552518,0.9071235518431886,10.805453162084657,0.7812454549152407,0.10000000000000002,0.06358350482750705,0.19466919235794575,0.19466919235794575,0,13.74750178462923,0.019953475863329295,216
9371.634379008,9.500000000000174,1,1,1,7.43070429110871,2.229211287332611,1.4567376057597885,0.9002928563347137,11.313027857746585,0.7844475224252969,0.09999999999999999,0.06310471716957863,0.19963285321150043,0.19963285321150043,0,13.763885404018016,0.01982727873823764,0
9371.645728803,9.510000000000169,1,1,1,7.520523179737612,2.256156953921284,1.484510527125961,0.9157531109931616,11.791410636576538,0.7871361293891973,0.1,0.06411455299252038,0.20429297116633435,0.20429297116633435,0,13.780568155226616,0.019674803053340906,3
9371.654231234,9.520000000000163,1,1,1,7.498908481707664,2.249672544512295,1.5117028455452535,0.8885787972091355,12.242216705486943,0.7898697227955924,0.1,0.062283637247833104,0.20887556692042997,0.20887556692042997,0,13.797528017020078,0.01951772507847105,8
9371.663883058,9.530000000000157,1,1,1,7.734957203821065,2.3204871611463154,1.5386497368055512,0.933920919059947,12.65564450287666,0.7928310517791642,0.09999999999999999,0.0651194800374967,0.21069788480316912,0.21069788480316912,0,13.814754186338265,0.019355641004358493,8
9371.673987533,9.540000000000152,1,1,1,7.713275562220769,2.31398266866623,1.5662505635629715,0.9076007294211662,13.023372336997632,0.7963151613874259,0.1,0.06349425457365303,0.21023819213110737,0.21023819213110737,0,13.832223889032011,0.019200812309877247,8
9371.684318735,9.550000000000146,1,1,1,7.964623361242292,2.3893870083726862,1.5943980557731854,0.940362953510093,13.329638878105564,0.8004233894619002,0.1,0.06591337229931495,0.2105196853203726,0.2105196853203726,0,13.84990630795683,0.019071825239825868,14
9371.693955027,9.56000000000014,1,1,1,7.985100512568505,2.3955301537705487,1.6217266575563427,0.9506983266670435,13.618602953180794,0.8040636339764978,0.1,0.0666378152351025,0.20986800473935763,0.20986800473935763,0,13.867787917294685,0.018978071646918337,15
9371.704080348,9.570000000000135,1,1,1,8.112011018669678,2.433603305600899,1.6486527612844692,0.9466772835228112,13.876588409772854,0.8074805444267086,0.10000000000000002,0.06602211718355272,0.209484582128723,0.209484582128723,0,13.885856444385889,0.01890297218784953,15
9371.715279785,9.58000000000013,1,1,1,8.118504377840836,2.435551313352253,1.675657350287584,0.9091391454609495,14.104923639292146,0.8107961598367962,0.1,0.06372478492795682,0.2100189195407038,0.2100189195407038,0,13.90409775584677,0.01885977163366359,18
9371.724492505,9.590000000000124,1,1,1,7.993733264838721,2.398119979451614,1.701418865386075,0.8703615860229872,14.318343844857894,0.8130656987845665,0.1,0.06081856973771784,0.21051839388068055,0.21051839388068055,0,13.922511515974017,0.018852309332080486,20
9371.734497398,9.600000000000119,1,1,1,8.003103763037442,2.4009311289112314,1.7259912308207204,0.8200196413521114,14.508934155082231,0.8140238771450213,0.1,0.057478083022559544,0.2114232627931194,0.2114232627931194,0,13.941101008601624,0.018875075941013675,21
9371.743959168,9.610000000000113,1,1,1,7.7489527847023405,2.324685835410697,1.749321700483262,0.6863358465547508,14.679825632317451,0.8133966501847941,0.1,0.05042310668844265,0.21293475519857735,0.21293475519857735,0,13.959872286251708,0.018936499115239647,22
9371.754375052,9.620000000000108,1,1,1,7.554171123208037,2.2662513369624095,1.7698235275470342,0.6028815149607675,14.835953074742992,0.8099082333930889,0.1,0.043054040054481636,0.2147603879734835,0.2147603879734835,0,13.978839781436736,0.01903887286944883,28
9371.764417481,9.630000000000102,1,1,1,7.481873867185704,2.2445621601557084,1.7876081964928685,0.5608493969638219,14.978005022237463,0.8041922585819357,0.1,0.03931192202748332,0.21677025283927615,0.21677025283927615,0,13.998021586343645,0.019176230086284773,29
9371.774245404,9.640000000000096,1,1,1,7.2591680428835454,2.1777504128650618,1.8030639270765982,0.4639609421991956,15.104372815546174,0.7963349694398736,0.09999999999999999,0.03389344005093376,0.21906761576154393,0.21906761576154393,0,14.017434230067614,0.019346431167911904,30
9371.784509746,9.650000000000091,1,1,1,7.063090002859128,2.118927000857738,1.8159502386894955,0.4440665529445048,15.216554644537021,0.7866236405497233,0.1,0.03093667293227808,0.2216608844793691,0.2216608844793691,0,14.037095937451047,0.019553812331469578,36
9371.794125083,9.660000000000085,1,1,1,7.026603441214275,2.107981032364284,1.8267640263878846,0.4287965576630075,15.316812514286042,0.7757623405978222,0.1,0.029973007898135867,0.22444163523222593,0.22444163523222593,0,14.057027600652086,0.019792134680947315,38
9371.804664152,9.67000000000008,1,1,1,6.950370881438772,2.0851112644316308,1.8358951269051857,0.43871459537177654,15.405286320964057,0.7639859779273084,0.10000000000000002,0.030751060906795833,0.22752422878310513,0.22752422878310513,0,14.077249258287951,0.020066271108087008,39
9371.817457538,9.680000000000074,1,1,1,6.872216906507847,2.0616650719523513,1.8431892665120575,0.555165125415251,15.484056052503114,0.7520480512016212,0.10000000000000002,0.03514537980418294,0.2308126368687953,0.2308126368687953,0,14.097784591786395,0.020375574565162813,41
9371.824084503,9.690000000000069,1,1,1,6.843380655651385,2.0530141966954134,1.8485684953681745,0.5637325278981502,15.555604842857178,0.74071892285513,0.09999999999999999,0.0389789874015422,0.23416683871121224,0.23416683871121224,0,14.118657868251487,0.020718465031597244,49
9371.834194402,9.700000000000063,1,1,1,6.782077534472278,2.0346232603416814,1.8527634626257778,0.5981950002745912,15.62119819817842,0.7307460394699596,0.1,0.041929607725943785,0.23754796357415048,0.23754796357415048,0,14.139892424578711,0.021091628515295557,49
9371.844301929,9.710000000000058,1,1,1,6.802195985990971,2.0406587957972895,1.8560319671027494,0.6434912467223771,15.680850073835792,0.7221747426193517,0.10000000000000003,0.044522105622736424,0.2410165284641126,0.2410165284641126,0,14.161509499040049,0.021491833741306587,49
9371.854379722,9.720000000000052,1,1,1,6.653831561632095,1.9961494684896282,1.8578882252697917,0.6341494613462227,15.73491954834317,0.7148120802006013,0.1,0.044449783334297624,0.24456948776864496,0.24456948776864496,0,14.183529572190762,0.021920058950221755,56
9371.864628873,9.730000000000047,1,1,1,6.596326708192642,1.9788980124577895,1.8585002671581634,0.6583586975795674,15.785817562720641,0.7095440832936477,0.1,0.046146694505642676,0.24803097193596774,0.24803097193596774,0,14.20597338741087,0.02237113860461659,58
9371.874397091,9.740000000000041,1,1,1,6.624184060864496,1.987255218259346,1.8585108694770347,0.6936467372514012,15.835388051894464,0.7071081684352828,0.1,0.04862015827611631,0.25144259602548213,0.25144259602548213,0,14.228858645361978,0.022842426716857434,59
9371.886205067,9.750000000000036,1,1,1,6.656097343833667,1.9968292031500985,1.8584491870968942,0.6994489046199344,15.883733094397327,0.7088331109245829,0.10000000000000002,0.049026852751348035,0.254793634924609,0.254793634924609,0,14.252200906813039,0.02333039817637461,63
9371.894294229,9.76000000000003,1,1,1,6.687475407293708,2.0062426221881102,1.85879876810401,0.6899546838849201,15.93329882378958,0.714073840096644,0.1,0.04836136917007436,0.258020862630001,0.258020862630001,0,14.27601366976908,0.02383400990762108,70
9371.903989848,9.770000000000024,1,1,1,6.630242319752364,1.9890726959257072,1.859568361892817,0.6685516252315514,15.984291926762289,0.7225933475551475,0.1,0.04696346259043075,0.2611657113655388,0.2611657113655388,0,14.30030914824742,0.024350694933777506,71
9371.914309921,9.780000000000019,1,1,1,6.584281923931307,1.9752845771793894,1.8595009403676404,0.6519814127445903,16.037878487997165,0.7336585883043092,0.1,0.0456996880088242,0.26398784771025835,0.26398784771025835,0,14.325097815139117,0.024876787131788092,72
9371.924073006,9.790000000000013,1,1,1,6.603794066565591,1.9811382199696752,1.8599187151704828,0.6142890531840773,16.091467906045775,0.7469769187997934,0.09999999999999999,0.04305769693582602,0.2667752452181162,0.2667752452181162,0,14.350386449178522,0.025408561331601076,79
9371.934238782,9.800000000000008,1,1,1,6.603794066565591,1.9811382199696752,1.8607977154358095,0.5900286109880553,16.14704783385477,0.7622999143019279,0.1,0.041357196557069716,0.269378569935697,0.269378569935697,0,14.376180105966188,0.02594462259824115,80
9371.944284165,9.810000000000002,1,1,1,6.5796972109931,1.973909163297928,1.8618367124318234,0.5670851908011705,16.20374952442671,0.7793213857350832,0.1,0.03974901091879789,0.2718372348492236,0.2718372348492236,0,14.402482472189728,0.026482840945296626,82
9371.954605021,9.819999999999997,1,1,1,6.5485940596973995,1.964578217909218,1.8627752072646404,0.5524891439733225,16.260709031629276,0.7976314013906725,0.1,0.03872592226449584,0.2742117377623834,0.2742117377623834,0,14.429295942819287,0.02702201565121176,88
9371.964494301,9.829999999999991,1,1,1,6.525649464513015,1.9576948393539035,1.8643978091303168,0.5329503039914231,16.31854108440748,0.8168819014146389,0.10000000000000002,0.03735637571949807,0.2764888352602338,0.2764888352602338,0,14.456622389066426,0.02756186327950605,89
9371.974349889,9.839999999999986,1,1,1,6.538305534972639,1.9614916604917902,1.8654411937667026,0.5074816983180868,16.376774210130623,0.8371603952953064,0.1,0.03557119088057495,0.27864867959689604,0.27864867959689604,0,14.484463388651278,0.02809996686960936,90
9371.985319373,9.84999999999998,1,1,1,6.591342964850348,1.9774028894551021,1.867439513017583,0.5072054973668775,16.43573726915878,0.8589074167278492,0.1,0.03555183097697761,0.281038474900932,0.281038474900932,0,14.512819341110006,0.028636224332530213,94
9371.994283587,9.859999999999975,1,1,1,6.685584524269173,2.0056753572807495,1.869723578489451,0.5089501389483375,16.49496494782991,0.881296574644015,0.1,0.03567411908888013,0.2861304669646586,0.2861304669646586,0,14.541690575760253,0.029169509288706763,98
9372.004134669,9.869999999999969,1,1,1,6.756603819048645,2.0269811457145916,1.8726091694826161,0.5114428284241406,16.55480427658582,0.9051603001441535,0.09999999999999999,0.03642489877364542,0.29112446186031676,0.29112446186031676,0,14.571077444375813,0.02970074218229568,100
9372.014305791,9.879999999999963,1,1,1,6.769934752830907,2.0309804258492705,1.8759477755758904,0.5375027829261706,16.615081093531522,0.9300357106959002,0.09999999999999999,0.037675475103189034,0.2960552117639617,0.2960552117639617,0,14.600980733179265,0.030228578589173605,102
9372.024715617,9.889999999999958,1,1,1,6.800227966062682,2.0400683898188023,1.8793114256996424,0.5479377341544618,16.67594541984762,0.9559279084224942,0.09999999999999999,0.0384068978189267,0.3007876677843204,0.3007876677843204,0,14.631400753470034,0.030752289627255402,110
9372.034467028,9.899999999999952,1,1,1,6.7813448530572265,2.034403455917166,1.8825707216428393,0.564232581518187,16.737223483458887,0.9818195743156793,0.09999999999999999,0.03954906142377378,0.30547651151184235,0.30547651151184235,0,14.662337390616829,0.03127088374854958,113
9372.044270717,9.909999999999947,1,1,1,6.85525216450816,2.056575649352446,1.8857994836230423,0.5904495245354647,16.79896270266986,1.0080660008188944,0.09999999999999999,0.041386699879433414,0.31002007328181885,0.31002007328181885,0,14.693790418573453,0.03178400011015303,115
9372.056294331,9.919999999999941,1,1,1,6.827229821502467,2.0481689464507387,1.8892581721934365,0.5818577870123082,16.861384564538064,1.0345160678475211,0.1,0.04078447454511109,0.31440584628642443,0.31440584628642443,0,14.725759648714202,0.03229111538981466,121
9372.06434319,9.929999999999936,1,1,1,6.7969101528006615,2.039073045840197,1.8918381708297305,0.59503314834743,16.923813400243148,1.0611870396772685,0.1,0.04170798231795364,0.31838095957545687,0.31838095957545687,0,14.758244311673845,0.03278943047447025,127
9372.074535621,9.93999999999993,1,1,1,6.849135520004702,2.0547406560014085,1.8951040926137002,0.6080580918292222,16.986666381626772,1.0884745391767219,0.1,0.042620946770336954,0.32224773660080974,0.32224773660080974,0,14.791241858364291,0.033277566495840016,130
9372.084242554,9.949999999999925,1,1,1,6.93733571402171,2.0812007142065116,1.8989214548611761,0.636944193206612,17.05010221676125,1.1159788292941242,0.1,0.04464567599563967,0.3261196835753794,0.3261196835753794,0,14.824749284137187,0.03375614492033585,132
9372.094190808,9.95999999999992,1,1,1,7.149269676268283,2.144780902880483,1.9043136322879142,0.6420605439404236,17.1143566016388,1.1441521547493654,0.1,0.045004299152233466,0.32998288727621844,0.32998288727621844,0,14.85876427307443,0.03422565179203563,138
9372.104313232,9.969999999999914,1,1,1,7.249274146910639,2.1747822440731897,1.9106641075064221,0.631831993180074,17.17877841412641,1.172956802759969,0.1,0.04428734377682992,0.3336449742180715,0.3336449742180715,0,14.893285060196636,0.03468595212253356,140
9372.114057063,9.979999999999908,1,1,1,7.408030096147771,2.2224090288443294,1.9186388282084363,0.6794291035517046,17.24374276772422,1.2022812454313339,0.09999999999999999,0.04762359393915956,0.33728268962166114,0.33728268962166114,0,14.928309832434595,0.03513710705695394,141
9372.125195632,9.989999999999903,1,1,1,7.573628151406063,2.2720884454218173,1.9276321725713208,0.6881704344638343,17.308963572142076,1.2320553043270719,0.10000000000000002,0.048236304804312534,0.34079980407069005,0.34079980407069005,0,14.96383713370017,0.03557921318837476,147
9372.134098619,9.999999999999897,1,1,1,7.683001325492564,2.304900397647767,1.9381901760151299,0.7190464748113192,17.374460080615446,1.262346899452204,0.09999999999999999,0.050400515904883696,0.34424936335899303,0.34424936335899303,0,14.999865710698236,0.036012212948333566,149
9372.144478686,10.009999999999891,1,1,1,7.8939866069752584,2.3681959820925753,1.9502871545328426,0.7313765554417923,17.44057268249348,1.292591439954365,0.1,0.05126477495724537,0.34773424828136484,0.34773424828136484,0,15.036394704167797,0.03643697067825169,150
9372.155754133,10.019999999999886,1,1,1,7.999888690944442,2.3999666072833308,1.9642482254453169,0.741622923021895,17.507530843161973,1.3225067510800825,0.1,0.05198297917669283,0.3513423821516823,0.3513423821516823,0,15.073429201315744,0.036855347376442804,156
9372.164466048,10.02999999999988,1,1,1,7.995100895139306,2.39853026854179,1.978065321202635,0.729231278291468,17.574480308812397,1.352155337440982,0.1,0.051114404878366125,0.3548112498245689,0.3548112498245689,0,15.110979241496297,0.037267431994575384,161
9372.174284449,10.039999999999875,1,1,1,8.205672300504428,2.461701690151327,1.9933836796467477,0.7432078483479071,17.641661695399485,1.3814988416731637,0.09999999999999999,0.05209407221017556,0.3584616736058277,0.3584616736058277,0,15.149049844319762,0.03767436584178485,165
9372.184293099,10.04999999999987,1,1,1,8.313286927537803,2.493986078261339,2.0093216644519183,0.7535413530452695,17.70879931251285,1.4115283568117973,0.1,0.052818384179007784,0.3619477943491391,0.3619477943491391,0,15.187644533411303,0.03807617145192088,168
9372.19418122,10.059999999999864,1,1,1,8.455519229088067,2.5366557687264177,2.0262450664090834,0.7668004385087589,17.776130638095168,1.44169582178506,0.1,0.05374776047274762,0.3654848137171857,0.3654848137171857,0,15.22676586163781,0.03847290477144405,175
9372.204096998,10.069999999999858,1,1,1,8.518004654929577,2.555401396478871,2.0436041964833582,0.7699815187625122,17.843788382910642,1.471591136785166,0.10000000000000002,0.05397073366229866,0.36895403662602677,0.36895403662602677,0,15.266416066062064,0.03886552545973321,175
9372.214181999,10.079999999999853,1,1,1,8.581742861072158,2.574522858321645,2.0612524561125367,0.7734552276779395,17.912061359078297,1.5014487999067634,0.1,0.05421421823189719,0.37228120894330446,0.37228120894330446,0,15.306584252529662,0.03925281193224617,176
9372.225063528,10.089999999999847,1,1,1,8.614843293190757,2.5844529879572256,2.0784990961440104,0.7470382194642362,17.98042780033092,1.5304113035107685,0.1,0.052362556497537856,0.37536908681190967,0.37536908681190967,0,15.347267580448229,0.03963344637135302,180
9372.234068099,10.099999999999842,1,1,1,8.714371982460325,2.614311594738095,2.096342075854983,0.7234391020862815,18.04969588115805,1.5584469903809985,0.1,0.050708410719184596,0.37840199305534156,0.37840199305534156,0,15.38846978704781,0.040006654968331334,182
9372.244070577,10.109999999999836,1,1,1,8.759743524682092,2.627923057404624,2.1142005909412025,0.7182159171402547,18.119918565112133,1.5853147822718783,0.1,0.05034229917400894,0.3814500368915786,0.3814500368915786,0,15.430194565825273,0.04037305317444084,183
9372.254292873,10.11999999999983,1,1,1,8.793959697786615,2.6381879093359832,2.1323465038309495,0.6959022841049461,18.191341768529412,1.6102722340001432,0.1,0.04877825754931862,0.38460676941184513,0.38460676941184513,0,15.472446369616957,0.04073403884389948,183
9372.264260799,10.129999999999825,1,1,1,8.810693259669986,2.6432079779009934,2.1505803587914434,0.6766986774367991,18.26365678934198,1.635306536569287,0.10000000000000002,0.04743220869543444,0.3876768945355279,0.3876768945355279,0,15.515231138163223,0.0410907055391001,191
9372.274351791,10.13999999999982,1,1,1,8.86354944666909,2.6590648340007244,2.1689305635126255,0.6497908823993469,18.3363102467205,1.6596882205377328,0.1,0.04554614597312414,0.3907001255632447,0.3907001255632447,0,15.558555398733697,0.04144231876209914,194
9372.284281966,10.149999999999814,1,1,1,8.97279759211958,2.6918392776358724,2.1869355034760334,0.6644811496437953,18.409911845404483,1.684150557636242,0.1,0.046575838870366974,0.3935961709382422,0.3935961709382422,0,15.602425276306494,0.041787847104562514,196
9372.29456525,10.159999999999808,1,1,1,8.93561988153281,2.680685964459841,2.2049372530980134,0.6257413441544909,18.484530688169723,1.7083124715538485,0.09999999999999999,0.044421522042281864,0.39642881472564095,0.39642881472564095,0,15.646846444227267,0.04212776795927864,203
9372.304550192,10.169999999999803,1,1,1,8.982953587161916,2.694886076148572,2.2227440448817104,0.5945451045549942,18.558463945911758,1.732395514266726,0.10000000000000002,0.041673773598789515,0.399168468892361,0.399168468892361,0,15.691824960556877,0.04246152656543134,205
9372.314365491,10.179999999999797,1,1,1,9.04868013921709,2.714604041765124,2.240921596119114,0.5907528317989105,18.633935589882196,1.7564142301482115,0.1,0.04140795976052696,0.4019217977295049,0.4019217977295049,0,15.737366714475483,0.04278979248683146,207
9372.325895054,10.189999999999792,1,1,1,8.960620601742475,2.68818618052274,2.257583252503441,0.5566447799147437,18.709652213282258,1.780595003801536,0.09999999999999999,0.03901720551627104,0.40440733736815104,0.40440733736815104,0,15.783478047972942,0.04311145350557588,211
9372.334096877,10.199999999999786,1,1,1,8.920852081204725,2.6762556243614144,2.2733156926657645,0.5188587076259158,18.786373537942026,1.8044203405873465,0.1,0.03636864578600342,0.4068190354598864,0.4068190354598864,0,15.83016448262025,0.04342563446782299,216
9372.344347136,10.20999999999978,1,1,1,8.827416779366882,2.6482250338100624,2.2875309010079166,0.4799497408169934,18.859786186266646,1.828118611166851,0.1,0.033641378398995836,0.40887337765508464,0.40887337765508464,0,15.877431027402219,0.04373074662437415,216
9372.35404279,10.219999999999775,1,1,1,8.563177172181982,2.568953151654593,2.299034767245225,0.4424645341469276,18.93074473337137,1.8523229893743576,0.1,0.031013907406292295,0.4105383242719228,0.4105383242719228,0,15.925280906927796,0.044024667570720766,217
9372.364572607,10.22999999999977,1,1,1,8.348714871376327,2.5046144614128956,2.3065320040339303,0.43095668368140216,18.99305477876665,1.87771569664268,0.10000000000000002,0.030207281380386194,0.41138063632299504,0.41138063632299504,0,15.973714821091717,0.04430121913409235,222
9372.374515497,10.239999999999764,1,1,1,8.220468677489645,2.4661406032468918,2.312003195704677,0.454109951235777,19.049502264562655,1.9037375290181429,0.1,0.03183017596439836,0.41198555486123795,0.41198555486123795,0,16.022728072724014,0.044557682381314745,224
9372.384257337,10.249999999999758,1,1,1,8.134685162320084,2.440405548696023,2.3157022839656345,0.48894856663277214,19.102433094686614,1.9310609814084319,0.10000000000000002,0.03427213799457328,0.4122649640432359,0.4122649640432359,0,16.072313516423232,0.04479313059690204,227
9372.394816035,10.259999999999753,1,1,1,8.091307751581404,2.4273923254744187,2.317503108632275,0.5902630197951805,19.13843969576168,1.960912527560995,0.10000000000000002,0.04108055942918055,0.4115429224462796,0.4115429224462796,0,16.12246179454895,0.04500271553883972,234
9372.404588404,10.269999999999747,1,1,1,8.029591848195084,2.4088775544585226,2.318237308400762,0.6336555039183552,19.16451519503378,1.992498716020796,0.1,0.04441516010746639,0.4102436124674805,0.4102436124674805,0,16.17315817058156,0.04518184977633477,238
9372.414363234,10.279999999999742,1,1,1,8.056489813413029,2.4169469440239064,2.3186206580312883,0.6941431222241687,19.17960424178167,2.025934923082572,0.10000000000000002,0.04865495165817339,0.4083893627751438,0.4083893627751438,0,16.224383159436233,0.04532809698578588,240
9372.427689146,10.289999999999736,1,1,1,8.091859858119255,2.4275579574357744,2.318473496635787,0.7806182534166486,19.188199121489504,2.0604917968820686,0.10000000000000002,0.05336207308668167,0.40607409538245276,0.40607409538245276,0,16.27611332896641,0.04543931397826917,244
9372.43411844,10.29999999999973,1,1,1,8.061486644804306,2.41844599344129,2.31713881676503,0.795414022942944,19.162473907428712,2.0976707558049896,0.1,0.05575338801963091,0.4021450767132747,0.4021450767132747,0,16.328321061415586,0.04550771877597448,251
9372.444184778,10.309999999999725,1,1,1,8.125613688039028,2.437684106411706,2.3154659785691623,0.8548101866535157,19.11574693327889,2.1356872939229965,0.09999999999999999,0.05991667564936196,0.3973168765275633,0.3973168765275633,0,16.38096868671115,0.04552654997726635,252
9372.45397752,10.31999999999972,1,1,1,8.088616153355016,2.426584846006502,2.313167862456325,0.9144626543594356,19.031454222501367,2.175725268749331,0.1,0.06409792853453429,0.3908498698858375,0.3908498698858375,0,16.434009498224075,0.04548798234276763,253
9372.463947988,10.329999999999714,1,1,1,8.063677445139097,2.419103233541727,2.3094335420180707,0.9976707436074999,18.87817687170324,2.217534062542943,0.1,0.06993027842076728,0.38213886834363026,0.38213886834363026,0,16.48738425388951,0.04537844201544283,258
9372.474162336,10.339999999999709,1,1,1,8.060166994609958,2.4180500983829853,2.3049294382456966,1.0310186175246931,18.65402093001128,2.2603436867126434,0.1,0.07226774909705226,0.37104297627705546,0.37104297627705546,0,16.541014523175278,0.04518217253935397,259
9372.484095543,10.349999999999703,1,1,1,8.088770262227461,2.4266310786682364,2.2994670436184217,1.1161502062319468,18.29267503255144,2.3044886980728534,0.1,0.07823492387775582,0.35654153375958836,0.35654153375958836,0,16.594799750895287,0.04487952504201087,259
9372.495206043,10.359999999999697,1,1,1,8.108902486565949,2.432670745969783,2.2935484017605745,1.1709812359621266,17.85993612948259,2.3489644681693003,0.1,0.08207822508679415,0.339731034251449,0.339731034251449,0,16.648610883573518,0.04445304891334234,262
9372.504040867,10.369999999999692,1,1,1,8.215036913539674,2.4645110740619005,2.287982489085397,1.1845316781881443,17.229637961368873,2.394223361888498,0.1,0.0830280236086627,0.3185646746522185,0.3185646746522185,0,16.702290223062963,0.04388070586078219,264
9372.513986891,10.379999999999686,0,1,1,8.251644107829497,2.4715571333210207,2.2829210412794296,1.1868497227534773,0.0,0.0,0.0,0.08319050356799211,0.0,0.0,0,0.0,0.04108321218360622,264
9372.523930366,10.38999999999968,0,1,1,8.39985387032277,2.4715571333210207,2.2789919659834528,1.1402212141376469,0.0,0.0,0.0,0.0799221461356998,0.0,0.0,0,0.0,0.0376961164337819,264
9372.534414877,10.399999999999675,0,1,1,8.541931945166787,2.4715571333210207,2.2761106018021793,1.0954246289524339,0.0,0.0,0.0,0.0767821947094666,0.0,0.0,0,0.0,0.03464512641100281,268
9372.54403431,10.40999999999967,0,1,1,8.66438235783593,2.4715571333210207,2.2741701253879882,1.0523879952743285,0.0,0.0,0.0,0.07376560452208658,0.0,0.0,0,0.0,0.03188959447399764,269
9372.553946532,10.419999999999664,0,1,1,8.882058297908518,2.4715571333210207,2.2730717873197603,1.0110421687858653,0.0,0.0,0.0,0.07086752900328346,0.0,0.0,0,0.0,0.02939815094386722,269
9372.564015422,10.429999999999659,0,1,1,9.066922309159787,2.4715571333210207,2.272724542717749,0.9713207216856983,0.0,0.0,0.0,0.06808331199302377,0.0,0.0,0,0.0,0.027144458088149026,273
9372.573872598,10.439999999999653,0,1,1,9.288630428539825,2.4715571333210207,2.273044660488995,0.9331598359631287,0.0,0.0,0.0,0.06540848026075012,0.0,0.0,0,0.0,0.02510544724547059,273
9372.584042005,10.449999999999648,0,1,1,9.50578027377697,2.4715571333210207,2.27395531964154,0.8964982008656305,0.0,0.0,0.0,0.06283873631851697,0.0,0.0,0,0.0,0.023260529651374817,273
9372.597124213,10.459999999999642,0,1,1,9.74802119048631,2.4715571333210207,2.2753861999573233,0.8612769143946195,0.0,0.0,0.0,0.06036995151647972,0.0,0.0,0,0.0,0.02159118206261712,274
9372.604436651,10.469999999999636,0,1,1,9.767643592816606,2.4715571333210207,2.2772730731790305,0.8274393886712302,0.0,0.0,0.0,0.057998159409646706,0.0,0.0,0,0.0,0.02008068363165516,278
9372.614288015,10.479999999999631,0,1,1,9.785696588455108,2.4715571333210207,2.279557399786484,0.7949312590200515,0.0,0.0,0.0,0.05571954938523602,0.0,0.0,0,0.0,0.01871391974033032,279
9372.624115729,10.489999999999625,0,1,1,9.87236911033811,2.4715571333210207,2.2821859354406913,0.7637002966247316,0.0,0.0,0.0,0.05353046054039721,0.0,0.0,0,0.0,0.017477218870467714,280
9372.634114199,10.49999999999962,0,1,1,9.973308355775751,2.4715571333210207,2.2851103502746644,0.7336963246151448,0.0,0.0,0.0,0.05142737580046343,0.0,0.0,0,0.0,0.016358213425333057,4
9372.644190691,10.509999999999614,0,1,1,9.963396421578356,2.4715571333210207,2.2882868634173827,0.704871137451303,0.0,0.0,0.0,0.049406916268284154,0.0,0.0,0,0.0,0.015345708541051772,4
9372.654037565,10.519999999999609,0,1,1,10.050467781794836,2.4715571333210207,2.2916758944516955,0.6771784234744662,0.0,0.0,0.0,0.047465835795557805,0.0,0.0,0,0.0,0.014429573672243734,4
9372.665009994,10.529999999999603,0,1,1,10.06891166716659,2.4715571333210207,2.2952417329247354,0.6505736905010456,0.0,0.0,0.0,0.04560101576744502,0.0,0.0,0,0.0,0.013600642307419308,7
9372.674235469,10.539999999999598,0,1,1,10.008822681656584,2.4715571333210207,2.298952226543921,0.6250141943397426,0.0,0.0,0.0,0.04380946009208119,0.0,0.0,0,0.0,0.01285062005233284,9
9372.68393218,10.549999999999592,0,1,1,10.041676032483675,2.4715571333210207,2.302778488293987,0.6004588701170817,0.0,0.0,0.0,0.04208829038694,0.0,0.0,0,0.0,0.012172000779208547,10
9372.693939778,10.559999999999587,0,1,1,10.175758995217436,2.4715571333210207,2.306694622391058,0.5768682663009967,0.0,0.0,0.0,0.04043474135431263,0.0,0.0,0,0.0,0.011557982615852058,10
9372.703986092,10.569999999999581,0,1,1,10.246879747421037,2.4715571333210207,2.310677468738858,0.5542044813164817,0.0,0.0,0.0,0.038846156338473915,0.0,0.0,0,0.0,0.011002420887333608,14
9372.713966885,10.579999999999576,0,1,1,10.398893507808395,2.4715571333210207,2.314706365359901,0.53243110265145,0.0,0.0,0.0,0.03731998305739646,0.0,0.0,0,0.0,0.010499760915602119,14
9372.724164229,10.58999999999957,0,1,1,10.544979917494716,2.4715571333210207,2.318762928132175,0.5115131483549928,0.0,0.0,0.0,0.03585376950215599,0.0,0.0,0,0.0,0.010044974009704388,14
9372.733953646,10.599999999999564,0,1,1,10.569570868370866,2.4715571333210207,2.322830847060988,0.4914170108340205,0.0,0.0,0.0,0.03444515999743893,0.0,0.0,0,0.0,0.00963350732870527,18
9372.743720651,10.609999999999559,0,1,1,10.471278174074042,2.4715571333210207,2.326895698249076,0.47211040285800776,0.0,0.0,0.0,0.033091891416823636,0.0,0.0,0,0.0,0.009261239488665085,18
9372.753860023,10.619999999999553,0,1,1,10.48894060296376,2.4715571333210207,2.3309447706892614,0.4535623056850836,0.0,0.0,0.0,0.03179178954675381,0.0,0.0,0,0.0,0.008924440216822038,19
9372.7660174,10.629999999999548,0,1,1,10.263061665654671,2.4715571333210207,2.3349669069873507,0.4357429192261244,0.0,0.0,0.0,0.030542765593363726,0.0,0.0,0,0.0,0.008619733597441614,20
9372.773983568,10.639999999999542,0,1,1,10.111088732638596,2.4715571333210207,2.3389523571238082,0.4186236141667728,0.0,0.0,0.0,0.02934281282654041,0.0,0.0,0,0.0,0.008344064600750878,23
9372.783944787,10.649999999999537,0,1,1,9.907533259090755,2.4715571333210207,2.3428926443769504,0.4021768859704848,0.0,0.0,0.0,0.028190003355834325,0.0,0.0,0,0.0,0.00809466867923847,23
9372.793939679,10.659999999999531,0,1,1,9.87541797061592,2.4715571333210207,2.346780442554878,0.38637631068867306,0.0,0.0,0.0,0.027082485033035796,0.0,0.0,0,0.0,0.007869044207403642,23
9372.803932709,10.669999999999526,0,1,1,9.710444026370691,2.4715571333210207,2.3506094637150197,0.3711965025069762,0.0,0.0,0.0,0.02601847847644225,0.0,0.0,0,0.0,0.007664927515303566,27
9372.81383011,10.67999999999952,0,1,1,9.69006843861343,2.4715571333210207,2.354374355587026,0.356613072959419,0.0,0.0,0.0,0.024996274212034597,0.0,0.0,0,0.0,0.007480270281750245,28
9372.82407072,10.689999999999515,0,1,1,9.77160885053113,2.4715571333210207,2.3580706079548728,0.34260259174497393,0.0,0.0,0.0,0.024014229926970814,0.0,0.0,0,0.0,0.007313219069394528,28
9372.834200081,10.699999999999509,0,1,1,9.970321798082013,2.4715571333210207,2.361694467296162,0.32914254908352775,0.0,0.0,0.0,0.02307076783098237,0.0,0.0,0,0.0,0.007162096801316631,31
9372.844062921,10.709999999999503,0,1,1,10.02141494633387,2.4715571333210207,2.365242859019306,0.31621131955080023,0.0,0.0,0.0,0.022164372121435256,0.0,0.0,0,0.0,0.007025385996116684,31
9372.85380915,10.719999999999498,0,1,1,10.022756764805782,2.4715571333210207,2.3687133166820056,0.30378812733410454,0.0,0.0,0.0,0.021293586547983568,0.0,0.0,0,0.0,0.0069017135951061626,32
9372.863944712,10.729999999999492,0,1,1,9.971841078559619,2.4715571333210207,2.3721039176163896,0.29185301285312093,0.0,0.0,0.0,0.020457012072900748,0.0,0.0,0,0.0,0.006789837230666063,32
9372.873901769,10.739999999999487,0,1,1,10.001849334165676,2.4715571333210207,2.3754132244267896,0.2803868006920679,0.0,0.0,0.0,0.0196533046233321,0.0,0.0,0,0.0,0.006690025861686655,36
9372.883898374,10.749999999999481,0,1,1,10.042753109411922,2.4715571333210207,2.378640231865281,0.26937106879173567,0.0,0.0,0.0,0.01888117293185513,0.0,0.0,0,0.0,0.0067606565854557155,37
9372.89371509,10.759999999999476,0,1,1,10.002737967648335,2.4715571333210207,2.3817843186272962,0.25878811885189706,0.0,0.0,0.0,0.018139376461879582,0.0,0.0,0,0.0,0.006824350628144682,37
9372.903942867,10.76999999999947,0,1,1,10.17798001186613,2.4715571333210207,2.3848452036449475,0.24862094789653352,0.0,0.0,0.0,0.017426723414553334,0.0,0.0,0,0.0,0.00688178999955813,41
9372.914039802,10.779999999999465,0,1,1,10.34167970538246,2.4715571333210207,2.387822906488885,0.23885322095619715,0.0,0.0,0.0,0.01674206881397257,0.0,0.0,0,0.0,0.006933589578664745,41
9372.923931746,10.78999999999946,0,1,1,10.376714999296496,2.4715571333210207,2.3907177115206872,0.22946924482362005,0.0,0.0,0.0,0.01608431266761899,0.0,0.0,0,0.0,0.006980303728767567,41
9372.934972847,10.799999999999454,0,1,1,10.28747139896706,2.4715571333210207,2.3935301354668272,0.22045394284039632,0.0,0.0,0.0,0.015452398199069501,0.0,0.0,0,0.0,0.0070224322601255,43
9372.943927645,10.809999999999448,0,1,1,10.352658873182587,2.4715571333210207,2.3962608981123483,0.21179283067425,0.0,0.0,0.0,0.014845310150138595,0.0,0.0,0,0.0,0.007060425804449932,45
9372.953899561,10.819999999999443,0,1,1,10.188026930739047,2.4715571333210207,2.3989108958375014,0.20347199304793703,0.0,0.0,0.0,0.014262073149724951,0.0,0.0,0,0.0,0.0070946906593392645,45
9372.963812758,10.829999999999437,0,1,1,10.02290382837555,2.4715571333210207,2.401481177743832,0.19547806138243012,0.0,0.0,0.0,0.013701750146742934,0.0,0.0,0,0.0,0.007125593154974741,45
9372.973775575,10.839999999999431,0,1,1,9.816038256980564,2.4715571333210207,2.403972924137689,0.18779819231844297,0.0,0.0,0.0,0.01316344090461992,0.0,0.0,0,0.0,0.007153517819229571,48
9372.984025714,10.849999999999426,0,1,1,9.653420839627103,2.4715571333210207,2.4063874271589385,0.18042004708179,0.0,0.0,0.0,0.012646280554941443,0.0,0.0,0,0.0,0.007178863768342647,48
9372.993807149,10.85999999999942,0,1,1,9.389917437662941,2.4715571333210207,2.408726073360897,0.17333177165943375,0.0,0.0,0.0,0.012149438207920148,0.0,0.0,0,0.0,0.007201816577543763,48
9373.005186823,10.869999999999415,0,1,1,9.321378678461349,2.4715571333210207,2.4109903280642215,0.1665219777543831,0.0,0.0,0.0,0.011672115617456761,0.0,0.0,0,0.0,0.007222535868913249,52
9373.0143622,10.87999999999941,0,1,1,9.11669294562822,2.4715571333210207,2.4131817213229954,0.1599797244887952,0.0,0.0,0.0,0.01121354589864612,0.0,0.0,0,0.0,0.007241201183280199,54
9373.023907106,10.889999999999404,0,1,1,9.039620730549231,2.4715571333210207,2.4153018353551814,0.15369450082595684,0.0,0.0,0.0,0.01077299229567106,0.0,0.0,0,0.0,0.0072579985847206485,55
9373.033843372,10.899999999999398,0,1,1,8.914509894471431,2.4715571333210207,2.417352293302756,0.1476562086828355,0.0,0.0,0.0,0.010349746998101667,0.0,0.0,0,0.0,0.007273107802760415,55
9373.043784823,10.909999999999393,0,1,1,8.745306680926165,2.4715571333210207,2.4193347491985127,0.14185514670611335,0.0,0.0,0.0,0.00994313000369989,0.0,0.0,0,0.0,0.007286695994212333,59
9373.053610715,10.919999999999387,0,1,1,8.800936813630209,2.4715571333210207,2.4212508790274825,0.1362819946856195,0.0,0.0,0.0,0.009552488025901503,0.0,0.0,0,0.0,0.007298915757096569,60
9373.064226,10.929999999999382,0,1,1,8.730978397515223,2.4715571333210207,2.42310237278076,0.13092779858011874,0.0,0.0,0.0,0.009177193444221035,0.0,0.0,0,0.0,0.007309906507419195,60
9373.073635044,10.939999999999376,0,1,1,8.807718825992193,2.4715571333210207,2.4248909274086246,0.12578395613140544,0.0,0.0,0.0,0.008816643295892126,0.0,0.0,0,0.0,0.00731994348083298,64
9373.08414036,10.94999999999937,0,1,1,8.726163393414444,2.4715571333210207,2.4266182405881196,0.12084220304357628,0.0,0.0,0.0,0.00847025830712418,0.0,0.0,0,0.0,0.007329415935955541,64
9373.094271876,10.959999999999365,0,1,1,8.852996220402199,2.4715571333210207,2.428286005227785,0.11609459970530392,0.0,0.0,0.0,0.008137481962419243,0.0,0.0,0,0.0,0.0073385106834545355,64
9373.105659936,10.96999999999936,0,1,1,9.007246236711019,2.4715571333210207,2.4298959046392032,0.11153351843374167,0.0,0.0,0.0,0.007817779610452104,0.0,0.0,0,0.0,0.007347307965635486,68
9373.113952773,10.979999999999354,0,1,1,9.098760535485237,2.4715571333210207,2.4314496083112545,0.10715163121959907,0.0,0.0,0.0,0.007510637605079356,0.0,0.0,0,0.0,0.007355844581561799,70
9373.124400643,10.989999999999348,0,1,1,9.335580290523296,2.4715571333210207,2.432948768228778,0.10294189795367821,0.0,0.0,0.0,0.007215562480095172,0.0,0.0,0,0.0,0.007364139511934431,70
9373.134038218,10.999999999999343,0,1,1,9.558288098442775,2.4715571333210207,2.4343950156825573,0.09889755511596246,0.0,0.0,0.0,0.006932080156410069,0.0,0.0,0,0.0,0.007372204343471966,71
9373.144052224,11.009999999999337,0,1,1,9.730299600875568,2.4715571333210207,2.43578995852235,0.09501210490908168,0.0,0.0,0.0,0.006659735180376478,0.0,0.0,0,0.0,0.007380047521602484,74
9373.154312092,11.019999999999332,0,1,1,9.695976384298277,2.4715571333210207,2.4371351788090214,0.09127930481870274,0.0,0.0,0.0,0.00639808999203972,0.0,0.0,0,0.0,0.007387676092097506,74
9373.164062214,11.029999999999326,0,1,1,10.023697546409418,2.4715571333210207,2.4384322308258666,0.08769315758406218,0.0,0.0,0.0,0.006146724222137042,0.0,0.0,0,0.0,0.007395096418475133,76
9373.175282705,11.03999999999932,0,1,1,10.396489201124536,2.4715571333210207,2.439682639412772,0.08424790156254075,0.0,0.0,0.0,0.005905234016716534,0.0,0.0,0,0.0,0.007402314480397187,80
9373.184214895,11.049999999999315,0,1,1,10.53200486224291,2.4715571333210207,2.440887898590272,0.08093800147277994,0.0,0.0,0.0,0.005673231388289263,0.0,0.0,0,0.0,0.007409336000054778,82
9373.19427323,11.05999999999931,0,1,1,10.742107998378678,2.4715571333210207,2.4420494704434437,0.07775813950148842,0.0,0.0,0.0,0.005450343592474001,0.0,0.0,0,0.0,0.007416166497635879,82
9373.204169629,11.069999999999304,0,1,1,10.93330394580199,2.4715571333210207,2.4431687842384697,0.07470320675963744,0.0,0.0,0.0,0.005236212529131558,0.0,0.0,0,0.0,0.007422811317386646,83
9373.21361864,11.079999999999298,0,1,1,11.128066911606554,2.4715571333210207,2.4442472357470946,0.07176829507432343,0.0,0.0,0.0,0.005030494167027189,0.0,0.0,0,0.0,0.0074292756413747996,87
9373.224518591,11.089999999999293,0,1,1,11.287749592487552,2.4715571333210207,2.4452861867565745,0.06894868910310234,0.0,0.0,0.0,0.004832857991096692,0.0,0.0,0,0.0,0.0074355644980316216,87
9373.234132416,11.099999999999287,0,1,1,11.488237633846072,2.4715571333210207,2.4462869647447034,0.06623985875814889,0.0,0.0,0.0,0.004642986471428494,0.0,0.0,0,0.0,0.0074416827684157805,88
9373.244117493,11.109999999999282,0,1,1,11.621158873619036,2.4715571333210207,2.4472508627015097,0.06363745192803091,0.0,0.0,0.0,0.0044605745531074385,0.0,0.0,0,0.0,0.007447635191428437,91
9373.25438473,11.119999999999276,0,1,1,11.833317147251964,2.4715571333210207,2.448179139080843,0.06113728748544898,0.0,0.0,0.0,0.004285329166102062,0.0,0.0,0,0.0,0.007453426368498273,92
9373.264091312,11.12999999999927,0,1,1,11.983194364940456,2.4715571333210207,2.4490730178667226,0.058735348569668826,0.0,0.0,0.0,0.004116968754406663,0.0,0.0,0,0.0,0.007459060767956771,94
9373.275747689,11.139999999999265,0,1,1,12.16336467686843,2.4715571333210207,2.4499336887406957,0.05642777613288125,0.0,0.0,0.0,0.0039552228236829435,0.0,0.0,0,0.0,0.00746454272920094,96
9373.284473334,11.14999999999926,0,1,1,12.3060595349766,2.4715571333210207,2.4507623073377998,0.05421086274010664,0.0,0.0,0.0,0.003799831506672959,0.0,0.0,0,0.0,0.007469876466686953,100
9373.294146104,11.159999999999254,0,1,1,12.298348687333965,2.4715571333210207,2.4515599955799114,0.052081046612681973,0.0,0.0,0.0,0.0036505451456864996,0.0,0.0,0,0.0,0.007475066073777403,101
9373.304104664,11.169999999999249,0,1,1,12.362932991792853,2.4715571333210207,2.4523278420762975,0.05003490590578023,0.0,0.0,0.0,0.003507123891491662,0.0,0.0,0,0.0,0.007480115526453224,102
9373.313624002,11.179999999999243,0,1,1,12.594818773095922,2.4715571333210207,2.4530669025822602,0.0480691532107315,0.0,0.0,0.0,0.0033693373179633584,0.0,0.0,0,0.0,0.007485028686898598,106
9373.324543994,11.189999999999237,0,1,1,12.589751686449553,2.4715571333210207,2.4537782005075828,0.04618063027335148,0.0,0.0,0.0,0.0032369640518721543,0.0,0.0,0,0.0,0.007489809306964745,106
9373.33395408,11.199999999999232,0,1,1,12.64721702241579,2.4715571333210207,2.45446272746733,0.044366302919768646,0.0,0.0,0.0,0.0031097914172174266,0.0,0.0,0,0.0,0.007494461031518351,107
9373.34464267,11.209999999999226,0,1,1,12.64517448149338,2.4715571333210207,2.4551214438683466,0.04262325618159587,0.0,0.0,0.0,0.0029876150935336165,0.0,0.0,0,0.0,0.007498987401677815,111
9373.354143596,11.21999999999922,0,1,1,12.631855773746352,2.4715571333210207,2.4557552795253574,0.04094868961263943,0.0,0.0,0.0,0.002870238787621504,0.0,0.0,0,0.0,0.007503391857943131,113
9373.36409668,11.229999999999215,0,1,1,12.698845550013548,2.4715571333210207,2.4563651343013517,0.03933991278958805,0.0,0.0,0.0,0.002757473918175646,0.0,0.0,0,0.0,0.00750767774322203,113
9373.374165646,11.23999999999921,0,1,1,12.765275492188032,2.4715571333210207,2.4569518787673226,0.03779434098947741,0.0,0.0,0.0,0.0026491393128025486,0.0,0.0,0,0.0,0.007511848305757296,113
9373.383989674,11.249999999999204,0,1,1,12.824297788892878,2.4715571333210207,2.457516354877077,0.036309491036975644,0.0,0.0,0.0,0.0025450609169421433,0.0,0.0,0,0.0,0.007515906701958397,117
9373.393881512,11.259999999999199,0,1,1,12.907625955636133,2.4715571333210207,2.458059376653232,0.034882977314811964,0.0,0.0,0.0,0.0024450715142247527,0.0,0.0,0,0.0,0.007519855999140734,117
9373.40385743,11.269999999999193,0,1,1,12.974906136313693,2.4715571333210207,2.458581730880907,0.033512507930957704,0.0,0.0,0.0,0.002349010457814975,0.0,0.0,0,0.0,0.007523699178176191,117
9373.414209036,11.279999999999188,0,1,1,12.884880843887485,2.4715571333210207,2.459084177806077,0.03219588103638107,0.0,0.0,0.0,0.0022567234123102996,0.0,0.0,0,0.0,0.007527439136058578,121
9373.424038073,11.289999999999182,0,1,1,12.881985753779793,2.4715571333210207,2.4595674518358313,0.030930981287474898,0.0,0.0,0.0,0.0021680621057798425,0.0,0.0,0,0.0,0.007531078688385706,121
9373.433634562,11.299999999999176,0,1,1,12.963973659420269,2.4715571333210207,2.460032262238138,0.029715776447461418,0.0,0.0,0.0,0.0020828840915453647,0.0,0.0,0,0.0,0.00753462057176274,121
9373.445895162,11.309999999999171,0,1,1,12.972217511090042,2.4715571333210207,2.4604792938389717,0.028548314121320705,0.0,0.0,0.0,0.0020010525193197926,0.0,0.0,0,0.0,0.00753806744612856,123
9373.454181187,11.319999999999165,0,1,1,13.026022935919444,2.4715571333210207,2.4609092077149293,0.027426718618997804,0.0,0.0,0.0,0.0019224359153395413,0.0,0.0,0,0.0,0.007541421897008294,127
9373.464124283,11.32999999999916,0,1,1,13.064714600684125,2.4715571333210207,2.461322641879699,0.026349187941851177,0.0,0.0,0.0,0.0018469079711328847,0.0,0.0,0,0.0,0.007544686437694015,128
9373.473868482,11.339999999999154,0,1,1,13.136606086720846,2.4715571333210207,2.4617202119629447,0.025313990887486763,0.0,0.0,0.0,0.0017743473405882925,0.0,0.0,0,0.0,0.007547863511357056,128
9373.484466304,11.349999999999149,0,1,1,13.188694051461525,2.4715571333210207,2.462102511880367,0.024319464268346764,0.0,0.0,0.0,0.0017046374449950132,0.0,0.0,0,0.0,0.007550955493094091,131
9373.49423923,11.359999999999143,0,1,1,13.188694051461525,2.4715571333210207,2.4624701144938994,0.023364010239561132,0.0,0.0,0.0,0.0016376662857430309,0.0,0.0,0,0.0,0.00755396469190861,134
9373.503996899,11.369999999999138,0,1,1,13.241158842432197,2.4715571333210207,2.462823572261061,0.022446093731792953,0.0,0.0,0.0,0.0015733262643817117,0.0,0.0,0,0.0,0.007556893352630378,134
9373.514795296,11.379999999999132,0,1,1,13.241158842432197,2.4715571333210207,2.4631634178727717,0.021564239984936395,0.0,0.0,0.0,0.0015115140097484107,0.0,0.0,0,0.0,0.007559743657775786,138
9373.523942302,11.389999999999127,0,1,1,13.173688106889948,2.4715571333210207,2.4634901648789342,0.02071703217870946,0.0,0.0,0.0,0.0014521302118879497,0.0,0.0,0,0.0,0.007562517729350071,140
9373.533870245,11.399999999999121,0,1,1,13.173688106889948,2.4715571333210207,2.463804308301246,0.019903109156340963,0.0,0.0,0.0,0.001395079462497911,0.0,0.0,0,0.0,0.007565217630593868,141
9373.544465507,11.409999999999116,0,1,1,13.106458354160251,2.4715571333210207,2.464106325232866,0.01912116323767332,0.0,0.0,0.0,0.0013402701016413448,0.0,0.0,0,0.0,0.007567845367675796,141
9373.554900345,11.41999999999911,0,1,1,13.106458354160251,2.4715571333210207,2.464396675424518,0.01836993811820109,0.0,0.0,0.0,0.0012876140704828245,0.0,0.0,0,0.0,0.007570402891333261,145
9373.564880068,11.429999999999104,0,1,1,13.158031208477388,2.4715571333210207,2.46467580185683,0.017648226850638465,0.0,0.0,0.0,0.0012370267698092912,0.0,0.0,0,0.0,0.007572892098462902,149
9373.574613234,11.439999999999099,0,1,1,13.026718846631711,2.4715571333210207,2.464944131298699,0.01695486990579322,0.0,0.0,0.0,0.0011884269241100008,0.0,0.0,0,0.0,0.0075753148336624165,155
9373.588839489,11.449999999999093,0,1,1,12.894590575536284,2.4715571333210207,2.4652020748515606,0.016288753309626293,0.0,0.0,0.0,0.0011417364509963984,0.0,0.0,0,0.0,0.007577672890725584,160
9373.598644463,11.459999999999088,0,1,1,12.74222982272798,2.4715571333210207,2.4654500284795144,0.015648806853493583,0.0,0.0,0.0,0.0010968803357514641,0.0,0.0,0,0.0,0.007579968014091942,162
9373.6086315,11.469999999999082,0,1,1,12.590917747361601,2.4715571333210207,2.4656883735252824,0.015034002374707351,0.0,0.0,0.0,0.0010537865108083953,0.0,0.0,0,0.0,0.007582201900252106,164
9373.618716027,11.479999999999077,0,1,1,12.482737007887595,2.4715571333210207,2.4659174772120367,0.01444335210465261,0.0,0.0,0.0,0.0010123857399639842,0.0,0.0,0,0.0,0.00758437619911162,168
9373.628593055,11.489999999999071,0,1,1,12.25497918662386,2.4715571333210207,2.466137693131165,0.013875907081797464,0.0,0.0,0.0,0.0009726115071412339,0.0,0.0,0,0.0,0.007586492515312571,0
9373.638595383,11.499999999999066,0,1,1,12.12687103343668,2.4715571333210207,2.4663493617160976,0.013330755627059336,0.0,0.0,0.0,0.0009343999095218781,0.0,0.0,0,0.0,0.007588552409516558,0
9373.649805187,11.50999999999906,0,1,1,11.900414711671639,2.4715571333210207,2.4665528107023214,0.012807021879058647,0.0,0.0,0.0,0.0008976895548776208,0.0,0.0,0,0.0,0.007590557399648978,3
9373.658660013,11.519999999999055,0,1,1,11.67541555746084,2.4715571333210207,2.46674835557375,0.012303864386932945,0.0,0.0,0.0,0.0008624214629351736,0.0,0.0,0,0.0,0.007592508962105782,4
9373.668673901,11.529999999999049,0,1,1,11.515910774179895,2.4715571333210207,2.4669362999956497,0.011820474758425781,0.0,0.0,0.0,0.0008285389706161278,0.0,0.0,0,0.0,0.007594408532924812,4
9373.678585846,11.539999999999043,0,1,1,11.352753335214027,2.4715571333210207,2.4671169362343037,0.011356076361098285,0.0,0.0,0.0,0.0007959876410002278,0.0,0.0,0,0.0,0.007596257508922066,4
9373.688685654,11.549999999999038,0,1,1,11.133043189696801,2.4715571333210207,2.4672905455636926,0.01090992307454996,0.0,0.0,0.0,0.0007647151758642998,0.0,0.0,0,0.0,0.007598057248794532,9
9373.698637489,11.559999999999032,0,1,1,11.050245139453468,2.4715571333210207,2.467457398659364,0.010481298091683081,0.0,0.0,0.0,0.0007346713316581144,0.0,0.0,0,0.0,0.00759980907419,9
9373.708566595,11.569999999999027,0,1,1,10.848264475501047,2.4715571333210207,2.4676177559797914,0.010069512767051373,0.0,0.0,0.0,0.0007058078387817138,0.0,0.0,0,0.0,0.007601514270746068,9
9373.718603444,11.579999999999021,0,1,1,10.770042312767982,2.4715571333210207,2.467771868135486,0.009673905510450703,0.0,0.0,0.0,0.0006780783240329107,0.0,0.0,0,0.0,0.007603174089097997,13
9373.728654604,11.589999999999016,0,1,1,10.742050857595634,2.4715571333210207,2.4679199762460833,0.009293840723987808,0.0,0.0,0.0,0.0006514382361024784,0.0,0.0,0,0.0,0.007604789745856988,14
9373.738605032,11.59999999999901,0,1,1,10.678825529332572,2.4715571333210207,2.468062312285749,0.008928707780900696,0.0,0.0,0.0,0.0006258447739965919,0.0,0.0,0,0.0,0.007606362424560642,16
9373.751281423,11.609999999999005,0,1,1,10.665756966058467,2.4715571333210207,2.468199099417119,0.008577920044501813,0.0,0.0,0.0,0.0006012568182705845,0.0,0.0,0,0.0,0.007607893276594391,17
9373.758656136,11.619999999999,0,1,1,10.665756966058467,2.4715571333210207,2.4683305523140966,0.008240913925671257,0.0,0.0,0.0,0.0005776348649655309,0.0,0.0,0,0.0,0.007609383422087501,22
9373.768632913,11.629999999998994,0,1,1,10.653395442323205,2.4715571333210207,2.4684568774737907,0.007917147977363545,0.0,0.0,0.0,0.000554940962138979,0.0,0.0,0,0.0,0.007610833950781437,22
9373.778681011,11.639999999998988,0,1,1,10.653395442323205,2.4715571333210207,2.4685782735178567,0.00760610202470525,0.0,0.0,0.0,0.0005331386488904242,0.0,0.0,0,0.0,0.0076122459228746275,22
9373.78859992,11.649999999998983,0,1,1,10.641743422049855,2.4715571333210207,2.468694931483551,0.007307276329258118,0.0,0.0,0.0,0.0005121928967815418,0.0,0.0,0,0.0,0.007613620369841756,25
9373.798632117,11.659999999998977,0,1,1,10.51793915612534,2.4715571333210207,2.4688070351047626,0.007020190786121841,0.0,0.0,0.0,0.0004920700535582179,0.0,0.0,0,0.0,0.007614958295229846,25
9373.808697561,11.669999999998971,0,1,1,10.51793915612534,2.4715571333210207,2.468914761083333,0.006744384152577983,0.0,0.0,0.0,0.0004727377890835547,0.0,0.0,0,0.0,0.007616260675431086,25
9373.819343745,11.679999999998966,0,1,1,10.454689852937534,2.4715571333210207,2.4690182793509083,0.006479413307037415,0.0,0.0,0.0,0.00045416504339493844,0.0,0.0,0,0.0,0.00761752846043362,28
9373.828672916,11.68999999999896,0,1,1,10.454689852937534,2.4715571333210207,2.4691177533216293,0.006224852537109578,0.0,0.0,0.0,0.0004363219768019467,0.0,0.0,0,0.0,0.0076187625745507415,29
9373.838704801,11.699999999998955,0,1,1,10.454689852937534,2.4715571333210207,2.469213340135925,0.005980292855631756,0.0,0.0,0.0,0.0004191799219448115,0.0,0.0,0,0.0,0.007619963917129158,29
9373.848578622,11.70999999999895,0,1,1,10.39413494275646,2.4715571333210207,2.4693051908956716,0.005745341343575316,0.0,0.0,0.0,0.00040271133773634116,0.0,0.0,0,0.0,0.007621133363237054,29
9373.858592389,11.719999999998944,0,1,1,10.39413494275646,2.4715571333210207,2.4715571333210207,0.0,0.0,0.0,0.0,0.0,0.0,0.0,0,0.0,0.0076222717643327775,34
9373.868603896,11.729999999998938,0,1,1,10.263324557076748,2.4715571333210207,2.4715571333210207,0.0,0.0,0.0,0.0,0.0,0.0,0.0,0,0.0,0.007623379948913378,34
9373.878559087,11.739999999998933,0,1,1,10.226026447607437,2.4715571333210207,2.4715571333210207,0.0,0.0,0.0,0.0,0.0,0.0,0.0,0,0.0,0.007624458723146488,34
9373.888557122,11.749999999998927,0,1,1,10.154473275305357,2.4715571333210207,2.4715571333210207,0.0,0.0,0.0,0.0,0.0,0.0,0.0,0,0.0,0.007625508871482278,38
9373.898794479,11.759999999998922,0,1,1,10.1068472898706,2.4715571333210207,2.4715571333210207,0.0,0.0,0.0,0.0,0.0,0.0,0.0,0,0.0,0.007626531157249594,39
9373.908684358,11.769999999998916,0,1,1,9.971393462067242,2.4715571333210207,2.4715571333210207,0.0,0.0,0.0,0.0,0.0,0.0,0.0,0,0.0,0.007627526323234712,39
9373.9207395,11.77999999999891,0,1,1,9.912494700988315,2.4715571333210207,2.4715571333210207,0.0,0.0,0.0,0.0,0.0,0.0,0.0,0,0.0,0.0076284950922432815,40
9373.928641297,11.789999999998905,0,1,1,9.859577593865742,2.4715571333210207,2.4715571333210207,0.0,0.0,0.0,0.0,0.0,0.0,0.0,0,0.0,0.007629438167647162,44
9373.938569575,11.7999999999989,0,1,1,9.788810556081781,2.4715571333210207,2.4715571333210207,0.0,0.0,0.0,0.0,0.0,0.0,0.0,0,0.0,0.007630356233915003,44
9373.948546155,11.809999999998894,0,1,1,9.783205477002973,2.4715571333210207,2.4715571333210207,0.0,0.0,0.0,0.0,0.0,0.0,0.0,0,0.0,0.007631249957128883,45
9373.958595349,11.819999999998888,0,1,1,9.771948984318145,2.4715571333210207,2.4715571333210207,0.0,0.0,0.0,0.0,0.0,0.0,0.0,0,0.0,0.007632119985486019,49
9373.968606289,11.829999999998883,0,1,1,9.842887494533356,2.4715571333210207,2.4715571333210207,0.0,0.0,0.0,0.0,0.0,0.0,0.0,0,0.0,0.007632966949785547,49
9373.978636518,11.839999999998877,0,1,1,9.962626219932098,2.4715571333210207,2.4715571333210207,0.0,0.0,0.0,0.0,0.0,0.0,0.0,0,0.0,0.00763379146390325,49
9373.990425003,11.849999999998872,0,1,1,10.015504211803059,2.4715571333210207,2.4715571333210207,0.0,0.0,0.0,0.0,0.0,0.0,0.0,0,0.0,0.007634594125251581,52
9373.99854751,11.859999999998866,0,1,1,10.026695476628095,2.4715571333210207,2.4715571333210207,0.0,0.0,0.0,0.0,0.0,0.0,0.0,0,0.0,0.007635375515227971,54
9374.008755949,11.86999999999886,1,1,2,0.0,2.4715571333210207,2.4715571333210207,0.0,7.650494665423855,3.5393204453367906,0.0,0.0,0.2235150969110616,0.2235150969110616,0,17.283790715991888,0.0073713253221077135,55
9374.018905796,11.879999999998855,1,1,2,0.12429610778707821,2.475257521536987,2.4716116576266676,0.036407837674301,7.663333578258716,3.5348588150559093,0.0,0.0025519543813180565,0.2268583653868144,0.2268583653868144,0,17.287086417000726,0.00939604014329487,55
9374.028859894,11.88999999999885,1,1,2,0.259780986019416,2.5054066191357056,2.4725098728921098,0.07474120270155743,7.6475410072898855,3.5253242086905447,0.0,0.00523887579936818,0.22939497929643127,0.22939497929643127,0,17.29329399782689,0.01120822461867732,60
9374.038825303,11.899999999998844,1,1,2,0.379144837050211,2.5102229001120984,2.4738686689806304,0.10702199966823873,7.577114030636666,3.5100303472976595,0.02741254583133442,0.007501551270196824,0.23131347961764112,0.23131347961764112,0,17.30210926197462,0.012862761951288437,60
9374.04888508,11.909999999998838,1,1,2,0.519743579988321,2.5413424295161886,2.476265624377042,0.1444990556212333,7.478032381652222,3.489641040469089,0.06464783191523082,0.01012845095025298,0.2326468127321877,0.2326468127321877,0,17.313294673549578,0.014374550281068599,62
9374.059795027,11.919999999998833,1,1,2,0.6485748164743758,2.5420503955613194,2.478647018342244,0.17678342535676927,7.303902274310288,3.4629408043663585,0.0,0.012391376849113634,0.2379512202991207,0.2379512202991207,0,17.326654794294388,0.0158050266404286,68
9374.068875881,11.929999999998827,1,1,2,0.8649117988490111,2.5195856662228002,2.479881580505038,0.23454430697896278,7.11576334821193,3.429880204515551,0.027418784664445993,0.016440041761410396,0.24712208603817912,0.24712208603817912,0,17.3420711849279,0.01716504055304524,70
9374.078764315,11.939999999998822,1,1,2,0.9171182711393229,2.5177921744991743,2.4809581588723177,0.24212783575511132,6.920030189041309,3.3926852629705135,0.1,0.016971598171304177,0.24734899170392652,0.24734899170392652,0,17.35942144525504,0.0184043737506685,71
9374.091169309,11.949999999998816,1,1,2,1.2263527175326494,2.558929454555302,2.482712121586104,0.3222808090847076,7.048152324225849,3.3513152697044193,0.1,0.022589804154696448,0.25880766047682996,0.25880766047682996,0,17.37857309766771,0.01961620405410347,73
9374.098728281,11.95999999999881,1,1,2,1.277906907438646,2.532714469447482,2.4844283129374105,0.3260279672065754,6.896475047263599,3.306822747860346,0.1,0.022852455748348727,0.2598805323691885,0.2598805323691885,0,17.399500799354794,0.020768345502288676,80
9374.108710478,11.969999999998805,1,1,2,1.3645138322882444,2.510444289818256,2.4853202578117157,0.3391481975393645,7.060366664093129,3.2595461092284084,0.1,0.023772099193839585,0.2646367475881832,0.2646367475881832,0,17.42212024155331,0.021846443043279873,81
9374.118738494,11.9799999999988,1,1,2,1.5425568659860267,2.492250529284381,2.484944414465638,0.37910189638735076,7.009418575244947,3.209612256995687,0.10000000000000002,0.026572595552263687,0.27004404004800125,0.27004404004800125,0,17.446362432834107,0.022868271113533067,83
9374.129184384,11.989999999998794,1,1,2,1.8114652537860645,2.479969047873091,2.4834537346538763,0.4442024883835174,7.058672327552507,3.156618546707492,0.027416038766198126,0.031135726778490955,0.28014714606525803,0.28014714606525803,0,17.472189180685533,0.023878716452222504,90
9374.138785996,11.999999999998789,1,1,2,1.9982791673487605,2.465128655127603,2.4809726147539877,0.48194326227602613,7.193843952530489,3.1007303431724327,0.1,0.03378111138361137,0.28708982698611174,0.28708982698611174,0,17.499603269899247,0.024871399043856268,92
9374.148838949,12.009999999998783,1,1,2,2.2617297912567333,2.451780269455381,2.478416635635548,0.5421368006538452,7.334293191027374,3.0436344568863505,0.10000000000000002,0.03800028982987046,0.2963211139785262,0.2963211139785262,0,17.528591240573526,0.02584127471869535,94
9374.160808276,12.019999999998777,1,1,2,2.6191059017041387,2.448723185672322,2.47512252262864,0.6274785292053618,7.569658976223415,2.984359291653657,0.1,0.0432245421178613,0.31004502803221007,0.31004502803221007,0,17.559174437044735,0.026843444157311103,100
9374.169396136,12.029999999998772,1,1,2,2.7922453159429854,2.463912298886169,2.471120704886793,0.6536097151999074,7.643511269603499,2.924173516173558,0.1,0.045813821499039405,0.31773322007700244,0.31773322007700244,0,17.59141326804753,0.027829329617503618,106
9374.1788439,12.039999999998766,1,1,2,3.079397253988505,2.4678533245953935,2.4668947525545604,0.7111226550423213,7.8953022189384265,2.8628599547500215,0.10000000000000002,0.04984510729322234,0.32728015628324614,0.32728015628324614,0,17.625322959244198,0.02882784369694935,108
9374.188839999,12.04999999999876,1,1,2,3.5265645582599285,2.4855230523127068,2.462749048305458,0.8161571994477325,8.337732126639182,2.8012007388795617,0.1,0.057207350779995905,0.3439875416495828,0.3439875416495828,0,17.6609439752137,0.029818500460973008,110
9374.198790628,12.059999999998755,1,1,2,3.9158071810474193,2.482588008628617,2.457544819911283,0.9001552943121646,8.790642152011783,2.738110261593922,0.1,0.06162996407237952,0.35686382324547605,0.35686382324547605,0,17.698363235037046,0.030873321145725274,117
9374.208726065,12.06999999999875,1,1,2,4.10927054684291,2.4776792959748692,2.4519424827408174,0.9239618038891535,9.225522049995952,2.675419492842915,0.1,0.06476375759249751,0.3689913358393155,0.3689913358393155,0,17.73769985693205,0.0319397370179364,120
9374.218847278,12.079999999998744,1,1,2,4.307067169587193,2.469331080357051,2.4457448560035138,0.9484831835484948,9.692732103933043,2.6133582238323276,0.1,0.06648254800288736,0.3798695907702119,0.3798695907702119,0,17.779037174526568,0.03303694707628946,123
9374.229068371,12.089999999998739,1,1,2,4.592818681712334,2.4811864036445272,2.438922923325758,0.9966207871161966,10.122973599072655,2.5525866621601123,0.1,0.06985668324897637,0.38806058319727693,0.38806058319727693,0,17.822456691634475,0.034096562601005465,130
9374.238860982,12.099999999998733,1,1,2,4.971753452826542,2.5057980894562655,2.431904636014069,1.0718559733992699,10.512003637851967,2.4929707280169127,0.09999999999999999,0.07333523797359352,0.4021429607347475,0.4021429607347475,0,17.8679866038886,0.03517793048302842,133
9374.249348843,12.109999999998728,1,1,2,5.213889357810782,2.562071645146932,2.4269122682227224,1.101152522581637,10.964439293219792,2.435136172812136,0.09999999999999999,0.0771836830750634,0.4179484388838094,0.4179484388838094,0,17.915711945775683,0.03629828267479018,135
9374.262094507,12.119999999998722,1,1,2,5.404247501563999,2.58432296630083,2.4229557859374595,1.1165094660276336,11.396772834050457,2.380172244200981,0.1,0.07826010567014449,0.4288322768914749,0.4288322768914749,0,17.965741589298815,0.03744051969918982,140
9374.268958844,12.129999999998716,1,1,2,5.501205975861656,2.596131275194191,2.4197354185738464,1.102391597782504,11.754699146485969,2.3290843994972112,0.1,0.07727053424749286,0.4355615230402174,0.4355615230402174,0,18.018145919585738,0.03854614795125855,146
9374.278735512,12.139999999998711,1,1,2,5.72179344744125,2.601329719798296,2.417068306507921,1.1274557767932456,12.126319582107692,2.281723446503494,0.1,0.07902737138824266,0.44182999227969605,0.44182999227969605,0,18.072926755353084,0.039603386880662006,148
9374.288745954,12.149999999998705,1,1,2,5.846065104117366,2.595100047025556,2.4143640669840685,1.1221979812527891,12.47598538812952,2.237604706850959,0.09999999999999999,0.07865883386383447,0.4478215409981048,0.4478215409981048,0,18.130072884776887,0.04061505699791779,150
9374.298741082,12.1599999999987,1,1,2,5.9637263137310965,2.607008799034237,2.4118618598944264,1.1162096218998172,12.818506062402715,2.1962023585976707,0.09999999999999999,0.0782390885325013,0.44546517993575735,0.44546517993575735,0,18.189565823010973,0.04155231800122228,154
9374.308898372,12.169999999998694,1,1,2,6.259374309325214,2.6355921587216384,2.409702852670735,1.1592213647170282,13.14982563031168,2.156954843569244,0.10000000000000003,0.0812539340312216,0.4453615830194079,0.4453615830194079,0,18.251300998589468,0.0423842195051487,154
9374.318717074,12.179999999998689,1,1,2,6.362149528563049,2.6509830766509848,2.4084290445319847,1.1459764501457084,13.458998035632417,2.1212826916307734,0.09999999999999999,0.08032555102553908,0.4447537329272493,0.4447537329272493,0,18.31514816509639,0.04313078355741373,154
9374.329561363,12.189999999998683,1,1,2,6.214548916229532,2.616386839872561,2.4076645028222003,1.0625610141207158,13.734910086613365,2.090075865407023,0.1,0.0744786674688211,0.4423562067754641,0.4423562067754641,0,18.380998524496768,0.043792555630492336,159
9374.33897966,12.199999999998678,1,1,2,6.3014053166884745,2.6295580108862104,2.4076091100640347,1.0453144161221075,13.999805100531606,2.062459356464853,0.1,0.07326979228872638,0.4414053937969976,0.4414053937969976,0,18.44874274698064,0.04437288226062974,161
9374.348873398,12.209999999998672,1,1,2,6.119191647557813,2.5630701374118328,2.4075008247534004,0.9609068071774739,14.244746118852598,2.0390644873851596,0.09999999999999999,0.06767242736475623,0.43977239241268584,0.43977239241268584,0,18.51828512413984,0.04488832659885489,162
9374.361464388,12.219999999998667,1,1,2,6.064893785609641,2.5430980840170756,2.4061492334474237,0.9128028393384652,14.46936239227723,2.0198713800082797,0.1,0.06398158621690371,0.4375058765745515,0.4375058765745515,0,18.589540961284886,0.045331066574006984,165
9374.36873975,12.229999999998661,1,1,2,5.900494891391594,2.5306121124167125,2.4049973802021167,0.8363624400721271,14.68730344882876,2.0045999599876922,0.10000000000000002,0.05862360770792109,0.4362446097917337,0.4362446097917337,0,18.66242373620025,0.04571772753253933,171
9374.380793387,12.239999999998656,1,1,2,5.903695791117063,2.4963186339953327,2.403908471939955,0.8181057187527035,14.892621011451695,1.9939758434205217,0.10000000000000002,0.05734392940413394,0.43506663237796633,0.43506663237796633,0,18.736867137059743,0.04605415441299021,177
9374.389334667,12.24999999999865,1,1,2,5.854191478976339,2.481715989272236,2.4019587758451975,0.7808135850302262,15.09224941242956,1.9860916941000972,0.1,0.05472999157862718,0.43479444327776845,0.43479444327776845,0,18.8128147488296,0.0463516268627191,187
9374.398747985,12.259999999998644,1,1,2,5.683664638364464,2.4391981654410584,2.4000901503584418,0.7255749166297306,15.285993036713254,1.9809166004332965,0.10000000000000002,0.051921716115875316,0.4353419781902813,0.4353419781902813,0,18.890229241944258,0.046624256719611124,196
9374.408979132,12.269999999998639,1,1,2,5.641702322727671,2.426375957467251,2.3975191660357327,0.6973779135934915,15.470626304166258,1.9796071740614112,0.1,0.04888168965018055,0.435909694480714,0.435909694480714,0,18.969092223534844,0.04687553597690952,197
9374.418798193,12.279999999998633,1,1,2,5.605364190325613,2.4051170551750207,2.3942173383579077,0.6978154375936535,15.647604134445562,1.9819425614192812,0.1,0.048912357258049405,0.4365860443973108,0.4365860443973108,0,19.04939177255181,0.04710877039989292,197
9374.429967342,12.289999999998628,1,1,2,5.351838689779182,2.3538788357734566,2.390061210707827,0.642186858860242,15.816341302340994,1.988000007646491,0.1,0.045013153012655904,0.4371857432930418,0.4371857432930418,0,19.131122323673345,0.04732670691157481,202
9374.438716798,12.299999999998622,1,1,2,5.418189846473818,2.352240098382356,2.3853443286348717,0.6759967827115103,15.980611644754884,1.9972210342562862,0.09999999999999999,0.04738301040644411,0.438165923848264,0.438165923848264,0,19.21428302471062,0.04753105340972019,205
9374.448721674,12.309999999998617,1,1,2,5.31021264967317,2.3241685304369324,2.3797724964287466,0.6763968840906663,16.138606663451267,2.010025489202491,0.1,0.04741105493017105,0.4391140816262003,0.4391140816262003,0,19.29887894671786,0.047725146286268894,207
9374.458805886,12.319999999998611,1,1,2,5.349368063965346,2.3227953791366183,2.3742873554265924,0.6938907349627044,16.2945775986665,2.0248995347837417,0.1,0.04905781983780419,0.4406594468217322,0.4406594468217322,0,19.38492147300936,0.04791242100735538,209
9374.4687525,12.329999999998606,1,1,2,5.27115599867713,2.350426095977967,2.368856370955747,0.7251719907682089,16.446607938488903,2.044440365381062,0.10000000000000002,0.050708892981268974,0.44233236589250907,0.44233236589250907,0,19.472432047452063,0.048097594655454934,216
9374.478696064,12.3399999999986,1,1,2,5.0708480851299225,2.3369592037110727,2.3634767531998366,0.7534872492408274,16.594481744363932,2.068260424683984,0.1,0.05179288772225399,0.4441085952730605,0.4441085952730605,0,19.561441263463113,0.048282136869550296,218
9374.489191772,12.349999999998595,1,1,2,5.067573493525936,2.356772336939402,2.3582115607483405,0.7827122235695994,16.73985942152407,2.0971678979231836,0.10000000000000002,0.0548630738831144,0.44617814175566983,0.44617814175566983,0,19.651986334395282,0.048467306296933854,220
9374.498669414,12.359999999998589,1,1,2,4.979592289059816,2.3646852284589746,2.3528043019410005,0.8289446964490961,16.883410190314454,2.1300520734147455,0.10000000000000002,0.05810367176699491,0.4485412692168616,0.4485412692168616,0,19.74411310161973,0.0486561755989372,227
9374.508699391,12.369999999998583,1,1,2,4.939365769165653,2.3542996057387833,2.3470821645625555,0.9282126187508681,17.02457983020343,2.167321394256512,0.10000000000000002,0.06313140926328725,0.45102021829058364,0.45102021829058364,0,19.837879252300983,0.04885061993900952,229
9374.5187012,12.379999999998578,1,1,2,4.999326735956677,2.361394320134631,2.3398322444559736,1.023132187430914,17.16299808951249,2.209147135609356,0.1,0.06863078142990042,0.4535392083870328,0.4535392083870328,0,19.93335700814502,0.04905002927884672,232
9374.531510034,12.389999999998572,1,1,2,5.092975063046588,2.40010888782062,2.3324058139662567,1.121020970998213,17.300863788831624,2.2561281882614357,0.1,0.07666021280545363,0.45634248300794156,0.45634248300794156,0,20.030638164728444,0.04925598397274311,235
9374.538690995,12.399999999998567,1,1,2,5.152204251353248,2.415843005832415,2.3243839160908975,1.2128547755950758,17.43733812643605,2.307404173735617,0.1,0.08464899491824299,0.45923568063371506,0.45923568063371506,0,20.129851937162233,0.04947008558293109,241
9374.548686837,12.409999999998561,1,1,2,5.335635853763966,2.482367219831757,2.315340470055232,1.3646194057277952,17.57138028865168,2.364148531038536,0.1,0.09158763758016544,0.4620500464208298,0.4620500464208298,0,20.231194385738835,0.049690898133459616,243
9374.558761872,12.419999999998556,1,1,2,5.61216353371418,2.5377374665862034,2.3063320661759255,1.476549442853682,17.703566180337944,2.427221207513137,0.1,0.10252835139482237,0.4648677936249193,0.4648677936249193,0,20.334991369980084,0.04991711546893263,247
9374.568898963,12.42999999999855,1,1,2,5.838843225986374,2.6138171745513215,2.2984668407823166,1.5724797360045486,17.836868440281076,2.495013084859409,0.09999999999999999,0.10832689545063638,0.46803319319256875,0.46803319319256875,0,20.441823189419033,0.05015066359895615,252
9374.578721853,12.439999999998545,1,1,2,6.110765933379682,2.6991403595707966,2.2910348392967945,1.667609931252231,17.970157594010022,2.567270906191986,0.1,0.1140441005040667,0.4713493850499001,0.4713493850499001,0,20.552600398463937,0.05039262373159481,255
9374.58869429,12.44999999999854,1,1,2,6.450710658315916,2.80102376560123,2.285344051911841,1.7823653142370117,18.10394761260909,2.6442650241190195,0.1,0.12263239904704433,0.4748510456069774,0.4748510456069774,0,20.668089237182194,0.05064438103239377,258
9374.601417984,12.459999999998534,1,1,2,6.884386184642715,2.8956447049643326,2.281604930673203,1.8851242948744404,18.238848488148648,2.725633710007328,0.10000000000000002,0.1297276286209264,0.4786010020973401,0.4786010020973401,0,20.78812630243951,0.050906643380715044,263
9374.608777363,12.469999999998528,1,1,2,7.142865221050332,2.9809016513064526,2.2797873393413806,1.9379514076578468,18.374212458283598,2.810833949933655,0.1,0.1350690810553705,0.482443430621678,0.482443430621678,0,20.91201468664193,0.05118040951274305,268
9374.618796233,12.479999999998522,1,1,2,7.498542383966583,3.0421681904438937,2.280685952661418,1.9958094328269553,18.511915636598783,2.8977267421578543,0.10000000000000002,0.13454709997523517,0.4865751140981804,0.4865751140981804,0,21.039254381376757,0.051466093822394976,270
9374.62865798,12.489999999998517,1,1,2,7.910111193851436,3.141645030278509,2.2831360326670462,2.078076762230816,18.65050334930279,2.9872856857725085,0.1,0.14188788954097714,0.4907533289754493,0.4907533289754493,0,21.169629914285615,0.05176424342850705,1
9374.63888977,12.499999999998511,1,1,2,8.290224382131273,3.2135478899719248,2.2867569100652547,2.1304600919644154,18.789323255514862,3.079685547697364,0.10000000000000002,0.14784739427925522,0.4948635456229554,0.4948635456229554,0,21.303089599341458,0.05207340927214221,7
9374.648724153,12.509999999998506,1,1,2,8.831003046729263,3.3518884131574063,2.2930843615578054,2.2528374913756037,18.929178957554367,3.1746408474166343,0.1,0.15561019258691372,0.49898986738525847,0.49898986738525847,0,21.439663023651082,0.05239265243963187,9
9374.65896178,12.5199999999985,1,1,2,9.179414450939923,3.4196218735111246,2.3018203358267693,2.2767214207074473,19.069636225206708,3.2723011386084893,0.09999999999999999,0.15958347366276288,0.503065533049649,0.503065533049649,0,21.57942197989809,0.05272010395551174,11
9374.670779073,12.529999999998495,1,1,2,9.531434552543171,3.508709491378582,2.314376889517798,2.3019491352112427,19.211930461515752,3.37227595832843,0.1,0.1613517735858326,0.5072233973812194,0.5072233973812194,0,21.722460480385624,0.05305559815526584,17
9374.678664158,12.53999999999849,1,1,2,10.054433463967566,3.647139451411489,2.330478217313254,2.3962379242048106,19.356040533772408,3.472579536192265,0.10000000000000002,0.16572579847869737,0.511394414311694,0.511394414311694,0,21.868889587805295,0.05339903256069911,21
9374.688784986,12.549999999998484,1,1,2,10.479122348951838,3.7378131897715665,2.3504078941998703,2.4264127529732282,19.500215634691916,3.575179207510607,0.1,0.1697559538013533,0.5153937870683468,0.5153937870683468,0,22.018831899930536,0.053748269417428385,21
9374.700655829,12.559999999998478,1,1,2,10.970499900418284,3.845173635119088,2.374589383160728,2.4682901035314564,19.64596245353137,3.678686671497845,0.10000000000000003,0.17301120161050448,0.5193636156446266,0.5193636156446266,0,22.172415000452055,0.05410216064061635,23
9374.70885218,12.569999999998473,1,1,2,11.150523649144631,3.894550838855724,2.4020353143746793,2.4291732788069624,19.794073062549963,3.7814451598784924,0.1,0.17026936472549267,0.5233250700209722,0.5233250700209722,0,22.329772590429528,0.05445983660458931,27
9374.718732037,12.579999999998467,1,1,2,11.536158478727183,3.9704451534498157,2.433400319200746,2.4189193918935996,19.945485283428944,3.8824657832925737,0.1,0.1695506334493266,0.527355914693857,0.527355914693857,0,22.491045142055494,0.054821396589021965,31
9374.728802875,12.589999999998462,1,1,2,11.668865780582575,4.002830153704777,2.468007160316709,2.3508809423520094,20.10017619125826,3.981702589417082,0.10000000000000002,0.16478157737521915,0.5314298927980167,0.5314298927980167,0,22.656382354723224,0.05518677240558667,32
9374.738743207,12.599999999998456,1,1,2,11.831321760096367,4.033833596582382,2.5054650264152887,2.2741773273224255,20.259979199858854,4.076680433782985,0.1,0.1594051491404866,0.5357273972174507,0.5357273972174507,0,22.82594643914626,0.05555737194232002,38
9374.748825592,12.60999999999845,1,1,2,11.796838264850821,4.051947663599809,2.545676417323517,2.165130899436287,20.424084290952415,4.16787367585532,0.1,0.15176169852140337,0.5401290233141101,0.5401290233141101,0,22.999909910463586,0.055933886362266816,42
9374.758709972,12.619999999998445,1,1,2,11.904105320123643,4.07088073385381,2.587756272997304,2.0877636576439738,20.592923130162287,4.25442541929906,0.1,0.14633875433480723,0.5446672437217898,0.5446672437217898,0,23.178457316890494,0.056317376187657864,42
9374.770404593,12.62999999999844,1,1,2,11.97259474497705,4.09251647466233,2.6315312650433977,2.002446814019226,20.76591155178404,4.33647789432127,0.1,0.14035859438034567,0.5492781316884445,0.5492781316884445,0,23.361787149322925,0.05670786809446693,45
9374.778751405,12.639999999998434,1,1,2,11.904165187130108,4.083114463795522,2.6758265633901446,1.889357939025369,20.943127096172475,4.41388413192138,0.10000000000000002,0.13243179431601204,0.5538837227893595,0.5538837227893595,0,23.550109680103805,0.057104971471496735,48
9374.788853535,12.649999999998428,1,1,2,11.91415966887729,4.075821162663248,2.7206090033310537,1.7981429773356539,21.124902084042528,4.486803465051465,0.09999999999999999,0.12642255088907572,0.5585564718219712,0.5585564718219712,0,23.743646058230006,0.05750858752030974,50
9374.798862931,12.659999999998423,1,1,2,11.976022071417457,4.084178157182685,2.7650275076648883,1.7317683665997428,21.31097436727719,4.555203174367746,0.10000000000000002,0.12138578264678568,0.5631545193554496,0.5631545193554496,0,23.94262967543696,0.057918008748871874,51
9374.80877029,12.669999999998417,1,1,2,11.998870690417462,4.064236299326533,2.8075159140806036,1.653409155097504,21.501786100450843,4.618127961525715,0.09999999999999999,0.1160016698112163,0.5676445592708868,0.5676445592708868,0,24.147304006516674,0.05833178030391095,57
9374.818695567,12.679999999998412,1,1,2,11.914879156179722,4.031300573709334,2.848885102424756,1.5508730234610668,21.696995191577763,4.6759232445085,0.1,0.10889527746985793,0.5719860323333923,0.5719860323333923,0,24.357920832489597,0.05874810184711088,57
9374.828961083,12.689999999998406,1,1,2,11.69001058924475,3.9745288924458095,2.8883308278904676,1.414270373950062,21.897280978521795,4.728115048239211,0.1,0.10031396238080362,0.5762235696844288,0.5762235696844288,0,24.57473952731528,0.05916547314011111,57
9374.839604581,12.6999999999984,1,1,2,11.484254445125316,3.923114805682676,2.924811671641,1.2967318843858888,22.10305864878314,4.7729177101680555,0.09999999999999999,0.09089253372740642,0.5803998553021419,0.5803998553021419,0,24.798028915300947,0.05958312986391945,62
9374.848689255,12.709999999998395,1,1,2,11.381274864362739,3.8966742374589542,2.959368155297965,1.2239794378254545,22.314210944562028,4.812461522384935,0.1,0.08579305689463214,0.5844529413379879,0.5844529413379879,0,25.028069873593964,0.06000010469516992,64
9374.85872048,12.71999999999839,1,1,2,11.244040694686616,3.865817285406293,2.9913251389024405,1.152313454234075,22.531000057751196,4.84616253231779,0.10000000000000002,0.08076973410206284,0.5883992680504118,0.5883992680504118,0,25.265155198617357,0.06041541654440008,64
9374.87137066,12.729999999998384,1,1,2,11.160690131286964,3.825706202717385,3.020960700550388,1.1204678493338458,22.753471985243074,4.8751364777907495,0.09999999999999999,0.0778712781599636,0.5922292204423805,0.5922292204423805,0,25.50959034641621,0.06082808302771081,66
9374.878684045,12.739999999998378,1,1,2,11.119661467175101,3.827108436997468,3.0489438112888907,1.080044135158669,22.981495142359655,4.9005843131081015,0.1,0.07570412138704181,0.5958833524963514,0.5958833524963514,0,25.761694045173293,0.061236925228367545,71
9374.888758787,12.749999999998373,1,1,2,11.06132027262895,3.804931256438616,3.0754072589816235,1.0446793689974618,23.21556789680861,4.923924551578854,0.1,0.0732252795849899,0.5993654773141391,0.5993654773141391,0,26.02179798325087,0.061640657632140994,71
9374.898850594,12.759999999998367,1,1,2,11.026807867632813,3.8081229928840625,3.1008452236025628,1.013078006567219,23.455764674066394,4.945993407862295,0.1,0.07101022808891061,0.6026801783863521,0.6026801783863521,0,26.290247342295306,0.06203808410922984,72
9374.90862605,12.769999999998362,0,1,2,10.923663874302907,3.8014061904294882,3.125066124755015,0.9782207796384915,0.0,0.0,0.1,0.06856696151051245,0.0,0.0,0,0.0,0.06062336239571542,78
9374.918625638,12.779999999998356,0,1,2,10.876670407775936,3.8014061904294882,3.1486464997897787,0.939788807016263,0.0,0.0,0.1,0.0658731283366397,0.0,0.0,0,0.0,0.055339803783875485,78
9374.928628955,12.78999999999835,0,1,2,10.861893057811708,3.8014061904294882,3.1715738990988465,0.9028667353799844,0.0,0.0,0.1,0.06328512947434937,0.0,0.0,0,0.0,0.050577764164069894,78
9374.939437367,12.799999999998345,0,1,2,10.836071089671682,3.8014061904294882,3.1938474760988003,0.8673952443036221,0.0,0.0,0.1,0.06079880694473427,0.0,0.0,0,0.0,0.046277441891117044,81
9374.948754785,12.80999999999834,0,1,2,10.92300553570656,3.8014061904294882,3.2154691577580072,0.8333173439199683,0.0,0.0,0.1,0.05841016612601388,0.0,0.0,0,0.0,0.04239023383171703,82
9374.958584144,12.819999999998334,0,1,2,10.92415193252427,3.8014061904294882,3.236443233694385,0.8005782833584052,0.0,0.0,0.09999999999999999,0.05611536933561573,0.0,0.0,0,0.0,0.03887490392229709,82
9374.968581219,12.829999999998329,0,1,2,10.998171414597083,3.8014061904294882,3.256775996447792,0.7691254627800508,0.0,0.0,0.1,0.053910729664405764,0.0,0.0,0,0.0,0.03569525312991029,82
9374.978727851,12.839999999998323,0,1,2,11.009955119095634,3.8014061904294882,3.2764754267453005,0.7389083488688665,0.0,0.0,0.1,0.05179270505315954,0.0,0.0,0,0.0,0.032818981196009234,87
9374.988673464,12.849999999998317,0,1,2,10.911365590459072,3.8014061904294882,3.2955509183052514,0.7098783936428563,0.0,0.0,0.10000000000000003,0.049757892601751924,0.0,0.0,0,0.0,0.03021704860639518,87
9374.99862843,12.859999999998312,0,1,2,10.923236836832755,3.8014061904294882,3.3140130373766152,0.6819889564549906,0.0,0.0,0.1,0.047803023101926925,0.0,0.0,0,0.0,0.027863257697309907,87
9375.008624791,12.869999999998306,0,1,2,10.922767587105756,3.8014061904294882,3.331873312788368,0.6551952290585884,0.0,0.0,0.1,0.045924955784862956,0.0,0.0,0,0.0,0.025733937789544248,91
9375.018660054,12.8799999999983,0,1,2,10.922767587105756,3.8014061904294882,3.349144052796284,0.629454163616599,0.0,0.0,0.10000000000000002,0.04412067327508726,0.0,0.0,0,0.0,0.02380768634884234,91
9375.028644114,12.889999999998295,0,1,2,10.923003398143585,3.8014061904294882,3.3658381854662287,0.6047244035393211,0.0,0.0,0.1,0.042387276742650894,0.0,0.0,0,0.0,0.02206514541244886,91
9375.040418443,12.89999999999829,0,1,2,10.923003398143585,3.8014061904294882,3.3819691197315764,0.5809662170393409,0.0,0.0,0.10000000000000002,0.040721981245752624,0.0,0.0,0,0.0,0.020488802334952982,92
9375.048686352,12.909999999998284,0,1,2,10.935798607160432,3.8014061904294882,3.397550624612231,0.5581414332968065,0.0,0.0,0.1,0.03912211125634399,0.0,0.0,0,0.0,0.019062812394566864,94
9375.05865651,12.919999999998279,0,1,2,10.935798607160432,3.8014061904294882,3.4125967243896516,0.5362133811328484,0.0,0.0,0.1,0.037585096361523705,0.0,0.0,0,0.0,0.017772845070387233,94
9375.068616895,12.929999999998273,0,1,2,10.94928229426195,3.8014061904294882,3.4271216078021434,0.5151468300920996,0.0,0.0,0.1,0.03610846713381113,0.0,0.0,0,0.0,0.016605936147807254,94
9375.078633549,12.939999999998268,0,1,2,10.94928229426195,3.8014061904294882,3.441139549560102,0.494907933840231,0.0,0.0,0.1,0.034689851163671785,0.0,0.0,0,0.0,0.015550355930191051,98
9375.088592659,12.949999999998262,0,1,2,10.963451919201502,3.8014061904294882,3.4546648426883517,0.4754641757850275,0.0,0.0,0.1,0.03332696924791117,0.0,0.0,0,0.0,0.014595491609027511,98
9375.098594884,12.959999999998256,0,1,2,11.095394275490797,3.8014061904294882,3.467711740383314,0.45678431683399173,0.0,0.0,0.1,0.03201763172781575,0.0,0.0,0,0.0,0.013731741113300555,98
9375.109538871,12.969999999998251,0,1,2,11.146730162922937,3.8014061904294882,3.480294406231616,0.43883834520444615,0.0,0.0,0.10000000000000003,0.030759734971169038,0.0,0.0,0,0.0,0.01295041703157207,101
9375.118597503,12.979999999998245,0,1,2,11.224390945151264,3.8014061904294882,3.492426871775843,0.42159742820542145,0.0,0.0,0.10000000000000002,0.029551257992469864,0.0,0.0,0,0.0,0.012243659611433921,102
9375.128718622,12.98999999999824,0,1,2,11.312194111078774,3.8014061904294882,3.504123000534763,0.405033865913922,0.0,0.0,0.1,0.028390259205940065,0.0,0.0,0,0.0,0.011604357992605507,102
9375.13856562,12.999999999998234,0,1,2,11.435745975888535,3.8014061904294882,3.515396457692267,0.38912104667118474,0.0,0.0,0.1,0.0272748733060991,0.0,0.0,0,0.0,0.011026078912436899,102
9375.148642017,13.009999999998229,0,1,2,11.46271524378164,3.8014061904294882,3.526260684762835,0.37383340432737217,0.0,0.0,0.1,0.026203308270891058,0.0,0.0,0,0.0,0.010503002178500753,105
9375.158644022,13.019999999998223,0,1,2,11.604176279016427,3.8014061904294882,3.5367288786238107,0.35914637716598863,0.0,0.0,0.1,0.025173842482553856,0.0,0.0,0,0.0,0.010029862287932234,105
9375.168634235,13.029999999998218,0,1,2,11.66724876189767,3.8014061904294882,3.5468139743766094,0.34503636844207775,0.0,0.0,0.1,0.02418482196160048,0.0,0.0,0,0.0,0.009601895611816902,105
9375.178660155,13.039999999998212,0,1,2,11.639622993525455,3.8014061904294882,3.55652863156269,0.33148070847078626,0.0,0.0,0.1,0.02323465770947243,0.0,0.0,0,0.0,0.009214791942073308,109
9375.188633912,13.049999999998207,0,1,2,11.613444411314884,3.8014061904294882,3.5658852233158163,0.3184576182053702,0.0,0.0,0.1,0.022321823155593248,0.0,0.0,0,0.0,0.008864643161280772,109
9375.198593174,13.059999999998201,0,1,2,11.724737947401945,3.8014061904294882,3.574895828081237,0.30594617424610926,0.0,0.0,0.06880557931418667,0.0214448517047187,0.0,0.0,0,0.0,0.008547923250882161,109
9375.211563537,13.069999999998196,0,1,2,11.951506776031334,3.8014061904294882,3.5835722235755605,0.29392627522407555,0.0,0.0,0.0,0.020602334380655497,0.0,0.0,0,0.0,0.008261448286372652,110
9375.218716779,13.07999999999819,0,1,2,11.900245413610174,3.8014061904294882,3.5919258826994103,0.2823786095053593,0.0,0.0,0.0,0.019792917562537746,0.0,0.0,0,0.0,0.008002336096778584,114
9375.228568091,13.089999999998184,0,1,2,12.043930349608107,3.8014061904294882,3.5999679711482426,0.2712846241643167,0.0,0.0,0.0,0.019015300810050834,0.0,0.0,0,0.0,0.0077679772894675425,114
9375.238641823,13.099999999998179,0,1,2,11.962780258647781,3.8014061904294882,3.607709346496473,0.26062649517571623,0.0,0.0,0.0,0.01826823477409375,0.0,0.0,0,0.0,0.00765887369103635,114
9375.248597519,13.109999999998173,0,1,2,11.998607892349163,3.8014061904294882,3.6151605585563336,0.25038709877798565,0.0,0.0,0.0,0.017550519189526513,0.0,0.0,0,0.0,0.007784759974534539,118
9375.258621055,13.119999999998168,0,1,2,12.017878006798478,3.8014061904294882,3.6223318508358093,0.24054998396148033,0.0,0.0,0.0,0.016861000946776564,0.0,0.0,0,0.0,0.00789832082589803,119
9375.26864005,13.129999999998162,0,1,2,12.007706446633525,3.8014061904294882,3.629233162940535,0.2310993460376864,0.0,0.0,0.0,0.0161985722392101,0.0,0.0,0,0.0,0.008000764568728669,120
9375.279097617,13.139999999998157,0,1,2,11.921782101216962,3.8014061904294882,3.6358741337826324,0.22202000124681043,0.0,0.0,0.0,0.01556216878328833,0.0,0.0,0,0.0,0.00809318081608057,124
9375.288636057,13.149999999998151,0,1,2,11.840718415551857,3.8014061904294882,3.64226410547549,0.21329736236291488,0.0,0.0,0.0,0.014950768108643509,0.0,0.0,0,0.0,0.00817655220669844,124
9375.298609409,13.159999999998146,0,1,2,11.645986132454226,3.8014061904294882,3.6484121278075086,0.20491741525757023,0.0,0.0,0.0,0.01436338791534537,0.0,0.0,0,0.0,0.008251764948639884,124
9375.308590324,13.16999999999814,0,1,2,11.529470137759676,3.8014061904294882,3.654326963200652,0.19686669638415905,0.0,0.0,0.0,0.013799084495692789,0.0,0.0,0,0.0,0.008319618307273458,124
9375.318629375,13.179999999998135,0,1,2,11.21894418041668,3.8014061904294882,3.660017092070515,0.18913227114688144,0.0,0.0,0.0,0.013256951218022927,0.0,0.0,0,0.0,0.008380833151409361,129
9375.328647965,13.189999999998129,0,1,2,10.913563661359909,3.8014061904294882,3.6654907185147483,0.1817017131194954,0.0,0.0,0.0,0.012736117070077713,0.0,0.0,0,0.0,0.008436059655017591,129
9375.338606089,13.199999999998123,0,1,2,10.529632632896632,3.8014061904294882,3.6707557762652185,0.17456308408055357,0.0,0.0,0.0,0.01223574525960409,0.0,0.0,0,0.0,0.008485884239881725,129
9375.34876531,13.209999999998118,0,1,2,10.29692728498958,3.8014061904294882,3.6758199348472282,0.1677049148330105,0.0,0.0,0.0,0.011755031869930715,0.0,0.0,0,0.0,0.008530835834916317,134
9375.358589186,13.219999999998112,0,1,2,10.117064141349784,3.8014061904294882,3.6806906058960016,0.16111618677731018,0.0,0.0,0.0,0.01129320456836226,0.0,0.0,0,0.0,0.008571391519870075,134
9375.36876215,13.229999999998107,0,1,2,9.820629788125133,3.8014061904294882,3.6853749495865666,0.15478631420854788,0.0,0.0,0.0,0.010849521365324055,0.0,0.0,0,0.0,0.008607981614197513,134
9375.378585899,13.239999999998101,0,1,2,9.535354479339082,3.8014061904294882,3.6898798811390168,0.14870512730904403,0.0,0.0,0.0,0.010423269422249384,0.0,0.0,0,0.0,0.008640994265789126,134
9375.388575922,13.249999999998096,0,1,2,9.309031812554847,3.8014061904294882,3.694212077365591,0.14286285580911173,0.0,0.0,0.0,0.010013763906308716,0.0,0.0,0,0.0,0.008670779588804467,139
9375.39870128,13.25999999999809,0,1,2,9.039806940702013,3.8014061904294882,3.6983779832305435,0.1372501132897506,0.0,0.0,0.0,0.009620346890125865,0.0,0.0,0,0.0,0.008697653394986626,139
9375.40861375,13.269999999998085,0,1,2,8.848582393717322,3.8014061904294882,3.7023838183973994,0.13185788210211782,0.0,0.0,0.0,0.00924238629473295,0.0,0.0,0,0.0,0.008721931789527626,139
9375.41865369,13.27999999999808,0,1,2,8.550941273791949,3.8014061904294882,3.7062355837419094,0.12667749887937466,0.0,0.0,0.0,0.008879274874042171,0.0,0.0,0,0.0,0.008743998114350338,144
9375.428617064,13.289999999998074,0,1,2,8.445467553526429,3.8014061904294882,3.709939067811585,0.12170064061781226,0.0,0.0,0.0,0.008530429239225444,0.0,0.0,0,0.0,0.008764031269526185,144
9375.438632495,13.299999999998068,0,1,2,8.263347252854071,3.8014061904294882,3.7134998532158274,0.11691931130474877,0.0,0.0,0.0,0.008195288921414202,0.0,0.0,0,0.0,0.008782146649021438,144
9375.450672803,13.309999999998062,0,1,2,7.859307902995194,3.8014061904294882,3.7169233229326206,0.11232582907189655,0.0,0.0,0.0,0.007873315471232907,0.0,0.0,0,0.0,0.008798479674456794,146
9375.458605171,13.319999999998057,0,1,2,7.694004885532907,3.8014061904294882,3.7202146665202096,0.10791281385333686,0.0,0.0,0.0,0.007563991593704823,0.0,0.0,0,0.0,0.00881318073000592,148
9375.468636872,13.329999999998051,0,1,2,7.4193003320175395,3.8014061904294882,3.723378886223909,0.10367317552840251,0.0,0.0,0.0,0.007266820317143011,0.0,0.0,0,0.0,0.008826401472317169,148
9375.478571098,13.339999999998046,0,1,2,7.118265978132946,3.8014061904294882,3.7264208029696895,0.09960010253046969,0.0,0.0,0.0,0.006981324194701491,0.0,0.0,0,0.0,0.008838286333794798,148
9375.488582339,13.34999999999804,0,1,2,6.897466028191748,3.8014061904294882,3.7293450622380213,0.09568705090316378,0.0,0.0,0.0,0.0067070445372837215,0.0,0.0,0,0.0,0.0088489917890755,153
9375.498563578,13.359999999998035,0,1,2,6.673639118962374,3.8014061904294882,3.7321561398123513,0.09192773378665066,0.0,0.0,0.0,0.006443540676601761,0.0,0.0,0,0.0,0.008858891583301887,154
9375.508570534,13.36999999999803,0,1,2,6.388164774161521,3.8014061904294882,3.7348583473980232,0.08831611131690459,0.0,0.0,0.0,0.006190389257180048,0.0,0.0,0,0.0,0.008868301496858355,154
9375.518691316,13.379999999998024,0,1,2,6.127246159840384,3.8014061904294882,3.7374558381083625,0.0848463809218052,0.0,0.0,0.0,0.005947183556171911,0.0,0.0,0,0.0,0.008877359991799283,158
9375.528611801,13.389999999998018,0,1,2,5.937867275413388,3.8014061904294882,3.7399526118154456,0.08151296799851596,0.0,0.0,0.0,0.005713532829907187,0.0,0.0,0,0.0,0.008886129238712459,158
9375.538549631,13.399999999998013,0,1,2,5.790559514984529,3.8014061904294882,3.742352520364039,0.07831051695710957,0.0,0.0,0.0,0.0054890616861059255,0.0,0.0,0,0.0,0.008894639447618702,159
9375.548608202,13.409999999998007,0,1,2,5.553235141227828,3.8014061904294882,3.744659272647672,0.07523388261609397,0.0,0.0,0.0,0.005273409480762371,0.0,0.0,0,0.0,0.008902907310398,159
9375.558619788,13.419999999998002,0,1,2,5.110600338520863,3.8014061904294882,3.7468764395466385,0.07227812193593411,0.0,0.0,0.0,0.005066229738714919,0.0,0.0,0,0.0,0.0089109437075795,164
9375.568584123,13.429999999997996,0,1,2,4.796933081399196,3.8014061904294882,3.7490074587280438,0.06943848607740971,0.0,0.0,0.0,0.004867189596991819,0.0,0.0,0,0.0,0.008918756945549,166
9375.578585486,13.43999999999799,0,1,2,4.304819437044107,3.8014061904294882,3.7510556393085897,0.06671041277186189,0.0,0.0,0.0,0.004675969270013865,0.0,0.0,0,0.0,0.008926354124894731,167
9375.588627347,13.449999999997985,0,1,2,3.9914292040769404,3.8014061904294882,3.753024166381032,0.06408951899140623,0.0,0.0,0.0,0.004492261535821289,0.0,0.0,0,0.0,0.008933741723684552,172
9375.598610723,13.45999999999798,0,1,2,3.6952980553351154,3.8014061904294882,3.754916105405932,0.06157159390687256,0.0,0.0,0.0,0.004315771242473368,0.0,0.0,0,0.0,0.008940925849300618,172
9375.608603329,13.469999999997974,0,1,2,3.34450794980994,3.8014061904294882,3.7567344064700934,0.059152592122621875,0.0,0.0,0.0,0.004146214833851693,0.0,0.0,0,0.0,0.008947912349580922,172
9375.620569477,13.479999999997968,0,1,2,2.9602664485956143,3.8014061904294882,3.758481908413871,0.056828627176982074,0.0,0.0,0.0,0.003983319894083049,0.0,0.0,0,0.0,0.008954706863868567,174
9375.628748684,13.489999999997963,0,1,2,2.791764222885908,3.8014061904294882,3.760161342829347,0.054595965298098,0.0,0.0,0.0,0.0038268247098653583,0.0,0.0,0,0.0,0.008961314848199176,0
9375.638613371,13.499999999997957,0,1,2,2.537974461409751,3.8014061904294882,3.7617753379316294,0.052451019405208604,0.0,0.0,0.0,0.003676477849993334,0.0,0.0,0,0.0,0.00896774158924063,0
9375.648699889,13.509999999997952,0,1,2,2.23090964824553,3.8014061904294882,3.7633264223059584,0.05039034334542795,0.0,0.0,0.0,0.00353203776139797,0.0,0.0,0,0.0,0.008973992213259896,1
9375.658634632,13.519999999997946,0,1,2,1.9939171008713057,3.8014061904294882,3.764817028532996,0.04841062635701463,0.0,0.0,0.0,0.0033932723810547486,0.0,0.0,0,0.0,0.008980071692821112,5
9375.668684045,13.52999999999794,0,1,2,1.7967122659596129,3.8014061904294882,3.7662494966950537,0.04650868775020392,0.0,0.0,0.0,0.003259958763144406,0.0,0.0,0,0.0,0.0089859848523971,5
9375.678622751,13.539999999997935,0,1,2,1.5283059885018817,3.8014061904294882,3.767626077766013,0.044681471796993326,0.0,0.0,0.0,0.003131882720861995,0.0,0.0,0,0.0,0.008991736373408221,5
9375.688973278,13.54999999999793,0,1,2,1.3444173186300696,3.8014061904294882,3.7689489368876865,0.04292604282168892,0.0,0.0,0.0,0.003008838482290945,0.0,0.0,0,0.0,0.008997330798919734,9
9375.698596065,13.559999999997924,0,1,2,1.283567986017185,3.8014061904294882,3.7702201565356033,0.04123958048431945,0.0,0.0,0.0,0.0028906283598095573,0.0,0.0,0,0.0,0.009002772538098336,9
9375.708619069,13.569999999997918,0,1,2,1.1768141639276535,3.8014061904294882,3.7714417395769346,0.03961937524934926,0.0,0.0,0.0,0.002777062432467349,0.0,0.0,0,0.0,0.009008065870482751,9
9375.718758746,13.579999999997913,0,1,2,1.2216307428937418,3.8014061904294882,3.7726156122234755,0.03806282403249189,0.0,0.0,0.0,0.002667958240860216,0.0,0.0,0,0.0,0.009013214950090442,9
9375.728735847,13.589999999997907,0,1,2,1.229316368451555,3.8014061904294882,3.7737436268826214,0.03656742601847684,0.0,0.0,0.0,0.002563140493983517,0.0,0.0,0,0.0,0.009018223809372672,13
9375.73865451,13.599999999997902,0,1,2,1.1283973267766316,3.8014061904294882,3.77482756490921,0.03513077864309961,0.0,0.0,0.0,0.002462440787595802,0.0,0.0,0,0.0,0.009023096363032335,13
9375.74865224,13.609999999997896,0,1,2,1.278619995588842,3.8014061904294882,3.7758691392609802,0.03375057373322021,0.0,0.0,0.0,0.002365697333661584,0.0,0.0,0,0.0,0.009027836411706458,13
9375.758765728,13.61999999999789,0,1,2,1.4399146851768896,3.8014061904294882,3.7768699970605955,0.03242459379833619,0.0,0.0,0.0,0.0022727547004122457,0.0,0.0,0,0.0,0.009032447645523134,16
9375.768610618,13.629999999997885,0,1,2,1.5097584404647766,3.8014061904294882,3.777831722066978,0.031150708467866335,0.0,0.0,0.0,0.002183463562623191,0.0,0.0,0,0.0,0.009036933647535661,16
9375.778629656,13.63999999999788,0,1,2,1.6631762097651834,3.8014061904294882,3.7787558370586343,0.029926871068459406,0.0,0.0,0.0,0.0020976804617043707,0.0,0.0,0,0.0,0.009041297897039557,16
9375.790945859,13.649999999997874,0,1,2,1.7748643551656227,3.8014061904294882,3.779643806131861,0.02875111533569982,0.0,0.0,0.0,0.0020152675752149484,0.0,0.0,0,0.0,0.009045543772776554,18
9375.798647736,13.659999999997869,0,1,2,1.8653053916275966,3.8014061904294882,3.7804970369163673,0.027621552255014035,0.0,0.0,0.0,0.0019360924954285998,0.0,0.0,0,0.0,0.009049674556030896,21
9375.808609926,13.669999999997863,0,1,2,1.9527516273543906,3.8014061904294882,3.781316882710956,0.026536367026741767,0.0,0.0,0.0,0.001860028016603504,0.0,0.0,0,0.0,0.009053693433620946,21
9375.818614038,13.679999999997857,0,1,2,2.15739014415198,3.8014061904294882,3.7821046445418496,0.0254938161503962,0.0,0.0,0.0,0.001786951930612673,0.0,0.0,0,0.0,0.00905760350078988,21
9375.828653516,13.689999999997852,0,1,2,2.3429244639418636,3.8014061904294882,3.7828615731462,0.024492224623493136,0.0,0.0,0.0,0.00171674683059438,0.0,0.0,0,0.0,0.009061407764001106,24
9375.838586223,13.699999999997846,0,1,2,2.367590413704658,3.8014061904294882,3.783588870883215,0.023529983250387104,0.0,0.0,0.0,0.0016492999223228838,0.0,0.0,0,0.0,0.009065109143639005,24
9375.848688075,13.70999999999784,0,1,2,2.4519415821071537,3.8014061904294882,3.7842876935752345,0.022605546056957252,0.0,0.0,0.0,0.0015845028429926627,0.0,0.0,0,0.0,0.009068710476621833,24
9375.859197275,13.719999999997835,0,1,2,2.619782366805315,3.8014061904294882,3.7849591522812758,0.021717427806692894,0.0,0.0,0.0,0.0015222514871123171,0.0,0.0,0,0.0,0.00907221451892648,29
9375.868626497,13.72999999999783,0,1,2,2.7914922853578497,3.8014061904294882,3.7856043150051035,0.02086420161455108,0.0,0.0,0.0,0.0014624458392523288,0.0,0.0,0,0.0,0.009075623948032074,29
9375.878594782,13.739999999997824,0,1,2,3.07753379735126,3.8014061904294882,3.786224208340305,0.020044496654356807,0.0,0.0,0.0,0.001404989813347342,0.0,0.0,0,0.0,0.009078941365281423,29
9375.890386417,13.749999999997819,0,1,2,3.266384980767433,3.8014061904294882,3.7868198190542497,0.01925699595648335,0.0,0.0,0.0,0.0013497910983284818,0.0,0.0,0,0.0,0.009082169298167297,30
9375.898615466,13.759999999997813,0,1,2,3.383280182249796,3.8014061904294882,3.787392095613297,0.01850043429188532,0.0,0.0,0.0,0.0012967610098082807,0.0,0.0,0,0.0,0.009085310202543107,32
9375.908566858,13.769999999997808,0,1,2,3.4326525806868795,3.8014061904294882,3.7879419496511098,0.017773596139396032,0.0,0.0,0.0,0.001245814347598941,0.0,0.0,0,0.0,0.00908836646476252,32
9375.918601026,13.779999999997802,0,1,2,3.565047517352637,3.8014061904294882,3.788470257382215,0.01707531373275769,0.0,0.0,0.0,0.0011968692588256627,0.0,0.0,0,0.0,0.009091340403749038,33
9375.928598973,13.789999999997796,0,1,2,3.6833201114950094,3.8014061904294882,3.788977860962567,0.016404465184511954,0.0,0.0,0.0,0.0011498471064197442,0.0,0.0,0,0.0,0.009094234273000046,38
9375.938548033,13.799999999997791,0,1,2,3.8521601406792554,3.8014061904294882,3.7894655697991806,0.01575997268346359,0.0,0.0,0.0,0.0011046723427742535,0.0,0.0,0,0.0,0.009097050262526163,38
9375.948769989,13.809999999997785,0,1,2,3.8773876134269663,3.8014061904294882,3.789934161810469,0.015140800763065601,0.0,0.0,0.0,0.001061272388369377,0.0,0.0,0,0.0,0.00909979050072851,38
9375.959659002,13.81999999999778,0,1,2,4.107628506977956,3.8014061904294882,3.7903843846391068,0.014545954637829157,0.0,0.0,0.0,0.0010195775151641455,0.0,0.0,0,0.0,0.009102457056216706,41
9375.968632734,13.829999999997774,0,1,2,4.108002842308149,3.8014061904294882,3.7908169568192607,0.013974478604975499,0.0,0.0,0.0,0.000979520734563648,0.0,0.0,0,0.0,0.009105051939567899,43
9375.978590218,13.839999999997769,0,1,2,4.167473921749892,3.8014061904294882,3.791232568899539,0.013425454509043361,0.0,0.0,0.0,0.0009410376897971897,0.0,0.0,0,0.0,0.009107577105031739,44
9375.988797846,13.849999999997763,0,1,2,4.171560997612497,3.8014061904294882,3.791631884523538,0.012898000266743394,0.0,0.0,0.0,0.0009040665525211877,0.0,0.0,0,0.0,0.009110034452180615,44
9375.998601773,13.859999999997758,0,1,2,4.112141315050798,3.8014061904294882,3.7920155414694148,0.012391268449702437,0.0,0.0,0.0,0.0008685479234770388,0.0,0.0,0,0.0,0.009112425827507709,48
9376.008646177,13.869999999997752,0,1,2,4.085753604783183,3.8014061904294882,3.792384152649923,0.011904444923019331,0.0,0.0,0.0,0.0008344247370643908,0.0,0.0,0,0.0,0.009114753025976752,48
9376.018665185,13.879999999997747,0,1,2,3.940954348278947,3.8014061904294882,3.792738307074455,0.011436747537232292,0.0,0.0,0.0,0.0008016421696548655,0.0,0.0,0,0.0,0.009117017792521609,49
9376.028744737,13.889999999997741,0,1,2,3.6606674304374756,3.8014061904294882,3.7930785707744876,0.010987424871643513,0.0,0.0,0.0,0.0007701475515089479,0.0,0.0,0,0.0,0.009119221823499224,53
9376.038598102,13.899999999997736,0,1,2,3.5191414113128943,3.8014061904294882,3.793405487693612,0.010555755027117766,0.0,0.0,0.0,0.0007398902821573834,0.0,0.0,0,0.0,0.009121366768098715,54
9376.048569827,13.90999999999773,0,1,2,3.4021499949335405,3.8014061904294882,3.793719580543732,0.010141044466215587,0.0,0.0,0.0,0.0007108217491028822,0.0,0.0,0,0.0,0.009123454229706174,55
9376.060983963,13.919999999997724,0,1,2,3.281240322569097,3.8014061904294882,3.7940213516284405,0.009742626898933831,0.0,0.0,0.0,0.0006828952497180628,0.0,0.0,0,0.0,0.00912548576722716,56
9376.068680119,13.929999999997719,0,1,2,3.267044907055222,3.8014061904294882,3.794311283634874,0.00935986221222005,0.0,0.0,0.0,0.0006560659162098233,0.0,0.0,0,0.0,0.009127462896369232,59
9376.078643439,13.939999999997713,0,1,2,3.343401617068613,3.8014061904294882,3.7945898403953042,0.008992135441553226,0.0,0.0,0.0,0.0006302906435359427,0.0,0.0,0,0.0,0.009129387090884289,60
9376.088640981,13.949999999997708,0,1,2,3.2494300127401323,3.8014061904294882,3.7948574676194187,0.008638855782922533,0.0,0.0,0.0,0.0006055280201482602,0.0,0.0,0,0.0,0.00913125978377305,60
9376.09866626,13.959999999997702,0,1,2,3.2837924137002834,3.8014061904294882,3.79511459359861,0.0082994556435565,0.0,0.0,0.0,0.0005817382614589487,0.0,0.0,0,0.0,0.00913308236845467,64
9376.108605907,13.969999999997697,0,1,2,3.2695166857884215,3.8014061904294882,3.7953616298830566,0.007973389730117233,0.0,0.0,0.0,0.0005588831459245795,0.0,0.0,0,0.0,0.009134856199897734,64
9376.118604236,13.979999999997691,0,1,2,3.2903534792156317,3.8014061904294882,3.7955989719329057,0.007660134172482614,0.0,0.0,0.0,0.0005369259536317846,0.0,0.0,0,0.0,0.009136582595718812,64
9376.129502714,13.989999999997686,0,1,2,3.2482546031688653,3.8014061904294882,3.795826999744233,0.007359185682204487,0.0,0.0,0.0,0.0005158314073095932,0.0,0.0,0,0.0,0.009138262837248279,67
9376.138636847,13.99999999999768,0,1,2,3.0675121361042064,3.8014061904294882,3.7960460784510373,0.007070060743806407,0.0,0.0,0.0,0.0004955656156440557,0.0,0.0,0,0.0,0.009139898170562266,68
9376.148609729,14.009999999997675,0,1,2,2.9316453364281814,3.8014061904294882,3.7962565589039046,0.006792294837995658,0.0,0.0,0.0,0.00047609601883224584,0.0,0.0,0,0.0,0.00914148980748608,68
9376.158567407,14.019999999997669,0,1,2,2.887827709486147,3.8014061904294882,3.7964587782263997,0.006525441695341679,0.0,0.0,0.0,0.00045739133626801975,0.0,0.0,0,0.0,0.00914303892656454,68
9376.168648007,14.029999999997663,0,1,2,2.730627159774995,3.8014061904294882,3.796653060349934,0.006269072579288101,0.0,0.0,0.0,0.00043942151628542197,0.0,0.0,0,0.0,0.009144546674005216,74
9376.178655376,14.039999999997658,0,1,2,2.785719117990382,3.8014061904294882,3.7968397165280194,0.006022775597309698,0.0,0.0,0.0,0.00042215768787878626,0.0,0.0,0,0.0,0.009146014164593708,74
9376.188632519,14.049999999997652,0,1,2,2.785719117990382,3.8014061904294882,3.797019045830547,0.0057861550391615805,0.0,0.0,0.0,0.0004055721143143234,0.0,0.0,0,0.0,0.009147442482580037,74
9376.198539227,14.059999999997647,0,1,2,2.7436917995994095,3.8014061904294882,3.8014061904294882,0.0,0.0,0.0,0.0,0.0,0.0,0.0,0,0.0,0.009148832682541297,79
9376.208654158,14.069999999997641,0,1,2,2.6441297173656158,3.8014061904294882,3.8014061904294882,0.0,0.0,0.0,0.0,0.0,0.0,0.0,0,0.0,0.009150185790215537,79
9376.218610411,14.079999999997636,0,1,2,2.6086159867213015,3.8014061904294882,3.8014061904294882,0.0,0.0,0.0,0.0,0.0,0.0,0.0,0,0.0,0.009151502803314004,79
9376.230812822,14.08999999999763,0,1,2,2.5919522449074464,3.8014061904294882,3.8014061904294882,0.0,0.0,0.0,0.0,0.0,0.0,0.0,0,0.0,0.009152784692307625,81
9376.238614593,14.099999999997625,0,1,2,2.6629335012070374,3.8014061904294882,3.8014061904294882,0.0,0.0,0.0,0.0,0.0,0.0,0.0,0,0.0,0.009154032401191059,84
9376.248682417,14.10999999999762,0,1,2,2.578740999476454,3.8014061904294882,3.8014061904294882,0.0,0.0,0.0,0.0,0.0,0.0,0.0,0,0.0,0.009155246848223442,85
9376.258785822,14.119999999997614,0,1,2,2.5547026185482813,3.8014061904294882,3.8014061904294882,0.0,0.0,0.0,0.0,0.0,0.0,0.0,0,0.0,0.009156428926649252,85
9376.268760074,14.129999999997608,0,1,2,2.536666806796601,3.8014061904294882,3.8014061904294882,0.0,0.0,0.0,0.0,0.0,0.0,0.0,0,0.0,0.009157579505396751,89
9376.278594154,14.139999999997602,0,1,2,2.615309908362394,3.8014061904294882,3.8014061904294882,0.0,0.0,0.0,0.0,0.0,0.0,0.0,0,0.0,0.00915869942975589,90
9376.288597521,14.149999999997597,0,1,2,2.615309908362394,3.8014061904294882,3.8014061904294882,0.0,0.0,0.0,0.0,0.0,0.0,0.0,0,0.0,0.009159789522036998,91
9376.300223482,14.159999999997591,0,1,2,2.610899089702817,3.8014061904294882,3.8014061904294882,0.0,0.0,0.0,0.0,0.0,0.0,0.0,0,0.0,0.009160850582210722,94
9376.308579245,14.169999999997586,0,1,2,2.5236717458835427,3.8014061904294882,3.8014061904294882,0.0,0.0,0.0,0.0,0.0,0.0,0.0,0,0.0,0.009161883388528747,96
9376.318542949,14.17999999999758,0,1,2,2.6131280876422815,3.8014061904294882,3.8014061904294882,0.0,0.0,0.0,0.0,0.0,0.0,0.0,0,0.0,0.009162888698126537,96
9376.328626332,14.189999999997575,0,1,2,2.618306628116096,3.8014061904294882,3.8014061904294882,0.0,0.0,0.0,0.0,0.0,0.0,0.0,0,0.0,0.009163867247609536,97
9376.338680834,14.19999999999757,0,1,2,2.633566479916008,3.8014061904294882,3.8014061904294882,0.0,0.0,0.0,0.0,0.0,0.0,0.0,0,0.0,0.0091648197536216,102
9376.348824171,14.209999999997564,0,1,2,2.54977811584252,3.8014061904294882,3.8014061904294882,0.0,0.0,0.0,0.0,0.0,0.0,0.0,0,0.0,0.009165746913397554,102
9376.358659481,14.219999999997558,0,1,2,2.5596131443189525,3.8014061904294882,3.8014061904294882,0.0,0.0,0.0,0.0,0.0,0.0,0.0,0,0.0,0.00916664940529921,102
9376.368546744,14.229999999997553,0,1,2,2.5596131443189525,3.8014061904294882,3.8014061904294882,0.0,0.0,0.0,0.0,0.0,0.0,0.0,0,0.0,0.009167527889336946,107
9376.378563817,14.239999999997547,0,1,2,2.575547191807434,3.8014061904294882,3.8014061904294882,0.0,0.0,0.0,0.0,0.0,0.0,0.0,0,0.0,0.009168383007676084,108
9376.388533123,14.249999999997542,0,1,2,2.5955242637796077,3.8014061904294882,3.8014061904294882,0.0,0.0,0.0,0.0,0.0,0.0,0.0,0,0.0,0.009169215385128382,109
9376.398557753,14.259999999997536,0,1,2,2.6202918363551384,3.8014061904294882,3.8014061904294882,0.0,0.0,0.0,0.0,0.0,0.0,0.0,0,0.0,0.009170025629630096,109
9376.40854288,14.26999999999753,0,1,2,2.6507895065990943,3.8014061904294882,3.8014061904294882,0.0,0.0,0.0,0.0,0.0,0.0,0.0,0,0.0,0.009170814332706279,116
9376.418531009,14.279999999997525,0,1,2,2.772059770264718,3.8014061904294882,3.8014061904294882,0.0,0.0,0.0,0.0,0.0,0.0,0.0,0,0.0,0.009171582069921191,116
9376.428607099,14.28999999999752,0,1,2,2.6974924030707075,3.8014061904294882,3.8014061904294882,0.0,0.0,0.0,0.0,0.0,0.0,0.0,0,0.0,0.00917232940131707,116
9376.438593806,14.299999999997514,0,1,2,2.7415600330146757,3.8014061904294882,3.8014061904294882,0.0,0.0,0.0,0.0,0.0,0.0,0.0,0,0.0,0.009173056871840224,120
9376.448622144,14.309999999997508,0,1,2,2.85786927105462,3.8014061904294882,3.8014061904294882,0.0,0.0,0.0,0.0,0.0,0.0,0.0,0,0.0,0.009173765011753376,120
9376.458610823,14.319999999997503,0,1,2,2.8099941043965733,3.8014061904294882,3.8014061904294882,0.0,0.0,0.0,0.0,0.0,0.0,0.0,0,0.0,0.009174454337039784,121
9376.470919852,14.329999999997497,0,1,2,2.8476648392589192,3.8014061904294882,3.8014061904294882,0.0,0.0,0.0,0.0,0.0,0.0,0.0,0,0.0,0.009175125349792479,124
9376.478658428,14.339999999997492,0,1,2,2.9294695248793734,3.8014061904294882,3.8014061904294882,0.0,0.0,0.0,0.0,0.0,0.0,0.0,0,0.0,0.009175778538594304,128
9376.488570799,14.349999999997486,0,1,2,2.8875197262304306,3.8014061904294882,3.8014061904294882,0.0,0.0,0.0,0.0,0.0,0.0,0.0,0,0.0,0.00917641437888772,129
9376.498569062,14.35999999999748,0,1,2,2.944855125010767,3.8014061904294882,3.8014061904294882,0.0,0.0,0.0,0.0,0.0,0.0,0.0,0,0.0,0.00917703333333264,129
9376.508586697,14.369999999997475,0,1,2,2.9886417690540306,3.8014061904294882,3.8014061904294882,0.0,0.0,0.0,0.0,0.0,0.0,0.0,0,0.0,0.009177635852155697,133
9376.518527321,14.37999999999747,0,1,2,3.129506913006652,3.8014061904294882,3.8014061904294882,0.0,0.0,0.0,0.0,0.0,0.0,0.0,0,0.0,0.00917822237348842,134
9376.528610267,14.389999999997464,0,1,2,3.099157641478901,3.8014061904294882,3.8014061904294882,0.0,0.0,0.0,0.0,0.0,0.0,0.0,0,0.0,0.009178793323697865,134
9376.538616396,14.399999999997458,0,1,2,3.1482162299464633,3.8014061904294882,3.8014061904294882,0.0,0.0,0.0,0.0,0.0,0.0,0.0,0,0.0,0.009179349117705904,137
9376.548548898,14.409999999997453,0,1,2,3.213239827254537,3.8014061904294882,3.8014061904294882,0.0,0.0,0.0,0.0,0.0,0.0,0.0,0,0.0,0.009179890159300319,137
9376.558712497,14.419999999997447,0,1,2,3.1989372710518116,3.8014061904294882,3.8014061904294882,0.0,0.0,0.0,0.0,0.0,0.0,0.0,0,0.0,0.009180416841438443,137
9376.568534753,14.429999999997442,0,1,2,3.325338635196742,3.8014061904294882,3.8014061904294882,0.0,0.0,0.0,0.0,0.0,0.0,0.0,0,0.0,0.009180929546540484,137
9376.578664217,14.439999999997436,0,1,2,3.37824062274899,3.8014061904294882,3.8014061904294882,0.0,0.0,0.0,0.0,0.0,0.0,0.0,0,0.0,0.009181428646775958,142
9376.588629071,14.44999999999743,0,1,2,3.4325776154601986,3.8014061904294882,3.8014061904294882,0.0,0.0,0.0,0.0,0.0,0.0,0.0,0,0.0,0.009181914504341693,142
9376.598588,14.459999999997425,0,1,2,3.4166955948548043,3.8014061904294882,3.8014061904294882,0.0,0.0,0.0,0.0,0.0,0.0,0.0,0,0.0,0.0091823874717325,142
9376.608691583,14.46999999999742,0,1,2,3.4009605124143905,3.8014061904294882,3.8014061904294882,0.0,0.0,0.0,0.0,0.0,0.0,0.0,0,0.0,0.009182847892003299,145
9376.618608912,14.479999999997414,0,1,2,3.459098536612705,3.8014061904294882,3.8014061904294882,0.0,0.0,0.0,0.0,0.0,0.0,0.0,0,0.0,0.009183296099025462,146
9376.628611559,14.489999999997409,0,1,2,3.474848799484382,3.8014061904294882,3.8014061904294882,0.0,0.0,0.0,0.0,0.0,0.0,0.0,0,0.0,0.00918373241773518,146
9376.640293216,14.499999999997403,0,1,2,3.6035409690720437,3.8014061904294882,3.8014061904294882,0.0,0.0,0.0,0.0,0.0,0.0,0.0,0,0.0,0.009184157164375262,2
9376.648579779,14.509999999997397,0,1,2,3.5943361297175542,3.8014061904294882,3.8014061904294882,0.0,0.0,0.0,0.0,0.0,0.0,0.0,0,0.0,0.009184570646729728,4
9376.65861482,14.519999999997392,0,1,2,3.662973348858475,3.8014061904294882,3.8014061904294882,0.0,0.0,0.0,0.0,0.0,0.0,0.0,0,0.0,0.009184973164352739,4
9376.668625088,14.529999999997386,0,1,2,3.6557846715722695,3.8014061904294882,3.8014061904294882,0.0,0.0,0.0,0.0,0.0,0.0,0.0,0,0.0,0.009185365008790969,4
9376.678636728,14.53999999999738,0,1,2,3.6557846715722695,3.8014061904294882,3.8014061904294882,0.0,0.0,0.0,0.0,0.0,0.0,0.0,0,0.0,0.009185746463799438,8
9376.688610625,14.549999999997375,0,1,2,3.718295013309216,3.8014061904294882,3.8014061904294882,0.0,0.0,0.0,0.0,0.0,0.0,0.0,0,0.0,0.009186117805551675,8
9376.698595951,14.55999999999737,0,1,2,3.718295013309216,3.8014061904294882,3.8014061904294882,0.0,0.0,0.0,0.0,0.0,0.0,0.0,0,0.0,0.009186479302844441,8
9376.70860858,14.569999999997364,0,1,2,3.781814503204518,3.8014061904294882,3.8014061904294882,0.0,0.0,0.0,0.0,0.0,0.0,0.0,0,0.0,0.009186831217296576,12
9376.71856411,14.579999999997359,0,1,2,3.847811424213633,3.8014061904294882,3.8014061904294882,0.0,0.0,0.0,0.0,0.0,0.0,0.0,0,0.0,0.009187173803542281,12
9376.728623143,14.589999999997353,0,1,2,3.911432710923762,3.8014061904294882,3.8014061904294882,0.0,0.0,0.0,0.0,0.0,0.0,0.0,0,0.0,0.009187507309419196,12
9376.741674379,14.599999999997348,0,1,2,3.911432710923762,3.8014061904294882,3.8014061904294882,0.0,0.0,0.0,0.0,0.0,0.0,0.0,0,0.0,0.009187831976151029,13
9376.74867725,14.609999999997342,0,1,2,3.8462931449394784,3.8014061904294882,3.8014061904294882,0.0,0.0,0.0,0.0,0.0,0.0,0.0,0,0.0,0.009188148038525745,17
9376.758621145,14.619999999997336,0,1,2,3.9759785791720113,3.8014061904294882,3.8014061904294882,0.0,0.0,0.0,0.0,0.0,0.0,0.0,0,0.0,0.009188455725069211,17
9376.76870017,14.629999999997331,0,1,2,3.911683507959417,3.8014061904294882,3.8014061904294882,0.0,0.0,0.0,0.0,0.0,0.0,0.0,0,0.0,0.00918875525821261,17
9376.778694184,14.639999999997325,0,1,2,3.9759785791720113,3.8014061904294882,3.8014061904294882,0.0,0.0,0.0,0.0,0.0,0.0,0.0,0,0.0,0.009189046854457206,20
9376.788764739,14.64999999999732,0,1,2,3.9779406312195014,3.8014061904294882,3.8014061904294882,0.0,0.0,0.0,0.0,0.0,0.0,0.0,0,0.0,0.009189330724532319,20
9376.79860655,14.659999999997314,0,1,2,3.9779406312195014,3.8014061904294882,3.8014061904294882,0.0,0.0,0.0,0.0,0.0,0.0,0.0,0,0.0,0.009189607073551542,20
9376.810114662,14.669999999997309,0,1,2,3.9779406312195014,3.8014061904294882,3.8014061904294882,0.0,0.0,0.0,0.0,0.0,0.0,0.0,0,0.0,0.00918987610116262,23
9376.818724332,14.679999999997303,0,1,2,3.9779406312195014,3.8014061904294882,3.8014061904294882,0.0,0.0,0.0,0.0,0.0,0.0,0.0,0,0.0,0.009190138001695214,25
9376.828684623,14.689999999997298,0,1,2,4.041404729313316,3.8014061904294882,3.8014061904294882,0.0,0.0,0.0,0.0,0.0,0.0,0.0,0,0.0,0.009190392964301797,25
9376.838609813,14.699999999997292,0,1,2,4.0450219225565,3.8014061904294882,3.8014061904294882,0.0,0.0,0.0,0.0,0.0,0.0,0.0,0,0.0,0.00919064117309798,25
9376.848676492,14.709999999997287,0,1,2,4.107669098684053,3.8014061904294882,3.8014061904294882,0.0,0.0,0.0,0.0,0.0,0.0,0.0,0,0.0,0.009190882807297185,30
9376.85862444,14.719999999997281,0,1,2,4.107669098684053,3.8014061904294882,3.8014061904294882,0.0,0.0,0.0,0.0,0.0,0.0,0.0,0,0.0,0.009191118041341761,30
9376.868606995,14.729999999997275,0,1,2,4.107669098684053,3.8014061904294882,3.8014061904294882,0.0,0.0,0.0,0.0,0.0,0.0,0.0,0,0.0,0.009191347045030551,30
9376.878555668,14.73999999999727,0,1,2,4.107669098684053,3.8014061904294882,3.8014061904294882,0.0,0.0,0.0,0.0,0.0,0.0,0.0,0,0.0,0.009191569983644121,34
9376.888665653,14.749999999997264,0,1,2,4.0450219225565,3.8014061904294882,3.8014061904294882,0.0,0.0,0.0,0.0,0.0,0.0,0.0,0,0.0,0.009191787018064335,34
9376.898574819,14.759999999997259,0,1,2,4.107669098684053,3.8014061904294882,3.8014061904294882,0.0,0.0,0.0,0.0,0.0,0.0,0.0,0,0.0,0.009191998304893478,34
9376.910297082,14.769999999997253,0,1,2,4.107669098684053,3.8014061904294882,3.8014061904294882,0.0,0.0,0.0,0.0,0.0,0.0,0.0,0,0.0,0.009192203996567616,35
9376.918714315,14.779999999997248,0,1,2,4.107669098684053,3.8014061904294882,3.8014061904294882,0.0,0.0,0.0,0.0,0.0,0.0,0.0,0,0.0,0.009192404241468943,37
9376.928640328,14.789999999997242,0,1,2,4.053963007056644,3.8014061904294882,3.8014061904294882,0.0,0.0,0.0,0.0,0.0,0.0,0.0,0,0.0,0.0091925991840337,37
9376.938574093,14.799999999997237,0,1,2,4.0450219225565,3.8014061904294882,3.8014061904294882,0.0,0.0,0.0,0.0,0.0,0.0,0.0,0,0.0,0.009192788964857534,37
9376.948554493,14.809999999997231,0,1,2,4.0450219225565,3.8014061904294882,3.8014061904294882,0.0,0.0,0.0,0.0,0.0,0.0,0.0,0,0.0,0.009192973720798636,41
9376.958609425,14.819999999997226,0,1,2,4.0450219225565,3.8014061904294882,3.8014061904294882,0.0,0.0,0.0,0.0,0.0,0.0,0.0,0,0.0,0.009193153585077218,41
9376.968536623,14.82999999999722,0,1,2,4.107669098684053,3.8014061904294882,3.8014061904294882,0.0,0.0,0.0,0.0,0.0,0.0,0.0,0,0.0,0.009193328687372326,41
9376.979225602,14.839999999997215,0,1,2,4.053963007056644,3.8014061904294882,3.8014061904294882,0.0,0.0,0.0,0.0,0.0,0.0,0.0,0,0.0,0.009193499153917206,44
9376.98858913,14.849999999997209,0,1,2,4.0450219225565,3.8014061904294882,3.8014061904294882,0.0,0.0,0.0,0.0,0.0,0.0,0.0,0,0.0,0.009193665107590676,44
9376.998635891,14.859999999997203,0,1,2,4.107669098684053,3.8014061904294882,3.8014061904294882,0.0,0.0,0.0,0.0,0.0,0.0,0.0,0,0.0,0.009193826668007055,44
9377.008604844,14.869999999997198,0,1,2,4.107669098684053,3.8014061904294882,3.8014061904294882,0.0,0.0,0.0,0.0,0.0,0.0,0.0,0,0.0,0.009193983951603202,44
9377.018577487,14.879999999997192,0,1,2,4.0450219225565,3.8014061904294882,3.8014061904294882,0.0,0.0,0.0,0.0,0.0,0.0,0.0,0,0.0,0.009194137071722897,47
9377.028635363,14.889999999997187,0,1,2,4.107669098684053,3.8014061904294882,3.8014061904294882,0.0,0.0,0.0,0.0,0.0,0.0,0.0,0,0.0,0.009194286138699992,47
9377.038592727,14.899999999997181,0,1,2,4.0450219225565,3.8014061904294882,3.8014061904294882,0.0,0.0,0.0,0.0,0.0,0.0,0.0,0,0.0,0.009194431259937907,47
9377.048647311,14.909999999997176,0,1,2,4.0450219225565,3.8014061904294882,3.8014061904294882,0.0,0.0,0.0,0.0,0.0,0.0,0.0,0,0.0,0.009194572539988455,51
9377.05860585,14.91999999999717,0,1,2,4.0450219225565,3.8014061904294882,3.8014061904294882,0.0,0.0,0.0,0.0,0.0,0.0,0.0,0,0.0,0.009194710080627666,51
9377.068566075,14.929999999997165,0,1,2,4.0450219225565,3.8014061904294882,3.8014061904294882,0.0,0.0,0.0,0.0,0.0,0.0,0.0,0,0.0,0.009194843980929401,51
9377.080845904,14.939999999997159,0,1,2,4.107669098684053,3.8014061904294882,3.8014061904294882,0.0,0.0,0.0,0.0,0.0,0.0,0.0,0,0.0,0.009194974337337736,52
9377.088647714,14.949999999997154,0,1,2,4.0450219225565,3.8014061904294882,3.8014061904294882,0.0,0.0,0.0,0.0,0.0,0.0,0.0,0,0.0,0.00919510124373668,56
9377.098633585,14.959999999997148,0,1,2,4.0450219225565,3.8014061904294882,3.8014061904294882,0.0,0.0,0.0,0.0,0.0,0.0,0.0,0,0.0,0.009195224791518908,57
9377.108610479,14.969999999997142,0,1,2,4.0450219225565,3.8014061904294882,3.8014061904294882,0.0,0.0,0.0,0.0,0.0,0.0,0.0,0,0.0,0.009195345069651917,57
9377.118572098,14.979999999997137,0,1,2,4.0450219225565,3.8014061904294882,3.8014061904294882,0.0,0.0,0.0,0.0,0.0,0.0,0.0,0,0.0,0.009195462164741874,61
9377.12865126,14.989999999997131,0,1,2,4.107669098684053,3.8014061904294882,3.8014061904294882,0.0,0.0,0.0,0.0,0.0,0.0,0.0,0,0.0,0.009195576161097896,62
9377.138610167,14.999999999997126,0,1,2,4.107669098684053,3.8014061904294882,3.8014061904294882,0.0,0.0,0.0,0.0,0.0,0.0,0.0,0,0.0,0.009195687140791553,63
9377.150039168,15.00999999999712,0,1,2,4.107669098684053,3.8014061904294882,3.8014061904294882,0.0,0.0,0.0,0.0,0.0,0.0,0.0,0,0.0,0.009195795183717603,66
9377.158610045,15.019999999997115,0,1,2,4.0450219225565,3.8014061904294882,3.8014061904294882,0.0,0.0,0.0,0.0,0.0,0.0,0.0,0,0.0,0.0091959003676515,69
9377.168582399,15.02999999999711,0,1,2,4.107669098684053,3.8014061904294882,3.8014061904294882,0.0,0.0,0.0,0.0,0.0,0.0,0.0,0,0.0,0.00919600276830601,69
9377.178628941,15.039999999997104,0,1,2,4.0450219225565,3.8014061904294882,3.8014061904294882,0.0,0.0,0.0,0.0,0.0,0.0,0.0,0,0.0,0.00919610245938518,70
9377.188605232,15.049999999997098,0,1,2,4.0450219225565,3.8014061904294882,3.8014061904294882,0.0,0.0,0.0,0.0,0.0,0.0,0.0,0,0.0,0.009196199512639502,74
9377.198613858,15.059999999997093,0,1,2,4.0450219225565,3.8014061904294882,3.8014061904294882,0.0,0.0,0.0,0.0,0.0,0.0,0.0,0,0.0,0.009196293997916327,74
9377.208623073,15.069999999997087,0,1,2,4.0450219225565,3.8014061904294882,3.8014061904294882,0.0,0.0,0.0,0.0,0.0,0.0,0.0,0,0.0,0.009196385983210598,74
9377.218514694,15.079999999997082,0,1,2,4.107669098684053,3.8014061904294882,3.8014061904294882,0.0,0.0,0.0,0.0,0.0,0.0,0.0,0,0.0,0.009196475534715032,79
9377.228612578,15.089999999997076,0,1,2,4.107669098684053,3.8014061904294882,3.8014061904294882,0.0,0.0,0.0,0.0,0.0,0.0,0.0,0,0.0,0.009196562716867085,80
9377.238549916,15.09999999999707,0,1,2,4.0450219225565,3.8014061904294882,3.8014061904294882,0.0,0.0,0.0,0.0,0.0,0.0,0.0,0,0.0,0.009196647592396023,81
9377.248609508,15.109999999997065,0,1,2,4.107669098684053,3.8014061904294882,3.8014061904294882,0.0,0.0,0.0,0.0,0.0,0.0,0.0,0,0.0,0.009196730222368443,81
9377.258639247,15.11999999999706,0,1,2,4.0450219225565,3.8014061904294882,3.8014061904294882,0.0,0.0,0.0,0.0,0.0,0.0,0.0,0,0.0,0.009196810666232125,85
9377.268562951,15.129999999997054,0,1,2,4.107669098684053,3.8014061904294882,3.8014061904294882,0.0,0.0,0.0,0.0,0.0,0.0,0.0,0,0.0,0.009196888981859552,85
9377.278622257,15.139999999997048,0,1,2,4.116427722342913,3.8014061904294882,3.8014061904294882,0.0,0.0,0.0,0.0,0.0,0.0,0.0,0,0.0,0.009196965225588882,85
9377.288625313,15.149999999997043,0,1,2,4.060775910814632,3.8014061904294882,3.8014061904294882,0.0,0.0,0.0,0.0,0.0,0.0,0.0,0,0.0,0.009197039452265243,90
9377.298672047,15.159999999997037,0,1,2,4.060775910814632,3.8014061904294882,3.8014061904294882,0.0,0.0,0.0,0.0,0.0,0.0,0.0,0,0.0,0.009197111715280704,90
9377.308586604,15.169999999997032,0,1,2,4.053963007056644,3.8014061904294882,3.8014061904294882,0.0,0.0,0.0,0.0,0.0,0.0,0.0,0,0.0,0.009197182066612464,92
9377.320941917,15.179999999997026,0,1,2,4.0450219225565,3.8014061904294882,3.8014061904294882,0.0,0.0,0.0,0.0,0.0,0.0,0.0,0,0.0,0.009197250556860048,94
9377.328563237,15.18999999999702,0,1,2,4.0450219225565,3.8014061904294882,3.8014061904294882,0.0,0.0,0.0,0.0,0.0,0.0,0.0,0,0.0,0.00919731723528272,97
9377.338681132,15.199999999997015,0,1,2,4.0450219225565,3.8014061904294882,3.8014061904294882,0.0,0.0,0.0,0.0,0.0,0.0,0.0,0,0.0,0.009197382149834898,97
9377.348677095,15.20999999999701,0,1,2,4.060775910814632,3.8014061904294882,3.8014061904294882,0.0,0.0,0.0,0.0,0.0,0.0,0.0,0,0.0,0.009197445347199906,97
9377.358617048,15.219999999997004,0,1,2,4.107669098684053,3.8014061904294882,3.8014061904294882,0.0,0.0,0.0,0.0,0.0,0.0,0.0,0,0.0,0.009197506872824612,101
9377.368585386,15.229999999996998,0,1,2,4.0450219225565,3.8014061904294882,3.8014061904294882,0.0,0.0,0.0,0.0,0.0,0.0,0.0,0,0.0,0.009197566770952181,102
9377.378598388,15.239999999996993,0,1,2,4.0450219225565,3.8014061904294882,3.8014061904294882,0.0,0.0,0.0,0.0,0.0,0.0,0.0,0,0.0,0.009197625084653605,102
9377.388666926,15.249999999996987,0,1,2,4.107669098684053,3.8014061904294882,3.8014061904294882,0.0,0.0,0.0,0.0,0.0,0.0,0.0,0,0.0,0.009197681855858897,107
9377.398559808,15.259999999996982,0,1,2,4.053963007056644,3.8014061904294882,3.8014061904294882,0.0,0.0,0.0,0.0,0.0,0.0,0.0,0,0.0,0.009197737125387517,107
9377.408587985,15.269999999996976,0,1,2,4.060775910814632,3.8014061904294882,3.8014061904294882,0.0,0.0,0.0,0.0,0.0,0.0,0.0,0,0.0,0.009197790932978012,107
9377.418735991,15.27999999999697,0,1,2,4.053963007056644,3.8014061904294882,3.8014061904294882,0.0,0.0,0.0,0.0,0.0,0.0,0.0,0,0.0,0.009197843317316656,107
9377.428653728,15.289999999996965,0,1,2,4.107669098684053,3.8014061904294882,3.8014061904294882,0.0,0.0,0.0,0.0,0.0,0.0,0.0,0,0.0,0.009197894316064659,111
9377.438558505,15.29999999999696,0,1,2,4.0450219225565,3.8014061904294882,3.8014061904294882,0.0,0.0,0.0,0.0,0.0,0.0,0.0,0,0.0,0.009197943965886024,112
9377.448704731,15.309999999996954,0,1,2,4.107669098684053,3.8014061904294882,3.8014061904294882,0.0,0.0,0.0,0.0,0.0,0.0,0.0,0,0.0,0.009197992302474312,112
9377.458676859,15.319999999996949,0,1,2,4.0450219225565,3.8014061904294882,3.8014061904294882,0.0,0.0,0.0,0.0,0.0,0.0,0.0,0,0.0,0.009198039360577392,115
9377.468625185,15.329999999996943,0,1,2,4.107669098684053,3.8014061904294882,3.8014061904294882,0.0,0.0,0.0,0.0,0.0,0.0,0.0,0,0.0,0.009198085174023318,115
9377.478543204,15.339999999996937,0,1,2,4.093936360845135,3.8014061904294882,3.8014061904294882,0.0,0.0,0.0,0.0,0.0,0.0,0.0,0,0.0,0.009198129775744301,115
9377.491604708,15.349999999996932,0,1,2,4.161178330306006,3.8014061904294882,3.8014061904294882,0.0,0.0,0.0,0.0,0.0,0.0,0.0,0,0.0,0.009198173197800807,117
9377.498663934,15.359999999996926,0,1,2,4.093936360845135,3.8014061904294882,3.8014061904294882,0.0,0.0,0.0,0.0,0.0,0.0,0.0,0,0.0,0.009198215471404203,121
9377.508645713,15.36999999999692,0,1,2,4.161178330306006,3.8014061904294882,3.8014061904294882,0.0,0.0,0.0,0.0,0.0,0.0,0.0,0,0.0,0.009198256626939405,121
9377.518582115,15.379999999996915,0,1,2,4.161178330306006,3.8014061904294882,3.8014061904294882,0.0,0.0,0.0,0.0,0.0,0.0,0.0,0,0.0,0.009198296693987307,121
9377.528602612,15.38999999999691,0,1,2,4.099176327861664,3.8014061904294882,3.8014061904294882,0.0,0.0,0.0,0.0,0.0,0.0,0.0,0,0.0,0.00919833570134565,123
9377.538558517,15.399999999996904,0,1,2,4.112887055556625,3.8014061904294882,3.8014061904294882,0.0,0.0,0.0,0.0,0.0,0.0,0.0,0,0.0,0.009198373677049676,123
9377.548616843,15.409999999996899,0,1,2,4.112887055556625,3.8014061904294882,3.8014061904294882,0.0,0.0,0.0,0.0,0.0,0.0,0.0,0,0.0,0.00919841064839233,124
9377.558555917,15.419999999996893,0,1,2,4.112887055556625,3.8014061904294882,3.8014061904294882,0.0,0.0,0.0,0.0,0.0,0.0,0.0,0,0.0,0.00919844664194458,128
9377.568564212,15.429999999996888,0,1,2,4.060775910814632,3.8014061904294882,3.8014061904294882,0.0,0.0,0.0,0.0,0.0,0.0,0.0,0,0.0,0.009198481683573512,128
9377.578589466,15.439999999996882,0,1,2,4.05717588512861,3.8014061904294882,3.8014061904294882,0.0,0.0,0.0,0.0,0.0,0.0,0.0,0,0.0,0.009198515798461981,128
9377.590555928,15.449999999996876,0,1,2,3.8627264912695445,3.8014061904294882,3.8014061904294882,0.0,0.0,0.0,0.0,0.0,0.0,0.0,0,0.0,0.009198549011125712,129
9377.598605752,15.459999999996871,0,1,2,3.864237004685261,3.8014061904294882,3.8014061904294882,0.0,0.0,0.0,0.0,0.0,0.0,0.0,0,0.0,0.009198581345432166,131
9377.608575178,15.469999999996865,0,1,2,3.8018116016606074,3.8014061904294882,3.8014061904294882,0.0,0.0,0.0,0.0,0.0,0.0,0.0,0,0.0,0.00919861282461698,131
9377.618635593,15.47999999999686,0,1,2,3.8204110534550457,3.8014061904294882,3.8014061904294882,0.0,0.0,0.0,0.0,0.0,0.0,0.0,0,0.0,0.009198643471300283,131
9377.628709796,15.489999999996854,0,1,2,3.887589004236253,3.8014061904294882,3.8014061904294882,0.0,0.0,0.0,0.0,0.0,0.0,0.0,0,0.0,0.009198673307504235,134
9377.638587364,15.499999999996849,0,1,2,3.887589004236253,3.8014061904294882,3.8014061904294882,0.0,0.0,0.0,0.0,0.0,0.0,0.0,0,0.0,0.009198702354667576,0
9377.648658063,15.509999999996843,0,1,2,3.984393612287294,3.8014061904294882,3.8014061904294882,0.0,0.0,0.0,0.0,0.0,0.0,0.0,0,0.0,0.0091987306336625,0
9377.658996975,15.519999999996838,0,1,2,3.981090312497784,3.8014061904294882,3.8014061904294882,0.0,0.0,0.0,0.0,0.0,0.0,0.0,0,0.0,0.009198758164807752,3
9377.66861527,15.529999999996832,0,1,2,4.178797219777106,3.8014061904294882,3.8014061904294882,0.0,0.0,0.0,0.0,0.0,0.0,0.0,0,0.0,0.00919878496788551,3
9377.67854522,15.539999999996827,0,1,2,4.262268303345062,3.8014061904294882,3.8014061904294882,0.0,0.0,0.0,0.0,0.0,0.0,0.0,0,0.0,0.0091988110621537,3
9377.688609978,15.549999999996821,0,1,2,4.308627651582836,3.8014061904294882,3.8014061904294882,0.0,0.0,0.0,0.0,0.0,0.0,0.0,0,0.0,0.00919883646636066,3
9377.698580551,15.559999999996815,0,1,2,4.308627651582836,3.8014061904294882,3.8014061904294882,0.0,0.0,0.0,0.0,0.0,0.0,0.0,0,0.0,0.009198861198759123,8
9377.708576824,15.56999999999681,0,1,2,4.374746247555123,3.8014061904294882,3.8014061904294882,0.0,0.0,0.0,0.0,0.0,0.0,0.0,0,0.0,0.009198885277118318,9
9377.718576759,15.579999999996804,0,1,2,4.293240968395055,3.8014061904294882,3.8014061904294882,0.0,0.0,0.0,0.0,0.0,0.0,0.0,0,0.0,0.009198908718737742,9
9377.728653618,15.589999999996799,0,1,2,4.367827212755379,3.8014061904294882,3.8014061904294882,0.0,0.0,0.0,0.0,0.0,0.0,0.0,0,0.0,0.009198931540458588,13
9377.738559262,15.599999999996793,0,1,2,4.293240968395055,3.8014061904294882,3.8014061904294882,0.0,0.0,0.0,0.0,0.0,0.0,0.0,0,0.0,0.009198953758676964,13
9377.748681501,15.609999999996788,0,1,2,4.441619472214666,3.8014061904294882,3.8014061904294882,0.0,0.0,0.0,0.0,0.0,0.0,0.0,0,0.0,0.00919897538935488,13
9377.758585163,15.619999999996782,0,1,2,4.441619472214666,3.8014061904294882,3.8014061904294882,0.0,0.0,0.0,0.0,0.0,0.0,0.0,0,0.0,0.009198996448032126,13
9377.768594061,15.629999999996777,0,1,2,4.395925709575274,3.8014061904294882,3.8014061904294882,0.0,0.0,0.0,0.0,0.0,0.0,0.0,0,0.0,0.009199016949837158,16
9377.778576764,15.639999999996771,0,1,2,4.441619472214666,3.8014061904294882,3.8014061904294882,0.0,0.0,0.0,0.0,0.0,0.0,0.0,0,0.0,0.009199036909498637,18
9377.788638361,15.649999999996766,0,1,2,4.395925709575274,3.8014061904294882,3.8014061904294882,0.0,0.0,0.0,0.0,0.0,0.0,0.0,0,0.0,0.009199056341355094,18
9377.798581355,15.65999999999676,0,1,2,4.395925709575274,3.8014061904294882,3.8014061904294882,0.0,0.0,0.0,0.0,0.0,0.0,0.0,0,0.0,0.009199075259365586,23
9377.8086018,15.669999999996755,0,1,2,4.395925709575274,3.8014061904294882,3.8014061904294882,0.0,0.0,0.0,0.0,0.0,0.0,0.0,0,0.0,0.00919909367712024,23
9377.818576901,15.679999999996749,0,1,2,4.381181181132179,3.8014061904294882,3.8014061904294882,0.0,0.0,0.0,0.0,0.0,0.0,0.0,0,0.0,0.009199111607849919,23
9377.830674578,15.689999999996743,0,1,2,4.441619472214666,3.8014061904294882,3.8014061904294882,0.0,0.0,0.0,0.0,0.0,0.0,0.0,0,0.0,0.009199129064434763,25
9377.838626856,15.699999999996738,0,1,2,4.419326105618226,3.8014061904294882,3.8014061904294882,0.0,0.0,0.0,0.0,0.0,0.0,0.0,0,0.0,0.00919914605941452,27
9377.848658903,15.709999999996732,0,1,2,4.441619472214666,3.8014061904294882,3.8014061904294882,0.0,0.0,0.0,0.0,0.0,0.0,0.0,0,0.0,0.009199162604997313,27
9377.858600913,15.719999999996727,0,1,2,4.441619472214666,3.8014061904294882,3.8014061904294882,0.0,0.0,0.0,0.0,0.0,0.0,0.0,0,0.0,0.00919917871306819,27
9377.868584793,15.729999999996721,0,1,2,4.313585357502874,3.8014061904294882,3.8014061904294882,0.0,0.0,0.0,0.0,0.0,0.0,0.0,0,0.0,0.009199194395197563,31
9377.878550999,15.739999999996716,0,1,2,4.336680089572072,3.8014061904294882,3.8014061904294882,0.0,0.0,0.0,0.0,0.0,0.0,0.0,0,0.0,0.009199209662650198,31
9377.888627033,15.74999999999671,0,1,2,4.4053084462302365,3.8014061904294882,3.8014061904294882,0.0,0.0,0.0,0.0,0.0,0.0,0.0,0,0.0,0.009199224526392547,31
9377.898571595,15.759999999996705,0,1,2,4.449485919002389,3.8014061904294882,3.8014061904294882,0.0,0.0,0.0,0.0,0.0,0.0,0.0,0,0.0,0.009199238997101178,34
9377.908578053,15.769999999996699,0,1,2,4.453204971490125,3.8014061904294882,3.8014061904294882,0.0,0.0,0.0,0.0,0.0,0.0,0.0,0,0.0,0.009199253085170112,35
9377.918673898,15.779999999996694,0,1,2,4.440647144079064,3.8014061904294882,3.8014061904294882,0.0,0.0,0.0,0.0,0.0,0.0,0.0,0,0.0,0.009199266800718364,35
9377.928822644,15.789999999996688,0,1,2,4.454636366503307,3.8014061904294882,3.8014061904294882,0.0,0.0,0.0,0.0,0.0,0.0,0.0,0,0.0,0.0091992801535975,35
9377.938584056,15.799999999996682,0,1,2,4.380875044760496,3.8014061904294882,3.8014061904294882,0.0,0.0,0.0,0.0,0.0,0.0,0.0,0,0.0,0.009199293153398291,40
9377.94860783,15.809999999996677,0,1,2,4.437433940804901,3.8014061904294882,3.8014061904294882,0.0,0.0,0.0,0.0,0.0,0.0,0.0,0,0.0,0.009199305809457936,40
9377.958620576,15.819999999996671,0,1,2,4.355617445108289,3.8014061904294882,3.8014061904294882,0.0,0.0,0.0,0.0,0.0,0.0,0.0,0,0.0,0.009199318130866607,40
9377.968541115,15.829999999996666,0,1,2,4.342311554695667,3.8014061904294882,3.8014061904294882,0.0,0.0,0.0,0.0,0.0,0.0,0.0,0,0.0,0.009199330126474337,45
9377.978607235,15.83999999999666,0,1,2,4.3348857610774365,3.8014061904294882,3.8014061904294882,0.0,0.0,0.0,0.0,0.0,0.0,0.0,0,0.0,0.009199341804896788,45
9377.988591917,15.849999999996655,0,1,2,4.2737066742194605,3.8014061904294882,3.8014061904294882,0.0,0.0,0.0,0.0,0.0,0.0,0.0,0,0.0,0.009199353174521252,45
9377.99989659,15.85999999999665,0,1,2,4.308309163641616,3.8014061904294882,3.8014061904294882,0.0,0.0,0.0,0.0,0.0,0.0,0.0,0,0.0,0.009199364243514196,47
9378.008574166,15.869999999996644,0,1,2,4.252600531574518,3.8014061904294882,3.8014061904294882,0.0,0.0,0.0,0.0,0.0,0.0,0.0,0,0.0,0.009199375019825262,48
9378.018609217,15.879999999996638,0,1,2,4.260425931667511,3.8014061904294882,3.8014061904294882,0.0,0.0,0.0,0.0,0.0,0.0,0.0,0,0.0,0.009199385511194369,48
9378.028565076,15.889999999996633,0,1,2,4.208629779831945,3.8014061904294882,3.8014061904294882,0.0,0.0,0.0,0.0,0.0,0.0,0.0,0,0.0,0.00919939572515649,48
9378.038595676,15.899999999996627,0,1,2,4.22013878230389,3.8014061904294882,3.8014061904294882,0.0,0.0,0.0,0.0,0.0,0.0,0.0,0,0.0,0.009199405669047311,52
9378.048564005,15.909999999996622,0,1,2,4.375934736887716,3.8014061904294882,3.8014061904294882,0.0,0.0,0.0,0.0,0.0,0.0,0.0,0,0.0,0.009199415350008566,52
9378.058553174,15.919999999996616,0,1,2,4.457578277257558,3.8014061904294882,3.8014061904294882,0.0,0.0,0.0,0.0,0.0,0.0,0.0,0,0.0,0.009199424774992693,53
9378.068691091,15.92999999999661,0,1,2,4.439541428969295,3.8014061904294882,3.8014061904294882,0.0,0.0,0.0,0.0,0.0,0.0,0.0,0,0.0,0.009199433950768943,57
9378.078593627,15.939999999996605,0,1,2,4.511056663349898,3.8014061904294882,3.8014061904294882,0.0,0.0,0.0,0.0,0.0,0.0,0.0,0,0.0,0.009199442883927378,57
9378.088618638,15.9499999999966,0,1,2,4.55484293246458,3.8014061904294882,3.8014061904294882,0.0,0.0,0.0,0.0,0.0,0.0,0.0,0,0.0,0.0091994515808832,57
9378.098742881,15.959999999996594,0,1,2,4.625069491878335,3.8014061904294882,3.8014061904294882,0.0,0.0,0.0,0.0,0.0,0.0,0.0,0,0.0,0.009199460047882413,57
9378.108551944,15.969999999996588,0,1,2,4.632262058092183,3.8014061904294882,3.8014061904294882,0.0,0.0,0.0,0.0,0.0,0.0,0.0,0,0.0,0.009199468291005819,61
9378.118594214,15.979999999996583,0,1,2,4.679420236074082,3.8014061904294882,3.8014061904294882,0.0,0.0,0.0,0.0,0.0,0.0,0.0,0,0.0,0.009199476316173572,61
9378.128659716,15.989999999996577,0,1,2,4.686375337080219,3.8014061904294882,3.8014061904294882,0.0,0.0,0.0,0.0,0.0,0.0,0.0,0,0.0,0.009199484129148838,61
9378.138615161,15.999999999996572,0,1,2,4.721393084226672,3.8014061904294882,3.8014061904294882,0.0,0.0,0.0,0.0,0.0,0.0,0.0,0,0.0,0.009199491735542464,64
9378.148650638,16.009999999996584,0,1,2,4.721393084226672,3.8014061904294882,3.8014061904294882,0.0,0.0,0.0,0.0,0.0,0.0,0.0,0,0.0,0.009199499140816969,64
9378.158562632,16.019999999996596,0,1,2,4.6525725130336095,3.8014061904294882,3.8014061904294882,0.0,0.0,0.0,0.0,0.0,0.0,0.0,0,0.0,0.009199506350290654,64
9378.169869578,16.02999999999661,0,1,2,4.584403506795074,3.8014061904294882,3.8014061904294882,0.0,0.0,0.0,0.0,0.0,0.0,0.0,0,0.0,0.009199513369141155,66
9378.178615708,16.03999999999662,0,1,2,4.584403506795074,3.8014061904294882,3.8014061904294882,0.0,0.0,0.0,0.0,0.0,0.0,0.0,0,0.0,0.009199520202408551,67
9378.188568124,16.049999999996633,0,1,2,4.555202167093255,3.8014061904294882,3.8014061904294882,0.0,0.0,0.0,0.0,0.0,0.0,0.0,0,0.0,0.00919952685500025,67
9378.198513945,16.059999999996645,0,1,2,4.623947129425515,3.8014061904294882,3.8014061904294882,0.0,0.0,0.0,0.0,0.0,0.0,0.0,0,0.0,0.009199533331693766,67
9378.208658279,16.069999999996657,0,1,2,4.617065202454769,3.8014061904294882,3.8014061904294882,0.0,0.0,0.0,0.0,0.0,0.0,0.0,0,0.0,0.009199539637140264,71
9378.218592671,16.07999999999667,0,1,2,4.617065202454769,3.8014061904294882,3.8014061904294882,0.0,0.0,0.0,0.0,0.0,0.0,0.0,0,0.0,0.009199545775867679,71
9378.228656775,16.08999999999668,0,1,2,4.531940202137937,3.8014061904294882,3.8014061904294882,0.0,0.0,0.0,0.0,0.0,0.0,0.0,0,0.0,0.009199551752284485,71
9378.238574316,16.099999999996694,0,1,2,4.652753718803857,3.8014061904294882,3.8014061904294882,0.0,0.0,0.0,0.0,0.0,0.0,0.0,0,0.0,0.009199557570682582,74
9378.248543032,16.109999999996706,0,1,2,4.620558706412158,3.8014061904294882,3.8014061904294882,0.0,0.0,0.0,0.0,0.0,0.0,0.0,0,0.0,0.009199563235240182,76
9378.258855517,16.11999999999672,1,1,3,0.0,3.8014061904294882,3.8014061904294882,0.0,45.541121774866774,5.315154433044069,0.0,0.0,0.6175346345417372,0.6175346345417372,0,29.745559869773967,0.008278166562225908,76
9378.27149543,16.12999999999673,1,1,3,0.1965293966698631,3.7801194996243046,3.8030111538512403,0.05750906964964372,45.48014252333282,5.322295195261406,0.1,0.002,0.617652243951442,0.617652243951442,0,29.774423770696952,0.013951312345266809,77
9378.278752824,16.139999999996743,1,1,3,0.15134108699309942,3.79431864856201,3.8021991471902745,0.04177281597758504,45.39089281336083,5.332424343293403,0.1,0.002928004725456067,0.6179769376403124,0.6179769376403124,0,29.84026326423963,0.019068485843301453,82
9378.288727557,16.149999999996755,1,1,3,0.27793453545044333,3.760966882848044,3.800944720606362,0.07771906843018529,45.21976804742677,5.3450754921102455,0.026752868639978465,0.005447604962608274,0.6179117201174322,0.6179117201174322,0,29.939470889962468,0.023692671764915962,85
9378.298708019,16.159999999996767,1,1,3,0.19721703868828744,3.757588649623403,3.7985009137342836,0.05185824976131072,45.02582867860801,5.359125897790657,0.1,0.003723051915570933,0.618604804644355,0.618604804644355,0,30.069363649076564,0.027873713342473128,88
9378.308870218,16.16999999999678,1,1,3,0.2658403149683213,3.7229430083357262,3.7961229902657276,0.07553449236113145,44.80241194391676,5.374269193583108,0.022065501622896062,0.00529448028323008,0.6194471656741136,0.6194471656741136,0,30.22786549892106,0.03165743238622909,95
9378.318862603,16.17999999999679,1,1,3,0.31689406902970657,3.7086840713723146,3.7929197397378167,0.08598562399697572,44.442755975387705,5.39072551912368,0.013638832744115063,0.006027037141080462,0.6182993526819578,0.6182993526819578,0,30.41334296278284,0.03507887028279466,97
9378.32882256,16.189999999996804,1,1,3,0.24859217901410452,3.72809458126548,3.7900862449684203,0.06463592791373111,44.10345597352229,5.409162795547044,0.0,0.004530561273800428,0.618435730380637,0.618435730380637,0,30.624460885557845,0.03817131136594576,99
9378.339258204,16.199999999996816,1,1,3,0.28058079275880554,3.745052302632159,3.788208098363186,0.0814971075876372,43.74219624501014,5.42914280293182,0.0,0.005712421117495277,0.6188607534459213,0.6188607534459213,0,30.860162935267734,0.04097125275446156,105
9378.34875014,16.20999999999683,1,1,3,0.28918178078436635,3.7434120666489785,3.785896768230386,0.08091892748358544,43.40495768037442,5.450287459224112,0.10000000000000002,0.005671894424783534,0.619309131011658,0.619309131011658,0,31.119645117820294,0.043511339794980675,109
9378.358720057,16.21999999999684,1,1,3,0.4317200873762094,3.7946676269136153,3.7855464731019173,0.13043367324784205,43.0219933261716,5.474419426449631,0.03443378813682404,0.009142558448374824,0.6174061430926302,0.6174061430926302,0,31.402318002154058,0.04579725922248423,113
9378.369311443,16.229999999996853,1,1,3,0.6294533502702305,3.8118356806366185,3.7864829743686306,0.18422698899846573,42.47084038506176,5.500030615593009,0.0,0.012913122606660828,0.6187832316171347,0.6187832316171347,0,31.707657744629753,0.04786689837723768,114
9378.378955581,16.239999999996865,1,1,3,0.76258998089144,3.85254019846114,3.7886934864808905,0.21791679485468687,42.00336957346676,5.527654740113995,0.0,0.01527456050444725,0.6186170824787741,0.6186170824787741,0,32.03538663444893,0.04973824752944844,123
9378.389012263,16.249999999996877,1,1,3,0.9561453953627634,3.877627381691916,3.7912241785019383,0.2664919725185035,41.52033268871345,5.556866114224023,0.00032556050767934005,0.0186793668698079,0.6183272261873852,0.6183272261873852,0,32.38535537837955,0.05142887737737023,124
9378.399104,16.25999999999689,1,1,3,1.030031381210438,3.898310266330083,3.794536763473358,0.27869986976465755,41.01463526740784,5.588214592615564,0.0,0.01953506165571369,0.6181090176121293,0.6181090176121293,0,32.757539959107454,0.05295558811300882,127
9378.408826544,16.2699999999969,1,1,3,1.0136863196975778,3.8603379329203453,3.7974232814633138,0.2607165744113242,40.54479343052689,5.620889960793077,0.1,0.01827454874698172,0.6181659183315045,0.6181659183315045,0,33.152039222437125,0.05433409061525096,134
9378.418753971,16.279999999996914,1,1,3,1.0837024941304507,3.8811112972606336,3.8007883364909634,0.27090848828470304,39.99682384105899,5.655643843514438,0.1,0.01898893611312695,0.6176608790927597,0.6176608790927597,0,33.56907856537097,0.05557764964326539,138
9378.428896019,16.289999999996926,1,1,3,1.2254952912862402,3.924328919823262,3.80499678166392,0.3028217131594909,39.42321883069461,5.692663826309481,0.0,0.021225847153264813,0.6169321100408531,0.6169321100408531,0,34.00898243355201,0.056697116533354075,142
9378.442451186,16.29999999999694,1,1,3,1.301902065872047,3.9452924773953595,3.8094593676933575,0.31436210592217495,38.8766832776526,5.731764709392808,0.0003259089956271449,0.0220347541841169,0.616289938798918,0.616289938798918,0,34.4721730185976,0.057703591069250604,146
9378.448747655,16.30999999999695,1,1,3,1.301902065872047,3.9452924773953595,3.81439844877698,0.30201156491982356,38.317964686116014,5.773011530757382,0.0,0.021169060991773174,0.6156531801084865,0.6156531801084865,0,34.959183366451214,0.058606973839290255,154
9378.458822194,16.319999999996963,1,1,3,1.1881815850787782,3.9383971487164993,3.8191417899552635,0.25688004257893043,37.78467109190972,5.816310187591697,0.1,0.0180056326331949,0.6151101383820003,0.6151101383820003,0,35.47065297006572,0.05941719662647149,158
9378.468969039,16.329999999996975,1,1,3,1.2769506309654677,3.9544062433736293,3.8242523434739693,0.2732399358835792,37.30605343940048,5.86199113936193,0.1,0.019152355538580884,0.6154637629768451,0.6154637629768451,0,36.00733869706871,0.06014503160137896,160
9378.478695513,16.339999999996987,1,1,3,1.2281392496254906,3.976350322472132,3.8293812908663187,0.25103716544077814,36.61401065190058,5.910037233828515,0.0,0.01759608466592494,0.6129981667745932,0.6129981667745932,0,36.57013151171368,0.06079354033759421,165
9378.488788516,16.349999999997,1,1,3,1.146838545604431,3.955545012658795,3.834242907774929,0.21669720070926862,36.037240152083605,5.960570884972022,0.0,0.015189074828239866,0.6119170090625488,0.6119170090625488,0,37.1599721718634,0.061366793231840355,166
9378.498697371,16.35999999999701,1,1,3,1.1158459784373955,3.9713234509489297,3.838982677552735,0.2024070844130995,35.463918026951816,6.01324769182392,0.0,0.014187429929199696,0.6105612206344619,0.6105612206344619,0,37.7779232882444,0.06187244865390229,167
9378.510390822,16.369999999997024,1,1,3,1.1158459784373955,3.9713234509489297,3.8436441626423923,0.19495104096784446,34.892582084047866,6.06841465643102,0.012810262082860676,0.013664809417989103,0.6089835544286758,0.6089835544286758,0,38.425172676304506,0.06231692413899503,173
9378.518772391,16.379999999997036,1,1,3,1.1192634792949372,3.9698145435750796,3.8485413312526715,0.18788465730368872,34.37815647285351,6.125694878983101,0.1,0.013169501541889932,0.6073787616737923,0.6073787616737923,0,39.103026792654326,0.06270104278219057,178
9378.52882802,16.38999999999705,1,1,3,1.1762223774193301,4.007860846017326,3.8539864874532186,0.2037867822737461,33.776967379245754,6.185671886093292,0.09999999999999999,0.014284137842255858,0.6052382892352692,0.6052382892352692,0,39.81289964167703,0.06303073881508758,180
9378.538886946,16.39999999999706,1,1,3,1.1594218936505338,4.023782544786241,3.85969433855052,0.19757592327634219,33.20623977403669,6.247880229203595,0.10000000000000003,0.013848796722248853,0.6030330621235843,0.6030330621235843,0,40.55634366508153,0.06330756871321275,180
9378.548849797,16.409999999997073,1,1,3,1.2460983367327172,4.044417977986322,3.866481857661606,0.215465736412306,32.63093547104104,6.3128293382829375,0.0,0.01510275713103989,0.6003689226792253,0.6003689226792253,0,41.33504084366531,0.06353359065215691,184
9378.558729961,16.419999999997085,1,1,3,1.1613202161886935,4.031961780203404,3.8725516012044645,0.18813952925901914,32.2057094638905,6.379011187326031,0.0,0.013187366420570537,0.5985342186079485,0.5985342186079485,0,42.150815504535274,0.06371853701580721,187
9378.568787934,16.429999999997097,1,1,3,1.2467486684622269,4.054100986141482,3.8795168929697326,0.20556788572194862,31.72343114844177,6.447499267869231,0.10000000000000002,0.01440898169562823,0.5947990427784072,0.5947990427784072,0,43.00572628952285,0.06385890411104433,189
9378.579708893,16.43999999999711,1,1,3,1.2797049604527608,4.056533930904558,3.885991566187077,0.21516668331314515,31.421428986932842,6.5171995813528625,0.0,0.015081795439399043,0.5922094138037771,0.5922094138037771,0,43.90192253474527,0.0639549466087872,196
9378.588806289,16.44999999999712,1,1,3,1.3364565456539683,4.0613242678958175,3.8931204676270417,0.2355934551737514,30.975978829564955,6.5888709179639084,0.10000000000000003,0.016513580276833854,0.5893019602308737,0.5893019602308737,0,44.841759675522496,0.0640112990861752,200
9378.59891979,16.459999999997134,1,1,3,1.5351450763572436,4.1149638942461655,3.9007609495568265,0.28833705949137706,30.527558878040693,6.661922085591002,0.07310795528178693,0.020210566440334622,0.5858379436338713,0.5858379436338713,0,45.82779807749797,0.06403226720462629,202
9378.611613299,16.469999999997146,1,1,3,1.733389469429571,4.134897201459209,3.9086037048201323,0.3449338165691307,30.309040155063528,6.735828375508688,0.0,0.02417763373735554,0.5830378624690802,0.5830378624690802,0,46.86286289876403,0.06402253961078264,206
9378.618774918,16.47999999999716,1,1,3,1.9043404971142341,4.162512844500448,3.9176567211781292,0.38828141971395835,29.955337279057897,6.811123864743001,0.0,0.02721602087681374,0.579226866293997,0.579226866293997,0,47.950084917649995,0.0639796938629712,210
9378.628843958,16.48999999999717,1,1,3,2.212110137153488,4.223782487805468,3.9280866027536394,0.4713924486795465,29.699576190819904,6.887645155197438,0.0,0.03304156746384145,0.5753090771090905,0.5753090771090905,0,49.09281758225388,0.06390499655515969,210
9378.638728211,16.499999999997183,1,1,3,2.4140355040345716,4.2775613049303685,3.9404065759573537,0.5103324865968316,29.418645301241643,6.965796933651886,0.09999999999999999,0.035771012734958016,0.5694058827832346,0.5694058827832346,0,50.294705442756516,0.06379377392456043,0
9378.648832278,16.509999999997195,1,1,3,2.5741929969594595,4.337177685015613,3.9537615124641055,0.5361902917249548,29.092879833713127,7.047077396697612,0.1,0.037583477943089846,0.5624815136754436,0.5624815136754436,0,51.559550040888965,0.06362623083325292,6
9378.658772788,16.519999999997207,1,1,3,2.6127436988516695,4.323696603317663,3.9673733300463168,0.5357231812166802,29.146431171121943,7.129652241806206,0.1,0.03755073651200518,0.5562610170466968,0.5562610170466968,0,52.891234816999955,0.06341428266727134,9
9378.668742057,16.52999999999722,1,1,3,2.833062299631234,4.334633508799221,3.980736757839322,0.5811045056789345,29.09236878207411,7.213250380919071,0.1,0.04073167438663237,0.5499069234460334,0.5499069234460334,0,54.294053281970356,0.06315788167187653,12
9378.679243382,16.53999999999723,1,1,3,2.9767047149225574,4.361874417087214,3.9942762877986264,0.6097915625230697,29.167031774908722,7.2973904995829075,0.0894964549012398,0.04274245187513441,0.5433502073862334,0.5433502073862334,0,55.77266886776854,0.06286702273054401,17
9378.688788892,16.549999999997244,1,1,3,3.1053358614816355,4.371245034833353,4.007776530794094,0.629576846081594,28.926461547577436,7.3829058645749726,0.1,0.044129272523877,0.5361843556162951,0.5361843556162951,0,57.33225730471118,0.06253503056566245,20
9378.698701708,16.559999999997256,1,1,3,3.2230566575041544,4.366769237822529,4.021117999918548,0.6423217586538872,29.120506906286522,7.468952008315591,0.10000000000000003,0.04502260861731205,0.5301857015801702,0.5301857015801702,0,58.978374208826885,0.06217264862642147,22
9378.710842189,16.56999999999727,1,1,3,3.440640431590006,4.441159573709362,4.034320259467062,0.6802194135357227,29.1897827320902,7.5564256331174615,0.10000000000000002,0.04729123424332162,0.5221099456971943,0.5221099456971943,0,60.71726937843849,0.0617765940268743,24
9378.718806736,16.57999999999728,1,1,3,3.3210362258823842,4.420533789949013,4.048516122408912,0.6202342309580171,29.388784038203703,7.64671282759748,0.1,0.043474415517238345,0.5127594717078992,0.5127594717078992,0,62.555628289465794,0.06133018027939596,27
9378.728752001,16.589999999997293,1,1,3,3.3515213981113567,4.462025281686068,4.062574630229894,0.6039492020511082,29.468992872499285,7.740042336192624,0.1,0.042332940122828594,0.5027580692736793,0.5027580692736793,0,64.50040283992672,0.06083343152360765,28
9378.738735253,16.599999999997305,1,1,3,3.260725889677898,4.458701412514087,4.076982538522322,0.5608283129322987,29.787455366490093,7.836869059186966,0.09999999999999999,0.03931044417298682,0.49279869219233124,0.49279869219233124,0,66.558978047882,0.06028588011660929,29
9378.748838182,16.609999999997317,1,1,3,3.413551806126672,4.518279038026041,4.092495550301566,0.581535332695554,30.08288260411457,7.93657639392729,0.1,0.04076187257918887,0.48299128866713853,0.48299128866713853,0,68.73930123055585,0.05969326161820798,34
9378.758696618,16.61999999999733,1,1,3,3.489204507765687,4.530634045281805,4.108493643525284,0.5849133957377871,30.466060911173482,8.03789166882302,0.10000000000000002,0.04099865299054216,0.47421783262465744,0.47421783262465744,0,71.05013198871642,0.059068933387070977,36
9378.768782303,16.62999999999734,1,1,3,3.4228439630449685,4.552478180752282,4.12456665485086,0.5484680653286611,30.92733133213019,8.139796707141702,0.1,0.038444070610556165,0.4646168677497932,0.4646168677497932,0,73.50149026777454,0.05842002215413056,38
9378.780685852,16.639999999997354,1,1,3,3.3315121306047946,4.55792821065833,4.1410361637118465,0.5037616078325154,31.30211202241806,8.24452769540924,0.1,0.03531043655348512,0.4534783489120159,0.4534783489120159,0,76.10446690372146,0.05772894739331225,43
9378.788792431,16.649999999997366,1,1,3,3.3871174319079165,4.5864726384733014,4.157655986058386,0.4925971478981882,31.70278160651289,8.349680306583291,0.1,0.03452787998697537,0.4422486233380108,0.4422486233380108,0,78.87070897815182,0.05699613204153886,47
9378.798779515,16.65999999999738,1,1,3,3.3135079134670558,4.5727617704556875,4.17350973661871,0.4500588483883983,32.132148301050165,8.455138892614295,0.1,0.0315462198076768,0.4308916290233981,0.4308916290233981,0,81.81274968605999,0.056224518465031514,48
9378.808781207,16.66999999999739,1,1,3,3.2384318618298327,4.586652268335701,4.188736722271561,0.4185433410431131,32.529548887322825,8.561341326976935,0.09999999999999999,0.02933718619879443,0.41921688919642974,0.41921688919642974,0,84.94428200538047,0.05541627574849606,50
9378.818800209,16.679999999997403,1,1,3,3.341847879492434,4.6237286238776045,4.205215587455705,0.43671112745906737,32.95086719320202,8.669332670064298,0.1,0.030610630739989275,0.4073905926281784,0.4073905926281784,0,88.28043685176367,0.05457008497462279,58
9378.828753672,16.689999999997415,1,1,3,3.485661525490363,4.66481953952858,4.222560205471273,0.46132257284643463,33.42229619804279,8.778643476725446,0.09999999999999999,0.032335734176472744,0.3957177710561887,0.3957177710561887,0,91.83768768262165,0.053691503494263326,61
9378.838730484,16.699999999997427,1,1,3,3.608013467764019,4.729926381979164,4.241144048303631,0.49685440525278735,33.932051423492155,8.88886588295361,0.1,0.034812984155375364,0.3841854628941237,0.3841854628941237,0,95.63428539768796,0.052785794664614416,62
9378.849832032,16.70999999999744,1,1,3,3.928560626604721,4.822783610040386,4.262043601139601,0.5719101365672892,34.46035097365796,9.00039676425211,0.1,0.04008720846839184,0.37272459579649114,0.37272459579649114,0,99.69056020182548,0.051855620552656356,68
9378.858762943,16.71999999999745,1,1,3,3.9532919022715527,4.849247600361362,4.284164657097551,0.5713156951279027,34.955947214045196,9.113709345901045,0.10000000000000002,0.040045541961052235,0.3609380178241514,0.3609380178241514,0,104.02911911339135,0.050902582310698885,71
9378.86879905,16.729999999997464,1,1,3,4.040469789827622,4.88846670582237,4.307560234343424,0.5847064398560438,35.4659362784425,9.227329216332102,0.10000000000000002,0.04098414671928618,0.34919794851543484,0.34919794851543484,0,108.67501575216308,0.04992759138888314,74
9378.878785526,16.739999999997476,1,1,3,4.270758623393227,4.9508329534115845,4.332037974240462,0.6280506433283063,36.001791502493106,9.34085890019799,0.1,0.04402229556364475,0.3376124544135063,0.3376124544135063,0,113.65607585941996,0.0489338347713294,75
9378.88880005,16.74999999999749,1,1,3,4.572347397220283,5.040637421859035,4.358623654357502,0.6991901306757766,36.54862737498072,9.454492995219145,0.09999999999999999,0.04900871436844103,0.3261002730566481,0.3261002730566481,0,119.0034022380719,0.04792416869878813,82
9378.898970579,16.7599999999975,1,1,3,4.662435997004135,5.055815017844053,4.385894961071803,0.6910713796968952,37.111422273771524,9.567208003920259,0.1,0.048439642337392286,0.314717779220478,0.314717779220478,0,124.75189279593322,0.04690130855070562,84
9378.908863326,16.769999999997513,1,1,3,4.901330694426033,5.1193991414022255,4.41404989024681,0.7348016830150399,37.68449240305618,9.679006259780024,0.1,0.05150485428838642,0.3034352317763009,0.3034352317763009,0,130.94081830845386,0.045867636490995345,86
9378.919225956,16.779999999997525,1,1,3,5.185390254615819,5.19483587181955,4.443814900238115,0.7852893865835153,38.27167354092054,9.790137105011786,0.1,0.05504371637288745,0.2923103328093442,0.2923103328093442,0,137.61447522012384,0.04482536181216601,93
9378.928779536,16.789999999997537,1,1,3,5.429932566935733,5.2825102481611825,4.474701170929768,0.8401043521028163,38.85692644870055,9.900989448577795,0.09999999999999999,0.058641656346242965,0.2811991622112238,0.2811991622112238,0,144.82300484932586,0.043776345142164275,95
9378.938886781,16.79999999999755,1,1,3,5.78648470688428,5.385349560538241,4.5077547300348915,0.9142604855368763,39.44171485238854,10.012745940910555,0.1,0.06408375780522287,0.27014084499231356,0.27014084499231356,0,152.6232720663685,0.042721443377252644,96
9378.951068368,16.80999999999756,1,1,3,6.065728033705267,5.4594458370921455,4.542393056626876,0.9579203248237208,40.036369010958865,10.123587586458852,0.1,0.06714403068252021,0.25923720686448914,0.25923720686448914,0,161.07988846935652,0.041662314291886215,98
9378.958993809,16.819999999997574,1,1,3,6.228467875669826,5.502725978092383,4.578539681249023,0.9695543873496631,40.63859172567284,10.233729543759045,0.09999999999999999,0.06795950335906828,0.24848292260475494,0.24848292260475494,0,170.26662077128105,0.04060073829503269,101
9378.968752237,16.829999999997586,1,1,3,6.501100913145458,5.582820261485091,4.616083263020727,1.0133279760518625,41.243922600461886,10.34352824476075,0.1,0.07102774933604544,0.23784975589708826,0.23784975589708826,0,180.2680745062553,0.039538371591706034,102
9378.978722926,16.839999999997598,1,1,3,6.692371709952947,5.641226108004091,4.655191141070078,1.0305330683593992,41.85268114457089,10.453029313067024,0.1,0.0722337152351457,0.22735439638354502,0.22735439638354502,0,191.18168116184262,0.03847646327335946,103
9378.988860318,16.84999999999761,1,1,3,7.066008397106921,5.735566335275143,4.696058276440178,1.0930228672856812,42.47015551952424,10.561184871110775,0.1,0.07661384672178363,0.21705673495493283,0.21705673495493283,0,203.1201171211046,0.03741665400388672,109
9378.998687238,16.859999999997623,1,1,3,7.338343587326236,5.815951368632779,4.7381850158914816,1.1314708489655942,43.09327177343478,10.668059381352199,0.09999999999999999,0.07930880202724964,0.20693900147433983,0.20693900147433983,0,216.21443101594912,0.03636063747053664,111
9379.008818264,16.869999999997635,1,1,3,7.620611700130208,5.892740476962134,4.7815866252148,1.1680818306193175,43.7201824439103,10.774423478847652,0.1,0.08187499549007977,0.19699459445065562,0.19699459445065562,0,230.6178891388604,0.03530961446136743,112
9379.01928392,16.879999999997647,1,1,3,7.883962197987727,5.976967186358308,4.826223293709211,1.2046155584899498,44.349004901026895,10.880517584515244,0.1,0.08443577396144582,0.18721756139531512,0.18721756139531512,0,246.51070968160002,0.034264861334129815,117
9379.028774286,16.88999999999766,1,1,3,8.048108601068071,6.021103577902227,4.87155653588265,1.2067015732685245,44.98117276220311,10.985628052096644,0.1,0.08458199013064799,0.17763201456754257,0.17763201456754257,0,264.10612837136523,0.03322746944699784,119
9379.038753884,16.89999999999767,1,1,3,8.247609918270012,6.076021573995522,4.917120566770838,1.2157941673545252,45.61974655153048,11.089326241570683,0.09999999999999999,0.08521932227662413,0.16827125421166456,0.16827125421166456,0,283.6581534704538,0.032198740113479896,122
9379.048781928,16.909999999997684,1,1,3,8.43854956614449,6.13461630258203,4.963739413035504,1.2246759056295524,46.26046663872866,11.192761244617886,0.1,0.0858418747914822,0.1591087662339321,0.1591087662339321,0,305.4717483412096,0.031179894154047483,124
9379.058815302,16.919999999997696,1,1,3,8.547780015292167,6.171082680925014,5.01037429361962,1.2088830803650565,46.90492290670676,11.29558168599615,0.1,0.08473489969486515,0.15016458948598413,0.15016458948598413,0,329.9160786130397,0.030171991855100777,132
9379.068831586,16.929999999997708,1,1,3,8.74722389761482,6.226107138405425,5.056520531767351,1.2181718468003488,47.55494343822459,11.396878845405974,0.09999999999999999,0.08538598225608837,0.14146108994147347,0.14146108994147347,0,357.44208515572444,0.029176191805461826,135
9379.078765757,16.93999999999772,1,1,3,8.865372615080622,6.259105632725311,5.102806386257873,1.2028259796245087,48.21297822770776,11.496522709662502,0.1,0.0843103360360396,0.133022219501121,0.133022219501121,0,388.6063137063455,0.02819377595321071,138
9379.089240894,16.949999999997733,1,1,3,8.966614725116496,6.2990400917985605,5.148950269059832,1.188477141613591,48.872952635815274,11.595767681056493,0.09999999999999999,0.08330457512388824,0.1333214835100113,0.1333214835100113,0,424.10366758867116,0.02722585034784364,144
9379.098791711,16.959999999997745,1,1,3,8.995633967144347,6.313454911876403,5.1940784513227625,1.15093986086842,49.53721874234639,11.694126774352807,0.10000000000000002,0.08067345407469625,0.13441896311653131,0.13441896311653131,0,464.81271312974513,0.02627317904353904,144
9379.108744083,16.969999999997757,1,1,3,9.059759094511941,6.337313673560428,5.2377722604000905,1.12422942161058,50.20678008564487,11.79174560122323,0.1,0.07880122471845802,0.1353834707530096,0.1353834707530096,0,511.8599128104178,0.025336737431003342,146
9379.120716119,16.97999999999777,1,1,3,9.161016737122505,6.382668858816353,5.28172491382702,1.1175085742445992,50.87867281021803,11.889332540377257,0.1,0.07833013670616772,0.13619976042717113,0.13619976042717113,0,566.7132453381968,0.024417332744795794,149
9379.128819011,16.98999999999778,1,1,3,9.155288316824482,6.386374831951136,5.324825871953743,1.0757669370090357,51.553980367331484,11.986503896231154,0.1,0.0754043174092458,0.13687850994464032,0.13687850994464032,0,631.3212194889771,0.023515588975968726,153
9379.138848743,16.999999999997794,1,1,3,9.155288316824482,6.386374831951136,5.366424838036857,1.0335026073898053,52.23156542760981,12.082760697655713,0.10000000000000002,0.07244186075059568,0.13743107376690672,0.13743107376690672,0,708.3254919452032,0.02263214941546543,154
9379.148808948,17.009999999997806,1,1,3,9.241591577837962,6.404614072008417,5.407563968414026,1.0135261804719808,52.91480389088852,12.177385443581638,0.10000000000000003,0.07104164218633872,0.13788519444055553,0.13788519444055553,0,801.3973891486005,0.02176768532906692,156
9379.158987395,17.019999999997818,1,1,3,9.231118846949009,6.412127837573804,5.446903160899773,0.9784162336261804,53.59954311757428,12.270588799865122,0.09999999999999999,0.06858066157324848,0.1382288184583958,0.1382288184583958,0,915.7914018231521,0.020922869801120902,162
9379.168786343,17.02999999999783,1,1,3,9.263147947358211,6.426762338459213,5.485047754253859,0.9511615041040329,54.29112373402905,12.362335655555169,0.1,0.06667028098328093,0.13847535968660415,0.13847535968660415,0,1059.2969770106133,0.02009825424085654,163
9379.17875327,17.039999999997843,1,1,3,9.267774510162042,6.42294697309457,5.522021192438417,0.910864328186284,54.987337440880594,12.452930582285745,0.1,0.06384570909966607,0.13861677550256857,0.13861677550256857,0,1243.9671477446564,0.019294459201685765,165
9379.19018988,17.049999999997855,1,1,3,9.259351562233734,6.430682687967995,5.557589176146394,0.8814426360676921,55.68682357235768,12.541878464009233,0.10000000000000002,0.06178343842104171,0.13866530932049853,0.13866530932049853,0,1489.4768254240112,0.01851195955613205,170
9379.198747899,17.059999999997867,1,1,3,9.259351562233734,6.430682687967995,5.591764596396969,0.8468914394294881,56.391424623659226,12.62894817259582,0.1,0.059361622590356246,0.13863274663374672,0.13863274663374672,0,1830.2172981956498,0.01775114093952551,175
9379.208773364,17.06999999999788,1,1,3,9.259351562233734,6.430682687967993,5.62463191917373,0.8136669607621289,57.098620021710666,12.714323414943724,0.09999999999999999,0.0570328011244762,0.13851396169920535,0.13851396169920535,0,2332.006128808147,0.01701231192960051,177
9379.218761091,17.07999999999789,1,1,3,9.295896140377726,6.441470872757364,5.656818331677605,0.7896595359371507,57.808494620918246,12.798801586110914,0.1,0.05535003563001508,0.1382947301897168,0.1382947301897168,0,3137.620018780413,0.016295690400043195,179
9379.228783552,17.089999999997904,1,1,3,9.300329679462209,6.437649807304166,5.68751116717527,0.7557894465533174,58.52527235401288,12.880243448599789,0.09999999999999999,0.05297596102080786,0.13803419962147656,0.13803419962147656,0,4618.682327875119,0.01560161654903458,184
9379.238711002,17.099999999997916,1,1,3,9.333597391569162,6.4524262389376785,5.717195166744592,0.7384432542637183,59.244156620915916,12.960264681712113,0.10000000000000003,0.05176010492386953,0.13769111375632015,0.13769111375632015,0,8036.294328070401,0.014930267577555445,184
9379.24876747,17.109999999997928,1,1,3,9.249732450143002,6.428949083832683,5.7456120072006245,0.6855228804143856,59.96612337499395,13.03865788261161,0.09999999999999999,0.04805072835737523,0.13727467414149966,0.13727467414149966,0,16843.714592833407,0.014328741363333286,184
9379.258676081,17.11999999999794,1,1,3,9.249732450143,6.428949083832685,5.77288666209899,0.6581563351857009,60.688934405234924,13.115738134863177,0.1,0.04613251020823228,0.1367782565497843,0.1367782565497843,0,11527.533451956175,0.01437465955900552,190
9379.26876799,17.129999999997953,1,1,3,9.254823348608333,6.425204770155339,5.799311901075146,0.6293517411225983,61.41797759453714,13.190425705159646,0.1,0.04411349411947115,0.13624017702576155,0.13624017702576155,0,6403.4550114259955,0.014411245439158726,190
9379.278822974,17.139999999997965,1,1,3,9.33866239538264,6.448704209824532,5.824351655281175,0.6285828843094893,62.14925852531634,13.26307145356064,0.09999999999999998,0.04405960222041447,0.13564801925260667,0.13564801925260667,0,4412.335240143536,0.014438875434886977,191
9379.291177915,17.149999999997977,1,1,3,9.254823348608333,6.425204770155339,5.848235773527172,0.580042722706918,62.88691686998886,13.333584996712196,0.1,0.040657250254892405,0.13501358647537545,0.13501358647537545,0,3409.2660358325866,0.014457978399637916,194
9379.29877958,17.15999999999799,1,1,3,9.260743818868228,6.4215656716486285,5.870799997027624,0.5561691287456403,63.62688602050172,13.402559074103506,0.09999999999999999,0.03898386543999863,0.13432017095041504,0.13432017095041504,0,2814.0007994084112,0.014468830159597434,201
9379.308741811,17.169999999998,1,1,3,9.254823348608333,6.425204770155339,5.892525547885408,0.5354212886893064,64.36834723507758,13.47029058697752,0.1,0.0375295757947768,0.13356575730290798,0.13356575730290798,0,2423.382647398121,0.01447171495373234,204
9379.318735644,17.179999999998014,1,1,3,9.17523419390528,6.403437299702301,5.9129114782198435,0.4922614912701809,65.11571876970254,13.536535379111582,0.10000000000000002,0.03450435262426503,0.1327632838494278,0.1327632838494278,0,2149.499184559063,0.014466837660181087,205
9379.32874562,17.189999999998026,1,1,3,9.17523419390528,6.403437299702301,5.932177652052233,0.47292170566220315,65.86556655462496,13.601540656326867,0.1,0.033148758505834916,0.1319072430481632,0.1319072430481632,0,1948.413443545243,0.014454460527854485,210
9379.338701567,17.199999999998038,1,1,3,9.17523419390528,6.403437299702301,5.95073261807439,0.4543200132996368,66.61632190876792,13.665385675947569,0.10000000000000002,0.03184489995896813,0.1309991833286713,0.1309991833286713,0,1795.8016831180516,0.014434797351559503,210
9379.34885327,17.20999999999805,1,1,3,9.170070810827285,6.407183206031935,5.968559440110051,0.4390506862424661,67.37181926895772,13.727854162639467,0.1,0.03077461870711445,0.13005119117592465,0.13005119117592465,0,1677.1365631212893,0.01440812606253039,211
9379.360309179,17.219999999998063,1,1,3,9.165745548803521,6.411034507022523,5.98583649396339,0.42593300093830244,68.12569885394366,13.789780136800884,0.1,0.029855153651700647,0.12904245524497285,0.12904245524497285,0,1583.2188296294362,0.01437461005802465,216
9379.368824061,17.229999999998075,1,1,3,9.170070810827285,6.407183206031935,6.002389108896852,0.4051910796172018,68.88585155230058,13.850111463926716,0.1,0.028401278871609002,0.12800684511681032,0.12800684511681032,0,1507.9479514112463,0.014334470710733793,219
9379.378785445,17.239999999998087,1,1,3,9.170070810827285,6.407183206031935,6.018336148073416,0.3892329200214861,69.64549778065312,13.909371545318868,0.10000000000000002,0.027282714905729432,0.1269307494802556,0.1269307494802556,0,1447.123806924476,0.014288017595447622,220
9379.388939263,17.2499999999981,1,1,3,9.170070810827285,6.407183206031935,6.033341320104451,0.37422759162742075,70.4075181628462,13.967336767374968,0.10000000000000002,0.02623093825585261,0.1258232997979466,0.1258232997979466,0,1397.763671863841,0.014235535739400396,220
9379.39869179,17.25999999999811,1,1,3,9.090560518251278,6.385451795268047,6.047768297277235,0.33770445796491977,71.17581294282977,14.023782696865336,0.1,0.023670902370082878,0.12469678821534147,0.12469678821534147,0,1357.694214451234,0.014177395106038437,228
9379.409073133,17.269999999998124,1,1,3,9.090560518251278,6.385451795268046,6.0617146658748515,0.3237553719740811,71.94827112769828,14.079010004667497,0.1,0.022693161493842262,0.12354631579064193,0.12354631579064193,0,1325.2961673083291,0.01411390019990244,231
9379.418761309,17.279999999998136,1,1,3,9.090560518251278,6.385451795268046,6.0747656327031505,0.3107075043088031,72.71067170549802,14.133315908288939,0.1,0.021778590204188965,0.12235747581618281,0.12235747581618281,0,1299.3410433303445,0.014045270743005656,233
9379.43015225,17.289999999998148,1,1,3,9.090560518251278,6.385451795268046,6.086971713539984,0.29850054392964626,73.49034216793204,14.186117569311522,0.1,0.020922961086611604,0.12116098942594015,0.12116098942594015,0,1278.883773874374,0.01397176707730563,238
9379.439052631,17.29999999999816,1,1,3,9.090560518251278,6.385451795268046,6.09869824974482,0.2867731660505326,74.27269133120325,14.237778688979722,0.1,0.020100947606225463,0.1199456167416345,0.1199456167416345,0,1263.1874962405752,0.01389373996853882,240
9379.448858134,17.309999999998173,1,1,3,9.086168880807612,6.3893050437476315,6.109994530651833,0.28018413952455584,74.54720173937602,14.28851961729505,0.024643606896746228,0.01963909938381802,0.11871998299174906,0.11871998299174906,0,1251.5452756933262,0.01381155141689061,242
9379.461467946,17.319999999998185,1,1,3,9.086168880807612,6.3893050437476315,6.120734225206661,0.2694389424551144,74.35700258277382,14.338707720601588,0.1,0.01888593043748295,0.1175045340554987,0.1175045340554987,0,1242.83220863576,0.0137257192924638,245
9379.468747292,17.329999999998197,1,1,3,9.006746473080588,6.367610391908386,6.13119755571909,0.23798431380695564,74.20241726679411,14.388892297507079,0.1,0.01668116403225215,0.11623280087856419,0.11623280087856419,0,1236.3132656532223,0.01363628462759503,252
9379.478763538,17.33999999999821,1,1,3,9.006746473080588,6.367610391908386,6.141288984825323,0.2278348961373536,73.96999306125484,14.438459799932051,0.1,0.01596975537564707,0.11502822110816334,0.11502822110816334,0,1231.6444464149508,0.013544022570106451,254
9379.488900141,17.34999999999822,1,1,3,9.169838350023314,6.412704697160542,6.151173747323197,0.2622030715359435,73.73310476930445,14.487599287779485,0.1,0.018378742598973697,0.1138087628625696,0.1138087628625696,0,1228.6461935384464,0.013448477931199854,257
9379.499029373,17.359999999998234,1,1,3,9.086711510613625,6.394920006607731,6.160962971289273,0.23769071640901202,73.59998681659454,14.536295359717712,0.1,0.016660584750045726,0.1125079132251547,0.1125079132251547,0,1227.2126867328773,0.013350087087343976,265
9379.508728971,17.369999999998246,1,1,3,9.090304072413408,6.3909821476829185,6.170013790762698,0.22152457196833172,73.38413135167369,14.583952863159949,0.0,0.015527442389231056,0.11122495578371414,0.11122495578371414,0,1227.2694782635233,0.013248687244407753,266
9379.51868269,17.379999999998258,1,1,3,9.090304072413408,6.3909821476829185,6.178694362043025,0.212821397324901,73.21407625708603,14.630903889525941,0.0,0.014917406032187072,0.10992954745331968,0.10992954745331968,0,1228.9262940828232,0.013144525634094295,268
9379.530447667,17.38999999999827,1,1,3,9.055930004139139,6.376049179553041,6.186677019379939,0.19042935429104005,73.04217257548513,14.676213934663156,0.10000000000000002,0.013347868372792625,0.10864478639152245,0.10864478639152245,0,1232.9543757717556,0.013037847741845354,272
9379.538696476,17.399999999998283,1,1,3,9.132048872264845,6.401752750734195,6.194577509803113,0.2118206077031608,72.8796662514564,14.720651329513615,0.1,0.01484725714054413,0.1073788130706274,0.1073788130706274,0,1239.428478659858,0.01292901178805983,275
9379.548862388,17.409999999998295,1,1,3,9.055930004139139,6.376049179553041,6.201829897813756,0.1751510924919143,72.71795099802559,14.764026670172827,0.0,0.012276960853208754,0.10603081397018874,0.10603081397018874,0,1248.2570330564383,0.012818002230438053,275
9379.558781325,17.419999999998307,1,1,3,9.022279674086581,6.361189817860929,6.20889294620959,0.15648043520810184,72.55536641868838,14.806187927845565,0.0,0.01096826831058225,0.10472420399391211,0.10472420399391211,0,1259.345788467249,0.01270506515084957,276
9379.568677365,17.42999999999832,1,1,3,9.018299397771884,6.365117462125128,6.214987423148779,0.1566043012660597,72.41713983750054,14.846922617431964,0.10000000000000002,0.010976950521597544,0.10344878143117635,0.10344878143117635,0,1272.6040447828082,0.012590485613209301,284
9379.579125634,17.43999999999833,1,1,3,9.098510994967688,6.386938678629501,6.221392189616649,0.173759197825758,72.26551767883986,14.887480154929529,0.00032984802063279977,0.012179398022825595,0.10218089710567514,0.10218089710567514,0,1287.9570371513234,0.012474904276954746,284
9379.588839548,17.449999999998344,1,1,3,8.989361209905196,6.346404579651486,6.226520115640941,0.13052404486895705,72.09551146653035,14.92574928213541,0.0,0.00914889291559882,0.10079707962829594,0.10079707962829594,0,1305.359727431419,0.01235735833254048,285
9379.600566928,17.459999999998356,1,1,3,9.069811686382339,6.36827872950598,6.231653403024519,0.15080021838130392,71.9326122198168,14.96304843034703,0.0,0.01057012178104499,0.09951888976725555,0.09951888976725555,0,1324.7669441773928,0.012238569635392826,290
9379.608921559,17.469999999998368,1,1,3,8.989361209905196,6.346404579651486,6.236412210503808,0.1196711867553723,71.80680074885785,14.99964760469285,0.00032933905702864363,0.008388177625101306,0.09819991498242332,0.09819991498242332,0,1346.1272723414547,0.012118701895896589,294
9379.618672057,17.47999999999838,1,1,3,8.994392222928616,6.342588490943738,6.240756867415273,0.11517804680155307,71.7192398239958,15.035737858691723,0.1,0.008073237520896592,0.0969217098166673,0.0969217098166673,0,1369.4057024209542,0.011998025862189232,296
9379.628977203,17.489999999998393,1,1,3,8.994392222928616,6.342588490943738,6.244794844213153,0.1106919919575753,71.61485982860539,15.070476176079547,0.02464441771947351,0.007758794037151574,0.0955743229260566,0.0955743229260566,0,1394.5820873587386,0.011876099191068912,298
9379.638934648,17.499999999998405,1,1,3,8.957182680647893,6.331693984207604,6.248074323112567,0.1042313997818892,71.4872144937046,15.103716346192904,0.1,0.0073059482335598195,0.09437367566504255,0.09437367566504255,0,1421.640923291062,0.011753642701978873,8
9379.648976073,17.509999999998417,1,1,3,8.962413197902858,6.327883438118203,6.25125544752347,0.10201192899031052,71.34419266036672,15.13660755802065,0.0,0.007150377659404023,0.09303295654059085,0.09303295654059085,0,1450.5660362364379,0.011630820798788966,12
9379.658752924,17.51999999999843,1,1,3,8.957182680647893,6.331693984207604,6.254283314419905,0.09629165642704318,71.22550851198282,15.168852923783332,0.1,0.006749423481329791,0.09183750547423646,0.09183750547423646,0,1481.3533416997961,0.011507500052209796,14
9379.668899167,17.52999999999844,1,1,3,8.957182680647893,6.331693984207604,6.257314714369208,0.092508585794538,71.10969859912875,15.201283938521582,0.0,0.006484254652523494,0.0906418165244144,0.0906418165244144,0,1513.9969353050292,0.011384674347034274,20
9379.678716141,17.539999999998454,1,1,3,8.962413197902858,6.327883438118203,6.260150783052166,0.0908081070172981,70.96530485490324,15.232827697355932,0.01935024632125875,0.006365062068093393,0.08920753624611463,0.08920753624611463,0,1548.5092520386665,0.011261340051565982,23
9379.68880897,17.549999999998466,1,1,3,8.878029253988048,6.304326375165034,6.262746038693746,0.06279582230600539,70.87773003240873,15.264080187375935,0.1,0.004401581749948102,0.0880163809778809,0.0880163809778809,0,1584.9138758027332,0.011137322842849962,26
9379.701031634,17.559999999998478,1,1,3,8.962413197902858,6.327883438118203,6.265204284633067,0.08423954839898791,70.72525409599322,15.294313852479837,0.0,0.005904648513877355,0.08668357638794973,0.08668357638794973,0,1623.2101578882148,0.01101248655980469,30
9379.708771438,17.56999999999849,1,1,3,8.957182680647893,6.331693984207604,6.267688165015665,0.07928752523565347,70.61586681317866,15.324324598975641,0.1,0.005557543659117341,0.08552995384149815,0.08552995384149815,0,1663.3978209385286,0.010887714922745095,34
9379.718747122,17.579999999998503,1,1,3,8.925752089038133,6.317058553015209,6.2696340833670705,0.08096971468736576,70.50404162488255,15.353565325795923,0.019338742146682773,0.005675454279899126,0.08441050641472067,0.08441050641472067,0,1705.4684184282419,0.010763838849325857,36
9379.728787713,17.589999999998515,1,1,3,8.931183084251295,6.313253621110714,6.271346838851326,0.0815352194860416,70.37830833352163,15.381899131740722,0.0,0.005715092515533038,0.0829812385250776,0.0829812385250776,0,1749.430409222162,0.01063960766416594,38
9379.738735888,17.599999999998527,1,1,3,8.850350096120136,6.2913097367119315,6.272633424386226,0.05642363183408483,70.2856450748541,15.409808214033582,0.0,0.0039549323350916935,0.08175469531446002,0.08175469531446002,0,1795.2978935962499,0.010515082043747181,46
9379.748774116,17.60999999999854,1,1,3,8.850350096120136,6.2913097367119315,6.273464595703494,0.054512195523542264,70.1834102132996,15.437956634546701,0.1,0.0038209529894647366,0.08066691693891567,0.08066691693891567,0,1843.055890790793,0.010392294025385551,49
9379.758722809,17.61999999999855,1,1,3,8.850350096120136,6.2913097367119315,6.274416391279217,0.052129014622784,70.0732830191832,15.465212635000773,0.00032837457312324335,0.0036539073935255312,0.07934609664043525,0.07934609664043525,0,1892.711115300169,0.010268334670416657,51
9379.77003692,17.629999999998564,1,1,3,8.850350096120136,6.2913097367119315,6.275132861828291,0.050258840705200904,69.97029553580033,15.492480225216235,0.0,0.003522820275265402,0.07815341295518516,0.07815341295518516,0,1944.2652033076138,0.010145614193768582,56
9379.778826416,17.639999999998576,1,1,3,8.84484337917567,6.295117023788428,6.275792358948139,0.04376540792277239,69.87215582298975,15.519281729563227,0.1,0.0030676725571519097,0.07710267472350814,0.07710267472350814,0,1997.7078068939022,0.010022582586203477,59
9379.788782715,17.649999999998588,1,1,3,8.819586353469324,6.276704907998171,6.276167076966993,0.0650196455104465,69.7672359726127,15.545522683462506,0.1,0.004557457400148146,0.07588102772691055,0.07588102772691055,0,2053.021137914128,0.009900842060383441,59
9379.801320973,17.6599999999986,1,1,3,8.819586353469324,6.276704907998171,6.276221291592146,0.06260055021280929,69.6695836829395,15.570985331947794,0.10000000000000002,0.004387894436841461,0.07473988514247518,0.07473988514247518,0,2110.19095346136,0.009779436767187955,60
9379.808777997,17.669999999998613,1,1,3,8.819586353469324,6.276704907998171,6.276274265528731,0.060277789800521064,69.5743433718933,15.5961913729311,0.10000000000000002,0.004225083927084987,0.07360884067042658,0.07360884067042658,0,2169.1958535590625,0.00965877950172489,64
9379.818730355,17.679999999998625,1,1,3,8.793155329722465,6.263811035018497,6.276028582853231,0.0774371150879137,69.43480350892935,15.620525580878137,0.1,0.005427841853533654,0.07245337365235763,0.07245337365235763,0,2230.006986015148,0.009538470407039146,64
9379.828757744,17.689999999998637,1,1,3,8.70830931763302,6.24016436728013,6.275154748208154,0.07141245656264385,69.38644366386114,15.64468467234871,0.1,0.005005552184560512,0.07142953901775007,0.07142953901775007,0,2292.5800911609585,0.009420940614105922,64
9379.838731756,17.69999999999865,1,1,3,8.793155329722465,6.263811035018497,6.274138858040977,0.07206434617955486,69.2726742173219,15.668124489260011,0.10000000000000002,0.0050512454382740934,0.07026196887004772,0.07026196887004772,0,2356.8813300258957,0.009302318290823397,71
9379.848775899,17.70999999999866,1,1,3,8.793155329722465,6.263811035018497,6.273792495747838,0.0694524990442807,69.14147689083876,15.691820155726985,0.01939766218511451,0.0048681718155056215,0.06920430474278261,0.06920430474278261,0,2422.8722069271644,0.009186409951203789,71
9379.858697943,17.719999999998674,1,1,3,8.763838481055318,6.249348745857182,6.273337583184419,0.09095436014247661,69.05178593121141,15.715017788342884,0.1,0.006375313467995702,0.06822646167113774,0.06822646167113774,0,2490.4971031554787,0.009070631906797688,73
9379.870799728,17.729999999998686,1,1,3,8.763838481055318,6.249348745857182,6.27206486992427,0.08762505135524892,68.96717104387618,15.737318032979235,0.0025847768013374487,0.006141950415173535,0.06710748716966224,0.06710748716966224,0,2559.6889534424568,0.008955965448151249,76
9379.878863327,17.739999999998698,1,1,3,8.68230997941907,6.2272927705268115,6.270976135276135,0.08003934484917896,68.90080661678947,15.759149003221914,0.00032706152555966715,0.005610241360471223,0.06607594796322896,0.06607594796322896,0,2630.386870133128,0.008841662076266577,80
9379.888752272,17.74999999999871,1,1,3,8.68230997941907,6.2272927705268115,6.269246392671195,0.07689478896366393,68.82004957187176,15.780800200633793,0.0,0.00538982829334191,0.06506719386604472,0.06506719386604472,0,2702.499185792952,0.008728508765526888,83
9379.898871536,17.759999999998723,1,1,3,8.68230997941907,6.2272927705268115,6.267645293531938,0.07404874080961882,68.74087860589457,15.802610272616842,0.0,0.005190338691099347,0.06406114438954462,0.06406114438954462,0,2775.918985621347,0.008617861308551245,85
9379.908724236,17.769999999998735,1,1,3,8.68230997941907,6.2272927705268115,6.266048340056768,0.07113954153810287,68.66325563293103,15.823916363945147,0.0,0.004986422603209512,0.06307333234869855,0.06307333234869855,0,2850.576715854175,0.008506940789314799,92
9379.918672554,17.779999999998747,1,1,3,8.676070669658985,6.231065605096446,6.264605070243928,0.061878465315573596,68.58025040065556,15.845539006196905,0.09999999999999999,0.004337280947140044,0.06236102902452583,0.06236102902452583,0,2926.381279203222,0.008399027534198522,93
9379.928777864,17.78999999999876,1,1,3,8.68230997941907,6.2272927705268115,6.263248734699197,0.06628080582426285,68.50680965835703,15.867131590363755,0.1,0.004645856596419349,0.061309957603077954,0.061309957603077954,0,3003.2335492430443,0.008293559647799098,96
9379.938973958,17.79999999999877,1,1,3,8.68230997941907,6.2272927705268115,6.261886290134292,0.06386094255555065,68.43930527584088,15.88818849812651,0.019426955316585635,0.004476239803298446,0.06014020050224621,0.06014020050224621,0,3081.110239550161,0.008187401565468377,102
9379.948793634,17.809999999998784,1,1,3,8.68230997941907,6.2272927705268115,6.260518515283701,0.061351997696669686,68.36753761519032,15.908714847172494,0.0,0.0043003789657946314,0.05919599218739442,0.05919599218739442,0,3159.9666920834397,0.008080354554743208,106
9379.958742644,17.819999999998796,1,1,3,8.676070669658985,6.231065605096446,6.2592355721660455,0.052631411707796213,68.29056803821574,15.929219115281219,0.1,0.0036891221858382766,0.05845803979581613,0.05845803979581613,0,3239.6498489905644,0.007974876715271417,110
9379.968778166,17.829999999998808,1,1,3,8.594583263672606,6.209045659279483,6.257315527468882,0.056640524439897005,68.2298753606434,15.950015553094337,1.1102230246251565e-13,0.003970135106556161,0.05773030776389875,0.05773030776389875,0,3319.9795954737738,0.007892774572371364,111
9379.978797156,17.83999999999882,1,1,3,8.600906556518416,6.205270260274328,6.2553410532885,0.060290945686945825,68.17630789345345,15.970357454048504,0.019467432343463556,0.004226006069792233,0.05638988843761854,0.05638988843761854,0,3400.888703591733,0.00791712502960995,117
9379.988730651,17.849999999998833,1,1,3,8.490244348970041,6.168742995855351,6.2531114828444,0.0931025276340959,68.12128393133281,15.989927654470659,0.0,0.0065258861411404325,0.05548439125339473,0.05548439125339473,0,3482.3943802187564,0.007946262842210783,120
9379.99867688,17.859999999998845,1,1,3,8.490244348970041,6.168742995855351,6.249792169282135,0.08944475030246837,68.05621479751068,16.008612145793307,0.0,0.006269499563864434,0.05461658639120005,0.05461658639120005,0,3564.345539331854,0.007975313280755403,120
9380.009457406,17.869999999998857,1,1,3,8.48362582578489,6.172515594506295,6.246664006890677,0.08074754411671155,67.97543278438303,16.027474852383676,0.1,0.0056598815571726685,0.05417832593766001,0.05417832593766001,0,3646.5621818786117,0.008002494900052781,126
9380.01875721,17.87999999999887,1,1,3,8.490244348970041,6.168742995855351,6.243717477659013,0.08298639014084394,67.91976610522893,16.046499750884003,0.1,0.005816810210049383,0.05312819077340302,0.05312819077340302,0,3728.8784149430385,0.008024832770903823,130
9380.02868768,17.88999999999888,1,1,3,8.454837230998868,6.158049588486269,6.240280778636812,0.09605037363924317,67.85444051420853,16.064096465473057,0.10000000000000002,0.006732511115564582,0.05228981794246554,0.05228981794246554,0,3811.3232345226434,0.008053178337776634,131
9380.04118605,17.899999999998894,1,1,3,8.461666299342587,6.154282424777894,6.237216888422101,0.09830888898334063,67.78605230163323,16.08157269440505,0.1,0.006890818460790697,0.05134136964440951,0.05134136964440951,0,3893.8441822776826,0.008080990044308178,133
9380.048667327,17.909999999998906,1,1,3,8.461666299342587,6.154282424777894,6.233950162801018,0.09444656607160688,67.74486485359057,16.098639648970344,0.0,0.00662009455884293,0.05045664677915489,0.05045664677915489,0,3976.272413486247,0.008109944876531161,138
9380.058796035,17.919999999998918,1,1,3,8.42686551789735,6.1436620652419895,6.230371270199552,0.10818494619192279,67.66062278284484,16.115228186561247,0.01947395582203015,0.0075830663138231275,0.05015833635740417,0.05015833635740417,0,4058.4943303838554,0.008136292863321404,138
9380.068787917,17.92999999999893,1,1,3,8.42686551789735,6.1436620652419895,6.226892713849403,0.10388599731441463,67.60303963185989,16.131707031002673,0.0,0.0072817377504197645,0.049393185305925146,0.049393185305925146,0,4140.3572852821235,0.008160582053631682,138
9380.078767233,17.939999999998943,1,1,3,8.433905876694187,6.139900410618549,6.22346117549547,0.1058032699525343,67.57012907835163,16.14757557818663,0.0,0.0074161261849321584,0.04815646182955988,0.04815646182955988,0,4221.870966932451,0.008188254136664685,143
9380.088748439,17.949999999998955,1,1,3,8.42686551789735,6.1436620652419895,6.220211038422875,0.09569822841089572,67.4977992053133,16.163577120131468,0.10000000000000002,0.006707828008416494,0.04776534906471872,0.04776534906471872,0,4303.055968380032,0.008215976748293663,144
9380.098766855,17.959999999998967,1,1,3,8.399718847343282,6.129353577464022,6.216976916006924,0.11643959557043837,67.44747194549846,16.17929232158847,0.09999999999999999,0.008161663945360408,0.04691529112345367,0.04691529112345367,0,4383.723314598815,0.008242426007292636,146
9380.109624155,17.96999999999898,1,1,3,8.406971180639179,6.125597506717238,6.21360321425932,0.11837708146723666,67.40495105488195,16.19439230914088,0.0,0.008297469198814723,0.045957904553156154,0.045957904553156154,0,4463.850152679708,0.008270021679563255,150
9380.118785498,17.97999999999899,1,1,3,8.406971180639179,6.125597506717238,6.210126649009957,0.11372632690472413,67.35335781542878,16.20898156056549,0.0,0.00797148132805973,0.04525998005485323,0.04525998005485323,0,4543.398392041541,0.008298472486795272,152
9380.128740812,17.989999999999004,1,1,3,8.406971180639179,6.125597506717238,6.206848254692907,0.10940141726877176,67.28936385107662,16.223818570573915,0.09999999999999999,0.007668333083085301,0.04481179630259724,0.04481179630259724,0,4622.252563380646,0.0083240775863469,153
9380.138770558,17.999999999999016,1,1,3,8.406971180639179,6.125597506717238,6.203699891676921,0.10524784686268314,67.23932738106595,16.238566122603217,0.09999999999999999,0.007377194612002453,0.04412363407611682,0.04412363407611682,0,4700.327590002105,0.008349420844029343,153
9380.148925564,18.009999999999028,1,1,3,8.399718847343282,6.129353577464022,6.200706760440756,0.0952346795985047,67.17548577076711,16.253378575132658,0.0,0.006675336229220049,0.0437146527869621,0.0437146527869621,0,4777.684203502309,0.008374154595733874,160
9380.158955295,18.01999999999904,1,1,3,8.399718847343282,6.129353577464022,6.197801979023005,0.0914332799330798,67.13503161987933,16.267916919610304,0.1,0.006408882653533831,0.04289301736856714,0.04289301736856714,0,4854.329146988675,0.008399397438112577,162
9380.168880942,18.029999999999053,1,1,3,8.324684298012082,6.103436216694877,6.194703501537352,0.10356474166269047,67.12483198865269,16.282092927874935,0.0,0.0072592198031780145,0.0418358868041033,0.0418358868041033,0,4930.363986588289,0.008425909780621077,163
9380.178704533,18.039999999999065,1,1,3,8.406971180639179,6.125597506717238,6.191315106670507,0.08961893573642052,67.06325724091104,16.29575472218042,0.0,0.00628170883828813,0.04119983955148645,0.04119983955148645,0,5005.97712708767,0.00845455291423447,169
9380.189117002,18.049999999999077,1,1,3,8.324684298012091,6.10343621669488,6.187811050533604,0.09550810677815327,67.10594451554908,16.30939226138879,0.1,0.006694501709337775,0.04086681313279623,0.04086681313279623,0,5081.696004015291,0.00847874826532613,169
9380.198755882,18.05999999999909,1,1,3,8.332950256255119,6.099788038960648,6.184356217327515,0.10270599538620719,67.0861304182914,16.322430260473322,0.0,0.007199027233041865,0.039820176735230695,0.039820176735230695,0,5157.891595265038,0.008505853232148697,169
9380.211425283,18.0699999999991,1,1,3,8.332950256255119,6.099788038960648,6.181023373238487,0.0986709206004506,67.04272502286679,16.335279511655422,0.0,0.0069161945399668625,0.039204645057742904,0.039204645057742904,0,5234.69862042318,0.008534604260300949,171
9380.218749716,18.079999999999114,1,1,3,8.324684298012091,6.10343621669488,6.177852294355879,0.08387476794652488,66.98377611676402,16.348192975151004,0.1,0.00587907975908863,0.038864003004498195,0.038864003004498195,0,5312.100501093105,0.008562391393326152,176
9380.228769359,18.089999999999126,1,1,3,8.324684298012091,6.10343621669488,6.17480643180506,0.0803453216604983,66.94173541397032,16.36100310040887,0.1,0.005631688359637146,0.038259149899162626,0.038259149899162626,0,5390.079416298468,0.008589581910304456,176
9380.238729518,18.099999999999138,1,1,3,8.332950256255119,6.099788038960648,6.171850870372625,0.08770365028448154,66.9174566477035,16.373543717018947,0.0,0.0061474596926982565,0.03738739828518244,0.03738739828518244,0,5468.627365581242,0.008616915015555504,176
9380.248841041,18.10999999999915,1,1,3,8.324684298012091,6.10343621669488,6.169071621567614,0.07372274399729928,66.8433861177472,16.386311241869553,0.1,0.005167488419107359,0.037343516807636215,0.037343516807636215,0,5547.72508069468,0.008642224224810091,183
9380.258734058,18.119999999999163,1,1,3,8.332950256255119,6.099788038960648,6.166371996191258,0.08127605863667096,66.83784624982142,16.39880437596964,0.0,0.005696927013067847,0.036200550843001264,0.036200550843001264,0,5627.352706953313,0.008667253094636007,184
9380.26874651,18.129999999999175,1,1,3,8.332950256255119,6.099788038960648,6.163749425568626,0.07808291520179104,66.79915870291853,16.41102137574664,0.0,0.005473108272396827,0.03562241780189277,0.03562241780189277,0,5707.532614453153,0.008693790248078148,184
9380.279718374,18.139999999999187,1,1,3,8.332950256255119,6.099788038960648,6.161230396283811,0.07501522279353462,66.7612017042988,16.423132324907176,0.0,0.005258082838812271,0.03505057815203485,0.03505057815203485,0,5788.21612071963,0.008719941287965827,189
9380.288779731,18.1499999999992,1,1,3,8.324684298012091,6.10343621669488,6.158739445683622,0.06184378048555758,66.82007431809731,16.43474375131714,0.09999999999999999,0.004334849764472103,0.034535544268211496,0.034535544268211496,0,5869.366352633543,0.008748668860782405,191
9380.29893432,18.15999999999921,1,1,3,8.332950256255119,6.099788038960648,6.156418241001004,0.06897678123668122,66.68741916309936,16.446661346540402,0.0,0.004834827068304987,0.0339353074501444,0.0339353074501444,0,5950.910030948632,0.008773754975737291,191
9380.310753596,18.169999999999224,1,1,3,8.332950256255119,6.099788038960648,6.154188623672628,0.06626684721847514,66.6515427217899,16.458479152430336,0.0,0.00464487818826693,0.033382346835842784,0.033382346835842784,0,6032.83613565098,0.008798388174217964,192
9380.318730113,18.179999999999236,1,1,3,8.332950256255119,6.099788038960648,6.152046965590251,0.06366338007580742,66.61632384721851,16.470191878737715,0.0,0.004462391948881212,0.03283570371831807,0.03283570371831807,0,6115.155477368808,0.008822627211837242,196
9380.328746633,18.189999999999248,1,1,3,8.332950256255119,6.099788038960648,6.149989783441193,0.06116219697783499,66.58175048332922,16.481796867846853,0.0,0.004287075160709099,0.03229539266432873,0.03229539266432873,0,6197.863644972176,0.008846497790410135,196
9380.338827109,18.19999999999926,1,1,3,8.316197626508755,6.08198805333258,6.147891581135134,0.09715936737368804,66.642060567631,16.493009267948043,0.023677448891451926,0.006810244416970212,0.03165355839335491,0.03165355839335491,0,6280.952874659062,0.00887026713614314,196
9380.348845044,18.209999999999273,1,1,3,8.306795931264066,6.085519059427894,6.145432436895442,0.07874449889446165,66.5102731282307,16.50356108380306,0.0,0.005519481018238484,0.031261888271407384,0.031261888271407384,0,6364.41295921808,0.008893421494536202,201
9380.35936302,18.219999999999285,1,1,3,8.306795931264066,6.085519059427894,6.14307056864287,0.0756508144331882,66.47756255724117,16.51403540775568,0.0,0.005302633709535696,0.030760098376893363,0.030760098376893363,0,6448.224896465179,0.008916151182495446,202
9380.36889766,18.229999999999297,1,1,3,8.224456639951631,6.063336637461983,6.1401903274693055,0.08408893305661355,66.46066325751103,16.52394578260841,0.0,0.005894091350711078,0.03026777202237479,0.03026777202237479,0,6532.380272952739,0.008939918278159764,204
9380.380098483,18.23999999999931,1,1,3,8.233974844102795,6.05980336716519,6.137123325549076,0.0942211716633945,66.61435727622172,16.534032670581148,0.10000000000000002,0.006604295865915834,0.02941685764571322,0.02941685764571322,0,6616.8377750270465,0.008962633267072473,207
9380.38903345,18.24999999999932,1,1,3,8.224456639951631,6.063336637461983,6.1342646050397045,0.07761483003306764,66.39813268629975,16.54453563135282,0.10000000000000003,0.005440298523906789,0.029292058783250197,0.029292058783250197,0,6701.587092788552,0.00898284323920362,209
9380.398710944,18.259999999999334,1,1,3,8.224456639951631,6.063336637461983,6.131474959198433,0.0745655275800805,66.36769190368217,16.554705709163272,0.0,0.005226562107466024,0.02881251607005053,0.02881251607005053,0,6786.631124015726,0.009003987288811577,210
9380.408737409,18.269999999999346,1,1,3,8.224456639951631,6.063336637461983,6.1287951446879605,0.07163602498294577,66.33779462205158,16.564787596282173,0.02733593047527209,0.005021222887523336,0.028338519063554984,0.028338519063554984,0,6871.996285670271,0.00902392928671969,210
9380.41899268,18.279999999999358,1,1,3,8.224456639951631,6.063336637461983,6.126220828847616,0.0688216155896668,66.3084268150754,16.574781010777603,0.0,0.00482395095815881,0.02787000599469589,0.02787000599469589,0,6957.681003763034,0.009044534499657031,218
9380.428752293,18.28999999999937,1,1,3,8.224456639951631,6.063336637461983,6.123552540393583,0.06608500983804667,66.27957783297363,16.584943342427184,0.0,0.004632132561794102,0.027400843390532916,0.027400843390532916,0,7043.681769422352,0.00906319523675514,219
9380.438783129,18.299999999999383,1,1,3,8.151870133558385,6.037652162827555,6.120314475491759,0.09242078822229725,66.36567475475542,16.594633995567275,0.0,0.006478100609507977,0.02681777183436283,0.02681777183436283,0,7130.025090230508,0.00908083894269962,219
9380.450271149,18.309999999999395,1,1,3,8.151870133558385,6.037652162827555,6.117061603258491,0.08878979481404237,66.33790127362181,16.603536976682253,0.0,0.0062235914123503905,0.026385084854418685,0.026385084854418685,0,7216.76970934825,0.009102239668917878,225
9380.458758643,18.319999999999407,1,1,3,8.151870133558385,6.037652162827555,6.11393692925066,0.0853014545186266,66.31063132064646,16.612373242149577,0.0,0.005979081277470883,0.025957425854842127,0.025957425854842127,0,7303.848691044245,0.009123228390953586,229
9380.468819227,18.32999999999942,1,1,3,8.151870133558385,6.037652162827555,6.110935386573128,0.0819501628338301,66.28384382506846,16.621147413712382,0.0,0.005744177365445165,0.025534775061872003,0.025534775061872003,0,7391.204468555861,0.00914374809552787,229
9380.481828253,18.33999999999943,1,1,3,8.173940795254785,6.030918409479856,6.1080283630329095,0.11599568869623897,66.40230246380999,16.629078241683725,0.10000000000000002,0.007586399603148858,0.024894607674614957,0.024894607674614957,0,7478.820463164453,0.009165145101371341,233
9380.488716413,18.349999999999444,1,1,3,8.162440535798535,6.0342290043777345,6.105104965708495,0.09154783292369734,66.33130216860393,16.636876806060098,0.03915100069920231,0.006416912078651474,0.024621172786834865,0.024621172786834865,0,7566.669798939792,0.009187562046789166,240
9380.498787767,18.359999999999456,1,1,3,8.162440535798535,6.0342290043777345,6.10254898350365,0.08845299669647216,66.30482936017627,16.645157604341257,0.1,0.0061999840385906614,0.02422970768228863,0.02422970768228863,0,7654.646580848149,0.009203394422407363,241
9380.50877752,18.369999999999468,1,1,3,8.162440535798535,6.0342290043777345,6.099826708910315,0.08482609600533447,66.28102146325168,16.65279381532999,0.0,0.00594576171448148,0.02383932615624005,0.02383932615624005,0,7742.861431358448,0.009223767485253997,243
9380.518705075,18.37999999999948,1,1,3,8.173940795254767,6.030918409479856,6.097113490370811,0.10154660798263579,66.3563101245872,16.659827869528034,0.0,0.0071177616607588584,0.02335146859239847,0.02335146859239847,0,7831.303737029249,0.009244237341991424,249
9380.528782426,18.389999999999493,1,1,3,8.173940795254767,6.030918409479856,6.094708756994307,0.09782943455814676,66.33229793319876,16.666949955233306,0.0,0.006857211800819236,0.022988927702942644,0.022988927702942644,0,7919.880581422749,0.009263713406735041,249
9380.538692345,18.399999999999505,1,1,3,8.173940795254767,6.030918409479856,6.092227617857111,0.09424635824397368,66.30868227571254,16.67412464526734,0.1,0.006606061282616234,0.02262869615994747,0.02262869615994747,0,8008.541610169979,0.009281416860860814,249
9380.550479349,18.409999999999517,1,1,3,8.25905625004151,6.054759487604422,6.089898219112344,0.081201094597001,66.26727540409578,16.681048090928204,0.1,0.005691672517835498,0.022276413866482554,0.022276413866482554,0,8097.293915442886,0.00930028463139998,252
9380.558706106,18.41999999999953,1,1,3,8.186366993111355,6.027720563603868,6.0882410577564245,0.10989437374879951,66.32182924062184,16.687608777921064,0.10000000000000002,0.007702886149934872,0.02180802476496817,0.02180802476496817,0,8186.1274428385195,0.009319654946486011,257
9380.568751259,18.42999999999954,1,1,3,8.173940795254786,6.030918409479857,6.085879379409972,0.08298640834125268,66.3036936106169,16.693944485788016,0.1,0.005816811485780312,0.021980985889641706,0.021980985889641706,0,8274.975523536306,0.009337548236979631,258
9380.578784491,18.439999999999554,1,1,3,8.186366993111355,6.027720563603868,6.083570209496053,0.10170096411630171,66.31811620789755,16.700044837316533,0.0,0.00712858102924528,0.021161793123691867,0.021161793123691867,0,8363.779163877629,0.009355371668798407,260
9380.588921283,18.449999999999566,1,1,3,8.186366993111355,6.027720563603868,6.081353612691212,0.0977053746236925,66.29641380271417,16.70615556353033,0.0,0.006848516000312992,0.020843850046228407,0.020843850046228407,0,8452.554786044328,0.009373142033173076,269
9380.598878498,18.459999999999578,1,1,3,8.186366993111355,6.027720563603868,6.079225811278684,0.09386676235871075,66.27505409295982,16.712275729968955,0.0,0.0065794540616327755,0.020529003973516383,0.020529003973516383,0,8541.24458697971,0.009390293400564631,272
9380.608866326,18.46999999999959,1,1,3,8.19971491973996,6.024635646289952,6.077141750693606,0.11416588076649264,66.35422424472574,16.71815828080214,0.0,0.008002291216122724,0.020095359283842807,0.020095359283842807,0,8629.815409465948,0.009407243274194399,274
9380.619919733,18.479999999999603,1,1,3,8.19971491973996,6.024635646289952,6.075114111147585,0.11016183133093096,66.33356028477624,16.723896198686266,0.02040798403738235,0.0077216331998047295,0.019795930051731813,0.019795930051731813,0,8718.231863436462,0.009420717663077394,280
9380.628801132,18.489999999999615,1,1,3,8.19971491973996,6.024635646289952,6.073101166677611,0.10583383444735495,66.31321317588298,16.729250740938443,0.0,0.007418268558702574,0.019508716281360625,0.019508716281360625,0,8806.546985063736,0.009437669377190594,283
9380.638741886,18.499999999999627,1,1,3,8.186366993111351,6.027720563603867,6.0713039915132,0.07838700706053642,66.24018088249653,16.735439835143996,0.0,0.005494423148555885,0.019916766175797254,0.019916766175797254,0,8894.679346709072,0.009447525261265466,1
9380.650663891,18.50999999999964,1,1,3,8.213980081633304,6.02166383109909,6.069403801872956,0.12343091175012431,66.37376074869553,16.740578912624592,0.0,0.00865171007541463,0.018798577704473265,0.018798577704473265,0,8982.676585423591,0.009462903131102651,2
9380.658713156,18.51999999999965,1,1,3,8.213980081633304,6.02166383109909,6.067541423367586,0.11898204099372772,66.32844078622772,16.74549904030144,0.09999999999999999,0.008339872956158319,0.018873534048855552,0.018873534048855552,0,9070.601108835528,0.009477286589996026,6
9380.668751838,18.529999999999664,1,1,3,8.19971491973996,6.024635646289952,6.0658340872862135,0.09018686844679066,66.25420488466548,16.750946401499306,0.09999999999999999,0.006321517254857249,0.018632192544241737,0.018632192544241737,0,9158.245776720947,0.009487025715935626,8
9380.678745087,18.539999999999676,1,1,3,8.199714919739973,6.02463564628995,6.0641032454950805,0.08596457046241682,66.33864353710949,16.755844361877394,0.10000000000000002,0.00602556142422415,0.018549519394958823,0.018549519394958823,0,9245.743546703889,0.00950146652893702,10
9380.689211715,18.549999999999688,1,1,3,8.213980081633304,6.02166383109909,6.062582806188528,0.10687571714285074,66.29784105765066,16.760642425723997,0.0,0.007491297809529693,0.01773040272866807,0.01773040272866807,0,9333.024012285206,0.00951530733667727,18
9380.698710917,18.5599999999997,1,1,3,8.213980081633304,6.02166383109909,6.060944872317624,0.10267682388612526,66.27956450713718,16.76535587626046,0.0,0.0071969824992098195,0.01747730484718353,0.01747730484718353,0,9420.050867697008,0.009531023330097588,21
9380.708826888,18.569999999999713,1,1,3,8.229157708727312,6.0188052855651595,6.059372660238716,0.12424089576025829,66.3621031943641,16.770101287779394,0.0,0.0087084847254762,0.0170954035579276,0.0170954035579276,0,9506.662948795953,0.0095448538622801,22
9380.72065643,18.579999999999725,1,1,3,8.229157708727312,6.0188052855651595,6.057774811843745,0.11966409425696563,66.34438052665284,16.774323900602095,0.09999999999999999,0.008387680486750643,0.016859866166055743,0.016859866166055743,0,9592.844106029499,0.009559087914363218,26
9380.728960157,18.589999999999737,1,1,3,8.229157708727312,6.0188052855651595,6.056242597732978,0.11526714257602419,66.3269026640751,16.778601043099687,0.0,0.008079482559507517,0.016625910320516416,0.016625910320516416,0,9678.526112135822,0.009573978893365975,30
9380.738743532,18.59999999999975,1,1,3,8.229157708727312,6.0188052855651595,6.0547347646507985,0.11073857013109899,66.30966778938203,16.78268540573469,0.0,0.007762058866418937,0.016399585538669704,0.016399585538669704,0,9763.665652887265,0.009588629606679167,30
9380.748761825,18.60999999999976,1,1,3,8.313764213664607,6.04272704928258,6.05347953160849,0.10461857684975859,66.25702702642472,16.786844478526298,0.09999999999999999,0.00733308684650203,0.016165860975269147,0.016165860975269147,0,9848.188817656135,0.009602639948938285,31
9380.758727265,18.619999999999774,1,1,3,8.229157708727312,6.0188052855651595,6.052085720673178,0.1022468105819214,66.27588632327286,16.79103905865553,0.0,0.0071668413426405906,0.015951168577107572,0.015951168577107572,0,9932.048456098564,0.009615978167996975,37
9380.768706207,18.629999999999786,1,1,3,8.313764213664607,6.04272704928258,6.050939644916395,0.09668014144538122,66.22373415839269,16.795301719957227,0.09999999999999999,0.006776653773155573,0.015720211874872315,0.015720211874872315,0,10015.21988127364,0.009628739335266867,38
9380.778779262,18.639999999999798,1,1,3,8.313764213664607,6.04272704928258,6.0499329537501945,0.09293929710490832,66.20740955713285,16.79961805796102,0.09999999999999999,0.006514444734818846,0.015499285033783833,0.015499285033783833,0,10097.68822121039,0.009641017842258903,40
9380.790196241,18.64999999999981,1,1,3,8.229157708727312,6.0188052855651595,6.048751634642199,0.09040510500457871,66.22684415928566,16.803655985023674,0.0,0.006336814228679114,0.015297069178156488,0.015297069178156488,0,10179.450483825765,0.009654145087109267,45
9380.798753218,18.659999999999823,1,1,3,8.204930667124549,6.004560220047993,6.0474377536780874,0.09986222541541431,66.20682129420645,16.8078614236232,0.0,0.006999697316737921,0.015084645785110444,0.015084645785110444,0,10260.449601322078,0.009665198635585903,48
9380.808967905,18.669999999999835,1,1,3,8.204930667124549,6.004560220047993,6.046323587064099,0.09627050132122213,66.19109394644279,16.811804249765153,0.0,0.0067479406449834824,0.014880756382135572,0.014880756382135572,0,10340.6944952822,0.00967599977695921,50
9380.818840249,18.679999999999847,1,1,3,8.204930667124549,6.004560220047993,6.044659335015897,0.09248826182261598,66.1755638029836,16.815425062417045,0.0,0.006482830073298122,0.014687212826353085,0.014687212826353085,0,10420.200712386617,0.00968613861929879,51
9380.828881361,18.68999999999986,1,1,3,8.204930667124549,6.004560220047993,6.043110891382132,0.08923019202994224,66.16021687096203,16.81942649436397,0.0,0.006254460414093534,0.014486524113821824,0.014486524113821824,0,10498.9519109912,0.00969291256383098,59
9380.838763811,18.69999999999987,1,1,3,8.204930667124549,6.004560220047993,6.041576117008846,0.08572454957319603,66.14506337121155,16.82314984976823,0.0,0.006008737509403207,0.014294464646801834,0.014294464646801834,0,10577.074587834299,0.009702512866221591,61
9380.848856917,18.709999999999884,1,1,3,8.204930667124549,6.004560220047993,6.0402400251715,0.08267042830174845,66.13010645780379,16.827248431879823,0.0,0.0057946633248972534,0.014095201997867388,0.014095201997867388,0,10654.540608281322,0.009711069397262073,62
9380.858917853,18.719999999999896,1,1,3,8.204930667124549,6.004560220047993,6.038820886439685,0.07942250339226867,66.11533561140135,16.831049000192145,0.0,0.005567004756511831,0.013905157713860722,0.013905157713860722,0,10731.318029308028,0.00972012333585437,69
9380.868781499,18.729999999999908,1,1,3,8.204930667124549,6.004560220047993,6.0376812722855915,0.07654791719087986,66.10075172991226,16.835224119377667,0.0,0.005365514821384853,0.013707861233901398,0.013707861233901398,0,10807.419144208105,0.009728897260945724,69
9380.878625627,18.73999999999992,1,1,3,8.221254596386778,6.0018230379173225,6.036387984027826,0.0984570703646211,66.12753635823017,16.839241783468132,0.1,0.0069012050189974266,0.01372489049208267,0.01372489049208267,0,10882.834544540461,0.009735645947140825,74
9380.891724587,18.749999999999932,1,1,3,8.204930667124549,6.004560220047993,6.035136457631878,0.0709267608241295,66.07210962153479,16.843226811017004,0.0,0.004971508048817618,0.01332728833872937,0.01332728833872937,0,10957.579594120602,0.009742137554041741,77
9380.898727721,18.759999999999945,1,1,3,8.229157708727312,6.0188052855651595,6.034093475624692,0.05647861445943908,66.06212738459097,16.847405496396384,0.0,0.003958786262175478,0.013134962944727374,0.013134962944727374,0,11031.813757576227,0.009750401536801734,84
9380.90870143,18.769999999999957,1,1,3,8.204930667124549,6.004560220047993,6.032921318051985,0.06564548457930118,66.04418835748243,16.85133891629605,0.0,0.004601324678618374,0.012950404376755306,0.012950404376755306,0,11105.493928381738,0.009758475353159102,88
9380.918708472,18.77999999999997,1,1,3,8.204930667124549,6.004560220047993,6.032019147192027,0.06331542396345217,66.03049537585852,16.855631074027073,0.0,0.004438002471720336,0.012758730272406638,0.012758730272406638,0,11178.600118727772,0.009766323385118736,89
9380.928664897,18.78999999999998,1,1,3,8.229157708727312,6.0188052855651595,6.03110113726667,0.049530207669726156,66.02103855221733,16.859851447971863,0.0,0.0034717478033465046,0.012570530626554258,0.012570530626554258,0,11251.154726959912,0.009773950176944157,97
9380.938683519,18.799999999999994,1,1,3,8.221254596386787,6.001823037917316,6.0300541983103715,0.08288525434170665,66.10474378164497,16.863471159644384,0.0047813132318229815,0.005809721243436613,0.01226387142145004,0.01226387142145004,0,11323.209012200718,0.0097834995144509,98
9380.948705565,18.810000000000006,1,1,3,8.221254596386787,6.001823037917316,6.029356295525388,0.08035633553416209,66.05569565250786,16.86723760357324,0.10000000000000002,0.0056324603610780595,0.012253168264925124,0.012253168264925124,0,11394.72142093832,0.009790241931101784,99
9380.960580307,18.820000000000018,1,1,3,8.221254596386787,6.001823037917316,6.02825675412956,0.077199325837013,66.07859191381931,16.87045429595031,0.0,0.005411174362151875,0.011931433550671776,0.011931433550671776,0,11465.701813114525,0.00979839263905935,102
9380.968732143,18.83000000000003,1,1,3,8.221254596386787,6.001823037917316,6.0272017783670995,0.07416634755769513,66.0657627762256,16.873708985789158,0.0,0.005198582164900545,0.011773500686066498,0.011773500686066498,0,11536.229826122799,0.009806247083503306,105
9380.978799706,18.840000000000042,1,1,3,8.221254596386787,6.001823037917316,6.026235594824016,0.07164441155611245,66.0530834756233,16.87732291829426,0.0,0.005021810732160819,0.011608344584435382,0.011608344584435382,0,11606.24689490164,0.00981080927132394,105
9380.988790159,18.850000000000055,1,1,3,8.221254596386787,6.001823037917316,6.025262286046067,0.06882967267428615,66.0405636577389,16.880639673191492,0.0,0.004824515707776103,0.011451760560045956,0.011451760560045956,0,11675.897860809893,0.00981828345599578,106
9380.998740918,18.860000000000067,1,1,3,8.22125459638679,6.0018230379173225,6.024270313524827,0.06562878449633741,66.10052466879789,16.88358041828918,0.1,0.0046001541106140305,0.011535922262050177,0.011535922262050177,0,11745.176758350159,0.009825876344865758,112
9381.009147556,18.87000000000008,1,1,3,8.22125459638679,6.0018230379173225,6.0232846894134076,0.062261103634493165,66.08829972465114,16.886326160433708,0.1,0.004364101423081612,0.011396593669101958,0.011396593669101958,0,11814.019522230878,0.009833385031454034,115
9381.01892378,18.88000000000009,1,1,3,8.238482323742513,5.999199724238931,6.022327380163518,0.08445914189843207,66.10516871520832,16.889040438061862,0.0,0.00592004060054913,0.010892968047315429,0.010892968047315429,0,11882.385027831664,0.009840198891812979,115
9381.030212849,18.890000000000104,1,1,3,8.238482323742513,5.999199724238931,6.021398087804808,0.08114094267725211,66.0932799461192,16.89172386530299,0.0,0.005687456256586477,0.010757835198635837,0.010757835198635837,0,11950.32279632724,0.00984782411256313,121
9381.038716384,18.900000000000116,1,1,3,8.256608191752921,5.996690428450156,6.020449546354558,0.10338210039697585,66.18274376867042,16.89405164930697,0.0,0.007246417829536404,0.010496429159059479,0.010496429159059479,0,12017.774405381617,0.009855745533010496,124
9381.048906268,18.910000000000128,1,1,3,8.256608191752921,5.996690428450156,6.019653976072087,0.09944766338851631,66.1711546895584,16.89629933158059,0.0,0.006970639194958366,0.01037504064039026,0.01037504064039026,0,12084.71445282908,0.009863936118880368,126
9381.061590118,18.92000000000014,1,1,3,8.32290824168568,6.023199734296175,6.018837927797434,0.07192868955347805,66.10738531889461,16.898669346004993,0.1,0.0053815239089601225,0.010702948795775723,0.010702948795775723,0,12151.063177137687,0.009869669271695858,129
9381.068889585,18.930000000000152,1,1,3,8.238482323742511,5.999199724238937,6.018403291164945,0.0669375485870966,66.09485900854068,16.90133728183671,0.10000000000000002,0.004691890024331418,0.01068289452038565,0.01068289452038565,0,12216.756370717183,0.009871878714015736,136
9381.078759662,18.940000000000165,1,1,3,8.256608191752921,5.996690428450156,6.017535631122695,0.08929174700286746,66.13711402663985,16.903597182055925,0.0,0.006258775020312464,0.010005873129209667,0.010005873129209667,0,12282.038795474367,0.009877461873132543,138
9381.088796769,18.950000000000177,1,1,3,8.256608191752921,5.996690428450156,6.016693048936516,0.08578368619733728,66.12603471437657,16.90582846774928,0.0,0.0060128826049845345,0.009889949815126961,0.009889949815126961,0,12346.975509937598,0.009884682993243632,140
9381.098785174,18.96000000000019,1,1,3,8.256608191752921,5.996690428450156,6.015929403577382,0.08282265352160674,66.1003190942925,16.90844079153851,0.10000000000000002,0.005805333330082364,0.00995140781975847,0.00995140781975847,0,12411.349544773582,0.009888512219957235,146
9381.108768266,18.9700000000002,1,1,3,8.238482323742511,5.999199724238937,6.015175475265247,0.05389973522588445,66.07483463203468,16.91094453723455,0.1,0.0037780234764853756,0.010016077908222377,0.010016077908222377,0,12475.156169639631,0.009894631759263417,147
9381.118675967,18.980000000000214,1,1,3,8.256608191752921,5.996690428450156,6.014441073334766,0.07674292707438665,66.09352076527503,16.913412818708128,0.0,0.005379183755284946,0.009528000054904994,0.009528000054904994,0,12538.43429250083,0.009898831800400631,150
9381.130698832,18.990000000000226,1,1,3,8.256608191752921,5.996690428450156,6.013748197619167,0.07393499826148632,66.06811930659954,16.916008746757424,0.1,0.005182366072767998,0.009593639070637403,0.009593639070637403,0,12601.249984203512,0.009904363670872551,154
9381.138686623,19.000000000000238,1,1,3,8.256608191752921,5.996690428450156,6.0130618101526565,0.07103026766471962,66.0724482872282,16.918482661898445,0.0,0.004978763210129382,0.009292051717454982,0.009292051717454982,0,12663.528213027857,0.009910415023131058,159
9381.148890483,19.01000000000025,1,1,3,8.275626298890556,5.994295293737651,6.012402297902015,0.09436903954399203,66.17471969044419,16.920990662352924,0.1,0.0066146604497485375,0.009050456749793668,0.009050456749793668,0,12725.261052778094,0.009915484590768298,160
9381.15874876,19.020000000000262,1,1,3,8.340863845779145,6.020708565735795,6.01199513205741,0.0687252503356768,66.01694933161559,16.923816708239016,0.1,0.004817196375963539,0.00904003908817735,0.00904003908817735,0,12786.419862518453,0.009919143752858406,161
9381.168756635,19.030000000000275,1,1,3,8.256608191752921,5.996690428450156,6.011432041426797,0.06356945283752756,66.04168922710888,16.926629463681255,0.0,0.004455808255847776,0.008933496459490549,0.008933496459490549,0,12847.11230521646,0.009923204142367359,166
9381.178711408,19.040000000000287,1,1,3,8.256608191752921,5.996690428450156,6.010840884098208,0.06107195991781453,66.03166587439286,16.929243695552717,0.0,0.004280750125348892,0.008818456125766351,0.008818456125766351,0,12907.398115848682,0.009928494531651788,167
9381.188933054,19.0500000000003,1,1,3,8.256608191752921,5.996690428450156,6.010295178857518,0.058878053482261876,66.0217575360496,16.932049667724705,0.0,0.004126971447513184,0.008699805559279215,0.008699805559279215,0,12967.2235264843,0.00993279596033425,168
9381.200337058,19.06000000000031,1,1,3,8.256608191752921,5.996690428450156,6.009781922927493,0.056870037185579085,66.01195316078534,16.93495990988221,0.0,0.003986222468353271,0.008579587666268804,0.008579587666268804,0,13026.57530457025,0.00993598662656714,174
9381.208864922,19.070000000000324,1,1,3,8.256608191752921,5.996690428450156,6.009226162041726,0.054326894281208946,66.002262625132,16.937403797900807,0.02478830676522916,0.0038079645686344595,0.008471649361062119,0.008471649361062119,0,13085.575858081513,0.0099412079866803,178
9381.218768003,19.080000000000336,1,1,3,8.27562629889057,5.9942952937376495,6.008661898009095,0.07773500898409137,66.07905591306229,16.93963741600969,0.1,0.005448722292529202,0.008418838696683317,0.008418838696683317,0,13144.220243595166,0.009945275155917921,180
9381.231527653,19.090000000000348,1,1,3,8.295530508573616,5.992014456997072,6.008099251897362,0.10115455301503301,66.1021368071771,16.941746242507026,0.1,0.005419830924082922,0.008341271893797322,0.008341271893797322,0,13202.451126183016,0.009950213247783668,181
9381.238761475,19.10000000000036,1,1,3,8.27562629889057,5.9942952937376495,6.007912969150446,0.07150682344368457,66.0862011463834,16.94357407645408,0.10000000000000002,0.0050121666937131115,0.007997542643882971,0.007997542643882971,0,13260.313896661384,0.009958105893559055,185
9381.248772505,19.110000000000372,1,1,3,8.27562629889057,5.9942952937376495,6.007531455091563,0.06881223400574712,66.06600363773627,16.94587479716454,0.0,0.004823293369691121,0.00794397646762366,0.00794397646762366,0,13317.688192104131,0.009963079253978546,187
9381.258707046,19.120000000000385,1,1,3,8.27562629889057,5.9942952937376495,6.007017802744089,0.0663154842694765,66.05685957874927,16.94812066861919,0.0,0.004648287331553686,0.007846435468212891,0.007846435468212891,0,13374.508636258597,0.009966950055451451,190
9381.268691231,19.130000000000397,1,1,3,8.359703416646642,6.018331107979841,6.006812953595596,0.06765389896961935,65.9808809856445,16.950611532203048,0.09999999999999999,0.004742101561572042,0.008107425370420241,0.008107425370420241,0,13430.839077967992,0.009967958212293904,197
9381.278774488,19.14000000000041,1,1,3,8.27562629889057,5.9942952937376495,6.006439954660247,0.061820486092321984,66.03882804440101,16.952912888859696,0.03880638476313814,0.004333216977889062,0.007646338980201423,0.007646338980201423,0,13486.756784551044,0.009968518720621766,198
9381.288713614,19.15000000000042,1,1,3,8.359703416646642,6.018331107979841,6.006142885858023,0.06316423003596314,65.99520452788032,16.955114173823215,0.10000000000000002,0.004427404753472438,0.0075365263322453805,0.0075365263322453805,0,13542.538971908092,0.009973047818619518,201
9381.300776514,19.160000000000434,1,1,3,8.27562629889057,5.9942952937376495,6.005950197362112,0.057097331383768164,66.02122272306914,16.957348141901907,0.09999999999999999,0.0040021543242933265,0.0074569828716863785,0.0074569828716863785,0,13598.079475659326,0.009977514889510486,204
9381.3087155,19.170000000000446,1,1,3,8.295530508573616,5.992014456997072,6.005461955889325,0.080891021563238,66.14289145553514,16.95941894045233,0.1,0.005669938399920624,0.0070766885603565565,0.0070766885603565565,0,13653.251978367249,0.009982056770040937,209
9381.318787928,19.180000000000458,1,1,3,8.298888227787856,6.008506937172107,6.005168515340671,0.04963037291808274,66.00806109057136,16.962185713918988,0.0,0.0034787687406151015,0.0072616452948092965,0.0072616452948092965,0,13708.018013839053,0.009983932998644085,211
9381.328747864,19.19000000000047,1,1,3,8.27562629889057,5.9942952937376495,6.004787786345802,0.05094788491496325,65.99557542513125,16.96454655495763,0.0,0.003571117826077357,0.007166013885915811,0.007166013885915811,0,13762.457189583833,0.009987711570022761,212
9381.338820018,19.200000000000482,1,1,3,8.27562629889057,5.9942952937376495,6.004367756000747,0.04894626344160296,65.98722207612681,16.96684084389119,0.0,0.0034308170827490334,0.007073109736880422,0.007073109736880422,0,13816.6167231585,0.009991336592713784,219
9381.348799049,19.210000000000495,1,1,3,8.27562629889057,5.9942952937376495,6.003964827921978,0.04702328092507689,65.97897804006877,16.96914940128548,0.0,0.0032960284226218094,0.0069804456696143675,0.0069804456696143675,0,13870.497585963325,0.009994900916655669,221
9381.358684585,19.220000000000507,1,1,3,8.27562629889057,5.9942952937376495,6.003578284073736,0.04517584782742085,65.97085131550709,16.971465767466665,0.0,0.003166535289029771,0.006888035313083948,0.006888035313083948,0,13924.111912936858,0.009998482238621431,223
9381.3699903,19.23000000000052,1,1,3,8.256608191752935,5.9966904284501545,6.003257520959966,0.018067183701208547,65.9002894340526,16.97419282570583,0.021227293438529058,0.0012663929403564137,0.007572620195848822,0.007572620195848822,0,13977.454331348345,0.009999380556066306,228
9381.378808321,19.24000000000053,1,1,3,8.27562629889057,5.9942952937376495,6.003213891462427,0.04190462939023931,65.9549159380117,16.976299832144818,0.0,0.002937243994729547,0.006699225632395272,0.006699225632395272,0,14030.485738424262,0.01000139818104473,230
9381.3887949,19.250000000000544,1,1,3,8.27562629889057,5.9942952937376495,6.00285823522451,0.0402582959622527,65.94711069652273,16.97863277348672,0.0,0.0028218466497334635,0.006607279096966868,0.006607279096966868,0,14083.487166369205,0.010005253952718562,231
9381.401620222,19.260000000000556,1,1,3,8.27562629889057,5.9942952937376495,6.002516956942051,0.0386766430670735,65.93942952100363,16.980961140175268,0.0,0.00271098299252642,0.006515729268132505,0.006515729268132505,0,14136.36603547021,0.010009193194813193,232
9381.408811893,19.270000000000568,1,1,3,8.30244680854997,6.010359989485385,6.002011453246791,0.03893592900025328,65.9111894693572,16.983451390661013,0.1,0.0027291572625588547,0.006401817357219702,0.006401817357219702,0,14189.067277516224,0.010013233223121976,239
9381.418729407,19.28000000000058,1,1,3,8.27562629889057,5.9942952937376495,6.001199488073585,0.035757228559867564,65.92442347003275,16.985885672046848,0.00032491708632133293,0.002506350882561609,0.006327228934343369,0.006327228934343369,0,14241.586742034813,0.010017389208205718,243
9381.428899399,19.290000000000592,1,1,3,8.298888227787856,6.008506937172107,6.00077785195863,0.034358213996317416,65.92111392753489,16.988578409124848,0.0,0.0024082889933354948,0.006228172654135246,0.006228172654135246,0,14293.930073541893,0.01002110016129698,244
9381.438734393,19.300000000000605,1,1,3,8.27562629889057,5.9942952937376495,6.0008877352819265,0.03372083317768164,65.90986960439288,16.991545532828717,0.0,0.0023636127127160183,0.006121752488353137,0.006121752488353137,0,14346.115964654566,0.01002477568534721,250
9381.448689396,19.310000000000617,1,1,3,8.218598916524613,5.986390323484896,6.001313615426888,0.042416545538846225,65.91716124864334,16.99441013369644,0.1,0.0029731260119478077,0.006014164733867607,0.006014164733867607,0,14398.236581123962,0.01002943721538685,253
9381.458704992,19.32000000000063,1,1,3,8.298888227787856,6.008506937172107,6.001536751364443,0.03107419209425676,65.88465217488306,16.997712019046247,0.1,0.002178100258803118,0.006093847285571649,0.006093847285571649,0,14450.295505548993,0.010032139695796305,254
9381.46997092,19.33000000000064,1,1,3,8.298888227787856,6.008506937172107,6.001807712582523,0.029853360841555897,65.89288908317164,17.000724754521258,0.0,0.002092527869361807,0.005798878461728884,0.005798878461728884,0,14502.31407412887,0.01003670587363592,258
9381.478787574,19.340000000000654,1,1,3,8.242977571303472,6.00073679821178,6.001980654365539,0.05307017800985016,65.9047562290301,17.003930524196516,0.0,0.003719876871049654,0.005683771448975402,0.005683771448975402,0,14554.426694438393,0.010041362126298359,262
9381.488808618,19.350000000000666,1,1,3,8.323011802446418,6.022799878609542,6.003049394128714,0.043805621751887326,65.86984458051802,17.007948234615668,0.1,0.0030704912869625772,0.005657875514078244,0.005657875514078244,0,14606.615152634566,0.010045054023005484,265
9381.498734162,19.360000000000678,1,1,3,8.323011802446418,6.022799878609542,6.003618321202111,0.042231924087794755,65.876909045093,17.011966077963365,0.03158024590693426,0.0029601852400976863,0.0054276748198081705,0.0054276748198081705,0,14658.864350333046,0.010046837939454933,268
9381.508819559,19.37000000000069,1,1,3,8.329703755329556,6.039594790980363,6.004557610579239,0.06564922882199088,65.8116377255252,17.01638038948658,0.0,0.004601587125859017,0.006077857575484886,0.006077857575484886,0,14711.374372468706,0.010046801416952023,274
9381.518741723,19.380000000000702,1,1,3,8.34798955303746,6.0371735406158695,6.005905176614751,0.061265477682658026,65.83472698683462,17.02138013378782,0.09999999999999999,0.004294314471363403,0.005550657267869984,0.005550657267869984,0,14764.192456327142,0.01004467808735443,275
9381.528738483,19.390000000000715,1,1,3,8.329703755329556,6.039594790980363,6.007191424935345,0.06073529586980673,65.79888907390175,17.026183936190616,0.0,0.004257152149000131,0.005774295971178105,0.005774295971178105,0,14817.701113749627,0.010044241665692177,276
9381.53865937,19.400000000000727,1,1,3,8.373813835933921,6.05162734799719,6.008588008515037,0.0809942982279791,65.85957441540725,17.030641996064773,0.0,0.005677177427391365,0.0048432766608455195,0.0048432766608455195,0,14872.056969975569,0.01004898591961978,282
9381.548884693,19.41000000000074,1,1,3,8.373813835933921,6.05162734799719,6.0105569478158465,0.07778049353163315,65.83893206508013,17.035753300165542,0.1,0.005451910465675327,0.004742019549247606,0.004742019549247606,0,14927.290354872493,0.010052918106412623,282
9381.558742476,19.42000000000075,1,1,3,8.453483571523822,6.073618154324566,6.012333442498378,0.07886722656862298,65.83305106997909,17.04041940870001,0.0003262753303007344,0.00552808343589883,0.004543472988565066,0.004543472988565066,0,14983.242076106282,0.010059459911534785,283
9381.570492326,19.430000000000764,1,1,3,8.43563746462766,6.0760501540814635,6.014743076553413,0.07957564642699466,65.81215038032518,17.045011716208077,0.1,0.005577739094594125,0.004588053662010043,0.004588053662010043,0,15039.902078387535,0.010065988186502506,285
9381.578845191,19.440000000000776,1,1,3,8.453483571523822,6.073618154324566,6.017095819480693,0.07280987508121724,65.82176638701257,17.0497797879096,0.021231998458518333,0.00510350220133752,0.004250067316944375,0.004250067316944375,0,15097.12898943004,0.010068180258812953,288
9381.588814602,19.450000000000788,1,1,3,8.43563746462766,6.0760501540814635,6.019633733276482,0.07372634408675689,65.75990885882581,17.05417369591364,0.1,0.005167740762137266,0.004392716294941075,0.004392716294941075,0,15155.131893996891,0.010074922977962197,289
9381.598798861,19.4600000000008,1,1,3,8.43563746462766,6.0760501540814635,6.021986737930668,0.07097537434073384,65.75831628040697,17.05848865670975,0.1,0.004974915542495139,0.004463745231618099,0.004463745231618099,0,15213.939727144885,0.010080971999619881,289
9381.608661099,19.470000000000812,1,1,3,8.409834873279145,6.0616410415472,6.0237920422013875,0.04446276964404892,65.75781939342761,17.062367178725683,0.1,0.003116553111825056,0.004413238922043557,0.004413238922043557,0,15273.438980710886,0.010085560153509587,296
9381.618786544,19.480000000000825,1,1,3,8.409834873279145,6.0616410415472,6.025230171055709,0.04290748487762808,65.73388876097806,17.065725970712275,0.02122082920979848,0.0030075376902180713,0.00452515339008023,0.00452515339008023,0,15333.688574124042,0.010089607147365731,296
9381.628684791,19.490000000000837,1,1,3,8.409834873279145,6.0616410415472,6.026592504984756,0.04150122888152038,65.76185027772709,17.068822020513466,0.1,0.0029089682233184515,0.004004133577308684,0.004004133577308684,0,15394.636007936315,0.010094350357670256,296
9381.639764239,19.50000000000085,1,1,3,8.427923147784238,6.059217673796274,6.027901176406685,0.03799113544853123,65.78746148464332,17.071814615864835,0.0,0.0026629333339278794,0.0036882936667828603,0.0036882936667828603,0,15456.38851910864,0.010099943893357555,4
9381.648805794,19.51000000000086,1,1,3,8.384872679304081,6.0473119541643,6.028668418338068,0.020388868588821947,65.6773882618958,17.07442792948893,0.0,0.0014291280627768146,0.0036565803867525393,0.0036565803867525393,0,15518.791110457832,0.010103205511735158,5
9381.658731573,19.520000000000874,1,1,3,8.409834873279129,6.0616410415471975,6.0294266209857055,0.03901386819702014,65.67696557975297,17.076516329241162,0.023778346853772957,0.002734620297096835,0.0036360520755933656,0.0036360520755933656,0,15581.813309072077,0.010110364675508299,6
9381.668765696,19.530000000000886,1,1,3,8.427923147784238,6.059217673796274,6.03063362501235,0.035443688504109075,65.77421307702166,17.079347712701033,0.024785870080712372,0.00248437374878701,0.003627237389825913,0.003627237389825913,0,15645.288492003803,0.010117319149643866,8
9381.678754139,19.540000000000898,1,1,3,8.427923147784238,6.059217673796274,6.032222968371859,0.0337614415856837,65.76548006549636,17.081821436382086,0.09999999999999999,0.0023664590999595125,0.0036317036579334994,0.0036317036579334994,0,15708.992040685618,0.010125142661203568,16
9381.68874948,19.55000000000091,1,1,3,8.483545997392516,6.067028661592783,6.033005056494261,0.043825338555467046,65.72069253758316,17.083998587120625,0.1,0.0030718733076069023,0.0036041852017777015,0.0036041852017777015,0,15772.833679327761,0.010129596360067827,19
9381.698726337,19.560000000000922,1,1,3,8.384872679304081,6.0473119541643,6.033660751203589,0.016519049996898714,65.65644754481538,17.086167582576543,0.0,0.0011578787620380995,0.0035664109903153357,0.0035664109903153357,0,15836.787217688763,0.01013284639921308,21
9381.708833183,19.570000000000935,1,1,3,8.591932959866767,6.1052618879708405,6.035201620778665,0.07239110327223805,65.67118449364051,17.08844610399744,0.09461506872973001,0.0050741490010112675,0.003581291981295906,0.003581291981295906,0,15900.84690289198,0.01013947504653745,26
9381.718750388,19.580000000000947,1,1,3,8.47309747769559,6.0862594478639895,6.036560858090861,0.0628077659121294,65.68578186531404,17.090902665525316,0.1,0.004303333653158967,0.003543822978807204,0.003543822978807204,0,15964.916643968601,0.010146497226551587,26
9381.728882682,19.59000000000096,1,1,3,8.508013419389428,6.081296065625107,6.038078275715789,0.04574280070972952,65.71825517732537,17.09409836607546,0.1,0.0032062750259771924,0.0035224540365323825,0.0035224540365323825,0,16028.8821261412,0.010147745945832787,26
9381.74151267,19.60000000000097,1,1,3,8.409834873279129,6.0616410415471975,6.039737369089971,0.02996075991070651,65.60348147677996,17.097131475392924,0.1,0.002100055850768437,0.0034969898730769916,0.0034969898730769916,0,16092.734556711841,0.010149084169625566,29
9381.748983902,19.610000000000984,1,1,3,8.409834873279145,6.0616410415472,6.040596608075463,0.028783672765756472,65.66352062963422,17.099897001382654,0.1,0.0020175496408798566,0.0034679323035444465,0.0034679323035444465,0,16156.461715704883,0.010154270688988332,34
9381.758693504,19.620000000000996,1,1,3,8.490119282169957,6.083721521336132,6.041860718528819,0.042976176305653646,65.63486742431499,17.102581984624717,0.1,0.0030123525158682143,0.0034526601048680966,0.0034526601048680966,0,16219.992104215586,0.010157498589589253,35
9381.768687373,19.630000000001008,1,1,3,8.409834873279129,6.0616410415471975,6.043234564373113,0.026420000830869927,65.63469174104124,17.1048721067822,0.10000000000000002,0.0018518714975031714,0.0034400989393057746,0.0034400989393057746,0,16283.231588486186,0.010164562381745013,36
9381.77875449,19.64000000000102,1,1,3,8.490119282169974,6.083721521336133,6.044787692103308,0.039923728860277514,65.65495840072826,17.107811764483912,0.024754551102871926,0.0027983956557644006,0.003410732585235471,0.003410732585235471,0,16346.045342012987,0.010166559351456605,42
9381.788766241,19.650000000001032,1,1,3,8.47309747769559,6.0862594478639895,6.046327628907806,0.05300857977605037,65.60345571596669,17.11014027634172,0.1,0.003715559232522751,0.0034006318233469612,0.0034006318233469612,0,16408.375795015174,0.010167703541191342,43
9381.798691502,19.660000000001045,1,1,3,8.515659755568837,6.098077678792523,6.048279130647608,0.05582721272357694,65.65250366645999,17.11324531312611,0.0,0.003913127205773871,0.003388704966695383,0.003388704966695383,0,16470.219435739647,0.010170011292307102,44
9381.810630586,19.670000000001057,1,1,3,8.559441679109796,6.110070455246807,6.050344531923363,0.07292921570303242,65.64548291084455,17.11653433337411,0.1,0.00511186720849429,0.0033879434023114247,0.0033879434023114247,0,16531.519230693033,0.010170003224067359,47
9381.818813079,19.68000000000107,1,1,3,8.542026707671562,6.112513248251703,6.052704852177371,0.0742927140048936,65.68341467864721,17.11975784174307,0.09999999999999999,0.005207439637059838,0.0034115955524560704,0.0034115955524560704,0,16592.237055229558,0.010176984354407503,50
9381.828740004,19.69000000000108,1,1,3,8.604424568873462,6.122236735041767,6.055526989651125,0.09299412010964483,65.72739986324801,17.12402232995807,0.09999999999999999,0.006518287473527548,0.0034382198174228856,0.0034382198174228856,0,16652.251496896497,0.010177527276400866,50
9381.838804279,19.700000000001094,1,1,3,8.535128343647157,6.11729451241996,6.057888625944262,0.10880731365572194,65.72726424217569,17.12823386335973,0.1,0.007626690255190922,0.0034658658718729474,0.0034658658718729474,0,16711.51756813734,0.010180333502884165,52
9381.848723788,19.710000000001106,1,1,3,8.385397564115506,6.089027169685626,6.060283895627346,0.14258375313145866,65.73908016010832,17.133185191437214,0.10000000000000002,0.009955641980301758,0.0035066187832791668,0.0035066187832791668,0,16769.995305121334,0.010188058648563758,56
9381.858695029,19.720000000001118,1,1,3,8.463645805056643,6.116397722575281,6.062286339632073,0.17982842808686664,65.8052331890116,17.139443509266414,0.1,0.012604811882737618,0.003537246846345918,0.003537246846345918,0,16827.589519488196,0.010190880127758262,56
9381.868851996,19.73000000000113,1,1,3,8.527866251471472,6.146555022771668,6.064986330016177,0.22246200377776404,65.79833474215764,17.147227465161336,0.1,0.015593150307253256,0.0036034499244857743,0.0036034499244857743,0,16884.293626364502,0.010193393418064245,57
9381.880144077,19.740000000001142,1,1,3,8.497841651691017,6.156149840815953,6.068511604846324,0.27241619137979867,65.85577875212151,17.156788035489893,0.07269469004403167,0.019094616366748918,0.003976222954541586,0.003976222954541586,0,16940.16832520118,0.010194164291066121,62
9381.888786084,19.750000000001155,1,1,3,8.545874834200776,6.178774407589914,6.072268193710279,0.3367146455017397,65.90924541634554,17.167788278487734,0.10000000000000002,0.02360152290638905,0.004369724806692843,0.004369724806692843,0,16995.332229793385,0.010194942510879712,64
9381.898774505,19.760000000001167,1,1,3,8.660897117330522,6.225958423209128,6.077059176813659,0.39827748240913546,65.93880835087228,17.180365723486837,0.1,0.027916680339731752,0.004631140948154422,0.004631140948154422,0,17049.90758892274,0.010201864106355929,65
9381.910984254,19.77000000000118,1,1,3,8.751777092473416,6.269085653924233,6.08311529316042,0.49004307283696863,65.98531509387435,17.194717525563565,0.09999999999999999,0.032760937856086,0.005172997647842015,0.005172997647842015,0,17103.919546620324,0.010208257265385545,67
9381.918893451,19.78000000000119,1,1,3,8.781246166056967,6.287912783569558,6.089900619477721,0.5030450760196851,65.95590937540001,17.210814563220733,0.09999999999999999,0.03526021229915137,0.005352905893746596,0.005352905893746596,0,17157.389641451577,0.010217924825883129,70
9381.928794519,19.790000000001204,1,1,3,8.798381275048756,6.299963707417201,6.097647273817013,0.5393663594829542,65.95794099104555,17.228514564824003,0.1,0.03780609978904768,0.005754270124652905,0.005754270124652905,0,17210.325722805323,0.010222892358702551,70
9381.938751397,19.800000000001216,1,1,3,8.902568752717004,6.3303157662429586,6.105159579355463,0.5622237340290965,66.01718138911545,17.246082875764163,0.0,0.03940825418339206,0.006071893833978659,0.006071893833978659,0,17262.769969201745,0.010232841808031523,71
9381.948788847,19.810000000001228,1,1,3,8.902568752717004,6.3303157662429586,6.1126777402088495,0.5399953530198338,66.01573333235768,17.263885903389177,0.0,0.037850188175362245,0.006221284712039893,0.006221284712039893,0,17314.672968712814,0.010245530269853087,78
9381.958758904,19.82000000000124,1,1,3,8.879548244060784,6.326546723381305,6.1205998068139165,0.550225255479711,66.03430273758467,17.281315573541885,0.0003420487201675826,0.038567238296176365,0.00661374020511607,0.00661374020511607,0,17365.86376410866,0.010258932478190319,79
9381.968641582,19.830000000001252,0,1,3,9.053666081232322,6.326546723381305,6.127890062266901,0.5286082111531019,0.0,0.0,0.0,0.03705202304296801,0.0,0.0,0,0.0,0.010262311111765898,79
9381.97857567,19.840000000001265,0,1,3,9.101243160585282,6.326546723381305,6.134957420902432,0.5078404491899728,0.0,0.0,0.0,0.035596337000690766,0.0,0.0,0,0.0,0.01026433946155525,82
9381.988606555,19.850000000001277,0,1,3,9.160923843888424,6.326546723381305,6.141805544291928,0.48788860330203077,0.0,0.0,0.0,0.034197841407939425,0.0,0.0,0,0.0,0.010266242586021934,82
9381.998596081,19.86000000000129,0,1,3,9.092231538712573,6.326546723381305,6.148438364879479,0.4687206180832662,0.0,0.0,0.0,0.032854289387694205,0.0,0.0,0,0.0,0.010268062595766292,82
9382.008654659,19.8700000000013,0,1,3,9.156498003524796,6.326546723381305,6.154860041001987,0.45030569750847516,0.0,0.0,0.0,0.031563522337399695,0.0,0.0,0,0.0,0.010269820370410576,83
9382.018612629,19.880000000001314,0,1,3,9.087739043231016,6.326546723381305,6.161074916570658,0.43261425545520515,0.0,0.0,0.0,0.03032346646087227,0.0,0.0,0,0.0,0.010271526201692582,86
9382.028607073,19.890000000001326,0,1,3,9.076872208970027,6.326546723381305,6.167087484983033,0.4156178681695239,0.0,0.0,0.0,0.02913212943645755,0.0,0.0,0,0.0,0.010273185342514868,86
9382.038684964,19.900000000001338,0,1,3,9.05103232191634,6.326546723381305,6.1729023568735775,0.39928922859931887,0.0,0.0,0.0,0.027987597216090086,0.0,0.0,0,0.0,0.01027480071736242,86
9382.04880296,19.91000000000135,0,1,3,9.18465237524372,6.326546723381305,6.178524231345097,0.3836021025217567,0.0,0.0,0.0,0.026888030950110442,0.0,0.0,0,0.0,0.01027637419214944,89
9382.058570496,19.920000000001362,0,1,3,9.207378755715196,6.326546723381305,6.183957870355148,0.3685312863943435,0.0,0.0,0.0,0.025831664032897526,0.0,0.0,0,0.0,0.010277907152186572,89
9382.068649346,19.930000000001375,0,1,3,9.160988565251273,6.326546723381305,6.189208075960945,0.3540525668619543,0.0,0.0,0.0,0.02481679926457216,0.0,0.0,0,0.0,0.010279400759782065,89
9382.080387596,19.940000000001387,0,1,3,9.205154933494088,6.326546723381305,6.194279670152444,0.34014268185471075,0.0,0.0,0.0,0.023841806124210017,0.0,0.0,0,0.0,0.01028085606733864,91
9382.088625677,19.9500000000014,0,1,3,9.115208449851728,6.326546723381305,6.199177477027814,0.32677928321425087,0.0,0.0,0.0,0.022905118150183607,0.0,0.0,0,0.0,0.010282274066545027,93
9382.098596264,19.96000000000141,0,1,3,9.153957529379092,6.326546723381305,6.203906307087465,0.3139409007883087,0.0,0.0,0.0,0.022005230423425063,0.0,0.0,0,0.0,0.010283655709740769,93
9382.108614077,19.970000000001424,0,1,3,9.085590671567905,6.326546723381305,6.208470943443012,0.30160690793594613,0.0,0.0,0.0,0.021140697149564933,0.0,0.0,0,0.0,0.010285001919311143,93
9382.118683473,19.980000000001436,0,1,3,9.085590671567905,6.326546723381305,6.212876129755873,0.2897574883879848,0.0,0.0,0.0,0.020310129336062622,0.0,0.0,0,0.0,0.010286313591979734,98
9382.128626131,19.990000000001448,0,1,3,9.114483425434225,6.326546723381305,6.217126559737201,0.27837360440943393,0.0,0.0,0.0,0.019512192560597746,0.0,0.0,0,0.0,0.010287591600944057,98
9382.138593007,20.00000000000146,0,1,3,9.145007634832355,6.326546723381305,6.22122686805577,0.2674369662127204,0.0,0.0,0.0,0.018745604827135713,0.0,0.0,0,0.0,0.01028883679709558,98
9382.149497712,20.010000000001472,0,1,3,9.18923935812718,6.326546723381305,6.225181622514705,0.25693000257261533,0.0,0.0,0.0,0.018009134506223486,0.0,0.0,0,0.0,0.010290050009850726,102
9382.158626757,20.020000000001485,0,1,3,9.316306866470569,6.326546723381305,6.2289953173704635,0.24683583259561853,0.0,0.0,0.0,0.017301598356205296,0.0,0.0,0,0.0,0.010291232047810905,103
9382.168590286,20.030000000001497,0,1,3,9.258480893506368,6.326546723381305,6.232672367679056,0.2371382385984783,0.0,0.0,0.0,0.016621859622182177,0.0,0.0,0,0.0,0.01029238369934149,103
9382.178563936,20.04000000000151,0,1,3,9.295452268416005,6.326546723381305,6.23621710456501,0.2278216400522192,0.0,0.0,0.0,0.01596882620965708,0.0,0.0,0,0.0,0.010293505733111497,103
9382.188656841,20.05000000000152,0,1,3,9.308632663024994,6.326546723381305,6.239633771318276,0.2188710685498683,0.0,0.0,0.0,0.015341448929933329,0.0,0.0,0,0.0,0.010294598898603402,107
9382.198605416,20.060000000001533,0,1,3,9.25796357053071,6.326546723381305,6.242926520232887,0.21027214375763684,0.0,0.0,0.0,0.014738719814448275,0.0,0.0,0,0.0,0.010295663926605747,107
9382.208585587,20.070000000001546,0,1,3,9.221158711086382,6.326546723381305,6.246099410109273,0.20201105031092392,0.0,0.0,0.0,0.014159670495331332,0.0,0.0,0,0.0,0.010296701529688979,107
9382.218626176,20.080000000001558,0,1,3,9.18504591062475,6.326546723381305,6.249156404349107,0.19407451561800024,0.0,0.0,0.0,0.013603370649587452,0.0,0.0,0,0.0,0.01029771240266697,112
9382.228591787,20.09000000000157,0,1,3,9.149633363668402,6.326546723381305,6.252101369578717,0.18644978853577499,0.0,0.0,0.0,0.013068926504403482,0.0,0.0,0,0.0,0.010298697223044329,113
9382.23866308,20.100000000001582,0,1,3,9.129249336077576,6.326546723381305,6.254938074742322,0.17912461888330472,0.0,0.0,0.0,0.012555479401179426,0.0,0.0,0,0.0,0.010299656651450939,114
9382.250949632,20.110000000001595,0,1,3,9.04767865515446,6.326546723381305,6.257670190612519,0.17208723776016688,0.0,0.0,0.0,0.01206220441597276,0.0,0.0,0,0.0,0.010300591332064402,116
9382.258613806,20.120000000001607,0,1,3,9.062459172440295,6.326546723381305,6.260301289670156,0.16532633863811338,0.0,0.0,0.0,0.011588309034145402,0.0,0.0,0,0.0,0.010301501893020704,119
9382.268733382,20.13000000000162,0,1,3,9.015148305915941,6.326546723381305,6.262834846310054,0.1588310591955506,0.0,0.0,0.0,0.01113303187707785,0.0,0.0,0,0.0,0.010302388946813235,119
9382.27874878,20.14000000000163,0,1,3,8.983358548728445,6.326546723381305,6.2652742373335855,0.15259096386572477,0.0,0.0,0.0,0.010695641478909949,0.0,0.0,0,0.0,0.010303253090681141,120
9382.288700348,20.150000000001643,0,1,3,8.952317273168967,6.326546723381305,6.267622742692503,0.14659602707052055,0.0,0.0,0.0,0.010275435111338592,0.0,0.0,0,0.0,0.010304094906986805,124
9382.298614438,20.160000000001656,0,1,3,8.937738691194136,6.326546723381305,6.269883546452135,0.14083661711300258,0.0,0.0,0.0,0.009871737654588316,0.0,0.0,0,0.0,0.010304914963583989,124
9382.308738621,20.170000000001668,0,1,3,8.987583205260155,6.326546723381305,6.272059737944853,0.13530348070273873,0.0,0.0,0.0,0.009483900512736598,0.0,0.0,0,0.0,0.010305713814175554,125
9382.320753826,20.18000000000168,0,1,3,8.95933680880237,6.326546723381305,6.274154313087852,0.12998772808911732,0.0,0.0,0.0,0.009111300571655505,0.0,0.0,0,0.0,0.01030649199866196,128
9382.32865537,20.190000000001692,0,1,3,9.015659028931081,6.326546723381305,6.276170175841688,0.12488081877873283,0.0,0.0,0.0,0.008753339197892599,0.0,0.0,0,0.0,0.010307250043480654,130
9382.338728014,20.200000000001705,0,1,3,8.931864387175397,6.326546723381305,6.278110139788341,0.11997454781389212,0.0,0.0,0.0,0.008409441276882606,0.0,0.0,0,0.0,0.010307988461937034,130
9382.34875754,20.210000000001717,0,1,3,8.88871176489073,6.326546723381305,6.279976929809809,0.11526103259021205,0.0,0.0,0.0,0.008079054288946555,0.0,0.0,0,0.0,0.01030870775452608,131
9382.358681974,20.22000000000173,0,1,3,8.862578917799478,6.326546723381305,6.281773183850103,0.11073270019212611,0.0,0.0,0.0,0.007761647421591886,0.0,0.0,0,0.0,0.010309408409247323,135
9382.368595858,20.23000000000174,0,1,3,8.837241348917063,6.326546723381305,6.283501454745335,0.1063822752259525,0.0,0.0,0.0,0.007456710716689449,0.0,0.0,0,0.0,0.010310090901909708,136
9382.378672293,20.240000000001753,0,1,3,8.897179531593059,6.326546723381305,6.285164212108019,0.1022027681309569,0.0,0.0,0.0,0.007163754251154722,0.0,0.0,0,0.0,0.01031075569643114,136
9382.388666852,20.250000000001766,0,1,3,8.788979342319218,6.326546723381305,6.286763844253369,0.09818746394965351,0.0,0.0,0.0,0.006882307349817926,0.0,0.0,0,0.0,0.010311403245128692,140
9382.398619784,20.260000000001778,0,1,3,8.788979342319218,6.326546723381305,6.288302660156604,0.09432991153929175,0.0,0.0,0.0,0.00661191782921944,0.0,0.0,0,0.0,0.010312033989002156,140
9382.408667675,20.27000000000179,0,1,3,8.766068190264258,6.326546723381305,6.289782891431467,0.09062391320722403,0.0,0.0,0.0,0.006352151271114988,0.0,0.0,0,0.0,0.0103126483580116,141
9382.420605892,20.280000000001802,0,1,3,8.743978871448713,6.326546723381305,6.291206694321169,0.08706351475342151,0.0,0.0,0.0,0.006102590324521537,0.0,0.0,0,0.0,0.010313246771346263,142
9382.428625055,20.290000000001815,0,1,3,8.740780716072575,6.326546723381305,6.292576151694209,0.08364299590425697,0.0,0.0,0.0,0.005862834035186364,0.0,0.0,0,0.0,0.010313829637687788,145
9382.438647628,20.300000000001827,0,1,3,8.787284510433288,6.326546723381305,6.293893275037995,0.0803568611220656,0.0,0.0,0.0,0.005632497201397028,0.0,0.0,0,0.0,0.010314397355468463,145
9382.448654133,20.31000000000184,0,1,3,8.720580466832164,6.326546723381305,6.295160006444452,0.07719983077581484,0.0,0.0,0.0,0.0054112097551020895,0.0,0.0,0,0.0,0.010314950313119686,145
9382.458639249,20.32000000000185,0,1,3,8.682703471817298,6.326546723381305,6.296378220582292,0.07416683265864658,0.0,0.0,0.0,0.005198616167345591,0.0,0.0,0,0.0,0.010315488889317881,149
9382.468642299,20.330000000001863,0,1,3,8.682703471817307,6.326546723381305,6.297549726651192,0.07125299383867431,0.0,0.0,0.0,0.00499437487706073,0.0,0.0,0,0.0,0.01031601345322275,149
9382.478615586,20.340000000001876,0,1,3,8.646072040258208,6.326546723381305,6.298676270313964,0.06845363282993439,0.0,0.0,0.0,0.004798157742303792,0.0,0.0,0,0.0,0.010316524364709756,149
9382.489655145,20.350000000001888,0,1,3,8.62903846484647,6.326546723381305,6.2997595356032745,0.06576425207093921,0.0,0.0,0.0,0.0046096495130496995,0.0,0.0,0,0.0,0.010317021974597496,152
9382.498577768,20.3600000000019,0,1,3,8.714309815945057,6.326546723381305,6.30080114679968,0.06318053069870863,0.0,0.0,0.0,0.004428547324698031,0.0,0.0,0,0.0,0.010317506624869521,154
9382.508633789,20.370000000001912,0,1,3,8.63227793966276,6.326546723381305,6.3018026702787395,0.06069831760672328,0.0,0.0,0.0,0.004254560211480075,0.0,0.0,0,0.0,0.010317978648890946,154
9382.518639618,20.380000000001925,0,1,3,8.698186831748227,6.326546723381305,6.302765616324776,0.058313624775578006,0.0,0.0,0.0,0.004087408638981501,0.0,0.0,0,0.0,0.010318438371619054,154
9382.528670716,20.390000000001937,0,1,3,8.617193613761335,6.326546723381305,6.303691440909618,0.056022620865698626,0.0,0.0,0.0,0.003926824055031767,0.0,0.0,0,0.0,0.010318886109810022,158
9382.538728995,20.40000000000195,0,1,3,8.597560996765152,6.326546723381305,6.30458154743475,0.053821625061735226,0.0,0.0,0.0,0.0037725484582377075,0.0,0.0,0,0.0,0.010319322172219758,158
9382.548601567,20.41000000000196,0,1,3,8.668519695137359,6.326546723381305,6.3054372884357575,0.05170710115883978,0.0,0.0,0.0,0.003624333983468023,0.0,0.0,0,0.0,0.010319746859800527,158
9382.558632351,20.420000000001973,0,1,3,8.583126601442805,6.326546723381305,6.306259967248083,0.049675651881259365,0.0,0.0,0.0,0.0034819425036244594,0.0,0.0,0,0.0,0.010320160465893236,164
9382.568593638,20.430000000001986,0,1,3,8.674863462115196,6.326546723381305,6.3070508396333675,0.047724013424146394,0.0,0.0,0.0,0.003345145247057535,0.0,0.0,0,0.0,0.010320563276413619,164
9382.578581785,20.440000000001998,0,1,3,8.569567712186368,6.326546723381305,6.307811115365868,0.045849050209792706,0.0,0.0,0.0,0.0032137224300123226,0.0,0.0,0,0.0,0.01032095557003565,164
9382.591794546,20.45000000000201,0,1,3,8.556888490879908,6.326546723381305,6.308541959778698,0.04404774984989944,0.0,0.0,0.0,0.003087462903516362,0.0,0.0,0,0.0,0.01032133761836973,166
9382.598536742,20.460000000002022,0,1,3,8.57717686822873,6.326546723381305,6.3092444952696365,0.04231721830575506,0.0,0.0,0.0,0.0029661638141391202,0.0,0.0,0,0.0,0.01032170968613666,170
9382.608681176,20.470000000002035,0,1,3,8.545092853293012,6.326546723381305,6.309919802766553,0.04065467523855726,0.0,0.0,0.0,0.0028496302780797386,0.0,0.0,0,0.0,0.010322072031337948,170
9382.61865037,20.480000000002047,0,1,3,8.48211836733083,6.326546723381305,6.31056892315254,0.03905744954242274,0.0,0.0,0.0,0.002737675068059597,0.0,0.0,0,0.0,0.010322424905421679,170
9382.628593451,20.49000000000206,0,1,3,8.461398699919805,6.326546723381305,6.311192858650986,0.03752297505286822,0.0,0.0,0.0,0.002630118312515003,0.0,0.0,0,0.0,0.010322768553444273,174
9382.638633435,20.50000000000207,0,1,3,8.450363754590905,6.326546723381305,6.311792574170925,0.03604878642392866,0.0,0.0,0.0,0.00252678720660948,0.0,0.0,0,0.0,0.010323103214228024,0
9382.648602012,20.510000000002083,0,1,3,8.545097488612644,6.326546723381305,6.312368998613003,0.03463251516722822,0.0,0.0,0.0,0.0024275157345984484,0.0,0.0,0,0.0,0.01032342912051698,0
9382.659052347,20.520000000002096,0,1,3,8.524166726870869,6.326546723381305,6.312923026136692,0.03327188584668428,0.0,0.0,0.0,0.002332144403101742,0.0,0.0,0,0.0,0.010323746499126374,3
9382.66862416,20.530000000002108,0,1,3,8.524166726870869,6.326546723381305,6.3134555173890865,0.03196471242268449,0.0,0.0,0.0,0.0022405199848553278,0.0,0.0,0,0.0,0.01032405557108984,3
9382.67862034,20.54000000000212,0,1,3,8.51504278778714,6.326546723381305,6.313967300696149,0.0307088947399323,0.0,0.0,0.0,0.0021524952725309587,0.0,0.0,0,0.0,0.010324356551803526,3
9382.688675626,20.550000000002132,0,1,3,8.51504278778714,6.326546723381305,6.314459173216822,0.029502415153248127,0.0,0.0,0.0,0.0020679288422267334,0.0,0.0,0,0.0,0.01032464965116553,3
9382.698677036,20.560000000002145,0,1,3,8.53618432593722,6.326546723381305,6.314931902060843,0.028343335285943943,0.0,0.0,0.0,0.0019866848262505843,0.0,0.0,0,0.0,0.010324935073712904,8
9382.708598377,20.570000000002157,0,1,3,8.506815521877316,6.326546723381305,6.3153862253708954,0.027229792915548483,0.0,0.0,0.0,0.001908632694829423,0.0,0.0,0,0.0,0.010325213018755663,8
9382.718632438,20.58000000000217,0,1,3,8.528166028197019,6.326546723381305,6.315822853369919,0.02615999898188636,0.0,0.0,0.0,0.0018336470463947373,0.0,0.0,0,0.0,0.010325483680506009,8
9382.728616015,20.59000000000218,0,1,3,8.528166028197019,6.326546723381305,6.316242469374374,0.025132234712720556,0.0,0.0,0.0,0.001761607406108372,0.0,0.0,0,0.0,0.01032574724820623,12
9382.738548647,20.600000000002193,0,1,3,8.506815521877316,6.326546723381305,6.316645730774056,0.024144848862285802,0.0,0.0,0.0,0.0016923980323023833,0.0,0.0,0,0.0,0.010326003906252712,13
9382.748623259,20.610000000002206,0,1,3,8.528166028197019,6.326546723381305,6.317033269979625,0.02319625505835598,0.0,0.0,0.0,0.0016259077305248763,0.0,0.0,0,0.0,0.010326253834316956,13
9382.760632954,20.620000000002218,0,1,3,8.506815521877316,6.326546723381305,6.317405695338176,0.022284929253488458,0.0,0.0,0.0,0.0015620296748890664,0.0,0.0,0,0.0,0.010326497207464258,14
9382.768635013,20.63000000000223,0,1,3,8.506815521877316,6.326546723381305,6.317763592018194,0.02140940727646064,0.0,0.0,0.0,0.0015006612364444737,0.0,0.0,0,0.0,0.010326734196267728,17
9382.778656935,20.640000000002242,0,1,3,8.528166028197019,6.326546723381305,6.318107522864231,0.02056828247985822,0.0,0.0,0.0,0.0014417038182882832,0.0,0.0,0,0.0,0.010326964966922536,17
9382.78862552,20.650000000002255,0,1,3,8.528166028197019,6.326546723381305,6.318438029222471,0.0197602034801041,0.0,0.0,0.0,0.0013850626971560372,0.0,0.0,0,0.0,0.01032718968135471,18
9382.798551426,20.660000000002267,0,1,3,8.528166028197019,6.326546723381305,6.318755631737766,0.01898387198626812,0.0,0.0,0.0,0.001330646871234933,0.0,0.0,0,0.0,0.010327408497328716,23
9382.808610979,20.67000000000228,0,1,3,8.506815521877316,6.326546723381305,6.319060831123159,0.01823804071420186,0.0,0.0,0.0,0.0012783689139582869,0.0,0.0,0,0.0,0.010327621568551604,23
9382.818616983,20.68000000000229,0,1,3,8.506815521877316,6.326546723381305,6.319354108902453,0.017521511382583486,0.0,0.0,0.0,0.0012281448335411775,0.0,0.0,0,0.0,0.010327829044775916,23
9382.829439975,20.690000000002303,0,1,3,8.528166028197019,6.326546723381305,6.31963592812678,0.01683313278771756,0.0,0.0,0.0,0.0011798939380363832,0.0,0.0,0,0.0,0.01032803107189828,27
9382.838634375,20.700000000002316,0,1,3,8.506815521877316,6.326546723381305,6.3199067340659525,0.01617179895397569,0.0,0.0,0.0,0.0011335387056925974,0.0,0.0,0,0.0,0.010328227792057665,28
9382.848730429,20.710000000002328,0,1,3,8.506815521877316,6.326546723381305,6.320166954875295,0.015536447356883308,0.0,0.0,0.0,0.0010890046604031826,0.0,0.0,0,0.0,0.010328419343729411,29
9382.858621249,20.72000000000234,0,1,3,8.528166028197019,6.326546723381305,6.3204170022386705,0.014926057216030209,0.0,0.0,0.0,0.0010462202520513742,0.0,0.0,0,0.0,0.010328605861817608,29
9382.868632941,20.730000000002352,0,1,3,8.506815521877316,6.326546723381305,6.320657271988656,0.014339647855052954,0.0,0.0,0.0,0.001005116741555009,0.0,0.0,0,0.0,0.010328787477746015,36
9382.878584119,20.740000000002365,0,1,3,8.528166028197019,6.326546723381305,6.320888144704269,0.013776277126020595,0.0,0.0,0.0,0.0009656280904267662,0.0,0.0,0,0.0,0.010328964319545109,37
9382.888710818,20.750000000002377,0,1,3,8.592189297855791,6.326546723381305,6.321109986287307,0.01323503989577213,0.0,0.0,0.0,0.0009276908546748287,0.0,0.0,0,0.0,0.01032913651193923,38
9382.898766475,20.76000000000239,0,1,3,8.528166028197019,6.326546723381305,6.32132314851772,0.01271506659167415,0.0,0.0,0.0,0.0008912440828715752,0.0,0.0,0,0.0,0.01032930417642941,43
9382.90867622,20.7700000000024,0,1,3,8.506815521877316,6.326546723381305,6.321527969588831,0.012215521804535567,0.0,0.0,0.0,0.0008562292182261166,0.0,0.0,0,0.0,0.01032946743137575,44
9382.918663445,20.780000000002413,0,1,3,8.506815521877316,6.326546723381305,6.321724774623044,0.011735602946410075,0.0,0.0,0.0,0.0008225900045044875,0.0,0.0,0,0.0,0.01032962639207613,46
9382.928619272,20.790000000002426,0,1,3,8.528166028197019,6.326546723381305,6.321913876168731,0.01127453896113435,0.0,0.0,0.0,0.000790272395647254,0.0,0.0,0,0.0,0.010329781170844932,47
9382.938574827,20.800000000002438,0,1,3,8.506815521877316,6.326546723381305,6.322095574678818,0.01083158908550409,0.0,0.0,0.0,0.0007592244689362438,0.0,0.0,0,0.0,0.010329931877088416,53
9382.948661859,20.81000000000245,0,1,3,8.506815521877316,6.326546723381305,6.322270158971784,0.010406041659143172,0.0,0.0,0.0,0.0007293963415732087,0.0,0.0,0,0.0,0.010330078617379113,53
9382.95866291,20.820000000002462,0,1,3,8.506815521877316,6.326546723381305,6.322437906675682,0.00999721298112204,0.0,0.0,0.0,0.0007007400905369354,0.0,0.0,0,0.0,0.010330221495527203,53
9382.96858682,20.830000000002475,0,1,3,8.506815521877316,6.326546723381305,6.322599084655664,0.009604446211504882,0.0,0.0,0.0,0.0006732096755882153,0.0,0.0,0,0.0,0.010330360612652134,57
9382.978594942,20.840000000002487,0,1,3,8.592189297855791,6.326546723381305,6.322753949425741,0.009227110316034364,0.0,0.0,0.0,0.0006467608652993094,0.0,0.0,0,0.0,0.010330496067249673,57
9382.988693811,20.8500000000025,0,1,3,8.613329773667845,6.326546723381305,6.322902747545056,0.00886459905228735,0.0,0.0,0.0,0.0006213511659903197,0.0,0.0,0,0.0,0.010330627955259963,57
9383.000754533,20.86000000000251,0,1,3,8.506815521877316,6.326546723381305,6.323045715999607,0.008516329995675814,0.0,0.0,0.0,0.000596939753457488,0.0,0.0,0,0.0,0.010330756370132144,59
9383.008670405,20.870000000002523,0,1,3,8.528166028197019,6.326546723381305,6.323183082569517,0.008181743603680508,0.0,0.0,0.0,0.0005734874073823785,0.0,0.0,0,0.0,0.010330881402888958,61
9383.018599262,20.880000000002536,0,1,3,8.506815521877316,6.326546723381305,6.32331506618263,0.007860302316880407,0.0,0.0,0.0,0.0005509564483201095,0.0,0.0,0,0.0,0.01033100314218749,61
9383.02861871,20.890000000002548,0,1,3,8.528166028197019,6.326546723381305,6.3234418772549,0.007551489695301303,0.0,0.0,0.0,0.0005293106771623553,0.0,0.0,0,0.0,0.010331121674380883,61
9383.038747792,20.90000000000256,0,1,3,8.506815521877316,6.326546723381305,6.323563718017836,0.007254809588656396,0.0,0.0,0.0,0.000508515316977166,0.0,0.0,0,0.0,0.010331237083576306,65
9383.04861977,20.910000000002572,0,1,3,8.506815521877316,6.326546723381305,6.32368078283373,0.00696978533922795,0.0,0.0,0.0,0.000488536957135584,0.0,0.0,0,0.0,0.010331349451693228,65
9383.058688479,20.920000000002585,0,1,3,8.528166028197019,6.326546723381305,6.323793258498994,0.006695959016054676,0.0,0.0,0.0,0.00046934349963356157,0.0,0.0,0,0.0,0.010331458858519715,65
9383.068634049,20.930000000002597,0,1,3,8.506815521877316,6.326546723381305,6.323901324535938,0.006432890679190215,0.0,0.0,0.0,0.00045090410752097223,0.0,0.0,0,0.0,0.010331565381766161,68
9383.07867966,20.94000000000261,0,1,3,8.506815521877316,6.326546723381305,6.324005153473588,0.00618015767288772,0.0,0.0,0.0,0.00043318915535848443,0.0,0.0,0,0.0,0.010331669097119023,70
9383.088651343,20.95000000000262,0,1,3,8.528166028197017,6.326546723381305,6.324104911117841,0.005937353946542608,0.0,0.0,0.0,0.00041617018162028895,0.0,0.0,0,0.0,0.010331770078293556,71
9383.09875929,20.960000000002633,0,1,3,8.506815521877316,6.326546723381305,6.326546723381305,0.0,0.0,0.0,0.0,0.0,0.0,0.0,0,0.0,0.010331868397083332,71
9383.108869539,20.970000000002646,0,1,3,8.528166028197019,6.326546723381305,6.326546723381305,0.0,0.0,0.0,0.0,0.0,0.0,0.0,0,0.0,0.01033196412341053,75
9383.118891601,20.980000000002658,0,1,3,8.506815521877316,6.326546723381305,6.326546723381305,0.0,0.0,0.0,0.0,0.0,0.0,0.0,0,0.0,0.010332057325373678,77
9383.128640271,20.99000000000267,0,1,3,8.506815521877316,6.326546723381305,6.326546723381305,0.0,0.0,0.0,0.0,0.0,0.0,0.0,0,0.0,0.010332148069294944,79
9383.138546415,21.000000000002682,0,1,3,8.506815521877316,6.326546723381305,6.326546723381305,0.0,0.0,0.0,0.0,0.0,0.0,0.0,0,0.0,0.010332236419765661,83
9383.149087897,21.010000000002695,0,1,3,8.506815521877316,6.326546723381305,6.326546723381305,0.0,0.0,0.0,0.0,0.0,0.0,0.0,0,0.0,0.010332322439690622,85
9383.158699619,21.020000000002707,0,1,3,8.506815521877316,6.326546723381305,6.326546723381305,0.0,0.0,0.0,0.0,0.0,0.0,0.0,0,0.0,0.010332406190332377,85
9383.17032399,21.03000000000272,0,1,3,8.506815521877316,6.326546723381305,6.326546723381305,0.0,0.0,0.0,0.0,0.0,0.0,0.0,0,0.0,0.010332487731353202,87
9383.178590849,21.04000000000273,0,1,3,8.506815521877316,6.326546723381305,6.326546723381305,0.0,0.0,0.0,0.0,0.0,0.0,0.0,0,0.0,0.010332567120856173,89
9383.188611693,21.050000000002743,0,1,3,8.506815521877316,6.326546723381305,6.326546723381305,0.0,0.0,0.0,0.0,0.0,0.0,0.0,0,0.0,0.010332644415426029,89
9383.198762883,21.060000000002756,0,1,3,8.528166028197019,6.326546723381305,6.326546723381305,0.0,0.0,0.0,0.0,0.0,0.0,0.0,0,0.0,0.01033271967016769,92
9383.214376759,21.070000000002768,0,1,3,8.528166028197019,6.326546723381305,6.326546723381305,0.0,0.0,0.0,0.0,0.0,0.0,0.0,0,0.0,0.01033279293874556,94
9383.224267658,21.08000000000278,0,1,3,8.528166028197019,6.326546723381305,6.326546723381305,0.0,0.0,0.0,0.0,0.0,0.0,0.0,0,0.0,0.01033286427341995,94
9383.23418179,21.090000000002792,0,1,3,8.506815521877316,6.326546723381305,6.326546723381305,0.0,0.0,0.0,0.0,0.0,0.0,0.0,0,0.0,0.010332933725083704,94
9383.244137681,21.100000000002805,0,1,3,8.528166028197019,6.326546723381305,6.326546723381305,0.0,0.0,0.0,0.0,0.0,0.0,0.0,0,0.0,0.010333001343297177,98
9383.254081331,21.110000000002817,0,1,3,8.592189297855791,6.326546723381305,6.326546723381305,0.0,0.0,0.0,0.0,0.0,0.0,0.0,0,0.0,0.010333067176324207,98
9383.264118045,21.12000000000283,0,1,3,8.506815521877316,6.326546723381305,6.326546723381305,0.0,0.0,0.0,0.0,0.0,0.0,0.0,0,0.0,0.010333131271163754,99
9383.274549687,21.13000000000284,0,1,3,8.506815521877316,6.326546723381305,6.326546723381305,0.0,0.0,0.0,0.0,0.0,0.0,0.0,0,0.0,0.010333193673584207,102
9383.284733062,21.140000000002853,0,1,3,8.592189297855791,6.326546723381305,6.326546723381305,0.0,0.0,0.0,0.0,0.0,0.0,0.0,0,0.0,0.01033325442815447,104
9383.29445597,21.150000000002866,0,1,3,8.506815521877316,6.326546723381305,6.326546723381305,0.0,0.0,0.0,0.0,0.0,0.0,0.0,0,0.0,0.010333313578276049,105
9383.304943498,21.160000000002878,0,1,3,8.528166028197019,6.326546723381305,6.326546723381305,0.0,0.0,0.0,0.0,0.0,0.0,0.0,0,0.0,0.010333371166212135,108
9383.313903866,21.17000000000289,0,1,3,8.506815521877316,6.326546723381305,6.326546723381305,0.0,0.0,0.0,0.0,0.0,0.0,0.0,0,0.0,0.010333427233118253,110
9383.324153287,21.180000000002902,0,1,3,8.506815521877316,6.326546723381305,6.326546723381305,0.0,0.0,0.0,0.0,0.0,0.0,0.0,0,0.0,0.010333481819070678,111
9383.334744689,21.190000000002915,0,1,3,8.506815521877316,6.326546723381305,6.326546723381305,0.0,0.0,0.0,0.0,0.0,0.0,0.0,0,0.0,0.010333534963093749,111
9383.344511133,21.200000000002927,0,1,3,8.506815521877316,6.326546723381305,6.326546723381305,0.0,0.0,0.0,0.0,0.0,0.0,0.0,0,0.0,0.010333586703188846,115
9383.353982008,21.21000000000294,0,1,3,8.506815521877316,6.326546723381305,6.326546723381305,0.0,0.0,0.0,0.0,0.0,0.0,0.0,0,0.0,0.010333637076359592,116
9383.365015957,21.22000000000295,0,1,3,8.506815521877316,6.326546723381305,6.326546723381305,0.0,0.0,0.0,0.0,0.0,0.0,0.0,0,0.0,0.010333686118638385,120
9383.374304069,21.230000000002963,0,1,3,8.506815521877316,6.326546723381305,6.326546723381305,0.0,0.0,0.0,0.0,0.0,0.0,0.0,0,0.0,0.010333733865111827,126
9383.384238753,21.240000000002976,0,1,3,8.506815521877316,6.326546723381305,6.326546723381305,0.0,0.0,0.0,0.0,0.0,0.0,0.0,0,0.0,0.010333780349945254,127
9383.394399431,21.250000000002988,0,1,3,8.592189297855791,6.326546723381305,6.326546723381305,0.0,0.0,0.0,0.0,0.0,0.0,0.0,0,0.0,0.0103338256064065,127
9383.408020062,21.260000000003,0,1,3,8.506815521877316,6.326546723381305,6.326546723381305,0.0,0.0,0.0,0.0,0.0,0.0,0.0,0,0.0,0.010333869666889872,130
9383.414657566,21.270000000003012,0,1,3,8.528166028197019,6.326546723381305,6.326546723381305,0.0,0.0,0.0,0.0,0.0,0.0,0.0,0,0.0,0.010333912562938141,135
9383.424310241,21.280000000003024,0,1,3,8.506815521877316,6.326546723381305,6.326546723381305,0.0,0.0,0.0,0.0,0.0,0.0,0.0,0,0.0,0.010333954325265293,136
9383.434269075,21.290000000003037,0,1,3,8.506815521877316,6.326546723381305,6.326546723381305,0.0,0.0,0.0,0.0,0.0,0.0,0.0,0,0.0,0.010333994983778183,136
9383.444544449,21.30000000000305,0,1,3,8.528166028197019,6.326546723381305,6.326546723381305,0.0,0.0,0.0,0.0,0.0,0.0,0.0,0,0.0,0.010334034567597628,140
9383.454333377,21.31000000000306,0,1,3,8.528166028197019,6.326546723381305,6.326546723381305,0.0,0.0,0.0,0.0,0.0,0.0,0.0,0,0.0,0.010334073105078723,141
9383.464131499,21.320000000003073,0,1,3,8.506815521877316,6.326546723381305,6.326546723381305,0.0,0.0,0.0,0.0,0.0,0.0,0.0,0,0.0,0.010334110623830606,141
9383.475327411,21.330000000003086,0,1,3,8.506815521877316,6.326546723381305,6.326546723381305,0.0,0.0,0.0,0.0,0.0,0.0,0.0,0,0.0,0.010334147150736772,144
9383.484365066,21.340000000003098,0,1,3,8.528166028197019,6.326546723381305,6.326546723381305,0.0,0.0,0.0,0.0,0.0,0.0,0.0,0,0.0,0.010334182711973061,147
9383.494446936,21.35000000000311,0,1,3,8.528166028197019,6.326546723381305,6.326546723381305,0.0,0.0,0.0,0.0,0.0,0.0,0.0,0,0.0,0.010334217333026974,148
9383.504240333,21.360000000003122,0,1,3,8.506815521877316,6.326546723381305,6.326546723381305,0.0,0.0,0.0,0.0,0.0,0.0,0.0,0,0.0,0.010334251038715214,148
9383.514164449,21.370000000003134,0,1,3,8.506815521877316,6.326546723381305,6.326546723381305,0.0,0.0,0.0,0.0,0.0,0.0,0.0,0,0.0,0.010334283853201676,152
9383.524149397,21.380000000003147,0,1,3,8.506815521877316,6.326546723381305,6.326546723381305,0.0,0.0,0.0,0.0,0.0,0.0,0.0,0,0.0,0.010334315800013871,152
9383.533884521,21.39000000000316,0,1,3,8.506815521877316,6.326546723381305,6.326546723381305,0.0,0.0,0.0,0.0,0.0,0.0,0.0,0,0.0,0.010334346902059699,153
9383.544209907,21.40000000000317,0,1,3,8.506815521877316,6.326546723381305,6.326546723381305,0.0,0.0,0.0,0.0,0.0,0.0,0.0,0,0.0,0.010334377181644872,156
9383.553868323,21.410000000003183,0,1,3,8.506815521877316,6.326546723381305,6.326546723381305,0.0,0.0,0.0,0.0,0.0,0.0,0.0,0,0.0,0.010334406660487017,156
9383.564358405,21.420000000003196,0,1,3,8.506815521877316,6.326546723381305,6.326546723381305,0.0,0.0,0.0,0.0,0.0,0.0,0.0,0,0.0,0.010334435359731775,156
9383.574958177,21.430000000003208,0,1,3,8.506815521877316,6.326546723381305,6.326546723381305,0.0,0.0,0.0,0.0,0.0,0.0,0.0,0,0.0,0.010334463299968344,158
9383.584296926,21.44000000000322,0,1,3,8.506815521877316,6.326546723381305,6.326546723381305,0.0,0.0,0.0,0.0,0.0,0.0,0.0,0,0.0,0.010334490501243465,160
9383.594533016,21.450000000003232,0,1,3,8.506815521877316,6.326546723381305,6.326546723381305,0.0,0.0,0.0,0.0,0.0,0.0,0.0,0,0.0,0.01033451698307497,161
9383.604219249,21.460000000003244,0,1,3,8.506815521877316,6.326546723381305,6.326546723381305,0.0,0.0,0.0,0.0,0.0,0.0,0.0,0,0.0,0.010334542764467214,163
9383.613990725,21.470000000003257,0,1,3,8.506815521877316,6.326546723381305,6.326546723381305,0.0,0.0,0.0,0.0,0.0,0.0,0.0,0,0.0,0.010334567863923394,167
9383.623737025,21.48000000000327,0,1,3,8.506815521877316,6.326546723381305,6.326546723381305,0.0,0.0,0.0,0.0,0.0,0.0,0.0,0,0.0,0.010334592299459211,167
9383.633820844,21.49000000000328,0,1,3,8.506815521877316,6.326546723381305,6.326546723381305,0.0,0.0,0.0,0.0,0.0,0.0,0.0,0,0.0,0.0103346160886153,0
9383.644330356,21.500000000003293,0,1,3,8.592189297855791,6.326546723381305,6.326546723381305,0.0,0.0,0.0,0.0,0.0,0.0,0.0,0,0.0,0.010334639248470112,3
9383.654271626,21.510000000003306,0,1,3,8.528166028197019,6.326546723381305,6.326546723381305,0.0,0.0,0.0,0.0,0.0,0.0,0.0,0,0.0,0.010334661795651678,3
9383.664096994,21.520000000003318,0,1,3,8.506815521877316,6.326546723381305,6.326546723381305,0.0,0.0,0.0,0.0,0.0,0.0,0.0,0,0.0,0.010334683746349937,3
9383.674177525,21.53000000000333,0,1,3,8.506815521877316,6.326546723381305,6.326546723381305,0.0,0.0,0.0,0.0,0.0,0.0,0.0,0,0.0,0.010334705116327503,3
9383.684460511,21.540000000003342,0,1,3,8.506815521877316,6.326546723381305,6.326546723381305,0.0,0.0,0.0,0.0,0.0,0.0,0.0,0,0.0,0.010334725920931098,7
9383.694400362,21.550000000003354,0,1,3,8.506815521877316,6.326546723381305,6.326546723381305,0.0,0.0,0.0,0.0,0.0,0.0,0.0,0,0.0,0.010334746175102993,8
9383.704437172,21.560000000003367,0,1,3,8.528166028197019,6.326546723381305,6.326546723381305,0.0,0.0,0.0,0.0,0.0,0.0,0.0,0,0.0,0.010334765893391773,8
9383.714233757,21.57000000000338,0,1,3,8.613329773667845,6.326546723381305,6.326546723381305,0.0,0.0,0.0,0.0,0.0,0.0,0.0,0,0.0,0.010334785089961551,12
9383.724415961,21.58000000000339,0,1,3,8.528166028197019,6.326546723381305,6.326546723381305,0.0,0.0,0.0,0.0,0.0,0.0,0.0,0,0.0,0.01033480377860263,12
9383.734282385,21.590000000003403,0,1,3,8.613329773667845,6.326546723381305,6.326546723381305,0.0,0.0,0.0,0.0,0.0,0.0,0.0,0,0.0,0.010334821972742159,12
9383.745931916,21.600000000003416,0,1,3,8.506815521877316,6.326546723381305,6.326546723381305,0.0,0.0,0.0,0.0,0.0,0.0,0.0,0,0.0,0.010334839685452124,15
9383.754236123,21.610000000003428,0,1,3,8.506815521877316,6.326546723381305,6.326546723381305,0.0,0.0,0.0,0.0,0.0,0.0,0.0,0,0.0,0.010334856929460456,18
9383.764508446,21.62000000000344,0,1,3,8.506815521877316,6.326546723381305,6.326546723381305,0.0,0.0,0.0,0.0,0.0,0.0,0.0,0,0.0,0.010334873717158355,18
9383.773827896,21.630000000003452,0,1,3,8.506815521877316,6.326546723381305,6.326546723381305,0.0,0.0,0.0,0.0,0.0,0.0,0.0,0,0.0,0.010334890060610613,19
9383.784433564,21.640000000003464,0,1,3,8.506815521877316,6.326546723381305,6.326546723381305,0.0,0.0,0.0,0.0,0.0,0.0,0.0,0,0.0,0.010334905971563169,24
9383.794460169,21.650000000003477,0,1,3,8.499487533012429,6.326546723381305,6.326546723381305,0.0,0.0,0.0,0.0,0.0,0.0,0.0,0,0.0,0.010334921461451763,25
9383.804953798,21.66000000000349,0,1,3,8.499487533012429,6.326546723381305,6.326546723381305,0.0,0.0,0.0,0.0,0.0,0.0,0.0,0,0.0,0.010334936541410489,27
9383.815298008,21.6700000000035,0,1,3,8.499487533012429,6.326546723381305,6.326546723381305,0.0,0.0,0.0,0.0,0.0,0.0,0.0,0,0.0,0.010334951222279454,32
9383.824499416,21.680000000003513,0,1,3,8.606167611824198,6.326546723381305,6.326546723381305,0.0,0.0,0.0,0.0,0.0,0.0,0.0,0,0.0,0.010334965514612326,34
9383.833811969,21.690000000003526,0,1,3,8.606167611824198,6.326546723381305,6.326546723381305,0.0,0.0,0.0,0.0,0.0,0.0,0.0,0,0.0,0.010334979428684221,35
9383.844310684,21.700000000003538,0,1,3,8.521045121601242,6.326546723381305,6.326546723381305,0.0,0.0,0.0,0.0,0.0,0.0,0.0,0,0.0,0.010334992974499246,35
9383.854393946,21.71000000000355,0,1,3,8.499487533012429,6.326546723381305,6.326546723381305,0.0,0.0,0.0,0.0,0.0,0.0,0.0,0,0.0,0.01033500616179639,40
9383.864220419,21.720000000003562,0,1,3,8.584822852090602,6.326546723381305,6.326546723381305,0.0,0.0,0.0,0.0,0.0,0.0,0.0,0,0.0,0.010335019000058399,41
9383.874382547,21.730000000003574,0,1,3,8.606167611824198,6.326546723381305,6.326546723381305,0.0,0.0,0.0,0.0,0.0,0.0,0.0,0,0.0,0.010335031498516778,41
9383.883850206,21.740000000003587,0,1,3,8.499487533012429,6.326546723381305,6.326546723381305,0.0,0.0,0.0,0.0,0.0,0.0,0.0,0,0.0,0.010335043666159782,45
9383.894389922,21.7500000000036,0,1,3,8.584822852090602,6.326546723381305,6.326546723381305,0.0,0.0,0.0,0.0,0.0,0.0,0.0,0,0.0,0.010335055511737745,45
9383.904798813,21.76000000000361,0,1,3,8.499487533012429,6.326546723381305,6.326546723381305,0.0,0.0,0.0,0.0,0.0,0.0,0.0,0,0.0,0.010335067043769852,46
9383.915171395,21.770000000003623,0,1,3,8.584822852090602,6.326546723381305,6.326546723381305,0.0,0.0,0.0,0.0,0.0,0.0,0.0,0,0.0,0.010335078270550913,49
9383.924955661,21.780000000003636,0,1,3,8.584822852090602,6.326546723381305,6.326546723381305,0.0,0.0,0.0,0.0,0.0,0.0,0.0,0,0.0,0.010335089200155356,51
9383.934136201,21.790000000003648,0,1,3,8.606167611824198,6.326546723381305,6.326546723381305,0.0,0.0,0.0,0.0,0.0,0.0,0.0,0,0.0,0.010335099840445228,54
9383.944433136,21.80000000000366,0,1,3,8.499487533012429,6.326546723381305,6.326546723381305,0.0,0.0,0.0,0.0,0.0,0.0,0.0,0,0.0,0.010335110199074515,54
9383.955045195,21.810000000003672,0,1,3,8.499487533012429,6.326546723381305,6.326546723381305,0.0,0.0,0.0,0.0,0.0,0.0,0.0,0,0.0,0.010335120283494925,59
9383.96477947,21.820000000003684,0,1,3,8.499487533012429,6.326546723381305,6.326546723381305,0.0,0.0,0.0,0.0,0.0,0.0,0.0,0,0.0,0.010335130100961099,61
9383.974578921,21.830000000003697,0,1,3,8.499487533012429,6.326546723381305,6.326546723381305,0.0,0.0,0.0,0.0,0.0,0.0,0.0,0,0.0,0.010335139658536274,62
9383.984323555,21.84000000000371,0,1,3,8.499487533012429,6.326546723381305,6.326546723381305,0.0,0.0,0.0,0.0,0.0,0.0,0.0,0,0.0,0.010335148963096508,67
9383.994441622,21.85000000000372,0,1,3,8.499487533012429,6.326546723381305,6.326546723381305,0.0,0.0,0.0,0.0,0.0,0.0,0.0,0,0.0,0.010335158021336444,68
9384.00431787,21.860000000003733,0,1,3,8.499487533012429,6.326546723381305,6.326546723381305,0.0,0.0,0.0,0.0,0.0,0.0,0.0,0,0.0,0.010335166839773868,70
9384.014248751,21.870000000003746,0,1,3,8.499487533012429,6.326546723381305,6.326546723381305,0.0,0.0,0.0,0.0,0.0,0.0,0.0,0,0.0,0.01033517542475404,70
9384.024200742,21.880000000003758,0,1,3,8.521045121601242,6.326546723381305,6.326546723381305,0.0,0.0,0.0,0.0,0.0,0.0,0.0,0,0.0,0.010335183782454238,74
9384.033816814,21.89000000000377,0,1,3,8.499487533012429,6.326546723381305,6.326546723381305,0.0,0.0,0.0,0.0,0.0,0.0,0.0,0,0.0,0.010335191918889097,74
9384.04470625,21.900000000003782,0,1,3,8.499487533012429,6.326546723381305,6.326546723381305,0.0,0.0,0.0,0.0,0.0,0.0,0.0,0,0.0,0.0103351998399136,74
9384.054461494,21.910000000003794,0,1,3,8.499487533012429,6.326546723381305,6.326546723381305,0.0,0.0,0.0,0.0,0.0,0.0,0.0,0,0.0,0.010335207551228298,79
9384.064078058,21.920000000003807,0,1,3,8.499487533012429,6.326546723381305,6.326546723381305,0.0,0.0,0.0,0.0,0.0,0.0,0.0,0,0.0,0.01033521505838264,81
9384.074257711,21.93000000000382,0,1,3,8.521045121601242,6.326546723381305,6.326546723381305,0.0,0.0,0.0,0.0,0.0,0.0,0.0,0,0.0,0.01033522236677964,81
9384.085069182,21.94000000000383,0,1,3,8.499487533012429,6.326546723381305,6.326546723381305,0.0,0.0,0.0,0.0,0.0,0.0,0.0,0,0.0,0.010335229481679309,84
9384.093947856,21.950000000003843,0,1,3,8.606167611824198,6.326546723381305,6.326546723381305,0.0,0.0,0.0,0.0,0.0,0.0,0.0,0,0.0,0.010335236408203219,85
9384.104444192,21.960000000003856,0,1,3,8.521045121601242,6.326546723381305,6.326546723381305,0.0,0.0,0.0,0.0,0.0,0.0,0.0,0,0.0,0.01033524315133616,85
9384.114397689,21.970000000003868,0,1,3,8.521045121601242,6.326546723381305,6.326546723381305,0.0,0.0,0.0,0.0,0.0,0.0,0.0,0,0.0,0.010335249715932249,85
9384.124411023,21.98000000000388,0,1,3,8.499487533012429,6.326546723381305,6.326546723381305,0.0,0.0,0.0,0.0,0.0,0.0,0.0,0,0.0,0.010335256106716928,89
9384.134900345,21.990000000003892,0,1,3,8.62731540024049,6.326546723381305,6.326546723381305,0.0,0.0,0.0,0.0,0.0,0.0,0.0,0,0.0,0.010335262328290185,89
9384.144335598,22.000000000003904,0,1,3,8.650327772808113,6.326546723381305,6.326546723381305,0.0,0.0,0.0,0.0,0.0,0.0,0.0,0,0.0,0.01033526838513088,91
9384.154946437,22.010000000003917,0,1,3,8.73506888154496,6.326546723381305,6.326546723381305,0.0,0.0,0.0,0.0,0.0,0.0,0.0,0,0.0,0.010335274281599194,95
9384.164417174,22.02000000000393,0,1,3,8.866408008154588,6.326546723381305,6.326546723381305,0.0,0.0,0.0,0.0,0.0,0.0,0.0,0,0.0,0.010335280021940174,98
9384.174479322,22.03000000000394,0,1,3,8.891394590313729,6.326546723381305,6.326546723381305,0.0,0.0,0.0,0.0,0.0,0.0,0.0,0,0.0,0.010335285610286182,99
9384.184510969,22.040000000003953,0,1,3,8.833312500973124,6.326546723381305,6.326546723381305,0.0,0.0,0.0,0.0,0.0,0.0,0.0,0,0.0,0.010335291050660445,101
9384.194371491,22.050000000003966,0,1,3,8.966554891697212,6.326546723381305,6.326546723381305,0.0,0.0,0.0,0.0,0.0,0.0,0.0,0,0.0,0.01033529634698005,107
