wall_time,sim_time,teleop_active,ros_fresh,position_error_mm,orientation_error_deg,target_linear_speed_mps,target_angular_speed_radps,raw_max_qdot_radps,cmd_max_qdot_radps,qdot_saturated,jacobian_condition,max_q_command_error_rad,deadline_misses
4546.828280984,0.010000000000000002,0,1,0.0,0.0,0.0,0.0,0.0,0.0,0,0.0,0.00023156172738025838,1
4546.838204135,0.02000000000000001,0,1,0.0,0.0,0.0,0.0,0.0,0.0,0,0.0,0.0006420883348210449,1
4546.848241606,0.03000000000000002,0,1,0.0,0.0,0.0,0.0,0.0,0.0,0,0.0,0.0010870701046840686,1
4546.858888946,0.04000000000000003,0,1,0.0,0.0,0.0,0.0,0.0,0.0,0,0.0,0.0015382914321710002,7
4546.868217028,0.05000000000000004,0,1,0.0,0.0,0.0,0.0,0.0,0.0,0,0.0,0.0019525120983990981,7
4546.878184202,0.060000000000000046,0,1,0.0,0.0,0.0,0.0,0.0,0.0,0,0.0,0.002326993557708709,7
4546.888130653,0.07000000000000005,0,1,0.0,0.0,0.0,0.0,0.0,0.0,0,0.0,0.0026636721412751654,10
4546.898127223,0.08000000000000006,0,1,0.0,0.0,0.0,0.0,0.0,0.0,0,0.0,0.0029657491512482194,10
4546.908334599,0.09000000000000007,0,1,0.0,0.0,0.0,0.0,0.0,0.0,0,0.0,0.003236578567500767,10
4546.919859944,0.10000000000000007,0,1,0.0,0.0,0.0,0.0,0.0,0.0,0,0.0,0.0034793261918181517,11
4546.928164902,0.11000000000000008,0,1,0.0,0.0,0.0,0.0,0.0,0.0,0,0.0,0.0036968818133849154,13
4546.938301824,0.12000000000000009,0,1,0.0,0.0,0.0,0.0,0.0,0.0,0,0.0,0.003891852468140432,13
4546.949194546,0.1300000000000001,0,1,0.0,0.0,0.0,0.0,0.0,0.0,0,0.0,0.004066580160140322,13
4546.958590009,0.1400000000000001,0,1,0.0,0.0,0.0,0.0,0.0,0.0,0,0.0,0.0042231655706561405,20
4546.968347341,0.1500000000000001,0,1,0.0,0.0,0.0,0.0,0.0,0.0,0,0.0,0.0043634918762542945,20
4546.97832047,0.16000000000000011,0,1,0.0,0.0,0.0,0.0,0.0,0.0,0,0.0,0.004489246934098883,20
4546.991230491,0.17000000000000012,0,1,0.0,0.0,0.0,0.0,0.0,0.0,0,0.0,0.004601943436198346,23
4546.998366422,0.18000000000000013,0,1,0.0,0.0,0.0,0.0,0.0,0.0,0,0.0,0.0047029370580503,26
4547.009276147,0.19000000000000014,0,1,0.0,0.0,0.0,0.0,0.0,0.0,0,0.0,0.00479344274985854,27
4547.01927252,0.20000000000000015,0,1,0.0,0.0,0.0,0.0,0.0,0.0,0,0.0,0.004874549344019622,28
4547.028341756,0.21000000000000016,0,1,0.0,0.0,0.0,0.0,0.0,0.0,0,0.0,0.004947232647788313,33
4547.038393661,0.22000000000000017,0,1,0.0,0.0,0.0,0.0,0.0,0.0,0,0.0,0.005012367176722273,33
4547.048103464,0.23000000000000018,0,1,0.0,0.0,0.0,0.0,0.0,0.0,0,0.0,0.005070736669659783,33
4547.058307964,0.24000000000000019,0,1,0.0,0.0,0.0,0.0,0.0,0.0,0,0.0,0.0051230435117468704,37
4547.068358169,0.25000000000000017,0,1,0.0,0.0,0.0,0.0,0.0,0.0,0,0.0,0.005169917178980228,37
4547.078378412,0.2600000000000002,0,1,0.0,0.0,0.0,0.0,0.0,0.0,0,0.0,0.005211921805952601,37
4547.089283855,0.2700000000000002,0,1,0.0,0.0,0.0,0.0,0.0,0.0,0,0.0,0.005249536049669865,39
4547.098380198,0.2800000000000002,0,1,0.0,0.0,0.0,0.0,0.0,0.0,0,0.0,0.00528308929435087,40
4547.108371742,0.2900000000000002,0,1,0.0,0.0,0.0,0.0,0.0,0.0,0,0.0,0.0053130514465207146,40
4547.118208238,0.3000000000000002,0,1,0.0,0.0,0.0,0.0,0.0,0.0,0,0.0,0.005339878191504068,40
4547.128307259,0.3100000000000002,0,1,0.0,0.0,0.0,0.0,0.0,0.0,0,0.0,0.00536393785246659,44
4547.13848521,0.32000000000000023,0,1,0.0,0.0,0.0,0.0,0.0,0.0,0,0.0,0.005385533541666898,44
4547.148522192,0.33000000000000024,0,1,0.0,0.0,0.0,0.0,0.0,0.0,0,0.0,0.005404924413936385,44
4547.15813851,0.34000000000000025,0,1,0.0,0.0,0.0,0.0,0.0,0.0,0,0.0,0.005422337788624488,48
4547.168360184,0.35000000000000026,0,1,0.0,0.0,0.0,0.0,0.0,0.0,0,0.0,0.005437975731847331,48
4547.178193644,0.36000000000000026,0,1,0.0,0.0,0.0,0.0,0.0,0.0,0,0.0,0.005452018977451459,50
4547.188306526,0.3700000000000003,0,1,0.0,0.0,0.0,0.0,0.0,0.0,0,0.0,0.005464629620454852,50
4547.198365977,0.3800000000000003,0,1,0.0,0.0,0.0,0.0,0.0,0.0,0,0.0,0.005475953208739359,54
4547.208636843,0.3900000000000003,0,1,0.0,0.0,0.0,0.0,0.0,0.0,0,0.0,0.005486125359485088,54
4547.218584473,0.4000000000000003,0,1,0.0,0.0,0.0,0.0,0.0,0.0,0,0.0,0.00549545203010255,54
4547.229154584,0.4100000000000003,0,1,0.0,0.0,0.0,0.0,0.0,0.0,0,0.0,0.005504294128597727,57
4547.238368626,0.4200000000000003,0,1,0.0,0.0,0.0,0.0,0.0,0.0,0,0.0,0.005512811472181938,58
4547.248282458,0.4300000000000003,0,1,0.0,0.0,0.0,0.0,0.0,0.0,0,0.0,0.00552107084652051,58
4547.259107231,0.44000000000000034,0,1,0.0,0.0,0.0,0.0,0.0,0.0,0,0.0,0.005529102057472208,60
4547.268219406,0.45000000000000034,0,1,0.0,0.0,0.0,0.0,0.0,0.0,0,0.0,0.005536920144885517,61
4547.278098901,0.46000000000000035,0,1,0.0,0.0,0.0,0.0,0.0,0.0,0,0.0,0.0055445341969600805,61
4547.288172885,0.47000000000000036,0,1,0.0,0.0,0.0,0.0,0.0,0.0,0,0.0,0.005551950854058594,61
4547.298191102,0.48000000000000037,0,1,0.0,0.0,0.0,0.0,0.0,0.0,0,0.0,0.005559175705129038,64
4547.308190612,0.4900000000000004,0,1,0.0,0.0,0.0,0.0,0.0,0.0,0,0.0,0.0055662138464504015,64
4547.31817855,0.5000000000000003,0,1,0.0,0.0,0.0,0.0,0.0,0.0,0,0.0,0.00557307010671817,64
4547.328165217,0.5100000000000003,0,1,0.0,0.0,0.0,0.0,0.0,0.0,0,0.0,0.00557974913889795,67
4547.338106524,0.5200000000000004,0,1,0.0,0.0,0.0,0.0,0.0,0.0,0,0.0,0.005586255458720616,67
4547.348156936,0.5300000000000004,0,1,0.0,0.0,0.0,0.0,0.0,0.0,0,0.0,0.005592593461728072,67
4547.358171151,0.5400000000000004,0,1,0.0,0.0,0.0,0.0,0.0,0.0,0,0.0,0.005598767431652431,67
4547.368150266,0.5500000000000004,0,1,0.0,0.0,0.0,0.0,0.0,0.0,0,0.0,0.005604781545265028,69
4547.378331593,0.5600000000000004,0,1,0.0,0.0,0.0,0.0,0.0,0.0,0,0.0,0.005610639875766005,69
4547.388126105,0.5700000000000004,0,1,0.0,0.0,0.0,0.0,0.0,0.0,0,0.0,0.005616346395552348,69
4547.398180547,0.5800000000000004,0,1,0.0,0.0,0.0,0.0,0.0,0.0,0,0.0,0.005621904978704771,72
4547.408229385,0.5900000000000004,0,1,0.0,0.0,0.0,0.0,0.0,0.0,0,0.0,0.005627319403332436,0
4547.418360262,0.6000000000000004,0,1,0.0,0.0,0.0,0.0,0.0,0.0,0,0.0,0.005632593353832658,0
4547.429035654,0.6100000000000004,0,1,0.0,0.0,0.0,0.0,0.0,0.0,0,0.0,0.005637730423089379,2
4547.438422951,0.6200000000000004,0,1,0.0,0.0,0.0,0.0,0.0,0.0,0,0.0,0.005642734114620527,3
4547.448109282,0.6300000000000004,0,1,0.0,0.0,0.0,0.0,0.0,0.0,0,0.0,0.005647607844678777,3
4547.458211138,0.6400000000000005,0,1,0.0,0.0,0.0,0.0,0.0,0.0,0,0.0,0.0056523549443079505,3
4547.468476686,0.6500000000000005,0,1,0.0,0.0,0.0,0.0,0.0,0.0,0,0.0,0.005656978661356293,6
4547.478385105,0.6600000000000005,0,1,0.0,0.0,0.0,0.0,0.0,0.0,0,0.0,0.005661482162447525,6
4547.488439098,0.6700000000000005,0,1,0.0,0.0,0.0,0.0,0.0,0.0,0,0.0,0.00566586853491038,6
4547.498166826,0.6800000000000005,0,1,0.0,0.0,0.0,0.0,0.0,0.0,0,0.0,0.0056701407886672805,9
4547.508289009,0.6900000000000005,0,1,0.0,0.0,0.0,0.0,0.0,0.0,0,0.0,0.005674301858082796,9
4547.518357472,0.7000000000000005,0,1,0.0,0.0,0.0,0.0,0.0,0.0,0,0.0,0.005678354603772501,9
4547.528380658,0.7100000000000005,0,1,0.0,0.0,0.0,0.0,0.0,0.0,0,0.0,0.005682301814372843,10
4547.53836043,0.7200000000000005,0,1,0.0,0.0,0.0,0.0,0.0,0.0,0,0.0,0.0056861462082726895,13
4547.548492426,0.7300000000000005,0,1,0.0,0.0,0.0,0.0,0.0,0.0,0,0.0,0.00568989043530711,13
4547.558313734,0.7400000000000005,0,1,0.0,0.0,0.0,0.0,0.0,0.0,0,0.0,0.005693537078414077,13
4547.569225699,0.7500000000000006,0,1,0.0,0.0,0.0,0.0,0.0,0.0,0,0.0,0.005697088655254685,17
4547.578254677,0.7600000000000006,0,1,0.0,0.0,0.0,0.0,0.0,0.0,0,0.0,0.0057005476197975235,18
4547.588674007,0.7700000000000006,0,1,0.0,0.0,0.0,0.0,0.0,0.0,0,0.0,0.005703916363867799,18
4547.599226748,0.7800000000000006,0,1,0.0,0.0,0.0,0.0,0.0,0.0,0,0.0,0.005707197218661874,20
4547.608403599,0.7900000000000006,0,1,0.0,0.0,0.0,0.0,0.0,0.0,0,0.0,0.005710392456227798,21
4547.618593678,0.8000000000000006,0,1,0.0,0.0,0.0,0.0,0.0,0.0,0,0.0,0.005713504290912477,21
4547.628698937,0.8100000000000006,0,1,0.0,0.0,0.0,0.0,0.0,0.0,0,0.0,0.005716534880776081,21
4547.638759011,0.8200000000000006,0,1,0.0,0.0,0.0,0.0,0.0,0.0,0,0.0,0.005719486328974297,24
4547.648664578,0.8300000000000006,0,1,0.0,0.0,0.0,0.0,0.0,0.0,0,0.0,0.005722360685109035,24
4547.65855626,0.8400000000000006,0,1,0.0,0.0,0.0,0.0,0.0,0.0,0,0.0,0.0057251599465481945,24
4547.669309361,0.8500000000000006,0,1,0.0,0.0,0.0,0.0,0.0,0.0,0,0.0,0.005727886059715068,29
4547.678301202,0.8600000000000007,0,1,0.0,0.0,0.0,0.0,0.0,0.0,0,0.0,0.005730540921347992,30
4547.688375832,0.8700000000000007,0,1,0.0,0.0,0.0,0.0,0.0,0.0,0,0.0,0.005733126379730814,30
4547.698333377,0.8800000000000007,0,1,0.0,0.0,0.0,0.0,0.0,0.0,0,0.0,0.005735644235894754,30
4547.708291383,0.8900000000000007,0,1,0.0,0.0,0.0,0.0,0.0,0.0,0,0.0,0.005738096244792243,33
4547.718191326,0.9000000000000007,0,1,0.0,0.0,0.0,0.0,0.0,0.0,0,0.0,0.005740484116443287,33
4547.728387012,0.9100000000000007,0,1,0.0,0.0,0.0,0.0,0.0,0.0,0,0.0,0.005742809517054933,33
4547.73834965,0.9200000000000007,0,1,0.0,0.0,0.0,0.0,0.0,0.0,0,0.0,0.005745074070114369,37
4547.748178723,0.9300000000000007,0,1,0.0,0.0,0.0,0.0,0.0,0.0,0,0.0,0.0057472793574562114,37
4547.758338305,0.9400000000000007,0,1,0.0,0.0,0.0,0.0,0.0,0.0,0,0.0,0.005749426920304515,37
4547.769188624,0.9500000000000007,0,1,0.0,0.0,0.0,0.0,0.0,0.0,0,0.0,0.005751518260290047,39
4547.778398154,0.9600000000000007,0,1,0.0,0.0,0.0,0.0,0.0,0.0,0,0.0,0.005753554840443318,41
4547.788194739,0.9700000000000008,0,1,0.0,0.0,0.0,0.0,0.0,0.0,0,0.0,0.005755538086163913,41
4547.798165265,0.9800000000000008,0,1,0.0,0.0,0.0,0.0,0.0,0.0,0,0.0,0.005757469386166609,41
4547.808259656,0.9900000000000008,0,1,0.0,0.0,0.0,0.0,0.0,0.0,0,0.0,0.0057593500934047925,44
4547.818152075,1.0000000000000007,0,1,0.0,0.0,0.0,0.0,0.0,0.0,0,0.0,0.005761181525971657,44
4547.828174679,1.0099999999999996,0,1,0.0,0.0,0.0,0.0,0.0,0.0,0,0.0,0.005762964967979673,44
4547.83807137,1.0199999999999985,0,1,0.0,0.0,0.0,0.0,0.0,0.0,0,0.0,0.005764701670418786,47
4547.848891515,1.0299999999999974,0,1,0.0,0.0,0.0,0.0,0.0,0.0,0,0.0,0.005766392851993848,47
4547.85879664,1.0399999999999963,0,1,0.0,0.0,0.0,0.0,0.0,0.0,0,0.0,0.0057680396999416975,47
4547.869360526,1.0499999999999952,0,1,0.0,0.0,0.0,0.0,0.0,0.0,0,0.0,0.005769643370828369,47
4547.878260626,1.059999999999994,0,1,0.0,0.0,0.0,0.0,0.0,0.0,0,0.0,0.005771204991326869,53
4547.888214264,1.069999999999993,0,1,0.0,0.0,0.0,0.0,0.0,0.0,0,0.0,0.005772725658975941,53
4547.89817131,1.0799999999999919,0,1,0.0,0.0,0.0,0.0,0.0,0.0,0,0.0,0.005774206442920276,53
4547.908203888,1.0899999999999908,0,1,0.0,0.0,0.0,0.0,0.0,0.0,0,0.0,0.005775648384632552,57
4547.918214582,1.0999999999999897,0,1,0.0,0.0,0.0,0.0,0.0,0.0,0,0.0,0.005777052498617756,57
4547.928188687,1.1099999999999886,0,1,0.0,0.0,0.0,0.0,0.0,0.0,0,0.0,0.005778419773100146,57
4547.940725778,1.1199999999999875,0,1,0.0,0.0,0.0,0.0,0.0,0.0,0,0.0,0.005779751170693301,58
4547.948352423,1.1299999999999863,0,1,0.0,0.0,0.0,0.0,0.0,0.0,0,0.0,0.005781047629053602,60
4547.958183886,1.1399999999999852,0,1,0.0,0.0,0.0,0.0,0.0,0.0,0,0.0,0.005782310061517564,60
4547.968362404,1.1499999999999841,0,1,0.0,0.0,0.0,0.0,0.0,0.0,0,0.0,0.005783539357723364,60
4547.97840299,1.159999999999983,0,1,0.0,0.0,0.0,0.0,0.0,0.0,0,0.0,0.005784736384216947,63
4547.988613536,1.169999999999982,0,1,0.0,0.0,0.0,0.0,0.0,0.0,0,0.0,0.005785901985043075,63
4547.998385451,1.1799999999999808,0,1,0.0,0.0,0.0,0.0,0.0,0.0,0,0.0,0.005787036982321657,63
4548.009700477,1.1899999999999797,0,1,0.0,0.0,0.0,0.0,0.0,0.0,0,0.0,0.005788142176809713,66
4548.018430022,1.1999999999999786,0,1,0.0,0.0,0.0,0.0,0.0,0.0,0,0.0,0.005789218348449308,67
4548.028342003,1.2099999999999775,0,1,0.0,0.0,0.0,0.0,0.0,0.0,0,0.0,0.005790266256901799,67
4548.038337229,1.2199999999999764,0,1,0.0,0.0,0.0,0.0,0.0,0.0,0,0.0,0.005791286642068696,67
4548.048320124,1.2299999999999753,0,1,0.0,0.0,0.0,0.0,0.0,0.0,0,0.0,0.0057922802245994765,71
4548.058319958,1.2399999999999742,0,1,0.0,0.0,0.0,0.0,0.0,0.0,0,0.0,0.005793247706386661,71
4548.068429206,1.2499999999999731,0,1,0.0,0.0,0.0,0.0,0.0,0.0,0,0.0,0.005794189771048435,71
4548.078448763,1.259999999999972,0,1,0.0,0.0,0.0,0.0,0.0,0.0,0,0.0,0.005795107084399147,74
4548.089380019,1.269999999999971,0,1,0.0,0.0,0.0,0.0,0.0,0.0,0,0.0,0.0057960002949079435,74
4548.099096764,1.2799999999999698,0,1,0.0,0.0,0.0,0.0,0.0,0.0,0,0.0,0.005796870034145843,76
4548.113808271,1.2899999999999687,0,1,0.0,0.0,0.0,0.0,0.0,0.0,0,0.0,0.00579771691722153,80
4548.123666816,1.2999999999999676,0,1,0.0,0.0,0.0,0.0,0.0,0.0,0,0.0,0.005798541543206137,80
4548.133818164,1.3099999999999665,0,1,0.0,0.0,0.0,0.0,0.0,0.0,0,0.0,0.005799344495547273,80
4548.147252596,1.3199999999999654,0,1,0.0,0.0,0.0,0.0,0.0,0.0,0,0.0,0.0058001263424725755,83
4548.153743121,1.3299999999999643,0,1,0.0,0.0,0.0,0.0,0.0,0.0,0,0.0,0.005800887637383025,87
4548.163796639,1.3399999999999632,0,1,0.0,0.0,0.0,0.0,0.0,0.0,0,0.0,0.005801628919236292,87
4548.173765015,1.3499999999999621,0,1,0.0,0.0,0.0,0.0,0.0,0.0,0,0.0,0.005802350712920339,87
4548.183900633,1.359999999999961,0,1,0.0,0.0,0.0,0.0,0.0,0.0,0,0.0,0.005803053529617535,93
4548.193674766,1.36999999999996,0,1,0.0,0.0,0.0,0.0,0.0,0.0,0,0.0,0.0058037378671594924,93
4548.203716011,1.3799999999999588,0,1,0.0,0.0,0.0,0.0,0.0,0.0,0,0.0,0.005804404210372877,93
4548.213693626,1.3899999999999577,0,1,0.0,0.0,0.0,0.0,0.0,0.0,0,0.0,0.0058050530314164035,96
4548.223672446,1.3999999999999566,0,1,0.0,0.0,0.0,0.0,0.0,0.0,0,0.0,0.005805684790109235,96
4548.233646092,1.4099999999999555,0,1,0.0,0.0,0.0,0.0,0.0,0.0,0,0.0,0.005806299934250996,96
4548.246277064,1.4199999999999544,0,1,0.0,0.0,0.0,0.0,0.0,0.0,0,0.0,0.005806898899933616,97
4548.253706081,1.4299999999999533,0,1,0.0,0.0,0.0,0.0,0.0,0.0,0,0.0,0.005807482111845191,99
4548.26363947,1.4399999999999522,0,1,0.0,0.0,0.0,0.0,0.0,0.0,0,0.0,0.0058080499835660715,99
4548.273813049,1.449999999999951,0,1,0.0,0.0,0.0,0.0,0.0,0.0,0,0.0,0.005808602917857379,99
4548.28369406,1.45999999999995,0,1,0.0,0.0,0.0,0.0,0.0,0.0,0,0.0,0.005809141306942113,102
4548.29370847,1.469999999999949,0,1,0.0,0.0,0.0,0.0,0.0,0.0,0,0.0,0.005809665532779057,102
4548.303730662,1.4799999999999478,0,1,0.0,0.0,0.0,0.0,0.0,0.0,0,0.0,0.0058101759673296685,102
4548.31366053,1.4899999999999467,0,1,0.0,0.0,0.0,0.0,0.0,0.0,0,0.0,0.005810672972818086,105
4548.32369415,1.4999999999999456,0,1,0.0,0.0,0.0,0.0,0.0,0.0,0,0.0,0.005811156901984485,105
4548.333681961,1.5099999999999445,0,1,0.0,0.0,0.0,0.0,0.0,0.0,0,0.0,0.0058116280983319096,105
4548.343698883,1.5199999999999434,0,1,0.0,0.0,0.0,0.0,0.0,0.0,0,0.0,0.005812086896366748,105
4548.353729554,1.5299999999999423,0,1,0.0,0.0,0.0,0.0,0.0,0.0,0,0.0,0.005812533621833021,107
4548.363680604,1.5399999999999412,0,1,0.0,0.0,0.0,0.0,0.0,0.0,0,0.0,0.005812968591940642,107
4548.373663954,1.54999999999994,0,1,0.0,0.0,0.0,0.0,0.0,0.0,0,0.0,0.005813392115587792,107
4548.383693745,1.559999999999939,0,1,0.0,0.0,0.0,0.0,0.0,0.0,0,0.0,0.005813804493577553,110
4548.393690207,1.569999999999938,0,1,0.0,0.0,0.0,0.0,0.0,0.0,0,0.0,0.0058142060188289615,110
4548.403879903,1.5799999999999368,0,1,0.0,0.0,0.0,0.0,0.0,0.0,0,0.0,0.005814596976582612,110
4548.417580548,1.5899999999999357,0,1,0.0,0.0,0.0,0.0,0.0,0.0,0,0.0,0.005814977644600948,2
4548.423719206,1.5999999999999346,0,1,0.0,0.0,0.0,0.0,0.0,0.0,0,0.0,0.005815348293363375,6
4548.433707016,1.6099999999999335,0,1,0.0,0.0,0.0,0.0,0.0,0.0,0,0.0,0.005815709186256342,6
4548.44383047,1.6199999999999324,0,1,0.0,0.0,0.0,0.0,0.0,0.0,0,0.0,0.005816060579758493,7
4548.453758982,1.6299999999999313,0,1,0.0,0.0,0.0,0.0,0.0,0.0,0,0.0,0.005816402723621032,13
4548.463732204,1.6399999999999302,0,1,0.0,0.0,0.0,0.0,0.0,0.0,0,0.0,0.005816735861043424,13
4548.473769282,1.649999999999929,0,1,0.0,0.0,0.0,0.0,0.0,0.0,0,0.0,0.005817060228844534,13
4548.486261059,1.659999999999928,0,1,0.0,0.0,0.0,0.0,0.0,0.0,0,0.0,0.005817376057629348,17
4548.493657149,1.6699999999999269,0,1,0.0,0.0,0.0,0.0,0.0,0.0,0,0.0,0.005817683571951356,19
4548.503699841,1.6799999999999258,0,1,0.0,0.0,0.0,0.0,0.0,0.0,0,0.0,0.005817982990470733,19
4548.513685987,1.6899999999999247,0,1,0.0,0.0,0.0,0.0,0.0,0.0,0,0.0,0.005818274526108418,19
4548.52371173,1.6999999999999236,0,1,0.0,0.0,0.0,0.0,0.0,0.0,0,0.0,0.005818558386196187,22
4548.533683164,1.7099999999999225,0,1,0.0,0.0,0.0,0.0,0.0,0.0,0,0.0,0.005818834772622834,22
4548.543703275,1.7199999999999214,0,1,0.0,0.0,0.0,0.0,0.0,0.0,0,0.0,0.005819103881976558,22
4548.553667454,1.7299999999999203,0,1,0.0,0.0,0.0,0.0,0.0,0.0,0,0.0,0.005819365905683644,24
4548.56369991,1.7399999999999192,0,1,0.0,0.0,0.0,0.0,0.0,0.0,0,0.0,0.00581962103014355,24
4548.573731441,1.749999999999918,0,1,0.0,0.0,0.0,0.0,0.0,0.0,0,0.0,0.005819869436860468,24
4548.584544783,1.759999999999917,0,1,0.0,0.0,0.0,0.0,0.0,0.0,0,0.0,0.005820111302571475,26
4548.593636502,1.7699999999999159,0,1,0.0,0.0,0.0,0.0,0.0,0.0,0,0.0,0.005820346799371346,27
4548.603669779,1.7799999999999148,0,1,0.0,0.0,0.0,0.0,0.0,0.0,0,0.0,0.005820576094834116,27
4548.613664714,1.7899999999999137,0,1,0.0,0.0,0.0,0.0,0.0,0.0,0,0.0,0.005820799352131482,27
4548.623743255,1.7999999999999126,0,1,0.0,0.0,0.0,0.0,0.0,0.0,0,0.0,0.005821016730148117,30
4548.633659879,1.8099999999999115,0,1,0.0,0.0,0.0,0.0,0.0,0.0,0,0.0,0.0058212283835939885,30
4548.643642178,1.8199999999999104,0,1,0.0,0.0,0.0,0.0,0.0,0.0,0,0.0,0.0058214344631137395,30
4548.653637583,1.8299999999999093,0,1,0.0,0.0,0.0,0.0,0.0,0.0,0,0.0,0.0058216351153932274,32
4548.663669519,1.8399999999999082,0,1,0.0,0.0,0.0,0.0,0.0,0.0,0,0.0,0.005821830483263278,32
4548.673686528,1.849999999999907,0,1,0.0,0.0,0.0,0.0,0.0,0.0,0,0.0,0.005822020705800745,32
4548.686963772,1.859999999999906,0,1,0.0,0.0,0.0,0.0,0.0,0.0,0,0.0,0.005822205918426916,33
4548.693643682,1.8699999999999048,0,1,0.0,0.0,0.0,0.0,0.0,0.0,0,0.0,0.005822386253003375,36
4548.70372151,1.8799999999999037,0,1,0.0,0.0,0.0,0.0,0.0,0.0,0,0.0,0.005822561837925336,36
4548.713699196,1.8899999999999026,0,1,0.0,0.0,0.0,0.0,0.0,0.0,0,0.0,0.005822732798212564,36
4548.723715162,1.8999999999999015,0,1,0.0,0.0,0.0,0.0,0.0,0.0,0,0.0,0.005822899255597908,39
4548.733809156,1.9099999999999004,0,1,0.0,0.0,0.0,0.0,0.0,0.0,0,0.0,0.005823061328613527,39
4548.743803317,1.9199999999998993,0,1,0.0,0.0,0.0,0.0,0.0,0.0,0,0.0,0.005823219132674857,39
4548.756306269,1.9299999999998982,0,1,0.0,0.0,0.0,0.0,0.0,0.0,0,0.0,0.0058233727801623985,42
4548.76378194,1.9399999999998971,0,1,0.0,0.0,0.0,0.0,0.0,0.0,0,0.0,0.005823522380501354,45
4548.77379772,1.949999999999896,0,1,0.0,0.0,0.0,0.0,0.0,0.0,0,0.0,0.005823668040239185,45
4548.783746312,1.959999999999895,0,1,0.0,0.0,0.0,0.0,0.0,0.0,0,0.0,0.00582380986312115,45
4548.793812607,1.9699999999998938,0,1,0.0,0.0,0.0,0.0,0.0,0.0,0,0.0,0.0058239479501638585,51
4548.803760472,1.9799999999998927,0,1,0.0,0.0,0.0,0.0,0.0,0.0,0,0.0,0.005824082399726902,51
4548.813839986,1.9899999999998916,0,1,0.0,0.0,0.0,0.0,0.0,0.0,0,0.0,0.005824213307582619,51
4548.823698976,1.9999999999998905,0,1,0.0,0.0,0.0,0.0,0.0,0.0,0,0.0,0.005824340766984022,55
4548.833810199,2.0099999999998897,0,1,0.0,0.0,0.0,0.0,0.0,0.0,0,0.0,0.00582446486873096,55
4548.843669256,2.0199999999998886,0,1,0.0,0.0,0.0,0.0,0.0,0.0,0,0.0,0.0058245857012345454,55
4548.866182034,2.0299999999998875,0,1,0.0,0.0,0.0,0.0,0.0,0.0,0,0.0,0.0058247033505798825,56
4548.876291682,2.0399999999998863,0,1,0.0,0.0,0.0,0.0,0.0,0.0,0,0.0,0.005824817900587173,56
4548.886170203,2.0499999999998852,0,1,0.0,0.0,0.0,0.0,0.0,0.0,0,0.0,0.0058249294328712115,57
4548.896106437,2.059999999999884,0,1,0.0,0.0,0.0,0.0,0.0,0.0,0,0.0,0.005825038026899319,59
4548.906079615,2.069999999999883,0,1,0.0,0.0,0.0,0.0,0.0,0.0,0,0.0,0.005825143760047766,59
4548.916076087,2.079999999999882,0,1,0.0,0.0,0.0,0.0,0.0,0.0,0,0.0,0.005825246707656712,59
4548.926419644,2.089999999999881,0,1,0.0,0.0,0.0,0.0,0.0,0.0,0,0.0,0.005825346943083713,62
4548.936274148,2.0999999999998797,0,1,0.0,0.0,0.0,0.0,0.0,0.0,0,0.0,0.005825444537755819,62
4548.946728668,2.1099999999998786,0,1,0.0,0.0,0.0,0.0,0.0,0.0,0,0.0,0.005825539561220309,62
4548.958025111,2.1199999999998775,0,1,0.0,0.0,0.0,0.0,0.0,0.0,0,0.0,0.0058256320811941,63
4548.966263452,2.1299999999998764,0,1,0.0,0.0,0.0,0.0,0.0,0.0,0,0.0,0.0058257221636118465,65
4548.976276668,2.1399999999998753,0,1,0.0,0.0,0.0,0.0,0.0,0.0,0,0.0,0.005825809872672802,65
4548.986296464,2.1499999999998742,0,1,0.0,0.0,0.0,0.0,0.0,0.0,0,0.0,0.005825895270886429,65
4548.996271144,2.159999999999873,0,1,0.0,0.0,0.0,0.0,0.0,0.0,0,0.0,0.005825978419116834,69
4549.006400948,2.169999999999872,0,1,0.0,0.0,0.0,0.0,0.0,0.0,0,0.0,0.005826059376626013,69
4549.01626717,2.179999999999871,0,1,0.0,0.0,0.0,0.0,0.0,0.0,0,0.0,0.00582613820111598,69
4549.026030147,2.18999999999987,0,1,0.0,0.0,0.0,0.0,0.0,0.0,0,0.0,0.005826214948769786,73
4549.036107781,2.1999999999998687,0,1,0.0,0.0,0.0,0.0,0.0,0.0,0,0.0,0.005826289674291467,73
4549.046250019,2.2099999999998676,0,1,0.0,0.0,0.0,0.0,0.0,0.0,0,0.0,0.005826362430944929,73
4549.056245389,2.2199999999998665,0,1,0.0,0.0,0.0,0.0,0.0,0.0,0,0.0,0.005826433270591821,73
4549.066648822,2.2299999999998654,0,1,0.0,0.0,0.0,0.0,0.0,0.0,0,0.0,0.005826502243728421,76
4549.076221701,2.2399999999998643,0,1,0.0,0.0,0.0,0.0,0.0,0.0,0,0.0,0.005826569399521545,76
4549.086692427,2.249999999999863,0,1,0.0,0.0,0.0,0.0,0.0,0.0,0,0.0,0.0058266347858435185,77
4549.096306293,2.259999999999862,0,1,0.0,0.0,0.0,0.0,0.0,0.0,0,0.0,0.005826698449306215,80
4549.106119109,2.269999999999861,0,1,0.0,0.0,0.0,0.0,0.0,0.0,0,0.0,0.005826760435294223,80
4549.116041327,2.27999999999986,0,1,0.0,0.0,0.0,0.0,0.0,0.0,0,0.0,0.005826820787997131,80
4549.126818014,2.289999999999859,0,1,0.0,0.0,0.0,0.0,0.0,0.0,0,0.0,0.005826879550440963,82
4549.136081761,2.2999999999998577,0,1,0.0,0.0,0.0,0.0,0.0,0.0,0,0.0,0.005826936764518787,82
4549.146636076,2.3099999999998566,0,1,0.0,0.0,0.0,0.0,0.0,0.0,0,0.0,0.005826992471020532,82
4549.156231391,2.3199999999998555,0,1,0.0,0.0,0.0,0.0,0.0,0.0,0,0.0,0.005827046709662002,82
4549.166092122,2.3299999999998544,0,1,0.0,0.0,0.0,0.0,0.0,0.0,0,0.0,0.005827099519113149,85
4549.176131031,2.3399999999998533,0,1,0.0,0.0,0.0,0.0,0.0,0.0,0,0.0,0.005827150937025587,85
4549.18624421,2.349999999999852,0,1,0.0,0.0,0.0,0.0,0.0,0.0,0,0.0,0.005827201000059388,85
4549.196055904,2.359999999999851,0,1,0.0,0.0,0.0,0.0,0.0,0.0,0,0.0,0.005827249743909178,88
4549.206169041,2.36999999999985,0,1,0.0,0.0,0.0,0.0,0.0,0.0,0,0.0,0.005827297203329544,88
4549.216144417,2.379999999999849,0,1,0.0,0.0,0.0,0.0,0.0,0.0,0,0.0,0.005827343412159769,88
4549.226144338,2.389999999999848,0,1,0.0,0.0,0.0,0.0,0.0,0.0,0,0.0,0.005827388403347927,88
4549.236264786,2.3999999999998467,0,1,0.0,0.0,0.0,0.0,0.0,0.0,0,0.0,0.005827432208974336,91
4549.246090828,2.4099999999998456,0,1,0.0,0.0,0.0,0.0,0.0,0.0,0,0.0,0.005827474860274394,91
4549.25619081,2.4199999999998445,0,1,0.0,0.0,0.0,0.0,0.0,0.0,0,0.0,0.005827516387660826,91
4549.266238221,2.4299999999998434,0,1,0.0,0.0,0.0,0.0,0.0,0.0,0,0.0,0.0058275568207453304,94
4549.276154406,2.4399999999998423,0,1,0.0,0.0,0.0,0.0,0.0,0.0,0,0.0,0.005827596188359675,94
4549.286138702,2.449999999999841,0,1,0.0,0.0,0.0,0.0,0.0,0.0,0,0.0,0.005827634518576209,94
4549.297972642,2.45999999999984,0,1,0.0,0.0,0.0,0.0,0.0,0.0,0,0.0,0.005827671838727871,96
4549.306230675,2.469999999999839,0,1,0.0,0.0,0.0,0.0,0.0,0.0,0,0.0,0.005827708175427649,98
4549.31611165,2.479999999999838,0,1,0.0,0.0,0.0,0.0,0.0,0.0,0,0.0,0.005827743554587529,98
4549.32632971,2.489999999999837,0,1,0.0,0.0,0.0,0.0,0.0,0.0,0,0.0,0.005827778001436958,98
4549.336294438,2.4999999999998357,0,1,0.0,0.0,0.0,0.0,0.0,0.0,0,0.0,0.0058278115405408035,101
4549.34635257,2.5099999999998346,0,1,0.0,0.0,0.0,0.0,0.0,0.0,0,0.0,0.005827844195816862,101
4549.356149244,2.5199999999998335,0,1,0.0,0.0,0.0,0.0,0.0,0.0,0,0.0,0.0058278759905528894,101
4549.366312793,2.5299999999998324,0,1,0.0,0.0,0.0,0.0,0.0,0.0,0,0.0,0.005827906947423184,105
4549.376182601,2.5399999999998313,0,1,0.0,0.0,0.0,0.0,0.0,0.0,0,0.0,0.005827937088504746,105
4549.38609275,2.54999999999983,0,1,0.0,0.0,0.0,0.0,0.0,0.0,0,0.0,0.005827966435293006,105
4549.396113795,2.559999999999829,0,1,0.0,0.0,0.0,0.0,0.0,0.0,0,0.0,0.005827995008717133,105
4549.406245925,2.569999999999828,0,1,0.0,0.0,0.0,0.0,0.0,0.0,0,0.0,0.005828022829154949,109
4549.416338986,2.579999999999827,0,1,0.0,0.0,0.0,0.0,0.0,0.0,0,0.0,0.005828049916447445,0
4549.426197736,2.5899999999998258,0,1,0.0,0.0,0.0,0.0,0.0,0.0,0,0.0,0.00582807628991292,0
4549.436319758,2.5999999999998247,0,1,0.0,0.0,0.0,0.0,0.0,0.0,0,0.0,0.00582810196836074,3
4549.446111531,2.6099999999998236,0,1,0.0,0.0,0.0,0.0,0.0,0.0,0,0.0,0.0058281269701047494,3
4549.45621098,2.6199999999998225,0,1,0.0,0.0,0.0,0.0,0.0,0.0,0,0.0,0.005828151312976308,3
4549.46725708,2.6299999999998214,0,1,0.0,0.0,0.0,0.0,0.0,0.0,0,0.0,0.005828175014337006,5
4549.476158105,2.6399999999998203,0,1,0.0,0.0,0.0,0.0,0.0,0.0,0,0.0,0.005828198091091035,6
4549.486188433,2.649999999999819,0,1,0.0,0.0,0.0,0.0,0.0,0.0,0,0.0,0.005828220559697232,6
4549.496131162,2.659999999999818,0,1,0.0,0.0,0.0,0.0,0.0,0.0,0,0.0,0.005828242436180812,6
4549.519157483,2.669999999999817,0,1,0.0,0.0,0.0,0.0,0.0,0.0,0,0.0,0.005828263736144779,7
4549.529147365,2.679999999999816,0,1,0.0,0.0,0.0,0.0,0.0,0.0,0,0.0,0.005828284474781059,7
4549.539170474,2.6899999999998148,0,1,0.0,0.0,0.0,0.0,0.0,0.0,0,0.0,0.005828304666881317,10
4549.549142966,2.6999999999998137,0,1,0.0,0.0,0.0,0.0,0.0,0.0,0,0.0,0.005828324326847506,10
4549.559150408,2.7099999999998126,0,1,0.0,0.0,0.0,0.0,0.0,0.0,0,0.0,0.005828343468702124,10
4549.569681276,2.7199999999998115,0,1,0.0,0.0,0.0,0.0,0.0,0.0,0,0.0,0.005828362106098213,13
4549.579372157,2.7299999999998104,0,1,0.0,0.0,0.0,0.0,0.0,0.0,0,0.0,0.005828380252329096,13
4549.589506091,2.7399999999998093,0,1,0.0,0.0,0.0,0.0,0.0,0.0,0,0.0,0.005828397920337841,15
4549.599200647,2.749999999999808,0,1,0.0,0.0,0.0,0.0,0.0,0.0,0,0.0,0.005828415122726492,16
4549.609132507,2.759999999999807,0,1,0.0,0.0,0.0,0.0,0.0,0.0,0,0.0,0.005828431871765057,20
4549.619256574,2.769999999999806,0,1,0.0,0.0,0.0,0.0,0.0,0.0,0,0.0,0.005828448179400243,21
4549.629156869,2.779999999999805,0,1,0.0,0.0,0.0,0.0,0.0,0.0,0,0.0,0.005828464057263982,21
4549.639160737,2.7899999999998037,0,1,0.0,0.0,0.0,0.0,0.0,0.0,0,0.0,0.005828479516681718,24
4549.649183062,2.7999999999998026,0,1,0.0,0.0,0.0,0.0,0.0,0.0,0,0.0,0.005828494568680481,24
4549.659260144,2.8099999999998015,0,1,0.0,0.0,0.0,0.0,0.0,0.0,0,0.0,0.005828509223996753,26
4549.675783035,2.8199999999998004,0,1,0.0,0.0,0.0,0.0,0.0,0.0,0,0.0,0.005828523493084115,27
4549.686031171,2.8299999999997993,0,1,0.0,0.0,0.0,0.0,0.0,0.0,0,0.0,0.0058285373861207005,27
4549.696821645,2.8399999999997982,0,1,0.0,0.0,0.0,0.0,0.0,0.0,0,0.0,0.005828550913016457,27
4549.711263471,2.849999999999797,0,1,0.0,0.0,0.0,0.0,0.0,0.0,0,0.0,0.0058285640834202,29
4549.721357389,2.859999999999796,0,1,0.0,0.0,0.0,0.0,0.0,0.0,0,0.0,0.00582857690672651,29
4549.731232273,2.869999999999795,0,1,0.0,0.0,0.0,0.0,0.0,0.0,0,0.0,0.005828589392082414,29
4549.741288627,2.879999999999794,0,1,0.0,0.0,0.0,0.0,0.0,0.0,0,0.0,0.005828601548393915,33
4549.751158263,2.8899999999997927,0,1,0.0,0.0,0.0,0.0,0.0,0.0,0,0.0,0.0058286133843323375,34
4549.761212036,2.8999999999997916,0,1,0.0,0.0,0.0,0.0,0.0,0.0,0,0.0,0.005828624908340515,34
4549.77344507,2.9099999999997905,0,1,0.0,0.0,0.0,0.0,0.0,0.0,0,0.0,0.0058286361286388096,36
4549.781184792,2.9199999999997894,0,1,0.0,0.0,0.0,0.0,0.0,0.0,0,0.0,0.005828647053230966,38
4549.791271459,2.9299999999997883,0,1,0.0,0.0,0.0,0.0,0.0,0.0,0,0.0,0.005828657689909825,38
4549.801295732,2.9399999999997872,0,1,0.0,0.0,0.0,0.0,0.0,0.0,0,0.0,0.00582866804626288,39
4549.811172533,2.949999999999786,0,1,0.0,0.0,0.0,0.0,0.0,0.0,0,0.0,0.005828678129677686,44
4549.821274383,2.959999999999785,0,1,0.0,0.0,0.0,0.0,0.0,0.0,0,0.0,0.005828687947347123,44
4549.831208568,2.969999999999784,0,1,0.0,0.0,0.0,0.0,0.0,0.0,0,0.0,0.005828697506274534,44
4549.841398,2.979999999999783,0,1,0.0,0.0,0.0,0.0,0.0,0.0,0,0.0,0.005828706813278713,47
4549.851350203,2.9899999999997817,0,1,0.0,0.0,0.0,0.0,0.0,0.0,0,0.0,0.005828715874998765,47
4549.8615375,2.9999999999997806,0,1,0.0,0.0,0.0,0.0,0.0,0.0,0,0.0,0.005828724697898847,47
4549.873489219,3.0099999999997795,0,1,0.0,0.0,0.0,0.0,0.0,0.0,0,0.0,0.005828733288272771,48
4549.881489889,3.0199999999997784,0,1,0.0,0.0,0.0,0.0,0.0,0.0,0,0.0,0.0058287416522484975,50
4549.891347133,3.0299999999997773,0,1,0.0,0.0,0.0,0.0,0.0,0.0,0,0.0,0.005828749795792502,50
4549.90137001,3.039999999999776,0,1,0.0,0.0,0.0,0.0,0.0,0.0,0,0.0,0.005828757724714029,50
4549.911339637,3.049999999999775,0,1,0.0,0.0,0.0,0.0,0.0,0.0,0,0.0,0.005828765444669242,53
4549.921375316,3.059999999999774,0,1,0.0,0.0,0.0,0.0,0.0,0.0,0,0.0,0.00582877296116525,53
4549.931173062,3.069999999999773,0,1,0.0,0.0,0.0,0.0,0.0,0.0,0,0.0,0.005828780279564037,54
4549.942075774,3.079999999999772,0,1,0.0,0.0,0.0,0.0,0.0,0.0,0,0.0,0.005828787405086284,57
4549.951229695,3.0899999999997707,0,1,0.0,0.0,0.0,0.0,0.0,0.0,0,0.0,0.0058287943428150975,58
4549.961300381,3.0999999999997696,0,1,0.0,0.0,0.0,0.0,0.0,0.0,0,0.0,0.005828801097699624,59
4549.971277291,3.1099999999997685,0,1,0.0,0.0,0.0,0.0,0.0,0.0,0,0.0,0.005828807674558591,59
4549.98127903,3.1199999999997674,0,1,0.0,0.0,0.0,0.0,0.0,0.0,0,0.0,0.005828814078083741,63
4549.991316382,3.1299999999997663,0,1,0.0,0.0,0.0,0.0,0.0,0.0,0,0.0,0.005828820312843173,63
4550.001329658,3.139999999999765,0,1,0.0,0.0,0.0,0.0,0.0,0.0,0,0.0,0.005828826383284607,63
4550.011176454,3.149999999999764,0,1,0.0,0.0,0.0,0.0,0.0,0.0,0,0.0,0.005828832293738548,67
4550.021320536,3.159999999999763,0,1,0.0,0.0,0.0,0.0,0.0,0.0,0,0.0,0.005828838048421381,68
4550.031453511,3.169999999999762,0,1,0.0,0.0,0.0,0.0,0.0,0.0,0,0.0,0.005828843651438375,68
4550.043548897,3.179999999999761,0,1,0.0,0.0,0.0,0.0,0.0,0.0,0,0.0,0.005828849106786613,69
4550.051245728,3.1899999999997597,0,1,0.0,0.0,0.0,0.0,0.0,0.0,0,0.0,0.00582885441835784,72
4550.061343483,3.1999999999997586,0,1,0.0,0.0,0.0,0.0,0.0,0.0,0,0.0,0.005828859589941245,72
4550.071400089,3.2099999999997575,0,1,0.0,0.0,0.0,0.0,0.0,0.0,0,0.0,0.005828864625226153,72
4550.08134816,3.2199999999997564,0,1,0.0,0.0,0.0,0.0,0.0,0.0,0,0.0,0.0058288695278046684,75
4550.09141841,3.2299999999997553,0,1,0.0,0.0,0.0,0.0,0.0,0.0,0,0.0,0.0058288743011742266,75
4550.10120999,3.239999999999754,0,1,0.0,0.0,0.0,0.0,0.0,0.0,0,0.0,0.005828878948740097,75
4550.114215428,3.249999999999753,0,1,0.0,0.0,0.0,0.0,0.0,0.0,0,0.0,0.005828883473817802,78
4550.121311222,3.259999999999752,0,1,0.0,0.0,0.0,0.0,0.0,0.0,0,0.0,0.005828887879635492,81
4550.131207021,3.269999999999751,0,1,0.0,0.0,0.0,0.0,0.0,0.0,0,0.0,0.005828892169336243,81
4550.141333083,3.27999999999975,0,1,0.0,0.0,0.0,0.0,0.0,0.0,0,0.0,0.0058288963459803,82
4550.151386179,3.2899999999997487,0,1,0.0,0.0,0.0,0.0,0.0,0.0,0,0.0,0.005828900412547257,86
4550.161167164,3.2999999999997476,0,1,0.0,0.0,0.0,0.0,0.0,0.0,0,0.0,0.005828904371938184,87
4550.171198955,3.3099999999997465,0,1,0.0,0.0,0.0,0.0,0.0,0.0,0,0.0,0.005828908226977698,87
4550.181404568,3.3199999999997454,0,1,0.0,0.0,0.0,0.0,0.0,0.0,0,0.0,0.005828911980415975,90
4550.191346404,3.3299999999997443,0,1,0.0,0.0,0.0,0.0,0.0,0.0,0,0.0,0.005828915634930713,90
4550.201182578,3.339999999999743,0,1,0.0,0.0,0.0,0.0,0.0,0.0,0,0.0,0.0058289191931290415,90
4550.213544098,3.349999999999742,0,1,0.0,0.0,0.0,0.0,0.0,0.0,0,0.0,0.005828922657549381,91
4550.221175285,3.359999999999741,0,1,0.0,0.0,0.0,0.0,0.0,0.0,0,0.0,0.005828926030663254,93
4550.23118218,3.36999999999974,0,1,0.0,0.0,0.0,0.0,0.0,0.0,0,0.0,0.005828929314877047,93
4550.241189905,3.3799999999997388,0,1,0.0,0.0,0.0,0.0,0.0,0.0,0,0.0,0.005828932512533731,93
4550.251214465,3.3899999999997377,0,1,0.0,0.0,0.0,0.0,0.0,0.0,0,0.0,0.0058289356259145254,96
4550.261339853,3.3999999999997366,0,1,0.0,0.0,0.0,0.0,0.0,0.0,0,0.0,0.005828938657240537,96
4550.271304555,3.4099999999997355,0,1,0.0,0.0,0.0,0.0,0.0,0.0,0,0.0,0.005828941608674326,96
4550.281640557,3.4199999999997344,0,1,0.0,0.0,0.0,0.0,0.0,0.0,0,0.0,0.0058289444823214675,99
4550.291501268,3.4299999999997333,0,1,0.0,0.0,0.0,0.0,0.0,0.0,0,0.0,0.0058289472802320426,99
4550.30144364,3.439999999999732,0,1,0.0,0.0,0.0,0.0,0.0,0.0,0,0.0,0.005828950004402106,99
4550.311289194,3.449999999999731,0,1,0.0,0.0,0.0,0.0,0.0,0.0,0,0.0,0.005828952656775104,99
4550.321327601,3.45999999999973,0,1,0.0,0.0,0.0,0.0,0.0,0.0,0,0.0,0.0058289552392432635,104
4550.331277031,3.469999999999729,0,1,0.0,0.0,0.0,0.0,0.0,0.0,0,0.0,0.005828957753648948,104
4550.341253446,3.4799999999997278,0,1,0.0,0.0,0.0,0.0,0.0,0.0,0,0.0,0.005828960201785961,104
4550.351161895,3.4899999999997267,0,1,0.0,0.0,0.0,0.0,0.0,0.0,0,0.0,0.005828962585400833,107
4550.361301971,3.4999999999997256,0,1,0.0,0.0,0.0,0.0,0.0,0.0,0,0.0,0.005828964906194062,107
4550.371366932,3.5099999999997245,0,1,0.0,0.0,0.0,0.0,0.0,0.0,0,0.0,0.005828967165821336,107
4550.388256912,3.5199999999997234,0,1,0.0,0.0,0.0,0.0,0.0,0.0,0,0.0,0.005828969365894701,108
4550.398427423,3.5299999999997222,0,1,0.0,0.0,0.0,0.0,0.0,0.0,0,0.0,0.0058289715079837216,108
4550.408273134,3.539999999999721,0,1,0.0,0.0,0.0,0.0,0.0,0.0,0,0.0,0.0058289735936166,0
4550.418240026,3.54999999999972,0,1,0.0,0.0,0.0,0.0,0.0,0.0,0,0.0,0.005828975624281256,3
4550.428234392,3.559999999999719,0,1,0.0,0.0,0.0,0.0,0.0,0.0,0,0.0,0.0058289776014264,3
4550.438146809,3.569999999999718,0,1,0.0,0.0,0.0,0.0,0.0,0.0,0,0.0,0.00582897952646256,3
4550.45272018,3.5799999999997167,0,1,0.0,0.0,0.0,0.0,0.0,0.0,0,0.0,0.0058289814007630916,4
4550.458388776,3.5899999999997156,0,1,0.0,0.0,0.0,0.0,0.0,0.0,0,0.0,0.005828983225665152,10
4550.468309641,3.5999999999997145,0,1,0.0,0.0,0.0,0.0,0.0,0.0,0,0.0,0.00582898500247066,10
4550.478350453,3.6099999999997134,0,1,0.0,0.0,0.0,0.0,0.0,0.0,0,0.0,0.005828986732447226,10
4550.488637452,3.6199999999997123,0,1,0.0,0.0,0.0,0.0,0.0,0.0,0,0.0,0.0058289884168290455,15
4550.498916524,3.6299999999997112,0,1,0.0,0.0,0.0,0.0,0.0,0.0,0,0.0,0.005828990056817791,15
4550.508377825,3.63999999999971,0,1,0.0,0.0,0.0,0.0,0.0,0.0,0,0.0,0.005828991653583464,15
4550.518075279,3.649999999999709,0,1,0.0,0.0,0.0,0.0,0.0,0.0,0,0.0,0.005828993208265227,17
4550.528364046,3.659999999999708,0,1,0.0,0.0,0.0,0.0,0.0,0.0,0,0.0,0.005828994721972229,17
4550.538835526,3.669999999999707,0,1,0.0,0.0,0.0,0.0,0.0,0.0,0,0.0,0.005828996195784378,19
4550.54833996,3.6799999999997057,0,1,0.0,0.0,0.0,0.0,0.0,0.0,0,0.0,0.005828997630753124,19
4550.55890904,3.6899999999997046,0,1,0.0,0.0,0.0,0.0,0.0,0.0,0,0.0,0.005828999027902206,22
4550.568467482,3.6999999999997035,0,1,0.0,0.0,0.0,0.0,0.0,0.0,0,0.0,0.005829000388228384,23
4550.578336175,3.7099999999997024,0,1,0.0,0.0,0.0,0.0,0.0,0.0,0,0.0,0.005829001712702146,23
4550.588336585,3.7199999999997013,0,1,0.0,0.0,0.0,0.0,0.0,0.0,0,0.0,0.005829003002268401,26
4550.598454266,3.7299999999997,0,1,0.0,0.0,0.0,0.0,0.0,0.0,0,0.0,0.00582900425784716,26
4550.608391315,3.739999999999699,0,1,0.0,0.0,0.0,0.0,0.0,0.0,0,0.0,0.00582900548033418,26
4550.62119281,3.749999999999698,0,1,0.0,0.0,0.0,0.0,0.0,0.0,0,0.0,0.005829006670601615,27
4550.628335734,3.759999999999697,0,1,0.0,0.0,0.0,0.0,0.0,0.0,0,0.0,0.005829007829498632,30
4550.638362681,3.769999999999696,0,1,0.0,0.0,0.0,0.0,0.0,0.0,0,0.0,0.005829008957852017,30
4550.649197208,3.7799999999996947,0,1,0.0,0.0,0.0,0.0,0.0,0.0,0,0.0,0.00582901005646677,30
4550.65930345,3.7899999999996936,0,1,0.0,0.0,0.0,0.0,0.0,0.0,0,0.0,0.0058290111261266675,33
4550.668830818,3.7999999999996925,0,1,0.0,0.0,0.0,0.0,0.0,0.0,0,0.0,0.005829012167594835,34
4550.678979685,3.8099999999996914,0,1,0.0,0.0,0.0,0.0,0.0,0.0,0,0.0,0.0058290131816142845,34
4550.689281164,3.8199999999996903,0,1,0.0,0.0,0.0,0.0,0.0,0.0,0,0.0,0.005829014168908443,39
4550.698739138,3.829999999999689,0,1,0.0,0.0,0.0,0.0,0.0,0.0,0,0.0,0.0058290151301816735,40
4550.70898806,3.839999999999688,0,1,0.0,0.0,0.0,0.0,0.0,0.0,0,0.0,0.005829016066119775,40
4550.718815073,3.849999999999687,0,1,0.0,0.0,0.0,0.0,0.0,0.0,0,0.0,0.005829016977390472,41
4550.728640497,3.859999999999686,0,1,0.0,0.0,0.0,0.0,0.0,0.0,0,0.0,0.00582901786464389,45
4550.738449019,3.869999999999685,0,1,0.0,0.0,0.0,0.0,0.0,0.0,0,0.0,0.0058290187285130225,45
4550.748838247,3.8799999999996837,0,1,0.0,0.0,0.0,0.0,0.0,0.0,0,0.0,0.005829019569614181,45
4550.758738214,3.8899999999996826,0,1,0.0,0.0,0.0,0.0,0.0,0.0,0,0.0,0.005829020388547426,49
4550.76902312,3.8999999999996815,0,1,0.0,0.0,0.0,0.0,0.0,0.0,0,0.0,0.005829021185897013,49
4550.778212805,3.9099999999996804,0,1,0.0,0.0,0.0,0.0,0.0,0.0,0,0.0,0.005829021962231792,50
4550.789010146,3.9199999999996793,0,1,0.0,0.0,0.0,0.0,0.0,0.0,0,0.0,0.005829022718105625,52
4550.798796714,3.929999999999678,0,1,0.0,0.0,0.0,0.0,0.0,0.0,0,0.0,0.005829023454057774,54
4550.808174057,3.939999999999677,0,1,0.0,0.0,0.0,0.0,0.0,0.0,0,0.0,0.00582902417061329,54
4550.818357472,3.949999999999676,0,1,0.0,0.0,0.0,0.0,0.0,0.0,0,0.0,0.005829024868283385,54
4550.828224265,3.959999999999675,0,1,0.0,0.0,0.0,0.0,0.0,0.0,0,0.0,0.005829025547565798,60
4550.838607469,3.969999999999674,0,1,0.0,0.0,0.0,0.0,0.0,0.0,0,0.0,0.005829026208945151,60
4550.848286147,3.9799999999996727,0,1,0.0,0.0,0.0,0.0,0.0,0.0,0,0.0,0.0058290268528932935,60
4550.858073604,3.9899999999996716,0,1,0.0,0.0,0.0,0.0,0.0,0.0,0,0.0,0.005829027479869636,63
4550.86818116,3.9999999999996705,0,1,0.0,0.0,0.0,0.0,0.0,0.0,0,0.0,0.005829028090321485,63
4550.878173441,4.009999999999674,0,1,0.0,0.0,0.0,0.0,0.0,0.0,0,0.0,0.005829028684684355,64
4550.888209509,4.019999999999677,0,1,0.0,0.0,0.0,0.0,0.0,0.0,0,0.0,0.005829029263382284,64
4550.898517817,4.0299999999996805,0,1,0.0,0.0,0.0,0.0,0.0,0.0,0,0.0,0.005829029826828133,67
4550.908921074,4.039999999999684,0,1,0.0,0.0,0.0,0.0,0.0,0.0,0,0.0,0.005829030375423884,67
4550.91883315,4.049999999999687,0,1,0.0,0.0,0.0,0.0,0.0,0.0,0,0.0,0.00582903090956092,67
4550.928292418,4.0599999999996905,0,1,0.0,0.0,0.0,0.0,0.0,0.0,0,0.0,0.005829031429620315,71
4550.938917623,4.069999999999694,0,1,0.0,0.0,0.0,0.0,0.0,0.0,0,0.0,0.005829031935973098,71
4550.948676517,4.079999999999697,0,1,0.0,0.0,0.0,0.0,0.0,0.0,0,0.0,0.005829032428980512,71
4550.958936706,4.0899999999997005,0,1,0.0,0.0,0.0,0.0,0.0,0.0,0,0.0,0.005829032908994287,74
4550.968844112,4.099999999999704,0,1,0.0,0.0,0.0,0.0,0.0,0.0,0,0.0,0.0058290333763568805,74
4550.978891902,4.109999999999707,0,1,0.0,0.0,0.0,0.0,0.0,0.0,0,0.0,0.0058290338314017235,74
4550.988684652,4.119999999999711,0,1,0.0,0.0,0.0,0.0,0.0,0.0,0,0.0,0.005829034274453463,74
4550.998782737,4.129999999999714,0,1,0.0,0.0,0.0,0.0,0.0,0.0,0,0.0,0.005829034705828186,78
4551.008490145,4.139999999999717,0,1,0.0,0.0,0.0,0.0,0.0,0.0,0,0.0,0.005829035125833648,78
4551.018653913,4.149999999999721,0,1,0.0,0.0,0.0,0.0,0.0,0.0,0,0.0,0.0058290355347694976,78
4551.028525456,4.159999999999724,0,1,0.0,0.0,0.0,0.0,0.0,0.0,0,0.0,0.0058290359329274824,82
4551.038630546,4.169999999999727,0,1,0.0,0.0,0.0,0.0,0.0,0.0,0,0.0,0.005829036320591663,82
4551.048504409,4.179999999999731,0,1,0.0,0.0,0.0,0.0,0.0,0.0,0,0.0,0.0058290366980386105,82
4551.059952521,4.189999999999734,0,1,0.0,0.0,0.0,0.0,0.0,0.0,0,0.0,0.00582903706553761,84
4551.068981373,4.199999999999737,0,1,0.0,0.0,0.0,0.0,0.0,0.0,0,0.0,0.005829037423350846,87
4551.078384419,4.209999999999741,0,1,0.0,0.0,0.0,0.0,0.0,0.0,0,0.0,0.0058290377717335985,88
4551.088958906,4.219999999999744,0,1,0.0,0.0,0.0,0.0,0.0,0.0,0,0.0,0.005829038110934413,88
4551.098894224,4.229999999999747,0,1,0.0,0.0,0.0,0.0,0.0,0.0,0,0.0,0.005829038441195285,93
4551.10820971,4.239999999999751,0,1,0.0,0.0,0.0,0.0,0.0,0.0,0,0.0,0.00582903876275184,94
4551.118957823,4.249999999999754,0,1,0.0,0.0,0.0,0.0,0.0,0.0,0,0.0,0.005829039075833484,94
4551.128902355,4.259999999999757,0,1,0.0,0.0,0.0,0.0,0.0,0.0,0,0.0,0.005829039380663579,98
4551.138396352,4.269999999999761,0,1,0.0,0.0,0.0,0.0,0.0,0.0,0,0.0,0.005829039677459605,99
4551.148272036,4.279999999999764,0,1,0.0,0.0,0.0,0.0,0.0,0.0,0,0.0,0.005829039966433307,100
4551.158903585,4.289999999999767,0,1,0.0,0.0,0.0,0.0,0.0,0.0,0,0.0,0.005829040247790846,100
4551.168142849,4.299999999999771,0,1,0.0,0.0,0.0,0.0,0.0,0.0,0,0.0,0.005829040521732954,105
4551.178081818,4.309999999999774,0,1,0.0,0.0,0.0,0.0,0.0,0.0,0,0.0,0.005829040788455073,105
4551.188187258,4.319999999999777,0,1,0.0,0.0,0.0,0.0,0.0,0.0,0,0.0,0.0058290410481474896,106
4551.198174624,4.329999999999781,0,1,0.0,0.0,0.0,0.0,0.0,0.0,0,0.0,0.005829041300995477,110
4551.208478182,4.339999999999784,0,1,0.0,0.0,0.0,0.0,0.0,0.0,0,0.0,0.005829041547179426,110
4551.21887585,4.349999999999787,0,1,0.0,0.0,0.0,0.0,0.0,0.0,0,0.0,0.005829041786874974,110
4551.229927646,4.359999999999791,0,1,0.0,0.0,0.0,0.0,0.0,0.0,0,0.0,0.0058290420202531295,112
4551.238263002,4.369999999999794,0,1,0.0,0.0,0.0,0.0,0.0,0.0,0,0.0,0.005829042247480391,114
4551.248173246,4.379999999999797,0,1,0.0,0.0,0.0,0.0,0.0,0.0,0,0.0,0.0058290424687188706,114
4551.25816672,4.389999999999801,0,1,0.0,0.0,0.0,0.0,0.0,0.0,0,0.0,0.005829042684126411,114
4551.26893274,4.399999999999804,0,1,0.0,0.0,0.0,0.0,0.0,0.0,0,0.0,0.005829042893856691,117
4551.278097933,4.409999999999807,0,1,0.0,0.0,0.0,0.0,0.0,0.0,0,0.0,0.005829043098059338,118
4551.28891445,4.419999999999811,0,1,0.0,0.0,0.0,0.0,0.0,0.0,0,0.0,0.005829043296880038,118
4551.298074706,4.429999999999814,0,1,0.0,0.0,0.0,0.0,0.0,0.0,0,0.0,0.005829043490460636,121
4551.30898625,4.439999999999817,0,1,0.0,0.0,0.0,0.0,0.0,0.0,0,0.0,0.0058290436789392415,122
4551.318828049,4.449999999999821,0,1,0.0,0.0,0.0,0.0,0.0,0.0,0,0.0,0.005829043862450322,123
4551.328830148,4.459999999999824,0,1,0.0,0.0,0.0,0.0,0.0,0.0,0,0.0,0.005829044041124799,123
4551.338236481,4.4699999999998274,0,1,0.0,0.0,0.0,0.0,0.0,0.0,0,0.0,0.005829044215090146,127
4551.348326801,4.479999999999831,0,1,0.0,0.0,0.0,0.0,0.0,0.0,0,0.0,0.005829044384470477,127
4551.358231235,4.489999999999834,0,1,0.0,0.0,0.0,0.0,0.0,0.0,0,0.0,0.005829044549386635,127
4551.368853296,4.4999999999998375,0,1,0.0,0.0,0.0,0.0,0.0,0.0,0,0.0,0.005829044709956277,131
4551.378154346,4.509999999999841,0,1,0.0,0.0,0.0,0.0,0.0,0.0,0,0.0,0.005829044866293957,132
4551.3881802,4.519999999999844,0,1,0.0,0.0,0.0,0.0,0.0,0.0,0,0.0,0.005829045018511214,132
4551.399381342,4.5299999999998475,0,1,0.0,0.0,0.0,0.0,0.0,0.0,0,0.0,0.005829045166716645,134
4551.408187437,4.539999999999851,0,1,0.0,0.0,0.0,0.0,0.0,0.0,0,0.0,0.005829045311015988,0
4551.418304862,4.549999999999854,0,1,0.0,0.0,0.0,0.0,0.0,0.0,0,0.0,0.005829045451512187,1
4551.428963038,4.5599999999998575,0,1,0.0,0.0,0.0,0.0,0.0,0.0,0,0.0,0.0058290455883054796,1
4551.446549581,4.569999999999861,0,1,0.0,0.0,0.0,0.0,0.0,0.0,0,0.0,0.00582904572149346,3
4551.456372615,4.579999999999864,0,1,0.0,0.0,0.0,0.0,0.0,0.0,0,0.0,0.005829045851171149,3
4551.466925251,4.5899999999998675,0,1,0.0,0.0,0.0,0.0,0.0,0.0,0,0.0,0.005829045977431061,5
4551.476065502,4.599999999999871,0,1,0.0,0.0,0.0,0.0,0.0,0.0,0,0.0,0.005829046100363276,7
4551.486283076,4.609999999999874,0,1,0.0,0.0,0.0,0.0,0.0,0.0,0,0.0,0.005829046220055498,9
4551.496293652,4.6199999999998775,0,1,0.0,0.0,0.0,0.0,0.0,0.0,0,0.0,0.005829046336593122,10
4551.513662833,4.629999999999881,0,1,0.0,0.0,0.0,0.0,0.0,0.0,0,0.0,0.005829046450059289,11
4551.52330963,4.639999999999884,0,1,0.0,0.0,0.0,0.0,0.0,0.0,0,0.0,0.005829046560534951,11
4551.535149881,4.649999999999888,0,1,0.0,0.0,0.0,0.0,0.0,0.0,0,0.0,0.0058290466680989235,12
4551.543314244,4.659999999999891,0,1,0.0,0.0,0.0,0.0,0.0,0.0,0,0.0,0.005829046772827948,14
4551.5534278,4.669999999999894,0,1,0.0,0.0,0.0,0.0,0.0,0.0,0,0.0,0.005829046874796742,14
4551.563347111,4.679999999999898,0,1,0.0,0.0,0.0,0.0,0.0,0.0,0,0.0,0.0058290469740780535,14
4551.573372695,4.689999999999901,0,1,0.0,0.0,0.0,0.0,0.0,0.0,0,0.0,0.005829047070742716,17
4551.583326939,4.699999999999904,0,1,0.0,0.0,0.0,0.0,0.0,0.0,0,0.0,0.005829047164859689,17
4551.593376941,4.709999999999908,0,1,0.0,0.0,0.0,0.0,0.0,0.0,0,0.0,0.005829047256496122,17
4551.603823958,4.719999999999911,0,1,0.0,0.0,0.0,0.0,0.0,0.0,0,0.0,0.005829047345717393,20
4551.61337603,4.729999999999914,0,1,0.0,0.0,0.0,0.0,0.0,0.0,0,0.0,0.005829047432587153,20
4551.623326823,4.739999999999918,0,1,0.0,0.0,0.0,0.0,0.0,0.0,0,0.0,0.00582904751716738,20
4551.633389822,4.749999999999921,0,1,0.0,0.0,0.0,0.0,0.0,0.0,0,0.0,0.005829047599518416,20
4551.643330943,4.759999999999924,0,1,0.0,0.0,0.0,0.0,0.0,0.0,0,0.0,0.005829047679699015,23
4551.653344419,4.769999999999928,0,1,0.0,0.0,0.0,0.0,0.0,0.0,0,0.0,0.00582904775776638,23
4551.663371891,4.779999999999931,0,1,0.0,0.0,0.0,0.0,0.0,0.0,0,0.0,0.0058290478337762065,23
4551.673324921,4.789999999999934,0,1,0.0,0.0,0.0,0.0,0.0,0.0,0,0.0,0.005829047907782722,27
4551.683317,4.799999999999938,0,1,0.0,0.0,0.0,0.0,0.0,0.0,0,0.0,0.005829047979838728,27
4551.693334684,4.809999999999941,0,1,0.0,0.0,0.0,0.0,0.0,0.0,0,0.0,0.00582904804999563,27
4551.705543399,4.819999999999944,0,1,0.0,0.0,0.0,0.0,0.0,0.0,0,0.0,0.005829048118303481,28
4551.713316078,4.829999999999948,0,1,0.0,0.0,0.0,0.0,0.0,0.0,0,0.0,0.005829048184811015,31
4551.723351285,4.839999999999951,0,1,0.0,0.0,0.0,0.0,0.0,0.0,0,0.0,0.005829048249565683,31
4551.733347066,4.849999999999954,0,1,0.0,0.0,0.0,0.0,0.0,0.0,0,0.0,0.0058290483126136805,31
4551.743319279,4.859999999999958,0,1,0.0,0.0,0.0,0.0,0.0,0.0,0,0.0,0.005829048373999989,34
4551.753346268,4.869999999999961,0,1,0.0,0.0,0.0,0.0,0.0,0.0,0,0.0,0.005829048433768404,34
4551.763318425,4.879999999999964,0,1,0.0,0.0,0.0,0.0,0.0,0.0,0,0.0,0.005829048491961566,34
4551.773643047,4.889999999999968,0,1,0.0,0.0,0.0,0.0,0.0,0.0,0,0.0,0.005829048548620992,37
4551.783338944,4.899999999999971,0,1,0.0,0.0,0.0,0.0,0.0,0.0,0,0.0,0.005829048603787106,37
4551.793367111,4.909999999999974,0,1,0.0,0.0,0.0,0.0,0.0,0.0,0,0.0,0.005829048657499266,37
4551.803411478,4.919999999999978,0,1,0.0,0.0,0.0,0.0,0.0,0.0,0,0.0,0.005829048709795791,37
4551.813382678,4.929999999999981,0,1,0.0,0.0,0.0,0.0,0.0,0.0,0,0.0,0.005829048760713993,39
4551.823348271,4.939999999999984,0,1,0.0,0.0,0.0,0.0,0.0,0.0,0,0.0,0.0058290488102901985,39
4551.833380728,4.949999999999988,0,1,0.0,0.0,0.0,0.0,0.0,0.0,0,0.0,0.005829048858559776,39
4551.843594365,4.959999999999991,0,1,0.0,0.0,0.0,0.0,0.0,0.0,0,0.0,0.005829048905557164,42
4551.853421981,4.969999999999994,0,1,0.0,0.0,0.0,0.0,0.0,0.0,0,0.0,0.005829048951315891,43
4551.863356351,4.979999999999998,0,1,0.0,0.0,0.0,0.0,0.0,0.0,0,0.0,0.0058290489958686045,44
4551.876443629,4.990000000000001,0,1,0.0,0.0,0.0,0.0,0.0,0.0,0,0.0,0.005829049039247088,45
4551.883494391,5.000000000000004,0,1,0.0,0.0,0.0,0.0,0.0,0.0,0,0.0,0.005829049081482293,48
4551.893383089,5.010000000000008,0,1,0.0,0.0,0.0,0.0,0.0,0.0,0,0.0,0.0058290491226043505,48
4551.903550054,5.020000000000011,0,1,0.0,0.0,0.0,0.0,0.0,0.0,0,0.0,0.005829049162642595,49
4551.913389145,5.0300000000000145,0,1,0.0,0.0,0.0,0.0,0.0,0.0,0,0.0,0.005829049201625597,55
4551.923386168,5.040000000000018,0,1,0.0,0.0,0.0,0.0,0.0,0.0,0,0.0,0.005829049239581163,55
4551.933421964,5.050000000000021,0,1,0.0,0.0,0.0,0.0,0.0,0.0,0,0.0,0.005829049276536375,55
4551.943759085,5.0600000000000245,0,1,0.0,0.0,0.0,0.0,0.0,0.0,0,0.0,0.005829049312517596,59
4551.953425481,5.070000000000028,0,1,0.0,0.0,0.0,0.0,0.0,0.0,0,0.0,0.005829049347550501,60
4551.963338293,5.080000000000031,0,1,0.0,0.0,0.0,0.0,0.0,0.0,0,0.0,0.00582904938166008,60
4551.973515488,5.0900000000000345,0,1,0.0,0.0,0.0,0.0,0.0,0.0,0,0.0,0.005829049414870668,60
4551.983356679,5.100000000000038,0,1,0.0,0.0,0.0,0.0,0.0,0.0,0,0.0,0.005829049447205963,64
4551.993346075,5.110000000000041,0,1,0.0,0.0,0.0,0.0,0.0,0.0,0,0.0,0.0058290494786890305,64
4552.003323591,5.1200000000000445,0,1,0.0,0.0,0.0,0.0,0.0,0.0,0,0.0,0.005829049509342332,64
4552.013348103,5.130000000000048,0,1,0.0,0.0,0.0,0.0,0.0,0.0,0,0.0,0.0058290495391877355,66
4552.023331901,5.140000000000051,0,1,0.0,0.0,0.0,0.0,0.0,0.0,0,0.0,0.005829049568246536,66
4552.033398634,5.1500000000000545,0,1,0.0,0.0,0.0,0.0,0.0,0.0,0,0.0,0.005829049596539463,66
4552.046250781,5.160000000000058,0,1,0.0,0.0,0.0,0.0,0.0,0.0,0,0.0,0.005829049624086704,68
4552.05339361,5.170000000000061,0,1,0.0,0.0,0.0,0.0,0.0,0.0,0,0.0,0.005829049650907913,71
4552.063400819,5.1800000000000646,0,1,0.0,0.0,0.0,0.0,0.0,0.0,0,0.0,0.005829049677022223,71
4552.073362672,5.190000000000068,0,1,0.0,0.0,0.0,0.0,0.0,0.0,0,0.0,0.005829049702448265,71
4552.083488291,5.200000000000071,0,1,0.0,0.0,0.0,0.0,0.0,0.0,0,0.0,0.00582904972720418,75
4552.093375376,5.210000000000075,0,1,0.0,0.0,0.0,0.0,0.0,0.0,0,0.0,0.005829049751307628,75
4552.104043727,5.220000000000078,0,1,0.0,0.0,0.0,0.0,0.0,0.0,0,0.0,0.005829049774775809,75
4552.115124092,5.230000000000081,0,1,0.0,0.0,0.0,0.0,0.0,0.0,0,0.0,0.005829049797625464,80
4552.12342775,5.240000000000085,0,1,0.0,0.0,0.0,0.0,0.0,0.0,0,0.0,0.005829049819872895,82
4552.133364601,5.250000000000088,0,1,0.0,0.0,0.0,0.0,0.0,0.0,0,0.0,0.005829049841533973,82
4552.14332209,5.260000000000091,0,1,0.0,0.0,0.0,0.0,0.0,0.0,0,0.0,0.005829049862624154,82
4552.153437592,5.270000000000095,0,1,0.0,0.0,0.0,0.0,0.0,0.0,0,0.0,0.0058290498831584815,86
4552.163358345,5.280000000000098,0,1,0.0,0.0,0.0,0.0,0.0,0.0,0,0.0,0.005829049903151609,86
4552.173343434,5.290000000000101,0,1,0.0,0.0,0.0,0.0,0.0,0.0,0,0.0,0.005829049922617798,86
4552.183414348,5.300000000000105,0,1,0.0,0.0,0.0,0.0,0.0,0.0,0,0.0,0.005829049941570939,89
4552.193369396,5.310000000000108,0,1,0.0,0.0,0.0,0.0,0.0,0.0,0,0.0,0.0058290499600245505,89
4552.203367034,5.320000000000111,0,1,0.0,0.0,0.0,0.0,0.0,0.0,0,0.0,0.005829049977991801,89
4552.215143586,5.330000000000115,0,1,0.0,0.0,0.0,0.0,0.0,0.0,0,0.0,0.005829049995485507,91
4552.223333983,5.340000000000118,0,1,0.0,0.0,0.0,0.0,0.0,0.0,0,0.0,0.00582905001251815,93
4552.2334133,5.350000000000121,0,1,0.0,0.0,0.0,0.0,0.0,0.0,0,0.0,0.005829050029101882,93
4552.243350497,5.360000000000125,0,1,0.0,0.0,0.0,0.0,0.0,0.0,0,0.0,0.005829050045248534,93
4552.253353807,5.370000000000128,0,1,0.0,0.0,0.0,0.0,0.0,0.0,0,0.0,0.005829050060969625,97
4552.263365009,5.380000000000131,0,1,0.0,0.0,0.0,0.0,0.0,0.0,0,0.0,0.005829050076276372,98
4552.273331114,5.390000000000135,0,1,0.0,0.0,0.0,0.0,0.0,0.0,0,0.0,0.005829050091179696,98
4552.283358646,5.400000000000138,0,1,0.0,0.0,0.0,0.0,0.0,0.0,0,0.0,0.005829050105690228,100
4552.293379544,5.410000000000141,0,1,0.0,0.0,0.0,0.0,0.0,0.0,0,0.0,0.005829050119818322,100
4552.303330343,5.420000000000145,0,1,0.0,0.0,0.0,0.0,0.0,0.0,0,0.0,0.005829050133574056,100
4552.313337753,5.430000000000148,0,1,0.0,0.0,0.0,0.0,0.0,0.0,0,0.0,0.005829050146967245,100
4552.323393317,5.440000000000151,0,1,0.0,0.0,0.0,0.0,0.0,0.0,0,0.0,0.0058290501600074445,103
4552.333384885,5.450000000000155,0,1,0.0,0.0,0.0,0.0,0.0,0.0,0,0.0,0.005829050172703957,103
4552.343435989,5.460000000000158,0,1,0.0,0.0,0.0,0.0,0.0,0.0,0,0.0,0.005829050185065841,103
4552.353360096,5.470000000000161,0,1,0.0,0.0,0.0,0.0,0.0,0.0,0,0.0,0.005829050197101916,105
4552.363374926,5.480000000000165,0,1,0.0,0.0,0.0,0.0,0.0,0.0,0,0.0,0.00582905020882077,105
4552.373357224,5.490000000000168,0,1,0.0,0.0,0.0,0.0,0.0,0.0,0,0.0,0.005829050220230763,105
4552.385057434,5.500000000000171,0,1,0.0,0.0,0.0,0.0,0.0,0.0,0,0.0,0.005829050231340033,107
4552.393332998,5.510000000000175,0,1,0.0,0.0,0.0,0.0,0.0,0.0,0,0.0,0.005829050242156508,109
4552.40334178,5.520000000000178,0,1,0.0,0.0,0.0,0.0,0.0,0.0,0,0.0,0.005829050252687904,109
4552.413321449,5.530000000000181,0,1,0.0,0.0,0.0,0.0,0.0,0.0,0,0.0,0.005829050262941736,0
4552.42344693,5.540000000000185,0,1,0.0,0.0,0.0,0.0,0.0,0.0,0,0.0,0.005829050272925318,4
4552.433355439,5.550000000000188,0,1,0.0,0.0,0.0,0.0,0.0,0.0,0,0.0,0.005829050282645774,5
4552.443330425,5.5600000000001915,0,1,0.0,0.0,0.0,0.0,0.0,0.0,0,0.0,0.005829050292110036,5
4552.453404154,5.570000000000195,0,1,0.0,0.0,0.0,0.0,0.0,0.0,0,0.0,0.005829050301324861,9
4552.463323916,5.580000000000198,0,1,0.0,0.0,0.0,0.0,0.0,0.0,0,0.0,0.0058290503102968174,9
4552.473371851,5.5900000000002015,0,1,0.0,0.0,0.0,0.0,0.0,0.0,0,0.0,0.005829050319032312,9
4552.483355951,5.600000000000205,0,1,0.0,0.0,0.0,0.0,0.0,0.0,0,0.0,0.005829050327537577,9
4552.493384393,5.610000000000208,0,1,0.0,0.0,0.0,0.0,0.0,0.0,0,0.0,0.005829050335818674,12
4552.503428897,5.6200000000002115,0,1,0.0,0.0,0.0,0.0,0.0,0.0,0,0.0,0.005829050343881515,12
4552.513363372,5.630000000000215,0,1,0.0,0.0,0.0,0.0,0.0,0.0,0,0.0,0.0058290503517318525,12
4552.523364844,5.640000000000218,0,1,0.0,0.0,0.0,0.0,0.0,0.0,0,0.0,0.005829050359375289,15
4552.533432613,5.6500000000002215,0,1,0.0,0.0,0.0,0.0,0.0,0.0,0,0.0,0.0058290503668172716,15
4552.543338694,5.660000000000225,0,1,0.0,0.0,0.0,0.0,0.0,0.0,0,0.0,0.005829050374063115,15
4552.554555049,5.670000000000228,0,1,0.0,0.0,0.0,0.0,0.0,0.0,0,0.0,0.00582905038111799,17
4552.563361081,5.6800000000002315,0,1,0.0,0.0,0.0,0.0,0.0,0.0,0,0.0,0.005829050387986927,18
4552.573372455,5.690000000000235,0,1,0.0,0.0,0.0,0.0,0.0,0.0,0,0.0,0.005829050394674824,18
4552.583383109,5.700000000000238,0,1,0.0,0.0,0.0,0.0,0.0,0.0,0,0.0,0.005829050401186455,19
4552.593574665,5.7100000000002415,0,1,0.0,0.0,0.0,0.0,0.0,0.0,0,0.0,0.005829050407526469,22
4552.603326574,5.720000000000245,0,1,0.0,0.0,0.0,0.0,0.0,0.0,0,0.0,0.005829050413699385,22
4552.613322636,5.730000000000248,0,1,0.0,0.0,0.0,0.0,0.0,0.0,0,0.0,0.005829050419709606,22
4552.623365945,5.740000000000252,0,1,0.0,0.0,0.0,0.0,0.0,0.0,0,0.0,0.005829050425561421,25
4552.633389247,5.750000000000255,0,1,0.0,0.0,0.0,0.0,0.0,0.0,0,0.0,0.0058290504312590065,25
4552.643443681,5.760000000000258,0,1,0.0,0.0,0.0,0.0,0.0,0.0,0,0.0,0.005829050436806429,25
4552.656676714,5.770000000000262,0,1,0.0,0.0,0.0,0.0,0.0,0.0,0,0.0,0.005829050442207644,26
4552.663384302,5.780000000000265,0,1,0.0,0.0,0.0,0.0,0.0,0.0,0,0.0,0.005829050447466505,29
4552.673681895,5.790000000000268,0,1,0.0,0.0,0.0,0.0,0.0,0.0,0,0.0,0.005829050452586761,29
4552.683475538,5.800000000000272,0,1,0.0,0.0,0.0,0.0,0.0,0.0,0,0.0,0.005829050457572069,30
4552.6933913,5.810000000000275,0,1,0.0,0.0,0.0,0.0,0.0,0.0,0,0.0,0.005829050462425987,34
4552.703424711,5.820000000000278,0,1,0.0,0.0,0.0,0.0,0.0,0.0,0,0.0,0.0058290504671519765,34
4552.713393398,5.830000000000282,0,1,0.0,0.0,0.0,0.0,0.0,0.0,0,0.0,0.005829050471753407,34
4552.723910622,5.840000000000285,0,1,0.0,0.0,0.0,0.0,0.0,0.0,0,0.0,0.00582905047623356,38
4552.733426049,5.850000000000288,0,1,0.0,0.0,0.0,0.0,0.0,0.0,0,0.0,0.0058290504805956316,38
4552.74337651,5.860000000000292,0,1,0.0,0.0,0.0,0.0,0.0,0.0,0,0.0,0.005829050484842738,38
4552.756321281,5.870000000000295,0,1,0.0,0.0,0.0,0.0,0.0,0.0,0,0.0,0.00582905048897791,39
4552.763406376,5.880000000000298,0,1,0.0,0.0,0.0,0.0,0.0,0.0,0,0.0,0.005829050493004098,42
4552.773402134,5.890000000000302,0,1,0.0,0.0,0.0,0.0,0.0,0.0,0,0.0,0.005829050496924171,42
4552.783433472,5.900000000000305,0,1,0.0,0.0,0.0,0.0,0.0,0.0,0,0.0,0.0058290505007409284,42
4552.793334914,5.910000000000308,0,1,0.0,0.0,0.0,0.0,0.0,0.0,0,0.0,0.005829050504457088,44
4552.80333064,5.920000000000312,0,1,0.0,0.0,0.0,0.0,0.0,0.0,0,0.0,0.005829050508075304,44
4552.813430144,5.930000000000315,0,1,0.0,0.0,0.0,0.0,0.0,0.0,0,0.0,0.005829050511598155,44
4552.824041722,5.940000000000318,0,1,0.0,0.0,0.0,0.0,0.0,0.0,0,0.0,0.005829050515028162,47
4552.833320227,5.950000000000322,0,1,0.0,0.0,0.0,0.0,0.0,0.0,0,0.0,0.00582905051836777,47
4552.843390925,5.960000000000325,0,1,0.0,0.0,0.0,0.0,0.0,0.0,0,0.0,0.005829050521619362,47
4552.85330989,5.970000000000328,0,1,0.0,0.0,0.0,0.0,0.0,0.0,0,0.0,0.005829050524785253,47
4552.863381161,5.980000000000332,0,1,0.0,0.0,0.0,0.0,0.0,0.0,0,0.0,0.005829050527867705,50
4552.873342872,5.990000000000335,0,1,0.0,0.0,0.0,0.0,0.0,0.0,0,0.0,0.005829050530868914,50
4552.883318072,6.000000000000338,0,1,0.0,0.0,0.0,0.0,0.0,0.0,0,0.0,0.00582905053379102,50
4552.89333336,6.010000000000342,0,1,0.0,0.0,0.0,0.0,0.0,0.0,0,0.0,0.00582905053663611,53
4552.90332264,6.020000000000345,0,1,0.0,0.0,0.0,0.0,0.0,0.0,0,0.0,0.005829050539406215,53
4552.913394538,6.030000000000348,0,1,0.0,0.0,0.0,0.0,0.0,0.0,0,0.0,0.005829050542103312,53
4552.924905384,6.040000000000352,0,1,0.0,0.0,0.0,0.0,0.0,0.0,0,0.0,0.005829050544729326,54
4552.933420473,6.050000000000355,0,1,0.0,0.0,0.0,0.0,0.0,0.0,0,0.0,0.005829050547286131,55
4552.943343982,6.060000000000358,0,1,0.0,0.0,0.0,0.0,0.0,0.0,0,0.0,0.005829050549775551,55
4552.953382161,6.070000000000362,0,1,0.0,0.0,0.0,0.0,0.0,0.0,0,0.0,0.00582905055219936,55
4552.963364681,6.080000000000365,0,1,0.0,0.0,0.0,0.0,0.0,0.0,0,0.0,0.005829050554559286,57
4552.973332698,6.0900000000003685,0,1,0.0,0.0,0.0,0.0,0.0,0.0,0,0.0,0.005829050556857013,57
4552.983330553,6.100000000000372,0,1,0.0,0.0,0.0,0.0,0.0,0.0,0,0.0,0.005829050559094181,57
4552.993699758,6.110000000000375,0,1,0.0,0.0,0.0,0.0,0.0,0.0,0,0.0,0.005829050561272385,60
4553.003377323,6.1200000000003785,0,1,0.0,0.0,0.0,0.0,0.0,0.0,0,0.0,0.005829050563393181,60
4553.013338728,6.130000000000382,0,1,0.0,0.0,0.0,0.0,0.0,0.0,0,0.0,0.005829050565458079,60
4553.02334218,6.140000000000385,0,1,0.0,0.0,0.0,0.0,0.0,0.0,0,0.0,0.0058290505674685545,60
4553.033334679,6.1500000000003885,0,1,0.0,0.0,0.0,0.0,0.0,0.0,0,0.0,0.005829050569426041,63
4553.043347038,6.160000000000392,0,1,0.0,0.0,0.0,0.0,0.0,0.0,0,0.0,0.005829050571331938,63
4553.053313103,6.170000000000395,0,1,0.0,0.0,0.0,0.0,0.0,0.0,0,0.0,0.005829050573187607,63
4553.063332521,6.1800000000003985,0,1,0.0,0.0,0.0,0.0,0.0,0.0,0,0.0,0.005829050574994371,66
4553.073363026,6.190000000000402,0,1,0.0,0.0,0.0,0.0,0.0,0.0,0,0.0,0.005829050576753516,66
4553.08339433,6.200000000000405,0,1,0.0,0.0,0.0,0.0,0.0,0.0,0,0.0,0.005829050578466296,66
4553.095214822,6.2100000000004085,0,1,0.0,0.0,0.0,0.0,0.0,0.0,0,0.0,0.0058290505801339345,67
4553.103333075,6.220000000000412,0,1,0.0,0.0,0.0,0.0,0.0,0.0,0,0.0,0.00582905058175762,69
4553.113315741,6.230000000000415,0,1,0.0,0.0,0.0,0.0,0.0,0.0,0,0.0,0.005829050583338511,69
4553.123538504,6.2400000000004185,0,1,0.0,0.0,0.0,0.0,0.0,0.0,0,0.0,0.0058290505848777345,69
4553.133366806,6.250000000000422,0,1,0.0,0.0,0.0,0.0,0.0,0.0,0,0.0,0.005829050586376389,72
4553.143326842,6.260000000000425,0,1,0.0,0.0,0.0,0.0,0.0,0.0,0,0.0,0.005829050587835545,73
4553.153325747,6.270000000000429,0,1,0.0,0.0,0.0,0.0,0.0,0.0,0,0.0,0.0058290505892562424,73
4553.164175723,6.280000000000432,0,1,0.0,0.0,0.0,0.0,0.0,0.0,0,0.0,0.005829050590639496,76
4553.173330524,6.290000000000435,0,1,0.0,0.0,0.0,0.0,0.0,0.0,0,0.0,0.005829050591986292,76
4553.183353924,6.300000000000439,0,1,0.0,0.0,0.0,0.0,0.0,0.0,0,0.0,0.00582905059329759,76
4553.193324923,6.310000000000442,0,1,0.0,0.0,0.0,0.0,0.0,0.0,0,0.0,0.005829050594574328,76
4553.203379318,6.320000000000445,0,1,0.0,0.0,0.0,0.0,0.0,0.0,0,0.0,0.005829050595817414,78
4553.213327015,6.330000000000449,0,1,0.0,0.0,0.0,0.0,0.0,0.0,0,0.0,0.005829050597027738,79
4553.223353244,6.340000000000452,0,1,0.0,0.0,0.0,0.0,0.0,0.0,0,0.0,0.005829050598206163,79
4553.233461251,6.350000000000455,0,1,0.0,0.0,0.0,0.0,0.0,0.0,0,0.0,0.0058290505993535335,82
4553.243344412,6.360000000000459,0,1,0.0,0.0,0.0,0.0,0.0,0.0,0,0.0,0.005829050600470668,82
4553.253326873,6.370000000000462,0,1,0.0,0.0,0.0,0.0,0.0,0.0,0,0.0,0.005829050601558359,82
4553.266170684,6.380000000000465,0,1,0.0,0.0,0.0,0.0,0.0,0.0,0,0.0,0.005829050602617385,83
4553.273341978,6.390000000000469,0,1,0.0,0.0,0.0,0.0,0.0,0.0,0,0.0,0.005829050603648499,86
4553.283338437,6.400000000000472,0,1,0.0,0.0,0.0,0.0,0.0,0.0,0,0.0,0.0058290506046524354,86
4553.293338076,6.410000000000475,0,1,0.0,0.0,0.0,0.0,0.0,0.0,0,0.0,0.005829050605629915,86
4553.303400464,6.420000000000479,0,1,0.0,0.0,0.0,0.0,0.0,0.0,0,0.0,0.00582905060658163,90
4553.313359117,6.430000000000482,0,1,0.0,0.0,0.0,0.0,0.0,0.0,0,0.0,0.005829050607508262,90
4553.323357609,6.440000000000485,0,1,0.0,0.0,0.0,0.0,0.0,0.0,0,0.0,0.005829050608410472,90
4553.333424884,6.450000000000489,0,1,0.0,0.0,0.0,0.0,0.0,0.0,0,0.0,0.005829050609288902,93
4553.343356327,6.460000000000492,0,1,0.0,0.0,0.0,0.0,0.0,0.0,0,0.0,0.0058290506101441805,93
4553.353354512,6.470000000000495,0,1,0.0,0.0,0.0,0.0,0.0,0.0,0,0.0,0.005829050610976916,94
4553.363316576,6.480000000000499,0,1,0.0,0.0,0.0,0.0,0.0,0.0,0,0.0,0.005829050611787705,94
4553.373334752,6.490000000000502,0,1,0.0,0.0,0.0,0.0,0.0,0.0,0,0.0,0.005829050612577124,96
4553.383332463,6.500000000000505,0,1,0.0,0.0,0.0,0.0,0.0,0.0,0,0.0,0.005829050613345738,96
4553.39331764,6.510000000000509,0,1,0.0,0.0,0.0,0.0,0.0,0.0,0,0.0,0.005829050614094092,97
4553.403331785,6.520000000000512,0,1,0.0,0.0,0.0,0.0,0.0,0.0,0,0.0,0.005829050614822723,100
4553.413288728,6.530000000000515,0,1,0.0,0.0,0.0,0.0,0.0,0.0,0,0.0,0.00582905061553215,1
4553.423330825,6.540000000000519,0,1,0.0,0.0,0.0,0.0,0.0,0.0,0,0.0,0.005829050616222879,1
4553.435066423,6.550000000000522,0,1,0.0,0.0,0.0,0.0,0.0,0.0,0,0.0,0.0058290506168954025,2
4553.443334799,6.560000000000525,0,1,0.0,0.0,0.0,0.0,0.0,0.0,0,0.0,0.005829050617550201,3
4553.453322277,6.570000000000529,0,1,0.0,0.0,0.0,0.0,0.0,0.0,0,0.0,0.005829050618187739,3
4553.463397209,6.580000000000532,0,1,0.0,0.0,0.0,0.0,0.0,0.0,0,0.0,0.0058290506188084755,3
4553.47335952,6.590000000000535,0,1,0.0,0.0,0.0,0.0,0.0,0.0,0,0.0,0.0058290506194128506,6
4553.483320998,6.600000000000539,0,1,0.0,0.0,0.0,0.0,0.0,0.0,0,0.0,0.005829050620001298,6
4553.49337565,6.610000000000542,0,1,0.0,0.0,0.0,0.0,0.0,0.0,0,0.0,0.005829050620574237,6
4553.503275289,6.6200000000005454,0,1,0.0,0.0,0.0,0.0,0.0,0.0,0,0.0,0.005829050621132072,9
4553.513307415,6.630000000000549,0,1,0.0,0.0,0.0,0.0,0.0,0.0,0,0.0,0.005829050621675207,9
4553.523405664,6.640000000000552,0,1,0.0,0.0,0.0,0.0,0.0,0.0,0,0.0,0.005829050622204027,9
4553.533377114,6.6500000000005555,0,1,0.0,0.0,0.0,0.0,0.0,0.0,0,0.0,0.005829050622718909,9
4553.543333855,6.660000000000559,0,1,0.0,0.0,0.0,0.0,0.0,0.0,0,0.0,0.00582905062322022,11
4553.553400598,6.670000000000562,0,1,0.0,0.0,0.0,0.0,0.0,0.0,0,0.0,0.005829050623708318,11
4553.56331793,6.6800000000005655,0,1,0.0,0.0,0.0,0.0,0.0,0.0,0,0.0,0.005829050624183552,11
4553.573518014,6.690000000000569,0,1,0.0,0.0,0.0,0.0,0.0,0.0,0,0.0,0.00582905062464626,15
4553.583477023,6.700000000000572,0,1,0.0,0.0,0.0,0.0,0.0,0.0,0,0.0,0.005829050625096773,16
4553.593394954,6.7100000000005755,0,1,0.0,0.0,0.0,0.0,0.0,0.0,0,0.0,0.005829050625535414,16
4553.60583412,6.720000000000579,0,1,0.0,0.0,0.0,0.0,0.0,0.0,0,0.0,0.005829050625962499,17
4553.613370551,6.730000000000582,0,1,0.0,0.0,0.0,0.0,0.0,0.0,0,0.0,0.005829050626378332,19
4553.623340947,6.7400000000005855,0,1,0.0,0.0,0.0,0.0,0.0,0.0,0,0.0,0.005829050626783206,19
4553.633430702,6.750000000000589,0,1,0.0,0.0,0.0,0.0,0.0,0.0,0,0.0,0.005829050627177406,19
4553.643395495,6.760000000000592,0,1,0.0,0.0,0.0,0.0,0.0,0.0,0,0.0,0.005829050627561217,25
4553.653417759,6.7700000000005955,0,1,0.0,0.0,0.0,0.0,0.0,0.0,0,0.0,0.005829050627934911,25
4553.663426259,6.780000000000599,0,1,0.0,0.0,0.0,0.0,0.0,0.0,0,0.0,0.0058290506282987565,25
4553.676273326,6.790000000000602,0,1,0.0,0.0,0.0,0.0,0.0,0.0,0,0.0,0.005829050628653012,28
4553.683483807,6.800000000000606,0,1,0.0,0.0,0.0,0.0,0.0,0.0,0,0.0,0.0058290506289979315,32
4553.693339545,6.810000000000609,0,1,0.0,0.0,0.0,0.0,0.0,0.0,0,0.0,0.005829050629333761,32
4553.703505167,6.820000000000612,0,1,0.0,0.0,0.0,0.0,0.0,0.0,0,0.0,0.005829050629660738,32
4553.713487993,6.830000000000616,0,1,0.0,0.0,0.0,0.0,0.0,0.0,0,0.0,0.005829050629979098,38
4553.723490931,6.840000000000619,0,1,0.0,0.0,0.0,0.0,0.0,0.0,0,0.0,0.005829050630289066,38
4553.733529859,6.850000000000622,0,1,0.0,0.0,0.0,0.0,0.0,0.0,0,0.0,0.0058290506305908665,38
4553.744555471,6.860000000000626,0,1,0.0,0.0,0.0,0.0,0.0,0.0,0,0.0,0.005829050630884712,43
4553.753455479,6.870000000000629,0,1,0.0,0.0,0.0,0.0,0.0,0.0,0,0.0,0.005829050631170812,44
4553.763423321,6.880000000000632,0,1,0.0,0.0,0.0,0.0,0.0,0.0,0,0.0,0.005829050631449372,44
4553.775942569,6.890000000000636,0,1,0.0,0.0,0.0,0.0,0.0,0.0,0,0.0,0.005829050631720589,46
4553.783320218,6.900000000000639,0,1,0.0,0.0,0.0,0.0,0.0,0.0,0,0.0,0.005829050631984659,48
4553.793311318,6.910000000000642,0,1,0.0,0.0,0.0,0.0,0.0,0.0,0,0.0,0.005829050632241768,48
4553.803333731,6.920000000000646,0,1,0.0,0.0,0.0,0.0,0.0,0.0,0,0.0,0.005829050632492102,48
4553.813334082,6.930000000000649,0,1,0.0,0.0,0.0,0.0,0.0,0.0,0,0.0,0.005829050632735837,52
4553.823383671,6.940000000000652,0,1,0.0,0.0,0.0,0.0,0.0,0.0,0,0.0,0.005829050632973148,52
4553.833329655,6.950000000000656,0,1,0.0,0.0,0.0,0.0,0.0,0.0,0,0.0,0.005829050633204205,52
4553.843646176,6.960000000000659,0,1,0.0,0.0,0.0,0.0,0.0,0.0,0,0.0,0.0058290506334291725,55
4553.853385308,6.970000000000662,0,1,0.0,0.0,0.0,0.0,0.0,0.0,0,0.0,0.005829050633648212,55
4553.863420503,6.980000000000666,0,1,0.0,0.0,0.0,0.0,0.0,0.0,0,0.0,0.005829050633861476,55
4553.873427553,6.990000000000669,0,1,0.0,0.0,0.0,0.0,0.0,0.0,0,0.0,0.005829050634069119,55
4553.883300593,7.000000000000672,0,1,0.0,0.0,0.0,0.0,0.0,0.0,0,0.0,0.0058290506342712906,58
4553.893324748,7.010000000000676,0,1,0.0,0.0,0.0,0.0,0.0,0.0,0,0.0,0.005829050634468134,58
4553.903435848,7.020000000000679,0,1,0.0,0.0,0.0,0.0,0.0,0.0,0,0.0,0.005829050634659789,58
4553.913429225,7.030000000000682,0,1,0.0,0.0,0.0,0.0,0.0,0.0,0,0.0,0.005829050634846391,61
4553.923380388,7.040000000000686,0,1,0.0,0.0,0.0,0.0,0.0,0.0,0,0.0,0.005829050635028077,61
4553.933458865,7.050000000000689,0,1,0.0,0.0,0.0,0.0,0.0,0.0,0,0.0,0.005829050635204973,61
4553.946064492,7.060000000000692,0,1,0.0,0.0,0.0,0.0,0.0,0.0,0,0.0,0.005829050635377207,62
4553.953394665,7.070000000000696,0,1,0.0,0.0,0.0,0.0,0.0,0.0,0,0.0,0.005829050635544902,65
4553.963343268,7.080000000000699,0,1,0.0,0.0,0.0,0.0,0.0,0.0,0,0.0,0.0058290506357081785,65
4553.973362945,7.090000000000702,0,1,0.0,0.0,0.0,0.0,0.0,0.0,0,0.0,0.005829050635867149,65
4553.98379227,7.100000000000706,1,1,6.108740408862841,0.7159912489475518,0.1,0.6000000000000001,0.05385236598794656,0.05385236598794656,0,13.371748311581882,0.006163995759016853,70
4553.993676016,7.110000000000709,1,1,6.019664180427662,0.7010190956806561,0.0,1.944763012423256e-19,0.05411769601106577,0.05411769601106577,0,13.371833367316894,0.006557854219793227,70
4554.003625671,7.120000000000712,1,1,5.975189990971398,0.6619597769906234,0.07789807722718863,0.3203887614694438,0.05526063861976539,0.05526063861976539,0,13.372109871485272,0.00691710160622401,70
4554.01428723,7.130000000000716,1,1,5.890961173109907,0.6215797539763361,0.0,0.11750123156606698,0.056032150194723816,0.056032150194723816,0,13.372577313510968,0.00732750100421975,73
4554.023548024,7.140000000000719,1,1,5.938938340468478,0.6531151629768561,0.0778985706597373,0.3203889346387919,0.054128573255750795,0.054128573255750795,0,13.373212177691148,0.007727106595656563,74
4554.033584646,7.1500000000007224,1,1,5.780243117054205,0.611217201800053,0.0,2.7736941622333635e-14,0.05422656919978038,0.05422656919978038,0,13.373998773499856,0.008084746966880552,75
4554.04356688,7.160000000000726,1,1,5.438187496468253,0.6141756071933466,0.07832657432087664,0.6,0.04882616541742272,0.04882616541742272,0,13.374917534197015,0.008371554363137301,75
4554.053827262,7.170000000000729,1,1,5.203577794705362,0.5866514841910976,0.07789807722718863,0.32038876146944406,0.047943857103698105,0.047943857103698105,0,13.375940193981576,0.00859878395003233,80
4554.063729565,7.1800000000007325,1,1,4.965256341622503,0.545401982060156,0.0,0.6000000000000001,0.04715097311097214,0.04715097311097214,0,13.377052503699511,0.008789247681995072,80
4554.073589792,7.190000000000736,1,1,4.87839871912747,0.5629217651762887,0.07789674283627049,0.32038922339909875,0.044162995177797516,0.044162995177797516,0,13.378244639513806,0.008948350316925424,80
4554.083673555,7.200000000000739,1,1,4.435129443388863,0.467541518874142,0.0,2.7703694847609588e-14,0.043951520769147746,0.043951520769147746,0,13.37949800996915,0.00907252781486867,85
4554.093547524,7.2100000000007425,1,1,4.29774927992062,0.49649331825011167,0.09999999999999999,0.5999999999999999,0.03968437938090679,0.03968437938090679,0,13.380798947945907,0.00916431092800285,85
4554.103715374,7.220000000000746,1,1,4.030962910536905,0.4619269177847602,0.013805825737371274,0.6,0.03689057467061299,0.03689057467061299,0,13.382131997886146,0.009215193917841757,86
4554.116572559,7.230000000000749,1,1,3.6633033450780874,0.4389604112254833,0.1,0.6,0.032674232431669205,0.032674232431669205,0,13.383482033303785,0.009218975748468639,87
4554.123606277,7.2400000000007525,1,1,3.456967638480489,0.4234335347970297,0.07789857065982791,0.3203892565812729,0.029676753772764426,0.029676753772764426,0,13.38483178497623,0.009190108551650589,91
4554.133830581,7.250000000000756,1,1,2.9897022161392073,0.35149813058269347,0.07789857065982791,0.3203892565812729,0.027617768713632064,0.027617768713632064,0,13.386166978705765,0.009134064079367121,91
4554.143693921,7.260000000000759,1,1,2.86757314349669,0.3681284598050008,0.0,8.321009917706985e-14,0.024191146528973393,0.024191146528973393,0,13.387477342277185,0.00905540915986025,91
4554.15352469,7.2700000000007625,1,1,2.4076510661260233,0.27708921088349336,0.0,2.763444990417155e-14,0.023813203848466115,0.023813203848466115,0,13.388753762989582,0.00897266505569183,96
4554.16356249,7.280000000000766,1,1,2.1267652555773466,0.2521992484772766,0.0,2.763402638769792e-14,0.021197140119315845,0.021197140119315845,0,13.389996811601113,0.008873456496402365,96
4554.173959798,7.290000000000769,1,1,1.850812206182743,0.2093256739058208,0.0,0.32038904790496725,0.018698648498934635,0.018698648498934635,0,13.391200745822797,0.00875757374755004,97
4554.184446956,7.3000000000007725,1,1,1.7596455826003197,0.23679394996601258,0.0,8.335552405902624e-14,0.0155637090766921,0.0155637090766921,0,13.392359200207046,0.00862531271340572,100
4554.193815948,7.310000000000776,1,1,1.338010036685919,0.16413375160480537,0.0,8.046812998915853e-17,0.01390698603952258,0.01390698603952258,0,13.393463445187107,0.008485481517041205,103
4554.203678204,7.320000000000779,1,1,1.1948865839253096,0.17718296129182712,0.1,0.6,0.01114215304355045,0.01114215304355045,0,13.39451542682895,0.008336040136387224,105
4554.213693162,7.330000000000783,1,1,0.873895072261496,0.12549590873356437,0.0,8.004461351553138e-17,0.009554492936193492,0.009554492936193492,0,13.395511813557196,0.008181339066025473,106
4554.223661064,7.340000000000786,1,1,0.6625073965423307,0.10925461833628526,0.0,2.311426273661833e-16,0.007560488997040784,0.007560488997040784,0,13.396452684656866,0.008021499896680995,112
4554.23358253,7.350000000000789,1,1,0.4659527668633357,0.09543643871413651,0.0,2.783477319619719e-14,0.006676281240198761,0.006676281240198761,0,13.397335679863351,0.007857666984860234,112
4554.243627379,7.360000000000793,1,1,0.45197900984001527,0.13184934540743942,0.07790073947311411,0.32038927586264127,0.009359593072336017,0.009359593072336017,0,13.398157909951282,0.0076910332303841145,112
4554.254769387,7.370000000000796,1,1,0.35753153222698936,0.14246741366827867,0.0,2.7692260387796315e-14,0.009452051854263045,0.009452051854263045,0,13.398911717111236,0.00751498532109296,117
4554.263602742,7.380000000000799,1,1,0.1284881056293173,0.14310290466566403,0.0,2.7875003644912427e-14,0.01172907745212284,0.01172907745212284,0,13.39958634379213,0.00735521704163733,118
4554.273656025,7.390000000000803,1,1,0.1900529886786441,0.1162471611068183,0.0,1.6686549060909717e-16,0.00832798251408044,0.00832798251408044,0,13.40020041943501,0.007211246372363256,118
4554.28628386,7.400000000000806,1,1,0.31384930015960316,0.11817074702657235,0.07790118000929892,0.3203896979470286,0.0079486716782917,0.0079486716782917,0,13.400763308415609,0.0070651456963646275,119
4554.293522492,7.410000000000809,1,1,0.25119567934250625,0.13439493873813188,0.0,1.173140631947206e-16,0.010590555498505492,0.010590555498505492,0,13.401269931181302,0.00692308456644386,124
4554.303661761,7.420000000000813,1,1,0.527999832228525,0.13082880254588763,0.07790272535326877,0.3203895261294106,0.007297196552605018,0.007297196552605018,0,13.401718153216084,0.006784238598399828,126
4554.314994317,7.430000000000816,1,1,0.6221823295410371,0.1603366125612532,0.0,0.32038947017532027,0.007029175930484069,0.007029175930484069,0,13.402113660694962,0.006655664473451228,131
4554.33042399,7.440000000000819,1,1,0.6979465109418246,0.20631291029040813,0.0,2.7574316146060094e-14,0.009713366053772628,0.009713366053772628,0,13.402465046214099,0.006541961987629463,141
4554.339949934,7.450000000000823,1,1,0.5899450309414402,0.20760238261384556,0.0,5.567419891208149e-14,0.012339995214812,0.012339995214812,0,13.402780156062423,0.006435771168762594,149
4554.349743532,7.460000000000826,1,1,0.6579266351433876,0.2791186609928166,0.0,5.561659364758239e-14,0.015139715821200083,0.015139715821200083,0,13.403053914779559,0.006336937138846865,149
4554.359597765,7.470000000000829,1,1,0.8661353035344989,0.320051143476891,0.0786176654735832,0.6,0.014740802457313176,0.014740802457313176,0,13.403290826498091,0.00625682401068306,153
4554.369632724,7.480000000000833,1,1,0.74886658953394,0.34858700572369217,0.07790758531867117,0.3203916629360353,0.01745242506095611,0.01745242506095611,0,13.403495546249697,0.006197736128543907,155
4554.3795826,7.490000000000836,1,1,0.9340660644187163,0.3489003468701444,0.07790758531867117,0.3203916629360353,0.013913501025767962,0.013913501025767962,0,13.40366082847248,0.006140148916420118,156
4554.38995712,7.500000000000839,1,1,0.9737350394419279,0.4186570553511134,0.0,1.3206979435002337e-15,0.016613195340317095,0.016613195340317095,0,13.403781733154322,0.006096160122623928,161
4554.399547404,7.510000000000843,1,1,0.9871158242005407,0.4137663978454625,0.07790883939517476,0.32039283723451273,0.016054960275326206,0.016054960275326206,0,13.403861211638104,0.0060618809124253215,161
4554.409596028,7.520000000000846,1,1,0.8597183060518007,0.43821977893957137,0.0,8.34863789605919e-14,0.018650800136597753,0.018650800136597753,0,13.403909308933923,0.006025673890595495,0
4554.421997586,7.530000000000849,1,1,0.890033291536196,0.46942586855892554,0.0,0.3203923536917703,0.021805077279552595,0.021805077279552595,0,13.403933996175207,0.005993644396941278,3
4554.429586648,7.540000000000853,1,1,1.0467741846618273,0.46601611730672654,0.0,5.563142990976794e-14,0.021991186864691935,0.021991186864691935,0,13.403941046983359,0.0059656504690897005,8
4554.439643002,7.550000000000856,1,1,0.9172426490831556,0.49282043601767916,0.0,0.3268360215706183,0.024950182581458265,0.024950182581458265,0,13.403936933119462,0.005944148431134888,8
4554.449606704,7.560000000000859,1,1,0.9175072447912135,0.5147396846030119,0.0,2.7701365507004638e-14,0.023900559760880062,0.023900559760880062,0,13.403937789550659,0.005925373376429954,13
4554.459720533,7.570000000000863,1,1,1.0795679507395008,0.5488461607448288,0.0,1.385827236022319e-13,0.0276849912229547,0.0276849912229547,0,13.403944263906947,0.00591467551997904,20
4554.46968565,7.580000000000866,1,1,0.9211197424104515,0.5620897674730583,0.07825423569840417,0.6,0.026047449587402245,0.026047449587402245,0,13.403958787428435,0.005905797222345299,21
4554.479858256,7.590000000000869,1,1,0.9405280015015578,0.5501553699720945,0.1,0.6,0.02557775842396831,0.02557775842396831,0,13.403979181701022,0.005900035803896531,23
4554.490826983,7.600000000000873,1,1,1.0213088431056048,0.574326631448993,0.0,2.8077448135585548e-14,0.024608730529552685,0.024608730529552685,0,13.40399942984381,0.005914655899897037,27
4554.499575509,7.610000000000876,1,1,0.9870998548598103,0.5576394605019455,0.07791194954016384,0.3203984986829969,0.023897629256933003,0.023897629256933003,0,13.404021258597833,0.005939549074772232,30
4554.509633572,7.620000000000879,1,1,0.9354669877049898,0.6073422053412773,0.10000000000000002,0.6,0.025653968407593795,0.025653968407593795,0,13.404048437826022,0.005973836305872782,33
4554.519530017,7.630000000000883,1,1,0.8737048633723629,0.6081128521649101,0.1,0.6,0.025215913521069392,0.025215913521069392,0,13.404080740475713,0.0060238957244387326,35
4554.529565677,7.640000000000886,1,1,0.7432191398456396,0.6139786058622626,0.07817517576755428,0.6,0.028598050167977923,0.028598050167977923,0,13.404133464838532,0.006083885959241142,39
4554.539632329,7.650000000000889,1,1,0.6968827005097287,0.5964770618626446,0.07791214538517527,0.32040288335131606,0.028160550614773624,0.028160550614773624,0,13.404209984667762,0.0061462804004031035,40
4554.5496371,7.660000000000893,1,1,0.8262301028287234,0.6733798573483577,0.07791240122752782,0.32040614270871554,0.030076949830429054,0.030076949830429054,0,13.404309534481264,0.00621846219829858,42
4554.560277978,7.670000000000896,1,1,0.7927117508282393,0.6927417595296372,0.0,2.8182082668754892e-14,0.03220553901075639,0.03220553901075639,0,13.404441932888925,0.0062984197536759545,47
4554.569908592,7.680000000000899,1,1,0.8572249282250627,0.6744401209135801,0.0,5.5280786926264726e-14,0.030083671847642702,0.030083671847642702,0,13.404606088868048,0.006381964096846993,51
4554.579706813,7.690000000000903,1,1,0.7130567180719485,0.6891304229238184,0.0,0.32039320891088063,0.03321924877175283,0.03321924877175283,0,13.4048056839377,0.0064623703543607025,53
4554.59344648,7.700000000000906,1,1,0.5233787215824581,0.6450735011845976,0.06375845130848258,0.32040763160031877,0.03251671909942186,0.03251671909942186,0,13.40503879729772,0.00654672289674374,55
4554.600488009,7.7100000000009095,1,1,0.7188857319303377,0.6446057190062844,0.06388463135301632,0.32040759241580075,0.031376859297800576,0.031376859297800576,0,13.405304233778589,0.006624673114483448,62
4554.609795158,7.720000000000913,1,1,0.5734167489715918,0.6072167369958924,0.1,0.6,0.03029759284997584,0.03029759284997584,0,13.405602039004425,0.006696102353489497,65
4554.619649924,7.730000000000916,1,1,0.5294129029295661,0.588466994809545,0.0,5.4671104520640724e-14,0.028791519225823934,0.028791519225823934,0,13.405926971464686,0.00675408008472167,67
4554.629568562,7.7400000000009195,1,1,0.48518301794762153,0.562564203355787,0.0,5.4671104520640724e-14,0.0280467685301505,0.0280467685301505,0,13.406272474414187,0.006807894224029498,72
4554.639565156,7.750000000000923,1,1,0.41517764422935965,0.5282439041339196,0.1,0.6,0.026930155461083433,0.026930155461083433,0,13.40663741396123,0.006855242972501285,73
4554.649658251,7.760000000000926,1,1,0.4739009895952771,0.516848514238605,0.0,2.699663409488906e-14,0.027674032174963534,0.027674032174963534,0,13.407023092140525,0.006900849561592759,76
4554.660756848,7.7700000000009295,1,1,0.3637031462770896,0.48544551597311847,0.0,1.5062370380637616e-15,0.025697898378651354,0.025697898378651354,0,13.407431971582342,0.006936607840312137,80
4554.669561856,7.780000000000933,1,1,0.38465910231851763,0.46680288416363946,0.0,0.32040983824610003,0.026069871321446718,0.026069871321446718,0,13.407853706199244,0.0069664508932578695,82
4554.679667238,7.790000000000936,1,1,0.3160059234059768,0.44796715557722705,0.1,0.6,0.023519226168699784,0.023519226168699784,0,13.408291838625503,0.007000117263287642,86
4554.689622208,7.8000000000009395,1,1,0.31581122860781374,0.46453946787008676,0.0,2.8528069663524835e-14,0.0275516150798886,0.0275516150798886,0,13.4087477997959,0.007037904409545659,88
4554.699567036,7.810000000000943,1,1,0.2183936044004744,0.4371132992631427,0.1,0.6000000000000001,0.026688373411599006,0.026688373411599006,0,13.409223855730867,0.0070655065877029966,92
4554.709662357,7.820000000000946,1,1,0.23633005863481824,0.41016006611628336,0.1,0.6,0.02296193110645993,0.02296193110645993,0,13.40971203978284,0.007090805187485616,93
4554.719535149,7.8300000000009495,1,1,0.2297954470766134,0.3878524292307665,0.08481408458471905,0.6000000000000001,0.022674510840987795,0.022674510840987795,0,13.410212074482779,0.007108117239304601,93
4554.730104594,7.840000000000953,1,1,0.1833985729563126,0.37478301886299054,0.0,2.669901852924354e-14,0.02420936398238891,0.02420936398238891,0,13.410719785244531,0.007119528010394838,98
4554.739576131,7.850000000000956,1,1,0.184829652682839,0.35885556292366394,0.09999999999999999,0.6,0.022963531721151134,0.022963531721151134,0,13.41123085526834,0.007126699974429718,98
4554.749711928,7.8600000000009596,1,1,0.23318464002604178,0.34745063903454443,0.0,0.32041295697565125,0.02130088020221152,0.02130088020221152,0,13.411742253312385,0.007126765254135803,98
4554.76291863,7.870000000000963,1,1,0.2006964034359468,0.37345472133119334,0.0,0.5927361575624767,0.022091816057068503,0.022091816057068503,0,13.412249871501444,0.007126593346042709,99
4554.769795361,7.880000000000966,1,1,0.16660849123509755,0.35828185456241246,0.1,0.6,0.023693817779240275,0.023693817779240275,0,13.412757529500324,0.007134066428371444,103
4554.779608325,7.89000000000097,1,1,0.2537796964056647,0.35909754564437474,0.07791218839076236,0.3204163067496138,0.021860086374530695,0.021860086374530695,0,13.413265433482911,0.0071406668409050855,103
4554.789553292,7.900000000000973,1,1,0.30200982795916614,0.3845186880002055,0.0,0.32041855885076564,0.022027564154292877,0.022027564154292877,0,13.413773391655035,0.0071453477053093906,103
4554.799644801,7.910000000000976,1,1,0.23154384384435572,0.37397440097611145,0.06366530929176874,0.32041552932882955,0.023937973568957646,0.023937973568957646,0,13.414279542992249,0.007150178976293775,107
4554.809818238,7.92000000000098,1,1,0.253492963828927,0.41305765807346145,0.1,0.6,0.02255375922836294,0.02255375922836294,0,13.414779512504833,0.007159143422857284,109
4554.820021145,7.930000000000983,1,1,0.20793558786999305,0.4360417404286884,0.0,1.9032014185218257e-15,0.02576597253228594,0.02576597253228594,0,13.415281054016296,0.007170052102933422,112
4554.830388185,7.940000000000986,1,1,0.26986449540734675,0.490546222710091,0.0,3.4140534811821918e-15,0.027423025532391655,0.027423025532391655,0,13.41578603939557,0.007184718030825765,117
4554.839536108,7.95000000000099,1,1,0.33297378315310927,0.5215848531950589,0.09999999999999999,0.6,0.027531931014170775,0.027531931014170775,0,13.416285756814702,0.007201121916257991,121
4554.849631817,7.960000000000993,1,1,0.3326617381675321,0.5981269935009522,0.0,2.962562597235164e-14,0.032245926239049864,0.032245926239049864,0,13.416784003851124,0.00722662479095626,121
4554.859591022,7.970000000000996,1,1,0.29305335405172744,0.6005348294029376,0.1,0.6,0.032787384504885435,0.032787384504885435,0,13.41728914049281,0.007268976510658387,121
4554.869741614,7.980000000001,1,1,0.3791334758011287,0.6361396402016349,0.06375620784372193,0.6,0.034299299316918865,0.034299299316918865,0,13.417803405332101,0.00731762058136054,126
4554.880039734,7.990000000001003,1,1,0.34895089362479204,0.6832431588126421,0.06479233832129466,0.6,0.03915381450669386,0.03915381450669386,0,13.418326849649372,0.00737268286440651,128
4554.889570187,8.000000000001005,1,1,0.35617104358185403,0.7546277505524013,0.06476051607328938,0.6,0.04430667009363647,0.04430667009363647,0,13.418869084650895,0.007448925063799017,130
4554.900037745,8.010000000001,1,1,0.1902575588023812,0.8474225160286379,0.022517936126244406,0.10172495913335992,0.052734415780732166,0.052734415780732166,0,13.419436099603752,0.007543505301579767,136
4554.909554155,8.020000000000994,1,1,0.4115665213824085,0.9747671984829263,0.07780908245134385,0.6,0.05896095396907133,0.05896095396907133,0,13.420021849524895,0.007652440362314827,138
4554.919873872,8.030000000000989,1,1,0.41942946294225064,1.1120265498165514,0.0,0.6,0.06714242366238514,0.06714242366238514,0,13.420632071360277,0.00779355451986552,142
4554.933646809,8.040000000000983,1,1,0.44410703770288107,1.3386214975169999,0.0,0.3612097955067351,0.08219870739427694,0.08219870739427694,0,13.421283471462601,0.007982718591737603,143
4554.940042784,8.050000000000978,1,1,0.5182944085007029,1.5481954201135326,0.013805825737364042,0.6,0.09387158007329285,0.09387158007329285,0,13.421987030391076,0.008220885077124374,151
4554.949650875,8.060000000000972,1,1,0.5576015340557358,1.7765485609663858,0.013805825737370889,0.5999999999999999,0.10860421118364315,0.10860421118364315,0,13.42274788892176,0.008490755366349356,151
4554.959655055,8.070000000000967,1,1,0.695332372175428,2.0769468984198367,0.08841630685761584,0.6,0.1271953291699251,0.1271953291699251,0,13.423581140597888,0.008820921980399632,151
4554.969590347,8.080000000000961,1,1,0.7786249936151157,2.372906380985047,0.027611643353131366,0.6,0.14294552780075181,0.14294552780075181,0,13.424498641190734,0.00919902488797808,156
4554.979704378,8.090000000000956,1,1,1.0646055651106527,2.666554055009705,0.0879632538685659,0.6,0.16030285949854683,0.16030285949854683,0,13.42550822444487,0.009627213304149507,157
4554.989604087,8.10000000000095,1,1,1.1939607381405477,2.955192810142112,0.09635646178539456,0.6,0.1768831150730335,0.1768831150730335,0,13.426630371290793,0.01010353906979411,158
4555.000519051,8.110000000000944,1,1,1.3230967145711439,3.2382426118274785,0.0,0.6,0.19209306677453278,0.19209306677453278,0,13.427882206529416,0.010611064150250815,161
4555.009598429,8.120000000000939,1,1,1.606645812639832,3.5121738731440746,0.1,0.6,0.20956692949756378,0.20956692949756378,0,13.429275239799688,0.01115070228256343,162
4555.019615909,8.130000000000933,1,1,1.8590152140418617,3.7751408648140314,0.09539003472005944,0.6,0.22406585417693375,0.22406585417693375,0,13.43081868280647,0.011723764316083463,162
4555.029615184,8.140000000000928,1,1,2.000972307366032,4.030827052486286,0.09106189202573657,0.6,0.23836109038930106,0.23836109038930106,0,13.432521537491422,0.012721934905144144,162
4555.039564742,8.150000000000922,1,1,2.134099369692765,4.279053620796304,0.09089649044787901,0.6,0.25228728718877175,0.25228728718877175,0,13.434384700669986,0.01389974163384048,168
4555.049844765,8.160000000000917,1,1,2.2798941500829044,4.517086353781101,0.041417444725678536,0.6,0.26317008516352874,0.26317008516352874,0,13.43640654185847,0.01510241416345311,170
4555.059634684,8.170000000000911,1,1,2.4351058603092643,4.747783211441749,0.0,0.6,0.27775728286743956,0.27775728286743956,0,13.438586419474001,0.01631848274405535,170
4555.069819236,8.180000000000906,1,1,2.719207351225516,4.966718691070981,0.09999999999999999,0.6,0.28822484156712624,0.28822484156712624,0,13.440918976680445,0.017545953054412363,173
4555.07956789,8.1900000000009,1,1,2.853006243250969,5.17626807387009,0.027611643353126266,0.6,0.3007814754279289,0.3007814754279289,0,13.443406701523969,0.01877575670481217,173
4555.089522864,8.200000000000895,1,1,3.0346619904851155,5.3772263218392915,0.009764621291921231,0.6,0.31235732543334827,0.31235732543334827,0,13.446044786721133,0.02000329486919918,174
4555.10161584,8.210000000000889,1,1,3.1644154313669848,5.568541893913762,0.027436013256716667,0.6,0.32318045685698954,0.32318045685698954,0,13.448827906543665,0.021220811577981922,176
4555.109641749,8.220000000000883,1,1,3.2871148611536447,5.750877682299442,0.0908656723592665,0.6000000000000001,0.33186209945903805,0.33186209945903805,0,13.451754160771882,0.022417965572785123,179
4555.119677749,8.230000000000878,1,1,3.43492705248188,5.925054394637841,0.1,0.6,0.33171122119642116,0.33171122119642116,0,13.454814410334778,0.023531086271940033,180
4555.129836793,8.240000000000872,1,1,3.448003120518767,6.092515115557944,0.0,0.6,0.3313107712274583,0.3313107712274583,0,13.457988849002705,0.02453417466892882,181
4555.13991569,8.250000000000867,1,1,3.4793841916084522,6.25358952598013,0.09999999999999999,0.6,0.3313800058438006,0.3313800058438006,0,13.461261767857094,0.02543963317189079,187
4555.14961676,8.260000000000861,1,1,3.4950769791900576,6.40819932819849,0.1,0.6,0.3311738329000646,0.3311738329000646,0,13.464614984137981,0.026257366807377655,189
4555.159639861,8.270000000000856,1,1,3.450161319391203,6.55746718051509,0.1,0.6,0.3314029439230054,0.3314029439230054,0,13.468036046314904,0.026998012118254394,189
4555.170822767,8.28000000000085,1,1,3.4872080581040144,6.70160189937214,0.0,0.6,0.33141125776774283,0.33141125776774283,0,13.471513670851719,0.02766854270721924,193
4555.179600135,8.290000000000845,1,1,3.4391677094214543,6.841195834908676,0.0,0.5999999999999999,0.3314139813048705,0.3314139813048705,0,13.475039375052388,0.028274654960146223,194
4555.189689444,8.30000000000084,1,1,3.371254934151458,6.97606946474709,0.08732079662346134,0.6,0.33166565890262134,0.33166565890262134,0,13.478605496056014,0.028824012861660545,195
4555.19977185,8.310000000000834,1,1,3.3580196508951503,7.107010404854513,0.08753306380403567,0.6,0.3317180680481146,0.3317180680481146,0,13.48220354117311,0.029323100859047067,196
4555.209704586,8.320000000000828,1,1,3.281900310208435,7.233896618109065,0.016395799892020165,0.5999999999999999,0.3321114192467823,0.3321114192467823,0,13.485820799428305,0.02977627393057497,203
4555.219955053,8.330000000000823,1,1,3.2263883079558524,7.357550052242394,0.04141744472564417,0.6,0.3323846761670631,0.3323846761670631,0,13.489450468365172,0.0301892075532151,205
4555.22967423,8.340000000000817,1,1,3.191936267800361,7.478078263863378,0.0,0.6,0.33271957272264785,0.33271957272264785,0,13.49309638980469,0.03056502186803864,207
4555.239701076,8.350000000000811,1,1,3.200386496232837,7.595731381702862,0.1,0.6,0.33319781696470474,0.33319781696470474,0,13.496748095292844,0.030909285014864785,212
4555.249616626,8.360000000000806,1,1,3.2134004911512766,7.711421051966192,0.07634461514325193,0.6,0.333470064226824,0.333470064226824,0,13.500397371574632,0.03122389223519001,213
4555.259714921,8.3700000000008,1,1,3.1966314517804695,7.8246213114806755,0.002982446747327136,0.6,0.33397631889566226,0.33397631889566226,0,13.504037422086823,0.03151265155673358,213
4555.271707686,8.380000000000795,1,1,3.1656983727275754,7.9360435135874186,0.07690321918794081,0.6,0.334414692111282,0.334414692111282,0,13.507659149355813,0.031778840679075646,215
4555.279582127,8.39000000000079,1,1,3.103562884877718,8.046091577869184,0.09999999999999999,0.6,0.33468228050831744,0.33468228050831744,0,13.51126001468244,0.03202280565890121,221
4555.289891797,8.400000000000784,1,1,3.1001691882135174,8.154266582043142,0.09999999999999999,0.6,0.33506678602840273,0.33506678602840273,0,13.514830006168882,0.03224644629784755,223
4555.299551876,8.410000000000778,1,1,3.161591175644918,8.26130337188339,0.1,0.6,0.33525315919453075,0.33525315919453075,0,13.518368536004086,0.03245121353293215,224
4555.309833781,8.420000000000773,1,1,3.2477862425554247,8.366657015531768,0.1,0.6000000000000001,0.3355303347476556,0.3355303347476556,0,13.521875131433045,0.032638067838660856,230
4555.319559853,8.430000000000767,1,1,3.235995808210213,8.470667515931083,0.0,0.6,0.3359965636494921,0.3359965636494921,0,13.525347237493879,0.03281143518069661,231
4555.329810047,8.440000000000762,1,1,3.16630785455148,8.573483714557213,0.0,0.5999999999999999,0.33653409435340575,0.33653409435340575,0,13.528780216255559,0.03297273289377295,231
4555.340877704,8.450000000000756,1,1,3.0775661693956944,8.675514672887982,0.0,0.5999999999999999,0.3370794335295094,0.3370794335295094,0,13.532167503157211,0.03312436088417865,236
4555.349734071,8.46000000000075,1,1,3.158042401470615,8.776456364117088,0.06274605392022795,0.6,0.33743627012721006,0.33743627012721006,0,13.535512620514131,0.03326555403714185,237
4555.359591565,8.470000000000745,1,1,3.0353413513303984,8.876589072017486,0.027611643353089514,0.6,0.33797904851211363,0.33797904851211363,0,13.53882352303619,0.03339786595984459,239
4555.36971579,8.48000000000074,1,1,2.8533352569372754,8.975893677465304,0.08286194040601673,0.6,0.33871003641462966,0.33871003641462966,0,13.542101621037867,0.033523826417002967,241
4555.379666043,8.490000000000734,1,1,2.8579614540357583,9.074535896374007,0.1,0.6,0.33917846904332577,0.33917846904332577,0,13.545349881503068,0.033642859318955706,246
4555.389558833,8.500000000000728,1,1,2.671729781746631,9.172502464088796,0.013805825737381474,0.6,0.33995678980188687,0.33995678980188687,0,13.548578395733841,0.03375764843727086,246
4555.399650836,8.510000000000723,1,1,2.503378181672996,9.270175349148444,0.1,0.6,0.34069230026991243,0.34069230026991243,0,13.551785729347698,0.03386862858290243,246
4555.409893314,8.520000000000717,1,1,2.3641223211571862,9.367909658659922,0.0,0.5999999999999999,0.34122459021107276,0.34122459021107276,0,13.5549794452822,0.03397488672460486,3
4555.419723271,8.530000000000712,1,1,2.1981551657803453,9.465057579217921,0.0,0.6,0.3418391856221296,0.3418391856221296,0,13.558162486441322,0.03407700135360109,5
4555.429636642,8.540000000000706,1,1,2.050245708232154,9.561776317134509,0.0,0.6,0.34240443160842504,0.34240443160842504,0,13.561335268302159,0.03417510454641076,5
4555.441412368,8.5500000000007,1,1,1.8843901703035815,9.657882200474383,0.06336678514114001,0.6,0.34298384458561915,0.34298384458561915,0,13.5644987149266,0.03426930683848789,7
4555.449835818,8.560000000000695,1,1,1.7445412991731455,9.753426559347332,0.1,0.5999999999999999,0.34353234639900143,0.34353234639900143,0,13.567651302255795,0.034360444668863205,9
4555.459623913,8.57000000000069,1,1,1.6191785910972885,9.848952182484785,0.0,0.6,0.34399775488699064,0.34399775488699064,0,13.570788113750506,0.03444708148344308,10
4555.469610552,8.580000000000684,1,1,1.5443146940340458,9.943946981603752,0.013805825737411334,0.6000000000000001,0.34429504609625855,0.34429504609625855,0,13.573916451372991,0.034529488676984466,10
4555.479633542,8.590000000000678,1,1,1.4738884228740132,10.038310828346733,0.1,0.6,0.34473439420602253,0.34473439420602253,0,13.577036837559982,0.03460801436750585,15
4555.489571213,8.600000000000673,1,1,1.3207430301347736,10.132529924809,0.0,0.6000000000000001,0.3451504010884472,0.3451504010884472,0,13.58014719388529,0.034683202120610046,15
4555.499654685,8.610000000000667,1,1,1.3468759770068488,10.226342928149043,0.0,0.5999999999999999,0.3452718882979012,0.3452718882979012,0,13.583253398633142,0.03475302572104924,16
4555.5101237,8.620000000000662,1,1,1.346294994484974,10.32050449963328,0.0,0.6,0.34543871167447754,0.34543871167447754,0,13.58635793038881,0.0348183668783375,20
4555.520052653,8.630000000000656,1,1,1.2023335920039526,10.41427233007026,0.0,0.6,0.34575174882056314,0.34575174882056314,0,13.589462288520494,0.03487937244455244,20
4555.530119169,8.64000000000065,1,1,1.396137530146879,10.508800360071833,0.0,0.6,0.3456538252889239,0.3456538252889239,0,13.592560604518173,0.03493552567138264,20
4555.543173538,8.650000000000645,1,1,1.3433831305679937,10.603295717638085,0.027611643353113956,0.6,0.3458626503251369,0.3458626503251369,0,13.595659873882182,0.0349877303648474,21
4555.550268375,8.66000000000064,1,1,1.2455513525264859,10.696958581349842,0.1,0.6,0.3460630816103795,0.3460630816103795,0,13.59875922311575,0.03503724862470661,26
4555.559588051,8.670000000000634,1,1,1.1771917672303454,10.791283646158634,0.0,0.5999999999999999,0.3462808668135254,0.3462808668135254,0,13.601860080366363,0.03508329430344265,27
4555.569656865,8.680000000000629,1,1,1.237660020481738,10.88591679620832,0.08389668276765352,0.6,0.34630487722638276,0.34630487722638276,0,13.604963864019286,0.03512595379027217,28
4555.57958465,8.690000000000623,1,1,1.1585003314337603,10.980948137704848,0.0,0.6,0.34662360890275923,0.34662360890275923,0,13.608073226688905,0.035166367770517265,32
4555.589600541,8.700000000000617,1,1,1.0399320098559213,11.075239835500076,0.09999999999999999,0.6,0.34712201037428353,0.34712201037428353,0,13.61119719527139,0.035206958278258954,33
4555.599624823,8.710000000000612,1,1,0.9931034747051269,11.168861529184158,0.08742289725297565,0.6,0.3479044489013485,0.3479044489013485,0,13.61433299708342,0.03525074661054545,33
4555.611342556,8.720000000000606,1,1,1.0012004615162782,11.260216065965135,0.0,0.6,0.34894294869055403,0.34894294869055403,0,13.617478445667437,0.03529920772445436,35
4555.619556302,8.7300000000006,1,1,1.0509121850305738,11.347259898659775,0.0,0.5999999999999999,0.34916018998052123,0.34916018998052123,0,13.620616118411148,0.03535070292292283,37
4555.629625392,8.740000000000595,1,1,1.019656478605483,11.423281721913805,0.07897948824219328,0.5999999999999999,0.3498759684696421,0.3498759684696421,0,13.623723070435002,0.035398770643556676,38
4555.639593979,8.75000000000059,1,1,1.1072019087137548,11.49784538535333,0.0,0.6,0.35075758590428313,0.35075758590428313,0,13.626782197755773,0.035454924137005406,38
4555.649715675,8.760000000000584,1,1,1.191906496693756,11.553394344079669,0.10000000000000002,0.5999999999999999,0.3522047634524668,0.3522047634524668,0,13.629778870688659,0.03551404339294728,42
4555.659574622,8.770000000000579,1,1,1.3764221741887033,11.591098098075404,0.1,0.5999999999999999,0.35261724820442447,0.35261724820442447,0,13.632694401034334,0.03557910115451518,42
4555.669667174,8.780000000000573,1,1,1.2707895304227326,11.647779504069433,0.09323276863933233,0.6000000000000001,0.35341345666996815,0.35341345666996815,0,13.635520037117288,0.03564169140934301,42
4555.680852153,8.790000000000568,1,1,1.3385572538910326,11.723320107746217,0.0,0.5999999999999999,0.3536906817117767,0.3536906817117767,0,13.638244600523045,0.035700759737384735,46
4555.689578044,8.800000000000562,1,1,1.4188766972684044,11.805128525599358,0.09336436594092275,0.6000000000000001,0.3548751217649553,0.3548751217649553,0,13.640856072774117,0.03576410397206603,48
4555.699672668,8.810000000000556,1,1,1.4885275389471573,11.89554468416172,0.0,0.6,0.35522460505024894,0.35522460505024894,0,13.643341519911074,0.03582697624603881,49
4555.70957704,8.820000000000551,1,1,1.609111773840878,11.984092784334349,0.1,0.5999999999999999,0.354803380169659,0.354803380169659,0,13.64569492238954,0.03588632980055109,49
4555.719642833,8.830000000000545,1,1,1.797858293693303,12.068167607380826,0.09969507771113546,0.6,0.35469936169484156,0.35469936169484156,0,13.647901732626117,0.03593750175941393,53
4555.729567419,8.84000000000054,1,1,1.7950169805209262,12.136179901041663,0.0,0.5597571407915111,0.354748221680436,0.354748221680436,0,13.649964657755044,0.035979638260274394,53
4555.739782328,8.850000000000534,1,1,1.858643349411894,12.094200948291048,0.02273222185441041,0.6,0.3536454879339031,0.3536454879339031,0,13.651887191230045,0.03601321833821164,54
4555.749567509,8.860000000000529,1,1,1.939463200130584,11.995403857183057,0.1,0.5999999999999999,0.3509880564421959,0.3509880564421959,0,13.653671371201034,0.036022847675588304,59
4555.759639349,8.870000000000523,1,1,2.1562210791001433,11.926104667390984,0.014436776598960685,0.32152158117194474,0.34896719133178705,0.34896719133178705,0,13.65531455754474,0.03601211024458653,60
4555.769728175,8.880000000000518,1,1,2.1427849431594006,11.807583778894902,0.06106735679206325,0.5999999999999999,0.34750284989174257,0.34750284989174257,0,13.656814905056695,0.03598327490347711,60
4555.780660344,8.890000000000512,1,1,2.2292102146391772,11.753688527729944,0.0,9.231597913640691e-14,0.34526548560929454,0.34526548560929454,0,13.658176774687382,0.0359421225088557,63
4555.789658834,8.900000000000507,1,1,2.1836752482381363,11.66743053196814,0.0,0.4012854514398414,0.3456666025789651,0.3456666025789651,0,13.659395101494104,0.03589677642772021,65
4555.799562956,8.910000000000501,1,1,2.3254411033227487,11.62471825650739,0.1,0.6,0.34521072089186733,0.34521072089186733,0,13.660470277786462,0.03585973878335391,65
4555.809670897,8.920000000000496,1,1,2.4511857997353346,11.590032273217659,0.08310413282047212,0.6000000000000001,0.34423904204593686,0.34423904204593686,0,13.661409820360891,0.035814628057349696,66
4555.819609859,8.93000000000049,1,1,2.389247037671983,11.51121069871796,0.0,0.32165668034572714,0.34465281598814024,0.34465281598814024,0,13.66222898288164,0.03577239157847961,69
4555.829616668,8.940000000000484,1,1,2.4358361215655355,11.399232532783408,0.01380582573737336,0.6,0.3416818781754535,0.3416818781754535,0,13.662942453342428,0.03572106199713887,69
4555.839868997,8.950000000000479,1,1,2.319582158047873,11.270142248831307,0.0,3.925231146709438e-14,0.3417815324329075,0.3417815324329075,0,13.663554509470057,0.03566333220668677,70
4555.849812291,8.960000000000473,1,1,2.4062059098745685,11.082340590828066,0.1,0.6,0.3393573964222573,0.3393573964222573,0,13.664070891958454,0.035602466746160244,75
4555.859705321,8.970000000000468,1,1,2.387068813546741,10.914770944357322,0.10000000000000002,0.6,0.33855495055975876,0.33855495055975876,0,13.664499191056748,0.035536976744786564,75
4555.869818154,8.980000000000462,1,1,2.216648306929033,10.738516232402388,0.0,5.594315114139762e-14,0.33909653823785185,0.33909653823785185,0,13.664844235734336,0.03546860609819752,75
4555.88166571,8.990000000000457,1,1,2.0874605106566397,10.590943093613133,0.0,0.32170420463318794,0.3392137733282123,0.3392137733282123,0,13.665120664478621,0.03541070481850678,76
4555.889957241,9.000000000000451,1,1,2.090908805598963,10.427677027558437,0.013805825737365472,0.6,0.33756821352588556,0.33756821352588556,0,13.665345408038966,0.03534490156530001,79
4555.899697601,9.010000000000446,1,1,2.204395236273674,10.301274285207072,0.08295259494540616,0.5938712076529695,0.336397690167307,0.336397690167307,0,13.665535843220871,0.035284744458277284,79
4555.910459812,9.02000000000044,1,1,2.0495256090679606,10.052065670463605,0.0,0.0,0.3360677456659619,0.3360677456659619,0,13.665710421633275,0.03521716086745352,82
4555.92022733,9.030000000000435,1,1,2.0276003366110262,9.940502137803282,0.013805825737353337,0.6,0.3343615159462973,0.3343615159462973,0,13.665877356898548,0.03514260990150303,90
4555.930198723,9.040000000000429,1,1,1.7911255223400997,9.757064000550027,0.0,4.163336342344337e-14,0.33641094582094394,0.33641094582094394,0,13.6660234957549,0.03508660961459087,91
4555.939610951,9.050000000000423,1,1,1.6518850002159475,9.558848167158791,0.0,5.721958498152797e-14,0.3363476289717356,0.3363476289717356,0,13.666171679748533,0.035040779216174045,91
4555.95089703,9.060000000000418,1,1,1.5161575942832122,9.360756060266006,0.0,2.7755575615628914e-14,0.33627940133919654,0.33627940133919654,0,13.666331789386588,0.034998968681923814,95
4555.959687385,9.070000000000412,1,1,1.4849347379100413,9.164746688833102,0.1,0.6,0.335248380985491,0.335248380985491,0,13.666508236602608,0.034954010084690734,96
4555.969612292,9.080000000000407,1,1,1.259835531981415,8.957752612038183,0.050105487373068656,0.6,0.33617254471190866,0.33617254471190866,0,13.666699385969245,0.03491913052028234,96
4555.979611815,9.090000000000401,1,1,1.2488826170678338,8.767602610904504,0.0,0.32175057282714553,0.3364835527377342,0.3364835527377342,0,13.666917635017063,0.03488725084039174,96
4555.989727274,9.100000000000396,1,1,1.1276735768437582,8.519411889920368,0.0,6.206335383118183e-14,0.3360665533992014,0.3360665533992014,0,13.667167601242413,0.034857708440275637,100
4555.999751784,9.11000000000039,1,1,1.0261655743370959,8.322263001343213,0.0,5.721958498152797e-14,0.33593239241492695,0.33593239241492695,0,13.667455059436037,0.034830666895510676,100
4556.009628833,9.120000000000385,1,1,0.9343413003838708,8.125413328436396,0.0,2.7755575615628914e-14,0.33577232542536095,0.33577232542536095,0,13.667783772763963,0.034804977524754144,100
4556.019667902,9.13000000000038,1,1,0.8772985554365005,7.882178810534454,0.05792014254286573,0.34245721865475,0.3327022910906134,0.3327022910906134,0,13.66815372806766,0.0347745146155124,103
4556.029793613,9.140000000000374,1,1,0.7769055979134817,7.681941293045966,0.0,4.163336342344337e-14,0.3349885086540266,0.3349885086540266,0,13.668556556316199,0.03473923059694339,103
4556.039867889,9.150000000000368,1,1,0.7159103696755992,7.43536698266255,0.0,4.163336342344337e-14,0.33432225259998083,0.33432225259998083,0,13.668996563344814,0.03471144238729784,103
4556.050825364,9.160000000000363,1,1,0.7382446245531885,7.229990973955813,0.10000000000000002,0.6,0.33492371133492754,0.33492371133492754,0,13.669479447795181,0.03468924981395244,105
4556.059710863,9.170000000000357,1,1,0.73854840680865,6.99318945882789,0.05781580837911714,0.3424981637470503,0.3338907385731134,0.3338907385731134,0,13.670005745386105,0.034660931318954924,107
4556.069737696,9.180000000000351,1,1,0.7126511640680576,6.74766612425922,0.0,6.206335383118183e-14,0.33302681674103074,0.33302681674103074,0,13.670581011584728,0.03462959519480863,107
4556.079848753,9.190000000000346,1,1,0.69805961754193,6.553110347484314,0.0,4.163336342344337e-14,0.3325702238861557,0.3325702238861557,0,13.671206575790876,0.03459582464557859,107
4556.089891803,9.20000000000034,1,1,0.6920568343990354,6.314247426665733,0.0,3.925231146709438e-14,0.3324846442026692,0.3324846442026692,0,13.671879376165359,0.034561729109556905,111
4556.100550067,9.210000000000335,1,1,0.7065508899540773,6.060886546233553,0.1,0.5999999999999999,0.3322428257151579,0.3322428257151579,0,13.672593522775847,0.03451848110981204,114
4556.1102109,9.22000000000033,1,1,0.6537148520282886,5.826475227301983,0.10000000000000002,0.6,0.3279107630379852,0.3279107630379852,0,13.673348687757889,0.0344660203170612,118
4556.12091,9.230000000000324,1,1,0.5952081927082964,5.588488566664653,0.0,5.721958498152797e-14,0.31731223265910724,0.31731223265910724,0,13.674132999468073,0.03437586038118795,122
4556.129815712,9.240000000000318,1,1,0.72121128927606,5.339845774147657,0.0,4.8074067159589095e-14,0.3051855929693482,0.3051855929693482,0,13.674942222889694,0.03414771755927398,123
4556.139977485,9.250000000000313,1,1,0.7367724391514219,5.099099240227273,0.0,4.8074067159589095e-14,0.2922649536411697,0.2922649536411697,0,13.675783563276157,0.03381466132796618,123
4556.149745838,9.260000000000307,1,1,0.7527031406148242,4.861057112144884,0.0,4.8074067159589095e-14,0.2803868672242877,0.2803868672242877,0,13.676673753249146,0.03336953260986775,123
4556.159717371,9.270000000000302,1,1,0.7680213884067465,4.626507781346089,0.0,3.925231146709438e-14,0.2686368990179519,0.2686368990179519,0,13.677617808164472,0.032824905807785465,128
4556.17027661,9.280000000000296,1,1,0.7819705170390479,4.396143679923109,0.0,4.8074067159589095e-14,0.2570484275056682,0.2570484275056682,0,13.678619969218945,0.03219258823524307,128
4556.179872765,9.29000000000029,1,1,0.8184484505833689,4.119461705295166,0.1,0.6,0.2418408095635499,0.2418408095635499,0,13.679684808537525,0.03145796108270921,129
4556.189847945,9.300000000000285,1,1,0.722532854379581,3.9065144125631006,0.10000000000000003,0.6,0.23243980775952372,0.23243980775952372,0,13.680820055789246,0.030651201728626398,134
4556.199813373,9.31000000000028,1,1,0.8299578999509911,3.654768280891589,0.013805825737375039,0.6,0.21951080927847563,0.21951080927847563,0,13.682021791729209,0.029782125955903127,134
4556.210048534,9.320000000000274,1,1,0.8347592042309365,3.4300777736847925,0.0,5.551115123125783e-14,0.20797519431158296,0.20797519431158296,0,13.683295632501475,0.028844459478316153,134
4556.221748084,9.330000000000268,1,1,0.7198793019140539,3.1901008670525393,0.1,0.6,0.19560298444606375,0.19560298444606375,0,13.684649441679037,0.027845846211777325,136
4556.229961525,9.340000000000263,1,1,0.8670661393849389,2.888107460319499,0.1,0.6,0.1788695484846057,0.1788695484846057,0,13.686082562718992,0.02676930878064615,139
4556.239715044,9.350000000000257,1,1,0.8851241702362141,2.622713693647395,0.013805825737407516,0.6,0.16439342104847715,0.16439342104847715,0,13.687606657437193,0.025641645732713825,139
4556.249674956,9.360000000000252,1,1,0.9053335165144452,2.3048619961191497,0.013805825737365262,0.6,0.14771454755414704,0.14771454755414704,0,13.6892357540872,0.024428316571058872,139
4556.259834925,9.370000000000246,1,1,0.9239030377298922,2.0009505501119196,0.01380582573743828,0.6,0.131441595670372,0.131441595670372,0,13.690979431671115,0.023121409863037012,144
4556.269653727,9.38000000000024,1,1,0.9511721666028216,1.6601466225202988,0.0,0.6,0.11229336562196504,0.11229336562196504,0,13.69284662692487,0.021893914725975572,144
4556.279619733,9.390000000000235,1,1,0.9770115480987533,1.3567932887762957,0.0,0.36539847001076714,0.09444932092937176,0.09444932092937176,0,13.6948452457887,0.020748232236354136,144
4556.289996777,9.40000000000023,1,1,0.9816907905004723,1.1067985454323508,0.0,0.3218159971876547,0.07506319180771323,0.07506319180771323,0,13.696988288176588,0.019529116081569153,148
4556.299898579,9.410000000000224,1,1,1.022979127839101,0.9452333581794754,0.07184500443547084,0.6,0.06253888538862773,0.06253888538862773,0,13.699277189520714,0.018276383939573204,148
4556.309594624,9.420000000000218,1,1,1.1483586341498582,0.8062690131844007,0.09297652845342667,0.6,0.056272290009387826,0.056272290009387826,0,13.701715404377856,0.01697203957148563,148
4556.319846978,9.430000000000213,1,1,1.0633307050882292,0.8838888119278239,0.09999999999999999,0.6,0.049964026026138614,0.049964026026138614,0,13.704306666784838,0.015630646593852715,148
4556.329728215,9.440000000000207,1,1,1.098050717295932,1.0648336712049817,0.013805825737376458,0.6,0.07309581283853421,0.07309581283853421,0,13.70706220240431,0.014777734106680818,152
4556.339693676,9.450000000000202,1,1,1.2165536732921423,1.276918545575908,0.1,0.6,0.09361508440093086,0.09361508440093086,0,13.7099961872695,0.01427456325485732,152
4556.349846504,9.460000000000196,1,1,1.3146487937419593,1.5329504565001664,0.09266449777773225,0.6000000000000001,0.11480925284110567,0.11480925284110567,0,13.71309755246341,0.013772004059613652,152
4556.359709892,9.47000000000019,1,1,1.2232009162669182,1.8323155060422895,0.07694721551237108,0.6,0.13722777644444184,0.13722777644444184,0,13.71636752348379,0.013257447202097872,156
4556.36960335,9.480000000000185,1,1,1.2408842933084285,2.0924228789079438,0.0,0.5999999999999999,0.156171349151467,0.156171349151467,0,13.719804894555443,0.012732547654334514,156
4556.379701499,9.49000000000018,1,1,1.311307807103192,2.4091979845496465,0.1,0.6000000000000001,0.17804899528403037,0.17804899528403037,0,13.723390106005187,0.012201254725851651,156
4556.391466354,9.500000000000174,1,1,1.3103446981436866,2.7512632731015247,0.0,0.6,0.20248135721252533,0.20248135721252533,0,13.727136982754336,0.011657546199129287,158
4556.399627003,9.510000000000169,1,1,1.3066353734895284,3.066036827795064,0.0,0.6,0.22266989282489474,0.22266989282489474,0,13.731059098900648,0.011097006118460762,161
4556.409611867,9.520000000000163,1,1,1.348731939015946,3.379614437601947,0.0,0.6,0.24440492603629177,0.24440492603629177,0,13.735094600526754,0.010519032181182775,162
4556.419592101,9.530000000000157,1,1,1.4930003373984346,3.6864161749671474,0.09999999999999999,0.6,0.26473529574541904,0.26473529574541904,0,13.739143394756827,0.009934182289696114,2
4556.429602165,9.540000000000152,1,1,1.484461559231026,3.9802148349613384,0.033150652880928076,0.6000000000000001,0.2834892485950942,0.2834892485950942,0,13.743334561147705,0.009352965905021993,7
4556.439595907,9.550000000000146,1,1,1.5336306454661666,4.267990235644681,0.0,0.6000000000000001,0.30178294029137426,0.30178294029137426,0,13.74778122784044,0.010007008561249253,8
4556.449601937,9.56000000000014,1,1,1.573697552513976,4.544693903599644,0.04023600650234413,0.6,0.3201298226488002,0.3201298226488002,0,13.752496959647742,0.01202129680619679,8
4556.460434409,9.570000000000135,1,1,1.6424867757065764,4.809251734150026,0.0,0.5999999999999998,0.3370631799892517,0.3370631799892517,0,13.757333605801415,0.014011011037004528,12
4556.469565201,9.58000000000013,1,1,1.794495178639279,5.060930543063553,0.09006363368153172,0.6,0.3531540247020121,0.3531540247020121,0,13.762298887176486,0.01596903208068684,13
4556.479715518,9.590000000000124,1,1,1.7759491407239927,5.29915666375384,0.1,0.6,0.3689197149697858,0.3689197149697858,0,13.767473444745429,0.017892348044527495,13
4556.489698955,9.600000000000119,1,1,1.8739840862026431,5.524390372861027,0.02761164335306708,0.5999999999999999,0.3835358140315388,0.3835358140315388,0,13.772976297290182,0.01977414530494387,13
4556.499628721,9.610000000000113,1,1,1.8935330682712712,5.7362675167084864,0.0,0.6,0.39682815724887127,0.39682815724887127,0,13.778793298868818,0.021611277345945812,19
4556.509602067,9.620000000000108,1,1,1.930283918239951,5.935580274790328,0.0,0.6,0.39562624546360564,0.39562624546360564,0,13.784679789452284,0.023320285288985942,19
4556.519938272,9.630000000000102,1,1,1.9614640899875162,6.122868433890921,0.0,0.6,0.39406210506776995,0.39406210506776995,0,13.79055769534989,0.024851728715385824,21
4556.529534094,9.640000000000096,1,1,1.9694152864025176,6.300485257377849,0.030177533763408867,0.5999999999999999,0.3928959045882252,0.3928959045882252,0,13.796411699398897,0.02622197404632759,26
4556.539581971,9.650000000000091,1,1,1.9847070667556101,6.469173816680011,0.0,0.6000000000000001,0.3911626963741814,0.3911626963741814,0,13.80221262177513,0.027449015339611083,28
4556.549636558,9.660000000000085,1,1,2.182732769904792,6.628947834350724,0.04141744472570337,0.6,0.3889693319698065,0.3889693319698065,0,13.807953912877498,0.028538978716679375,28
4556.560846442,9.67000000000008,1,1,2.1984819105768314,6.781524299165898,0.0,0.5999999999999999,0.3872502651458057,0.3872502651458057,0,13.813623462708756,0.029506836535292735,30
4556.569654773,9.680000000000074,1,1,2.2373649425663378,6.927104459388651,0.0,0.6,0.38523994244963866,0.38523994244963866,0,13.819220987754022,0.030361703877993085,32
4556.57969744,9.690000000000069,1,1,2.297884111680724,7.06726108019046,0.0,0.6,0.3832692052076956,0.3832692052076956,0,13.82475042393955,0.031118062956052517,33
4556.58972253,9.700000000000063,1,1,2.2949481627421657,7.202076667817621,0.0,0.6,0.3815568394760699,0.3815568394760699,0,13.830204561922129,0.03178321440209986,33
4556.599570546,9.710000000000058,1,1,2.4680327179655532,7.33228204956174,0.0,0.6,0.37959024996637397,0.37959024996637397,0,13.835583050645482,0.03236675631848329,39
4556.609685152,9.720000000000052,1,1,2.276910238191058,7.458600815876522,0.03811112494659381,0.5999999999999999,0.3786042758822622,0.3786042758822622,0,13.840875823506696,0.03288089335328609,39
4556.619580214,9.730000000000047,1,1,2.3605204364951815,7.581500021627282,0.0,0.6,0.37728265771152275,0.37728265771152275,0,13.846072869009477,0.033333916295658295,39
4556.630919511,9.740000000000041,1,1,2.3683269639323106,7.700902415690164,0.0,0.6,0.3758440668689842,0.3758440668689842,0,13.851147873188099,0.033730700174784245,43
4556.639663431,9.750000000000036,1,1,2.2785018091356206,7.817260059418778,0.013805825737378034,0.6,0.3750650371818149,0.3750650371818149,0,13.856095527013292,0.03407965036914473,44
4556.649620146,9.76000000000003,1,1,2.1870447223621587,7.930934247776038,0.0,0.6,0.37439686632078684,0.37439686632078684,0,13.860897402652917,0.03438829987357639,44
4556.659693145,9.770000000000024,1,1,2.125506293732886,8.042129591493948,0.027611643353107073,0.6,0.3733138315032494,0.3733138315032494,0,13.86553502665997,0.03465900111617559,46
4556.669776278,9.780000000000019,1,1,2.0487091658211707,8.15111896977423,0.0,0.6,0.3722218177474671,0.3722218177474671,0,13.870004496961618,0.03489393620240039,50
4556.679583054,9.790000000000013,1,1,1.984547227730593,8.258107903218193,0.0,0.6,0.3709422782123781,0.3709422782123781,0,13.874304048492466,0.03509514065025526,50
4556.689639284,9.800000000000008,1,1,2.0679319360871062,8.363367600193554,0.0,0.6,0.3694445648382984,0.3694445648382984,0,13.878432281933542,0.03526384091027107,50
4556.699600799,9.810000000000002,1,1,2.003288549102406,8.467113310938663,0.0,0.6,0.36815746174897096,0.36815746174897096,0,13.882374781586925,0.0354035890312005,55
4556.709980047,9.819999999999997,1,1,1.9384874279476725,8.569519016458147,0.07884028620645231,0.6,0.3667986924124724,0.3667986924124724,0,13.886133532721438,0.03551784303951955,57
4556.719774995,9.829999999999991,1,1,1.8461208536961144,8.670755323844885,0.0,0.6,0.36565034941929675,0.36565034941929675,0,13.889709955836482,0.03560827386311499,61
4556.732238616,9.839999999999986,1,1,1.9552751461093127,8.770871603199232,0.0,0.6,0.36396387711916955,0.36396387711916955,0,13.893103304930019,0.03567637598034534,65
4556.739610408,9.84999999999998,1,1,1.9142094450461813,8.86994913289127,0.0,0.6,0.3625946177088605,0.3625946177088605,0,13.89630870042295,0.03572365161037033,73
4556.749563127,9.859999999999975,1,1,2.0222206288551834,8.967713993972108,0.1,0.6,0.3610234720666097,0.3610234720666097,0,13.899320047303936,0.03575328356536378,74
4556.75984073,9.869999999999969,1,1,2.001053336555663,9.064089750151512,0.0,0.6,0.35968082623377784,0.35968082623377784,0,13.902134809920906,0.03576625129684907,75
4556.769603742,9.879999999999963,1,1,1.9750898412340843,9.158556627658626,0.03763062685748844,0.6,0.3583768524919348,0.3583768524919348,0,13.904755642287213,0.035762408974364945,82
4556.779592409,9.889999999999958,1,1,2.10263978729076,9.253214193913081,0.0,0.6,0.35678624502184364,0.35678624502184364,0,13.907189797269043,0.035748880765900604,84
4556.789591166,9.899999999999952,1,1,2.069885565630372,9.346770450582554,0.01380582573734571,0.6,0.35585407482391657,0.35585407482391657,0,13.909439281088314,0.03572310297531195,85
4556.799903794,9.909999999999947,1,1,2.0878223752607297,9.439769616914104,0.0,0.6,0.35508506292109276,0.35508506292109276,0,13.911497557919866,0.03569188611313756,91
4556.809868099,9.919999999999941,1,1,2.227818954228614,9.531724981205695,0.0,0.6,0.354405812122599,0.354405812122599,0,13.913356503714306,0.03565716141409225,92
4556.819594124,9.929999999999936,1,1,2.1638844978227727,9.62374510284607,0.04141744472566284,0.6,0.35427289512501536,0.35427289512501536,0,13.915000537945904,0.03562294025800905,93
4556.831986325,9.93999999999993,1,1,2.146843137694315,9.716618364942942,0.0276116433531236,0.6,0.3537624869874788,0.3537624869874788,0,13.916423927219032,0.035588937154916456,94
4556.839990357,9.949999999999925,1,1,2.1541649640503997,9.808495981455717,0.1,0.6,0.3534607557822246,0.3534607557822246,0,13.917636101001207,0.0355523428936213,98
4556.849606146,9.95999999999992,1,1,2.25994532311803,9.900694880631615,0.0,0.6,0.35305935505291647,0.35305935505291647,0,13.918632980784968,0.03551735314450677,98
4556.859601343,9.969999999999914,1,1,2.244987220790433,9.993233631927577,0.1,0.6,0.3523659231693275,0.3523659231693275,0,13.919413504712937,0.03548112098032091,98
4556.869586523,9.979999999999908,1,1,2.3853196172552202,10.086279424173462,0.09990889383182004,0.6,0.3515049576847855,0.3515049576847855,0,13.919986025792896,0.03544141623084818,103
4556.879602454,9.989999999999903,1,1,2.360375110616847,10.179221894479584,0.0,0.5999999999999999,0.3507662698175278,0.3507662698175278,0,13.92037004139728,0.03539733507436718,103
4556.889572824,9.999999999999897,1,1,2.2960517757917858,10.272892185943784,0.0856710744090153,0.6,0.34983721495654363,0.34983721495654363,0,13.920574176553886,0.03535052117866255,103
4556.90044472,10.009999999999891,1,1,2.5980366988337367,10.366275590287467,0.0005193873620333838,0.6,0.3484718279974971,0.3484718279974971,0,13.920608080125216,0.035296314676435125,106
4556.910127514,10.019999999999886,1,1,2.5464849572776704,10.459170875159566,0.0,0.5999999999999999,0.3478843503101443,0.3478843503101443,0,13.920466521836131,0.035237605728119736,107
4556.920050868,10.02999999999988,1,1,2.6374568788294823,10.551821675497736,0.1,0.6000000000000001,0.346906957942352,0.346906957942352,0,13.920142312259,0.035177000772396244,108
4556.929920852,10.039999999999875,1,1,2.959719309342055,10.64378038134349,0.0911530274605658,0.6,0.3458774069723593,0.3458774069723593,0,13.919646655818335,0.03511397812721587,108
4556.939903047,10.04999999999987,1,1,2.938089876324578,10.73536340940207,0.04141744472565266,0.6,0.34558929677771766,0.34558929677771766,0,13.918964719653113,0.035050806212237495,113
4556.950037601,10.059999999999864,1,1,3.012269349883909,10.826906395845041,0.10000000000000002,0.6,0.3449582904799511,0.3449582904799511,0,13.918092710222014,0.03498990201522961,114
4556.959860305,10.069999999999858,1,1,3.0968418839769196,10.918266542490388,0.06385616635467749,0.6,0.34418544070381907,0.34418544070381907,0,13.91704269053318,0.03492731239343663,114
4556.969839599,10.079999999999853,1,1,3.23093614860364,11.008861132195017,0.1,0.6,0.3433634949830245,0.3433634949830245,0,13.915824476235324,0.03486417581735646,119
4556.979887986,10.089999999999847,1,1,3.2030161210397035,11.099175194670257,0.06387733375689417,0.6,0.3428191404595301,0.3428191404595301,0,13.914439927073248,0.03480058306412637,119
4556.989745632,10.099999999999842,1,1,3.2855564920341895,11.18890987744323,0.10000000000000002,0.6,0.3421864165766237,0.3421864165766237,0,13.912896890294416,0.034737149216509416,119
4557.000989752,10.109999999999836,1,1,3.2487639809535027,11.278394339838112,0.0,0.6,0.34179801216626976,0.34179801216626976,0,13.911194226310435,0.03467491098243439,121
4557.00973805,10.11999999999983,1,1,3.3182732740126757,11.3682530228873,0.08945474741393268,0.6,0.3410955370691,0.3410955370691,0,13.909328636712527,0.03461448809667059,124
4557.019589354,10.129999999999825,1,1,3.2661945867856814,11.457178973660596,0.0,0.6,0.3409123449263746,0.3409123449263746,0,13.90730342256331,0.034554831150758636,125
4557.029870768,10.13999999999982,1,1,3.3268028381258734,11.545508697552087,0.1,0.6,0.34026916336349444,0.34026916336349444,0,13.905104457116444,0.03449875700409952,125
4557.039644681,10.149999999999814,1,1,3.293637218116911,11.632388124125555,0.0,0.6000000000000001,0.3399909240504275,0.3399909240504275,0,13.90272483319144,0.034442498635958885,131
4557.049564351,10.159999999999808,1,1,3.4291305881916125,11.716092059539973,0.0,0.5999999999999999,0.33942704541779184,0.33942704541779184,0,13.90017399436961,0.03438837392015187,132
4557.059601252,10.169999999999803,1,1,3.426579308372191,11.79620258422878,0.1,0.6,0.3391034970175864,0.3391034970175864,0,13.89744803735563,0.03433545826655554,133
4557.069944627,10.179999999999797,1,1,3.492853428333114,11.870076369224412,0.0,0.5999999999999999,0.33836024581773727,0.33836024581773727,0,13.89454423029751,0.03428147904249901,138
4557.079587093,10.189999999999792,1,1,3.5796447693069426,11.937864785726282,0.0,0.6,0.3373520087056295,0.3373520087056295,0,13.891471655851879,0.03422587900540508,138
4557.089558442,10.199999999999786,1,1,3.406619413279532,12.003743827547689,0.0,0.6,0.3363292465835665,0.3363292465835665,0,13.888242213532132,0.03416532715151738,138
4557.099639055,10.20999999999978,1,1,3.25718120563927,12.069719554372398,0.0,0.6,0.3342546634926689,0.3342546634926689,0,13.884880712565565,0.03409614463060537,138
4557.109576986,10.219999999999775,1,1,3.097953848555847,12.128148501235115,0.0,0.6,0.3309015264640851,0.3309015264640851,0,13.881433096290676,0.0340068027992276,142
4557.119799394,10.22999999999977,1,1,2.957921959346106,12.177406575773439,0.08342201665146394,0.6,0.3298963689820648,0.3298963689820648,0,13.877946930914039,0.033888668563496926,143
4557.129830982,10.239999999999764,1,1,2.7758157330635886,12.209798049939966,0.06648074479081091,0.6,0.33180788441798165,0.33180788441798165,0,13.874460609847016,0.03375710263078657,143
4557.139634078,10.249999999999758,1,1,2.585894193689896,12.238880397223754,0.0,0.6,0.3354354381425226,0.3354354381425226,0,13.871006999260539,0.03381701647231927,149
4557.149647586,10.259999999999753,1,1,2.4123456666780405,12.295256259334227,0.0,0.6,0.33816471842341855,0.33816471842341855,0,13.867592081051875,0.03390544150014341,150
4557.159719898,10.269999999999747,1,1,2.130134981785588,12.092049182100366,0.0,0.6,0.33996756926812133,0.33996756926812133,0,13.86419308056817,0.03400288210160585,151
4557.171033339,10.279999999999742,1,1,1.9148429160198415,11.952769643073884,0.0,4.351050188221269e-14,0.34224234731749986,0.34224234731749986,0,13.860792028286538,0.03411332946513301,154
4557.180238405,10.289999999999736,1,1,1.6465940898152487,11.724646776249834,0.013805825737371226,0.6,0.34431565839391337,0.34431565839391337,0,13.857380790522397,0.034232013858968235,156
4557.189953991,10.29999999999973,1,1,1.3784931882644125,11.546857851766056,0.07864081106927297,0.6,0.34697409540805046,0.34697409540805046,0,13.853944409970367,0.034363094049466136,157
4557.199616191,10.309999999999725,1,1,1.288583507618864,11.335629871141924,0.06553491250721061,0.32061310583593217,0.3497712706053955,0.3497712706053955,0,13.85048016054231,0.03451324938317102,157
4557.20962302,10.31999999999972,1,1,0.8472022680971363,11.114535136424523,0.0,0.6,0.3531029130025007,0.3531029130025007,0,13.846975233805427,0.03467490956067887,162
4557.219646233,10.329999999999714,1,1,0.6101675923041712,10.900043842383006,0.1,0.6,0.3558272874897171,0.3558272874897171,0,13.843414215026714,0.034844277972272186,162
4557.229623769,10.339999999999709,1,1,0.5548373887819867,10.725376201118038,0.07832558253505621,0.5597237412195002,0.35799634636089395,0.35799634636089395,0,13.839775771114908,0.03502656703057916,163
4557.239560864,10.349999999999703,1,1,0.31312663433713733,10.545399678849721,0.014823481478227256,0.6000000000000001,0.3619030341404901,0.3619030341404901,0,13.8360405549865,0.035217159549071564,167
4557.249923821,10.359999999999697,1,1,0.47334574238824045,10.339063773246068,0.050165459682895444,0.6,0.3636930770196423,0.3636930770196423,0,13.832198230528995,0.0354187401659003,169
4557.260063948,10.369999999999692,1,1,0.6181590048885223,10.145869200097382,0.1,0.6,0.3663096446532945,0.3663096446532945,0,13.828228556271096,0.03562526146127509,169
4557.271885328,10.379999999999686,1,1,0.7768339317197858,10.017564511793992,0.0,0.320780961402049,0.36891671192350467,0.36891671192350467,0,13.824116264120686,0.03583672258821635,171
4557.279585282,10.38999999999968,1,1,0.9991620867756533,9.80411067257371,0.0,0.3205031080109368,0.3719483172252941,0.3719483172252941,0,13.819851250159262,0.03605258204291095,175
4557.290069619,10.399999999999675,1,1,1.1785153340677836,9.603537589254673,0.0501639595311068,0.6,0.374390717789574,0.374390717789574,0,13.815422482083667,0.03627253942594133,175
4557.299616571,10.40999999999967,1,1,1.347534628005965,9.401091615106148,0.0,0.3204967168638193,0.3770688586597878,0.3770688586597878,0,13.81082394790714,0.036497410404942476,175
4557.309803747,10.419999999999664,1,1,1.4723824175324016,9.157324822745462,0.0,2.9272759062277697e-14,0.37955606854024526,0.37955606854024526,0,13.806050475022555,0.036726379456592184,180
4557.319617376,10.429999999999659,1,1,1.6280348266453684,8.910535671321487,0.0,0.3208734705257146,0.3823299981373973,0.3823299981373973,0,13.80109877805348,0.036957944861857994,181
4557.329565634,10.439999999999653,1,1,1.7580677058075476,8.717578160456442,0.0,0.32049370975539454,0.38468128116139716,0.38468128116139716,0,13.795966996966827,0.037190331138948096,183
4557.34060783,10.449999999999648,1,1,1.842206482061741,8.4788999143518,0.0,6.003565779884616e-14,0.387108915211087,0.387108915211087,0,13.790652769789421,0.03741988790965478,187
4557.349621235,10.459999999999642,1,1,1.933932653687037,8.285948290326186,0.0,6.169179433689849e-14,0.38789734709806006,0.38789734709806006,0,13.785151903418503,0.03764532515077179,189
4557.359558892,10.469999999999636,1,1,1.9799196564043027,8.100845616070664,0.0,8.549099130688859e-15,0.3898030531241892,0.3898030531241892,0,13.779463153320917,0.03786557887643016,189
4557.369601386,10.479999999999631,1,1,2.0264302601507813,7.86603610950064,0.0,1.0265508566780245e-13,0.39209307511417596,0.39209307511417596,0,13.773589845726514,0.0380852519831425,190
4557.379585009,10.489999999999625,1,1,2.0496730707565494,7.683588992084225,0.0,1.7298461801015676e-14,0.3938803425732847,0.3938803425732847,0,13.767536671944438,0.038302688781408856,196
4557.389568237,10.49999999999962,1,1,2.031372354927353,7.451242821044591,0.0,1.7287692035340682e-14,0.39599975241954505,0.39599975241954505,0,13.761309995093821,0.03851862872505207,197
4557.400113615,10.509999999999614,1,1,1.9927025179261106,7.270209991894441,0.0,1.5761653174294613e-14,0.3976151035463615,0.3976151035463615,0,13.754915416085328,0.03873248497399273,198
4557.410145582,10.519999999999609,1,1,1.9474261996544633,7.071847380910951,0.013805825737367479,0.5999999999999999,0.39939050846215407,0.39939050846215407,0,13.748357601942285,0.03894289571605891,203
4557.419846915,10.529999999999603,1,1,1.9083664020643676,6.858508256322093,0.0,6.775774043070884e-14,0.4013095609306091,0.4013095609306091,0,13.741650327263859,0.039148859754129406,1
4557.429790747,10.539999999999598,1,1,1.8646582282281623,6.627958830334296,0.0,0.32090420924202673,0.4034350065631551,0.4034350065631551,0,13.734803782615096,0.03935999138077362,2
4557.44215383,10.549999999999592,1,1,1.8174629373905395,6.397905371326567,0.06469472927952605,0.3205368866360658,0.40557787884796964,0.40557787884796964,0,13.727825430989645,0.03956707877862775,3
4557.449636928,10.559999999999587,1,1,1.6365292077579159,6.155168300237302,0.0,4.315901803725931e-14,0.40773742244011596,0.40773742244011596,0,13.720712688915214,0.039775002839039564,7
4557.459885007,10.569999999999581,1,1,1.4976122126686453,5.984619782280089,0.0,9.256445496595145e-15,0.4109264688074172,0.4109264688074172,0,13.713472516998578,0.0399911046249275,7
4557.469795367,10.579999999999576,1,1,1.4442558663305871,5.805824619664848,0.0,7.426784881525705e-15,0.4125182539120669,0.4125182539120669,0,13.706121941690162,0.040207608559105656,9
4557.480031018,10.58999999999957,1,1,1.3631348526541198,5.626672355921659,0.0,3.2139234526580755e-14,0.4067551582106902,0.4067551582106902,0,13.698670919312205,0.040396932282823705,13
4557.490064697,10.599999999999564,1,1,1.291118736200646,5.448237525892539,0.0,3.013657883815269e-14,0.3955575784820665,0.3955575784820665,0,13.691133411060393,0.04047076556136542,14
4557.499978542,10.609999999999559,1,1,1.1645359155766586,5.301044304673829,0.06613232117603589,0.6,0.3866779525659772,0.3866779525659772,0,13.683532205903674,0.04043337295428073,14
4557.511246152,10.619999999999553,1,1,1.1137940991321398,5.157054666245999,0.0,0.3208774855560899,0.3784467001744115,0.3784467001744115,0,13.675893272451574,0.04032405313949061,17
4557.520200041,10.629999999999548,1,1,0.951397655984723,4.977396737953177,0.0660935196586345,0.6,0.369257422079813,0.369257422079813,0,13.668244285970902,0.04013401496632274,19
4557.52986596,10.639999999999542,1,1,0.861518334792344,4.836192072831507,0.013805825737362522,0.6,0.3626380642816749,0.3626380642816749,0,13.660615212204798,0.03989471001937428,19
4557.53980443,10.649999999999537,1,1,0.8185584984227987,4.652694993635595,0.1,0.6,0.35318368402110106,0.35318368402110106,0,13.653036261172693,0.03960118559187187,19
4557.549758611,10.659999999999531,1,1,0.7183891236298043,4.442862740159955,0.06381410747360652,0.6,0.34206895512580116,0.34206895512580116,0,13.645539318162866,0.03924507599039173,22
4557.560151495,10.669999999999526,1,1,0.7708429587610891,4.2724055785649995,0.1,0.6,0.33315670076075815,0.33315670076075815,0,13.638162129327624,0.038819870463087325,22
4557.569587255,10.67999999999952,1,1,0.9223608495882044,4.065694257975012,0.08204909540642796,0.320777284733389,0.32097589599301707,0.32097589599301707,0,13.630929309616095,0.0383366816017614,22
4557.580074722,10.689999999999515,1,1,1.0380922523549794,3.938579965973116,0.06603431316226689,0.6000000000000001,0.31358624161620924,0.31358624161620924,0,13.623863989588942,0.03779603910186813,27
4557.589868248,10.699999999999509,1,1,1.2467078453289528,3.825495222459427,0.09999999999999999,3.1887361420208294e-13,0.3087949952390486,0.3087949952390486,0,13.616984818035442,0.03725088650415187,27
4557.600769444,10.709999999999503,1,1,1.2149252899102427,3.722699273031446,0.0,4.221780796576598e-15,0.3041730138402019,0.3041730138402019,0,13.610315045270989,0.03672230309369451,27
4557.612176272,10.719999999999498,1,1,1.3370670688772421,3.5891379025272103,0.10000000000000002,0.6,0.29915422875225206,0.29915422875225206,0,13.60388173030628,0.036192810686098476,29
4557.619921101,10.729999999999492,1,1,1.4881935252290301,3.4908111619850533,0.0634889875363673,0.5999999999999999,0.29622240495271035,0.29622240495271035,0,13.597711423599245,0.035686506767099946,34
4557.629733064,10.739999999999487,1,1,1.6166686737298066,3.409107991513637,0.10000000000000002,2.152014590817164e-13,0.2946220935530758,0.2946220935530758,0,13.591845081041335,0.03519860295357358,34
4557.639724381,10.749999999999481,1,1,1.9538081268614698,3.299115819746194,0.10000000000000002,0.6,0.29088456479093117,0.29088456479093117,0,13.586321496852884,0.034737039378402335,34
4557.649835577,10.759999999999476,1,1,2.2004419752946993,3.2745894357719174,0.1,2.274423595472278e-13,0.2918117931747732,0.2918117931747732,0,13.581182952707593,0.034307198134709616,39
4557.659788123,10.76999999999947,1,1,2.471704639577845,3.2170263523051212,0.0634785757705149,0.6,0.2898999150185835,0.2898999150185835,0,13.576456614046448,0.033916489702533914,39
4557.670374009,10.779999999999465,1,1,2.77124404321811,3.151990848402707,0.1,1.882126256651502e-13,0.28808348357377306,0.28808348357377306,0,13.57215983905677,0.033532699080134565,39
4557.680653579,10.78999999999946,1,1,3.033852409590754,3.0810273058585373,0.0,1.0625181290357943e-14,0.2848913234622526,0.2848913234622526,0,13.568302809009412,0.033172347038329164,43
4557.689770301,10.799999999999454,1,1,3.1285986829339487,3.042962999852643,0.1,0.6,0.28227607439894997,0.28227607439894997,0,13.56488942165888,0.03281244620530521,44
4557.700082545,10.809999999999448,1,1,3.3243319111793035,3.0135036739800425,0.09999999999999999,1.238599319111455e-13,0.2810513647609624,0.2810513647609624,0,13.561913898998586,0.032474026335931994,44
4557.710195158,10.819999999999443,1,1,3.7014316711032937,2.904661995777585,0.1,0.6,0.27570230476284074,0.27570230476284074,0,13.559368959678281,0.032128336969104776,44
4557.719922528,10.829999999999437,1,1,3.916330624462952,2.7703430532197975,0.1,0.6,0.2660803182134558,0.2660803182134558,0,13.55726657796015,0.03174515959589441,54
4557.729774938,10.839999999999431,1,1,4.228370477612938,2.6553258632127754,0.10000000000000002,0.6,0.2592969414366868,0.2592969414366868,0,13.555603783028975,0.031327569111718745,54
4557.739950935,10.849999999999426,1,1,4.429180394427507,2.5473283079962528,0.06347005370151412,0.6,0.2518899212593335,0.2518899212593335,0,13.554371355319924,0.03087537970145582,54
4557.749686224,10.85999999999942,1,1,4.64233417036034,2.4453639621752874,0.1,8.081372738633268e-14,0.24518284993711914,0.24518284993711914,0,13.553556114662545,0.030400303630574443,58
4557.759593451,10.869999999999415,1,1,4.623734317053676,2.443331655783691,0.10000000000000002,0.6,0.24205148018271164,0.24205148018271164,0,13.553139439419544,0.029924836010869482,58
4557.769694694,10.87999999999941,1,1,4.685566195414019,2.4136818453473476,0.1,0.6000000000000001,0.23783569955852446,0.23783569955852446,0,13.553109222528702,0.029464243128608958,58
4557.781558229,10.889999999999404,1,1,4.880821845281831,2.3290571023990654,0.1,0.32072656024018353,0.23011309685316222,0.23011309685316222,0,13.553451542183748,0.028987259883973104,60
4557.789710267,10.899999999999398,1,1,4.8425436284876175,2.3167595273067456,0.09999999999999999,0.6,0.22582479343536582,0.22582479343536582,0,13.554152442011466,0.028493258336859784,63
4557.799742469,10.909999999999393,1,1,5.100005326972661,2.216314041996813,0.1,0.6,0.21793738998360745,0.21793738998360745,0,13.555193606699005,0.027992882836478827,63
4557.810300072,10.919999999999387,1,1,5.1229049691306825,2.1640091703581232,0.1,1.591248332410767e-13,0.21133569235588381,0.21133569235588381,0,13.556562180513918,0.027463070542824264,63
4557.820265014,10.929999999999382,1,1,5.302810382003125,2.0588615701479562,0.1,6.51157058104266e-14,0.2021146015070263,0.2021146015070263,0,13.558220249251617,0.026908255609594978,67
4557.829840602,10.939999999999376,1,1,5.364568067727091,2.0177375732608303,0.0,3.5778671692021646e-14,0.19738740329909907,0.19738740329909907,0,13.560072742119694,0.026348646101570727,68
4557.839907758,10.94999999999937,1,1,5.344669586296723,2.0107004232181644,0.1,0.6,0.1933725135440151,0.1933725135440151,0,13.562154833411022,0.02579399229440371,68
4557.85058162,10.959999999999365,1,1,5.336115542823115,2.0412062709869945,0.05425030463096965,4.7261764307233716e-14,0.1922850657156759,0.1922850657156759,0,13.56452087906297,0.025281249188116695,72
4557.859774327,10.96999999999936,1,1,5.25317582322605,2.0564801802748045,0.1,3.191894141997521e-13,0.18938458469602806,0.18938458469602806,0,13.567145421609325,0.024788268447339945,73
4557.869688543,10.979999999999354,1,1,5.2295108718280545,2.0222181106947583,0.1,1.6484565807765442e-13,0.18470350140024294,0.18470350140024294,0,13.570003284822068,0.024303906242926,73
4557.879661654,10.989999999999348,1,1,5.193716089338294,1.9858618983173306,0.1,0.6,0.18032606313978702,0.18032606313978702,0,13.57307141766784,0.02382908243085602,73
4557.890535474,10.999999999999343,1,1,5.15448637037766,1.95098974386357,0.10000000000000002,2.616246115640971e-13,0.17587314749624197,0.17587314749624197,0,13.576333155130875,0.023356570090135698,80
4557.899762919,11.009999999999337,1,1,5.157464330066442,1.9029877191735625,0.0634514297326989,0.5999999999999999,0.17395941866717252,0.17395941866717252,0,13.579761418332152,0.022899962501973015,81
4557.909553179,11.019999999999332,1,1,5.246154766711338,1.8425973665392714,0.1,0.6,0.1698978603704569,0.1698978603704569,0,13.583331431746261,0.022470590420674785,81
4557.919574494,11.029999999999326,1,1,5.188081502321116,1.8566154249823084,0.0542503046308194,3.267965923336815e-14,0.17146915645422375,0.17146915645422375,0,13.587031209233478,0.022062550158344463,87
4557.930086666,11.03999999999932,1,1,4.947266817660736,1.8788409626136133,0.0,2.3888888576851042e-14,0.16845250765381659,0.16845250765381659,0,13.5908427196261,0.021681809935415464,88
4557.940205989,11.049999999999315,1,1,5.004974507334245,1.9020258616275805,0.0,5.2258544713801314e-14,0.16873590566369118,0.16873590566369118,0,13.594748795122145,0.021337156947256464,89
4557.952966176,11.05999999999931,1,1,4.890105945112791,1.9781792173115376,0.0,0.32078053788239863,0.16999629252928108,0.16999629252928108,0,13.598745455705455,0.021026312194549757,91
4557.960681699,11.069999999999304,1,1,4.821007352127046,1.9761494180080064,0.1,0.6,0.16800160798314226,0.16800160798314226,0,13.602827662861987,0.020743063056851252,96
4557.970164428,11.079999999999298,1,1,4.721452129882365,1.9212703646043277,0.0,2.862293735361732e-14,0.162953275695112,0.162953275695112,0,13.606983092953364,0.02044682906618256,97
4557.97967065,11.089999999999293,1,1,4.673838777447811,1.944322762610695,0.09999999999999999,0.2843535562217521,0.16188638352870305,0.16188638352870305,0,13.611191535446947,0.020164263167409047,97
4557.989940551,11.099999999999287,1,1,4.726799321189295,1.9169751741705738,0.1,0.5999999999999999,0.160363572374639,0.160363572374639,0,13.615439683206377,0.019881658729693052,101
4558.000553043,11.109999999999282,1,1,4.622051141080956,1.936739925876518,0.1,0.6000000000000001,0.1627124166565554,0.1627124166565554,0,13.619720317043653,0.019641951767986887,101
4558.009785259,11.119999999999276,1,1,4.620207971884926,1.9437585908769541,0.06346280109525397,0.6,0.16250085324744135,0.16250085324744135,0,13.624027014228908,0.019424672606008997,103
4558.021317761,11.12999999999927,1,1,4.700395349987784,1.8838972650953671,0.0,9.813077866773594e-15,0.1568440348555745,0.1568440348555745,0,13.628352626254857,0.019194308835930096,107
4558.030078294,11.139999999999265,1,1,4.533867470926175,1.801912800520761,0.1,8.887072343495832e-14,0.14999755012555024,0.14999755012555024,0,13.632688283135879,0.01891607023302755,109
4558.039830667,11.14999999999926,1,1,4.531076600485586,1.746099358215406,0.1,0.6,0.1469183242153773,0.1469183242153773,0,13.637009314541029,0.018627281510783966,109
4558.050249736,11.159999999999254,1,1,4.481422712864061,1.7004811727311084,0.0,2.7755575615628914e-14,0.1407087797653469,0.1407087797653469,0,13.641304316002001,0.018328779610591317,109
4558.06010308,11.169999999999249,1,1,4.352159183028114,1.6745279319932234,0.0,2.862293735361732e-14,0.13723160140431892,0.13723160140431892,0,13.645570565145203,0.0180200168863911,114
4558.069656065,11.179999999999243,1,1,4.332455095363345,1.7257906701644803,0.1,0.6,0.13968499812720317,0.13968499812720317,0,13.649796324203251,0.017731728284036796,114
4558.079639601,11.189999999999237,1,1,4.211753838653431,1.7613094818457742,0.1,0.6000000000000001,0.13677826841214813,0.13677826841214813,0,13.653981466249046,0.017454651329651627,114
4558.089762023,11.199999999999232,1,1,4.205678010047037,1.7119190084540954,0.1,2.444456365666591e-13,0.13435078580373946,0.13435078580373946,0,13.65812328300567,0.017194669924739392,119
4558.100070405,11.209999999999226,1,1,4.030823832762573,1.696675550758707,0.0,2.651134817853785e-14,0.1283414983166961,0.1283414983166961,0,13.662218620291636,0.01690982506166039,119
4558.109821072,11.21999999999922,1,1,4.0684349380840255,1.5859288180881117,0.10000000000000002,0.6,0.12310557802064565,0.12310557802064565,0,13.666256401899105,0.01660293437494098,119
4558.121788261,11.229999999999215,1,1,4.237441659478333,1.3858116546872998,0.09999999999999999,0.6,0.1152225992963275,0.1152225992963275,0,13.670228544998537,0.01624518076451209,120
4558.129963356,11.23999999999921,1,1,4.122334290672963,1.296501310634082,0.06346228100246246,0.6,0.10900029207663203,0.10900029207663203,0,13.674120624089843,0.015858971817986012,124
4558.139859704,11.249999999999204,1,1,4.119102166073141,1.2088083693060687,0.1,0.6,0.10424795697287452,0.10424795697287452,0,13.677916756475067,0.015464525225283188,125
4558.149923547,11.259999999999199,1,1,4.192678822893493,1.1224587906639523,0.1,0.6,0.09993280731051467,0.09993280731051467,0,13.681620927016022,0.015068227645799848,126
4558.160049482,11.269999999999193,1,1,4.05337583925167,1.096574731720849,0.06345300994319181,0.6,0.09425460066887682,0.09425460066887682,0,13.68524139684199,0.014641444706390061,131
4558.169884617,11.279999999999188,1,1,3.8727236211938605,1.0675101748290163,0.09999999999999999,0.5999999999999999,0.0908465613651461,0.0908465613651461,0,13.68878370118865,0.014227876003265916,131
4558.179743772,11.289999999999182,1,1,4.12857923457501,0.8542146789754999,0.1,0.6,0.08335382749914647,0.08335382749914647,0,13.692253601077038,0.013798799308841092,131
4558.190936731,11.299999999999176,1,1,3.9491273847837745,0.8322211133070373,0.0,2.1263634381268988e-14,0.07674792082143078,0.07674792082143078,0,13.695651984322065,0.013332273685427776,135
4558.19999632,11.309999999999171,1,1,3.9705496545404992,0.6731263046708729,0.09999999999999999,0.6,0.06869150241338705,0.06869150241338705,0,13.698975868649537,0.012840938317391748,137
4558.209754329,11.319999999999165,1,1,3.91756732415272,0.5805277328525045,0.1,0.6000000000000001,0.06088225647105416,0.06088225647105416,0,13.702217235053457,0.012333076275798494,137
4558.219756338,11.32999999999916,1,1,3.956892384363193,0.48913530822155177,0.0,1.0560819286685037e-14,0.05503852815632041,0.05503852815632041,0,13.705379842496562,0.011804825819489606,137
4558.229778249,11.339999999999154,1,1,3.874604758588353,0.47159861435756417,0.0,3.903127820947816e-14,0.04891553438902015,0.04891553438902015,0,13.708474096867501,0.011285546087031362,141
4558.240524934,11.349999999999149,1,1,3.8374885759644175,0.41509482074078247,0.1,0.6,0.047891932916633136,0.047891932916633136,0,13.711505689585534,0.010749914644517577,143
4558.250229866,11.359999999999143,1,1,3.723147072773425,0.3988144876222539,0.1,0.5999999999999999,0.04725941959498766,0.04725941959498766,0,13.714472392141024,0.010216155662700954,144
4558.260442438,11.369999999999138,1,1,3.8464260224554034,0.3730509881322916,0.0,1.5612511283791264e-14,0.04880497194872044,0.04880497194872044,0,13.717385680771992,0.009673978021346619,150
4558.270284223,11.379999999999132,1,1,3.7819208846216776,0.3599497473535086,0.1,0.5999999999999999,0.047994471765572214,0.047994471765572214,0,13.72024228310615,0.009132304310688788,152
4558.280494169,11.389999999999127,1,1,3.717814268471471,0.3573257312535993,0.0,1.201296007113939e-13,0.047232487156035716,0.047232487156035716,0,13.723033309323835,0.008584739197916358,154
4558.291334775,11.399999999999121,1,1,3.8344424904507446,0.33700380166857696,0.09784600608838714,0.3208205747690884,0.049700916663299836,0.049700916663299836,0,13.725757721733023,0.008069329976357675,158
4558.30081258,11.409999999999116,1,1,3.640628503243229,0.3753338646932416,0.0,2.2622184257360983e-14,0.0480088063790032,0.0480088063790032,0,13.72842928419507,0.007570950556574418,161
4558.3103434,11.41999999999911,1,1,3.419210568058778,0.3835612578297664,0.1,0.6,0.046520460421743265,0.046520460421743265,0,13.731053623107423,0.00710673538006934,165
4558.319706901,11.429999999999104,1,1,3.3786954869743577,0.3717006513033757,0.06613735169835684,0.6,0.046792569011037295,0.046792569011037295,0,13.733634394565053,0.00665859934369073,167
4558.329995746,11.439999999999099,1,1,3.3009347988898483,0.32990568200448483,0.1,0.6,0.045882220992164886,0.045882220992164886,0,13.73617543666919,0.00625615899712928,173
4558.339706972,11.449999999999093,1,1,3.3484954036699603,0.35218492572075877,0.09999999999999999,0.6,0.04674145590980794,0.04674145590980794,0,13.738663570865697,0.0058848555927208945,173
4558.350169468,11.459999999999088,1,1,3.121483107319386,0.35033779813129523,0.1,2.2276890731874277e-13,0.04437771023826625,0.04437771023826625,0,13.741093524184452,0.0055213480719502606,173
4558.360603029,11.469999999999082,1,1,3.1891605958067313,0.33465578658818657,0.0042486705565223755,2.067616467111465e-14,0.04501098050472874,0.04501098050472874,0,13.743466416531204,0.005192982904170362,177
4558.369911428,11.479999999999077,1,1,2.7943987841451707,0.354049125990347,0.1,3.063374434380055e-13,0.041289170009340265,0.041289170009340265,0,13.745789687870118,0.005163429051061819,178
4558.379627591,11.489999999999071,1,1,2.6852968829136317,0.3417758212422335,0.1,0.6,0.03858008527248304,0.03858008527248304,0,13.748075913380385,0.00525972371368888,178
4558.3896315,11.499999999999066,1,1,2.5826055860365744,0.3643784604317583,0.1,2.0706706088440374e-13,0.03719234970647944,0.03719234970647944,0,13.750325040533495,0.00534832796265694,178
4558.399616066,11.50999999999906,1,1,2.4284590976385325,0.37833499461934406,0.0,1.0330802635800238e-13,0.035184075199276584,0.035184075199276584,0,13.75254327052537,0.005444456666288566,183
4558.409691885,11.519999999999055,1,1,2.3867224225602603,0.4057521070891677,0.1,1.4426457826032938e-13,0.034531025517912775,0.034531025517912775,0,13.754736334699667,0.005518867977107211,183
4558.419622856,11.529999999999049,1,1,2.261882280329454,0.47006843955886274,0.1,0.6,0.03632163145862942,0.03632163145862942,0,13.756906481495664,0.00558866154003157,0
4558.430198272,11.539999999999043,1,1,2.349473238978886,0.4662198854585856,0.1,0.6,0.03406126367715087,0.03406126367715087,0,13.759063325404068,0.005670363207039175,5
4558.439810179,11.549999999999038,1,1,2.3001534228509763,0.5247707111124627,0.0661219905589335,0.6,0.03719549895756484,0.03719549895756484,0,13.761213978463958,0.005745996832350331,5
4558.449767872,11.559999999999032,1,1,2.273453992400007,0.5385114577710164,0.1,0.6,0.03956315867839592,0.03956315867839592,0,13.76337484900663,0.005806080617406062,6
4558.461612924,11.569999999999027,1,1,2.218533251596979,0.5956855953169118,0.0,0.3215082590405398,0.040199988921994285,0.040199988921994285,0,13.765553286101364,0.005871721416250253,9
4558.469810764,11.579999999999021,1,1,2.152370793751334,0.6048852691659767,0.0,4.520486013106848e-14,0.038199416118631806,0.038199416118631806,0,13.76774567202251,0.005954223299370787,12
4558.479788992,11.589999999999016,1,1,2.120147736784116,0.5613182984722882,0.1,0.5999999999999999,0.03473012222326556,0.03473012222326556,0,13.769949515231104,0.006045929823143892,12
4558.490282831,11.59999999999901,1,1,2.24721233024556,0.5012122615995911,0.1,0.6,0.03381144588410962,0.03381144588410962,0,13.772163193103227,0.0061300109147597315,12
4558.500012298,11.609999999999005,1,1,2.2179528901907557,0.4945468413603973,0.0,9.807326330946822e-14,0.03490670556399909,0.03490670556399909,0,13.774390608531348,0.006216810641489046,17
4558.509612037,11.619999999999,1,1,2.363189407580839,0.4311684228831052,0.1,0.6,0.037623085540766134,0.037623085540766134,0,13.776654352730349,0.0063118942578961335,17
4558.519633438,11.629999999998994,1,1,2.515319222123173,0.3886272576855734,0.0,4.3202973856086126e-14,0.04009174529753874,0.04009174529753874,0,13.778964112798743,0.006407339792267708,17
4558.530038389,11.639999999998988,1,1,2.493143461065432,0.39110541716804964,0.1,0.6,0.04145212934413916,0.04145212934413916,0,13.781323585845424,0.006510454683607447,21
4558.539582773,11.649999999998983,1,1,2.5787389579366824,0.37402842270886194,0.01366796523783169,4.8696008501999257e-14,0.04424534911997772,0.04424534911997772,0,13.783736520082707,0.006634510690195716,21
4558.549604017,11.659999999998977,1,1,2.552139205873857,0.3665658284068251,0.1,0.6,0.044661463392339736,0.044661463392339736,0,13.786219762431905,0.006770689530411822,21
4558.559584616,11.669999999998971,1,1,2.7410107099373535,0.3941601759923779,0.1,0.32076474458472987,0.04821983145349329,0.04821983145349329,0,13.788778914774463,0.0069137429102001935,21
4558.569681554,11.679999999998966,1,1,2.7278346826815376,0.4125010037605926,0.1,2.1564058942292034e-13,0.05047605596367331,0.05047605596367331,0,13.791419233400298,0.007072720771363672,25
4558.579699831,11.68999999999896,1,1,2.915689792689207,0.45334005270298533,0.1,0.6,0.0522967771857192,0.0522967771857192,0,13.794148936602824,0.007227066546937833,25
4558.589668211,11.699999999998955,1,1,2.942187935896372,0.4975718218016489,0.1,0.6,0.05471638715482233,0.05471638715482233,0,13.796967167707699,0.007378929653627964,25
4558.599888933,11.70999999999895,1,1,2.938231194789017,0.48736728613046587,0.1,0.6,0.05633154319069395,0.05633154319069395,0,13.799876870584121,0.007555778137314562,29
4558.609611868,11.719999999998944,1,1,3.030504555477355,0.5054628154998129,0.1,0.6,0.05836478719881298,0.05836478719881298,0,13.802893653884256,0.00772354239901607,29
4558.620058805,11.729999999998938,1,1,3.0322867472599335,0.5409743829711651,0.10000000000000002,0.6,0.060449802605313796,0.060449802605313796,0,13.806018013013398,0.00791696429787403,29
4558.63179445,11.739999999998933,1,1,3.1791005304652753,0.5756183600077213,0.1,0.3207629871450756,0.062338726480494086,0.062338726480494086,0,13.809266786662635,0.0081007238342794,31
4558.640034813,11.749999999998927,1,1,3.1700279323872285,0.5878777945915317,0.0,1.514782153580212e-14,0.06442071150704501,0.06442071150704501,0,13.812640874905185,0.008291734916068272,35
4558.64982087,11.759999999998922,1,1,3.4799013138739436,0.7211933841196507,0.1,0.6,0.06890226150228265,0.06890226150228265,0,13.816156214660166,0.008482905072896507,35
4558.659800505,11.769999999998916,1,1,3.4747981143261657,0.7113406439279398,0.09999999999999999,0.6,0.07021562182089912,0.07021562182089912,0,13.81981690581001,0.008676218805520275,35
4558.670121369,11.77999999999891,1,1,3.650874511020345,0.7951038736724361,0.1,0.6,0.07263604464028145,0.07263604464028145,0,13.823628338221129,0.008857670122548011,39
4558.679994179,11.789999999998905,1,1,3.677622658571673,0.7910085061958296,0.10000000000000002,0.6,0.0755142036509065,0.0755142036509065,0,13.82758582017103,0.009049588048212431,39
4558.690164962,11.7999999999989,1,1,3.6215732865932004,0.8375233939853001,0.1,0.6,0.07567460037620286,0.07567460037620286,0,13.831698218360513,0.00926833582897979,39
4558.700650238,11.809999999998894,1,1,3.6267335193211583,0.786826223864471,0.1,1.4160610132666274e-13,0.07794437618567879,0.07794437618567879,0,13.835955653820454,0.009476263616947644,43
4558.709737413,11.819999999998888,1,1,3.5850001680387242,0.8398403752576048,0.1,0.6,0.07833774028750515,0.07833774028750515,0,13.84035870039387,0.009702980844254139,44
4558.719741451,11.829999999998883,1,1,3.5304496886515366,0.8586129940298728,0.1,0.6,0.07804991461096131,0.07804991461096131,0,13.84491396260919,0.009922290701380287,44
4558.729651104,11.839999999998877,1,1,3.5702519430540867,0.8885878626590701,0.1,0.6,0.0797927066974233,0.0797927066974233,0,13.84961577803953,0.01014333247794319,44
4558.739821533,11.849999999998872,1,1,3.6739316272666014,0.955163196149386,0.1,0.6,0.08218067393714663,0.08218067393714663,0,13.854464108486178,0.010365162592644861,49
4558.749871607,11.859999999998866,1,1,3.7519844516071803,1.048880340594258,0.09999999999999999,0.6,0.08422613241770949,0.08422613241770949,0,13.859455569014846,0.010571657727298511,49
4558.760089604,11.86999999999886,1,1,3.83845047254656,1.0511221277726484,0.1,0.6,0.08616033089693609,0.08616033089693609,0,13.864576605310768,0.010775783298413222,49
4558.77002737,11.879999999998855,1,1,3.7498196609461765,1.0951560667344613,0.09999999999999999,0.5999999999999999,0.08728262187953528,0.08728262187953528,0,13.869827161979615,0.010993140679369962,53
4558.779655575,11.88999999999885,1,1,3.8156770607814794,1.1419918861574188,0.1,0.6,0.08873761754403535,0.08873761754403535,0,13.875217523873033,0.011212728257098847,53
4558.789725161,11.899999999998844,1,1,3.6566576055571236,1.1285846430438562,0.09999999999999999,0.6000000000000001,0.08727723772671361,0.08727723772671361,0,13.880747175069176,0.011431568664959979,53
4558.80123497,11.909999999998838,1,1,3.5653865682822468,1.1440888698748524,0.1,0.5999999999999999,0.08698068380084321,0.08698068380084321,0,13.886412041659,0.01164181227478367,55
4558.809837464,11.919999999998833,1,1,3.5888448343363595,1.150136785639469,0.1,0.6,0.08766310869250431,0.08766310869250431,0,13.892205184455912,0.011848326021216549,57
4558.819810265,11.929999999998827,1,1,3.4856245695381793,1.1239305854887907,0.1,0.6,0.08764889291113333,0.08764889291113333,0,13.89812620261548,0.012065684258353082,57
4558.830191515,11.939999999998822,1,1,3.46422654902877,1.1667671930769619,0.0,2.067616467111465e-14,0.08782594525631128,0.08782594525631128,0,13.904181351108049,0.012274189456886075,57
4558.839735534,11.949999999998816,1,1,3.494299974714128,1.1988993897848128,0.10000000000000002,0.5999999999999999,0.0872366284979462,0.0872366284979462,0,13.910360935291244,0.012449794163051253,62
4558.849815394,11.95999999999881,1,1,3.5420461082290733,1.2445413228984739,0.10000000000000002,0.6,0.08864463590542708,0.08864463590542708,0,13.916648274331488,0.012623176118328638,62
4558.859885245,11.969999999998805,1,1,3.4824035231726973,1.2384102765056342,0.1,0.6,0.08800118722732189,0.08800118722732189,0,13.923040340193086,0.012780143306241332,62
4558.870408548,11.9799999999988,1,1,3.3069059473275786,1.235187272985334,0.049888944175353486,0.10265524046073803,0.08589902042722491,0.08589902042722491,0,13.929526634377856,0.012931773594338392,66
4558.879660566,11.989999999998794,1,1,3.2737811429969432,1.2154871586546174,0.1,0.6,0.0871017216353853,0.0871017216353853,0,13.93609818502816,0.013083374524166969,67
4558.889774249,11.999999999998789,1,1,3.2477655205291813,1.1843424479507938,0.1,0.6,0.0876089745804371,0.0876089745804371,0,13.942758292307238,0.013229285453954187,67
4558.899666622,12.009999999998783,1,1,3.190236605468978,1.175152308870994,0.1,0.6,0.09212711185039325,0.09212711185039325,0,13.949507851618186,0.013389597347191584,67
4558.910015823,12.019999999998777,1,1,3.196948461191849,1.1733469940735355,0.1,0.6000000000000001,0.09049555865136402,0.09049555865136402,0,13.956358629205537,0.013539221814596214,72
4558.920129088,12.029999999998772,1,1,3.1487772064438952,1.1365858298060298,0.0,3.1804660016569816e-14,0.08771920873979,0.08771920873979,0,13.96330124602998,0.013662509930522315,72
4558.929799689,12.039999999998766,1,1,3.1072328008936023,1.1341430079312766,0.1,0.6,0.09079856282125692,0.09079856282125692,0,13.970320231978718,0.013782118402782872,72
4558.940065333,12.04999999999876,1,1,3.087508186827211,1.1172040888301995,0.0,2.8452406743969706e-14,0.08889240261319034,0.08889240261319034,0,13.9774135317122,0.013887687271738836,77
4558.949692101,12.059999999998755,1,1,2.9798114676710523,1.1561974859296995,0.09999999999999999,0.6,0.08826653927552366,0.08826653927552366,0,13.98456662989212,0.01396182458430717,77
4558.959865455,12.06999999999875,1,1,3.050955229425034,1.154521767168943,0.0,5.86496256522598e-14,0.08843131164183703,0.08843131164183703,0,13.991756991296892,0.014036478045897915,77
4558.971083631,12.079999999998744,1,1,3.006694172746223,1.2174842468021778,0.0636235365176785,0.6000000000000001,0.08858660602632835,0.08858660602632835,0,13.998983630269358,0.01408847956144288,79
4558.980314389,12.089999999998739,1,1,2.999166626526326,1.231875177135514,0.0,1.989739926113326e-14,0.08676406275369458,0.08676406275369458,0,14.006231147177415,0.01414407067841772,81
4558.989749199,12.099999999998733,1,1,2.986995655310842,1.198370343768917,0.10000000000000002,0.6,0.08866235011111986,0.08866235011111986,0,14.013495085961166,0.014190096759707727,82
4558.999752076,12.109999999998728,1,1,2.967209150080373,1.2320499438491554,0.0501698080714108,0.6,0.08740703910639955,0.08740703910639955,0,14.02077819927494,0.014239048764540296,82
4559.010274112,12.119999999998722,1,1,2.992619055402185,1.2434370834201802,0.1,0.6,0.08901288391187132,0.08901288391187132,0,14.028075693355918,0.014285473068098131,86
4559.019706093,12.129999999998716,1,1,3.079234860403987,1.2636467136637588,0.1,0.6,0.08886180536704534,0.08886180536704534,0,14.035391353337898,0.014332536910333094,87
4559.029716042,12.139999999998711,1,1,2.937321928805283,1.2385489490985413,0.1,0.5999999999999999,0.08784762924826055,0.08784762924826055,0,14.042727725367874,0.014358373358756893,87
4559.040553152,12.149999999998705,1,1,3.030800744472918,1.2161832703747741,0.09999999999999999,0.32103788574610603,0.0887162242326766,0.0887162242326766,0,14.050075149830507,0.014402258614663932,91
4559.049649656,12.1599999999987,1,1,2.9560823109848338,1.274127078837181,0.1,0.6,0.09015279386396527,0.09015279386396527,0,14.05744143481468,0.014445684364069677,92
4559.059929196,12.169999999998694,1,1,3.047179099712318,1.2233252283120921,0.0,4.2717565595928875e-14,0.08973382372359134,0.08973382372359134,0,14.06483005903444,0.01448116556733936,92
4559.069697,12.179999999998689,1,1,3.1114112647882233,1.2880112017646697,0.1,1.398163513810053e-13,0.09103497069587062,0.09103497069587062,0,14.07224567905576,0.014516735024597605,92
4559.07987173,12.189999999998683,1,1,3.2395792119345908,1.3260966600991682,0.1,3.1714915086048744e-13,0.09074789227563963,0.09074789227563963,0,14.079689906834728,0.014551509193013068,96
4559.090339783,12.199999999998678,1,1,3.2307167588162033,1.3355561039751858,0.10000000000000002,0.6,0.09093955827872423,0.09093955827872423,0,14.087163901203915,0.014574038842388282,96
4559.100387,12.209999999998672,1,1,3.3348087235772765,1.3582049903248363,0.1,0.6,0.09331859538207408,0.09331859538207408,0,14.09466756330121,0.014616558205900576,97
4559.110045485,12.219999999998667,1,1,3.340369505777382,1.3557637180351132,0.0,6.7220534694101275e-15,0.09323804834226714,0.09323804834226714,0,14.102221514249454,0.014676861138273933,102
4559.119639488,12.229999999998661,1,1,3.41833843268716,1.3781179247776216,0.1,0.6,0.09579438682240403,0.09579438682240403,0,14.109838162723333,0.014728496531596802,102
4559.129785764,12.239999999998656,1,1,3.475851604028334,1.4337927049129984,0.09999999999999999,0.6,0.09442799331990366,0.09442799331990366,0,14.117518742774449,0.014792891424026289,102
4559.141680618,12.24999999999865,1,1,3.4031229146361883,1.4283834582895467,0.0694329470893607,5.4142520695384104e-14,0.09781976656317964,0.09781976656317964,0,14.125262119376645,0.014863008699552704,104
4559.149893824,12.259999999998644,1,1,3.440781036362178,1.4259735758550471,0.1,0.6,0.0979030098305657,0.0979030098305657,0,14.133073959015721,0.014940319185532625,107
4559.159738977,12.269999999998639,1,1,3.6839619184705046,1.4934015311055366,0.1,0.6,0.09612341394300598,0.09612341394300598,0,14.140953185951181,0.014992175757271298,107
4559.169737026,12.279999999998633,1,1,3.6688848336797792,1.4968036378727012,0.1,0.6,0.09607338010626114,0.09607338010626114,0,14.148880199574233,0.015016872501902867,107
4559.179749181,12.289999999998628,1,1,3.619016773381985,1.473682683331039,0.1,0.6,0.09628717214661874,0.09628717214661874,0,14.156845096542025,0.015067718996554902,113
4559.189745945,12.299999999998622,1,1,3.748529338060662,1.5379927775009818,0.09999999999999999,0.6,0.09761234912719947,0.09761234912719947,0,14.164855735853033,0.015097972006934413,113
4559.199696815,12.309999999998617,1,1,3.745287863676018,1.5700467284102404,0.10000000000000002,2.6790282469448926e-13,0.09888494935848613,0.09888494935848613,0,14.172897981154692,0.015129659211462476,113
4559.210109295,12.319999999998611,1,1,3.739475089079605,1.611769937285803,0.1,0.6,0.09915825905434107,0.09915825905434107,0,14.180975086726944,0.015171172256177368,117
4559.219971072,12.329999999998606,1,1,3.6864053352823953,1.6436375664017253,0.0,7.237144926745526e-14,0.10013555668424332,0.10013555668424332,0,14.189091639543006,0.015235938987549158,117
4559.229806983,12.3399999999986,1,1,3.7464487275573277,1.6580080799852712,0.10000000000000002,1.899602653282425e-13,0.10175401892735483,0.10175401892735483,0,14.197257732655519,0.015301724178065301,117
4559.239744255,12.349999999998595,1,1,3.733254379699221,1.6752470214087574,0.1,0.6,0.10099863802600126,0.10099863802600126,0,14.205475071617968,0.015362807819443658,117
4559.250456718,12.359999999998589,1,1,3.6753088646949204,1.684363532011029,0.0,6.456021103877863e-14,0.1023371385009401,0.1023371385009401,0,14.213744178770476,0.015432933334599497,122
4559.260012015,12.369999999998583,1,1,3.7415540530886076,1.7361243073355,0.1,0.6,0.09983366200554457,0.09983366200554457,0,14.222061993597512,0.015474426485845516,124
4559.270134278,12.379999999998578,1,1,3.598198518844286,1.7282217387765408,0.0,1.1295425447606421e-13,0.09865204000699863,0.09865204000699863,0,14.230404194318568,0.015512929460045344,124
4559.279977702,12.389999999998572,1,1,3.706187222696068,1.7491303951991795,0.0,2.882684649140476e-14,0.09850981073893904,0.09850981073893904,0,14.238761804222934,0.015533715427795913,129
4559.289772195,12.399999999998567,1,1,3.630570627156008,1.7509277688721303,0.1,0.6,0.09924405542849632,0.09924405542849632,0,14.24712834877277,0.015559302412109677,129
4559.300069589,12.409999999998561,1,1,3.711737272046671,1.6951369202258153,0.0,8.089133248347128e-15,0.09848063304616252,0.09848063304616252,0,14.255503527538858,0.015574749785263409,129
4559.310929003,12.419999999998556,1,1,3.820380488249103,1.7146092088127984,0.013667965237613234,6.074652718216798e-14,0.0995629051881169,0.0995629051881169,0,14.263885157804042,0.01556711319824644,132
4559.319935363,12.42999999999855,1,1,3.811639726102711,1.7063368293810397,0.0,6.23642455243476e-14,0.09835285686598894,0.09835285686598894,0,14.272262969716916,0.015550139335209545,134
4559.329796554,12.439999999998545,1,1,3.6283428473201376,1.6965474507760019,0.1,0.6,0.09641577741608601,0.09641577741608601,0,14.280626020915468,0.015533906629323191,134
4559.339851096,12.44999999999854,1,1,3.735172819325059,1.718262568392254,0.1,0.6,0.09759234606692364,0.09759234606692364,0,14.288969644855916,0.015509707728316391,134
4559.349801691,12.459999999998534,1,1,3.8431512996529342,1.754661414898192,0.09999999999999999,0.6,0.0975979674100136,0.0975979674100136,0,14.297280276105553,0.015456299406447549,139
4559.359846335,12.469999999998528,1,1,3.6921003000084736,1.7585002479301521,0.10000000000000002,0.6,0.09757043247503956,0.09757043247503956,0,14.30553247252351,0.01542251695323471,139
4559.370155834,12.479999999998522,1,1,3.8444097148580747,1.770715494470511,0.10000000000000002,0.6,0.09839044687919399,0.09839044687919399,0,14.313734003624235,0.015391989490624258,139
4559.379698852,12.489999999998517,1,1,3.5750279427896436,1.7975753504732928,0.1,0.6,0.10508740306407462,0.10508740306407462,0,14.321882998033736,0.015383025331045852,143
4559.389846931,12.499999999998511,1,1,3.596564537671212,1.8639109628226103,0.09999999999999999,0.6,0.11328196109880813,0.11328196109880813,0,14.329979760994345,0.015379424961882826,143
4559.399712585,12.509999999998506,1,1,3.530009631218944,1.921353010103171,0.09999999999999999,0.6,0.12108538800386129,0.12108538800386129,0,14.338023061080586,0.015413579458262605,143
4559.412086625,12.5199999999985,1,1,3.5119135952773033,1.9960274909738505,0.10000000000000002,1.84928439792516e-13,0.12965530003734024,0.12965530003734024,0,14.346025130528586,0.015449441806543396,144
4559.419676897,12.529999999998495,1,1,3.580802223616217,2.0673149310357264,0.1,3.9344972338403583e-13,0.13651226667002836,0.13651226667002836,0,14.353985486347112,0.015516717053484896,4
4559.42995854,12.53999999999849,1,1,3.5768742916242013,2.17925002943715,0.1,4.288703092223632e-13,0.14660543299893405,0.14660543299893405,0,14.3619243777983,0.015605902289683504,4
4559.439893601,12.549999999998484,1,1,3.480244140289263,2.214839823841926,0.09815673390678208,0.6,0.15086173314298698,0.15086173314298698,0,14.369853530196616,0.015709872618583587,4
4559.44983529,12.559999999998478,1,1,3.4656062474844,2.2972209908342522,0.1,0.6,0.1565130930597295,0.1565130930597295,0,14.37778037677078,0.015822650994189003,8
4559.459766968,12.569999999998473,1,1,3.4650788856646004,2.413509548661167,0.1,2.2824235195179585e-13,0.16561577840244412,0.16561577840244412,0,14.385712427613361,0.015964455110505815,8
4559.469617057,12.579999999998467,1,1,3.311112560207765,2.5065696764615866,0.1,0.6,0.1726041507982966,0.1726041507982966,0,14.393664871493712,0.016135220053559385,8
4559.480383849,12.589999999998462,1,1,3.292237961104401,2.6468804945250093,0.10000000000000002,1.0728672184036494e-14,0.18095364574599654,0.18095364574599654,0,14.401654722561961,0.016319238201453867,11
4559.489704788,12.599999999998456,1,1,3.118609087818678,2.746325833729914,0.10000000000000002,0.6,0.18782995446205847,0.18782995446205847,0,14.40969280728078,0.016542399148988585,12
4559.499666185,12.60999999999845,1,1,2.9891458557535517,2.864273507936072,0.040727435709037516,0.6,0.19599267762430592,0.19599267762430592,0,14.417800438743376,0.01678942396998373,12
4559.509709153,12.619999999998445,1,1,3.065385395925089,3.049892733773408,0.1,0.6,0.20641925971015512,0.20641925971015512,0,14.426011508163421,0.017076928548077186,12
4559.519736023,12.62999999999844,1,1,2.9421601849953922,3.2171516902556574,0.09097434539183899,0.5999999999999999,0.21650965562920974,0.21650965562920974,0,14.434346958809249,0.01739197574154061,16
4559.529702245,12.639999999998434,1,1,2.954709099115364,3.3673497550650406,0.1,0.6,0.2227120780917069,0.2227120780917069,0,14.442815063971072,0.01769738549114419,16
4559.539753131,12.649999999998428,1,1,3.046884522160309,3.6003045326597958,0.1,0.6,0.2332227029431416,0.2332227029431416,0,14.45140621635271,0.017991075797070932,16
4559.550223477,12.659999999998423,1,1,3.137022767390562,3.8007553689878093,0.1,0.6,0.24199446145700418,0.24199446145700418,0,14.46012145607433,0.018305853424042562,21
4559.559635582,12.669999999998417,1,1,3.0572355521083043,3.9793161175899954,0.040923976587062975,0.6,0.25117855758057267,0.25117855758057267,0,14.468974479687663,0.018626417131762274,21
4559.569922717,12.679999999998412,1,1,2.867530070202447,4.0752790564164885,0.09577024816588989,0.6,0.25487112846943955,0.25487112846943955,0,14.477966023970193,0.01895106973747751,21
4559.582368508,12.689999999998406,1,1,2.5131152304162248,4.216442147739627,0.09999999999999999,0.6,0.26547049536211437,0.26547049536211437,0,14.487101489458002,0.019304587648411475,22
4559.589902836,12.6999999999984,1,1,2.307192427780586,4.2807626768153835,0.1,0.6,0.27354222759163727,0.27354222759163727,0,14.496401917652927,0.019725276299870975,26
4559.599705732,12.709999999998395,1,1,2.3753088188833864,4.486553574942981,0.1,0.6,0.28212006566458636,0.28212006566458636,0,14.505890300024593,0.020217320394739335,26
4559.609651786,12.71999999999839,1,1,2.270972704308426,4.608942210226385,0.08256969190776621,0.6,0.29164744278108323,0.29164744278108323,0,14.515561462500827,0.020990180063794384,26
4559.619694089,12.729999999998384,1,1,2.295226823825179,4.769445101283564,0.1,0.6000000000000001,0.29923770708369585,0.29923770708369585,0,14.525431635397846,0.02175689743371012,30
4559.629788104,12.739999999998378,1,1,2.1213818535084936,4.894763623001941,0.1,1.261543656645892e-13,0.3074692863596454,0.3074692863596454,0,14.535501596688839,0.022540569304734248,30
4559.639618172,12.749999999998373,1,1,1.9701775959403027,4.9957947299389485,0.1,0.6,0.3144217379322027,0.3144217379322027,0,14.545766040476302,0.023303568682399245,30
4559.650321438,12.759999999998367,1,1,1.8261328150249112,5.091417069505053,0.0,0.6,0.3210407112379197,0.3210407112379197,0,14.556234785863095,0.02406214928984851,33
4559.659715399,12.769999999998362,1,1,1.7329753176091423,5.218131441757678,0.10000000000000002,0.6,0.3285240420114742,0.3285240420114742,0,14.566915532659225,0.024807609199783753,34
4559.669701703,12.779999999998356,1,1,1.6311503957532623,5.271333368118587,0.08550415327700192,0.6,0.33316709140670264,0.33316709140670264,0,14.577810891050287,0.025553006890362218,34
4559.679702975,12.78999999999835,1,1,1.498094513538878,5.335230555147035,0.10000000000000002,3.009935819403579e-13,0.3395877366544758,0.3395877366544758,0,14.58892596365403,0.026289378944702957,34
4559.69011102,12.799999999998345,1,1,1.4591600746801077,5.430734668265576,0.1,2.5170570133707923e-13,0.34626071917354995,0.34626071917354995,0,14.600266271962099,0.027003015670978847,37
4559.699735047,12.80999999999834,1,1,1.3391839112548272,5.500819033792938,0.1,0.6,0.3505149301085899,0.3505149301085899,0,14.611831934666434,0.027699157372003347,37
4559.710076822,12.819999999998334,1,1,1.33609687808991,5.631252169423999,0.07077477452469952,0.6,0.35992428842817337,0.35992428842817337,0,14.623602225617345,0.028399417574646035,37
4559.719842847,12.829999999998329,1,1,1.2974867357043955,5.707434173717748,0.09611151293824205,0.6,0.3644836251583709,0.3644836251583709,0,14.635559428555357,0.029097069151778676,41
4559.729867663,12.839999999998323,1,1,1.2949407160505049,5.799918524047022,0.06772802324181638,0.6,0.36438528539924603,0.36438528539924603,0,14.64769370310598,0.029743135631032258,41
4559.740090168,12.849999999998317,1,1,1.198959288115271,5.783745347184825,0.10000000000000002,0.558090954883851,0.36576527286271826,0.36576527286271826,0,14.659982937542052,0.030340067038064022,41
4559.752443987,12.859999999998312,1,1,1.3328426751461384,5.745498847424677,0.1,1.858869051326672e-13,0.36941368808931074,0.36941368808931074,0,14.672419935129168,0.03091199351138596,42
4559.759749304,12.869999999998306,1,1,1.3355117294233723,5.741980085011653,0.0647563540694692,0.6,0.3746110581584675,0.3746110581584675,0,14.68503077340547,0.03148053962097608,46
4559.769722089,12.8799999999983,1,1,1.3060441547426276,5.736202926892016,0.09999999999999999,0.6,0.3760634811143436,0.3760634811143436,0,14.697818039843312,0.03200138793863716,46
4559.779736671,12.889999999998295,1,1,1.2545965201604103,5.7564662918149,0.09999999999999999,0.6,0.37722002773519797,0.37722002773519797,0,14.710768269257258,0.03250062438675694,46
4559.789670664,12.89999999999829,1,1,1.156835161712765,5.8220125329296755,0.07629900698732,0.6,0.37861601718048493,0.37861601718048493,0,14.723859781362497,0.032953834868078236,51
4559.799647166,12.909999999998284,1,1,1.0880637916199016,5.880105945825185,0.06112856560967974,0.6,0.37991166276100186,0.37991166276100186,0,14.737054535714849,0.033371660016419336,51
4559.809613398,12.919999999998279,1,1,1.1275637356974966,5.819822431705355,0.05926597043148159,0.6,0.38212926432259986,0.38212926432259986,0,14.750326539472809,0.03376443056214584,51
4559.820787756,12.929999999998273,1,1,1.1860420042205237,5.799392499878477,0.007881417030462712,1.1250654723016964e-14,0.3863793383356657,0.3863793383356657,0,14.76369134965889,0.034158235274937,55
4559.829723898,12.939999999998268,1,1,1.3855362951643786,5.627062254544965,0.10000000000000002,0.6,0.38691849541032874,0.38691849541032874,0,14.777169667367447,0.03454489665151517,56
4559.839716868,12.949999999998262,1,1,1.340746219516753,5.671932192422985,0.0715647822748958,0.5999999999999999,0.39166974621368894,0.39166974621368894,0,14.790795203431784,0.03492277034319513,56
4559.849656398,12.959999999998256,1,1,1.301139470524108,5.643240777877832,0.1,0.6,0.3938762972179819,0.3938762972179819,0,14.804571653977177,0.03530020964466041,56
4559.859717954,12.969999999998251,1,1,1.3162505924432018,5.694591129779239,0.05596571846748029,0.6,0.39787930966494933,0.39787930966494933,0,14.818494784988843,0.03567292446269699,61
4559.869621886,12.979999999998245,1,1,1.2231975206346704,5.696340724309522,0.1,0.6000000000000001,0.3993428386201224,0.3993428386201224,0,14.832558226526864,0.03602477622647671,61
4559.879672204,12.98999999999824,1,1,1.1483531447214885,5.800561591001441,0.05419206012866249,0.5999999999999999,0.39919276226396777,0.39919276226396777,0,14.846742393304538,0.03635461794486883,61
4559.889718775,12.999999999998234,1,1,1.1724207994133617,5.716774095112607,0.1,1.7185490241862128e-13,0.4029059103911736,0.4029059103911736,0,14.86101648830045,0.03667205952406527,65
4559.899803979,13.009999999998229,1,1,1.1939825687977552,5.695791433239152,0.1,0.6000000000000001,0.40275363307235035,0.40275363307235035,0,14.875387134028792,0.036963309993981674,65
4559.909856846,13.019999999998223,1,1,1.343498148307162,5.599448827644006,0.0651567209113371,0.6,0.4023922563571715,0.4023922563571715,0,14.889857169336937,0.03722911407019791,66
4559.921372908,13.029999999998218,1,1,1.4683748568186772,5.502400228838973,0.1,0.3224748335759821,0.39824830430856617,0.39824830430856617,0,14.90443466927485,0.037451350964075036,68
4559.930017071,13.039999999998212,1,1,1.2604150246399102,5.539328367140012,0.0663058994360156,0.6,0.399971398306349,0.399971398306349,0,14.919123388541447,0.037619491001127825,72
4559.939760166,13.049999999998207,1,1,1.210185950383386,5.478345109602662,0.1,0.6,0.39518159355371174,0.39518159355371174,0,14.933893183214794,0.03776571526061745,73
4559.949666636,13.059999999998201,1,1,1.2075922846027527,5.458374207321415,0.10000000000000002,0.6000000000000001,0.39380432315650366,0.39380432315650366,0,14.948717880592419,0.037884103406468306,73
4559.959883656,13.069999999998196,1,1,1.1573459252915412,5.410440973390539,0.1,0.6,0.3911241856256886,0.3911241856256886,0,14.963566613468176,0.03797328193730509,78
4559.969605749,13.07999999999819,1,1,1.3284829974957022,5.289295443532277,0.1,2.805647091578843e-13,0.3860760311135495,0.3860760311135495,0,14.97843336587861,0.03800085886085047,78
4559.979587017,13.089999999998184,1,1,1.2706305952047734,5.209962354161744,0.06866589048923806,0.6,0.38161123024059357,0.38161123024059357,0,14.993330421805615,0.03797537948892793,78
4559.9902505,13.099999999998179,1,1,1.6734937806362429,4.984969214017459,0.0010126249784531915,1.6996749443881478e-14,0.3727233269058068,0.3727233269058068,0,15.008248784009119,0.03790084427642104,82
4559.999691901,13.109999999998173,1,1,1.8100154677362905,4.853952548300818,0.09959660752543649,0.6,0.3701914967650252,0.3701914967650252,0,15.023218750157895,0.037774780847563694,83
4560.010084364,13.119999999998168,1,1,1.9358268342063518,4.732706719969952,0.1,0.6,0.3647508009932333,0.3647508009932333,0,15.038252967865768,0.037618362924673354,84
4560.019881971,13.129999999998162,1,1,2.117650716622483,4.640060585004977,0.1,1.3333976569466887e-13,0.3635995186698378,0.3635995186698378,0,15.05334769060032,0.03746389455446675,84
4560.029728063,13.139999999998157,1,1,2.1713677866678474,4.58654210409977,0.1,0.6,0.3601065956853254,0.3601065956853254,0,15.0684975788445,0.03729799198852768,90
4560.04044427,13.149999999998151,1,1,2.26821878177544,4.4563357169667706,0.10000000000000002,0.6,0.35792887269423934,0.35792887269423934,0,15.08368648072422,0.03712608582210919,90
4560.049783305,13.159999999998146,1,1,2.336413213230769,4.382249950197026,0.09999999999999999,0.5999999999999999,0.3534048431241311,0.3534048431241311,0,15.098898654526053,0.03693839267496646,91
4560.059820392,13.16999999999814,1,1,2.5684564869129805,4.202055647089755,0.1,0.6,0.34414467919741154,0.34414467919741154,0,15.114132348362968,0.03668780950674422,95
4560.070161163,13.179999999998135,1,1,2.675764387155686,4.07648840447779,0.0,1.9438387384973992e-14,0.33790582746303843,0.33790582746303843,0,15.129414830095032,0.03638751241526994,95
4560.07968434,13.189999999998129,1,1,2.719047952584699,3.887494321042666,0.0,1.93219306960034e-14,0.3264159250788565,0.3264159250788565,0,15.144750381296289,0.03603286531769112,95
4560.09140863,13.199999999998123,1,1,2.98680865070884,3.711160614540107,0.053298176073744326,0.32143654470525257,0.31565596819031805,0.31565596819031805,0,15.160138418288494,0.03560828173386699,97
4560.099746133,13.209999999998118,1,1,3.008237858200817,3.584980232095053,0.06382744438861292,0.6,0.30429561343745815,0.30429561343745815,0,15.175595390756769,0.035100339269983793,100
4560.109623651,13.219999999998112,1,1,3.2163209050829824,3.4539455537347896,0.1,0.6,0.2955037002661461,0.2955037002661461,0,15.191119970567891,0.03455289158716157,100
4560.119843998,13.229999999998107,1,1,3.329259495122072,3.3388275333870654,0.0,1.2813783630249775e-14,0.28614100772408835,0.28614100772408835,0,15.206703223897886,0.033973763398674084,100
4560.129660024,13.239999999998101,1,1,3.3453946197800484,3.226669807630607,0.0,6.074629096579745e-14,0.2793111338257758,0.2793111338257758,0,15.222344872537828,0.033381825013496735,105
4560.140211166,13.249999999998096,1,1,3.566544991007677,3.1493906779253793,0.1,0.6,0.27506411840269196,0.27506411840269196,0,15.238044227260383,0.03279360198703318,105
4560.149603784,13.25999999999809,1,1,3.4075215740169176,3.1245663077577372,0.06384315262609207,0.6,0.2736155637117874,0.2736155637117874,0,15.253802462226323,0.03223728762798861,105
4560.160491079,13.269999999998085,1,1,3.6353470242830563,3.051749647172388,0.0010126249784156193,5.2301265511816207e-14,0.2690628378943291,0.2690628378943291,0,15.2696202021379,0.03169304626955083,109
4560.169756559,13.27999999999808,1,1,3.5997370979671084,2.950667012636652,0.1,0.5999999999999999,0.26070670129256046,0.26070670129256046,0,15.285500463793941,0.03114318172822994,110
4560.179644788,13.289999999998074,1,1,3.609147990031195,2.8472461577832036,0.0,2.7349416178690872e-14,0.253335583729207,0.253335583729207,0,15.30143172886628,0.030567101802654983,110
4560.189730536,13.299999999998068,1,1,3.5322150628783366,2.771282277152283,0.1,0.5999999999999999,0.2462204893116105,0.2462204893116105,0,15.31739815425594,0.02998213000570793,110
4560.19972164,13.309999999998062,1,1,3.351321471638181,2.719912865912675,0.06385051900843679,0.6,0.23992527983383755,0.23992527983383755,0,15.333360089369677,0.02938584613766948,114
4560.209664012,13.319999999998057,1,1,3.2443127505133904,2.663705215547711,0.1,0.6,0.2333685323091292,0.2333685323091292,0,15.349272551514312,0.02878617271367756,114
4560.219810197,13.329999999998051,1,1,3.1512597758845367,2.558836111333168,0.0,6.973636919623721e-14,0.2231951562219072,0.2231951562219072,0,15.365095886265864,0.02815745391624147,114
4560.229619432,13.339999999998046,1,1,3.204547648647184,2.44113099634721,0.09999999999999999,0.6,0.2119378016512165,0.2119378016512165,0,15.38080888927157,0.027490173218087666,119
4560.239705614,13.34999999999804,1,1,3.025938416979077,2.379245644182631,0.1,0.6,0.20528545151030547,0.20528545151030547,0,15.396395837267436,0.026873936755492656,119
4560.249708965,13.359999999998035,1,1,2.9496685605417947,2.276661659207718,0.1,0.6,0.19521267614000826,0.19521267614000826,0,15.411837697791732,0.02647786793054463,119
4560.261252327,13.36999999999803,1,1,2.9232675725492143,2.185530196059874,0.0,4.2207643840401624e-14,0.1871197042551434,0.1871197042551434,0,15.42712765736721,0.026075364902109932,121
4560.270103178,13.379999999998024,1,1,2.9441323548941987,2.054284476375056,0.1,0.5999999999999999,0.17571985318050073,0.17571985318050073,0,15.442260333924947,0.02566004123029697,123
4560.280069145,13.389999999998018,1,1,3.047929455314088,1.9290216023441435,0.0,4.8518016933739983e-14,0.16470195009969946,0.16470195009969946,0,15.457243324644185,0.025272123973028915,123
4560.289821696,13.399999999998013,1,1,3.1271996568088567,1.8241614083840298,0.1,0.6000000000000001,0.15567956129826782,0.15567956129826782,0,15.47210766761591,0.024882397257454114,123
4560.299918055,13.409999999998007,1,1,3.005861824800236,1.7678624320942864,0.013805825737371168,0.6,0.14969376930046793,0.14969376930046793,0,15.486859315854367,0.024505272332365324,128
4560.309765215,13.419999999998002,1,1,3.1519922818119563,1.6665046190770578,0.1,4.3455823946931773e-13,0.14792612230993485,0.14792612230993485,0,15.501504725665141,0.024121973622613035,128
4560.319759636,13.429999999997996,1,1,2.96001197245141,1.640312222853282,0.0,4.238772941954841e-14,0.14268672769056995,0.14268672769056995,0,15.516050076945495,0.023745751056043263,128
4560.330371466,13.43999999999799,1,1,2.977448348388594,1.476367788255625,0.0,1.8431436932253575e-14,0.13990508689283448,0.13990508689283448,0,15.530488052248907,0.023373442122536225,132
4560.3398713,13.449999999997985,1,1,2.9828307724434358,1.4133373806049732,0.1,0.6000000000000001,0.1365136299278337,0.1365136299278337,0,15.544823898459795,0.0229972396276088,133
4560.349626451,13.45999999999798,1,1,2.8256303681646364,1.3566504645626634,0.013805825737363456,0.6,0.13136588311290903,0.13136588311290903,0,15.559059742272282,0.022632203854946686,133
4560.359830147,13.469999999997974,1,1,2.8267014812320124,1.2851489973767223,0.09999999999999999,0.6000000000000001,0.12997503261311266,0.12997503261311266,0,15.573190966209541,0.02225857841625145,133
4560.369763172,13.479999999997968,1,1,2.8691777921188613,1.1996783980617982,0.1,0.6,0.12654497566650472,0.12654497566650472,0,15.587213256255946,0.021889418399714256,137
4560.379737104,13.489999999997963,1,1,2.842519036183728,1.1421894599027853,0.05024259651898212,0.6,0.12377573754102579,0.12377573754102579,0,15.60113478240747,0.02154111931548708,137
4560.389663539,13.499999999997957,1,1,2.8892526332571933,1.1204001427239765,0.1,0.6000000000000001,0.12269291444230573,0.12269291444230573,0,15.61496917771101,0.021197246989367757,137
4560.399866749,13.509999999997952,1,1,2.8323199217215813,1.0617374472735097,0.1,0.6,0.11818249743355567,0.11818249743355567,0,15.62872027510111,0.02086049870477913,141
4560.409660629,13.519999999997946,1,1,2.925745090643256,1.0376310097513626,0.0,2.024992467494254e-14,0.11635691154704737,0.11635691154704737,0,15.642383449499139,0.020534158836396532,141
4560.419669838,13.52999999999794,1,1,2.9674579432943915,1.0275396152604093,0.09999999999999999,0.6,0.11461766208397133,0.11461766208397133,0,15.655973229141733,0.020217646949913792,0
4560.431132489,13.539999999997935,1,1,3.0963409757871303,1.0252517046388887,0.09999999999999999,0.6,0.11294788926041828,0.11294788926041828,0,15.669493017187015,0.01991141017100495,2
4560.439633361,13.54999999999793,1,1,3.0002795430361493,1.0129440432799184,0.0,3.6846447730673e-14,0.10947314756421925,0.10947314756421925,0,15.68293914093413,0.019607594619273305,4
4560.44967179,13.559999999997924,1,1,3.043409419906476,1.0061160198679586,0.1,2.975723965199166e-13,0.10755615469278927,0.10755615469278927,0,15.696315127424462,0.019310568577155296,4
4560.459678273,13.569999999997918,1,1,2.911055114488599,1.0110907063232315,0.0,1.964321818484476e-14,0.10234524598823717,0.10234524598823717,0,15.709616829505306,0.01900935948914495,4
4560.469638188,13.579999999997913,1,1,2.8708877824057417,1.0101262543260197,0.0,7.16640413229855e-15,0.09857840398536696,0.09857840398536696,0,15.722822081222176,0.0186966883958799,9
4560.479644544,13.589999999997907,1,1,2.680577741671313,0.9860271564615581,0.05024259651899451,0.6,0.09274942681336329,0.09274942681336329,0,15.735907041172185,0.018362051384411826,9
4560.490420759,13.599999999997902,1,1,2.642347958938784,0.9912667797306843,0.0,3.2448633251934345e-14,0.08920572141725723,0.08920572141725723,0,15.748832014610523,0.018022371997600706,9
4560.501106471,13.609999999997896,1,1,2.605258387838311,0.9929501971988344,0.0,2.5779628413233513e-14,0.08560919401254938,0.08560919401254938,0,15.761576567121548,0.017673594667178216,14
4560.509716971,13.61999999999789,1,1,2.58480033605907,0.9738725551489283,0.10000000000000002,0.6,0.0821072146684155,0.0821072146684155,0,15.774121788832316,0.017330656811088696,16
4560.520102068,13.629999999997885,1,1,2.350289779892595,0.8771931865169469,0.0,3.5174299056661726e-14,0.07529741775268382,0.07529741775268382,0,15.786459172417192,0.016956592481980337,16
4560.530423814,13.63999999999788,1,1,2.252405003312274,0.8663874515879343,0.10000000000000002,0.6000000000000001,0.07040493801060496,0.07040493801060496,0,15.798543684663503,0.016572933458606887,16
4560.540207628,13.649999999997874,1,1,2.128779526153543,0.844005134851599,0.0,1.8162894444850104e-14,0.06633515626805238,0.06633515626805238,0,15.810345266689867,0.016179350003978188,22
4560.54960858,13.659999999997869,1,1,2.0311112117798946,0.8025590450501522,0.10000000000000002,0.6,0.060070225831491034,0.060070225831491034,0,15.821838617202287,0.0157624397113445,22
4560.559732471,13.669999999997863,1,1,1.7811366304095428,0.74809112888512,0.1,0.6,0.056792784690811185,0.056792784690811185,0,15.832988046479404,0.015337665585418936,22
4560.569751997,13.679999999997857,1,1,1.652627836997118,0.7489475013983193,0.1,0.6000000000000001,0.0564836980464517,0.0564836980464517,0,15.843772348743453,0.014926652828114229,26
4560.579711893,13.689999999997852,1,1,1.4526506457498105,0.6964243288328321,0.05024142147202779,0.5999999999999999,0.0527139776292228,0.0527139776292228,0,15.854179372503594,0.014496950446228452,26
4560.58964834,13.699999999997846,1,1,1.291617474185767,0.6826976996721874,0.0,6.627810441007168e-14,0.04933226407499684,0.04933226407499684,0,15.864181652977853,0.014065476959498113,26
4560.602432639,13.70999999999784,1,1,1.13396966211186,0.641634353734848,0.1,0.5999999999999999,0.04654779805163664,0.04654779805163664,0,15.873755876651261,0.013632561279217636,27
4560.60962017,13.719999999997835,1,1,1.0098847142526888,0.6140458952225231,0.0,6.347908816782738e-15,0.043693642405152305,0.043693642405152305,0,15.88289713095692,0.01320503575518539,31
4560.619562829,13.72999999999783,1,1,0.8988092232143263,0.5748175074653923,0.1,0.6,0.04233833309907837,0.04233833309907837,0,15.891589462258324,0.012780062966559314,32
4560.629891345,13.739999999997824,1,1,0.8132522526407217,0.55250597843092,0.1,0.6,0.040555562017835486,0.040555562017835486,0,15.899837672106356,0.012351690051346509,32
4560.639709,13.749999999997819,1,1,0.6277078513317629,0.4902023254147969,0.1,0.5999999999999999,0.03447607232728281,0.03447607232728281,0,15.907633294645764,0.011930686269157276,37
4560.650037711,13.759999999997813,1,1,0.5086934552197664,0.4431623641169055,0.013805825737363926,0.6,0.03147188045888825,0.03147188045888825,0,15.91496122687127,0.011498368149309268,37
4560.659689001,13.769999999997808,1,1,0.4701138224395379,0.4413714948207493,0.1,0.6,0.03107717263572595,0.03107717263572595,0,15.921815886064087,0.01107864591883767,37
4560.67113783,13.779999999997802,1,1,0.34250256346541774,0.4050100653791458,0.0,3.0557002923858023e-14,0.028813110377463074,0.028813110377463074,0,15.928199804892891,0.01067676919131011,40
4560.679693976,13.789999999997796,1,1,0.4258544580160836,0.40655981752433956,0.1,0.6,0.027984846116795734,0.027984846116795734,0,15.934126369876449,0.010289931148266485,42
4560.689798806,13.799999999997791,1,1,0.4570772084244877,0.3947746556255951,0.09999999999999999,0.6000000000000001,0.025951589340620054,0.025951589340620054,0,15.939607088286005,0.009905949536578973,42
4560.699780543,13.809999999997785,1,1,0.27366598156325395,0.3241891434765181,0.0,2.997912133148996e-14,0.022358595191139363,0.022358595191139363,0,15.944638738655417,0.009541012594873832,42
4560.710422287,13.81999999999778,1,1,0.2835632511430753,0.33786067501862616,0.0,3.133494337474297e-14,0.023596002029641707,0.023596002029641707,0,15.949239795449984,0.009197074136291228,47
4560.719784029,13.829999999997774,1,1,0.40600848009842405,0.3223606786093781,0.1,0.6,0.021636443576551336,0.021636443576551336,0,15.953428469669996,0.00886423641756573,48
4560.729986432,13.839999999997769,1,1,0.408041518947674,0.30785496686998204,0.1,0.5999999999999999,0.019589988036435853,0.019589988036435853,0,15.95721407057232,0.008553023170877028,48
4560.740458247,13.849999999997763,1,1,0.39777208058238706,0.3400935947879368,0.0,0.3218852284813336,0.021054203269797574,0.021054203269797574,0,15.960618482479578,0.008258454839339624,53
4560.74988674,13.859999999997758,1,1,0.3518274472005744,0.30986742550359675,0.1,0.6,0.01927046400445736,0.01927046400445736,0,15.963665629059175,0.007992823972933216,54
4560.759992673,13.869999999997752,1,1,0.5036819830447147,0.32009296855009367,0.1,0.6,0.0175143766097313,0.0175143766097313,0,15.966384017424268,0.007740852268313336,54
4560.771658544,13.879999999997747,1,1,0.5500251550305842,0.3134336230723701,0.1,0.07775397179790318,0.015837398264176673,0.015837398264176673,0,15.968781865739432,0.007500364396913595,55
4560.779685075,13.889999999997741,1,1,0.6530688275553986,0.3349417864650157,0.0,4.54498016250511e-14,0.014968266408493143,0.014968266408493143,0,15.97087000866389,0.007269995403707652,58
4560.789736516,13.899999999997736,1,1,0.5855274469667189,0.2952440907965307,0.1,0.5999999999999999,0.013108531909318311,0.013108531909318311,0,15.972662416513613,0.007059343483973635,58
4560.799697066,13.90999999999773,1,1,0.6467362167499149,0.3384265478643753,0.0,4.171967132391559e-14,0.014708164587830468,0.014708164587830468,0,15.974184519426583,0.006872814195222121,58
4560.809635205,13.919999999997724,1,1,0.634605781673147,0.36308074672574353,0.06392252394227743,0.6,0.017678209669787392,0.017678209669787392,0,15.975458832547831,0.006713440561508799,62
4560.819601656,13.929999999997719,1,1,0.5751484263432768,0.3928885192071621,0.0,1.790610437292982e-14,0.021576930767339304,0.021576930767339304,0,15.976518711503909,0.006579158908987859,62
4560.829603462,13.939999999997713,1,1,0.5556132268250318,0.42020293156950744,0.0,6.887858836451447e-14,0.023584609041505028,0.023584609041505028,0,15.97739368550345,0.006470328831124084,62
4560.840774015,13.949999999997708,1,1,0.5285024535646131,0.49697322682369904,0.0,1.195888511841384e-13,0.028802115502977597,0.028802115502977597,0,15.97811080792643,0.006476789793704307,65
4560.849665003,13.959999999997702,1,1,0.5057576332030299,0.5285538427257175,0.0,2.660441705141813e-14,0.030802534541098516,0.030802534541098516,0,15.978699175492176,0.0064832181104935716,66
4560.859803157,13.969999999997697,1,1,0.5427352873992113,0.5890688624768313,0.1,0.6,0.034776591366807975,0.034776591366807975,0,15.979180819800057,0.006484095799122153,66
4560.869907063,13.979999999997691,1,1,0.4913023715867338,0.6645839767217682,0.013805825737360614,0.6,0.037412194473984105,0.037412194473984105,0,15.97956943278616,0.006471749322288667,66
4560.879618112,13.989999999997686,1,1,0.46714895498928355,0.7631643898762155,0.0,1.0572083125480057e-14,0.04397548006779826,0.04397548006779826,0,15.979890094639936,0.0064358573220610615,71
4560.889664983,13.99999999999768,1,1,0.4603644873140508,0.8483586844245715,0.05026249523681665,0.6,0.0492029520158806,0.0492029520158806,0,15.980166542197477,0.006394479627117811,71
4560.899782177,14.009999999997675,1,1,0.5205266205237207,0.9712532021007892,0.013805825737374308,0.6,0.053456807622544275,0.053456807622544275,0,15.98042013022843,0.00646927508653361,71
4560.909856303,14.019999999997669,1,1,0.5169472651750606,1.0730128505175542,0.0,5.3885175195531736e-14,0.05941088411147565,0.05941088411147565,0,15.980668821200034,0.006580772570946802,76
4560.919604833,14.029999999997663,1,1,0.5384169883415088,1.1564644414886531,0.0,1.581003221877967e-14,0.06449542814521693,0.06449542814521693,0,15.980938230221401,0.006708213096581428,76
4560.930039688,14.039999999997658,1,1,0.540630256920261,1.2352702823477901,0.0,1.731603589184745e-14,0.0690949406218421,0.0690949406218421,0,15.98124725977518,0.006853662745151201,76
4560.941753658,14.049999999997652,1,1,0.5871042231865405,1.259603708784488,0.1,0.6,0.07104105582592637,0.07104105582592637,0,15.981616259965524,0.007009926940589661,77
4560.949638882,14.059999999997647,1,1,0.4613812442117443,1.277181726023896,0.05027735716640842,0.6,0.07194589525870534,0.07194589525870534,0,15.98205526834394,0.007164184459483192,81
4560.960053031,14.069999999997641,1,1,0.520177122791108,1.2469787258013165,0.1,0.6,0.07179358705365599,0.07179358705365599,0,15.982572684956962,0.007311420233427457,81
4560.97022577,14.079999999997636,1,1,0.4946479259683312,1.2131251941368772,0.05027735716645915,0.5999999999999999,0.07189995109545819,0.07189995109545819,0,15.983164322903267,0.007434714419721322,81
4560.97982752,14.08999999999763,1,1,0.45907031552471766,1.177952574833695,0.0,3.5594210362308386e-14,0.07051952000752361,0.07051952000752361,0,15.983806697199405,0.007535568297973194,85
4560.989802556,14.099999999997625,1,1,0.44794872687028536,1.0905843105601294,0.1,0.6,0.06643791582918276,0.06643791582918276,0,15.984489504278208,0.007623061672901388,85
4560.999764903,14.10999999999762,1,1,0.4492041827611144,0.976856208450523,0.1,0.6,0.060833573751870415,0.060833573751870415,0,15.985207180818499,0.007682441815760166,85
4561.01117139,14.119999999997614,1,1,0.585580384457335,0.853283164860891,0.0,0.10472256263563329,0.05392467179787975,0.05392467179787975,0,15.98594415338957,0.007707781780885492,88
4561.019739862,14.129999999997608,1,1,0.6333450932494118,0.7131204026047934,0.06374323298119323,0.6,0.045511733969720775,0.045511733969720775,0,15.986680884742755,0.0076928405164573554,90
4561.029656093,14.139999999997602,1,1,0.7068286726521952,0.5715779926335656,0.1,0.6,0.033287444918576874,0.033287444918576874,0,15.987401325122939,0.007644308491902008,90
4561.039773682,14.149999999997597,1,1,0.9393664533812818,0.5053647700028977,0.1,0.6,0.023786186167821386,0.023786186167821386,0,15.988088540066974,0.007519938803894677,90
4561.049693112,14.159999999997591,1,1,1.1954220567651006,0.5210103936557215,0.09999999999999999,0.6,0.027451281560591106,0.027451281560591106,0,15.988690057761463,0.007344848200769638,94
4561.059671526,14.169999999997586,1,1,1.2120304202663812,0.6172242465432234,0.09999999999999999,0.6,0.02548281155484424,0.02548281155484424,0,15.989192555524326,0.007140504115037638,94
4561.069730185,14.17999999999758,1,1,1.3875570398763748,0.8622974168491228,0.09999999999999999,0.6,0.03992025439540705,0.03992025439540705,0,15.989593696343157,0.006849824708743846,94
4561.080308368,14.189999999997575,1,1,1.5321666193243901,1.062260968316734,0.10000000000000002,0.32141856438503813,0.05197689849211317,0.05197689849211317,0,15.989861823517654,0.006552424352420427,99
4561.089663423,14.19999999999757,1,1,1.5958781501529788,1.2779258562471392,0.1,0.6,0.06959438430393274,0.06959438430393274,0,15.990048297619424,0.006696055627393699,100
4561.099835107,14.209999999997564,1,1,1.7334166657898753,1.472349381433983,0.1,0.6,0.0854047656648198,0.0854047656648198,0,15.990179832581585,0.006977991250886634,100
4561.11305456,14.219999999997558,1,1,1.8373123263758122,1.6480426890698097,0.0673089411716569,0.6,0.09919714081969191,0.09919714081969191,0,15.99038516762621,0.007275704255047172,101
4561.119711853,14.229999999997553,1,1,1.9752823529199068,1.7824303013404617,0.09999999999999999,0.5999999999999999,0.11166008344561908,0.11166008344561908,0,15.990776559961127,0.00759508900879885,106
4561.129667632,14.239999999997547,1,1,2.1977101472630216,1.916716865375759,0.09999999999999999,0.6,0.12255271389406096,0.12255271389406096,0,15.991139645697833,0.007893379872753958,106
4561.13987832,14.249999999997542,1,1,2.086894585846153,1.9583362015086756,0.1,0.6,0.13077665115747214,0.13077665115747214,0,15.99141319355173,0.008176659971975503,106
4561.149848386,14.259999999997536,1,1,2.1527827815601017,2.0014405863749265,0.10000000000000003,0.5999999999999999,0.13337869284175358,0.13337869284175358,0,15.99165180752523,0.00842873090528759,111
4561.159714255,14.26999999999753,1,1,1.993197723600289,1.939347431831107,0.1,0.6000000000000001,0.1314564975687767,0.1314564975687767,0,15.991884367884017,0.008638068776814778,111
4561.169646998,14.279999999997525,1,1,1.9770429709393567,1.932023495471536,0.1,0.6,0.12856101195719444,0.12856101195719444,0,15.99212971663653,0.008824829699300984,112
4561.181259359,14.28999999999752,1,1,1.8594839326779287,1.8919871598656233,0.0,6.010519972047865e-14,0.1257425435090407,0.1257425435090407,0,15.992389286228645,0.008969637016615711,115
4561.189623661,14.299999999997514,1,1,1.694546325700873,1.8283406872364092,0.05022373608603311,0.6,0.12137261379371059,0.12137261379371059,0,15.992674246996259,0.0090955893386572,117
4561.199735679,14.309999999997508,1,1,1.4162285961249685,1.7585298007185703,0.013805825737357665,0.6,0.1177894996868479,0.1177894996868479,0,15.992951292951219,0.009199815541848677,117
4561.209708717,14.319999999997503,1,1,1.302105818998526,1.7057990192024912,0.08230263891320498,0.6,0.11365908394885993,0.11365908394885993,0,15.993197582023452,0.009274528822633993,117
4561.219615149,14.329999999997497,1,1,1.2259405442451716,1.715263561357683,0.08242696859937408,0.6000000000000001,0.11439503591647009,0.11439503591647009,0,15.993371728812061,0.00934029040001283,122
4561.229999096,14.339999999997492,1,1,1.1150215777906154,1.7004479801918584,0.1,0.6,0.11549002289704538,0.11549002289704538,0,15.993416876357559,0.009424627478068714,122
4561.239698488,14.349999999997486,1,1,1.0579952266742816,1.7272891911368975,0.1,0.6,0.11964280482736304,0.11964280482736304,0,15.993298426003719,0.009743224256039573,122
4561.2500483,14.35999999999748,1,1,1.4947548563804558,1.7513588160238902,0.012919511763436165,0.32226153745094105,0.12561370530898466,0.12561370530898466,0,15.992991432977005,0.010095379703049412,127
4561.259643949,14.369999999997475,1,1,1.6253046708411405,1.747892761258804,0.09434319489771545,0.6,0.13117575182320912,0.13117575182320912,0,15.992427614457064,0.010460958853064195,127
4561.269909961,14.37999999999747,1,1,2.0583601327647942,1.694417399775091,0.1,0.03957298812914755,0.13266783401086207,0.13266783401086207,0,15.991545465013706,0.010827475262745079,127
4561.281963289,14.389999999997464,1,1,2.519215375590819,1.6284517838683203,0.10000000000000002,0.6,0.13095875979164098,0.13095875979164098,0,15.990284299067973,0.011156677840225893,129
4561.28969557,14.399999999997458,1,1,3.042221115743003,1.5100596553312104,0.1,0.6,0.1275633390673552,0.1275633390673552,0,15.98856711532422,0.011427872498815717,133
4561.299895563,14.409999999997453,1,1,3.531576245426548,1.438656078168649,0.1,0.6,0.1282030663004008,0.1282030663004008,0,15.986337710023815,0.01166700072625626,133
4561.30960694,14.419999999997447,1,1,4.028213473151313,1.3621260870294403,0.1,0.6,0.12624547573296147,0.12624547573296147,0,15.983547735287233,0.011857729458579769,133
4561.319898223,14.429999999997442,1,1,4.408253275646392,1.2845521681942553,0.08597576996020251,4.0352828372711257e-13,0.1267747602299221,0.1267747602299221,0,15.980143875479873,0.012034029673788416,136
4561.329648659,14.439999999997436,1,1,4.714033983062761,1.2283300436971873,0.09999999999999999,2.199588367555401e-13,0.12780278729556496,0.12780278729556496,0,15.976088755980895,0.012183431897266228,136
4561.339645054,14.44999999999743,1,1,5.038509656648552,1.10901475771473,0.1,0.042401389816930826,0.13201186436932125,0.13201186436932125,0,15.971393471996477,0.0122850581681071,136
4561.3514025,14.459999999997425,1,1,5.5557780798986105,0.9644613910513123,0.0,3.5267751078897436e-14,0.13773313200930395,0.13773313200930395,0,15.966051592766624,0.012343722182541761,139
4561.359632621,14.46999999999742,1,1,5.987340034234095,0.8168942691481752,0.08225042698376707,0.6,0.14232257618443192,0.14232257618443192,0,15.960038353402613,0.012335611157571647,142
4561.369674417,14.479999999997414,1,1,6.236324956623986,0.7258214129612962,0.10000000000000002,0.6,0.14326363105923576,0.14326363105923576,0,15.953356572595746,0.012301388649294198,142
4561.379630213,14.489999999997409,1,1,6.672750421293358,0.5631961237771893,0.10000000000000002,0.6,0.14762602235007813,0.14762602235007813,0,15.946031897971736,0.012199427041376998,142
4561.389708024,14.499999999997403,1,1,6.6986404215285145,0.5566879370793725,0.1,0.6,0.14717709363967513,0.14717709363967513,0,15.938074430584331,0.012057318936383066,146
4561.39968432,14.509999999997397,1,1,6.872355642670043,0.5437407368086075,0.1,0.6,0.14677609215191081,0.14677609215191081,0,15.92951714682423,0.011874184544240274,146
4561.409594824,14.519999999997392,1,1,6.851848165128569,0.5112762994869469,0.1,0.6,0.14561182570940928,0.14561182570940928,0,15.920405892804979,0.011679631227792475,146
4561.42076079,14.529999999997386,1,1,6.76406408499506,0.5580279065140146,0.0,2.2229995103416125e-14,0.14791008691725732,0.14791008691725732,0,15.910798087471859,0.011463503709978395,5
4561.4296086,14.53999999999738,1,1,6.332660797232372,0.6483124036786172,0.1,0.6,0.1435694683432424,0.1435694683432424,0,15.900700175322717,0.011217769384525011,6
4561.439816826,14.549999999997375,1,1,6.158968637232656,0.6855397907651103,0.1,0.6,0.1425917357228753,0.1425917357228753,0,15.890158080758166,0.010944674072209448,6
4561.449595583,14.55999999999737,1,1,5.802898830728943,0.7807677751959323,0.06397954076491325,0.6000000000000001,0.13821876333667774,0.13821876333667774,0,15.879220568130528,0.010641129157223705,6
4561.459679541,14.569999999997364,1,1,5.554531393723344,0.8482249293117775,0.10000000000000002,0.6000000000000001,0.13601831962537056,0.13601831962537056,0,15.867932355138102,0.010343351790717437,10
4561.469836285,14.579999999997359,1,1,4.9265501897830735,0.9605368822245783,0.1,0.6,0.1322757455032752,0.1322757455032752,0,15.856350833009625,0.010078592220194249,10
4561.479851757,14.589999999997353,1,1,4.517835642227206,0.9496133025389588,0.1,0.6,0.13193553824778156,0.13193553824778156,0,15.844530180719007,0.009860300588162535,10
4561.489749605,14.599999999997348,1,1,3.9223435920184127,0.9963134507813258,0.1,0.6,0.13159153882211055,0.13159153882211055,0,15.832497735416133,0.010057088754687887,14
4561.499812479,14.609999999997342,1,1,3.636018442570121,0.972978950728738,0.1,2.3999840766121675e-13,0.13314443617597985,0.13314443617597985,0,15.820276938073885,0.01029860531524543,14
4561.51003229,14.619999999997336,1,1,3.2902513151243844,1.0199821906949382,0.10000000000000002,0.6,0.1371844434494764,0.1371844434494764,0,15.807866104756586,0.0105845317637496,14
4561.521248998,14.629999999997331,1,1,3.1628701998748783,0.981881511716278,0.02765975262481903,0.5999999999999999,0.14097412040071974,0.14097412040071974,0,15.795236714221105,0.010925706710995797,16
4561.529854154,14.639999999997325,1,1,2.844405302187342,1.0976689148783292,0.1,0.6,0.14549570270469767,0.14549570270469767,0,15.782365979486292,0.01131704808932843,19
4561.539736559,14.64999999999732,1,1,2.7541604039235574,1.233143554797695,0.1,0.5999999999999999,0.15204797531939834,0.15204797531939834,0,15.769227776506245,0.011773633490723107,19
4561.550118133,14.659999999997314,1,1,2.6437455471477986,1.4235433703935458,0.1,0.6,0.15495602691544774,0.15495602691544774,0,15.755795793783332,0.012290953717997155,19
4561.560151143,14.669999999997309,1,1,2.8254525565695054,1.6133198102311632,0.1,0.6,0.16186322128353056,0.16186322128353056,0,15.742076476424172,0.01285335712104621,22
4561.570229847,14.679999999997303,1,1,2.9980044322270705,1.8490324248003707,0.1,0.6,0.16560385035437541,0.16560385035437541,0,15.728059201443088,0.013468428535081373,22
4561.579714313,14.689999999997298,1,1,3.3002523080138935,2.0917791736793303,0.1,0.6,0.17335600187105518,0.17335600187105518,0,15.713726337463523,0.014130033275504161,22
4561.590660259,14.699999999997292,1,1,3.7700947555795943,2.3441324552374905,0.0,0.19235776137061086,0.1840314565679359,0.1840314565679359,0,15.699062908718648,0.014842449151520304,26
4561.59969273,14.709999999997287,1,1,4.1993880207285965,2.565749200071521,0.10000000000000002,0.6,0.1883607519891631,0.1883607519891631,0,15.684036214577525,0.015585321274824343,27
4561.609594313,14.719999999997281,1,1,4.709736686091726,2.738469704998347,0.10000000000000002,0.6,0.19675538726379987,0.19675538726379987,0,15.668632534602274,0.016374322136109898,27
4561.619635827,14.729999999997275,1,1,5.171583123192902,2.9853527085207046,0.09999999999999999,0.6,0.20483337581130331,0.20483337581130331,0,15.652793137330601,0.017202754295775058,27
4561.629595935,14.73999999999727,1,1,5.566106295812717,3.14349645789854,0.1,0.6000000000000001,0.21574255362557931,0.21574255362557931,0,15.636482335669077,0.018074534334413528,31
4561.639882254,14.749999999997264,1,1,5.960413655459134,3.2553819795239245,0.1,0.6000000000000001,0.22538862563752446,0.22538862563752446,0,15.619653091534952,0.01894912887025707,31
4561.649800612,14.759999999997259,1,1,6.353046581061703,3.408932320415495,0.1,0.6,0.23611028751071372,0.23611028751071372,0,15.602242746547237,0.019846498539095758,31
4561.659674829,14.769999999997253,1,1,6.763070697325107,3.5559201726115277,0.1,0.5999999999999999,0.24788013372643514,0.24788013372643514,0,15.584185960291837,0.020762642223046995,34
4561.669710001,14.779999999997248,1,1,7.218943371752953,3.7569659719286395,0.1,0.6,0.25779258265644883,0.25779258265644883,0,15.565426145616739,0.02169428189708844,34
4561.67964824,14.789999999997242,1,1,7.44321121026302,3.8565921743212748,0.10000000000000003,6.651595791536764e-14,0.2717341050169531,0.2717341050169531,0,15.545932993870572,0.022630160735769456,34
4561.691244644,14.799999999997237,1,1,7.800169987443833,4.036978865697935,0.09999999999999999,0.6,0.2839476146504756,0.2839476146504756,0,15.525640714409889,0.02356661306423974,36
4561.699634999,14.809999999997231,1,1,8.045627246065706,4.1716738167074,0.1,8.904831706440585e-14,0.29384086685539246,0.29384086685539246,0,15.504517123500213,0.024502298139844725,38
4561.709600934,14.819999999997226,1,1,8.335647852684978,4.336943329906637,0.09999999999999999,0.6,0.3051036584557263,0.3051036584557263,0,15.48254473921719,0.02543168603492893,38
4561.719731414,14.82999999999722,1,1,8.534310704597114,4.437579920773505,0.1,0.6,0.32234471033593237,0.32234471033593237,0,15.45969570031639,0.02636516275783976,38
4561.729664454,14.839999999997215,1,1,8.919378226368867,4.6543861052909055,0.10000000000000002,0.6,0.3327596047779888,0.3327596047779888,0,15.435916901465443,0.027297650755082975,42
4561.739614959,14.849999999997209,1,1,9.179134890381182,4.761130346803503,0.1,0.6000000000000001,0.34466384788549853,0.34466384788549853,0,15.411198841356649,0.028233838400626876,42
4561.749846879,14.859999999997203,1,1,9.40663457203707,4.891580197873864,0.1,0.6000000000000001,0.35499759636322925,0.35499759636322925,0,15.385526048705486,0.02914794469223206,42
4561.760101396,14.869999999997198,1,1,9.584805910897064,4.94004065575861,0.1,0.32100612097199904,0.36893946123775023,0.36893946123775023,0,15.358905853142524,0.030030646046918075,46
4561.769685358,14.879999999997192,1,1,9.779533498146428,5.075791057904406,0.1,0.6,0.3689877726388441,0.3689877726388441,0,15.331349319358113,0.030862577040393357,46
4561.7796967,14.889999999997187,1,1,9.844091417259806,5.128332422956576,0.10000000000000002,0.6,0.37687591387040426,0.37687591387040426,0,15.30291649682284,0.03167271483845999,46
4561.789652627,14.899999999997181,1,1,9.871058595730224,5.1603689343095605,0.1,0.6,0.384243885927935,0.384243885927935,0,15.273643659602513,0.03243097461430863,46
4561.799591384,14.909999999997176,1,1,9.935695180910388,5.081643587021273,0.1,0.6,0.39065923913789946,0.39065923913789946,0,15.243557487741324,0.03315033230157188,51
4561.809663632,14.91999999999717,1,1,10.02541391016641,4.976337046026964,0.10000000000000002,0.6,0.39661417212485767,0.39661417212485767,0,15.21269285822638,0.03380748282307344,51
4561.819696328,14.929999999997165,1,1,10.027657224910618,4.811042629979266,0.10000000000000002,0.6000000000000001,0.3998479154101964,0.3998479154101964,0,15.18107290353081,0.034395093254403236,51
4561.829812269,14.939999999997159,1,1,9.942255387961058,4.67355526195868,0.1,0.6000000000000001,0.4000724271594583,0.4000724271594583,0,15.14873034976031,0.0348977315919225,55
4561.839870044,14.949999999997154,1,1,9.908814240092171,4.557749172799317,0.10000000000000002,0.5999999999999999,0.4007921005667502,0.4007921005667502,0,15.115722176644304,0.035332699994033684,56
4561.849930081,14.959999999997148,1,1,9.919965251515361,4.49800867981222,0.1,0.6,0.39888517228273807,0.39888517228273807,0,15.082122684238024,0.03568635449146024,56
4561.861565995,14.969999999997142,1,1,9.716096849534651,4.355539520498495,0.1,0.3252796832587415,0.3981231456098719,0.3981231456098719,0,15.048013166261581,0.03596381434301413,58
4561.869613313,14.979999999997137,1,1,9.640302255337916,4.289933915239037,0.10000000000000002,0.6,0.39362480704102637,0.39362480704102637,0,15.013477742122037,0.036167346524641014,62
4561.879760356,14.989999999997131,1,1,9.445811523954392,4.256895668852081,0.10000000000000002,0.6000000000000001,0.3870783978118235,0.3870783978118235,0,14.978608368924654,0.036296596019112476,62
4561.88964168,14.999999999997126,1,1,9.370929934168801,4.219133083352732,0.1,0.6,0.38115396966847703,0.38115396966847703,0,14.943519918133713,0.036373454494342955,62
4561.899671553,15.00999999999712,1,1,9.252385041816774,4.149607780703624,0.09999999999999999,0.6000000000000001,0.37913780380803314,0.37913780380803314,0,14.908300292571225,0.036403670758823725,67
4561.909676383,15.019999999997115,1,1,9.044623887330502,4.065207904298246,0.1,0.6,0.37673408048549717,0.37673408048549717,0,14.873017739440284,0.036353523883308675,67
4561.919659085,15.02999999999711,1,1,8.851247103941201,3.9898277925593564,0.10000000000000003,0.6,0.3696264293476028,0.3696264293476028,0,14.837748677792751,0.03624151381880983,67
4561.929886543,15.039999999997104,1,1,8.69729660181413,3.913773001484921,0.1,0.6,0.36283705964603896,0.36283705964603896,0,14.802553206329964,0.03608887540443556,71
4561.939670054,15.049999999997098,1,1,8.469407983704466,3.873265053338034,0.1,0.5999999999999999,0.3545032577035212,0.3545032577035212,0,14.767503904082787,0.03588445395587671,71
4561.94962006,15.059999999997093,1,1,8.36750050747132,3.8551866169516154,0.1,0.6,0.3446505815937519,0.3446505815937519,0,14.732686989996733,0.035657318429129045,71
4561.959833942,15.069999999997087,1,1,8.234809384214252,3.754307549610976,0.1,0.6,0.33599392466052985,0.33599392466052985,0,14.698171958906368,0.035397840261576566,71
4561.970157513,15.079999999997082,1,1,8.088270531373256,3.6302319921151494,0.1,0.6,0.3304409820610822,0.3304409820610822,0,14.664005635017265,0.03510816984938159,75
4561.979732233,15.089999999997076,1,1,7.916918117742067,3.591888679398252,0.1,2.743326314969678e-13,0.32442235666809593,0.32442235666809593,0,14.630209792722844,0.034772844546156104,75
4561.98974763,15.09999999999707,1,1,7.874406135991051,3.5265039364269466,0.1,0.6,0.31459846687701,0.31459846687701,0,14.596825639984804,0.034424690841318356,75
4562.000116489,15.109999999997065,1,1,7.819052942444829,3.475563557244294,0.1,0.6,0.3078261029093905,0.3078261029093905,0,14.563892417278579,0.03409000212511691,81
4562.009896044,15.11999999999706,1,1,7.886445602796912,3.3940017027754017,0.09999999999999999,2.0648493034664045e-13,0.3036999757136284,0.3036999757136284,0,14.531429353160831,0.03376278534646948,81
4562.019570771,15.129999999997054,1,1,7.692859406388914,3.2959383997044656,0.1,0.6,0.29686119489228757,0.29686119489228757,0,14.499436179317891,0.033437271550643966,81
4562.031402237,15.139999999997048,1,1,7.71517859493337,3.1776807526011326,0.1,2.067616467111465e-14,0.29441600682317715,0.29441600682317715,0,14.467921594232395,0.03310644405760223,83
4562.0397417,15.149999999997043,1,1,7.592802609270083,3.142425970314126,0.10000000000000002,0.6,0.28860225606111506,0.28860225606111506,0,14.436876211741145,0.0327696254598205,86
4562.049618659,15.159999999997037,1,1,7.535579173546922,3.071546504007365,0.1,0.6,0.2807798953775179,0.2807798953775179,0,14.406306328694813,0.03244583665728208,86
4562.059578877,15.169999999997032,1,1,7.5884670963319865,3.029890961517304,0.1,0.6,0.2754280214399131,0.2754280214399131,0,14.376222515185091,0.03214337947996568,86
4562.069739032,15.179999999997026,1,1,7.540386369640256,2.9780184534510616,0.09999999999999999,0.6,0.2718009367665442,0.2718009367665442,0,14.346621660041357,0.031850788692517756,91
4562.079607493,15.18999999999702,1,1,7.501932650991786,2.959621733015872,0.1,0.6,0.27072025781281517,0.27072025781281517,0,14.31749089004462,0.03155894739052523,91
4562.08963261,15.199999999997015,1,1,7.527857952270419,2.921794451087225,0.1,0.5999999999999998,0.27079301487941815,0.27079301487941815,0,14.288799181464071,0.031288193634609635,91
4562.100793208,15.20999999999701,1,1,7.613277878821506,2.9933800537956707,0.036879274390470396,0.5711752894859914,0.2732336968719406,0.2732336968719406,0,14.2605029258698,0.031044291440538857,95
4562.109642537,15.219999999997004,1,1,7.569762407277835,3.0464666702115277,0.10000000000000002,0.6,0.2672830646128293,0.2672830646128293,0,14.23256567641743,0.030802341545796044,96
4562.119666542,15.229999999996998,1,1,7.609682074013289,3.107725067297817,0.10000000000000002,0.6,0.26829547649391616,0.26829547649391616,0,14.204976192019855,0.03058331298261366,96
4562.129990391,15.239999999996993,1,1,7.666142873023481,3.1682672668122227,0.10000000000000002,0.6,0.2675998878248461,0.2675998878248461,0,14.177705506313812,0.030391293185379087,96
4562.140110977,15.249999999996987,1,1,7.804054788237866,3.28893122084974,0.1,0.5999999999999999,0.27075666386952046,0.27075666386952046,0,14.150711872741647,0.030235392369853634,101
4562.150350996,15.259999999996982,1,1,7.793798682847618,3.3871899219106134,0.1,0.6000000000000001,0.27023598307571856,0.27023598307571856,0,14.123945227935598,0.03008242810115301,101
4562.159751085,15.269999999996976,1,1,7.811754744178481,3.4940621747978162,0.1,0.6000000000000001,0.2719670316014603,0.2719670316014603,0,14.097380352224098,0.029933703013903412,102
4562.169995622,15.27999999999697,1,1,7.969073634196716,3.5767085594047905,0.1,0.6,0.27442080168520233,0.27442080168520233,0,14.070995244814915,0.02980685041266494,106
4562.180396282,15.289999999996965,1,1,8.071888197325782,3.680572224280562,0.1,0.5999999999999999,0.27455131978555375,0.27455131978555375,0,14.04476167100767,0.029698123404691426,106
4562.190185432,15.29999999999696,1,1,8.203740058633933,3.6683167164768133,0.1,0.6,0.27438134159360617,0.27438134159360617,0,14.0186460251376,0.02961745652018645,107
4562.201563091,15.309999999996954,1,1,8.281674834037176,3.7480206558712874,0.10000000000000002,0.6,0.27633868119051186,0.27633868119051186,0,13.992619767708621,0.029544870343752083,109
4562.209778704,15.319999999996949,1,1,8.263506170456859,3.7277733059219065,0.1,0.6,0.27555800310271406,0.27555800310271406,0,13.966669978380043,0.029464758097299863,112
4562.219699397,15.329999999996943,1,1,8.311998816881893,3.7429211791510215,0.1,0.6000000000000001,0.27688194627651497,0.27688194627651497,0,13.94078399493541,0.029389481072737964,113
4562.229715986,15.339999999996937,1,1,8.392859109579284,3.7266615947887,0.1,0.6000000000000001,0.27799849543338995,0.27799849543338995,0,13.914943877356537,0.029317973536430363,113
4562.2398997,15.349999999996932,1,1,8.437352326178848,3.7259809611448134,0.1,0.6000000000000001,0.27594583600445677,0.27594583600445677,0,13.889129738321202,0.029258740737242342,118
4562.249761502,15.359999999996926,1,1,8.486660867810931,3.6377344785268355,0.10000000000000002,0.6,0.2756303338456046,0.2756303338456046,0,13.863341996093508,0.029194628313008966,118
4562.260171909,15.36999999999692,1,1,8.600720653282114,3.5900727986650796,0.10000000000000002,1.5390615499315066e-13,0.27664648043223183,0.27664648043223183,0,13.837577735183906,0.029136571860039054,118
4562.271102308,15.379999999996915,1,1,8.680747277485102,3.588927081756486,0.07144974766026262,1.5710085738106188e-14,0.278847259489678,0.278847259489678,0,13.811831988990148,0.029090014913149845,122
4562.279862931,15.38999999999691,1,1,8.530108396145469,3.534491729597325,0.1,0.6,0.26991983289572113,0.26991983289572113,0,13.786102161770259,0.02904048307886664,124
4562.290047766,15.399999999996904,1,1,8.46283687578801,3.509393742930467,0.1,0.6,0.2682745435950215,0.2682745435950215,0,13.76042839655774,0.028967595500019393,124
4562.299761407,15.409999999996899,1,1,8.368989313228882,3.4349358635333114,0.10000000000000002,0.6,0.2645420125762932,0.2645420125762932,0,13.734835187215852,0.02887771008168595,124
4562.310078853,15.419999999996893,1,1,8.393632355220362,3.44369844969108,0.1,0.6,0.2647220607555882,0.2647220607555882,0,13.709330383220413,0.02877740756651411,129
4562.319611874,15.429999999996888,1,1,8.260844865931054,3.424156133799521,0.1,0.6,0.25881198059646243,0.25881198059646243,0,13.683924354714215,0.02865923453752086,129
4562.329910723,15.439999999996882,1,1,8.205860819035975,3.4089191799638097,0.10000000000000002,0.6000000000000001,0.2557599354847369,0.2557599354847369,0,13.658643144146138,0.028534368902243708,129
4562.339891859,15.449999999996876,1,1,8.156748318656204,3.405185912919868,0.1,0.5999999999999999,0.25533270113262274,0.25533270113262274,0,13.633516527248682,0.028403422646278716,134
4562.349686093,15.459999999996871,1,1,8.011254023391954,3.388618453008997,0.1,0.6,0.2562602177452344,0.2562602177452344,0,13.608566832564648,0.02823105335011045,135
4562.359912101,15.469999999996865,1,1,7.933321542469152,3.4438054008511707,0.10000000000000002,0.6,0.2600659758709499,0.2600659758709499,0,13.583809331449721,0.028038746511274547,135
4562.370846082,15.47999999999686,1,1,7.973999586764363,3.512315433887431,0.07646809573323674,0.6,0.2640089538199388,0.2640089538199388,0,13.559251606410797,0.02783971460109085,138
4562.379815618,15.489999999996854,1,1,7.805793361637078,3.541460793865912,0.10000000000000002,0.6,0.26420394106717815,0.26420394106717815,0,13.534911137314136,0.02763363727540418,139
4562.389810274,15.499999999996849,1,1,7.70060483747138,3.592880947734648,0.09999999999999999,0.6,0.26612769397553426,0.26612769397553426,0,13.510815380183583,0.02741275026253479,139
4562.39975751,15.509999999996843,1,1,7.593146184631869,3.685573939756173,0.1,0.6,0.2717308976819275,0.2717308976819275,0,13.486986262887159,0.02717347633766399,139
4562.410105076,15.519999999996838,1,1,7.496704367260696,3.7532126702796726,0.10000000000000002,0.6,0.27405407854472413,0.27405407854472413,0,13.463438611368945,0.02692358036227594,146
4562.41998329,15.529999999996832,1,1,7.361862520221913,3.862021120502281,0.1,0.6,0.27872361830384595,0.27872361830384595,0,13.44018957125752,0.026637873079360833,0
4562.430173944,15.539999999996827,1,1,7.186771334454484,3.998854824330153,0.1,0.6000000000000001,0.28594542587666105,0.28594542587666105,0,13.417280608717512,0.026354916427318464,0
4562.44044871,15.549999999996821,1,1,7.226563004870833,4.152623528454983,0.0,0.6,0.29136719548991785,0.29136719548991785,0,13.394750029778555,0.02661234733528295,5
4562.449974794,15.559999999996815,1,1,6.948340790438487,4.305023846378063,0.10000000000000003,0.6,0.29917080249526373,0.29917080249526373,0,13.372620483990712,0.026912279824046315,6
4562.460035071,15.56999999999681,1,1,6.755429153335846,4.455462928384724,0.09999999999999999,0.6,0.30333017109305865,0.30333017109305865,0,13.350937126686526,0.027236139646762858,6
4562.473035723,15.579999999996804,1,1,6.543394684962027,4.602599132469326,0.10000000000000002,0.6,0.3136311993173124,0.3136311993173124,0,13.329767993168781,0.027597771776819213,7
4562.480332556,15.589999999996799,1,1,6.4362728209317845,4.756286236360629,0.1,0.6,0.32537838512684164,0.32537838512684164,0,13.309141329426303,0.02803400036576631,12
4562.489971256,15.599999999996793,1,1,6.226119091113422,4.901097038573051,0.1,0.6,0.33692930804540216,0.33692930804540216,0,13.289075268635946,0.028538510053794375,13
4562.500015274,15.609999999996788,1,1,6.0956416588430224,5.022868054761532,0.1,0.6,0.348507506918428,0.348507506918428,0,13.269599391832209,0.029107808403159297,13
4562.509607358,15.619999999996782,1,1,5.996543061516899,5.112172169965544,0.1,0.6,0.3605450675828288,0.3605450675828288,0,13.2507225713878,0.029733300506939675,18
4562.519879334,15.629999999996777,1,1,5.948921540249201,5.1876021802531564,0.1,0.6000000000000002,0.3691071020988197,0.3691071020988197,0,13.232430150741301,0.030402350500769226,19
4562.529675668,15.639999999996771,1,1,5.811520048681434,5.255094581376859,0.1,0.6,0.37752681393779003,0.37752681393779003,0,13.214706082073265,0.031084921017920597,19
4562.541104418,15.649999999996766,1,1,5.7628625459385825,5.29942313029167,0.0676943903467467,0.6000000000000001,0.38459910326450375,0.38459910326450375,0,13.197550767428385,0.03177881181660536,23
4562.549842663,15.65999999999676,1,1,5.5807507123230335,5.395296578104146,0.1,0.6,0.3953162651136877,0.3953162651136877,0,13.180941674031668,0.03248970716224231,26
4562.559934062,15.669999999996755,1,1,5.443766769827706,5.451235176971871,0.1,0.6,0.40144530772748777,0.40144530772748777,0,13.16486744903955,0.033223379777919004,27
4562.57001758,15.679999999996749,1,1,5.395768727760745,5.54461862128409,0.10000000000000002,0.6,0.4069528329898475,0.4069528329898475,0,13.149333113707415,0.03393144062589637,27
4562.579741456,15.689999999996743,1,1,5.339897404795389,5.61448138020928,0.1,0.6,0.4121786222873432,0.4121786222873432,0,13.134345109205967,0.03463328152339462,31
4562.589929715,15.699999999996738,1,1,5.304100039126995,5.666641035180362,0.1,0.6,0.4143426563911156,0.4143426563911156,0,13.119894852645341,0.03528104752744288,32
4562.599741217,15.709999999996732,1,1,5.336419922358959,5.755933302961366,0.1,0.6,0.4169556696777339,0.4169556696777339,0,13.105997024666896,0.03590591760016226,32
4562.60964145,15.719999999996727,0,1,0.0,0.0,0.0,0.0,0.0,0.0,0,0.0,0.033245033161849014,35
4562.619619297,15.729999999996721,0,1,0.0,0.0,0.0,0.0,0.0,0.0,0,0.0,0.030069747989356244,35
4562.629779586,15.739999999996716,0,1,0.0,0.0,0.0,0.0,0.0,0.0,0,0.0,0.027198852603601997,35
4562.641100558,15.74999999999671,0,1,0.0,0.0,0.0,0.0,0.0,0.0,0,0.0,0.024603183377572613,36
4562.649400537,15.759999999996705,0,1,0.0,0.0,0.0,0.0,0.0,0.0,0,0.0,0.02225635951907934,37
4562.659602176,15.769999999996699,0,1,0.0,0.0,0.0,0.0,0.0,0.0,0,0.0,0.020134525635868372,37
4562.669496418,15.779999999996694,0,1,0.0,0.0,0.0,0.0,0.0,0.0,0,0.0,0.018216112283574226,37
4562.679650336,15.789999999996688,0,1,0.0,0.0,0.0,0.0,0.0,0.0,0,0.0,0.01648161759633926,40
4562.689462833,15.799999999996682,0,1,0.0,0.0,0.0,0.0,0.0,0.0,0,0.0,0.01491340924858886,40
4562.699997472,15.809999999996677,0,1,0.0,0.0,0.0,0.0,0.0,0.0,0,0.0,0.013495545299245792,40
4562.709657066,15.819999999996671,0,1,0.0,0.0,0.0,0.0,0.0,0.0,0,0.0,0.012213612166890875,43
4562.719636215,15.829999999996666,0,1,0.0,0.0,0.0,0.0,0.0,0.0,0,0.0,0.011054578110466062,43
4562.72956531,15.83999999999666,0,1,0.0,0.0,0.0,0.0,0.0,0.0,0,0.0,0.010006660751238239,43
4562.739645773,15.849999999996655,0,1,0.0,0.0,0.0,0.0,0.0,0.0,0,0.0,0.00911207077833568,43
4562.749429466,15.85999999999665,0,1,0.0,0.0,0.0,0.0,0.0,0.0,0,0.0,0.0088134055252442,46
4562.759373512,15.869999999996644,0,1,0.0,0.0,0.0,0.0,0.0,0.0,0,0.0,0.008544075222080689,46
4562.769745614,15.879999999996638,0,1,0.0,0.0,0.0,0.0,0.0,0.0,0,0.0,0.008301195754712852,46
4562.779845421,15.889999999996633,0,1,0.0,0.0,0.0,0.0,0.0,0.0,0,0.0,0.008082166927052506,48
4562.789371287,15.899999999996627,0,1,0.0,0.0,0.0,0.0,0.0,0.0,0,0.0,0.007884646160090412,48
4562.799693919,15.909999999996622,0,1,0.0,0.0,0.0,0.0,0.0,0.0,0,0.0,0.0077065229030786435,48
4562.810757037,15.919999999996616,0,1,0.0,0.0,0.0,0.0,0.0,0.0,0,0.0,0.007545892617795363,50
4562.819585498,15.92999999999661,0,1,0.0,0.0,0.0,0.0,0.0,0.0,0,0.0,0.007401033866970568,51
4562.829541947,15.939999999996605,0,1,0.0,0.0,0.0,0.0,0.0,0.0,0,0.0,0.0072703936312750305,51
4562.839839428,15.9499999999966,0,1,0.0,0.0,0.0,0.0,0.0,0.0,0,0.0,0.007152573132151789,51
4562.8496666,15.959999999996594,0,1,0.0,0.0,0.0,0.0,0.0,0.0,0,0.0,0.007046312332489509,53
4562.859524558,15.969999999996588,0,1,0.0,0.0,0.0,0.0,0.0,0.0,0,0.0,0.006950475723536961,53
4562.870059821,15.979999999996583,0,1,0.0,0.0,0.0,0.0,0.0,0.0,0,0.0,0.006864039714655864,53
4562.879570385,15.989999999996577,0,1,0.0,0.0,0.0,0.0,0.0,0.0,0,0.0,0.006786081439284569,56
4562.889570445,15.999999999996572,0,1,0.0,0.0,0.0,0.0,0.0,0.0,0,0.0,0.006715768761755395,56
4562.899847002,16.009999999996584,0,1,0.0,0.0,0.0,0.0,0.0,0.0,0,0.0,0.006652351316343303,56
4562.909564231,16.019999999996596,0,1,0.0,0.0,0.0,0.0,0.0,0.0,0,0.0,0.006595152450542719,56
4562.919750527,16.02999999999661,0,1,0.0,0.0,0.0,0.0,0.0,0.0,0,0.0,0.0065435619710558935,59
4562.930030296,16.03999999999662,0,1,0.0,0.0,0.0,0.0,0.0,0.0,0,0.0,0.0064970296078464915,59
4562.939583521,16.049999999996633,0,1,0.0,0.0,0.0,0.0,0.0,0.0,0,0.0,0.006455059123106779,59
4562.949604359,16.059999999996645,0,1,0.0,0.0,0.0,0.0,0.0,0.0,0,0.0,0.0064172030005834515,62
4562.959920518,16.069999999996657,0,1,0.0,0.0,0.0,0.0,0.0,0.0,0,0.0,0.0063830576576651785,62
4562.96963216,16.07999999999667,0,1,0.0,0.0,0.0,0.0,0.0,0.0,0,0.0,0.006352231252319606,62
4562.979717072,16.08999999999668,0,1,0.0,0.0,0.0,0.0,0.0,0.0,0,0.0,0.006324283128223958,64
4562.989458084,16.099999999996694,0,1,0.0,0.0,0.0,0.0,0.0,0.0,0,0.0,0.006298980678895249,64
4562.99997342,16.109999999996706,0,1,0.0,0.0,0.0,0.0,0.0,0.0,0,0.0,0.0062761396634714636,64
4563.009452962,16.11999999999672,0,1,0.0,0.0,0.0,0.0,0.0,0.0,0,0.0,0.006255556509998678,64
4563.019413368,16.12999999999673,0,1,0.0,0.0,0.0,0.0,0.0,0.0,0,0.0,0.006237023419568079,67
4563.029834967,16.139999999996743,0,1,0.0,0.0,0.0,0.0,0.0,0.0,0,0.0,0.00622034202323991,67
4563.039801538,16.149999999996755,0,1,0.0,0.0,0.0,0.0,0.0,0.0,0,0.0,0.006205329167495902,67
4563.049695513,16.159999999996767,0,1,0.0,0.0,0.0,0.0,0.0,0.0,0,0.0,0.006191818201669206,70
4563.059691244,16.16999999999678,0,1,0.0,0.0,0.0,0.0,0.0,0.0,0,0.0,0.006179658525810904,70
4563.069668347,16.17999999999679,0,1,0.0,0.0,0.0,0.0,0.0,0.0,0,0.0,0.006168714094481264,70
4563.081562902,16.189999999996804,0,1,0.0,0.0,0.0,0.0,0.0,0.0,0,0.0,0.006158734368114282,71
4563.089473698,16.199999999996816,0,1,0.0,0.0,0.0,0.0,0.0,0.0,0,0.0,0.0061493224297709086,73
4563.099627971,16.20999999999683,0,1,0.0,0.0,0.0,0.0,0.0,0.0,0,0.0,0.0061402833458883005,73
4563.109695088,16.21999999999684,0,1,0.0,0.0,0.0,0.0,0.0,0.0,0,0.0,0.006131535864652957,73
4563.119664356,16.229999999996853,0,1,0.0,0.0,0.0,0.0,0.0,0.0,0,0.0,0.006123043795736054,77
4563.129633498,16.239999999996865,0,1,0.0,0.0,0.0,0.0,0.0,0.0,0,0.0,0.006114788903264843,77
4563.139824934,16.249999999996877,0,1,0.0,0.0,0.0,0.0,0.0,0.0,0,0.0,0.006106760183282019,77
4563.149802185,16.25999999999689,0,1,0.0,0.0,0.0,0.0,0.0,0.0,0,0.0,0.006098949613697179,80
4563.15959312,16.2699999999969,0,1,0.0,0.0,0.0,0.0,0.0,0.0,0,0.0,0.006091350464533,80
4563.169801092,16.279999999996914,0,1,0.0,0.0,0.0,0.0,0.0,0.0,0,0.0,0.006083956622721276,80
4563.179609248,16.289999999996926,0,1,0.0,0.0,0.0,0.0,0.0,0.0,0,0.0,0.006076762319818251,80
4563.189644692,16.29999999999694,0,1,0.0,0.0,0.0,0.0,0.0,0.0,0,0.0,0.0060697620201782855,83
4563.200034664,16.30999999999695,0,1,0.0,0.0,0.0,0.0,0.0,0.0,0,0.0,0.0060629503732574285,83
4563.20995846,16.319999999996963,0,1,0.0,0.0,0.0,0.0,0.0,0.0,0,0.0,0.006056322191677787,83
4563.219967303,16.329999999996975,0,1,0.0,0.0,0.0,0.0,0.0,0.0,0,0.0,0.006049872439724785,85
4563.229393037,16.339999999996987,0,1,0.0,0.0,0.0,0.0,0.0,0.0,0,0.0,0.00604359622613341,85
4563.239451327,16.349999999997,0,1,0.0,0.0,0.0,0.0,0.0,0.0,0,0.0,0.006037488798690845,85
4563.250499414,16.35999999999701,0,1,0.0,0.0,0.0,0.0,0.0,0.0,0,0.0,0.006031545539655312,87
4563.25937254,16.369999999997024,0,1,0.0,0.0,0.0,0.0,0.0,0.0,0,0.0,0.006025761961583436,88
4563.269446125,16.379999999997036,0,1,0.0,0.0,0.0,0.0,0.0,0.0,0,0.0,0.006020133703397832,88
4563.279416422,16.38999999999705,0,1,0.0,0.0,0.0,0.0,0.0,0.0,0,0.0,0.00601465652662371,88
4563.289468355,16.39999999999706,0,1,0.0,0.0,0.0,0.0,0.0,0.0,0,0.0,0.006009326311762916,92
4563.299371546,16.409999999997073,0,1,0.0,0.0,0.0,0.0,0.0,0.0,0,0.0,0.006004139054790058,92
4563.309416851,16.419999999997085,0,1,0.0,0.0,0.0,0.0,0.0,0.0,0,0.0,0.005999090863762156,92
4563.319369439,16.429999999997097,0,1,0.0,0.0,0.0,0.0,0.0,0.0,0,0.0,0.005994177955536096,95
4563.329476113,16.43999999999711,0,1,0.0,0.0,0.0,0.0,0.0,0.0,0,0.0,0.005989396652589447,95
4563.339734092,16.44999999999712,0,1,0.0,0.0,0.0,0.0,0.0,0.0,0,0.0,0.005984743379940791,95
4563.349379124,16.459999999997134,0,1,0.0,0.0,0.0,0.0,0.0,0.0,0,0.0,0.005980214662166049,95
4563.359777752,16.469999999997146,0,1,0.0,0.0,0.0,0.0,0.0,0.0,0,0.0,0.005975807120507489,99
4563.369651017,16.47999999999716,0,1,0.0,0.0,0.0,0.0,0.0,0.0,0,0.0,0.0059715174700722545,99
4563.379855479,16.48999999999717,0,1,0.0,0.0,0.0,0.0,0.0,0.0,0,0.0,0.005967342517117396,99
4563.389778727,16.499999999997183,0,1,0.0,0.0,0.0,0.0,0.0,0.0,0,0.0,0.005963279156418475,102
4563.399635277,16.509999999997195,0,1,0.0,0.0,0.0,0.0,0.0,0.0,0,0.0,0.005959324368718962,102
4563.409975287,16.519999999997207,0,1,0.0,0.0,0.0,0.0,0.0,0.0,0,0.0,0.005955475218257724,102
4563.420105223,16.52999999999722,0,1,0.0,0.0,0.0,0.0,0.0,0.0,0,0.0,0.005951728850372001,2
4563.429466898,16.53999999999723,0,1,0.0,0.0,0.0,0.0,0.0,0.0,0,0.0,0.005948082489173366,2
4563.439810228,16.549999999997244,0,1,0.0,0.0,0.0,0.0,0.0,0.0,0,0.0,0.005944533435294271,2
4563.449469735,16.559999999997256,0,1,0.0,0.0,0.0,0.0,0.0,0.0,0,0.0,0.005941079063702842,2
4563.45959334,16.56999999999727,0,1,0.0,0.0,0.0,0.0,0.0,0.0,0,0.0,0.005937716821583687,4
4563.469888615,16.57999999999728,0,1,0.0,0.0,0.0,0.0,0.0,0.0,0,0.0,0.005934444226282571,4
4563.479804178,16.589999999997293,0,1,0.0,0.0,0.0,0.0,0.0,0.0,0,0.0,0.005931258863312851,4
4563.489448979,16.599999999997305,0,1,0.0,0.0,0.0,0.0,0.0,0.0,0,0.0,0.005928158384421683,7
4563.499824256,16.609999999997317,0,1,0.0,0.0,0.0,0.0,0.0,0.0,0,0.0,0.005925140505714076,7
4563.509821273,16.61999999999733,0,1,0.0,0.0,0.0,0.0,0.0,0.0,0,0.0,0.005922203005832889,7
4563.51950906,16.62999999999734,0,1,0.0,0.0,0.0,0.0,0.0,0.0,0,0.0,0.005919343724193007,7
4563.52943187,16.639999999997354,0,1,0.0,0.0,0.0,0.0,0.0,0.0,0,0.0,0.005916560559267953,10
4563.53941982,16.649999999997366,0,1,0.0,0.0,0.0,0.0,0.0,0.0,0,0.0,0.005913851466927234,10
4563.549453027,16.65999999999738,0,1,0.0,0.0,0.0,0.0,0.0,0.0,0,0.0,0.005911214458822844,10
4563.559639742,16.66999999999739,0,1,0.0,0.0,0.0,0.0,0.0,0.0,0,0.0,0.005908647600823328,13
4563.569732798,16.679999999997403,0,1,0.0,0.0,0.0,0.0,0.0,0.0,0,0.0,0.005906149011493923,13
4563.579754978,16.689999999997415,0,1,0.0,0.0,0.0,0.0,0.0,0.0,0,0.0,0.005903716860621315,13
4563.590357059,16.699999999997427,0,1,0.0,0.0,0.0,0.0,0.0,0.0,0,0.0,0.005901349367781606,15
4563.599577655,16.70999999999744,0,1,0.0,0.0,0.0,0.0,0.0,0.0,0,0.0,0.005899044800950135,16
4563.609534745,16.71999999999745,0,1,0.0,0.0,0.0,0.0,0.0,0.0,0,0.0,0.0058968014751518555,16
4563.619436185,16.729999999997464,0,1,0.0,0.0,0.0,0.0,0.0,0.0,0,0.0,0.005894617751150987,16
4563.629796002,16.739999999997476,0,1,0.0,0.0,0.0,0.0,0.0,0.0,0,0.0,0.005892492034178733,18
4563.639445703,16.74999999999749,0,1,0.0,0.0,0.0,0.0,0.0,0.0,0,0.0,0.005890422772697884,18
4563.64978696,16.7599999999975,0,1,0.0,0.0,0.0,0.0,0.0,0.0,0,0.0,0.0058884084572031585,18
4563.6594475,16.769999999997513,0,1,0.0,0.0,0.0,0.0,0.0,0.0,0,0.0,0.005886447619056187,20
4563.669607259,16.779999999997525,0,1,0.0,0.0,0.0,0.0,0.0,0.0,0,0.0,0.005884538829354077,20
4563.67941176,16.789999999997537,0,1,0.0,0.0,0.0,0.0,0.0,0.0,0,0.0,0.00588268069783052,20
4563.689442071,16.79999999999755,0,1,0.0,0.0,0.0,0.0,0.0,0.0,0,0.0,0.0058808718717884585,20
4563.699402232,16.80999999999756,0,1,0.0,0.0,0.0,0.0,0.0,0.0,0,0.0,0.0058791110350633335,24
4563.709379598,16.819999999997574,0,1,0.0,0.0,0.0,0.0,0.0,0.0,0,0.0,0.005877396907016011,24
4563.719393012,16.829999999997586,0,1,0.0,0.0,0.0,0.0,0.0,0.0,0,0.0,0.005875728241554457,24
4563.729409135,16.839999999997598,0,1,0.0,0.0,0.0,0.0,0.0,0.0,0,0.0,0.005874103826183319,28
4563.739439089,16.84999999999761,0,1,0.0,0.0,0.0,0.0,0.0,0.0,0,0.0,0.005872522481080548,28
4563.749381937,16.859999999997623,0,1,0.0,0.0,0.0,0.0,0.0,0.0,0,0.0,0.005870983058200268,28
4563.760926996,16.869999999997635,0,1,0.0,0.0,0.0,0.0,0.0,0.0,0,0.0,0.0058694844404011005,30
4563.769462884,16.879999999997647,0,1,0.0,0.0,0.0,0.0,0.0,0.0,0,0.0,0.005868025540599167,31
4563.779384343,16.88999999999766,0,1,0.0,0.0,0.0,0.0,0.0,0.0,0,0.0,0.005866605300945064,31
4563.789503388,16.89999999999767,0,1,0.0,0.0,0.0,0.0,0.0,0.0,0,0.0,0.005865222692024059,31
4563.799814312,16.909999999997684,1,1,1.1656515901806337,3.282458214516175,0.060472376981562534,0.6,0.2540867698949455,0.2540867698949455,0,12.966938856134428,0.005841501381996255,35
4563.809687485,16.919999999997696,1,1,1.0720773046929524,3.4497056393021723,0.10000000000000002,0.6,0.26673872862235876,0.26673872862235876,0,12.966965359191784,0.0058000459192108856,35
4563.81975495,16.929999999997708,1,1,1.177385673775395,3.592564033593992,0.09999999999999999,0.6,0.27388003048974563,0.27388003048974563,0,12.967074441276901,0.0059102848791356966,35
4563.830373564,16.93999999999772,1,1,1.18001305606594,3.680903362308513,0.1,0.6,0.2796128764661579,0.2796128764661579,0,12.967296932966647,0.008025445594840086,39
4563.839690995,16.949999999997733,1,1,1.4443477960896434,3.831702315083445,0.1,0.6,0.2927463202910887,0.2927463202910887,0,12.967610730185811,0.010034099768945315,40
4563.849720949,16.959999999997745,1,1,1.7644303404646036,3.942113907462599,0.10000000000000002,0.6,0.3010086573760345,0.3010086573760345,0,12.967993955765843,0.011940125405819457,40
4563.86013533,16.969999999997757,1,1,2.203729255228513,4.018343431016724,0.1,0.5999999999999999,0.310200725238123,0.310200725238123,0,12.968426945925835,0.013756985321331294,40
4563.869742688,16.97999999999777,1,1,2.715573342125621,4.11553944432386,0.1,0.6,0.3184785461502825,0.3184785461502825,0,12.968892510003554,0.015486905367417259,44
4563.879732751,16.98999999999778,1,1,3.185845096057269,4.139717964649495,0.1,0.6,0.32295879433911706,0.32295879433911706,0,12.969359411305858,0.01710621891553732,44
4563.890311466,16.999999999997794,1,1,3.7983311438456124,4.1794525044416195,0.1,0.5999999999999999,0.3251689340614009,0.3251689340614009,0,12.969814620700243,0.018590579963230436,44
4563.900211027,17.009999999997806,1,1,4.211919163654976,4.194901426373713,0.0,2.3245456398745736e-14,0.326968115126333,0.326968115126333,0,12.970266486051965,0.019959262615489193,48
4563.909691916,17.019999999997818,1,1,4.781564325698177,4.207393458153934,0.1,0.6,0.3234287836476016,0.3234287836476016,0,12.970717405722564,0.021174531325157453,49
4563.919883091,17.02999999999783,1,1,5.193940800018388,4.143097471511533,0.1,0.6,0.315533187219233,0.315533187219233,0,12.971182469965743,0.022228869071778012,49
4563.931382546,17.039999999997843,1,1,5.696366190154032,4.122321808376364,0.09999999999999999,0.5999999999999999,0.30875032155816345,0.30875032155816345,0,12.971686213957682,0.023098112859792352,51
4563.940121135,17.049999999997855,1,1,6.098505852343032,4.069674507162259,0.10000000000000002,0.5999999999999999,0.3008556874444942,0.3008556874444942,0,12.97225527441723,0.023807925374349614,54
4563.949841742,17.059999999997867,1,1,6.55824359684814,3.978589268553712,0.1,0.6,0.2865199552133833,0.2865199552133833,0,12.972928014671133,0.024348563078921415,54
4563.960463271,17.06999999999788,1,1,6.9850609536062125,3.8775134236051247,0.09999999999999999,0.6,0.27028309331368117,0.27028309331368117,0,12.973761674719984,0.024682297143828413,54
4563.969612452,17.07999999999789,1,1,7.389469345759071,3.742856551028979,0.09999999999999999,0.5999999999999999,0.25400778023793325,0.25400778023793325,0,12.974769067428786,0.02482045304172764,60
4563.979800078,17.089999999997904,1,1,7.7570986990708,3.5587298193726022,0.1,0.6,0.22980451852456651,0.22980451852456651,0,12.975965552473077,0.024768993562305996,60
4563.989637068,17.099999999997916,1,1,7.97202299628497,3.391695609574165,0.10000000000000002,0.5999999999999999,0.20700707814621994,0.20700707814621994,0,12.977343993338845,0.024496741108882114,60
4564.000335162,17.109999999997928,1,1,8.465593835122691,3.2228462012795824,0.1,0.6000000000000001,0.18397552510495568,0.18397552510495568,0,12.979002482614254,0.02401673297372553,64
4564.009573336,17.11999999999794,1,1,8.799791261031922,3.1120670217544717,0.1,0.6,0.1661410662435151,0.1661410662435151,0,12.981111355550539,0.023372379792098275,65
4564.020281469,17.129999999997953,1,1,8.912210049188982,2.9525117078841507,0.10000000000000002,0.6,0.16955619667034727,0.16955619667034727,0,12.983720641838795,0.02257183237534033,65
4564.030601125,17.139999999997965,1,1,9.230692365074939,2.8867492507921013,0.1,0.6,0.1830831179314865,0.1830831179314865,0,12.986889196844354,0.021569097839833296,67
4564.039630474,17.149999999997977,1,1,9.581082488573987,2.9160145783996763,0.1,0.6,0.19618942068655204,0.19618942068655204,0,12.990670584037892,0.02041461294878011,76
4564.049778419,17.15999999999799,1,1,9.861395277123131,3.005762924091661,0.10000000000000002,0.6,0.20678194416171217,0.20678194416171217,0,12.995104527153213,0.019143227765146653,76
4564.059934499,17.169999999998,1,1,10.21830302833538,3.169183212714675,0.10000000000000002,0.6,0.21748365973665548,0.21748365973665548,0,13.000212425316176,0.017774203008718903,76
4564.070142966,17.179999999998014,1,1,10.507536005928172,3.341427028935609,0.10000000000000002,0.5999999999999999,0.22764900185077042,0.22764900185077042,0,13.00600060559122,0.01634616098091679,81
4564.080191141,17.189999999998026,1,1,10.863577989717653,3.553867342575654,0.1,0.6,0.237054000843819,0.237054000843819,0,13.012474083651941,0.014861032795619344,82
4564.090027927,17.199999999998038,1,1,11.263216855465819,3.778364433869614,0.10000000000000002,0.6,0.24734099116535735,0.24734099116535735,0,13.019625201356893,0.013783703331801789,82
4564.103611473,17.20999999999805,1,1,11.625058243220247,3.998442926064563,0.1,0.6000000000000001,0.25681046441226796,0.25681046441226796,0,13.027445201843102,0.01478742137027611,85
4564.110553214,17.219999999998063,1,1,11.957581126655073,4.224053025131135,0.1,0.6000000000000001,0.2656074735090732,0.2656074735090732,0,13.0359354437636,0.015790286946046228,93
4564.119739453,17.229999999998075,1,1,12.215668504640087,4.44068385946772,0.1,0.6000000000000001,0.27339272095582334,0.27339272095582334,0,13.04509464147571,0.01680152538180768,94
4564.130467643,17.239999999998087,1,1,12.32728662221223,4.651852805209063,0.0,0.6000000000000001,0.27975476404171895,0.27975476404171895,0,13.054925401555304,0.017821262484426725,95
4564.139944336,17.2499999999981,1,1,12.576225966241438,4.874806851199175,0.09999999999999999,0.6,0.28376487868214034,0.28376487868214034,0,13.065425102838471,0.018800458028410016,101
4564.149877902,17.25999999999811,1,1,12.818553519211818,5.0873664930278295,0.1,0.6,0.2867158246516586,0.2867158246516586,0,13.076550498710859,0.01976290792430957,102
4564.160596992,17.269999999998124,1,1,13.033793975959737,5.298590114637038,0.09999999999999999,0.6,0.28835105780669545,0.28835105780669545,0,13.088265690424599,0.020692068931991603,102
4564.173247984,17.279999999998136,1,1,13.242003752091115,5.503611410446545,0.1,0.5999999999999999,0.29085000414821816,0.29085000414821816,0,13.100522955658397,0.021583199970226064,105
4564.180514345,17.289999999998148,1,1,13.436958076012136,5.69904024085127,0.10000000000000002,0.6,0.29283700685485065,0.29283700685485065,0,13.113280814737553,0.022447570511934467,111
4564.189902157,17.29999999999816,1,1,13.594559460383504,5.887246698641656,0.1,0.6,0.2907851419209943,0.2907851419209943,0,13.126502714338091,0.02325163080954895,112
4564.20005853,17.309999999998173,1,1,13.751497861333304,6.068374147405589,0.1,0.6,0.2881202793174109,0.2881202793174109,0,13.140142328094614,0.023964573764825525,113
4564.210197183,17.319999999998185,1,1,13.902900705403518,6.2417030737431345,0.09999999999999999,0.6,0.285903138076567,0.285903138076567,0,13.154146854247177,0.024597047080619383,119
4564.220084598,17.329999999998197,1,1,14.043001280145905,6.406987809388918,0.1,0.6000000000000001,0.2836972453847576,0.2836972453847576,0,13.168471303523491,0.025169677992948003,119
4564.230409964,17.33999999999821,1,1,14.168552093012568,6.565051567621829,0.1,0.6,0.28117972540227437,0.28117972540227437,0,13.18308372075874,0.025683972112251263,120
4564.241195595,17.34999999999822,1,1,14.282238557287089,6.715833757845451,0.1,0.6000000000000001,0.2797361825538873,0.2797361825538873,0,13.197955554376849,0.026149985117869257,125
4564.250485964,17.359999999998234,1,1,14.391385204078778,6.859008196230126,0.1,0.6,0.2783804177302771,0.2783804177302771,0,13.213068313462411,0.026573209666008957,127
4564.260574409,17.369999999998246,1,1,14.490516158402574,6.998734741384013,0.1,0.6,0.27542795424610467,0.27542795424610467,0,13.228408590572418,0.02694849555012402,128
4564.269748747,17.379999999998258,1,1,14.57751462044575,7.13302610851111,0.1,0.6,0.27284986318365295,0.27284986318365295,0,13.243950667298229,0.02727875558712589,130
4564.279844943,17.38999999999827,1,1,14.658879846104355,7.263080741182031,0.10000000000000002,0.6,0.27062546601677256,0.27062546601677256,0,13.259670697517349,0.027572802433730503,136
4564.290286317,17.399999999998283,1,1,14.725245366034374,7.390010366577881,0.10000000000000002,0.6,0.26746211108274054,0.26746211108274054,0,13.275547292779667,0.02782604474842687,136
4564.300014124,17.409999999998295,1,1,14.787797181202452,7.512749064173252,0.1,0.6,0.26489199928649815,0.26489199928649815,0,13.291556353610149,0.028051000859724562,137
4564.30986742,17.419999999998307,1,1,14.646478230259968,7.631463570043262,0.1,0.6,0.26365548121889226,0.26365548121889226,0,13.30768060074356,0.028259956273175124,141
4564.319782103,17.42999999999832,1,1,14.572998945667932,7.746843741400679,0.1,0.6,0.2612517504366146,0.2612517504366146,0,13.323914823683015,0.028466486406806935,141
4564.329933966,17.43999999999833,1,1,14.461238358499756,7.859157144005972,0.1,0.6,0.25980445888067627,0.25980445888067627,0,13.340257187098986,0.028666662898058082,141
4564.341333506,17.449999999998344,1,1,14.45301294182834,7.968770456743453,0.09999999999999999,0.6,0.26052244004210773,0.26052244004210773,0,13.356699229023585,0.028848002071965473,143
4564.349627871,17.459999999998356,1,1,14.392208698958298,8.073789872716338,0.1,0.6,0.2604889617652134,0.2604889617652134,0,13.37322490562251,0.02902402558496986,146
4564.359750707,17.469999999998368,1,1,14.35745663227144,8.174501911709585,0.09999999999999999,0.6,0.25993510367174716,0.25993510367174716,0,13.389824843546592,0.029189736419803047,146
4564.369707542,17.47999999999838,1,1,14.383376969247221,8.271802258510835,0.1,0.6000000000000001,0.25856095791159434,0.25856095791159434,0,13.4064763433879,0.02931017120988555,146
4564.379682174,17.489999999998393,1,1,14.28356155714153,8.365315383349689,0.1,0.6,0.25689119588863835,0.25689119588863835,0,13.423141186794524,0.029398324679680732,152
4564.389782512,17.499999999998405,1,1,14.210553109029727,8.455928268603227,0.1,0.6,0.2554826788730661,0.2554826788730661,0,13.439793651830204,0.029462969478854628,152
4564.399819302,17.509999999998417,1,1,14.013083727629212,8.543344694941556,0.09999999999999999,0.6,0.2542703432546173,0.2542703432546173,0,13.456406011750225,0.029492266331040184,152
4564.410860994,17.51999999999843,1,1,14.024551435720559,8.629162458418831,0.1,0.6,0.2533131242431177,0.2533131242431177,0,13.47294893555222,0.029470902953071088,156
4564.420065846,17.52999999999844,1,1,13.710176169026854,8.71074536447435,0.1,0.6,0.25309120070901764,0.25309120070901764,0,13.489390698108712,0.029459590701982563,0
4564.429927421,17.539999999998454,1,1,13.567402512677909,8.790641004487943,0.09999999999999999,0.6,0.253382297918627,0.253382297918627,0,13.505737309845896,0.029415872205144522,0
4564.439827241,17.549999999998466,1,1,13.481608238802771,8.867603442978268,0.1,0.6,0.2543284677341939,0.2543284677341939,0,13.521968432685465,0.02936018265642959,0
4564.449686986,17.559999999998478,1,1,13.200733167833281,8.942530155017316,0.10000000000000002,0.6,0.25566750013481265,0.25566750013481265,0,13.538054439521344,0.029239113726291954,5
4564.460051231,17.56999999999849,1,1,13.143155371985442,9.017337914625221,0.09999999999999999,0.6,0.2572196646773738,0.2572196646773738,0,13.55395033188998,0.02906641781582464,5
4564.469979497,17.579999999998503,1,1,13.025378265406545,9.093457367420676,0.10000000000000002,0.6000000000000001,0.2587160524377103,0.2587160524377103,0,13.56961698375404,0.028796368070132417,5
4564.479921947,17.589999999998515,1,1,12.954209266978621,9.17022215686006,0.1,0.5999999999999999,0.2604624703886452,0.2604624703886452,0,13.58496192204551,0.028396041249839188,9
4564.489672692,17.599999999998527,1,1,12.793309686191568,9.244032013391717,0.10000000000000002,0.6,0.26302380275316495,0.26302380275316495,0,13.599878424955698,0.02792182393669651,9
4564.499676997,17.60999999999854,1,1,12.585881547978856,9.315258604996401,0.1,0.6000000000000001,0.2659112343533233,0.2659112343533233,0,13.61430726517365,0.027431517279983053,9
4564.510990628,17.61999999999855,1,1,12.436011272376872,9.38520151805313,0.10000000000000002,0.6,0.2687683756710572,0.2687683756710572,0,13.628222053971298,0.0269078375350984,11
4564.519698221,17.629999999998564,1,1,12.128131428090633,9.453126184401413,0.1,0.6,0.2713358866516295,0.2713358866516295,0,13.641569632411944,0.0265366749921202,13
4564.529796243,17.639999999998576,1,1,11.914850195439735,9.517315973196773,0.10000000000000002,0.6,0.2746137051873337,0.2746137051873337,0,13.654275192131252,0.026696325386919517,13
4564.539860692,17.649999999998588,1,1,11.602144714572214,9.57605302245239,0.1,0.5999999999999999,0.2780476248292983,0.2780476248292983,0,13.666273583974863,0.02687229565974511,13
4564.549863263,17.6599999999986,1,1,11.286992087752894,9.626386815359325,0.1,0.6,0.2821303803117734,0.2821303803117734,0,13.677508785395053,0.027068192461520896,17
4564.559793834,17.669999999998613,1,1,10.978457333460073,9.66748172663462,0.1,0.6,0.28695419505768466,0.28695419505768466,0,13.6879161960786,0.027288137178653693,17
4564.569822638,17.679999999998625,1,1,10.818296556178563,9.705983567382342,0.09999999999999999,0.6,0.29238224269190966,0.29238224269190966,0,13.697418653264107,0.027538210890410003,17
4564.581121278,17.689999999998637,1,1,10.550361536062923,9.727115640712476,0.02662852289635539,0.6,0.29866545322518206,0.29866545322518206,0,13.7059670621975,0.027818970185447517,21
4564.589937127,17.69999999999865,1,1,10.125718289892523,9.750291499226707,0.1,0.6,0.30474775854163544,0.30474775854163544,0,13.713500324488322,0.02813365857330355,23
4564.599933364,17.70999999999866,1,1,9.833997471677044,9.775128060304509,0.10000000000000002,0.6,0.3105720114368242,0.3105720114368242,0,13.72002984818641,0.02847556010432234,23
4564.60975163,17.719999999998674,1,1,9.522368744630803,9.79938303442103,0.1,0.6,0.3163097150341551,0.3163097150341551,0,13.725561395849057,0.028839795151628017,23
4564.619807083,17.729999999998686,1,1,9.238840096989973,9.791589169959765,0.1,0.6,0.32140190562595305,0.32140190562595305,0,13.730106301532249,0.0292245613311804,29
4564.630034053,17.739999999998698,1,1,8.958484095077562,9.634653356917893,0.1,0.6,0.3225714819892575,0.3225714819892575,0,13.733669614557675,0.029599633778103818,29
4564.639797679,17.74999999999871,1,1,8.557392366911571,9.461423544893409,0.052669903210066295,0.6000000000000001,0.3243884464528059,0.3243884464528059,0,13.736269235813694,0.02994915834660203,29
4564.649646242,17.759999999998723,1,1,8.09956978210243,9.302278219218675,0.1,0.6000000000000001,0.325346442145771,0.325346442145771,0,13.737938251901786,0.030286241513135553,32
4564.659674392,17.769999999998735,1,1,7.9480189482085315,9.05432924464674,0.1,0.6,0.32339733756135225,0.32339733756135225,0,13.738727633306425,0.03057643059878004,32
4564.669776143,17.779999999998747,1,1,7.633883675076394,8.85445427217315,0.10000000000000002,0.5999999999999999,0.3234894734939404,0.3234894734939404,0,13.738663507351392,0.030834414179644776,33
4564.681098217,17.78999999999876,1,1,7.388023841996649,8.769020200504654,0.043508836565868354,0.35540735859463635,0.3237675297722325,0.3237675297722325,0,13.737788135384479,0.031063642194184005,35
4564.689613207,17.79999999999877,1,1,6.885929922826527,8.4730080469158,0.1,0.6,0.3234704737903749,0.3234704737903749,0,13.736177520690832,0.031269286825199166,37
4564.700294488,17.809999999998784,1,1,6.6610649932416095,8.308988915360043,0.09999999999999999,0.6,0.32111704033800265,0.32111704033800265,0,13.733877551307113,0.0314460592419879,38
4564.709747275,17.819999999998796,1,1,6.441423490654358,8.062687254944095,0.10000000000000002,0.6,0.3193454292062952,0.3193454292062952,0,13.730939139430651,0.031587588866369976,39
4564.719667999,17.829999999998808,1,1,6.094514804810025,7.809327222968529,0.1,0.6,0.31889118775177605,0.31889118775177605,0,13.727422885380687,0.03170281729688562,43
4564.729643206,17.83999999999882,1,1,5.7462193334756595,7.542464526647269,0.1,0.6,0.31737938998883125,0.31737938998883125,0,13.723372899003623,0.03179886080638436,43
4564.739668615,17.849999999998833,1,1,5.505268863296842,7.262779548479366,0.1,0.5999999999999999,0.31438126995494975,0.31438126995494975,0,13.718836777873443,0.031855577617377784,43
4564.750770261,17.859999999998845,1,1,5.36518834322432,7.044761891783528,0.0,3.925231146709438e-14,0.3127860456292796,0.3127860456292796,0,13.713858611407552,0.03189478633079859,47
4564.759801506,17.869999999998857,1,1,5.0963694841556535,6.795758125794609,0.05188857111337666,0.6,0.3093650054677712,0.3093650054677712,0,13.708477474257402,0.03189474675100204,48
4564.769810892,17.87999999999887,1,1,4.847742163954812,6.543824361112379,0.05188857111333158,0.6,0.3066772525560121,0.3066772525560121,0,13.702740959773866,0.03186946020023482,48
4564.779866768,17.88999999999888,1,1,4.458550288553917,6.275290373007709,0.05188857111332041,0.6,0.3059964729165986,0.3059964729165986,0,13.696697068595968,0.031829593671093614,49
4564.789703299,17.899999999998894,1,1,4.196710870619422,6.026940655436997,0.09999999999999999,0.6,0.30200220830598823,0.30200220830598823,0,13.690395633576927,0.03177862090524236,55
4564.799930878,17.909999999998906,1,1,3.774395458069707,5.760716455778275,0.0,2.0816681711721685e-14,0.29976080202344524,0.29976080202344524,0,13.683891287922535,0.03169871181646944,55
4564.809877039,17.919999999998918,1,1,3.4737340379000474,5.516356290925592,0.05188857111329873,0.6,0.28288547416961213,0.28288547416961213,0,13.677248572376554,0.031539956740251146,55
4564.820458645,17.92999999999893,1,1,2.892280974191926,5.2315626873647965,0.0,2.0816681711721685e-14,0.2681588452109419,0.2681588452109419,0,13.670535493017313,0.031232326947793293,58
4564.830095192,17.939999999998943,1,1,2.504559821584199,4.99229903062646,0.0,3.1031676915590914e-14,0.25462498338230677,0.25462498338230677,0,13.663832666412821,0.030780774569167835,60
4564.840205397,17.949999999998955,1,1,2.176396698631688,4.720568256095701,0.09999999999999999,0.6,0.2473166851523931,0.2473166851523931,0,13.657218620228964,0.030193260025881602,60
4564.850756188,17.959999999998967,1,1,1.7171266083066532,4.442656682032043,0.04541502603620066,0.5461731251356862,0.24187734096127894,0.24187734096127894,0,13.65075646154867,0.029426612367726757,62
4564.860223226,17.96999999999898,1,1,1.4428975492790623,4.198119610020396,0.05188408199481919,0.6,0.23751072406820764,0.23751072406820764,0,13.644541334740534,0.028506745587584204,64
4564.870079811,17.97999999999899,1,1,1.1908132785881305,3.9062672230930833,0.1,0.6,0.23068468411085022,0.23068468411085022,0,13.638662872625668,0.0274182603168161,64
4564.880099576,17.989999999999004,1,1,0.9779140731244393,3.5808826149667095,0.05725953905698225,0.6,0.21924055916033736,0.21924055916033736,0,13.63320743886875,0.026116465983429205,64
4564.889569862,17.999999999999016,0,1,0.0,0.0,0.0,0.0,0.0,0.0,0,0.0,0.02452721930346935,69
4564.899595506,18.009999999999028,0,1,0.0,0.0,0.0,0.0,0.0,0.0,0,0.0,0.022258670764300437,69
4564.909918616,18.01999999999904,0,1,0.0,0.0,0.0,0.0,0.0,0.0,0,0.0,0.020208107919153617,69
4564.919748027,18.029999999999053,0,1,0.0,0.0,0.0,0.0,0.0,0.0,0,0.0,0.01835460558241203,72
4564.929641617,18.039999999999065,0,1,0.0,0.0,0.0,0.0,0.0,0.0,0,0.0,0.016679156043539645,72
4564.939674758,18.049999999999077,0,1,0.0,0.0,0.0,0.0,0.0,0.0,0,0.0,0.01516463433621057,72
4564.949495565,18.05999999999909,0,1,0.0,0.0,0.0,0.0,0.0,0.0,0,0.0,0.013795577763341116,72
4564.959601197,18.0699999999991,0,1,0.0,0.0,0.0,0.0,0.0,0.0,0,0.0,0.012558013934869827,75
4564.969528464,18.079999999999114,0,1,0.0,0.0,0.0,0.0,0.0,0.0,0,0.0,0.011439313848736254,75
4564.979568343,18.089999999999126,0,1,0.0,0.0,0.0,0.0,0.0,0.0,0,0.0,0.010428061726468818,75
4564.989697838,18.099999999999138,0,1,0.0,0.0,0.0,0.0,0.0,0.0,0,0.0,0.009513938167996672,78
4564.999677511,18.10999999999915,0,1,0.0,0.0,0.0,0.0,0.0,0.0,0,0.0,0.008687614778345565,78
4565.009560731,18.119999999999163,0,1,0.0,0.0,0.0,0.0,0.0,0.0,0,0.0,0.007940658987750149,78
4565.019611537,18.129999999999175,0,1,0.0,0.0,0.0,0.0,0.0,0.0,0,0.0,0.0076025851556649204,80
4565.029713804,18.139999999999187,0,1,0.0,0.0,0.0,0.0,0.0,0.0,0,0.0,0.007427317913709874,80
4565.03960625,18.1499999999992,0,1,0.0,0.0,0.0,0.0,0.0,0.0,0,0.0,0.007268841362351841,80
4565.049647568,18.15999999999921,0,1,0.0,0.0,0.0,0.0,0.0,0.0,0,0.0,0.007125548590057207,80
4565.059493421,18.169999999999224,0,1,0.0,0.0,0.0,0.0,0.0,0.0,0,0.0,0.006995985806786731,83
4565.069759739,18.179999999999236,0,1,0.0,0.0,0.0,0.0,0.0,0.0,0,0.0,0.006878838160754075,83
4565.079614464,18.189999999999248,0,1,0.0,0.0,0.0,0.0,0.0,0.0,0,0.0,0.00677291722699902,83
4565.089504249,18.19999999999926,0,1,0.0,0.0,0.0,0.0,0.0,0.0,0,0.0,0.006677149369778812,86
4565.099648207,18.209999999999273,0,1,0.0,0.0,0.0,0.0,0.0,0.0,0,0.0,0.0065905600065434555,86
4565.109675442,18.219999999999285,0,1,0.0,0.0,0.0,0.0,0.0,0.0,0,0.0,0.006512269214226318,86
4565.121663763,18.229999999999297,0,1,0.0,0.0,0.0,0.0,0.0,0.0,0,0.0,0.006441481955485218,87
4565.129623176,18.23999999999931,0,1,0.0,0.0,0.0,0.0,0.0,0.0,0,0.0,0.006377479414858778,89
4565.139590426,18.24999999999932,0,1,0.0,0.0,0.0,0.0,0.0,0.0,0,0.0,0.006319611600872577,89
4565.149567262,18.259999999999334,0,1,0.0,0.0,0.0,0.0,0.0,0.0,0,0.0,0.006285812982101874,89
4565.159613537,18.269999999999346,0,1,0.0,0.0,0.0,0.0,0.0,0.0,0,0.0,0.006313276081024555,92
4565.169392407,18.279999999999358,0,1,0.0,0.0,0.0,0.0,0.0,0.0,0,0.0,0.006338071128776546,92
4565.179842298,18.28999999999937,0,1,0.0,0.0,0.0,0.0,0.0,0.0,0,0.0,0.006360502329195716,92
4565.189661807,18.299999999999383,0,1,0.0,0.0,0.0,0.0,0.0,0.0,0,0.0,0.006380904618779548,94
4565.199700038,18.309999999999395,0,1,0.0,0.0,0.0,0.0,0.0,0.0,0,0.0,0.006399410772410324,94
4565.209625434,18.319999999999407,0,1,0.0,0.0,0.0,0.0,0.0,0.0,0,0.0,0.006416136037248499,94
4565.219554319,18.32999999999942,0,1,0.0,0.0,0.0,0.0,0.0,0.0,0,0.0,0.006431225535634744,94
4565.229735106,18.33999999999943,0,1,0.0,0.0,0.0,0.0,0.0,0.0,0,0.0,0.0064448192313810715,98
4565.239841406,18.349999999999444,0,1,0.0,0.0,0.0,0.0,0.0,0.0,0,0.0,0.00645705464665669,98
4565.249384938,18.359999999999456,0,1,0.0,0.0,0.0,0.0,0.0,0.0,0,0.0,0.006468075071356633,98
4565.259914329,18.369999999999468,0,1,0.0,0.0,0.0,0.0,0.0,0.0,0,0.0,0.006478224274558547,100
4565.269776319,18.37999999999948,0,1,0.0,0.0,0.0,0.0,0.0,0.0,0,0.0,0.006487840524507765,100
4565.279562733,18.389999999999493,0,1,0.0,0.0,0.0,0.0,0.0,0.0,0,0.0,0.006497075929996737,100
4565.291064474,18.399999999999505,0,1,0.0,0.0,0.0,0.0,0.0,0.0,0,0.0,0.006506001163883446,101
4565.299636842,18.409999999999517,0,1,0.0,0.0,0.0,0.0,0.0,0.0,0,0.0,0.00651465194551018,102
4565.309782734,18.41999999999953,0,1,0.0,0.0,0.0,0.0,0.0,0.0,0,0.0,0.00652304847531579,102
4565.319722428,18.42999999999954,0,1,0.0,0.0,0.0,0.0,0.0,0.0,0,0.0,0.006531203854791778,102
4565.329659729,18.439999999999554,0,1,0.0,0.0,0.0,0.0,0.0,0.0,0,0.0,0.006539127831344221,104
4565.339785098,18.449999999999566,0,1,0.0,0.0,0.0,0.0,0.0,0.0,0,0.0,0.006546828494104151,104
4565.349635485,18.459999999999578,0,1,0.0,0.0,0.0,0.0,0.0,0.0,0,0.0,0.00655431305152504,104
4565.360011228,18.46999999999959,0,1,0.0,0.0,0.0,0.0,0.0,0.0,0,0.0,0.006561588191862644,107
4565.369436174,18.479999999999603,0,1,0.0,0.0,0.0,0.0,0.0,0.0,0,0.0,0.006568660252767006,107
4565.379812104,18.489999999999615,0,1,0.0,0.0,0.0,0.0,0.0,0.0,0,0.0,0.00657553530320909,107
4565.389658611,18.499999999999627,0,1,0.0,0.0,0.0,0.0,0.0,0.0,0,0.0,0.0065822191850655465,107
4565.399463982,18.50999999999964,0,1,0.0,0.0,0.0,0.0,0.0,0.0,0,0.0,0.006588717536079897,109
4565.4094491,18.51999999999965,0,1,0.0,0.0,0.0,0.0,0.0,0.0,0,0.0,0.006595035804156046,109
4565.419624886,18.529999999999664,0,1,0.0,0.0,0.0,0.0,0.0,0.0,0,0.0,0.006601179257540418,0
4565.42963082,18.539999999999676,0,1,0.0,0.0,0.0,0.0,0.0,0.0,0,0.0,0.006607152992974569,2
4565.439829596,18.549999999999688,0,1,0.0,0.0,0.0,0.0,0.0,0.0,0,0.0,0.006612961942771334,2
4565.44968317,18.5599999999997,0,1,0.0,0.0,0.0,0.0,0.0,0.0,0,0.0,0.006618610881252901,2
4565.461440877,18.569999999999713,0,1,0.0,0.0,0.0,0.0,0.0,0.0,0,0.0,0.006624104430756367,3
4565.46977046,18.579999999999725,0,1,0.0,0.0,0.0,0.0,0.0,0.0,0,0.0,0.006629447067306726,5
4565.479811318,18.589999999999737,0,1,0.0,0.0,0.0,0.0,0.0,0.0,0,0.0,0.006634643126008921,5
4565.489383264,18.59999999999975,0,1,0.0,0.0,0.0,0.0,0.0,0.0,0,0.0,0.006639696806189782,5
4565.499559833,18.60999999999976,0,1,0.0,0.0,0.0,0.0,0.0,0.0,0,0.0,0.0066446121763086285,9
4565.509820585,18.619999999999774,0,1,0.0,0.0,0.0,0.0,0.0,0.0,0,0.0,0.006649393178652818,9
4565.519732659,18.629999999999786,0,1,0.0,0.0,0.0,0.0,0.0,0.0,0,0.0,0.0066540436338296816,9
4565.530091656,18.639999999999798,0,1,0.0,0.0,0.0,0.0,0.0,0.0,0,0.0,0.006658567245066138,12
4565.539468959,18.64999999999981,0,1,0.0,0.0,0.0,0.0,0.0,0.0,0,0.0,0.006662967602326458,12
4565.54981338,18.659999999999823,0,1,0.0,0.0,0.0,0.0,0.0,0.0,0,0.0,0.006667248186256802,12
4565.559560922,18.669999999999835,0,1,0.0,0.0,0.0,0.0,0.0,0.0,0,0.0,0.006671412371966001,12
4565.569624821,18.679999999999847,0,1,0.0,0.0,0.0,0.0,0.0,0.0,0,0.0,0.006675463432649881,14
4565.579514819,18.68999999999986,0,1,0.0,0.0,0.0,0.0,0.0,0.0,0,0.0,0.006679404543067674,14
4565.589619097,18.69999999999987,0,1,0.0,0.0,0.0,0.0,0.0,0.0,0,0.0,0.0066832387828774376,14
4565.600109983,18.709999999999884,0,1,0.0,0.0,0.0,0.0,0.0,0.0,0,0.0,0.006686969139837323,17
4565.609825861,18.719999999999896,0,1,0.0,0.0,0.0,0.0,0.0,0.0,0,0.0,0.006690598512879037,17
4565.619470838,18.729999999999908,0,1,0.0,0.0,0.0,0.0,0.0,0.0,0,0.0,0.006694129715059949,17
4565.632633439,18.73999999999992,0,1,0.0,0.0,0.0,0.0,0.0,0.0,0,0.0,0.00669756547639952,18
4565.639668042,18.749999999999932,0,1,0.0,0.0,0.0,0.0,0.0,0.0,0,0.0,0.006700908446605175,21
4565.649397075,18.759999999999945,0,1,0.0,0.0,0.0,0.0,0.0,0.0,0,0.0,0.0067041611976934035,21
4565.659638657,18.769999999999957,0,1,0.0,0.0,0.0,0.0,0.0,0.0,0,0.0,0.006707326226510213,21
4565.669583046,18.77999999999997,0,1,0.0,0.0,0.0,0.0,0.0,0.0,0,0.0,0.00671040595715619,24
4565.679606493,18.78999999999998,0,1,0.0,0.0,0.0,0.0,0.0,0.0,0,0.0,0.00671340274332019,24
4565.689760897,18.799999999999994,0,1,0.0,0.0,0.0,0.0,0.0,0.0,0,0.0,0.0067163188705259835,24
4565.699946305,18.810000000000006,0,1,0.0,0.0,0.0,0.0,0.0,0.0,0,0.0,0.006719156558295386,27
4565.709648583,18.820000000000018,0,1,0.0,0.0,0.0,0.0,0.0,0.0,0,0.0,0.0067219179622323155,27
4565.71967423,18.83000000000003,0,1,0.0,0.0,0.0,0.0,0.0,0.0,0,0.0,0.006724605176030407,27
4565.729544994,18.840000000000042,0,1,0.0,0.0,0.0,0.0,0.0,0.0,0,0.0,0.006727220233407993,27
4565.739407265,18.850000000000055,0,1,0.0,0.0,0.0,0.0,0.0,0.0,0,0.0,0.006729765109973779,30
4565.74965138,18.860000000000067,0,1,0.0,0.0,0.0,0.0,0.0,0.0,0,0.0,0.006732241725025762,30
4565.759547581,18.87000000000008,0,1,0.0,0.0,0.0,0.0,0.0,0.0,0,0.0,0.006734651943286651,30
4565.769647596,18.88000000000009,0,1,0.0,0.0,0.0,0.0,0.0,0.0,0,0.0,0.006736997576577808,33
4565.779614197,18.890000000000104,0,1,0.0,0.0,0.0,0.0,0.0,0.0,0,0.0,0.0067392803854353645,33
4565.789648806,18.900000000000116,0,1,0.0,0.0,0.0,0.0,0.0,0.0,0,0.0,0.006741502080669759,33
4565.801540387,18.910000000000128,0,1,0.0,0.0,0.0,0.0,0.0,0.0,0,0.0,0.0067436643248720285,34
4565.809551745,18.92000000000014,0,1,0.0,0.0,0.0,0.0,0.0,0.0,0,0.0,0.006745768733868229,36
4565.819462872,18.930000000000152,0,1,0.0,0.0,0.0,0.0,0.0,0.0,0,0.0,0.006747816878124646,36
4565.829472529,18.940000000000165,0,1,0.0,0.0,0.0,0.0,0.0,0.0,0,0.0,0.006749810284105401,36
4565.839629441,18.950000000000177,0,1,0.0,0.0,0.0,0.0,0.0,0.0,0,0.0,0.00675175043558468,39
4565.849589976,18.96000000000019,0,1,0.0,0.0,0.0,0.0,0.0,0.0,0,0.0,0.006753638774915194,39
4565.859647092,18.9700000000002,1,1,3.0178910413173536,1.5088898009996754,0.1,0.6,0.11843107076813424,0.11843107076813424,0,13.583125782994307,0.006273240810329872,39
4565.870790566,18.980000000000214,1,1,3.3412863353116578,1.7061354156115118,0.10000000000000002,0.6,0.1306100442476809,0.1306100442476809,0,13.583457254040756,0.007215902652782047,42
4565.879606111,18.990000000000226,1,1,3.7546902521678267,1.9312843700451063,0.09999999999999999,0.5999999999999999,0.14114278261179303,0.14114278261179303,0,13.584306791177024,0.008036290157126924,43
4565.889865951,19.000000000000238,1,1,4.3214130312142,2.1826001620240825,0.10000000000000002,0.6,0.15084344744476927,0.15084344744476927,0,13.585568495543205,0.008742556788747802,43
4565.899713265,19.01000000000025,1,1,4.991909415759739,2.448599762061,0.10000000000000002,0.6,0.1601960157983262,0.1601960157983262,0,13.58716465675244,0.009379333877381324,44
4565.909786855,19.020000000000262,1,1,5.66972046913919,2.7254603701893965,0.1,0.6,0.1690740712615973,0.1690740712615973,0,13.589047117363712,0.009949858447799942,50
4565.919646491,19.030000000000275,1,1,6.313125304734808,3.00778255858992,0.10000000000000002,0.6,0.17796857813258105,0.17796857813258105,0,13.591168480137888,0.010457624914248287,50
4565.929772977,19.040000000000287,1,1,6.975454459679876,3.2884373445040644,0.1,0.5999999999999999,0.18670985544540875,0.18670985544540875,0,13.593483016454687,0.0109487901672074,50
4565.939912704,19.0500000000003,1,1,7.625954550914839,3.5655690680595997,0.1,0.6,0.19525874706116045,0.19525874706116045,0,13.59599301717303,0.011433334169382858,55
4565.950339429,19.06000000000031,1,1,8.198041775614477,3.8372187203377734,0.10000000000000002,0.6,0.20396414713324162,0.20396414713324162,0,13.598705979404647,0.011922586882787245,55
4565.959617828,19.070000000000324,1,1,8.758464928084523,4.1005874611185495,0.1,0.6,0.2124030235800161,0.2124030235800161,0,13.601635995103738,0.012423216515040858,56
4565.97297403,19.080000000000336,1,1,9.335022235250843,4.3549447868550795,0.1,0.5999999999999999,0.22029225904051675,0.22029225904051675,0,13.604798899010431,0.012930756079356565,57
4565.979690279,19.090000000000348,1,1,9.906621633401624,4.598579596758767,0.1,0.6,0.22758147434408238,0.22758147434408238,0,13.608205490977879,0.013442643883899486,62
4565.989639524,19.10000000000036,1,1,10.448716172481829,4.831768392304446,0.1,0.6,0.2345826449801992,0.2345826449801992,0,13.611869816659626,0.013976784806319253,63
4565.999665925,19.110000000000372,1,1,10.9978312076773,5.0539034042321775,0.1,0.6,0.2407577810089489,0.2407577810089489,0,13.615816272315108,0.014806384453194044,63
4566.009752151,19.120000000000385,1,1,11.539897044807248,5.264779042909102,0.1,0.6,0.25029130229674523,0.25029130229674523,0,13.620056463311881,0.015683681656352144,67
4566.019636795,19.130000000000397,1,1,12.042320802964044,5.464486160523404,0.09999999999999999,0.6,0.26008617650923,0.26008617650923,0,13.624593250513113,0.016523082704324343,67
4566.029780204,19.14000000000041,1,1,12.503966808699493,5.6543163634381095,0.1,0.6,0.2676053685139416,0.2676053685139416,0,13.629433933560533,0.017323559312490078,67
4566.040753268,19.15000000000042,1,1,12.929476251535556,5.833297889761603,0.10000000000000002,0.6,0.26745450200729803,0.26745450200729803,0,13.634568762515004,0.01808413189956748,70
4566.0496034,19.160000000000434,1,1,13.31290423890813,6.002245153527582,0.1,0.6,0.2680322717184282,0.2680322717184282,0,13.639958891038043,0.018739489006426524,71
4566.059935004,19.170000000000446,1,1,13.658839789755296,6.16262247752942,0.10000000000000002,0.6,0.27460101089490946,0.27460101089490946,0,13.645575873489033,0.019293496504196872,71
4566.069553542,19.180000000000458,1,1,13.967935923850733,6.315380829771975,0.1,0.6,0.280922741520457,0.280922741520457,0,13.651398924818377,0.019758123708110142,71
4566.07958438,19.19000000000047,1,1,14.24122197975597,6.4612052712413215,0.10000000000000002,0.6,0.28699823390167706,0.28699823390167706,0,13.657419531237522,0.0201439382558648,77
4566.08959502,19.200000000000482,1,1,14.480523073723978,6.601671482823797,0.1,0.6,0.2925932393505381,0.2925932393505381,0,13.663634532650038,0.020462042828387927,77
4566.099606079,19.210000000000495,1,1,14.691169863216002,6.737108900360115,0.10000000000000002,0.6000000000000001,0.29768570037984,0.29768570037984,0,13.67004374303098,0.021103823654119835,77
4566.110895424,19.220000000000507,1,1,14.87774142960942,6.86753020902995,0.1,0.6,0.3024147136015628,0.3024147136015628,0,13.676645301234714,0.02205318802701539,82
4566.119691073,19.23000000000052,1,1,15.047252340020082,6.993361859722294,0.10000000000000002,0.6000000000000001,0.3067541485707193,0.3067541485707193,0,13.683445787924041,0.022954831237370854,83
4566.12972937,19.24000000000053,1,1,15.195987574402661,7.11461610762684,0.1,0.6,0.3108552591749016,0.3108552591749016,0,13.690454034237105,0.02381062108869203,84
4566.141717634,19.250000000000544,1,1,15.33441952234069,7.23174542227905,0.1,0.6,0.3146542570024774,0.3146542570024774,0,13.697685120533672,0.024622396840362992,85
4566.149738567,19.260000000000556,1,1,15.466306351085338,7.3452269330876705,0.1,0.6,0.3181576129154606,0.3181576129154606,0,13.705152254969219,0.025391248498848995,89
4566.159648415,19.270000000000568,1,1,15.593774993833089,7.455631148313853,0.10000000000000002,0.5999999999999999,0.3213290049883227,0.3213290049883227,0,13.712860330639105,0.026118420291895705,91
4566.169649225,19.28000000000058,1,1,15.717964721287899,7.563040713027594,0.10000000000000003,0.6,0.324265377366173,0.324265377366173,0,13.72080386463835,0.026805155890396115,91
4566.179889424,19.290000000000592,1,1,15.834393601427857,7.667482923945461,0.09999999999999999,0.6,0.3271076672223543,0.3271076672223543,0,13.728968755944521,0.027453821259979305,95
4566.189804083,19.300000000000605,1,1,15.944752780967672,7.7693182336790745,0.10000000000000002,0.6,0.3298459576483578,0.3298459576483578,0,13.737337411402011,0.0280671075275844,95
4566.199556289,19.310000000000617,1,1,16.052127992185902,7.868686185265795,0.1,0.6,0.33240800212692095,0.33240800212692095,0,13.745890484912113,0.02864712331799879,95
4566.210769608,19.32000000000063,1,1,16.153363296605296,7.965158290444687,0.1,0.6,0.3350853327862845,0.3350853327862845,0,13.754606900444346,0.029196653731286992,98
4566.219673518,19.33000000000064,1,1,16.247852780694696,8.059241659751725,0.09999999999999999,0.6,0.33779533925994537,0.33779533925994537,0,13.763469172387698,0.02971954946458033,99
4566.229633228,19.340000000000654,1,1,16.33413430540241,8.150753739459105,0.1,0.6000000000000001,0.3406630498499069,0.3406630498499069,0,13.772464956526525,0.03021925527242969,99
4566.239875938,19.350000000000666,1,1,16.41459622788078,8.240268837734657,0.09999999999999999,0.6,0.34351077446017786,0.34351077446017786,0,13.781585126328574,0.03069867100151874,99
4566.249695982,19.360000000000678,1,1,16.489286138932993,8.328055153929805,0.1,0.6000000000000001,0.34625225685729444,0.34625225685729444,0,13.790817870687762,0.03115906664797552,103
4566.259830584,19.37000000000069,1,1,16.55405891639964,8.41439445886797,0.1,0.6000000000000001,0.3489173481583928,0.3489173481583928,0,13.80014306757502,0.03160135000113634,103
4566.269649276,19.380000000000702,1,1,16.611401950915994,8.49921777134264,0.10000000000000002,0.5999999999999999,0.351472254790294,0.351472254790294,0,13.809530212170827,0.032026367841320735,103
4566.279818762,19.390000000000715,1,1,16.657518213150535,8.582559904220885,0.1,0.6,0.3540164337774314,0.3540164337774314,0,13.818941274635801,0.032434958068577935,108
4566.289635647,19.400000000000727,1,1,16.70214167230627,8.66415207785586,0.1,0.6,0.3566409595553277,0.3566409595553277,0,13.828331845989089,0.032829584342518925,108
4566.300114144,19.41000000000074,1,1,16.744218101315887,8.744163127853053,0.1,0.6,0.35925996403241794,0.35925996403241794,0,13.837660084333196,0.03321162488501633,108
4566.311683665,19.42000000000075,1,1,16.783768845345826,8.822906009299691,0.1,0.6000000000000001,0.3618716602127082,0.3618716602127082,0,13.84688723330711,0.0335822165457102,109
4566.319683397,19.430000000000764,1,1,16.822003266720202,8.900350151659921,0.10000000000000002,0.6,0.36433486421732236,0.36433486421732236,0,13.855977872648706,0.03394189521007129,113
4566.329601177,19.440000000000776,1,1,16.85551277470199,8.976863779700368,0.1,0.6,0.3666227474525555,0.3666227474525555,0,13.86489964272158,0.03428992932923275,113
4566.339664458,19.450000000000788,1,1,16.87883192339163,9.052379637982767,0.1,0.6,0.36872756786977745,0.36872756786977745,0,13.873618170382732,0.03462581544066329,113
4566.350271408,19.4600000000008,1,1,16.88830235755279,9.12702806425913,0.09999999999999999,0.6,0.37067489567542755,0.37067489567542755,0,13.882094454997597,0.03494881800547012,120
4566.359927137,19.470000000000812,1,1,16.885157572014446,9.200896421522092,0.1,0.6,0.3723875731642906,0.3723875731642906,0,13.89028110751894,0.035258257478917476,121
4566.369616572,19.480000000000825,1,1,16.87417429950921,9.274261463213355,0.09999999999999999,0.6,0.37390651941006464,0.37390651941006464,0,13.898125691807433,0.03555359738724678,121
4566.382513862,19.490000000000837,1,1,16.813066665479727,9.347113052297221,0.09497229777212676,0.6,0.37549736260300715,0.37549736260300715,0,13.90557835555639,0.03583562504475013,125
4566.389632189,19.50000000000085,1,1,16.20048258593909,9.419663317752239,0.1,0.6,0.37689976190908003,0.37689976190908003,0,13.91258716618778,0.03610453937724861,133
4566.39972499,19.51000000000086,1,1,15.573387582073366,9.491799305090257,0.1,0.6,0.37838454737271504,0.37838454737271504,0,13.919120012217398,0.03636204388646852,133
4566.409783551,19.520000000000874,1,1,14.860705437651015,9.563475525368233,0.05576331629581504,0.6,0.3798116517302568,0.3798116517302568,0,13.925153235269589,0.036609868299250614,133
4566.419685164,19.530000000000886,1,1,14.173274493518534,9.634730927598108,0.10000000000000002,0.5999999999999999,0.38114452762562967,0.38114452762562967,0,13.930660759317039,0.0368462577730021,0
4566.429615647,19.540000000000898,1,1,13.40014379188497,9.705633444846054,0.1,0.6,0.38234043246887023,0.38234043246887023,0,13.93561775580727,0.037072792240953445,0
4566.439629509,19.55000000000091,1,1,12.531305653054087,9.776108586469206,0.1,0.6,0.38377081769936133,0.38377081769936133,0,13.9400149015231,0.03728887989688984,0
4566.449836225,19.560000000000922,1,1,11.565805182534922,9.846001394601895,0.09999999999999999,0.6,0.38409840142500334,0.38409840142500334,0,13.943857145136215,0.03749425785001825,4
4566.460088868,19.570000000000935,1,1,10.694259900245894,9.915398564940306,0.10000000000000002,0.6000000000000001,0.38336491350973645,0.38336491350973645,0,13.947154090950134,0.03767448377101473,4
4566.470193343,19.580000000000947,1,1,9.59474285253944,9.984184092316696,0.041936659066371236,0.6,0.3837242045610879,0.3837242045610879,0,13.949891020074956,0.03783658280470159,4
4566.482446614,19.59000000000096,1,1,8.70329788297545,10.052719431040716,0.1,0.6000000000000001,0.3831672011268495,0.3831672011268495,0,13.952105173684417,0.03798105764563231,5
4566.489689111,19.60000000000097,1,1,7.858851745268547,10.121254522537486,0.06271412268179395,0.6,0.3830988298651448,0.3830988298651448,0,13.953810524952226,0.03811082592027837,9
4566.499679689,19.610000000000984,1,1,7.105117851389261,10.18978919154873,0.07866389371424501,0.6,0.3827456321763436,0.3827456321763436,0,13.955023175042534,0.038225400950969324,9
4566.509653759,19.620000000000996,1,1,6.228431193599276,10.258327262849363,0.07922637161623085,0.6,0.38192877526831004,0.38192877526831004,0,13.955759141589585,0.038322774461806264,9
4566.519634939,19.630000000001008,1,1,5.343952975490296,10.326446848033434,0.10000000000000002,0.6,0.3811895199614937,0.3811895199614937,0,13.95605346490475,0.03840453455791909,14
4566.529604657,19.64000000000102,1,1,4.690270205357416,10.393622151711103,0.09999999999999999,0.6,0.38156758131060153,0.38156758131060153,0,13.955979673537598,0.038478922448084873,15
4566.539602405,19.650000000001032,1,1,3.958573554302203,10.458535832579157,0.09999999999999999,0.6,0.3818632712565193,0.3818632712565193,0,13.955628102748875,0.038549877316992276,15
4566.550576375,19.660000000001045,1,1,3.5176295254829233,10.518880184701217,0.1,0.5999999999999999,0.38218014868394046,0.38218014868394046,0,13.955125956780332,0.03861507688671084,18
4566.559670454,19.670000000001057,1,1,3.160719042418509,10.57327103528915,0.1,0.6,0.38111367046831013,0.38111367046831013,0,13.954623939608997,0.03867166620270179,19
4566.569466619,19.68000000000107,0,1,0.0,0.0,0.0,0.0,0.0,0.0,0,0.0,0.038335351293210806,19
4566.579416638,19.69000000000108,0,1,0.0,0.0,0.0,0.0,0.0,0.0,0,0.0,0.03475195040487061,19
4566.589378874,19.700000000001094,0,1,0.0,0.0,0.0,0.0,0.0,0.0,0,0.0,0.03151249412452928,21
4566.599754549,19.710000000001106,0,1,0.0,0.0,0.0,0.0,0.0,0.0,0,0.0,0.028584437050442335,21
4566.609516821,19.720000000001118,0,1,0.0,0.0,0.0,0.0,0.0,0.0,0,0.0,0.025937621824476675,21
4566.61948028,19.73000000000113,0,1,0.0,0.0,0.0,0.0,0.0,0.0,0,0.0,0.023544959633853835,23
4566.629387716,19.740000000001142,0,1,0.0,0.0,0.0,0.0,0.0,0.0,0,0.0,0.021382021474701807,23
4566.639404663,19.750000000001155,0,1,0.0,0.0,0.0,0.0,0.0,0.0,0,0.0,0.019426743685663106,23
4566.650842332,19.760000000001167,0,1,0.0,0.0,0.0,0.0,0.0,0.0,0,0.0,0.017659187506822827,24
4566.659377384,19.77000000000118,0,1,0.0,0.0,0.0,0.0,0.0,0.0,0,0.0,0.016061330524974604,25
4566.669432277,19.78000000000119,0,1,0.0,0.0,0.0,0.0,0.0,0.0,0,0.0,0.01461688115506199,25
4566.679392452,19.790000000001204,0,1,0.0,0.0,0.0,0.0,0.0,0.0,0,0.0,0.013311111964495137,25
4566.689401613,19.800000000001216,0,1,0.0,0.0,0.0,0.0,0.0,0.0,0,0.0,0.01213070934643079,28
4566.699402314,19.810000000001228,0,1,0.0,0.0,0.0,0.0,0.0,0.0,0,0.0,0.01106363777502406,28
4566.709460391,19.82000000000124,0,1,0.0,0.0,0.0,0.0,0.0,0.0,0,0.0,0.010099017071854566,28
4566.719495816,19.830000000001252,0,1,0.0,0.0,0.0,0.0,0.0,0.0,0,0.0,0.009227011505866578,31
4566.729373089,19.840000000001265,0,1,0.0,0.0,0.0,0.0,0.0,0.0,0,0.0,0.008438729546495105,31
4566.739474185,19.850000000001277,0,1,0.0,0.0,0.0,0.0,0.0,0.0,0,0.0,0.007726133230823384,31
4566.749427781,19.86000000000129,0,1,0.0,0.0,0.0,0.0,0.0,0.0,0,0.0,0.0075289256602601995,31
4566.759391045,19.8700000000013,0,1,0.0,0.0,0.0,0.0,0.0,0.0,0,0.0,0.007364216526549283,33
4566.769777959,19.880000000001314,0,1,0.0,0.0,0.0,0.0,0.0,0.0,0,0.0,0.007214890174995547,33
4566.779573787,19.890000000001326,0,1,0.0,0.0,0.0,0.0,0.0,0.0,0,0.0,0.007079515364095013,33
4566.789366459,19.900000000001338,0,1,0.0,0.0,0.0,0.0,0.0,0.0,0,0.0,0.006956793447058018,36
4566.799583567,19.91000000000135,0,1,0.0,0.0,0.0,0.0,0.0,0.0,0,0.0,0.006845548318753059,36
4566.809718551,19.920000000001362,0,1,0.0,0.0,0.0,0.0,0.0,0.0,0,0.0,0.006744710154491518,36
4566.822746169,19.930000000001375,0,1,0.0,0.0,0.0,0.0,0.0,0.0,0,0.0,0.006653308654425594,37
4566.830052725,19.940000000001387,0,1,0.0,0.0,0.0,0.0,0.0,0.0,0,0.0,0.006570462990658665,40
4566.839416233,19.9500000000014,0,1,0.0,0.0,0.0,0.0,0.0,0.0,0,0.0,0.006605482423740927,40
4566.84938204,19.96000000000141,0,1,0.0,0.0,0.0,0.0,0.0,0.0,0,0.0,0.006694192929815157,40
4566.859470848,19.970000000001424,0,1,0.0,0.0,0.0,0.0,0.0,0.0,0,0.0,0.006774087079191027,43
4566.869683136,19.980000000001436,0,1,0.0,0.0,0.0,0.0,0.0,0.0,0,0.0,0.0068460420851337855,43
4566.879523143,19.990000000001448,0,1,0.0,0.0,0.0,0.0,0.0,0.0,0,0.0,0.006910847868153103,43
4566.890080172,20.00000000000146,0,1,0.0,0.0,0.0,0.0,0.0,0.0,0,0.0,0.006969215695696418,46
4566.899381561,20.010000000001472,0,1,0.0,0.0,0.0,0.0,0.0,0.0,0,0.0,0.007021785995858398,46
4566.909398538,20.020000000001485,0,1,0.0,0.0,0.0,0.0,0.0,0.0,0,0.0,0.007069192707629679,46
4566.919529614,20.030000000001497,0,1,0.0,0.0,0.0,0.0,0.0,0.0,0,0.0,0.0071120382344291855,46
4566.929458592,20.04000000000151,0,1,0.0,0.0,0.0,0.0,0.0,0.0,0,0.0,0.007150698680948475,49
4566.939471802,20.05000000000152,0,1,0.0,0.0,0.0,0.0,0.0,0.0,0,0.0,0.007185538915305878,49
4566.949621822,20.060000000001533,0,1,0.0,0.0,0.0,0.0,0.0,0.0,0,0.0,0.007216915689570724,49
4566.959572648,20.070000000001546,0,1,0.0,0.0,0.0,0.0,0.0,0.0,0,0.0,0.007245151425987806,52
4566.969498574,20.080000000001558,0,1,0.0,0.0,0.0,0.0,0.0,0.0,0,0.0,0.007270549273700466,52
4566.979486282,20.09000000000157,0,1,0.0,0.0,0.0,0.0,0.0,0.0,0,0.0,0.007293390328381111,52
4566.991167441,20.100000000001582,0,1,0.0,0.0,0.0,0.0,0.0,0.0,0,0.0,0.007313931062657153,53
4566.999437513,20.110000000001595,0,1,0.0,0.0,0.0,0.0,0.0,0.0,0,0.0,0.0073324034371937685,55
4567.009454163,20.120000000001607,0,1,0.0,0.0,0.0,0.0,0.0,0.0,0,0.0,0.007349016418350562,55
4567.019469057,20.13000000000162,0,1,0.0,0.0,0.0,0.0,0.0,0.0,0,0.0,0.007363957958193501,55
4567.029568345,20.14000000000163,0,1,0.0,0.0,0.0,0.0,0.0,0.0,0,0.0,0.0073773970083693685,58
4567.039434554,20.150000000001643,0,1,0.0,0.0,0.0,0.0,0.0,0.0,0,0.0,0.007389485411569141,58
4567.049452387,20.160000000001656,0,1,0.0,0.0,0.0,0.0,0.0,0.0,0,0.0,0.007400363319597036,58
4567.059862678,20.170000000001668,0,1,0.0,0.0,0.0,0.0,0.0,0.0,0,0.0,0.0074103328886507835,61
4567.069475593,20.18000000000168,0,1,0.0,0.0,0.0,0.0,0.0,0.0,0,0.0,0.007419767170274316,61
4567.079445035,20.190000000001692,0,1,0.0,0.0,0.0,0.0,0.0,0.0,0,0.0,0.007428836103346326,61
4567.089464585,20.200000000001705,0,1,0.0,0.0,0.0,0.0,0.0,0.0,0,0.0,0.007437612420898132,61
4567.099655224,20.210000000001717,0,1,0.0,0.0,0.0,0.0,0.0,0.0,0,0.0,0.0074461296836328406,64
4567.109525723,20.22000000000173,0,1,0.0,0.0,0.0,0.0,0.0,0.0,0,0.0,0.007454405537706987,64
4567.119879782,20.23000000000174,0,1,0.0,0.0,0.0,0.0,0.0,0.0,0,0.0,0.007462451067368425,64
4567.129739232,20.240000000001753,0,1,0.0,0.0,0.0,0.0,0.0,0.0,0,0.0,0.00747027457146171,68
4567.139616179,20.250000000001766,0,1,0.0,0.0,0.0,0.0,0.0,0.0,0,0.0,0.00747788309650671,68
4567.149662658,20.260000000001778,0,1,0.0,0.0,0.0,0.0,0.0,0.0,0,0.0,0.00748528306389129,68
4567.161041342,20.27000000000179,0,1,0.0,0.0,0.0,0.0,0.0,0.0,0,0.0,0.007492480529778911,69
4567.169891979,20.280000000001802,0,1,0.0,0.0,0.0,0.0,0.0,0.0,0,0.0,0.007499481295410393,70
4567.179637981,20.290000000001815,0,1,0.0,0.0,0.0,0.0,0.0,0.0,0,0.0,0.007506290956121375,70
4567.189823152,20.300000000001827,0,1,0.0,0.0,0.0,0.0,0.0,0.0,0,0.0,0.007512914925064174,70
4567.199508912,20.31000000000184,0,1,0.0,0.0,0.0,0.0,0.0,0.0,0,0.0,0.007519358446362201,73
4567.209902569,20.32000000000185,0,1,0.0,0.0,0.0,0.0,0.0,0.0,0,0.0,0.007525626603757107,73
4567.219444932,20.330000000001863,0,1,0.0,0.0,0.0,0.0,0.0,0.0,0,0.0,0.007531724327254519,73
4567.230053242,20.340000000001876,0,1,0.0,0.0,0.0,0.0,0.0,0.0,0,0.0,0.007537656398813375,76
4567.239424492,20.350000000001888,0,1,0.0,0.0,0.0,0.0,0.0,0.0,0,0.0,0.007543427457520457,76
4567.249456585,20.3600000000019,0,1,0.0,0.0,0.0,0.0,0.0,0.0,0,0.0,0.007549042004438733,76
4567.259463835,20.370000000001912,0,1,0.0,0.0,0.0,0.0,0.0,0.0,0,0.0,0.007554504407214779,76
4567.269405112,20.380000000001925,0,1,0.0,0.0,0.0,0.0,0.0,0.0,0,0.0,0.00755981890448576,78
4567.279739769,20.390000000001937,0,1,0.0,0.0,0.0,0.0,0.0,0.0,0,0.0,0.007564989610107542,78
4567.289437018,20.40000000000195,0,1,0.0,0.0,0.0,0.0,0.0,0.0,0,0.0,0.007570020517217113,78
4567.299432201,20.41000000000196,0,1,0.0,0.0,0.0,0.0,0.0,0.0,0,0.0,0.007574915502139679,81
4567.30953766,20.420000000001973,0,1,0.0,0.0,0.0,0.0,0.0,0.0,0,0.0,0.007579678328148265,81
4567.319502359,20.430000000001986,0,1,0.0,0.0,0.0,0.0,0.0,0.0,0,0.0,0.007584312649082325,81
4567.332803755,20.440000000001998,0,1,0.0,0.0,0.0,0.0,0.0,0.0,0,0.0,0.00758882201283273,82
4567.339411388,20.45000000000201,0,1,0.0,0.0,0.0,0.0,0.0,0.0,0,0.0,0.007593209864698303,85
4567.349568122,20.460000000002022,0,1,0.0,0.0,0.0,0.0,0.0,0.0,0,0.0,0.00759747955061979,85
4567.359417653,20.470000000002035,0,1,0.0,0.0,0.0,0.0,0.0,0.0,0,0.0,0.007601634320297257,85
4567.36942499,20.480000000002047,0,1,0.0,0.0,0.0,0.0,0.0,0.0,0,0.0,0.007605677330194904,89
4567.3793829,20.49000000000206,0,1,0.0,0.0,0.0,0.0,0.0,0.0,0,0.0,0.007609611646438752,89
4567.389448415,20.50000000000207,0,1,0.0,0.0,0.0,0.0,0.0,0.0,0,0.0,0.007613440247611736,89
4567.399527525,20.510000000002083,0,1,0.0,0.0,0.0,0.0,0.0,0.0,0,0.0,0.007617166027450217,92
4567.409380986,20.520000000002096,0,1,0.0,0.0,0.0,0.0,0.0,0.0,0,0.0,0.007620791797446458,92
4567.419405781,20.530000000002108,0,1,0.0,0.0,0.0,0.0,0.0,0.0,0,0.0,0.007624320289360331,0
4567.429429148,20.54000000000212,0,1,0.0,0.0,0.0,0.0,0.0,0.0,0,0.0,0.00762775415764505,0
4567.439390708,20.550000000002132,0,1,0.0,0.0,0.0,0.0,0.0,0.0,0,0.0,0.007631095981789016,3
4567.449418213,20.560000000002145,0,1,0.0,0.0,0.0,0.0,0.0,0.0,0,0.0,0.00763434826857845,3
4567.459384858,20.570000000002157,0,1,0.0,0.0,0.0,0.0,0.0,0.0,0,0.0,0.00763751345428304,3
4567.469414248,20.58000000000217,0,1,0.0,0.0,0.0,0.0,0.0,0.0,0,0.0,0.007640593906768356,6
4567.479396051,20.59000000000218,0,1,0.0,0.0,0.0,0.0,0.0,0.0,0,0.0,0.007643591927537885,6
4567.489487122,20.600000000002193,0,1,0.0,0.0,0.0,0.0,0.0,0.0,0,0.0,0.007646509753706399,6
4567.500981329,20.610000000002206,0,1,0.0,0.0,0.0,0.0,0.0,0.0,0,0.0,0.0076493495599088135,7
4567.509470699,20.620000000002218,0,1,0.0,0.0,0.0,0.0,0.0,0.0,0,0.0,0.007652113460146104,8
4567.519419306,20.63000000000223,0,1,0.0,0.0,0.0,0.0,0.0,0.0,0,0.0,0.007654803509571373,8
4567.529425402,20.640000000002242,0,1,0.0,0.0,0.0,0.0,0.0,0.0,0,0.0,0.007657421706216638,8
4567.539408539,20.650000000002255,0,1,0.0,0.0,0.0,0.0,0.0,0.0,0,0.0,0.0076599699926655496,11
4567.549425449,20.660000000002267,0,1,0.0,0.0,0.0,0.0,0.0,0.0,0,0.0,0.0076624502576708164,11
4567.559429618,20.67000000000228,0,1,0.0,0.0,0.0,0.0,0.0,0.0,0,0.0,0.007664864337720956,11
4567.570299043,20.68000000000229,0,1,0.0,0.0,0.0,0.0,0.0,0.0,0,0.0,0.0076672140185565785,14
4567.579574215,20.690000000002303,0,1,0.0,0.0,0.0,0.0,0.0,0.0,0,0.0,0.007669501036638715,15
4567.589416716,20.700000000002316,0,1,0.0,0.0,0.0,0.0,0.0,0.0,0,0.0,0.007671727080571733,15
4567.599415008,20.710000000002328,0,1,0.0,0.0,0.0,0.0,0.0,0.0,0,0.0,0.00767389379248018,15
4567.609381248,20.72000000000234,0,1,0.0,0.0,0.0,0.0,0.0,0.0,0,0.0,0.0076760027693439925,17
4567.619370582,20.730000000002352,0,1,0.0,0.0,0.0,0.0,0.0,0.0,0,0.0,0.007678055564291297,17
4567.629621152,20.740000000002365,0,1,0.0,0.0,0.0,0.0,0.0,0.0,0,0.0,0.007680053687851518,17
4567.639453337,20.750000000002377,0,1,0.0,0.0,0.0,0.0,0.0,0.0,0,0.0,0.0076819986091703485,20
4567.64941982,20.76000000000239,0,1,0.0,0.0,0.0,0.0,0.0,0.0,0,0.0,0.0076838917571869225,20
4567.659460972,20.7700000000024,0,1,0.0,0.0,0.0,0.0,0.0,0.0,0,0.0,0.007685734521774734,20
4567.671472238,20.780000000002413,0,1,0.0,0.0,0.0,0.0,0.0,0.0,0,0.0,0.007687528254848641,21
4567.679414771,20.790000000002426,0,1,0.0,0.0,0.0,0.0,0.0,0.0,0,0.0,0.007689274271438007,23
4567.689388116,20.800000000002438,0,1,0.0,0.0,0.0,0.0,0.0,0.0,0,0.0,0.007690973850727201,23
4567.699474207,20.81000000000245,0,1,0.0,0.0,0.0,0.0,0.0,0.0,0,0.0,0.00769262823706468,23
4567.709375396,20.820000000002462,0,1,0.0,0.0,0.0,0.0,0.0,0.0,0,0.0,0.007694238640942874,26
4567.719401318,20.830000000002475,0,1,0.0,0.0,0.0,0.0,0.0,0.0,0,0.0,0.007695806239947256,26
4567.729547691,20.840000000002487,0,1,0.0,0.0,0.0,0.0,0.0,0.0,0,0.0,0.0076973321796783845,26
4567.739635075,20.8500000000025,0,1,0.0,0.0,0.0,0.0,0.0,0.0,0,0.0,0.007698817574646188,29
4567.749508754,20.86000000000251,0,1,0.0,0.0,0.0,0.0,0.0,0.0,0,0.0,0.00770026350913755,29
4567.759549689,20.870000000002523,0,1,0.0,0.0,0.0,0.0,0.0,0.0,0,0.0,0.007701671038058577,29
4567.76947279,20.880000000002536,0,1,0.0,0.0,0.0,0.0,0.0,0.0,0,0.0,0.007703041187752169,29
4567.779466081,20.890000000002548,0,1,0.0,0.0,0.0,0.0,0.0,0.0,0,0.0,0.007704374956791771,31
4567.789528992,20.90000000000256,0,1,0.0,0.0,0.0,0.0,0.0,0.0,0,0.0,0.007705673316751427,31
4567.799660146,20.910000000002572,0,1,0.0,0.0,0.0,0.0,0.0,0.0,0,0.0,0.0077069372129536795,31
4567.810878467,20.920000000002585,0,1,0.0,0.0,0.0,0.0,0.0,0.0,0,0.0,0.007708167565195878,36
4567.819686004,20.930000000002597,0,1,0.0,0.0,0.0,0.0,0.0,0.0,0,0.0,0.007709365268455393,37
4567.829458535,20.94000000000261,0,1,0.0,0.0,0.0,0.0,0.0,0.0,0,0.0,0.007710531193574399,37
4567.843367265,20.95000000000262,0,1,0.0,0.0,0.0,0.0,0.0,0.0,0,0.0,0.007711666187924848,38
4567.849559333,20.960000000002633,0,1,0.0,0.0,0.0,0.0,0.0,0.0,0,0.0,0.007712771076054226,42
4567.859578559,20.970000000002646,0,1,0.0,0.0,0.0,0.0,0.0,0.0,0,0.0,0.007713846660313439,42
4567.869619842,20.980000000002658,0,1,0.0,0.0,0.0,0.0,0.0,0.0,0,0.0,0.007714893721465665,42
4567.879555926,20.99000000000267,0,1,0.0,0.0,0.0,0.0,0.0,0.0,0,0.0,0.0077159130192789305,48
4567.889691775,21.000000000002682,0,1,0.0,0.0,0.0,0.0,0.0,0.0,0,0.0,0.0077169052931009285,48
4567.899689216,21.010000000002695,0,1,0.0,0.0,0.0,0.0,0.0,0.0,0,0.0,0.0077178712624180745,48
4567.912209221,21.020000000002707,0,1,0.0,0.0,0.0,0.0,0.0,0.0,0,0.0,0.007718811627398459,51
4567.919471886,21.03000000000272,0,1,0.0,0.0,0.0,0.0,0.0,0.0,0,0.0,0.007719727069419535,55
4567.929630783,21.04000000000273,0,1,0.0,0.0,0.0,0.0,0.0,0.0,0,0.0,0.007720618251580547,55
4567.939370727,21.050000000002743,0,1,0.0,0.0,0.0,0.0,0.0,0.0,0,0.0,0.007721485819200846,55
4567.949411481,21.060000000002756,0,1,0.0,0.0,0.0,0.0,0.0,0.0,0,0.0,0.007722330400304678,58
4567.959429129,21.070000000002768,0,1,0.0,0.0,0.0,0.0,0.0,0.0,0,0.0,0.007723152606090911,58
4567.969573179,21.08000000000278,0,1,0.0,0.0,0.0,0.0,0.0,0.0,0,0.0,0.00772395303139134,58
4567.979862743,21.090000000002792,1,1,5.307972224795565,7.879731013985525,0.10000000000000002,0.6000000000000001,0.3649959130033846,0.3649959130033846,0,13.955033546277681,0.007269521221189568,61
4567.989696457,21.100000000002805,1,1,5.833490264530552,8.046064127129384,0.1,0.6000000000000001,0.35945111121518597,0.35945111121518597,0,13.954652306085846,0.007909416542893233,61
4568.000150123,21.110000000002817,1,1,6.490021234854842,8.199126465275729,0.1,0.6,0.35415233187881917,0.35415233187881917,0,13.954255129080956,0.009426246931416138,61
4568.011962481,21.12000000000283,1,1,7.189859882192624,8.329088291904746,0.1,0.6,0.3636809529320698,0.3636809529320698,0,13.953866523614273,0.011381148699261545,62
4568.019736121,21.13000000000284,1,1,7.808719719855,8.450903892878488,0.09999999999999999,0.6,0.3739681093647439,0.3739681093647439,0,13.953487255137762,0.01369249746816803,67
4568.030265218,21.140000000002853,1,1,8.490313702008237,8.575765725577,0.1,0.6000000000000001,0.3841351165630069,0.3841351165630069,0,13.953116085062383,0.015714751300167473,68
4568.03962126,21.150000000002866,1,1,9.112685727017231,8.699542598658365,0.09999999999999999,0.6,0.3926341391638599,0.3926341391638599,0,13.952748909916506,0.017470623505050853,69
4568.049896436,21.160000000002878,1,1,9.673824450935125,8.830897462266126,0.1,0.6000000000000001,0.3994449913124292,0.3994449913124292,0,13.952380002538652,0.019216702382053974,73
4568.059608633,21.17000000000289,1,1,10.223997463982277,8.971258292911228,0.10000000000000002,0.6,0.40568744597356393,0.40568744597356393,0,13.95198857515186,0.02121259516731322,73
4568.069817249,21.180000000002902,1,1,10.744416282315981,9.118313946947131,0.1,0.6,0.4108890163514779,0.4108890163514779,0,13.951531354933415,0.023074166381409356,74
4568.080440642,21.190000000002915,1,1,11.223225553554704,9.268124730154343,0.1,0.6,0.4150721869990419,0.4150721869990419,0,13.950964812937514,0.024802297775621707,78
4568.08963818,21.200000000002927,1,1,11.637959326968321,9.415106519570054,0.1,0.6,0.4197650527926602,0.4197650527926602,0,13.9502512293155,0.026402056218018277,79
4568.099695727,21.21000000000294,1,1,11.879761630181859,9.563648958999234,0.10000000000000002,0.6,0.4236531829179589,0.4236531829179589,0,13.949361685299493,0.02789342878406975,79
4568.109601958,21.22000000000295,1,1,12.201278000835448,9.714019496358022,0.09999999999999999,0.6,0.4278777660000743,0.4278777660000743,0,13.948283827363829,0.029286350333203703,80
4568.119877171,21.230000000002963,1,1,12.382801678667068,9.866066338070222,0.10000000000000003,0.5999999999999999,0.43033540161751344,0.43033540161751344,0,13.947037139678159,0.030572876459040055,84
4568.12966167,21.240000000002976,1,1,12.41692837004111,10.016788927271907,0.09999999999999999,0.6,0.43152385452356185,0.43152385452356185,0,13.945620684731932,0.031750338166346426,84
4568.139600465,21.250000000002988,1,1,12.4408750166565,10.166554893631135,0.1,0.6,0.43340635726648147,0.43340635726648147,0,13.944033372096326,0.032839394222869744,84
4568.149577884,21.260000000003,1,1,12.483200871410085,10.31249121306959,0.1,0.6,0.43354887148628196,0.43354887148628196,0,13.942270809660426,0.03383166281155292,88
4568.159558255,21.270000000003012,1,1,12.451529269537785,10.454204089017168,0.1,0.6,0.43222498029770157,0.43222498029770157,0,13.940301138261523,0.03471858965705321,89
4568.16960062,21.280000000003024,1,1,12.478277251344478,10.592078183777094,0.09999999999999999,0.6,0.43320871077643186,0.43320871077643186,0,13.938094949929559,0.03551773182443996,89
4568.181502726,21.290000000003037,1,1,12.515573862113529,10.726528736787365,0.10000000000000002,0.6,0.4320748607048815,0.4320748607048815,0,13.93561961625607,0.0362328043637985,91
4568.189603362,21.30000000000305,1,1,12.60884034830806,10.85873508019867,0.1,0.6,0.43101494424179687,0.43101494424179687,0,13.93284585070231,0.036879008283659864,94
4568.199656222,21.31000000000306,1,1,12.681937737071609,10.988910079078014,0.1,0.6,0.4307409081122012,0.4307409081122012,0,13.929752362497915,0.037453881000528044,94
4568.209644839,21.320000000003073,1,1,12.87882813790504,11.117865491157893,0.10000000000000002,0.6,0.43104745575309433,0.43104745575309433,0,13.926317278141193,0.03797669229609202,94
4568.219728752,21.330000000003086,1,1,13.050529394095085,11.245380740571187,0.10000000000000003,0.6,0.4309360820336116,0.4309360820336116,0,13.922553637156117,0.03845045264957703,99
4568.229798447,21.340000000003098,1,1,13.199559540104794,11.371374131007709,0.1,0.6,0.4302222738860094,0.4302222738860094,0,13.918464242456423,0.03887276506369863,99
4568.239632789,21.35000000000311,1,1,13.338531999056498,11.496101212305543,0.1,0.6,0.4293621202426702,0.4293621202426702,0,13.914045119949423,0.039249074164211084,99
4568.251025305,21.360000000003122,1,1,13.467573596534335,11.619663683620736,0.09999999999999999,0.6,0.4286539103779363,0.4286539103779363,0,13.90929423790651,0.0395814374147041,103
4568.260121147,21.370000000003134,1,1,13.57667802768789,11.741947842247532,0.1,0.6,0.4271930084000968,0.4271930084000968,0,13.904202851495915,0.039873502313265696,105
4568.269650209,21.380000000003147,1,1,13.678843920870774,11.862864891238866,0.1,0.6,0.42550833337413924,0.42550833337413924,0,13.898764769717081,0.04012100894377335,105
4568.279778325,21.39000000000316,1,1,13.779404575201639,11.982439802481647,0.1,0.6,0.42398554450639686,0.42398554450639686,0,13.89297781643604,0.040329511094001846,105
4568.289729642,21.40000000000317,1,1,13.87749087472285,12.100689559999838,0.1,0.6,0.42269131552189176,0.42269131552189176,0,13.886849757203606,0.04050531207945207,109
4568.299713938,21.410000000003183,1,1,13.970053980445172,12.217487413662571,0.1,0.6,0.421435175758141,0.421435175758141,0,13.880399428598892,0.04065205497035684,109
4568.309555679,21.420000000003196,1,1,14.056351529755249,12.332853610738384,0.1,0.6,0.4201506031018182,0.4201506031018182,0,13.873656351617713,0.04077361276334934,109
4568.319555788,21.430000000003208,1,1,14.13576562171112,12.446820200423794,0.1,0.6,0.4186799892118219,0.4186799892118219,0,13.866658999777863,0.04087010515810885,113
4568.329839063,21.44000000000322,1,1,14.209782777834336,12.55952031151369,0.09999999999999999,0.6,0.4171102293377284,0.4171102293377284,0,13.85944677696548,0.04094282563447993,113
4568.339646598,21.450000000003232,1,1,14.272796331865019,12.671080426219866,0.09999999999999999,0.6,0.41500170219929283,0.41500170219929283,0,13.852056001366783,0.04099081427335505,113
4568.350794613,21.460000000003244,1,1,14.314043339939545,12.781544143307725,0.09999999999999999,0.6,0.4122014742288349,0.4122014742288349,0,13.84451193860518,0.0410108287085853,115
4568.359620941,21.470000000003257,1,1,14.341249215383556,12.890969103971809,0.1,0.6,0.408726411773918,0.408726411773918,0,13.836841898762817,0.04100050308842884,116
4568.369612012,21.48000000000327,1,1,14.335022261877784,12.999487394917859,0.1,0.6,0.40473651945499983,0.40473651945499983,0,13.829079805376882,0.040953477096832724,116
4568.379591098,21.49000000000328,1,1,14.07124769974315,13.107137935601397,0.1,0.6,0.40046496735055237,0.40046496735055237,0,13.821249558161968,0.04086960936143402,116
4568.389711747,21.500000000003293,1,1,13.391340997566626,13.213850512213883,0.1,0.6,0.3962348131278246,0.3962348131278246,0,13.813372280495626,0.04075782286308227,121
4568.399641567,21.510000000003306,1,1,12.78213795008008,13.319681159439863,0.10000000000000002,0.6,0.39161602078992686,0.39161602078992686,0,13.805492556942534,0.04061230802338245,121
4568.409857548,21.520000000003318,1,1,12.44169013200101,13.424698293081116,0.1,0.5999999999999999,0.38671475994411886,0.38671475994411886,0,13.79763575312527,0.0404350156105473,122
4568.420573729,21.53000000000333,1,1,11.762018864442696,13.52888354455178,0.040981538589857036,0.6,0.3860786328275853,0.3860786328275853,0,13.78985111980636,0.04024766830699078,3
4568.42975495,21.540000000003342,1,1,11.184977775592415,13.63229459852345,0.1,0.6,0.38300494595517953,0.38300494595517953,0,13.78221216816971,0.040065619171635314,8
4568.440051368,21.550000000003354,1,1,10.62015334085425,13.734988013683605,0.03766183735677586,0.6,0.3807328632050472,0.3807328632050472,0,13.774759227018798,0.03987852086352772,10
4568.455376604,21.560000000003367,1,1,9.857384748192821,13.837013885853729,0.10000000000000002,0.6000000000000001,0.3814612954803718,0.3814612954803718,0,13.767540452358478,0.03970073685258513,11
4568.465032472,21.57000000000338,1,1,9.321547368819585,13.938517861476086,0.0,0.6,0.3808794588260354,0.3808794588260354,0,13.76062445418652,0.0395349509488212,19
4568.474836888,21.58000000000339,1,1,8.610888028047997,14.039603161500878,0.0,0.6,0.3802235010176449,0.3802235010176449,0,13.75403895184363,0.03938163402479988,22
4568.48687839,21.590000000003403,1,1,8.221452420080924,14.140449993065626,0.09999999999999999,0.6,0.3758048865361721,0.3758048865361721,0,13.747810620812363,0.03922059946818923,25
4568.494716402,21.600000000003416,1,1,7.603616667729142,14.24116682976557,0.06984585693285816,0.5999999999999999,0.3727215972251616,0.3727215972251616,0,13.741944740251634,0.03904452047217666,31
4568.505194961,21.610000000003428,1,1,6.982738204813081,14.341707393800911,0.04205871493910738,0.6,0.3725269330968609,0.3725269330968609,0,13.736436638674482,0.038875212090428435,35
4568.514807445,21.62000000000344,1,1,6.266869077942482,14.442131766155308,0.0,0.6,0.3717817793018374,0.3717817793018374,0,13.731296699692564,0.03870908223093472,39
4568.524755348,21.630000000003452,1,1,5.5118855494383645,14.542435792690448,0.0,0.6000000000000001,0.37210043099982326,0.37210043099982326,0,13.726488969537861,0.038549312942307346,42
4568.534734183,21.640000000003464,1,1,4.952123424007094,14.642678448323561,0.0,0.6,0.37039804815166466,0.37039804815166466,0,13.722004127503903,0.03840548142932698,43
4568.545141465,21.650000000003477,1,1,4.348423587363716,14.743037735277433,0.0,0.6,0.3704264019600497,0.3704264019600497,0,13.717822441760926,0.03826649240005009,48
4568.555129967,21.66000000000349,1,1,3.7789454057922627,14.843542602061193,0.0,0.6,0.3705604242577525,0.3705604242577525,0,13.71391786940417,0.03814277194356919,55
4568.564805934,21.6700000000035,1,1,3.1773999694801,14.94426906361999,0.0,0.6,0.37201754755700644,0.37201754755700644,0,13.710286846899217,0.03803527086187464,55
4568.57475512,21.680000000003513,1,1,2.813546532810094,15.045252663814095,0.0,0.6,0.3709250111043632,0.3709250111043632,0,13.706938246947912,0.037942249722277444,56
4568.586928041,21.690000000003526,1,1,2.4108837203738096,15.146530773735455,0.1,0.6,0.3713158516604587,0.3713158516604587,0,13.703863647856554,0.03785939019149431,57
4568.594745525,21.700000000003538,1,1,2.0755745544590796,15.247997761546888,0.0,0.6,0.3723529951311714,0.3723529951311714,0,13.701057224132647,0.037783098989262576,60
4568.60478923,21.71000000000355,1,1,1.942446544373224,15.349577860131813,0.0,0.6,0.37139301933222757,0.37139301933222757,0,13.69850393981029,0.03771556530349873,65
4568.614741649,21.720000000003562,1,1,1.8321339385832744,15.451273612467038,0.0,0.6,0.3717635109181529,0.3717635109181529,0,13.696179221328672,0.03765657450720861,65
4568.624728483,21.730000000003574,1,1,1.8048573715883551,15.553115180146946,0.0,0.6,0.3717758266742898,0.3717758266742898,0,13.694068454030846,0.03760600783936574,68
4568.634871626,21.740000000003587,1,1,1.9047206470171798,15.655102536872807,0.0,0.6,0.37223224702344393,0.37223224702344393,0,13.692153577662703,0.03756433008794757,68
4568.644751371,21.7500000000036,1,1,1.9399322141278,15.757252711771459,0.0,0.6,0.37297268107626275,0.37297268107626275,0,13.690441395236247,0.037534304156108034,68
4568.65556481,21.76000000000361,1,1,2.222182196066149,15.859646087026617,0.0,0.5999999999999999,0.37350559343806033,0.37350559343806033,0,13.688928819091261,0.037506135236671456,71
4568.664767092,21.770000000003623,1,1,2.3530979089942123,15.962275820941613,0.0,0.6,0.37388411187503234,0.37388411187503234,0,13.687607770290427,0.03749183201077888,73
4568.674842735,21.780000000003636,1,1,2.281547699293125,16.065254251348474,0.0,0.6,0.3741270355327798,0.3741270355327798,0,13.686486366216657,0.037475717066363434,73
4568.684760701,21.790000000003648,1,1,2.6401497848009097,16.168549531962,0.0,0.6,0.37422754858834195,0.37422754858834195,0,13.685536715279342,0.03746403293755274,73
4568.6947754,21.80000000000366,1,1,2.5951917905546997,16.272192077653408,0.0,0.6,0.3756772888041433,0.3756772888041433,0,13.684764576507684,0.03746094379471676,79
4568.704807984,21.810000000003672,1,1,2.8176627813034902,16.37622659951113,0.012444685236759259,0.6,0.3748047645196947,0.3748047645196947,0,13.68417139145963,0.037462990987724765,79
4568.714787602,21.820000000003684,1,1,2.6198597993916013,16.48064969089765,0.0,0.6,0.37530567913014534,0.37530567913014534,0,13.683736021635532,0.03746451104759918,80
4568.724788931,21.830000000003697,1,1,2.8729841576277897,16.585387027898864,0.0,0.6,0.37553773027896953,0.37553773027896953,0,13.683434702662918,0.03747264813996665,85
4568.73475016,21.84000000000371,1,1,2.8522101148196395,16.69054284654827,0.0,0.6,0.3760032656247768,0.3760032656247768,0,13.683264735341744,0.037474448216560874,88
4568.744786187,21.85000000000372,1,1,2.5691593689488132,16.796105042963376,0.0,0.6,0.3760061451531197,0.3760061451531197,0,13.683189743699158,0.037479749434118026,91
4568.757259467,21.860000000003733,1,1,2.516666371251944,16.90191959827867,0.0,0.5999999999999999,0.37636690536449235,0.37636690536449235,0,13.683170500271574,0.037497072725668934,95
4568.764803019,21.870000000003746,1,1,2.45288629725881,17.00805004735239,0.0,0.6,0.3766643281821298,0.3766643281821298,0,13.68319033119618,0.037510388486889146,100
4568.774765065,21.880000000003758,1,1,2.3406987018375154,17.114372445235265,0.0,0.6000000000000001,0.3772571942474552,0.3772571942474552,0,13.683215832026548,0.03753049615226234,103
4568.784971664,21.89000000000377,1,1,2.328347427205312,17.220958374118585,0.0,0.6,0.37824850634512786,0.37824850634512786,0,13.683224572237956,0.037552275331802054,106
4568.796478834,21.900000000003782,1,1,2.2073024079338,17.327828902766022,0.09999999999999999,0.6,0.3768024655683704,0.3768024655683704,0,13.683201491231035,0.03756869138962604,113
4568.80485758,21.910000000003794,1,1,2.014939435803668,17.434934946075145,0.0,0.6,0.3768183273941882,0.3768183273941882,0,13.68310671150979,0.037577788865168604,115
4568.814821818,21.920000000003807,1,1,1.95314264248644,17.54216410810309,0.0,0.6,0.37638389973085357,0.37638389973085357,0,13.682927709575322,0.03759161418785861,117
4568.827252229,21.93000000000382,1,1,1.970153650958128,17.6495689803118,0.09490043982758475,0.6,0.3774228389931383,0.3774228389931383,0,13.682672450185311,0.037599234282253535,121
4568.834751022,21.94000000000383,1,1,1.7553100403958286,17.75713315258188,0.0,0.6,0.37605273376219633,0.37605273376219633,0,13.682338204779013,0.037604463986218195,125
4568.844938545,21.950000000003843,1,1,1.7876285172268465,17.864892040607593,0.0,0.6,0.3742149698310059,0.3742149698310059,0,13.68190851303925,0.03759489444914643,125
4568.854715287,21.960000000003856,1,1,1.8357239627573692,17.972716424972138,0.02062961585134042,0.6,0.37464711686835317,0.37464711686835317,0,13.68137950036121,0.03758717418958368,125
4568.864779407,21.970000000003868,1,1,1.6840314180490712,18.080658078804117,0.0,0.6,0.3750578069428796,0.3750578069428796,0,13.680785995594658,0.037575012012993736,130
4568.874726546,21.98000000000388,1,1,1.4856476665484717,18.188799904532406,0.02062961585134042,0.6,0.37307159130842577,0.37307159130842577,0,13.680153689577706,0.037554965797238826,131
4568.884763006,21.990000000003892,1,1,1.6324259717636247,18.29709473516113,0.0,0.6,0.3721051671941126,0.3721051671941126,0,13.679473069887568,0.03753063259629741,131
4568.894749487,22.000000000003904,1,1,1.435156329624949,18.405613191020024,0.0,0.6,0.370030855199881,0.370030855199881,0,13.678741535324692,0.03748622725091422,135
4568.904813748,22.010000000003917,1,1,1.5079650018767783,18.514134628877983,0.0,0.6000000000000001,0.37016432297690427,0.37016432297690427,0,13.677955324625655,0.037450277387272135,135
4568.914883685,22.02000000000393,1,1,1.504631502980816,18.62271974385127,0.0,0.5999999999999999,0.3694413629675676,0.3694413629675676,0,13.677154778324399,0.03740696629362206,135
4568.927041471,22.03000000000394,1,1,1.4073974784482617,18.731496895601428,0.09999999999999999,0.5999999999999999,0.3687308042698013,0.3687308042698013,0,13.676357038746971,0.03735889579466223,136
4568.934843559,22.040000000003953,1,1,1.2605775398345012,18.840421062439308,0.0,0.6,0.3661301947697345,0.3661301947697345,0,13.675557518164595,0.03729871392811035,139
4568.945093903,22.050000000003966,1,1,1.3021726677574539,18.949397517106252,0.0,0.6,0.36576900856401917,0.36576900856401917,0,13.674744437342293,0.037237890837470866,140
4568.954841374,22.060000000003978,1,1,1.1763078457287235,19.0586083510851,0.0,0.6,0.3638231349578708,0.3638231349578708,0,13.673923321060435,0.03716665208456149,140
4568.964768107,22.07000000000399,1,1,1.2876786995465466,19.16772069125766,0.0,0.6,0.36371792015775684,0.36371792015775684,0,13.673073830575499,0.037097303539442184,143
4568.974732989,22.080000000004002,1,1,1.1132241744911986,19.276996726012,0.0,0.6,0.36141494422535936,0.36141494422535936,0,13.67223304667122,0.037015780884456895,145
4568.984792633,22.090000000004014,1,1,1.0892353727615027,19.386304231252524,0.0,0.5999999999999999,0.36018667911332014,0.36018667911332014,0,13.671377514161913,0.03693232921155587,145
4568.995866997,22.100000000004027,1,1,1.0439850900443741,19.495723353468808,0.0,0.6,0.35935964187763847,0.35935964187763847,0,13.670499582337678,0.03684309205383862,149
4569.004734796,22.11000000000404,1,1,0.9664678602396348,19.605103301133905,0.0,0.6,0.35780556360591076,0.35780556360591076,0,13.669593105040274,0.03675666260475552,150
4569.014818131,22.12000000000405,1,1,1.0197961442472412,19.714440855371066,0.0,0.6,0.35683958052029263,0.35683958052029263,0,13.668658526860558,0.036667450749380825,150
4569.024778797,22.130000000004063,1,1,1.1507625784925326,19.823811545788615,0.0,0.6,0.3566201181248926,0.3566201181248926,0,13.66769818535746,0.036574122720778535,150
4569.035049246,22.140000000004076,1,1,1.0093880141028317,19.933232173826735,0.0,0.6,0.35428146933501115,0.35428146933501115,0,13.666721841394764,0.03647629030294186,155
4569.044768075,22.150000000004088,1,1,1.0079778774369517,20.042635574582086,0.0,0.6,0.3529901932009236,0.3529901932009236,0,13.665720862549625,0.0363774963822322,155
4569.054859556,22.1600000000041,1,1,1.1376498799439474,20.152009204226548,0.0,0.6,0.35272589327735293,0.35272589327735293,0,13.664709180158951,0.03627861640133956,155
4569.064697999,22.170000000004112,1,1,1.1363323016303581,20.261350946951712,0.0,0.6,0.3514019771152387,0.3514019771152387,0,13.663702944317492,0.03618117779174801,160
4569.074784207,22.180000000004124,1,1,1.011562735632068,20.37085457790389,0.0,0.6,0.3490569938063012,0.3490569938063012,0,13.662715231990926,0.036075019205277004,160
4569.084716854,22.190000000004137,1,1,1.0141055399476844,20.480358250138504,0.0,0.6000000000000001,0.3477359415167244,0.3477359415167244,0,13.661716349918372,0.03596835357335759,161
4569.097424702,22.20000000000415,1,1,1.1363112249033627,20.589888871429206,0.0,0.6,0.3474248546385107,0.3474248546385107,0,13.660709797220646,0.03585920208525695,164
4569.104803278,22.21000000000416,1,1,1.1372609652026955,20.699444309015796,0.0,0.5999999999999999,0.3460923197854495,0.3460923197854495,0,13.65969627066426,0.03574836609082044,170
4569.114713743,22.220000000004173,1,1,1.0232037473294275,20.809120019329914,0.0,0.6,0.3437711078542768,0.3437711078542768,0,13.658668865787648,0.03563126126407001,171
4569.124713828,22.230000000004186,1,1,1.1401057199289897,20.918637150851808,0.0,0.6,0.34343059764705086,0.34343059764705086,0,13.657613459083485,0.035519988803912494,172
4569.134716607,22.240000000004198,1,1,1.1416561552767335,21.028273129472073,0.03979326717732076,0.6,0.34211073929266755,0.34211073929266755,0,13.656554430406768,0.03539503372650532,177
4569.144753887,22.25000000000421,1,1,1.0426151259622933,21.137869629263125,0.03979326717732076,0.6,0.3384921353680937,0.3384921353680937,0,13.655479190641346,0.03527762057452011,178
4569.1547658,22.260000000004222,1,1,1.1448741659580068,21.247582141989213,0.0,0.6,0.3394661758660731,0.3394661758660731,0,13.654383227776632,0.03515579622433762,179
4569.164703683,22.270000000004234,1,1,1.0376597096883888,21.35725780281711,0.0,0.5999999999999999,0.33717997812267864,0.33717997812267864,0,13.65326342579945,0.03503729102554487,183
4569.174725182,22.280000000004247,1,1,1.0402237254806286,21.467069321894787,0.0,0.6,0.33588285964257736,0.33588285964257736,0,13.652109452218697,0.03491309423565225,183
4569.184791578,22.29000000000426,1,1,1.0600899211181416,21.576776632090777,0.03979326717732076,0.6,0.3332577350097729,0.3332577350097729,0,13.65090522208581,0.0347887707225204,183
4569.196671665,22.30000000000427,1,1,1.0840954098188371,21.686526403344374,0.10000000000000002,0.6,0.3336407879722478,0.3336407879722478,0,13.6496624476651,0.03466427564100705,184
4569.204787307,22.310000000004283,1,1,1.1557046510580804,21.7961423295421,0.0,0.6,0.3329251229206095,0.3329251229206095,0,13.648379013896875,0.03454074824584874,187
4569.214799223,22.320000000004296,1,1,1.05108278325898,21.905964501141224,0.0,0.6,0.3307023270943525,0.3307023270943525,0,13.647073213850096,0.03441670863115476,187
4569.224758883,22.330000000004308,1,1,1.0538330141011911,22.01575723638001,0.0,0.6,0.32941823128772924,0.32941823128772924,0,13.645722898765664,0.03429064577838614,188
4569.234745985,22.34000000000432,1,1,1.164147008063047,22.12530780301769,0.0,0.6,0.3290196055526873,0.3290196055526873,0,13.644333544839226,0.03417027194949762,194
4569.244790644,22.350000000004332,1,1,1.0591565344680776,22.235077259719873,0.0,0.6,0.32682519550157707,0.32682519550157707,0,13.642937367355996,0.034040175334021705,197
4569.254762933,22.360000000004344,1,1,1.0617008966714767,22.344939846688767,0.0,0.6000000000000001,0.32553054447581964,0.32553054447581964,0,13.641501872051148,0.03391799530850648,199
4569.26763681,22.370000000004357,1,1,1.1726857644112172,22.454567214627296,0.0,0.6000000000000001,0.3251071696842087,0.3251071696842087,0,13.640036902834094,0.03379531905566302,204
4569.274835746,22.38000000000437,1,1,1.2057038732148475,22.564211850654477,0.0,0.5999999999999999,0.3224148488024876,0.3224148488024876,0,13.63856517567823,0.033673442081786464,210
4569.284743756,22.39000000000438,1,1,1.0683894543397932,22.674330183915284,0.0,0.5999999999999999,0.32159978481984675,0.32159978481984675,0,13.637085565390521,0.033547828077504005,214
4569.294775661,22.400000000004393,1,1,1.1801593266595873,22.784279171113695,0.0,0.6000000000000001,0.32116248673450026,0.32116248673450026,0,13.635557915588043,0.03342131315669972,216
4569.304831628,22.410000000004406,1,1,1.1067421140124678,22.894172348850486,0.0,0.5999999999999999,0.3185630948757844,0.3185630948757844,0,13.63400499879026,0.03329078424271059,223
4569.31474295,22.420000000004418,1,1,1.1847821636575624,23.003965283918237,0.0,0.6,0.31853285393213937,0.31853285393213937,0,13.63242442423004,0.03316629496683343,227
4569.325021571,22.43000000000443,1,1,1.1866878733229618,23.113393251051,0.0,0.6,0.3172025840179491,0.3172025840179491,0,13.630830453817472,0.033038020094278364,230
4569.334706162,22.440000000004442,1,1,1.2649066316013327,23.22225659870663,0.0,0.6,0.3159722955986447,0.3159722955986447,0,13.629223779217561,0.032902926847920066,235
4569.344735784,22.450000000004454,1,1,1.22242531287065,23.33245929810427,0.019617636833794517,0.6,0.3164227413070517,0.3164227413070517,0,13.627590759383462,0.03277112324866094,239
4569.354785807,22.460000000004467,1,1,1.1654842222813389,23.436771506611777,0.039862844421827075,0.6,0.3159829634423484,0.3159829634423484,0,13.62591668138118,0.03264057218328065,242
4569.364742101,22.47000000000448,1,1,1.2712596223071773,23.295900017557905,0.020720078773728164,0.16679367325097788,0.31926944547891917,0.31926944547891917,0,13.6242086480895,0.032509617760506204,242
4569.374776976,22.48000000000449,1,1,1.1677716163879293,23.06756192755486,0.0,3.688072698881471e-14,0.31736356372439256,0.31736356372439256,0,13.622480550005752,0.03237842529753732,248
4569.384773617,22.490000000004503,1,1,1.273394899538646,22.832053643054934,0.0,5.551115123125783e-14,0.3209407233990279,0.3209407233990279,0,13.620726049153488,0.0322493515019906,249
4569.395033133,22.500000000004515,1,1,1.167869493838149,22.604031594878457,0.0,2.797157557069881e-14,0.3189789192597249,0.3189789192597249,0,13.618955442953018,0.03223988654463816,257
4569.404720388,22.510000000004528,1,1,1.273539220613264,22.368637324237525,0.0,5.5538249671354263e-14,0.32258136218997635,0.32258136218997635,0,13.617156656207568,0.03235920143454962,263
4569.414798839,22.52000000000454,1,1,1.1660027263425239,22.140949795918083,0.0,3.049365591847692e-14,0.3205657990440719,0.3205657990440719,0,13.615350064212132,0.03246325675084938,265
4569.424729293,22.530000000004552,1,1,1.2720541078272276,21.905695838856488,0.0,2.7809732887839817e-14,0.32419651077403255,0.32419651077403255,0,13.613516599138578,0.032568903780014424,2
4569.437549164,22.540000000004564,1,1,1.2709338335450489,21.67440878074305,0.0,2.4532694666933985e-14,0.32499798912622135,0.32499798912622135,0,13.611669024488812,0.03266749584673956,7
4569.444779008,22.550000000004577,1,1,1.2696002680748828,21.443252383955304,0.0,2.881939084222627e-14,0.32579567340227666,0.32579567340227666,0,13.609809395580324,0.03277243644700534,12
4569.454744888,22.56000000000459,1,1,1.2679502089971206,21.212244248641277,0.0,2.797157557069881e-14,0.3265872964942458,0.3265872964942458,0,13.607952566650376,0.032883451347928694,15
4569.464812443,22.5700000000046,1,1,1.2660064182508033,20.981403205279605,0.0,3.386045141485899e-14,0.3273725746592387,0.3273725746592387,0,13.606104275929578,0.03297476649732034,18
4569.474820431,22.580000000004613,1,1,1.263970825340676,20.750716924213005,0.0,2.7809732887839817e-14,0.32815495096350633,0.32815495096350633,0,13.6042556512247,0.03308170675641586,24
4569.48476421,22.590000000004625,1,1,1.2616013127496988,20.520210410689472,0.0,2.7809732887839817e-14,0.32892972352250005,0.32892972352250005,0,13.602431895842901,0.03318598997565991,28
4569.494784153,22.600000000004638,1,1,1.1473546579588905,20.294166153922504,0.0,6.069053483567754e-14,0.3267096968284219,0.3267096968284219,0,13.600627321799335,0.033268077475096414,32
4569.504631661,22.61000000000465,1,1,1.3133060287686613,20.05555132469403,0.0,5.5538249671354263e-14,0.33227163878935173,0.33227163878935173,0,13.598824798528092,0.03337867054298582,39
4569.514767326,22.620000000004662,1,1,1.195108432618823,19.82979364198283,0.0,8.582937747229195e-14,0.33001481453609,0.33001481453609,0,13.597077013418897,0.033486473614464884,42
4569.524984064,22.630000000004674,1,1,1.3076226254068173,19.595764742578574,0.0,5.572756979560851e-14,0.3338104218887126,0.3338104218887126,0,13.59537664998369,0.033595455650161976,46
4569.537371217,22.640000000004687,1,1,1.293810399446948,19.415973355135776,0.0,0.3254249400023073,0.3346576312808508,0.3346576312808508,0,13.593737339468335,0.033705616189619314,52
4569.544813336,22.6500000000047,1,1,1.3005462626787516,19.136880379755013,0.0,4.060883542877795e-14,0.33531041094111036,0.33531041094111036,0,13.592162223002767,0.03381287276789202,56
4569.554739422,22.66000000000471,1,1,1.2252941468662808,18.95757483874144,0.0,2.7809732887839817e-14,0.33490050415986083,0.33490050415986083,0,13.59064666071149,0.03390643075063249,57
4569.564752216,22.670000000004723,1,1,1.2212261329386735,18.728715221609416,0.0,4.108768631691174e-14,0.3356276942394223,0.3356276942394223,0,13.589181459177748,0.03401491166408388,60
4569.574780468,22.680000000004735,1,1,1.371024093077728,18.50707926025043,0.0,2.8025315438821012e-14,0.3397443499330252,0.3397443499330252,0,13.587789079967767,0.03412821143664502,65
4569.584750445,22.690000000004748,1,1,1.366358134041299,18.278565508993772,0.0,2.8025315438821012e-14,0.34047243445321423,0.34047243445321423,0,13.586503456341907,0.03424433677719607,66
4569.594744051,22.70000000000476,1,1,1.3610944928870436,18.05032317025383,0.0,2.8025315438821012e-14,0.34118512760000386,0.34118512760000386,0,13.585334451086869,0.03435633274891525,67
4569.607536938,22.710000000004772,1,1,1.3907956535281107,17.83359296634009,0.0,2.1736022853376232e-14,0.3421252824763873,0.3421252824763873,0,13.584282661221685,0.03445726624880563,70
4569.614756133,22.720000000004784,1,1,1.3845354010273563,17.605793742373507,0.0,3.469446951953614e-15,0.3428131451670879,0.3428131451670879,0,13.583351146747196,0.03456477618376619,74
4569.624876513,22.730000000004797,1,1,1.3778529795260752,17.37825422914814,0.0,2.8025315438821012e-14,0.34348927265233925,0.34348927265233925,0,13.58254489520037,0.03465940868972117,75
4569.634767808,22.74000000000481,1,1,1.4176054107900353,17.112240758982477,0.0,3.469446951953614e-15,0.34428601081829036,0.34428601081829036,0,13.581861120653484,0.03475616336378207,75
4569.64471037,22.75000000000482,1,1,1.2966559819198542,16.890055611719415,0.0,0.2520953721868181,0.34162034126594615,0.34162034126594615,0,13.581320088759076,0.03484819180999299,81
4569.654918517,22.760000000004833,1,1,1.2788350040576428,16.713013983005265,0.0,5.745575946153046e-14,0.342363129680903,0.342363129680903,0,13.58091362832559,0.03492329659492033,81
4569.664932143,22.770000000004845,1,1,1.3843994095283563,16.481401643842013,0.0,5.5619465775679635e-14,0.34635028037734855,0.34635028037734855,0,13.580626593746008,0.03501642436262786,83
4569.675415147,22.780000000004858,1,1,1.376614754155774,16.25498798963894,0.0,3.0885873398356455e-14,0.34699085221375425,0.34699085221375425,0,13.580481945620486,0.035100084691921385,88
4569.684827155,22.79000000000487,1,1,1.3687802720350635,16.028816213441996,0.0,2.8185920280518335e-14,0.34762610770052,0.34762610770052,0,13.580479791871772,0.03519301479593917,89
4569.694804377,22.800000000004882,1,1,1.3713759706044855,15.753036115905212,0.0,3.4867510341210804e-14,0.34812847292334476,0.34812847292334476,0,13.580627820355607,0.03526285083550851,90
4569.708196694,22.810000000004894,1,1,1.4003437108989745,15.537874309317559,0.0,5.5538249671354263e-14,0.34900064981448925,0.34900064981448925,0,13.580928597922394,0.03535344623510861,92
4569.714738296,22.820000000004907,1,1,1.3922996378759736,15.312361889286366,0.0,6.783190258103212e-14,0.34961806876432944,0.34961806876432944,0,13.581415459223269,0.035424832069489987,97
4569.724710574,22.83000000000492,1,1,1.3843930485441698,15.087103338293673,0.0,9.000523778413571e-14,0.35023436988597656,0.35023436988597656,0,13.582069992072238,0.03549197322946085,98
4569.734706084,22.84000000000493,1,1,1.3765745996177456,14.862092750546429,0.0,2.797157557069881e-14,0.3508484051500087,0.3508484051500087,0,13.58290284556272,0.03557877799167375,98
4569.744764895,22.850000000004943,1,1,1.3686095155896387,14.63736079423363,0.0,2.797157557069881e-14,0.3514539902341473,0.3514539902341473,0,13.583939314396593,0.035663196201766056,103
4569.75492145,22.860000000004955,1,1,1.371096561009476,14.363045921623321,0.0,2.7809732887839817e-14,0.3519016239797756,0.3519016239797756,0,13.585183890258582,0.035744605953170416,103
4569.764859997,22.870000000004968,1,1,1.3736022465586657,14.089034884834968,0.0,2.797157557069881e-14,0.3523313325638066,0.3523313325638066,0,13.586646215230367,0.03582248778371766,103
4569.776241031,22.88000000000498,1,1,1.260933522492221,13.82132760900084,0.0,1.8683543625880676e-14,0.3490759910859691,0.3490759910859691,0,13.5883375918867,0.035887438673232075,105
4569.784739345,22.890000000004992,1,1,1.2841018383783234,13.448587060295978,0.0,0.2507296218856585,0.349081012330623,0.349081012330623,0,13.590249212365023,0.03593313772526796,107
4569.794786029,22.900000000005004,1,1,1.3190246869533622,13.026662590176514,0.0,0.2996563450968037,0.3488303290151105,0.3488303290151105,0,13.5923935226362,0.03597324590407314,107
4569.804719319,22.910000000005017,1,1,1.4745158537911294,12.598435624817782,0.0,7.171880590895297e-14,0.3522996562886939,0.3522996562886939,0,13.594815023799717,0.036027949829473216,107
4569.814726527,22.92000000000503,1,1,1.5350588501362226,12.086741621576,0.0,0.5999999999999999,0.3514687039790022,0.3514687039790022,0,13.597579148123252,0.03607878748289561,112
4569.824823145,22.93000000000504,1,1,1.6625433911380605,11.611231273550608,0.04823880793701784,0.6,0.3505010659164606,0.3505010659164606,0,13.600868824316224,0.0361046852793252,112
4569.834752624,22.940000000005053,1,1,1.65689498608649,11.07846511756545,0.0,0.6,0.3486187368405482,0.3486187368405482,0,13.605236218595063,0.03612449347146063,113
4569.844696154,22.950000000005065,1,1,1.8348165143121031,10.561788764934043,0.0,0.6,0.3483941837321823,0.3483941837321823,0,13.610634076904237,0.03613909825149586,118
4569.854798803,22.960000000005078,1,1,1.9536600460478604,10.062927633961657,0.0,0.6,0.345781115483726,0.345781115483726,0,13.616937049206523,0.03613365738994467,121
4569.864939252,22.97000000000509,1,1,2.144108347017407,9.567626675471159,0.0,0.6,0.34389206132652606,0.34389206132652606,0,13.624045402074973,0.03610493532002512,122
4569.877270492,22.980000000005102,1,1,2.4815906389226208,9.083440524694025,0.1,0.6000000000000001,0.34275802990651216,0.34275802990651216,0,13.631904952622198,0.036057026748167575,125
4569.884801815,22.990000000005114,1,1,2.6531488599516426,8.607298719742783,0.0,0.6,0.33924529284117433,0.33924529284117433,0,13.64048805952593,0.036001614863168,128
4569.894792134,23.000000000005127,1,1,2.903721166256457,8.139827660064816,0.0,0.6,0.3361521542811851,0.3361521542811851,0,13.649805937857824,0.03592249021786631,131
4569.904759542,23.01000000000514,1,1,3.173998418947679,7.683216708163487,0.0,0.6,0.33210708958365254,0.33210708958365254,0,13.659877631123985,0.03581628026623507,132
4569.914764756,23.02000000000515,1,1,3.5243337662943213,7.238301573692847,0.0,0.6,0.32689738088370723,0.32689738088370723,0,13.670736401095335,0.035675964507093094,136
4569.924754102,23.030000000005163,1,1,3.7012559912749388,6.806114771186779,0.0,0.6,0.3177706330911043,0.3177706330911043,0,13.682427945391426,0.03547796378007606,137
4569.934870867,23.040000000005175,1,1,3.884673576489974,6.3881623742146845,0.0,0.6,0.31017524722985107,0.31017524722985107,0,13.69498126873299,0.035200442389190956,138
4569.9463318,23.050000000005188,1,1,4.082553849121192,5.988058574334182,0.05211379675216513,0.6,0.316114275438687,0.316114275438687,0,13.70842992086107,0.03482094234404487,142
4569.954811967,23.0600000000052,1,1,4.148330835778089,5.607149327022166,0.0,0.5999999999999999,0.31916402982043374,0.31916402982043374,0,13.72280563280891,0.034303532907552725,145
4569.964729821,23.070000000005212,1,1,4.3604133298836585,5.248395839533943,0.0,0.5999999999999999,0.30635269469762905,0.30635269469762905,0,13.738127453821743,0.033555919038435134,145
4569.974542844,23.080000000005224,0,1,0.0,0.0,0.0,0.0,0.0,0.0,0,0.0,0.03067568318215308,145
4569.984528298,23.090000000005237,0,1,0.0,0.0,0.0,0.0,0.0,0.0,0,0.0,0.02785579321333298,148
4569.994545274,23.10000000000525,0,1,0.0,0.0,0.0,0.0,0.0,0.0,0,0.0,0.025307168477481046,148
4570.004536543,23.11000000000526,0,1,0.0,0.0,0.0,0.0,0.0,0.0,0,0.0,0.0230034251285538,148
4570.014530471,23.120000000005273,0,1,0.0,0.0,0.0,0.0,0.0,0.0,0,0.0,0.020920929239283792,151
4570.024493491,23.130000000005285,0,1,0.0,0.0,0.0,0.0,0.0,0.0,0,0.0,0.019038395712071887,151
4570.034526322,23.140000000005298,0,1,0.0,0.0,0.0,0.0,0.0,0.0,0,0.0,0.01733661183499957,151
4570.044544799,23.15000000000531,0,1,0.0,0.0,0.0,0.0,0.0,0.0,0,0.0,0.01579821977203788,151
4570.054546125,23.160000000005322,0,1,0.0,0.0,0.0,0.0,0.0,0.0,0,0.0,0.014407531745462387,154
4570.064548366,23.170000000005334,0,1,0.0,0.0,0.0,0.0,0.0,0.0,0,0.0,0.01315036726558727,154
4570.074521717,23.180000000005347,0,1,0.0,0.0,0.0,0.0,0.0,0.0,0,0.0,0.012013907554635495,154
4570.084526606,23.19000000000536,0,1,0.0,0.0,0.0,0.0,0.0,0.0,0,0.0,0.010986564516371145,158
4570.094548749,23.20000000000537,0,1,0.0,0.0,0.0,0.0,0.0,0.0,0,0.0,0.010057862491293923,158
4570.104767839,23.210000000005383,0,1,0.0,0.0,0.0,0.0,0.0,0.0,0,0.0,0.00921833143731332,158
4570.117086493,23.220000000005395,0,1,0.0,0.0,0.0,0.0,0.0,0.0,0,0.0,0.00845941039073006,160
4570.124501552,23.230000000005408,0,1,0.0,0.0,0.0,0.0,0.0,0.0,0,0.0,0.007940691879691375,162
4570.134511889,23.24000000000542,0,1,0.0,0.0,0.0,0.0,0.0,0.0,0,0.0,0.007711356881375808,162
4570.144566671,23.250000000005432,0,1,0.0,0.0,0.0,0.0,0.0,0.0,0,0.0,0.007503674303293462,162
4570.154520718,23.260000000005444,0,1,0.0,0.0,0.0,0.0,0.0,0.0,0,0.0,0.007315604546383581,165
4570.164533538,23.270000000005457,0,1,0.0,0.0,0.0,0.0,0.0,0.0,0,0.0,0.007209966762573905,165
4570.174502806,23.28000000000547,0,1,0.0,0.0,0.0,0.0,0.0,0.0,0,0.0,0.00739062189593509,165
4570.184516016,23.29000000000548,0,1,0.0,0.0,0.0,0.0,0.0,0.0,0,0.0,0.007553405231217947,168
4570.194523935,23.300000000005493,0,1,0.0,0.0,0.0,0.0,0.0,0.0,0,0.0,0.007700088689457485,168
4570.204614958,23.310000000005505,0,1,0.0,0.0,0.0,0.0,0.0,0.0,0,0.0,0.00783226813354354,168
4570.214556455,23.320000000005518,0,1,0.0,0.0,0.0,0.0,0.0,0.0,0,0.0,0.007951370733892071,168
4570.224612872,23.33000000000553,0,1,0.0,0.0,0.0,0.0,0.0,0.0,0,0.0,0.008058690323162532,170
4570.234784443,23.340000000005542,0,1,0.0,0.0,0.0,0.0,0.0,0.0,0,0.0,0.008155397724328162,170
4570.24480346,23.350000000005554,0,1,0.0,0.0,0.0,0.0,0.0,0.0,0,0.0,0.008242546903718173,170
4570.254560594,23.360000000005567,0,1,0.0,0.0,0.0,0.0,0.0,0.0,0,0.0,0.00832110412296283,174
4570.264529136,23.37000000000558,0,1,0.0,0.0,0.0,0.0,0.0,0.0,0,0.0,0.00839192993607718,174
4570.274592526,23.38000000000559,0,1,0.0,0.0,0.0,0.0,0.0,0.0,0,0.0,0.008455773989936577,174
4570.285568763,23.390000000005603,0,1,0.0,0.0,0.0,0.0,0.0,0.0,0,0.0,0.008513314405844463,176
4570.294569089,23.400000000005615,0,1,0.0,0.0,0.0,0.0,0.0,0.0,0,0.0,0.008565167974999843,177
4570.30455705,23.410000000005628,0,1,0.0,0.0,0.0,0.0,0.0,0.0,0,0.0,0.008611894291108646,177
4570.314540354,23.42000000000564,0,1,0.0,0.0,0.0,0.0,0.0,0.0,0,0.0,0.008654014676108712,177
4570.324577649,23.430000000005652,0,1,0.0,0.0,0.0,0.0,0.0,0.0,0,0.0,0.008692119209051663,180
4570.334537189,23.440000000005664,0,1,0.0,0.0,0.0,0.0,0.0,0.0,0,0.0,0.008726595424488837,180
4570.344555157,23.450000000005677,0,1,0.0,0.0,0.0,0.0,0.0,0.0,0,0.0,0.008757707032044482,180
4570.354664054,23.46000000000569,0,1,0.0,0.0,0.0,0.0,0.0,0.0,0,0.0,0.00878572916963638,183
4570.364526547,23.4700000000057,0,1,0.0,0.0,0.0,0.0,0.0,0.0,0,0.0,0.008810943814079764,183
4570.374543324,23.480000000005713,0,1,0.0,0.0,0.0,0.0,0.0,0.0,0,0.0,0.008833622422364518,183
4570.38453214,23.490000000005725,0,1,0.0,0.0,0.0,0.0,0.0,0.0,0,0.0,0.008854016877832938,183
4570.394628602,23.500000000005738,0,1,0.0,0.0,0.0,0.0,0.0,0.0,0,0.0,0.00887235698339961,186
4570.404577068,23.51000000000575,0,1,0.0,0.0,0.0,0.0,0.0,0.0,0,0.0,0.008888850354668909,186
4570.414544576,23.520000000005762,0,1,0.0,0.0,0.0,0.0,0.0,0.0,0,0.0,0.008903683881107738,186
4570.424550285,23.530000000005774,0,1,0.0,0.0,0.0,0.0,0.0,0.0,0,0.0,0.00891702559330454,2
4570.434517296,23.540000000005787,0,1,0.0,0.0,0.0,0.0,0.0,0.0,0,0.0,0.008929026499822634,2
4570.444575766,23.5500000000058,0,1,0.0,0.0,0.0,0.0,0.0,0.0,0,0.0,0.008939833445903433,2
4570.455677079,23.56000000000581,0,1,0.0,0.0,0.0,0.0,0.0,0.0,0,0.0,0.008949789231559757,4
4570.464529999,23.570000000005823,0,1,0.0,0.0,0.0,0.0,0.0,0.0,0,0.0,0.00895923615533345,5
4570.474695784,23.580000000005835,0,1,0.0,0.0,0.0,0.0,0.0,0.0,0,0.0,0.008968325019906187,5
4570.484641436,23.590000000005848,0,1,0.0,0.0,0.0,0.0,0.0,0.0,0,0.0,0.00897712211270063,5
4570.494700574,23.60000000000586,0,1,0.0,0.0,0.0,0.0,0.0,0.0,0,0.0,0.008985659010465441,11
4570.504768562,23.610000000005872,0,1,0.0,0.0,0.0,0.0,0.0,0.0,0,0.0,0.00899395286310467,11
4570.514559587,23.620000000005884,0,1,0.0,0.0,0.0,0.0,0.0,0.0,0,0.0,0.009002014713227258,11
4570.527198916,23.630000000005897,0,1,0.0,0.0,0.0,0.0,0.0,0.0,0,0.0,0.009009852934306894,15
4570.53468853,23.64000000000591,0,1,0.0,0.0,0.0,0.0,0.0,0.0,0,0.0,0.009017474663566727,18
4570.544734076,23.65000000000592,0,1,0.0,0.0,0.0,0.0,0.0,0.0,0,0.0,0.009024886405349597,18
4570.55456907,23.660000000005933,0,1,0.0,0.0,0.0,0.0,0.0,0.0,0,0.0,0.009032094288929038,18
4570.564563763,23.670000000005945,0,1,0.0,0.0,0.0,0.0,0.0,0.0,0,0.0,0.009039104181330027,23
4570.574547786,23.680000000005958,0,1,0.0,0.0,0.0,0.0,0.0,0.0,0,0.0,0.009045921738846996,23
4570.584594724,23.69000000000597,0,1,0.0,0.0,0.0,0.0,0.0,0.0,0,0.0,0.009052552432414762,23
4570.594604439,23.700000000005982,0,1,0.0,0.0,0.0,0.0,0.0,0.0,0,0.0,0.009059001561690705,29
4570.604581749,23.710000000005994,0,1,0.0,0.0,0.0,0.0,0.0,0.0,0,0.0,0.009065274264174028,29
4570.614576787,23.720000000006007,0,1,0.0,0.0,0.0,0.0,0.0,0.0,0,0.0,0.009071375522069491,29
4570.625407721,23.73000000000602,0,1,0.0,0.0,0.0,0.0,0.0,0.0,0,0.0,0.0090773101680649,31
4570.634567212,23.74000000000603,0,1,0.0,0.0,0.0,0.0,0.0,0.0,0,0.0,0.00908308289053028,32
4570.644550269,23.750000000006043,0,1,0.0,0.0,0.0,0.0,0.0,0.0,0,0.0,0.009088698238365778,32
4570.654540248,23.760000000006055,0,1,0.0,0.0,0.0,0.0,0.0,0.0,0,0.0,0.009094160625599756,32
4570.664535297,23.770000000006068,0,1,0.0,0.0,0.0,0.0,0.0,0.0,0,0.0,0.009099474335786395,36
4570.674618169,23.78000000000608,0,1,0.0,0.0,0.0,0.0,0.0,0.0,0,0.0,0.009104643526227307,36
4570.684585915,23.790000000006092,0,1,0.0,0.0,0.0,0.0,0.0,0.0,0,0.0,0.009109672232033406,36
4570.694598918,23.800000000006104,0,1,0.0,0.0,0.0,0.0,0.0,0.0,0,0.0,0.009114564370034883,39
4570.704554701,23.810000000006116,0,1,0.0,0.0,0.0,0.0,0.0,0.0,0,0.0,0.009119323742549978,39
4570.714534612,23.82000000000613,0,1,0.0,0.0,0.0,0.0,0.0,0.0,0,0.0,0.009123954041015736,39
4570.724582906,23.83000000000614,0,1,0.0,0.0,0.0,0.0,0.0,0.0,0,0.0,0.009128458849490428,40
4570.734622343,23.840000000006153,0,1,0.0,0.0,0.0,0.0,0.0,0.0,0,0.0,0.009132841648030743,43
4570.744535835,23.850000000006165,0,1,0.0,0.0,0.0,0.0,0.0,0.0,0,0.0,0.009137105815947955,43
4570.754604406,23.860000000006178,0,1,0.0,0.0,0.0,0.0,0.0,0.0,0,0.0,0.00914125463495108,43
4570.764582403,23.87000000000619,0,1,0.0,0.0,0.0,0.0,0.0,0.0,0,0.0,0.009145291292181001,46
4570.774561896,23.880000000006202,0,1,0.0,0.0,0.0,0.0,0.0,0.0,0,0.0,0.009149218883136134,46
4570.78459884,23.890000000006214,0,1,0.0,0.0,0.0,0.0,0.0,0.0,0,0.0,0.009153040414499936,46
4570.797063348,23.900000000006226,0,1,0.0,0.0,0.0,0.0,0.0,0.0,0,0.0,0.009156758806869503,48
4570.804545485,23.91000000000624,0,1,0.0,0.0,0.0,0.0,0.0,0.0,0,0.0,0.009160376897390465,50
4570.814752396,23.92000000000625,0,1,0.0,0.0,0.0,0.0,0.0,0.0,0,0.0,0.009163897442304614,50
4570.82453854,23.930000000006263,0,1,0.0,0.0,0.0,0.0,0.0,0.0,0,0.0,0.009167323119408044,50
4570.834596205,23.940000000006275,0,1,0.0,0.0,0.0,0.0,0.0,0.0,0,0.0,0.009170656530428811,54
4570.844555967,23.950000000006288,0,1,0.0,0.0,0.0,0.0,0.0,0.0,0,0.0,0.009173900203324536,54
4570.854531722,23.9600000000063,0,1,0.0,0.0,0.0,0.0,0.0,0.0,0,0.0,0.009177056594502853,54
4570.864573455,23.970000000006312,0,1,0.0,0.0,0.0,0.0,0.0,0.0,0,0.0,0.009180128090968465,56
4570.874614195,23.980000000006324,0,1,0.0,0.0,0.0,0.0,0.0,0.0,0,0.0,0.009183117012399933,56
4570.884555861,23.990000000006336,0,1,0.0,0.0,0.0,0.0,0.0,0.0,0,0.0,0.009186025613156845,56
4570.894553864,24.00000000000635,0,1,0.0,0.0,0.0,0.0,0.0,0.0,0,0.0,0.009188856084222818,56
4570.904638547,24.01000000000636,0,1,0.0,0.0,0.0,0.0,0.0,0.0,0,0.0,0.00919161055508455,59
4570.914554466,24.020000000006373,0,1,0.0,0.0,0.0,0.0,0.0,0.0,0,0.0,0.0091942910955507,59
4570.924522037,24.030000000006385,0,1,0.0,0.0,0.0,0.0,0.0,0.0,0,0.0,0.009196899717510587,59
4570.934579224,24.040000000006398,0,1,0.0,0.0,0.0,0.0,0.0,0.0,0,0.0,0.009199438376637836,63
4570.944634116,24.05000000000641,0,1,0.0,0.0,0.0,0.0,0.0,0.0,0,0.0,0.009201908974039719,63
4570.954546933,24.060000000006422,0,1,0.0,0.0,0.0,0.0,0.0,0.0,0,0.0,0.009204313357852434,63
4570.966758276,24.070000000006434,0,1,0.0,0.0,0.0,0.0,0.0,0.0,0,0.0,0.009206653324787428,65
4570.974549982,24.080000000006446,0,1,0.0,0.0,0.0,0.0,0.0,0.0,0,0.0,0.009208930621628308,67
4570.984575597,24.09000000000646,0,1,0.0,0.0,0.0,0.0,0.0,0.0,0,0.0,0.00921114694668057,67
4570.99454772,24.10000000000647,0,1,0.0,0.0,0.0,0.0,0.0,0.0,0,0.0,0.009213303951175478,67
4571.004542358,24.110000000006483,0,1,0.0,0.0,0.0,0.0,0.0,0.0,0,0.0,0.009215403240631526,70
4571.01455546,24.120000000006495,0,1,0.0,0.0,0.0,0.0,0.0,0.0,0,0.0,0.0092174463761725,70
4571.024573535,24.130000000006508,0,1,0.0,0.0,0.0,0.0,0.0,0.0,0,0.0,0.0092194348758049,70
4571.034609089,24.14000000000652,0,1,0.0,0.0,0.0,0.0,0.0,0.0,0,0.0,0.009221370215656388,72
4571.044558951,24.150000000006532,0,1,0.0,0.0,0.0,0.0,0.0,0.0,0,0.0,0.009223253831175282,72
4571.05448641,24.160000000006544,0,1,0.0,0.0,0.0,0.0,0.0,0.0,0,0.0,0.009225087118294395,72
4571.064494347,24.170000000006556,0,1,0.0,0.0,0.0,0.0,0.0,0.0,0,0.0,0.009226871434558803,73
4571.074490376,24.18000000000657,0,1,0.0,0.0,0.0,0.0,0.0,0.0,0,0.0,0.009228608100218971,75
4571.084510306,24.19000000000658,0,1,0.0,0.0,0.0,0.0,0.0,0.0,0,0.0,0.009230298399291681,75
4571.094526578,24.200000000006593,0,1,0.0,0.0,0.0,0.0,0.0,0.0,0,0.0,0.009231943580587765,75
4571.104535901,24.210000000006605,0,1,0.0,0.0,0.0,0.0,0.0,0.0,0,0.0,0.009233544858709752,78
4571.114572663,24.220000000006618,0,1,0.0,0.0,0.0,0.0,0.0,0.0,0,0.0,0.009235103415019652,78
4571.124515439,24.23000000000663,0,1,0.0,0.0,0.0,0.0,0.0,0.0,0,0.0,0.009236620398576867,78
4571.136566626,24.240000000006642,0,1,0.0,0.0,0.0,0.0,0.0,0.0,0,0.0,0.009238096927048578,80
4571.144536003,24.250000000006654,0,1,0.0,0.0,0.0,0.0,0.0,0.0,0,0.0,0.00923953408759337,82
4571.154532299,24.260000000006666,0,1,0.0,0.0,0.0,0.0,0.0,0.0,0,0.0,0.009240932937717883,82
4571.164584106,24.27000000000668,0,1,0.0,0.0,0.0,0.0,0.0,0.0,0,0.0,0.009242294506109805,82
4571.174523274,24.28000000000669,0,1,0.0,0.0,0.0,0.0,0.0,0.0,0,0.0,0.009243619793443458,85
4571.184535995,24.290000000006703,0,1,0.0,0.0,0.0,0.0,0.0,0.0,0,0.0,0.00924490977316439,85
4571.194559656,24.300000000006715,0,1,0.0,0.0,0.0,0.0,0.0,0.0,0,0.0,0.009246165392248984,85
4571.204534446,24.310000000006728,0,1,0.0,0.0,0.0,0.0,0.0,0.0,0,0.0,0.009247387571943433,87
4571.214529037,24.32000000000674,0,1,0.0,0.0,0.0,0.0,0.0,0.0,0,0.0,0.009248577208479936,87
4571.224545453,24.330000000006752,0,1,0.0,0.0,0.0,0.0,0.0,0.0,0,0.0,0.009249735173772478,87
4571.234553226,24.340000000006764,0,1,0.0,0.0,0.0,0.0,0.0,0.0,0,0.0,0.009250862316092512,87
4571.244566064,24.350000000006776,0,1,0.0,0.0,0.0,0.0,0.0,0.0,0,0.0,0.009251959460724657,91
4571.254537301,24.36000000000679,0,1,0.0,0.0,0.0,0.0,0.0,0.0,0,0.0,0.00925302741060352,91
4571.264522111,24.3700000000068,0,1,0.0,0.0,0.0,0.0,0.0,0.0,0,0.0,0.009254066946932538,91
4571.274576107,24.380000000006813,0,1,0.0,0.0,0.0,0.0,0.0,0.0,0,0.0,0.009255078829784935,95
4571.284527497,24.390000000006825,0,1,0.0,0.0,0.0,0.0,0.0,0.0,0,0.0,0.009256063798686487,95
4571.294565609,24.400000000006838,0,1,0.0,0.0,0.0,0.0,0.0,0.0,0,0.0,0.00925702257318306,95
4571.304850549,24.41000000000685,0,1,0.0,0.0,0.0,0.0,0.0,0.0,0,0.0,0.00925795585339062,97
4571.314523785,24.420000000006862,0,1,0.0,0.0,0.0,0.0,0.0,0.0,0,0.0,0.009258864320529692,97
4571.324544776,24.430000000006874,0,1,0.0,0.0,0.0,0.0,0.0,0.0,0,0.0,0.009259748637445608,97
4571.33453757,24.440000000006886,0,1,0.0,0.0,0.0,0.0,0.0,0.0,0,0.0,0.009260609449112889,97
4571.344604362,24.4500000000069,0,1,0.0,0.0,0.0,0.0,0.0,0.0,0,0.0,0.009261447383125732,100
4571.35456844,24.46000000000691,0,1,0.0,0.0,0.0,0.0,0.0,0.0,0,0.0,0.009262263050174302,100
4571.364549337,24.470000000006923,0,1,0.0,0.0,0.0,0.0,0.0,0.0,0,0.0,0.009263057044507805,100
4571.374534514,24.480000000006935,0,1,0.0,0.0,0.0,0.0,0.0,0.0,0,0.0,0.009263829944384683,103
4571.384538069,24.490000000006948,0,1,0.0,0.0,0.0,0.0,0.0,0.0,0,0.0,0.009264582312509484,103
4571.394533443,24.50000000000696,0,1,0.0,0.0,0.0,0.0,0.0,0.0,0,0.0,0.00926531469645786,103
4571.404532334,24.510000000006972,0,1,0.0,0.0,0.0,0.0,0.0,0.0,0,0.0,0.009266027629089568,103
4571.414527161,24.520000000006984,0,1,0.0,0.0,0.0,0.0,0.0,0.0,0,0.0,0.009266721628949592,106
4571.42451768,24.530000000006996,0,1,0.0,0.0,0.0,0.0,0.0,0.0,0,0.0,0.009267397200658833,0
4571.434541828,24.54000000000701,0,1,0.0,0.0,0.0,0.0,0.0,0.0,0,0.0,0.009268054835292694,0
4571.44452585,24.55000000000702,0,1,0.0,0.0,0.0,0.0,0.0,0.0,0,0.0,0.009268695010749672,2
4571.45459436,24.560000000007033,0,1,0.0,0.0,0.0,0.0,0.0,0.0,0,0.0,0.009269318192110299,2
4571.464566154,24.570000000007045,0,1,0.0,0.0,0.0,0.0,0.0,0.0,0,0.0,0.009269924831984189,2
4571.477497765,24.580000000007058,1,1,4.302754681653381,4.398547957272901,0.1,0.6,0.29684091003906204,0.29684091003906204,0,13.91040190844273,0.009086664331914962,4
4571.484841959,24.59000000000707,1,1,4.228226107208174,4.539271785098707,0.0,0.6,0.3039775413677133,0.3039775413677133,0,13.91075124926319,0.008481937654874927,8
4571.494752642,24.600000000007082,1,1,4.333247396038305,4.68362694268191,0.0,0.5999999999999998,0.3080299890421617,0.3080299890421617,0,13.912255707209956,0.007918827388136096,8
4571.504886636,24.610000000007094,1,1,4.347340879580524,4.840113324220893,0.0,0.6,0.31299857274141807,0.31299857274141807,0,13.914747167891955,0.007485839687315643,8
4571.514867851,24.620000000007106,1,1,4.380392098909958,4.995898536185391,0.0,0.6000000000000001,0.31580982431485566,0.31580982431485566,0,13.917976729295729,0.007871085593376126,13
4571.524844717,24.63000000000712,1,1,4.39072503411165,5.180257759644996,0.0,0.6,0.32045708570291553,0.32045708570291553,0,13.921707336714979,0.008560410609926461,13
4571.534708279,24.64000000000713,1,1,4.397920865123814,5.365059272402501,0.025651285570366226,0.5944102603222745,0.32580876787353913,0.32580876787353913,0,13.925709523242519,0.009986371272408534,13
4571.544834182,24.650000000007143,1,1,4.585773152430194,5.49880507164843,0.0,0.6,0.3270317223103062,0.3270317223103062,0,13.929809408089145,0.011335849293787725,17
4571.554706856,24.660000000007155,1,1,4.429124765624019,5.698702710764415,0.0,0.6,0.3313837523066321,0.3313837523066321,0,13.93379643194933,0.012559501285439256,17
4571.565010302,24.670000000007168,1,1,4.42687790554476,5.846783294850147,0.0,0.6,0.3253269264255795,0.3253269264255795,0,13.937478788091394,0.01378936623126581,17
4571.574755366,24.68000000000718,1,1,4.526385180961781,5.990611202504629,0.0,0.6,0.3149408847865335,0.3149408847865335,0,13.940689764659664,0.015382243143880148,17
4571.584742369,24.690000000007192,1,1,4.547631927384881,6.115430648006928,0.030956739735059212,0.6,0.31024557298885314,0.31024557298885314,0,13.943240217607547,0.01696467750307251,23
4571.594782173,24.700000000007204,1,1,4.754495855842792,6.257355481438369,0.0,0.6,0.32238754046228024,0.32238754046228024,0,13.944953999934922,0.018513421813726394,23
4571.604694859,24.710000000007216,1,1,4.6412118352665495,6.43822840243468,0.0,0.6,0.3303473055477084,0.3303473055477084,0,13.94582431449239,0.020004246826129668,23
4571.614762224,24.72000000000723,1,1,4.868104444116126,6.601784984868823,0.0,0.6000000000000001,0.34054281241085493,0.34054281241085493,0,13.946012252707671,0.021442122014939002,27
4571.624707251,24.73000000000724,1,1,4.720090524028623,6.8007645893984785,0.0,0.6000000000000001,0.3441878524605598,0.3441878524605598,0,13.945424737663341,0.022805694866880444,27
4571.63494456,24.740000000007253,1,1,4.939391992659559,6.995966744821678,0.03979861605635492,0.6,0.35075373425006406,0.35075373425006406,0,13.943602304081312,0.024080826798463573,28
4571.647522838,24.750000000007265,1,1,4.798250938450706,7.199716201238124,0.0,0.5999999999999999,0.35250451904172064,0.35250451904172064,0,13.940440118908201,0.025275083086073957,30
4571.654724147,24.760000000007278,1,1,4.969837804148036,7.403574526551557,0.0,0.5999999999999999,0.35648278602536604,0.35648278602536604,0,13.935913473441826,0.026381434457163344,33
4571.664930297,24.77000000000729,1,1,4.834748586637301,7.609780136615241,0.0,0.6,0.356729877972105,0.356729877972105,0,13.930040162241541,0.027406979141306076,34
4571.674785839,24.780000000007302,1,1,4.873106212963853,7.815065648811118,0.0,0.6,0.35755484560264433,0.35755484560264433,0,13.922837984522094,0.02833963963814301,35
4571.684811591,24.790000000007314,1,1,4.896358666415264,8.030927866034906,0.0,0.6,0.35651632404787853,0.35651632404787853,0,13.914289194105224,0.029170560641281096,41
4571.694776352,24.800000000007326,1,1,5.117043426031808,8.23909850386476,0.0,0.6000000000000001,0.3560406388468364,0.3560406388468364,0,13.90444344277243,0.029922700776936928,42
4571.704795276,24.81000000000734,1,1,5.144824487089849,8.451435964818906,0.05438651087461121,0.6,0.3535801095030955,0.3535801095030955,0,13.893321597896506,0.03056589186414982,43
4571.715170181,24.82000000000735,1,1,5.202817727879274,8.660155718040158,0.0,0.6,0.35060197683845634,0.35060197683845634,0,13.880930022479683,0.031136683081306016,48
4571.724865604,24.830000000007363,1,1,5.126757665061551,8.867151247483315,0.09887824798640545,0.6,0.34693389610209574,0.34693389610209574,0,13.867324873876308,0.031625825940951424,49
4571.734795472,24.840000000007375,1,1,5.340908331897955,9.072976194448454,0.10000000000000003,0.5999999999999999,0.34505448830584134,0.34505448830584134,0,13.852547131353873,0.03202698615101274,49
4571.747075808,24.850000000007388,1,1,5.402883564320155,9.276003529577698,0.1,0.6,0.3418888566243597,0.3418888566243597,0,13.83667259494348,0.03235975379232481,52
4571.754701839,24.8600000000074,1,1,5.418192064459821,9.475460974762695,0.07748173068406072,0.6,0.3378600233150228,0.3378600233150228,0,13.819745749759774,0.03264444980913872,56
4571.764753576,24.870000000007412,1,1,5.590004245393338,9.672778834594508,0.0,0.6,0.33528432326815744,0.33528432326815744,0,13.801771079918979,0.03285910291070082,57
4571.77482343,24.880000000007424,1,1,5.709399490558363,9.867355495704937,0.0,0.6,0.3335348950192426,0.3335348950192426,0,13.782708311626656,0.033035347132453596,57
4571.78471937,24.890000000007436,1,1,5.604117579310675,10.061889704657402,0.0,0.6,0.3275975441788883,0.3275975441788883,0,13.762655394114066,0.03314815260953474,63
4571.794764002,24.90000000000745,1,1,5.640396700296024,10.255074461890572,0.1,0.6000000000000001,0.3240737713490761,0.3240737713490761,0,13.741655999750416,0.033224036640480126,63
4571.804795242,24.91000000000746,1,1,5.730947586625829,10.448189930691205,0.03272314789494464,0.6,0.31734010188141415,0.31734010188141415,0,13.719754547241669,0.033244835979115095,63
4571.814715074,24.920000000007473,1,1,5.724168268897576,10.640700508979318,0.0,0.6,0.314073016009088,0.314073016009088,0,13.696993053630647,0.03321931983406201,67
4571.824787044,24.930000000007485,1,1,5.805063919319389,10.831645270756635,0.0,0.6000000000000001,0.31441387257407827,0.31441387257407827,0,13.673397922339205,0.03317885882763627,67
4571.834750432,24.940000000007498,1,1,5.882539175685764,11.021018509571219,0.0,0.6,0.31090920334550176,0.31090920334550176,0,13.64905887980102,0.03311980246295976,67
4571.847233512,24.95000000000751,1,1,5.851527106491387,11.209134336684833,0.013805825737356609,0.6,0.3082406542320807,0.3082406542320807,0,13.624020277468148,0.03303823815131768,68
4571.854752307,24.960000000007522,1,1,5.707595385728536,11.395562030549979,0.0,0.6,0.3064526747028576,0.3064526747028576,0,13.598327141831776,0.03295211869577219,71
4571.86473942,24.970000000007534,1,1,5.646679645366391,11.581019452803961,0.0,0.6,0.30514181536015905,0.30514181536015905,0,13.572069656141698,0.03285296529793347,71
4571.874786938,24.980000000007546,1,1,5.621565106378342,11.764761753252243,0.1,0.5999999999999999,0.3051381887440187,0.3051381887440187,0,13.545316214213837,0.03276817196825199,71
4571.884738604,24.99000000000756,1,1,5.449371640225911,11.947157282348714,0.0,0.6000000000000001,0.304690738023186,0.304690738023186,0,13.518151671153225,0.03267616964897835,75
4571.894755443,25.00000000000757,1,1,5.350923025875382,12.12759876263618,0.0,0.5999999999999999,0.30775993947853997,0.30775993947853997,0,13.490625793275479,0.03260507199982898,75
4571.904806398,25.010000000007583,1,1,5.26506797587012,12.306119468775607,0.045131969228503634,0.6,0.3059355106929771,0.3059355106929771,0,13.462836842301217,0.03255363647183929,75
4571.916401991,25.020000000007595,1,1,5.179166354560154,12.483632335839692,0.0,0.6,0.3067254191284366,0.3067254191284366,0,13.434851047324612,0.032501254848261496,78
4571.924730155,25.030000000007607,1,1,5.095660559411992,12.660510927287586,0.0,0.6,0.3075778462001443,0.3075778462001443,0,13.406720366688386,0.032457816441580745,81
4571.934800039,25.04000000000762,1,1,5.020984820702727,12.835529383125719,0.0,0.5999999999999999,0.30849331778582556,0.30849331778582556,0,13.378513814115205,0.032431798741067164,81
4571.944740405,25.050000000007632,1,1,4.920534727819283,13.00796973541976,0.0,0.6,0.30983784763807243,0.30983784763807243,0,13.350298592596282,0.03242341490943157,81
4571.954796214,25.060000000007644,1,1,4.852872181852468,13.179830138133772,0.0,0.6,0.31086193206256413,0.31086193206256413,0,13.32214435911147,0.032418634274361535,87
4571.964763018,25.070000000007656,1,1,4.793238333180664,13.351952260330181,0.0,0.6,0.31182103485173535,0.31182103485173535,0,13.294099243308137,0.03242484676602553,88
4571.974681862,25.08000000000767,1,1,4.731618501165373,13.494578892918184,0.0,0.34350261835563695,0.3128464045999859,0.3128464045999859,0,13.266228030892707,0.03244798304526997,88
4571.984688253,25.09000000000768,1,1,4.766919241760139,13.319946756313389,0.0,5.551115123125783e-14,0.3148479422143378,0.3148479422143378,0,13.238585941752753,0.03247117264866106,93
4571.994743072,25.100000000007693,1,1,4.622065906988795,13.118702499282763,0.0,0.0053370570290485,0.312397731200465,0.312397731200465,0,13.211225178446762,0.03248623324414979,94
4572.004817688,25.110000000007705,1,1,4.656391456802605,12.893624105621038,0.0,1.0126982252310917e-13,0.31415315096937396,0.31415315096937396,0,13.184202476799618,0.032509102299241865,94
4572.014726249,25.120000000007717,1,1,4.5102225768351225,12.737671376706027,0.03134234026223629,0.10851087781280727,0.31177388535953315,0.31177388535953315,0,13.157570685829713,0.032529926240258966,94
4572.024837879,25.13000000000773,1,1,4.558856685005498,12.511112609661296,0.07053783968026335,0.2680503334048885,0.31689914953010834,0.31689914953010834,0,13.131383008763605,0.0325397873725628,97
4572.034788488,25.140000000007742,1,1,4.429342960076696,12.361243970441238,0.0,3.3993498887762956e-14,0.3143732481813077,0.3143732481813077,0,13.105675901402474,0.0325523046642755,97
4572.044848062,25.150000000007754,1,1,4.354687611613915,12.141711922976613,0.0,3.1031676915590914e-14,0.3143270953235157,0.3143270953235157,0,13.080483845272166,0.03255482055381176,97
4572.054891361,25.160000000007766,1,1,4.454774702994805,11.927639235203952,0.0,1.3877787807814457e-14,0.31576662296425384,0.31576662296425384,0,13.055837475807511,0.0325603298939976,101
4572.064914975,25.17000000000778,1,1,4.391864244637403,11.7639534413823,0.1,0.6,0.31443413072501747,0.31443413072501747,0,13.0317409352453,0.03255481823939088,101
4572.074725968,25.18000000000779,1,1,4.375776232573397,11.600588237199865,0.09999999999998883,0.5999999999999204,0.31442848475965757,0.31442848475965757,0,13.008228449206594,0.032562633315529554,101
4572.087221267,25.190000000007803,1,1,4.249552998643762,11.453317932182394,0.1,0.6,0.31140013090934293,0.31140013090934293,0,12.985317168589548,0.03255161360576331,104
4572.094728842,25.200000000007815,1,1,4.250007300055297,11.2614225839621,0.02393432074783296,9.335326988569946e-14,0.30573177743515134,0.30573177743515134,0,12.96302134229694,0.03252611504037972,109
4572.104714035,25.210000000007827,1,1,4.191086327339687,11.085257505434816,0.0,6.798699777552591e-14,0.30898175200204014,0.30898175200204014,0,12.941338680672427,0.032492313038196,110
4572.114789978,25.22000000000784,1,1,4.174905259297101,10.928345629351714,0.0,8.355534721610419e-14,0.3078148694638667,0.3078148694638667,0,12.920279024643373,0.03244951761987469,110
4572.124746583,25.230000000007852,1,1,4.161766956247458,10.77238035492896,0.0,3.1031676915590914e-14,0.3065394487430545,0.3065394487430545,0,12.89984017024262,0.03239236362185749,117
4572.134697495,25.240000000007864,1,1,4.145844985510432,10.629551634443175,0.0,3.469446951953614e-14,0.3014026208783822,0.3014026208783822,0,12.880008897927336,0.03233559951822884,119
4572.144805711,25.250000000007876,1,1,4.137680359689975,10.476044306512978,0.0,0.0,0.29988227901838654,0.29988227901838654,0,12.860787567122093,0.03225419337948865,119
4572.154663647,25.26000000000789,1,1,4.165341010975813,10.266594580768517,0.0,2.7755575615628914e-14,0.3017023078176858,0.3017023078176858,0,12.842166213510339,0.032172717448122556,123
4572.164765197,25.2700000000079,1,1,4.123428411194692,10.107018905257211,0.0,3.98609107286759e-14,0.3006069712900976,0.3006069712900976,0,12.824129870081038,0.03209199140857866,124
4572.1747015,25.280000000007913,1,1,4.115326331927857,9.970753166567047,0.0,6.359601310784502e-14,0.29489249586120286,0.29489249586120286,0,12.806678257123002,0.031993139312706864,124
4572.186931514,25.290000000007925,1,1,4.122167340772265,9.819370611294083,0.10000000000000003,0.6,0.2938381707663042,0.2938381707663042,0,12.789798804008754,0.03187536241516087,126
4572.194946525,25.300000000007937,1,1,4.142791121054732,9.65321499802862,0.08796047068229726,0.3253872697061004,0.2964691098849627,0.2964691098849627,0,12.77347025800282,0.031771096772942986,130
4572.20484505,25.31000000000795,1,1,4.109997392316248,9.518570608986753,0.0,8.777083671441753e-14,0.2901756747387647,0.2901756747387647,0,12.757669144936866,0.0316563448686884,132
4572.214831904,25.320000000007962,1,1,4.1404875741826555,9.372074910743327,0.00851073548977846,3.469446951953614e-14,0.2888282630635842,0.2888282630635842,0,12.742396138924025,0.03152685447295411,132
4572.224783697,25.330000000007974,1,1,4.159316117848869,9.252772871099312,0.0,0.04566453827868196,0.2918660313568367,0.2918660313568367,0,12.727637080788737,0.03141856384742958,137
4572.234810354,25.340000000007986,1,1,4.149645459929288,9.15138245933317,0.0,5.551115123125783e-14,0.28987079764548873,0.28987079764548873,0,12.713364752587289,0.03129667046994489,137
4572.244813415,25.350000000008,1,1,4.157241400106849,9.071985286126726,0.03147231642092965,0.10839967509156025,0.2839384265348206,0.2839384265348206,0,12.699554226199815,0.031178905668364454,138
4572.25623822,25.36000000000801,1,1,4.1893915729052225,8.977711832606472,0.1,0.6,0.28484312672540535,0.28484312672540535,0,12.686189028669123,0.031035311771961505,141
4572.264795427,25.370000000008023,1,1,4.335629906410092,8.862980634774598,0.0560334086480095,0.5710580084765127,0.28474505309341214,0.28474505309341214,0,12.673256536590642,0.030885275454395122,143
4572.274836197,25.380000000008035,1,1,4.2052528763304045,8.74067595761484,0.0,5.887846720064156e-14,0.2899341514793571,0.2899341514793571,0,12.660739545510943,0.030734438327925773,143
4572.284799062,25.390000000008047,1,1,4.225153807169503,8.625615161927161,0.0,3.179800655392251e-14,0.2896076018925386,0.2896076018925386,0,12.648628947315496,0.030578037917024847,143
4572.294730187,25.40000000000806,1,1,4.23251835209165,8.554875582862731,0.0,6.206335383118183e-14,0.29381453881241737,0.29381453881241737,0,12.636928129267481,0.030409396163922464,149
4572.304927574,25.410000000008072,1,1,4.262011409381686,8.451978392588092,0.07228014060145824,0.5999999999999999,0.2940717902874247,0.2940717902874247,0,12.625607598520986,0.03023907064232323,149
4572.314736804,25.420000000008084,1,1,4.269885428062124,8.372940687854872,0.0,4.163336342344337e-14,0.29782314594626,0.29782314594626,0,12.61463304191163,0.030073491408966202,151
4572.324758908,25.430000000008096,1,1,4.305300641168773,8.328897945531576,0.0,3.179800655392251e-14,0.2993265814415841,0.2993265814415841,0,12.603993642150318,0.02989417480501677,157
4572.334806618,25.44000000000811,1,1,4.338309494601391,8.275949315935907,0.09999999999999999,0.6,0.3002151374177306,0.3002151374177306,0,12.593672085987558,0.029757748011071783,158
4572.344766127,25.45000000000812,1,1,4.496773915264273,8.23866151276707,0.1,0.5999999999999999,0.2987419725832292,0.2987419725832292,0,12.58364364600604,0.02960908201964818,159
4572.357030768,25.460000000008133,1,1,4.492357879566574,8.31048036526555,0.10000000000000002,0.6,0.30099900606096464,0.30099900606096464,0,12.573883671948002,0.02947995730396702,162
4572.364771637,25.470000000008145,1,1,4.490171408771678,8.347769038409393,0.0,2.7755575615628914e-14,0.298704257926395,0.298704257926395,0,12.56436839166349,0.029375336329054536,166
4572.374761941,25.480000000008157,1,1,4.539049203356956,8.412697405200499,0.0,0.1445391508915409,0.3005953894618977,0.3005953894618977,0,12.555075641195058,0.029264406040269808,167
4572.384814375,25.49000000000817,1,1,4.614595855354045,8.509216750271657,0.0,0.5999999999999999,0.2975164336965241,0.2975164336965241,0,12.545985331235682,0.02916756972354695,167
4572.394713369,25.500000000008182,1,1,4.650468681218704,8.629465584377163,0.0,0.3973758181177789,0.29739870470716945,0.29739870470716945,0,12.53706799897965,0.029120382207357798,173
4572.404725749,25.510000000008194,1,1,4.843152035325523,8.685816896321551,0.0,0.6,0.2939833731823609,0.2939833731823609,0,12.528297734466586,0.029103372005748307,175
4572.415024227,25.520000000008206,1,1,4.794101670410755,8.847012632219888,0.0,0.6,0.2930307190397516,0.2930307190397516,0,12.519656535024994,0.029084199884255924,177
4572.426593324,25.53000000000822,1,1,4.958382587364967,8.978217176622897,0.0,0.6000000000000001,0.29134996792153145,0.29134996792153145,0,12.511129714491794,0.029109575844082913,3
4572.434806567,25.54000000000823,1,1,4.912186499198236,9.13641320265149,0.0,0.6,0.2883550584784395,0.2883550584784395,0,12.50269615582911,0.029147696352024077,5
4572.444969469,25.550000000008243,1,1,4.98542585538502,9.295731653883593,0.0,0.6,0.2867595844106616,0.2867595844106616,0,12.494351152197275,0.02919817047058304,5
4572.454897712,25.560000000008255,1,1,5.134265565087416,9.441326930694295,0.0,0.6,0.286532724123969,0.286532724123969,0,12.48608991622942,0.029272598168645247,6
4572.464795083,25.570000000008267,1,1,5.073898028067316,9.594281556160784,0.0,0.5999999999999999,0.28987874007232206,0.28987874007232206,0,12.477900416117036,0.029361437023932346,10
4572.474770886,25.58000000000828,1,1,5.1455756026213075,9.758834344272993,0.0,0.6,0.2918614482204015,0.2918614482204015,0,12.469786144172152,0.0294538875053707,11
4572.484769533,25.590000000008292,1,1,5.227784741600364,9.91945245329607,0.06963218691125658,0.6000000000000001,0.29386381084056257,0.29386381084056257,0,12.46175600304359,0.029551999779650062,12
4572.495142144,25.600000000008304,1,1,5.243809261876893,10.08017746071011,0.0,0.6,0.2927617008621393,0.2927617008621393,0,12.453815570289073,0.02965250760058713,17
4572.504769587,25.610000000008316,1,1,5.2985803492556425,10.235776004666613,0.0,0.6,0.29766362224611864,0.29766362224611864,0,12.445966113275382,0.029769974094297824,17
4572.514743007,25.62000000000833,1,1,5.286360740733655,10.391743462306382,0.0,0.6,0.29670853961991833,0.29670853961991833,0,12.438213868049376,0.029890420161631903,17
4572.527078046,25.63000000000834,1,1,5.3343595156091625,10.542153637119014,0.1,0.6,0.3017289381219414,0.3017289381219414,0,12.430563767804715,0.030030534827975686,19
4572.534827114,25.640000000008353,1,1,5.325402288167455,10.698070422015908,0.0,0.6,0.300454062662532,0.300454062662532,0,12.42302010949694,0.03015741605220912,22
4572.544762992,25.650000000008365,1,1,5.411507750401346,10.850241577057515,0.0,0.6000000000000001,0.3041208961931139,0.3041208961931139,0,12.41558795749799,0.030300143412458347,22
4572.554692612,25.660000000008377,1,1,5.255376559081896,11.00214645063227,0.0,0.6,0.30816336077323386,0.30816336077323386,0,12.40827641625898,0.030447432873725422,23
4572.564732027,25.67000000000839,1,1,5.258495631501398,11.152376683040746,0.0,0.6,0.31031717162958083,0.31031717162958083,0,12.401097989057927,0.030610123379994025,28
4572.574803478,25.680000000008402,1,1,5.174929373152871,11.30403148216518,0.0,0.6,0.3091568386150279,0.3091568386150279,0,12.394063570863924,0.03076715076314107,28
4572.584722202,25.690000000008414,1,1,5.118561220722047,11.45143267775352,0.007448256960760693,0.6,0.31509597545905016,0.31509597545905016,0,12.387176009962408,0.030955074636502378,28
4572.596833094,25.700000000008426,1,1,5.015058024391799,11.599715946341625,0.05111468661778117,0.6,0.3157523434207671,0.3157523434207671,0,12.380441836333436,0.0311365815670821,31
4572.604689791,25.71000000000844,1,1,5.044421702878879,11.747915163919837,0.045308216013361956,0.6,0.3185135471290992,0.3185135471290992,0,12.373862636196398,0.031313130031201064,34
4572.614718849,25.72000000000845,1,1,4.9732946229260095,11.894514635491765,0.005838690836560334,0.6,0.32342360353214844,0.32342360353214844,0,12.367439103368165,0.03150974742260626,34
4572.624898465,25.730000000008463,1,1,4.866128223755223,12.04000026217517,0.0,0.6,0.325746985789798,0.325746985789798,0,12.361175280417019,0.03171789872460651,34
4572.634709847,25.740000000008475,1,1,4.892417777258096,12.184198041925432,0.0,0.6,0.32918504786134156,0.32918504786134156,0,12.355072907584397,0.03193810153217602,38
4572.644717315,25.750000000008487,1,1,4.873886054637298,12.32601337539477,0.0,0.6,0.3330783116684539,0.3330783116684539,0,12.349133600614413,0.03217508188802487,38
4572.654692948,25.7600000000085,1,1,4.974105975746463,12.467678053588568,0.0,0.6,0.3331930685325286,0.3331930685325286,0,12.34335747482361,0.032400292445587064,39
4572.6647875,25.770000000008512,1,1,4.963259276780078,12.608063377573787,0.0,0.6,0.3355322791139365,0.3355322791139365,0,12.337742856116487,0.032626871244169964,42
4572.674722116,25.780000000008524,1,1,5.18139767226794,12.74711000708798,0.0,0.6,0.3392797400852273,0.3392797400852273,0,12.332287109737699,0.03285715719368576,42
4572.684786235,25.790000000008536,1,1,5.27623814372676,12.885445083915402,0.0,0.6,0.3413520160580972,0.3413520160580972,0,12.326987844067222,0.03309408943703551,43
4572.69713342,25.80000000000855,1,1,5.439132258567194,13.024093252152676,0.09999999999999999,0.6000000000000001,0.34130680464406515,0.34130680464406515,0,12.321843857065916,0.0333065008084763,46
4572.704793004,25.81000000000856,1,1,5.5580769035186135,13.163332845547586,0.07085698290706104,0.5999999999999999,0.3389115480301466,0.3389115480301466,0,12.316850874154563,0.033506348342729364,50
4572.714808032,25.820000000008573,1,1,5.6379903523471775,13.303830850329284,0.0,0.6,0.33744370740542046,0.33744370740542046,0,12.312004932818246,0.033653234145055944,51
4572.72496796,25.830000000008585,1,1,5.608040458223757,13.444390221985007,0.0,0.6,0.33910420786039536,0.33910420786039536,0,12.307299995630542,0.033788926205956304,52
4572.734774469,25.840000000008597,1,1,5.580438917941141,13.585474932169557,0.0,0.6000000000000001,0.33780350427201855,0.33780350427201855,0,12.302731183945518,0.03390951352469451,57
4572.744737689,25.85000000000861,1,1,5.657074262224055,13.72696973772197,0.06207524216728212,0.6,0.337030452061348,0.337030452061348,0,12.298295262287285,0.03400288426079556,59
4572.754925048,25.860000000008622,1,1,5.662415002654704,13.868313454588693,0.0,0.6,0.33535569415105454,0.33535569415105454,0,12.29398904548088,0.03408259402462388,59
4572.766630186,25.870000000008634,1,1,5.714824749691269,14.009871986485425,0.1,0.6,0.3328609230793171,0.3328609230793171,0,12.289810355807562,0.034126075312102655,62
4572.774733606,25.880000000008646,1,1,5.690052002179751,14.151058315194689,0.0,0.5999999999999999,0.3333570568341534,0.3333570568341534,0,12.285756066718989,0.034159766293532234,65
4572.784716458,25.89000000000866,1,1,5.632471043308644,14.291910896242495,0.0,0.6,0.3341897608569532,0.3341897608569532,0,12.28182469330832,0.03418816079673559,67
4572.794716869,25.90000000000867,1,1,5.531773219509865,14.43244244347704,0.0,0.6,0.3317778321014751,0.3317778321014751,0,12.27801464379111,0.034204371822704305,69
4572.804963388,25.910000000008683,1,1,5.642852808595747,14.571998881094922,0.051801150696016714,0.6,0.330285420829636,0.330285420829636,0,12.274325194995779,0.034222365297717605,74
4572.814908805,25.920000000008695,1,1,5.611822983625659,14.711345563155836,0.02412427717179167,0.6000000000000001,0.32948057863649655,0.32948057863649655,0,12.27075579104408,0.03420991956408237,75
4572.824774861,25.930000000008707,1,1,5.72969083641658,14.84961785419703,0.0324567810964998,0.6,0.32654447833367944,0.32654447833367944,0,12.267305773244574,0.03419530146156857,76
4572.834711287,25.94000000000872,1,1,5.7899961775622115,14.986853574502627,0.0,0.6,0.3259889530859029,0.3259889530859029,0,12.26397501473615,0.03416506633439975,81
4572.844814272,25.950000000008732,1,1,5.876359835862389,15.123154714275463,0.04740070461475564,0.5999999999999999,0.32419391510466644,0.32419391510466644,0,12.260763349613702,0.034135576689777736,82
4572.854761731,25.960000000008744,1,1,5.873143537480718,15.25836352349522,0.01727416803055178,0.5999999999999999,0.3234298981391891,0.3234298981391891,0,12.257670754612699,0.034096703883155444,82
4572.867416548,25.970000000008756,1,1,5.7919886099053555,15.39276806383234,0.1,0.6,0.32534456471929984,0.32534456471929984,0,12.254697236367639,0.03405671811861155,86
4572.874844681,25.98000000000877,1,1,5.7004468091369604,15.526146865134251,0.0,0.6,0.3256806229061739,0.3256806229061739,0,12.25184265862234,0.034027371454642186,92
4572.884929987,25.99000000000878,1,1,5.67165102841825,15.658774898005378,0.0,0.5999999999999999,0.32299261483380864,0.32299261483380864,0,12.249106980081601,0.033993525793507784,94
4572.894899564,26.000000000008793,1,1,5.5472226043389234,15.790658586633935,0.08657851488148045,0.6000000000000001,0.3234278958714274,0.3234278958714274,0,12.246490700786618,0.033961854048984774,95
4572.904836558,26.010000000008805,1,1,5.424874304248456,15.921432706592384,0.0,0.6,0.32642789556659635,0.32642789556659635,0,12.243993458632342,0.03394979398474618,99
4572.914797213,26.020000000008817,1,1,5.289965022647467,16.051828488011154,0.0,0.6,0.32385805243891563,0.32385805243891563,0,12.241615337886671,0.03392688361731411,100
4572.924792179,26.03000000000883,1,1,5.3055748733434624,16.181016014249124,0.0,0.6,0.32491648013860674,0.32491648013860674,0,12.239357293096775,0.03391317764417301,102
4572.936675866,26.040000000008842,1,1,5.121581481991447,16.308842773327044,0.1,0.6,0.3292020181059254,0.3292020181059254,0,12.237219007614465,0.03391786636005212,107
4572.944805001,26.050000000008854,1,1,5.19997317592184,16.43547743307304,0.0,0.6,0.32799245060084187,0.32799245060084187,0,12.23519966547752,0.03393596439813473,110
4572.954714978,26.060000000008866,1,1,5.063641973524008,16.560675691004892,0.0,0.6,0.33087410002418655,0.33087410002418655,0,12.233300630231836,0.03396132796484186,110
4572.964778264,26.07000000000888,1,1,5.060130139266769,16.684749827958665,0.0,0.6,0.3332041749069065,0.3332041749069065,0,12.231521322589737,0.03399474205170838,110
4572.974750517,26.08000000000889,1,1,5.027770295454422,16.80762674106181,0.0,0.6,0.3314692878482073,0.3314692878482073,0,12.229861701156018,0.03403137788364741,117
4572.984728818,26.090000000008903,1,1,4.876631311549598,16.9300420871159,0.0,0.6,0.3335176933975291,0.3335176933975291,0,12.228322563076192,0.03406127497235212,118
4572.994746623,26.100000000008915,1,1,4.849291127424913,17.051481885296262,0.0,0.6,0.3317968414284269,0.3317968414284269,0,12.226902649297626,0.034094526629184996,118
4573.004831732,26.110000000008927,1,1,4.905727667952434,17.171771308969067,0.0,0.6,0.3338656934556801,0.3338656934556801,0,12.225601854705298,0.034128857219455355,122
4573.014914792,26.12000000000894,1,1,4.783534700728154,17.290953081791287,0.0,0.6,0.3333176442038839,0.3333176442038839,0,12.224420344434918,0.03417089801384776,123
4573.024796857,26.130000000008952,1,1,4.731807477102674,17.409266126121143,0.0,0.5999999999999999,0.33422836432072195,0.33422836432072195,0,12.223356745609946,0.03421804493637204,123
4573.037050133,26.140000000008964,1,1,4.617932502034984,17.526998208040265,0.06937692961974921,0.6,0.33804455815419876,0.33804455815419876,0,12.22241055228767,0.034275381960984896,125
4573.044761712,26.150000000008976,1,1,4.552196035943812,17.644387697234553,0.0,0.6,0.33825175039755717,0.33825175039755717,0,12.22157989009877,0.03434386406710899,129
4573.054790433,26.16000000000899,1,1,4.628945776691526,17.760530776377717,0.08291123141586401,0.6,0.3423222098602062,0.3423222098602062,0,12.220863946436632,0.03441183868156772,130
4573.064778959,26.170000000009,1,1,4.416912310375734,17.875700788933617,0.0,0.6,0.3426160756080322,0.3426160756080322,0,12.220261240754606,0.03450919887779791,131
4573.074730878,26.180000000009013,1,1,4.296461783635035,17.991037086665617,0.0,0.6,0.3443313784370644,0.3443313784370644,0,12.219770083801041,0.0346009875153277,137
4573.084829983,26.190000000009025,1,1,4.271963821041777,18.106338608370276,0.1,0.6,0.34715322309952634,0.34715322309952634,0,12.21938858250197,0.034699617996046817,137
4573.09484715,26.200000000009037,1,1,4.068519603328441,18.221364241444064,0.0,0.6,0.347663269826394,0.347663269826394,0,12.219115131850772,0.03481486311877968,137
4573.107056852,26.21000000000905,1,1,4.119804697630175,18.33603794901775,0.03171430544831808,0.6000000000000001,0.3476163806140789,0.3476163806140789,0,12.21894767944852,0.03493324255136909,140
4573.114766468,26.220000000009062,1,1,4.014219414138735,18.450954531874252,0.0,0.6,0.35174040590427863,0.35174040590427863,0,12.218885238601935,0.03504815981893605,143
4573.124772223,26.230000000009074,1,1,3.9050501073334396,18.56583481936191,0.0,0.6000000000000001,0.3506665124025544,0.3506665124025544,0,12.21892597003894,0.03516870017938678,144
4573.134755291,26.240000000009086,1,1,3.805168515633365,18.68061555531335,0.0,0.6,0.35225709533500205,0.35225709533500205,0,12.219069149026364,0.035286092204391384,144
4573.144785362,26.2500000000091,1,1,3.720852187451657,18.795266446090494,0.0,0.6,0.35636924310481555,0.35636924310481555,0,12.219313735647317,0.03540595496106902,149
4573.154786807,26.26000000000911,1,1,3.635352022331163,18.909435233527006,0.03237867870298427,0.6,0.3557564459270847,0.3557564459270847,0,12.219657467660648,0.035535074912245834,149
4573.164782651,26.270000000009123,1,1,3.5272654521322258,19.024605034062578,0.0,0.6,0.3568513273281108,0.3568513273281108,0,12.220098186326389,0.03564859383963426,151
4573.17476348,26.280000000009135,1,1,3.31336543466782,19.138840247309417,0.0,0.6,0.3578990209580616,0.3578990209580616,0,12.220633664291116,0.03577595866279504,155
4573.184786986,26.290000000009147,1,1,3.2367916963664505,19.25308279289024,0.0,0.6,0.35959627396918387,0.35959627396918387,0,12.221260920042575,0.035900306638494195,155
4573.194760515,26.30000000000916,1,1,3.2036039300894057,19.365707841765307,0.0,0.6000000000000001,0.36468552661210807,0.36468552661210807,0,12.22197915307611,0.03604024757855262,157
4573.206992609,26.310000000009172,1,1,3.133615600862886,19.47594606546275,0.10000000000000002,0.6,0.36453446639725506,0.36453446639725506,0,12.222786440221105,0.03618660879358071,160
4573.214768006,26.320000000009184,1,1,3.103892284089023,19.58342975116848,0.04294786023837488,0.5999999999999999,0.36602182930735266,0.36602182930735266,0,12.223682472417748,0.03633947774432156,164
4573.224798386,26.330000000009196,1,1,3.2863136145131593,19.683440398389468,0.058913661703278074,0.6,0.37255007205589935,0.37255007205589935,0,12.22466622357327,0.036510192791461726,164
4573.234890454,26.34000000000921,1,1,3.1063331195341988,19.772039377376732,0.0,0.6,0.3699408269651756,0.3699408269651756,0,12.225738250046543,0.036677473631530955,164
4573.244869784,26.35000000000922,1,1,3.203532861526428,19.768326082966382,0.0,0.6,0.37372409639116627,0.37372409639116627,0,12.22689964638105,0.03684055978444012,170
4573.254767708,26.360000000009233,1,1,3.3570875288664914,19.39776632538034,0.1,0.6,0.3747092374462344,0.3747092374462344,0,12.228149467646036,0.036992744186992166,170
4573.264816698,26.370000000009245,1,1,3.437978000068612,18.869411163681274,0.0,0.6000000000000001,0.3772224601497821,0.3772224601497821,0,12.229488205344582,0.037153684209789484,170
4573.276852203,26.380000000009257,1,1,3.639520695576784,18.33128525061505,0.07616104532360342,0.6,0.3799926551750081,0.3799926551750081,0,12.230914443095735,0.03731566157934618,173
4573.28472623,26.39000000000927,1,1,3.5058528901328043,17.790720012857335,0.0,0.5999999999999999,0.37898078194049467,0.37898078194049467,0,12.232425234493011,0.03748184702384072,176
4573.294935394,26.400000000009282,1,1,3.806922502567857,17.25078868184969,0.0,0.6,0.3826967202171414,0.3826967202171414,0,12.23401776862069,0.03764749613099361,176
4573.304786028,26.410000000009294,1,1,3.9820995509049824,16.71016048133305,0.0,0.6,0.38592876339099424,0.38592876339099424,0,12.235690110689607,0.03782262153970062,176
4573.314757079,26.420000000009306,1,1,4.172497743045233,16.168355612928618,0.0,0.6,0.38904952556402156,0.38904952556402156,0,12.237439894176292,0.038023057321791454,180
4573.324934147,26.43000000000932,1,1,4.427272459637131,15.626571250475747,0.03467038787860576,0.5999999999999999,0.3932705637902826,0.3932705637902826,0,12.239264731095012,0.03822517760873123,180
4573.334762239,26.44000000000933,1,1,4.682365922122695,15.084017238907956,0.0,0.6,0.39707228449093823,0.39707228449093823,0,12.241160677836934,0.03845970951410127,180
4573.344731499,26.450000000009343,1,1,5.034217172125359,14.542082062297938,0.0,0.6000000000000001,0.4001926718865334,0.4001926718865334,0,12.243124834744615,0.03869637407220772,183
4573.354750051,26.460000000009355,1,1,5.368115710621973,14.000373830948757,0.026679222172077185,0.5999999999999999,0.40467138524742596,0.40467138524742596,0,12.245154856150888,0.038946273118973584,184
4573.364716945,26.470000000009367,1,1,5.54967345987033,13.459326203906768,0.0,0.6000000000000001,0.40736180627380164,0.40736180627380164,0,12.247247737166616,0.03920941029353875,184
4573.376912007,26.48000000000938,1,1,6.030542766173005,12.918412599860064,0.1,0.6,0.4125674061364819,0.4125674061364819,0,12.249399576771511,0.039486643107357056,185
4573.384706701,26.490000000009392,1,1,6.354064749957237,12.378186518609143,0.1,0.6,0.4157893564062768,0.4157893564062768,0,12.251607251396951,0.03977541409331131,188
4573.394788656,26.500000000009404,1,1,6.8432325555099345,11.83881655048117,0.0,0.6,0.42261906100246593,0.42261906100246593,0,12.253867901693765,0.040055724597861,189
4573.404721678,26.510000000009416,1,1,7.0332859487859904,11.301225321791415,0.053426550478131475,0.6,0.42628374351939474,0.42628374351939474,0,12.256178504714933,0.04030721044726304,189
4573.414794071,26.52000000000943,1,1,7.222858233140524,10.765525002396764,0.0,0.6000000000000001,0.4285740637077805,0.4285740637077805,0,12.258522505361288,0.04052466743907357,195
4573.42476091,26.53000000000944,1,1,7.424396329929937,10.231474592122812,0.1,0.6,0.42896466577467945,0.42896466577467945,0,12.260876379005417,0.04069736165564497,0
4573.434731443,26.540000000009453,1,1,7.879930326006344,9.698870457192369,0.0777031126665981,0.6,0.43053480064225863,0.43053480064225863,0,12.263213591864425,0.04082898243335853,1
4573.445257341,26.550000000009465,1,1,7.981535531672785,9.168183111233606,0.0,0.6,0.43064913699855956,0.43064913699855956,0,12.265474202261933,0.040902375333822905,5
4573.454885032,26.560000000009477,1,1,8.435195916158474,8.638974191086541,0.10000000000000003,0.5999999999999999,0.4327157751549786,0.4327157751549786,0,12.267586365737746,0.04092710478891659,5
4573.464763491,26.57000000000949,1,1,8.700007411666997,8.111418484037662,0.1,0.6,0.432421053079788,0.432421053079788,0,12.269529345975393,0.0409092400499973,5
4573.474764689,26.580000000009502,1,1,8.983022003171556,7.5857592835865555,0.1,0.5999999999999999,0.4325981057383805,0.4325981057383805,0,12.271288116901406,0.04082217218596762,6
4573.484740879,26.590000000009514,1,1,9.317634643533287,7.0619349910657325,0.0,0.5999999999999999,0.4329616948711615,0.4329616948711615,0,12.272855450185824,0.04068914409301283,11
4573.494720165,26.600000000009526,1,1,9.395244047407946,6.540654945445264,0.10000000000000002,0.6,0.43075147970237726,0.43075147970237726,0,12.27422654344012,0.04069054304249177,11
4573.504764699,26.61000000000954,1,1,9.767581471938433,6.02214184489114,0.06287300404014345,0.6000000000000001,0.4298348617733732,0.4298348617733732,0,12.275419111318655,0.040936995217681404,11
4573.514737775,26.62000000000955,1,1,10.09060740826168,5.5064789739088615,0.1,0.6,0.4148855602886818,0.4148855602886818,0,12.276451321203618,0.041105637937001255,16
4573.524757772,26.630000000009563,1,1,10.455064208267297,4.995153507455273,0.1,0.6,0.37613655358015835,0.37613655358015835,0,12.277314808874031,0.04094963155846584,16
4573.534734912,26.640000000009575,1,1,10.81196113924849,4.490836276624671,0.1,0.6,0.3369247656342555,0.3369247656342555,0,12.277953665933941,0.040435110947251524,16
4573.546377926,26.650000000009587,1,1,11.18826238109515,3.9967912900387432,0.1,0.6,0.2972586589958074,0.2972586589958074,0,12.278326376394538,0.039590851716464814,19
4573.554752864,26.6600000000096,1,1,11.52572149227358,3.517539076925869,0.1,0.6,0.25662050911628315,0.25662050911628315,0,12.278400486996206,0.03843932460055152,22
4573.564786524,26.670000000009612,1,1,11.815538164979966,3.058939666157397,0.1,0.5999999999999999,0.21584166710964517,0.21584166710964517,0,12.27815902100876,0.03701835323656265,22
4573.57478623,26.680000000009624,1,1,12.064795052336569,2.629493249904927,0.1,0.5999999999999999,0.1783165494162866,0.1783165494162866,0,12.27758824881791,0.03536142610682866,22
4573.584705076,26.690000000009636,1,1,12.210444536959244,2.2411191169208102,0.1,0.6,0.14384528507095345,0.14384528507095345,0,12.276671089572893,0.0335158284922247,27
4573.594909196,26.70000000000965,1,1,12.185105846755823,1.9130164018470868,0.1,0.6000000000000001,0.11022015508571772,0.11022015508571772,0,12.275408869143666,0.0315071588426904,27
4573.604654251,26.71000000000966,1,1,12.000543247509523,1.6725281265512928,0.01565861696239835,0.6,0.11593236577339405,0.11593236577339405,0,12.273807003345086,0.029383722564346015,27
4573.614746554,26.720000000009673,1,1,11.706993801491764,1.55215269691885,0.0,0.6000000000000001,0.12141924088185917,0.12141924088185917,0,12.27187490459863,0.027163069759574013,31
4573.624728446,26.730000000009685,1,1,11.36323319339237,1.5701786815692225,0.0,0.6,0.12529625251828658,0.12529625251828658,0,12.269629931452547,0.02487270291586728,32
4573.63471719,26.740000000009697,1,1,11.021480425651514,1.7123761699083782,0.0,0.5999999999999999,0.13107266593322475,0.13107266593322475,0,12.267097357712483,0.02251845578620855,33
4573.647164197,26.75000000000971,1,1,10.6257231050932,1.942735208178271,0.09999999999999999,0.6,0.1341190338526118,0.1341190338526118,0,12.264303771919533,0.020137312153898634,34
4573.654739654,26.760000000009722,1,1,10.100716272778692,2.2259250300753055,0.0,0.5999999999999999,0.14718343461105282,0.14718343461105282,0,12.261273921516276,0.017735886334822995,37
4573.664769264,26.770000000009734,1,1,9.678636817990185,2.537550503447836,0.0,0.6000000000000001,0.1731972516011191,0.1731972516011191,0,12.25803444678781,0.015328589144251017,37
4573.674797301,26.780000000009746,1,1,9.127993273259053,2.8634310019508256,0.0,0.6000000000000001,0.19899469082677926,0.19899469082677926,0,12.254619179230023,0.012934655753426533,37
4573.684747925,26.79000000000976,1,1,8.69928697134805,3.1948689363930947,0.0,0.6000000000000001,0.2256472263143235,0.2256472263143235,0,12.251028621439172,0.010535392712454211,43
4573.694698005,26.80000000000977,1,1,8.28049257351875,3.52564702598358,0.0,0.5999999999999999,0.24918548398117055,0.24918548398117055,0,12.247273456883358,0.009618772793324792,44
4573.704757972,26.810000000009783,1,1,7.8218097057220355,3.8506045604726515,0.0,0.6,0.2739782270762244,0.2739782270762244,0,12.2433602421302,0.01012479697240315,45
4573.716511418,26.820000000009795,1,1,7.235891254648248,4.167444261383389,0.1,0.5999999999999999,0.2973834204291117,0.2973834204291117,0,12.239311306227773,0.010592919949640622,49
4573.724836012,26.830000000009807,1,1,6.798574911751543,4.474710615765675,0.0,0.5999999999999999,0.3189701161833672,0.3189701161833672,0,12.23515053192969,0.01167559748824143,51
4573.734786103,26.84000000000982,1,1,6.227492956319106,4.771491748352449,0.0,0.5999999999999999,0.3414619503979287,0.3414619503979287,0,12.230898483379788,0.013003106336082038,51
4573.744790681,26.850000000009832,1,1,5.690293848608555,5.057263118293764,0.08878854988352469,0.6,0.3639659388803445,0.3639659388803445,0,12.226586179421574,0.014315428511276096,51
4573.754894082,26.860000000009844,1,1,5.000501711795198,5.331405976440496,0.0,0.6,0.3792059126159698,0.3792059126159698,0,12.22224463658408,0.015614974431713335,56
4573.76473773,26.870000000009856,1,1,4.561414248728218,5.593643042515272,0.0,0.6,0.3990211583419707,0.3990211583419707,0,12.217888561240146,0.016925383276089168,56
4573.774753625,26.88000000000987,1,1,4.112837031357291,5.843859931802258,0.0,0.6,0.4086540919127394,0.4086540919127394,0,12.213533364067263,0.018634679851375013,56
4573.78512817,26.89000000000988,1,1,3.8169541147072152,6.082410020483367,0.0,0.6,0.40969133656385165,0.40969133656385165,0,12.209201556520538,0.020769675265772003,61
4573.79493087,26.900000000009893,1,1,3.463887735546854,6.310195616830632,0.0,0.6,0.4097161387409454,0.4097161387409454,0,12.204917190760085,0.02269093930965771,61
4573.804789388,26.910000000009905,1,1,3.369159892492568,6.528123895081687,0.0,0.6000000000000001,0.4122854545847191,0.4122854545847191,0,12.200709317192967,0.024447725000144693,61
4573.816679867,26.920000000009917,1,1,3.2540955614514737,6.737028887358942,0.08158001519218555,0.6,0.41224547229996233,0.41224547229996233,0,12.196612140366296,0.026038958761961384,63
4573.824812019,26.93000000000993,1,1,3.1939357218550235,6.937729298375681,0.0,0.6,0.41188458102414416,0.41188458102414416,0,12.192650012059826,0.027467576424220264,66
4573.834786134,26.94000000000994,1,1,3.130458016898912,7.130960102246574,0.0,0.6,0.4093240412365621,0.4093240412365621,0,12.188814309554594,0.02874410401745564,66
4573.844901703,26.950000000009954,1,1,3.193267253827252,7.317414118611532,0.0,0.6000000000000002,0.4099295827991521,0.4099295827991521,0,12.185085651612782,0.02990929398792197,66
4573.854952089,26.960000000009966,1,1,3.3498791898376874,7.497675288729336,0.0,0.6,0.4096848045141121,0.4096848045141121,0,12.181469965521664,0.03095487576908207,71
4573.864826232,26.97000000000998,1,1,3.317692246003618,7.67231939666247,0.04088679190281492,0.6,0.4080618680293216,0.4080618680293216,0,12.177980574328647,0.031896364486881046,72
4573.874798028,26.98000000000999,1,1,3.5011988928728264,7.841865624772959,0.0,0.6,0.4079408816871904,0.4079408816871904,0,12.174661362030598,0.03274713974180088,72
4573.886889757,26.990000000010003,1,1,3.709340418235112,8.006781586330575,0.0,0.6,0.40821587580232543,0.40821587580232543,0,12.171594496138807,0.03351005541710128,75
4573.894787922,27.000000000010015,1,1,4.093510955541134,8.167449872604745,0.0,0.6,0.4116931845210852,0.4116931845210852,0,12.168783966363787,0.03420126693217629,78
4573.904790553,27.010000000010027,1,1,4.1087849479771,8.32424519616209,0.0,0.6,0.4093337027241961,0.4093337027241961,0,12.166234241284688,0.03483533260647875,78
4573.914720507,27.02000000001004,1,1,4.285232990597346,8.477502220898824,0.0,0.6,0.4091979142796717,0.4091979142796717,0,12.163944708416956,0.03540391645469532,79
4573.924793497,27.03000000001005,1,1,4.511695400599612,8.627566132061075,0.09999999999999999,0.6,0.4115304996342847,0.4115304996342847,0,12.161914807007154,0.03591686250552195,84
4573.934735222,27.040000000010064,1,1,4.614653104369423,8.774743122463885,0.011852384610580463,0.6,0.41143609384217444,0.41143609384217444,0,12.160145883915947,0.03638807493784024,84
4573.944787557,27.050000000010076,1,1,4.460335034341054,8.919315773783795,0.0,0.6,0.40718931372200806,0.40718931372200806,0,12.158637193193805,0.03679323844223825,84
4573.955119052,27.06000000001009,1,1,4.749368889659428,9.061587911683846,0.0,0.6,0.41090859188881207,0.41090859188881207,0,12.157383681892378,0.03717179210917476,89
4573.964743381,27.0700000000101,1,1,4.893559650364601,9.201687029344805,0.013942317212366185,0.6000000000000001,0.40989154528658694,0.40989154528658694,0,12.156389048400719,0.03751054828231459,90
4573.974724539,27.080000000010113,1,1,4.779175001212314,9.339879124207394,0.0,0.6,0.4069649564314747,0.4069649564314747,0,12.155649684210502,0.03779908973132584,90
4573.987081762,27.090000000010125,1,1,4.834126650115585,9.476369868046561,0.07206053289025438,0.6,0.4091556799321143,0.4091556799321143,0,12.15515833987835,0.03807604874043746,92
4573.994751239,27.100000000010137,1,1,4.622315367653852,9.611335007603296,0.0,0.6,0.40707708858400987,0.40707708858400987,0,12.154913750684441,0.03831725396655261,95
4574.004782612,27.11000000001015,1,1,4.587263897359658,9.74495566166033,0.0,0.6,0.4089384252716785,0.4089384252716785,0,12.154903389648764,0.03852770467257316,96
4574.014724257,27.12000000001016,1,1,4.3571838701703705,9.87735501946964,0.0,0.6,0.40565247147488054,0.40565247147488054,0,12.155119833297384,0.038708454124134484,96
4574.024812492,27.130000000010174,1,1,4.257804646292369,10.0086307744078,0.0,0.5999999999999999,0.40762116311160496,0.40762116311160496,0,12.155551690846925,0.03888125921139651,100
4574.034793478,27.140000000010186,1,1,4.057483564358575,10.138869254871729,0.0,0.6,0.4069613219721552,0.4069613219721552,0,12.156190885021887,0.039026787079467606,100
4574.044727645,27.1500000000102,1,1,3.811288143634998,10.268176156680335,0.0,0.6,0.4063996813675715,0.4063996813675715,0,12.157020196340202,0.03914532697058348,101
4574.056304516,27.16000000001021,1,1,3.522939777161509,10.396606640494523,0.027611643353190357,0.6000000000000001,0.4034428108228552,0.4034428108228552,0,12.158026059857239,0.03924598418003655,104
4574.064776665,27.170000000010223,1,1,3.3148774913036703,10.52423396453042,0.1,0.6,0.4045657106523515,0.4045657106523515,0,12.159192763909278,0.039320498105274826,106
4574.074909613,27.180000000010235,1,1,3.051036439844648,10.651063234605411,0.0,0.6000000000000001,0.4021393168780066,0.4021393168780066,0,12.160510088473039,0.03940188278834489,106
4574.084770398,27.190000000010247,1,1,2.897255003730109,10.777166657576437,0.0,0.6,0.40425483042296867,0.40425483042296867,0,12.161965685703864,0.03946586285419662,106
4574.094798353,27.20000000001026,1,1,2.689702066158292,10.902564207398022,0.0,0.6,0.40365125946569386,0.40365125946569386,0,12.163549803143217,0.03952985501793216,112
4574.104714126,27.21000000001027,1,1,2.5213860594315634,11.02730224776996,0.1,0.5999999999999999,0.4014920767155462,0.4014920767155462,0,12.165251381851633,0.03955745393893184,113
4574.114750142,27.220000000010284,1,1,2.4228844583842264,11.151397395064965,0.0,0.6,0.4022803847069662,0.4022803847069662,0,12.167058403030177,0.03958830568110816,114
4574.124765468,27.230000000010296,1,1,2.1928554367472675,11.274823700521583,0.0,0.6,0.39936894677496804,0.39936894677496804,0,12.168968969368747,0.0396072822085598,117
4574.134724713,27.24000000001031,1,1,2.1230425944780342,11.397681248833404,0.0,0.6,0.40176903206354075,0.40176903206354075,0,12.17096833951123,0.039626761233297225,117
4574.144782738,27.25000000001032,1,1,2.005457723299282,11.519944700469908,0.0,0.6,0.40155668145582996,0.40155668145582996,0,12.173054603371943,0.03963933743935932,119
4574.157573974,27.260000000010333,1,1,1.8289541511637857,11.641668275853103,0.10000000000000003,0.6000000000000001,0.39991674188601756,0.39991674188601756,0,12.17522509104562,0.03965216189901799,120
4574.16484943,27.270000000010345,1,1,1.730361563393216,11.762882254670629,0.0,0.6,0.40143659544696403,0.40143659544696403,0,12.177472324622068,0.03965363888827467,125
4574.174866465,27.280000000010357,1,1,1.5353322140604817,11.883625386045345,0.0,0.6,0.39876230148457464,0.39876230148457464,0,12.179779341599337,0.039656095892142806,125
4574.184727861,27.29000000001037,1,1,1.4714209599275154,12.003906767256472,0.1,0.6,0.4005219067602775,0.4005219067602775,0,12.181965496284395,0.039642405349127774,125
4574.194724051,27.30000000001038,1,1,1.2934479550016684,12.123764509421662,0.0,0.6,0.398661872140718,0.398661872140718,0,12.183988534032343,0.03964465697407982,130
4574.204774853,27.310000000010394,1,1,1.3142418423376123,12.243224631395925,0.0,0.6,0.40140652992857084,0.40140652992857084,0,12.185874936322787,0.03964730925358251,130
4574.215064774,27.320000000010406,1,1,1.0236915206780468,12.362283863290813,0.0,0.5999999999999999,0.3976989926289262,0.3976989926289262,0,12.187650073501676,0.03963568474711798,131
4574.226519191,27.33000000001042,1,1,1.0633506594354705,12.481015466567857,0.0,0.6,0.40045542986110044,0.40045542986110044,0,12.189336051776886,0.03963678209640542,134
4574.234753352,27.34000000001043,1,1,0.9913750209365163,12.599382493086406,0.0,0.6,0.400626304277959,0.400626304277959,0,12.190954695503725,0.03963003860855974,138
4574.244690327,27.350000000010443,1,1,0.8922340048318188,12.717372501620606,0.0,0.6,0.3973866527220147,0.3973866527220147,0,12.192525044568455,0.03961612885260113,138
4574.254759862,27.360000000010455,1,1,0.7368848113058585,12.835009377882903,0.09999999999999999,0.6,0.39734612006181014,0.39734612006181014,0,12.194064235002916,0.03961802639255674,139
4574.264784357,27.370000000010467,1,1,0.8781900766280054,12.952289560417766,0.08971234881115986,0.6,0.3993917334361858,0.3993917334361858,0,12.195588683177336,0.03959613957391239,145
4574.2747412,27.38000000001048,1,1,0.6825168108254164,13.069262121222819,0.07017323793355267,0.6,0.39831969556880076,0.39831969556880076,0,12.197112276437943,0.039595591311001765,145
4574.284799402,27.39000000001049,1,1,0.6269922791978678,13.185823757709075,0.0,0.5999999999999999,0.39517199919276036,0.39517199919276036,0,12.198649379217704,0.039562276462295376,145
4574.295293963,27.400000000010504,1,1,0.565174308068026,13.302016767608093,0.0,0.6,0.3945635957557738,0.3945635957557738,0,12.200210965695252,0.03952076696753326,150
4574.304787641,27.410000000010516,1,1,0.4325369479369628,13.417821822651005,0.0,0.6,0.3922851670429636,0.3922851670429636,0,12.201808599256243,0.03947997940822234,151
4574.314841803,27.42000000001053,1,1,0.4845887324386286,13.533254217955124,0.0,0.6,0.39215067395505926,0.39215067395505926,0,12.203452823752343,0.03943298753462732,151
4574.327330703,27.43000000001054,1,1,0.4669839308990613,13.648236085564982,0.1,0.6,0.391222895782093,0.391222895782093,0,12.205153575512558,0.03936217306723089,154
4574.33475925,27.440000000010553,1,1,0.47681942911483594,13.762849938036412,0.0,0.5999999999999999,0.3924856459292951,0.3924856459292951,0,12.206920610796232,0.0393129282236615,158
4574.344765314,27.450000000010565,1,1,0.48563405283573036,13.877073334730715,0.0,0.5999999999999999,0.39048270728194673,0.39048270728194673,0,12.208763882512304,0.0392630457735228,160
4574.35495783,27.460000000010577,1,1,0.4638667933913992,13.990974660883897,0.0,0.6,0.39387238839794647,0.39387238839794647,0,12.210692248237443,0.03921972671573859,162
4574.364786858,27.47000000001059,1,1,0.3837078909273368,14.104576736827642,0.0,0.6,0.3919519011617081,0.3919519011617081,0,12.212719037994892,0.03918038073682251,169
4574.374749372,27.4800000000106,1,1,0.37420174491334346,14.217917697362791,0.0,0.6,0.39106542615933454,0.39106542615933454,0,12.21485897646759,0.03915040597079056,172
4574.384700821,27.490000000010614,1,1,0.31238878542547094,14.331031862325228,0.0,0.6,0.39204889209125804,0.39204889209125804,0,12.21712304442289,0.03912139617443655,173
4574.394999888,27.500000000010626,1,1,0.21238074861357137,14.443925767811663,0.0,0.6,0.39523740053083833,0.39523740053083833,0,12.219518887553093,0.03911510394793871,178
4574.404736674,27.51000000001064,1,1,0.18887663002205457,14.556587165256733,0.0,0.6000000000000001,0.39357434227284577,0.39357434227284577,0,12.222054491762243,0.039107665174040074,182
4574.414873223,27.52000000001065,1,1,0.26066151078231675,14.66903211409811,0.0,0.6,0.3928701644710251,0.3928701644710251,0,12.22473505476839,0.03909820660031449,182
4574.424775159,27.530000000010663,1,1,0.1301776860900599,14.781272506655638,0.0,0.6,0.3951897322839685,0.3951897322839685,0,12.227567067189058,0.03909874736415375,0
4574.434755007,27.540000000010675,1,1,0.24373211941724518,14.893303603614573,0.0,0.6000000000000001,0.39453899316359003,0.39453899316359003,0,12.23055747838249,0.03909947101685307,4
4574.444771698,27.550000000010687,1,1,0.11565795540073384,15.005192007531523,0.0,0.6,0.3969026097490069,0.3969026097490069,0,12.233713441003287,0.03912364240961108,6
4574.454747402,27.5600000000107,1,1,0.11158962263085863,15.116910004495,0.0,0.6,0.3978484415912282,0.3978484415912282,0,12.237041726275725,0.03915128690308656,7
4574.464780317,27.57000000001071,1,1,0.25076581263325465,15.22846956899494,0.0,0.6,0.39711742605649486,0.39711742605649486,0,12.240548908681612,0.03917292286684182,12
4574.474803311,27.580000000010724,1,1,0.26456376953600036,15.339942427117492,0.0,0.6,0.39795824190688545,0.39795824190688545,0,12.244241805348286,0.039204548327923305,12
4574.48506929,27.590000000010736,1,1,0.19597868708952026,15.45130076163846,0.0,0.6,0.40034355636571106,0.40034355636571106,0,12.248127780540306,0.039243052541225065,12
4574.496502034,27.60000000001075,1,1,0.2975509551461418,15.562549176358763,0.09999999999999999,0.6,0.40276991566357845,0.40276991566357845,0,12.25221409787016,0.03930089491723421,16
4574.504757155,27.61000000001076,1,1,0.25967086565530806,15.67372405571657,0.0,0.5999999999999999,0.40199476938153905,0.40199476938153905,0,12.256508248218081,0.03935914922828543,18
4574.514878756,27.620000000010773,1,1,0.29210484127110287,15.784873000084827,0.0,0.6,0.40279134996013277,0.40279134996013277,0,12.261017161869443,0.039421080870546854,18
4574.524949408,27.630000000010785,1,1,0.4488298591114174,15.895973813537491,0.0,0.6,0.40630315434457703,0.40630315434457703,0,12.265748745007846,0.039486071973406256,18
4574.534711477,27.640000000010797,1,1,0.34161590199850767,16.007043169283104,0.0,0.6,0.404296869005072,0.404296869005072,0,12.270711021915691,0.039545735866880705,22
4574.54478691,27.65000000001081,1,1,0.4833942478630975,16.118146869573213,0.0,0.6,0.40579341480208564,0.40579341480208564,0,12.275911869552093,0.03961907425508682,22
4574.554693073,27.66000000001082,1,1,0.606482358843867,16.229232526704664,0.0,0.5999999999999999,0.4092327368555978,0.4092327368555978,0,12.281359133554947,0.039692975455945856,23
4574.564765846,27.670000000010834,1,1,0.6314348763136594,16.340305960123914,0.0,0.6,0.40989681606416206,0.40989681606416206,0,12.287061156142618,0.03976454072679014,27
4574.574740426,27.680000000010846,1,1,0.5292005394980513,16.451355798603956,0.0,0.6,0.40776037627742184,0.40776037627742184,0,12.29302648515193,0.039820689837526624,28
4574.584712515,27.69000000001086,1,1,0.5482996471581645,16.56242345075779,0.0,0.6000000000000001,0.4083686371547608,0.4083686371547608,0,12.299264426391037,0.039878039176879154,29
4574.59722391,27.70000000001087,1,1,0.6165707318347553,16.67349236175005,0.1,0.6,0.41012131605330726,0.41012131605330726,0,12.30578498744622,0.039945419130966275,32
4574.604709154,27.710000000010883,1,1,0.5805242422241067,16.784542910778402,0.0,0.6,0.40951329271145614,0.40951329271145614,0,12.312597850262097,0.04000159845543316,35
4574.614731731,27.720000000010895,1,1,0.5938567833914266,16.895622502116083,0.0,0.6,0.41004765298499357,0.41004765298499357,0,12.319713667709657,0.04007338235749058,36
4574.624706547,27.730000000010907,1,1,0.7429837021919419,17.00670346322369,0.0,0.6,0.41131739439389653,0.41131739439389653,0,12.327142258187894,0.04013182471067345,37
4574.634819034,27.74000000001092,1,1,0.5576386460480727,17.11778510311765,0.0,0.5999999999999999,0.4097603712742698,0.4097603712742698,0,12.334894459068352,0.04018503423883346,41
4574.644743807,27.75000000001093,1,1,0.5651185131980578,17.22886930935938,0.0,0.6,0.4102216436313095,0.4102216436313095,0,12.342982717596616,0.04023242437052721,41
4574.654754976,27.760000000010944,1,1,0.5989103744235271,17.339994846851187,0.0,0.6,0.41067374850726657,0.41067374850726657,0,12.351419755405338,0.04027586953616713,42
4574.666501147,27.770000000010956,1,1,0.6991545726003064,17.451154985773236,0.10000000000000002,0.6,0.41314212290283653,0.41314212290283653,0,12.36021702651254,0.040329625535565405,45
4574.674742378,27.78000000001097,1,1,0.6078834944439246,17.562351892229373,0.0,0.6,0.4115009163176283,0.4115009163176283,0,12.369384711042699,0.04038692672544375,47
4574.68484227,27.79000000001098,1,1,0.7693935181487948,17.67358778747449,0.0,0.6,0.414687183433763,0.414687183433763,0,12.378935689444905,0.04042976496957995,47
4574.694997293,27.800000000010993,1,1,0.6020973427889054,17.784826057871527,0.0,0.6,0.41068731490567906,0.41068731490567906,0,12.388882310864219,0.0404584102621266,48
4574.704881478,27.810000000011005,1,1,0.7764875111790119,17.896181429789802,0.0,0.6,0.4154100905888012,0.4154100905888012,0,12.399234372880883,0.04051154840658233,52
4574.714822291,27.820000000011017,1,1,0.8443158587707172,18.00752818202873,0.04583422575855929,0.6,0.41492288671437144,0.41492288671437144,0,12.409999492734205,0.04055592175811151,52
4574.725245521,27.83000000001103,1,1,0.6981839226785037,18.118922541949654,0.0,0.5999999999999999,0.41449691709145264,0.41449691709145264,0,12.421180164077587,0.0406027543003189,53
4574.734713611,27.84000000001104,1,1,0.6401887118308589,18.230342649061956,0.0,0.6,0.4135621303219637,0.4135621303219637,0,12.432784328990124,0.04063996157885441,58
4574.744767984,27.850000000011054,1,1,0.6680657901210225,18.34181386081015,0.0,0.6,0.4138557298412232,0.4138557298412232,0,12.4448249254187,0.04067303365635633,58
4574.754780059,27.860000000011066,1,1,0.66573838799831,18.453333070638763,0.0,0.6,0.414138633137541,0.414138633137541,0,12.457307873699268,0.04071001980265243,59
4574.767611161,27.87000000001108,1,1,0.7442442405050556,18.56486248363702,0.09999999999999999,0.6,0.4160462456082415,0.4160462456082415,0,12.470240202716663,0.04073507469118387,60
4574.774732479,27.88000000001109,1,1,0.6057076547901965,18.676448878992773,0.1,0.6,0.4137051765658399,0.4137051765658399,0,12.483628668486967,0.04078248926301575,66
4574.784782194,27.890000000011103,1,1,0.574854409908169,18.788047955414303,0.0,0.6,0.4133753691888623,0.4133753691888623,0,12.497477105281703,0.04080793228750612,66
4574.79475456,27.900000000011115,1,1,0.5554490325224115,18.89966903024095,0.0,0.6,0.4144800632398866,0.4144800632398866,0,12.51180037369373,0.04082355874682486,66
4574.804743419,27.910000000011127,1,1,0.4384617292708704,19.011261047853232,0.0,0.6000000000000001,0.41318262999688105,0.41318262999688105,0,12.526614869288993,0.040833922235866904,71
4574.814838516,27.92000000001114,1,1,0.4581980086102853,19.122933307915762,0.0,0.6,0.413451167607452,0.413451167607452,0,12.541929264522034,0.040855664346081344,71
4574.824823873,27.93000000001115,1,1,0.5831135956663105,19.23459027671749,0.0,0.6,0.4153015186642463,0.4153015186642463,0,12.55773541010865,0.04087470436724283,73
4574.837046805,27.940000000011164,1,1,0.5443470021246218,19.346259103778902,0.09999999999999999,0.6,0.415203963214103,0.415203963214103,0,12.57403460583379,0.04090587035947468,77
4574.844814209,27.950000000011176,1,1,0.6113940084331103,19.45792981331228,0.0,0.6,0.41587242367538096,0.41587242367538096,0,12.590822605214115,0.04091625686396494,81
4574.8547708,27.96000000001119,1,1,0.6378077211374559,19.569663458397667,0.0,0.6,0.416161243226356,0.416161243226356,0,12.608110660849029,0.04095044685723037,82
4574.864734086,27.9700000000112,1,1,0.6419964836577873,19.681395110040395,0.0,0.6,0.4164556459551274,0.4164556459551274,0,12.625895778111785,0.04098195386605563,83
4574.874767194,27.980000000011213,1,1,0.5821954642115561,19.793128971644105,0.0,0.6,0.41544881948788853,0.41544881948788853,0,12.644177827051253,0.041007421481086936,88
4574.88484129,27.990000000011225,1,1,0.6111591422601323,19.904876124403803,0.0,0.5999999999999999,0.4157373702549247,0.4157373702549247,0,12.662966545021044,0.04101723172462579,89
4574.894938382,28.000000000011237,1,1,0.6137948421552999,20.016624494695062,0.0,0.5999999999999999,0.4160466121490065,0.4160466121490065,0,12.682266926547722,0.0410288528571634,90
4574.904760189,28.01000000001125,1,1,0.6164025526955466,20.12836252515424,0.0,0.5999999999999999,0.41636776908891837,0.41636776908891837,0,12.70207960371226,0.041042238918499896,94
4574.914878068,28.02000000001126,1,1,0.646179940519157,20.240125778730192,0.0,0.5999999999999999,0.41668428907597027,0.41668428907597027,0,12.722400056630416,0.0410653631595177,95
4574.924788849,28.030000000011274,1,1,0.6477660894447023,20.35188896937574,0.0,0.6000000000000001,0.41701667347416355,0.41701667347416355,0,12.743218179637454,0.04108976474631332,95
4574.937101194,28.040000000011286,1,1,0.5287069890606798,20.463590086511445,0.1,0.6,0.4153026650176024,0.4153026650176024,0,12.764528859938533,0.041102627901949296,96
4574.944748882,28.0500000000113,1,1,0.4712205258892406,20.57522411073405,0.0,0.6,0.41484007634679354,0.41484007634679354,0,12.786334869106527,0.04109850929539349,99
4574.95472872,28.06000000001131,1,1,0.44406660177577506,20.68676400542356,0.0,0.6,0.41480576051957246,0.41480576051957246,0,12.808640704107805,0.04108969701714216,99
4574.964759339,28.070000000011323,1,1,0.3807052854982371,20.798170230327138,0.0,0.6,0.41301893238948595,0.41301893238948595,0,12.831461824185125,0.04107729793308046,99
4574.974744425,28.080000000011335,1,1,0.48948130427835473,20.909510367793597,0.0,0.6000000000000001,0.4150152845158292,0.4150152845158292,0,12.854785443149368,0.04107467112281049,104
4574.984790951,28.090000000011347,1,1,0.3446972393593549,21.020646438100606,0.0,0.6,0.4126182060629926,0.4126182060629926,0,12.878612969958269,0.04105666789936424,104
4574.994964521,28.10000000001136,1,1,0.3447416283298019,21.131660125717282,0.0,0.6,0.413118209155121,0.413118209155121,0,12.90294639751212,0.04103729736680495,104
4575.006509476,28.11000000001137,1,1,0.38944043992233307,21.242619917998372,0.1,0.6,0.4143965612352567,0.4143965612352567,0,12.927774644863328,0.04103331162850199,108
4575.014703265,28.120000000011384,1,1,0.46010872921505264,21.353474332233176,0.0,0.6,0.41576560475870744,0.41576560475870744,0,12.953073376643388,0.04103742343510208,110
4575.024772383,28.130000000011396,1,1,0.4687714820829393,21.464302555622535,0.0,0.6,0.4163372920494641,0.4163372920494641,0,12.978810992285467,0.04106099562633214,110
4575.034758276,28.14000000001141,1,1,0.6245306214896647,21.575092188828528,0.0,0.6,0.41975796483557826,0.41975796483557826,0,13.004972871063693,0.041089224492940835,111
4575.044835906,28.15000000001142,1,1,0.48871367518804804,21.68576716882459,0.0,0.6,0.4175044828167537,0.4175044828167537,0,13.031535538087391,0.04110446970339554,118
4575.054794323,28.160000000011433,1,1,0.44319345483867134,21.796350648859946,0.0,0.6,0.41679863549153656,0.41679863549153656,0,13.058499156474602,0.04110971194018376,120
4575.06497411,28.170000000011445,1,1,0.4663680948953629,21.906906426251133,0.0,0.6000000000000001,0.4186914323311341,0.4186914323311341,0,13.085865172022157,0.04113049195955054,121
4575.075014605,28.180000000011457,1,1,0.4662406856681541,22.01741001411032,0.0,0.6,0.41802864868604384,0.41802864868604384,0,13.113602226622078,0.04114786722057295,126
4575.084700574,28.19000000001147,1,1,0.3607989588270626,22.12786229873683,0.09205849589529469,0.5999999999999999,0.4171024379899451,0.4171024379899451,0,13.141704863076038,0.04117089864320067,127
4575.094783843,28.20000000001148,1,1,0.4832353279313998,22.23826171763448,0.0,0.6,0.4191797230752059,0.4191797230752059,0,13.170152734947985,0.041189214705430466,128
4575.10731725,28.210000000011494,1,1,0.6549505465656719,22.348685139123003,0.09999999999997482,0.5999999999999999,0.4226521227604053,0.4226521227604053,0,13.198930625129442,0.04123342300477595,130
4575.114776978,28.220000000011506,1,1,0.67226331038116,22.459104547130345,0.0,0.6,0.4232778486527199,0.4232778486527199,0,13.227989494056786,0.041283721173966725,133
4575.124796886,28.23000000001152,1,1,0.5299531672362154,22.5695337217441,0.0,0.6,0.4210543792028581,0.4210543792028581,0,13.257301839011836,0.041325479948078,133
4575.134753287,28.24000000001153,1,1,0.4553823514657377,22.67991694006254,0.0,0.6,0.42007144969259474,0.42007144969259474,0,13.28687433703462,0.041355209761927636,134
4575.144903925,28.250000000011543,1,1,0.4698666345556403,22.790315205834073,0.0,0.6,0.42067057985178125,0.42067057985178125,0,13.316697224820052,0.04138324921465042,138
4575.154922138,28.260000000011555,1,1,0.6000257163337163,22.900802538717276,0.0,0.6,0.4228109721185588,0.4228109721185588,0,13.34675785990192,0.04143241716751289,138
4575.164844109,28.270000000011567,1,1,0.7735554582575309,23.011368258648222,0.0,0.6000000000000001,0.4262160184836308,0.4262160184836308,0,13.3770412415177,0.041485993327886606,139
4575.176868625,28.28000000001158,1,1,0.6274906771197608,23.122141224420997,0.0,0.5999999999999999,0.4239245247977838,0.4239245247977838,0,13.407516039280866,0.041536061036953065,144
4575.184773186,28.29000000001159,1,1,0.6379918981264474,23.233135794745692,0.0,0.6,0.4244268008460655,0.4244268008460655,0,13.438174237686871,0.04157143003262975,148
4575.194787255,28.300000000011604,1,1,0.6691052286075687,23.344468475326945,0.0,0.6,0.42484808846350497,0.42484808846350497,0,13.46901199861827,0.04161444889526544,151
4575.204754337,28.310000000011616,1,1,0.675149522953857,23.456106882694776,0.0,0.5999999999999999,0.42527349609689913,0.42527349609689913,0,13.500009480641014,0.041650625454480616,151
4575.214780019,28.32000000001163,1,1,0.8352577418331488,23.568107169078324,0.0,0.6,0.4284850786868443,0.4284850786868443,0,13.531160833131075,0.04170013659665206,157
4575.224732077,28.33000000001164,1,1,0.6813680883423893,23.680427821920215,0.0,0.5999999999999999,0.426008027219089,0.426008027219089,0,13.562434059275665,0.041753966451280045,158
4575.23472788,28.340000000011653,1,1,0.6173821650250779,23.792832687732425,0.0,0.6,0.4250256375916601,0.4250256375916601,0,13.593800920597802,0.041780947566462334,161
4575.244721692,28.350000000011665,1,1,0.7698620780795854,23.90522113385781,0.0,0.6,0.42815332906686554,0.42815332906686554,0,13.625293247287672,0.0418198721950247,166
4575.254746764,28.360000000011677,1,1,0.6220159605116133,24.01741528310383,0.0,0.6,0.4256541273496197,0.4256541273496197,0,13.656885685349206,0.04185155590925049,167
4575.264772244,28.37000000001169,1,1,0.5638669242990293,24.129277689286848,0.0,0.6000000000000001,0.4246960667230577,0.4246960667230577,0,13.68860264185044,0.04186296549994739,169
4575.277275338,28.3800000000117,1,1,0.5125746160395208,24.240906039117196,0.10000000000000002,0.6,0.42355079586571315,0.42355079586571315,0,13.720465678277847,0.041872493073193295,172
4575.284773634,28.390000000011714,1,1,0.6058625315780519,24.352326679697995,0.0,0.6,0.42537491862820914,0.42537491862820914,0,13.752461219051566,0.041880643605705314,175
4575.29474383,28.400000000011726,1,1,0.6145981739688152,24.46361705455786,0.0,0.6,0.4257739767272051,0.4257739767272051,0,13.784580157217128,0.04190329536062887,176
4575.305035651,28.41000000001174,1,1,0.5665880275189344,24.574555122446597,0.0,0.6000000000000001,0.4249070197728599,0.4249070197728599,0,13.81680551796995,0.04190997595609369,177
4575.314786194,28.42000000001175,1,1,0.5769357260531155,24.685311269902332,0.0,0.6,0.42534776218257664,0.42534776218257664,0,13.849153345005536,0.04192045854362503,181
4575.324771187,28.430000000011763,1,1,0.5830863685524442,24.795896264893216,0.0,0.6,0.42570204733397904,0.42570204733397904,0,13.881612139224027,0.0419328670387511,181
4575.335180849,28.440000000011775,1,1,0.6254752952510529,24.90636968063655,0.0,0.6,0.4261118846506513,0.4261118846506513,0,13.91416762568898,0.04194812364019329,183
4575.344737756,28.450000000011787,1,1,0.5994303705763779,25.016609772243747,0.0,0.6,0.42507441634130033,0.42507441634130033,0,13.946801361977862,0.041956654519368586,190
4575.354775478,28.4600000000118,1,1,0.6245155270353648,25.12684288096449,0.0,0.6,0.42563971352256275,0.42563971352256275,0,13.97949556511215,0.04197292071670988,190
4575.364789944,28.47000000001181,1,1,0.8099267015849715,25.236934738427742,0.1,0.6,0.4300141401967513,0.4300141401967513,0,14.012254342474888,0.0419917122321547,190
4575.37697519,28.480000000011824,1,1,0.6396642902320709,25.34689581836168,0.1,0.6,0.4257542411411701,0.4257542411411701,0,14.045043780606546,0.042020865367961235,191
4575.384996213,28.490000000011836,1,1,0.7764649657297267,25.456621644606823,0.10000000000000002,0.6,0.429070860259511,0.429070860259511,0,14.07785910412065,0.04202770044588022,194
4575.394710497,28.50000000001185,1,1,0.8127187707209301,25.566471600891447,0.0010126249784023053,0.6,0.43006049821497594,0.43006049821497594,0,14.110687298221066,0.042062265315656155,195
4575.404734962,28.51000000001186,1,1,0.850042244715102,25.676292563097547,0.01361633392469808,0.6,0.4303922719992044,0.4303922719992044,0,14.143504969381123,0.04209636854825849,197
4575.414726037,28.520000000011873,1,1,0.7479797947206624,25.78592866984874,0.0,0.6,0.4276742652845417,0.4276742652845417,0,14.176297512220112,0.042122215384503114,203
4575.424836841,28.530000000011885,1,1,0.9202213517149744,25.895776486556688,0.0,0.6,0.4323184509000561,0.4323184509000561,0,14.209047245001061,0.042161132338038865,0
4575.434740161,28.540000000011897,1,1,0.8881935002224673,26.00550982027084,0.0,0.6,0.4310020937328771,0.4310020937328771,0,14.24174847825188,0.04219462951302666,0
4575.446508719,28.55000000001191,1,1,0.8821523920280856,26.115282061657183,0.10000000000000002,0.6,0.4313027014192936,0.4313027014192936,0,14.274368693967274,0.04223738309077918,3
4575.454916016,28.56000000001192,1,1,0.8648146026639685,26.224981670754655,0.0,0.6,0.4303632623087358,0.4303632623087358,0,14.30690804742353,0.04226423173902605,5
4575.464746056,28.570000000011934,1,1,0.8686341202174078,26.3347129349144,0.0,0.6,0.4306812539828557,0.4306812539828557,0,14.339383406385723,0.042296744632694505,5
4575.474788112,28.580000000011946,1,1,1.0011164963595347,26.444535798565862,0.0,0.6,0.4337193533481185,0.4337193533481185,0,14.371777352977263,0.042338561852589884,5
4575.484816922,28.59000000001196,1,1,0.83474041006172,26.553904236231734,0.0,0.6,0.429889502660117,0.429889502660117,0,14.40407284500079,0.042356698037695595,10
4575.49482787,28.60000000001197,1,1,0.9534063455288457,26.663594734972566,0.0,0.6000000000000001,0.4329966769579273,0.4329966769579273,0,14.436284681420402,0.04238831114229746,11
4575.504706321,28.610000000011983,1,1,0.9841167194877154,26.773194566911297,0.1,0.6,0.4343740233788514,0.4343740233788514,0,14.468401323944127,0.04241617043096935,11
4575.514716419,28.620000000011995,1,1,0.8861324633630576,26.882811848593672,0.0,0.6,0.43260450552027696,0.43260450552027696,0,14.500426018861045,0.04244782184464624,15
4575.524773695,28.630000000012007,1,1,0.9607400731926046,26.992530036968876,0.0,0.5999999999999999,0.43418942974343905,0.43418942974343905,0,14.532358192983013,0.04249185886168816,15
4575.534719039,28.64000000001202,1,1,0.9539148580533315,27.102076183369345,0.0,0.6,0.4346273979241435,0.4346273979241435,0,14.564153176792829,0.042530696334379,16
4575.546727649,28.65000000001203,1,1,0.9263691451582736,27.21143104199766,0.1,0.6,0.4341113651343326,0.4341113651343326,0,14.595827874732278,0.042554819920533005,17
4575.554769759,28.660000000012044,1,1,0.9191946068094943,27.32133595183264,0.0,0.6,0.4340610170824773,0.4340610170824773,0,14.627403545626903,0.042605376681113194,20
4575.564737113,28.670000000012056,1,1,0.8669617774083525,27.43059158796754,0.10000000000000002,0.6,0.43325646128892603,0.43325646128892603,0,14.658851598532372,0.042635115722068906,21
4575.574723492,28.68000000001207,1,1,0.8882661170235823,27.539711463557314,0.017853677499318363,0.6,0.4323646989493979,0.4323646989493979,0,14.690186474729753,0.042660217120440436,21
4575.584769942,28.69000000001208,1,1,1.0350199382263185,27.64909081794859,0.0,0.6,0.4353115949979494,0.4353115949979494,0,14.721395812233387,0.04268401749046491,26
4575.594783504,28.700000000012093,1,1,0.9658885572718975,27.758261085956736,0.0,0.6,0.43408213377498717,0.43408213377498717,0,14.752450891900196,0.042704997815361856,27
4575.60470194,28.710000000012105,1,1,1.0418588738173222,27.86759346185744,0.0,0.6,0.4358804671573046,0.4358804671573046,0,14.783348577639956,0.04273105793984833,28
4575.614682696,28.720000000012117,1,1,1.0545844147020744,27.976961803694273,0.0,0.6,0.4361271433837599,0.4361271433837599,0,14.814111706728072,0.04276307667335233,32
4575.624700077,28.73000000001213,1,1,0.9125920299781266,28.085186641510948,0.04736615375979516,0.6,0.43368600720191713,0.43368600720191713,0,14.844735552535537,0.04279210934879896,33
4575.63470956,28.74000000001214,1,1,0.9962482936442308,28.1921933508312,0.0,0.6,0.4355513657091874,0.4355513657091874,0,14.875218353972071,0.04281584125918492,33
4575.644752233,28.750000000012154,1,1,1.1163376650952952,28.29939860874805,0.04601897625275485,0.6,0.43819359544002967,0.43819359544002967,0,14.905613134771537,0.04284474884248657,33
4575.654731179,28.760000000012166,1,1,0.955307164321446,28.40041968878769,0.0,0.6,0.43598170031319655,0.43598170031319655,0,14.935907587561875,0.042868525344143316,37
4575.664729658,28.77000000001218,1,1,0.8692584095219704,28.475447318235716,0.0,0.6,0.43523582241683617,0.43523582241683617,0,14.966134876292195,0.04288900188945732,37
4575.674980861,28.78000000001219,1,1,0.9841358593383649,28.312797554211116,0.0,3.925231146709438e-14,0.4369164888963948,0.4369164888963948,0,14.99629446292125,0.04291708409065953,37
4575.684895328,28.790000000012203,1,1,1.0011443889635459,28.077949989453,0.0,6.206335383118183e-14,0.4373455091134726,0.4373455091134726,0,15.026379214018435,0.042956338684981166,42
4575.694776887,28.800000000012215,1,1,1.0107591883161937,27.805374655626387,0.0,7.850462293418876e-14,0.43728483752087793,0.43728483752087793,0,15.056372123628641,0.042991698537108824,42
4575.704782437,28.810000000012227,1,1,1.0072370704583573,27.50888903330102,0.0,1.8619006149354548e-13,0.437167851872527,0.437167851872527,0,15.086273676895669,0.04302297514862963,42
4575.717084075,28.82000000001224,1,1,1.0014372332175114,27.199025835256275,0.052419509535456446,0.6,0.4370833934760361,0.4370833934760361,0,15.116073039021877,0.04304434921392275,44
4575.724753848,28.83000000001225,1,1,1.0607478395226437,26.887573348838337,0.013667965237684683,4.8074067159589095e-14,0.437924860060657,0.437924860060657,0,15.145770811764429,0.04306022211251592,49
4575.734850755,28.840000000012264,1,1,1.122572786290391,26.56520625026463,0.1,0.6,0.43853253078176285,0.43853253078176285,0,15.175322864083228,0.04307028219746967,51
4575.744819679,28.850000000012276,1,1,0.9836609744015513,26.164647190545224,0.0,4.8074067159589095e-14,0.43565062909148294,0.43565062909148294,0,15.204700895059753,0.0430832119227067,54
4575.754786186,28.86000000001229,1,1,1.0411445367134176,25.7786156771667,0.0407341679622875,0.5999999999999998,0.4347856188210826,0.4347856188210826,0,15.23390441485958,0.04307788839192239,61
4575.764797267,28.8700000000123,1,1,1.1718836146870644,25.394907662850635,0.020878788362632496,0.32094536107971977,0.436501567716046,0.436501567716046,0,15.262897335414463,0.043080843936308844,62
4575.774741299,28.880000000012313,1,1,1.0476405371188844,24.9412078660226,0.005986692395484606,0.28658839119240315,0.4328597912754354,0.4328597912754354,0,15.291584226648403,0.043068296372561266,63
4575.786426208,28.890000000012325,1,1,1.1909584188512625,24.53998233350689,0.1,0.6,0.43529288453272036,0.43529288453272036,0,15.319956797888228,0.04304938549778092,67
4575.794716503,28.900000000012337,1,1,1.1153756786025346,24.132337515118852,0.0,0.32094531281629174,0.4326097678511981,0.4326097678511981,0,15.347992462974199,0.043037282522328524,71
4575.804897499,28.91000000001235,1,1,1.1140827441283387,23.744390883270285,0.0,0.32094467588569614,0.4320344215764122,0.4320344215764122,0,15.375679024137522,0.043015585535325584,73
4575.81470985,28.92000000001236,1,1,1.1333541846150896,23.360967421741158,0.0,9.20548301573787e-14,0.4309456238521474,0.4309456238521474,0,15.403025628382162,0.04297807637574136,73
4575.824768454,28.930000000012374,1,1,1.1288707729183178,23.014097009299785,0.09227951035370799,0.3452188334205144,0.42852954103993574,0.42852954103993574,0,15.430035032309297,0.042932056443208966,78
4575.834734303,28.940000000012386,1,1,1.1663700566924715,22.76088979637454,0.10000000000000002,0.6,0.4297647565066302,0.4297647565066302,0,15.456691305407752,0.04287766003505311,79
4575.844739847,28.9500000000124,1,1,1.0979480333812517,22.485645363913854,0.09227827837483674,0.3451145400045856,0.42838416643285593,0.42838416643285593,0,15.48300168588755,0.042826228240596786,82
4575.855103742,28.96000000001241,1,1,1.1303786838009755,22.261096008033014,0.0,4.8074067159589095e-14,0.4275811009657282,0.4275811009657282,0,15.508993769440274,0.042779903691145815,89
4575.864926055,28.970000000012423,1,1,1.2719108480313945,22.04824220865996,0.0,3.925231146709438e-14,0.4298077882938751,0.4298077882938751,0,15.534666945216378,0.04274291944210884,90
4575.874755032,28.980000000012435,1,1,1.2227867272818187,21.802258541049653,0.013667965237684683,3.925231146709438e-14,0.4281265612028913,0.4281265612028913,0,15.559992055249362,0.04269871220061039,93
4575.887253215,28.990000000012447,1,1,1.1600168413216192,21.57301674542815,0.07216235227201816,0.3451282125496632,0.42676800755943567,0.42676800755943567,0,15.584972982494435,0.0426548210436859,97
4575.894780086,29.00000000001246,1,1,1.1201678454175437,21.32719691173827,0.07216235227194749,0.345126892887452,0.42508246382294396,0.42508246382294396,0,15.609615075120052,0.0426108475997109,102
4575.904754815,29.01000000001247,1,1,1.1267684334755934,21.098115524281614,0.09227809402903098,0.3451268928875192,0.42478629038024474,0.42478629038024474,0,15.63391867577605,0.04256333350388386,102
4575.914788355,29.020000000012484,1,1,1.1896315858307693,20.885926322166927,0.0,3.925231146709438e-14,0.42587305794674746,0.42587305794674746,0,15.657919963962696,0.04251969717142923,102
4575.924708286,29.030000000012496,1,1,1.3410823532739158,20.674083249759736,0.09212352649618973,0.34512821254957193,0.42799173056606477,0.42799173056606477,0,15.681601936420465,0.042487433954425224,107
4575.934764729,29.04000000001251,1,1,1.210177929787736,20.428416334816735,0.0,0.0,0.4252130863712855,0.4252130863712855,0,15.704918673719568,0.04244670688465857,108
4575.944720675,29.05000000001252,1,1,1.2205191101907933,20.19984983357103,0.0,0.0,0.424855375527799,0.424855375527799,0,15.727918241274653,0.042415070318990056,109
4575.956322733,29.060000000012533,1,1,1.192200680508112,19.960605530049097,0.1,0.6000000000000001,0.42375252702360533,0.42375252702360533,0,15.750575273896612,0.04236506901653103,113
4575.965110585,29.070000000012545,1,1,1.2413873083691842,19.743169670226116,0.0,0.0,0.42407930504639835,0.42407930504639835,0,15.772906568789084,0.04231633452617434,115
4575.97474661,29.080000000012557,1,1,1.3154347873160361,19.515000113605513,0.0,3.925231146709438e-14,0.4246886334316578,0.4246886334316578,0,15.794916557509595,0.04227960723431734,115
4575.984696663,29.09000000001257,1,1,1.4126605109464616,19.30432498330785,0.0,7.850462293418876e-14,0.42561388016196006,0.42561388016196006,0,15.816558232936684,0.042245821948429074,116
4575.99482861,29.10000000001258,1,1,1.2738794441038657,19.059096922467067,0.0,3.925231146709438e-14,0.42276348340592795,0.42276348340592795,0,15.837839207034264,0.04220178589755441,121
4576.00484155,29.110000000012594,1,1,1.2182752013122422,18.814021451472758,0.0,3.925231146709438e-14,0.4211691474568035,0.4211691474568035,0,15.858804907374784,0.04214404923715376,121
4576.014683048,29.120000000012606,1,1,1.170879264995437,18.57562425917268,0.0,4.8074067159589095e-14,0.4185520118438542,0.4185520118438542,0,15.879462258261002,0.04208150688718115,121
4576.024965912,29.13000000001262,1,1,1.2576152218442225,18.365396184197877,0.0,6.798699777552591e-14,0.41938012512488204,0.41938012512488204,0,15.899795637264083,0.04202213499610219,127
4576.034719198,29.14000000001263,1,1,1.1885017260888244,18.120700807644113,0.0,2.7755575615628914e-14,0.4174665701683624,0.4174665701683624,0,15.919802318965871,0.04195881761202502,127
4576.044785277,29.150000000012643,1,1,1.279797776105595,17.91081992185134,0.0,4.8074067159589095e-14,0.4182503544065933,0.4182503544065933,0,15.93946579279572,0.04190063437603808,127
4576.056252923,29.160000000012655,1,1,1.1415041478960093,17.6741613702457,0.0,3.925231146709438e-14,0.4172548036648057,0.4172548036648057,0,15.958790308559905,0.04184324526287464,130
4576.064769133,29.170000000012667,1,1,1.1433190735927599,17.46686608331665,0.0,1.4152622167509189e-13,0.41558267312485814,0.41558267312485814,0,15.977819039081195,0.04177800641694718,132
4576.074731135,29.18000000001268,1,1,1.1699251108992728,17.21986736535231,0.0,4.8074067159589095e-14,0.4160522543650922,0.4160522543650922,0,15.996548458916559,0.04171819107077046,132
4576.084827224,29.19000000001269,1,1,1.0835397532254043,16.968282087337155,0.0,4.8074067159589095e-14,0.41493142770639074,0.41493142770639074,0,16.015018406834326,0.041656052965253765,133
4576.094798498,29.200000000012704,1,1,1.193396183141355,16.75870351156817,0.0,4.8074067159589095e-14,0.41563892324874024,0.41563892324874024,0,16.033232717175284,0.04160348282190174,138
4576.104807773,29.210000000012716,1,1,1.282614858896915,16.547543800032035,0.04921834251597768,0.5999999999999999,0.41605739056353713,0.41605739056353713,0,16.05129780615855,0.041545800975281155,140
4576.114734606,29.22000000001273,1,1,1.2399760893860448,16.35606461244875,0.09243692393901587,0.34522095648316403,0.4145125744455785,0.4145125744455785,0,16.069265290318302,0.041490186900021486,147
4576.124723065,29.23000000001274,1,1,1.233655895529691,16.128125883251997,0.0,4.8074067159589095e-14,0.4136123144083519,0.4136123144083519,0,16.087143333360636,0.0414403780154915,151
4576.134710403,29.240000000012753,1,1,1.2906834472386775,15.899779255373971,0.0,6.206335383118183e-14,0.4132404156454526,0.4132404156454526,0,16.104915445886558,0.041389100641775145,153
4576.144767854,29.250000000012765,1,1,1.3867130103460135,15.681611127810752,0.0,0.34551754615771024,0.41463501379637857,0.41463501379637857,0,16.122553668982533,0.041346211896435836,155
4576.154784789,29.260000000012777,1,1,1.2479734953692085,15.468842928267824,0.0,8.777083671441753e-14,0.4117870278527408,0.4117870278527408,0,16.13981993303313,0.04129468531631508,155
4576.164761783,29.27000000001279,1,1,1.381723562818477,15.258241177179881,0.06155239949373526,1.4152622167509189e-13,0.41241630465115736,0.41241630465115736,0,16.156584905578747,0.04124889969483092,158
4576.174716846,29.2800000000128,1,1,1.4084432698317362,15.030086592668402,0.0,2.7755575615628914e-14,0.4116582659484925,0.4116582659484925,0,16.17281236633358,0.04120088528214916,158
4576.184759471,29.290000000012814,1,1,1.4370769142934796,14.84667636869668,0.0,2.7755575615628914e-14,0.4120659958336856,0.4120659958336856,0,16.188533512203566,0.04115560595696266,158
4576.195311836,29.300000000012826,1,1,1.467353858428173,14.671193827711928,0.0,6.206335383118183e-14,0.4113941655372081,0.4113941655372081,0,16.203750504666246,0.04111366738048361,164
4576.20475656,29.31000000001284,1,1,1.48710567400361,14.444054659161269,0.0,4.8074067159589095e-14,0.41046746188319333,0.41046746188319333,0,16.21846254200651,0.04106838924604728,164
4576.214699637,29.32000000001285,1,1,1.4490898478191583,14.302958294528331,0.0,0.3209828204466374,0.40883066278373004,0.40883066278373004,0,16.232671627716964,0.04101131734545671,165
4576.226988324,29.330000000012863,1,1,1.4054623799064057,14.13623712471291,0.013805825737451809,0.6,0.40821825074592605,0.40821825074592605,0,16.246403021927787,0.04095056162651933,167
4576.234881406,29.340000000012875,1,1,1.3148525410960161,13.961834777114184,0.0,6.798699777552591e-14,0.40609673644146754,0.40609673644146754,0,16.25969098825469,0.040888328878890046,170
4576.244830483,29.350000000012887,1,1,1.3738091239700445,13.779693909780866,0.0,3.925231146709438e-14,0.4066092307630761,0.4066092307630761,0,16.272548996109457,0.04082459165573049,171
4576.254760659,29.3600000000129,1,1,1.2813223413437829,13.587459024876404,0.0790210489669278,0.5319069783751198,0.4043848286804,0.4043848286804,0,16.28501239485546,0.04075891908014917,172
4576.264766761,29.37000000001291,1,1,1.339081819645503,13.405491915884623,0.050083917008997975,6.798699777552591e-14,0.40488229108469237,0.40488229108469237,0,16.297085544286418,0.040691034175078133,177
4576.274845819,29.380000000012924,1,1,1.2532163153875224,13.265500039458063,0.0,0.321029504396198,0.4028204624073447,0.4028204624073447,0,16.308785590656196,0.04061457279678915,177
4576.284762653,29.390000000012936,1,1,1.3134260175954748,13.091498143946051,0.0,3.925231146709438e-14,0.4020898827723952,0.4020898827723952,0,16.320133549916346,0.04052901710296808,178
4576.295791777,29.400000000012948,1,1,1.1548782312095178,12.925922063534486,0.0,5.551115123125783e-14,0.40019459554916537,0.40019459554916537,0,16.33116029049271,0.04045203760775562,182
4576.304826362,29.41000000001296,1,1,1.2144968787058215,12.751775448966198,0.0,6.798699777552591e-14,0.39944300974667757,0.39944300974667757,0,16.34189000143398,0.040372702356361256,184
4576.314763678,29.420000000012973,1,1,1.2352033779397347,12.577642995275003,0.0,3.925231146709438e-14,0.39840252479387483,0.39840252479387483,0,16.35233236325561,0.04028070747489054,184
4576.324920019,29.430000000012985,1,1,1.1842922111688206,12.385856500333745,0.0,2.7755575615628914e-14,0.3962958777919127,0.3962958777919127,0,16.362487633440043,0.040183158528528606,185
4576.33511613,29.440000000012997,1,1,1.0983660363688412,12.19419305747482,0.09308159974396787,0.34666504718625846,0.393901941411201,0.393901941411201,0,16.372358477198137,0.04008119363045404,191
4576.344830908,29.45000000001301,1,1,1.1577834673769933,12.020003518291698,0.0,8.326672684688674e-14,0.3930579007758906,0.3930579007758906,0,16.381915906142996,0.039973144936782945,191
4576.354839569,29.46000000001302,1,1,1.084588534821612,11.83725054248268,0.0,0.27227672577559103,0.38920707279917577,0.38920707279917577,0,16.391154250929677,0.03985083921458654,192
4576.365076899,29.470000000013034,1,1,1.2070411486367147,11.628619196512895,0.0,4.8074067159589095e-14,0.3890824031709156,0.3890824031709156,0,16.40003461719006,0.03972395116342653,198
4576.374755287,29.480000000013046,1,1,1.2254974150301203,11.402753648227112,0.09316217363452453,0.3468317132201414,0.3876082452911528,0.3876082452911528,0,16.408537437632585,0.039592080740215585,198
4576.384773838,29.490000000013058,1,1,1.2356199735985465,11.167777637306076,0.0,2.7755575615628914e-14,0.3876137938208863,0.3876137938208863,0,16.41663497987045,0.03947642687060526,199
4576.396459174,29.50000000001307,1,1,1.2047814110109476,10.935521447773155,0.10000000000000002,0.6,0.3854881435755391,0.3854881435755391,0,16.424322258595765,0.03935315556708674,202
4576.404750437,29.510000000013083,1,1,1.1784497014135507,10.6987274843606,0.0,3.925231146709438e-14,0.3832123067134108,0.3832123067134108,0,16.43157029359961,0.03922494395850773,205
4576.414799416,29.520000000013095,1,1,1.2004007948510074,10.473181639405317,0.0,6.206335383118183e-14,0.3815951916265082,0.3815951916265082,0,16.43837289747417,0.03909252097077698,205
4576.424727925,29.530000000013107,1,1,1.315678458002234,10.265497074760882,0.0,4.8074067159589095e-14,0.38123982636469905,0.38123982636469905,0,16.44471094384471,0.038966387980829964,205
4576.434787977,29.54000000001312,1,1,1.10149024020905,10.005089263168157,0.0,4.8074067159589095e-14,0.3761640849546242,0.3761640849546242,0,16.450567216776488,0.03880843251531407,5
4576.444745566,29.55000000001313,1,1,1.3582588105282596,9.815405065389138,0.0,1.0007415106216802e-13,0.3777405495250561,0.3777405495250561,0,16.45596147602565,0.0386642939132017,6
4576.454777573,29.560000000013144,1,1,1.280985132805587,9.562434578111215,0.0,7.850462293418876e-14,0.3764207592980255,0.3764207592980255,0,16.460877936845225,0.03852026372795514,6
4576.464879698,29.570000000013156,1,1,1.1606666391506206,9.31991034156826,0.0,0.0,0.37255333255424516,0.37255333255424516,0,16.46527031341411,0.038375042401928794,10
4576.474824382,29.580000000013168,1,1,1.4214562002735944,9.182673574492544,0.0,2.7755575615628914e-14,0.3743586012632265,0.3743586012632265,0,16.469127200776494,0.038243283142447626,10
4576.484766583,29.59000000001318,1,1,1.43454157703161,8.947837931769849,0.0,3.925231146709438e-14,0.3743586206488646,0.3743586206488646,0,16.47242821979914,0.038121891102102956,10
4576.494788917,29.600000000013193,1,1,1.3057757097461506,8.75699228769423,0.0,3.925231146709438e-14,0.3707644477451765,0.3707644477451765,0,16.47519327962737,0.03799785625480967,10
4576.504707177,29.610000000013205,1,1,1.481404464771049,8.592170830196958,0.0,4.8074067159589095e-14,0.37315711172395805,0.37315711172395805,0,16.477472533556806,0.03789969484283384,15
4576.514697618,29.620000000013217,1,1,1.508755146860916,8.461023332586304,0.0,3.925231146709438e-14,0.37398727645325586,0.37398727645325586,0,16.479230318846767,0.03780310544180976,15
4576.525141447,29.63000000001323,1,1,1.3809251539665326,8.321856419257731,0.0,2.7755575615628914e-14,0.3707531206731462,0.3707531206731462,0,16.48047917916161,0.03771251173085444,15
4576.534946556,29.64000000001324,1,1,1.4623792243325637,8.139324434577906,0.0,2.7755575615628914e-14,0.3718426819920215,0.3718426819920215,0,16.481273042995998,0.0376236685084006,19
4576.544704731,29.650000000013254,1,1,1.5862627206254456,8.027308010059816,0.0,0.12477726799598918,0.3740252315393093,0.3740252315393093,0,16.481609845844172,0.03754921430392344,19
4576.554778157,29.660000000013266,1,1,1.6142941464435154,7.906796068598493,0.0,0.2932877848438627,0.37267170148076934,0.37267170148076934,0,16.48150146933037,0.03748353030390661,21
4576.56790981,29.670000000013278,1,1,1.6400616207495053,7.7765936868748735,0.0,1.688305753616065e-13,0.37355654688920426,0.37355654688920426,0,16.480967592214363,0.03742104149041292,24
4576.574917055,29.68000000001329,1,1,1.4958528970637421,7.585815904170964,0.0728397880271895,0.34790937666468985,0.36979325244659667,0.36979325244659667,0,16.479999693145448,0.03736609945662017,30
4576.584812727,29.690000000013303,1,1,1.5115863993849483,7.404094498699732,0.0,3.1031676915590914e-14,0.3702658004233102,0.3702658004233102,0,16.47862528021696,0.03730832679656004,31
4576.594765266,29.700000000013315,1,1,1.6966919146995232,7.293336189732523,0.006911036528775928,0.2961781204508961,0.3730777559098928,0.3730777559098928,0,16.47686653278977,0.03726786646432756,33
4576.604854909,29.710000000013327,1,1,1.7113532123598514,7.1122150244943665,0.0,0.34865656148364826,0.37358727244584583,0.37358727244584583,0,16.474704884422913,0.03723008790837756,37
4576.614740404,29.72000000001334,1,1,1.7296180408361446,6.992229549672299,0.0,1.0103182026100662e-13,0.3719916164194068,0.3719916164194068,0,16.47215437611333,0.03719866400265359,37
4576.624757653,29.73000000001335,1,1,1.7410138627350082,6.811412079290552,0.0,1.038518545263806e-13,0.3724901801179805,0.3724901801179805,0,16.469236742326036,0.03715361357028468,37
4576.635787433,29.740000000013364,1,1,1.6418857853102151,6.620645024305905,0.0,0.0,0.36904101198068734,0.36904101198068734,0,16.465961561537206,0.0371029252964723,41
4576.644761912,29.750000000013376,1,1,1.7615695854863658,6.52024966546216,0.0,0.30117542272374986,0.3685288432363932,0.3685288432363932,0,16.46232383878871,0.037038090019456404,43
4576.654826663,29.760000000013388,1,1,1.6679769784307037,6.372266116972975,0.0,1.2177709378935646e-13,0.36819550739054363,0.36819550739054363,0,16.458308806095335,0.036987436005924745,43
4576.664817241,29.7700000000134,1,1,1.8140065869156028,6.214512381179824,0.0604309159238238,0.14271036452434768,0.3639196465058654,0.3639196465058654,0,16.453957259146144,0.03692118335297018,44
4576.674792392,29.780000000013413,1,1,1.6311308866512044,6.110145167713799,0.1,0.6,0.3665533438156481,0.3665533438156481,0,16.449249688302558,0.03685664456741233,49
4576.684823769,29.790000000013425,1,1,1.8174587359862566,6.049326858263847,0.0,0.5999999999999999,0.36682631097693363,0.36682631097693363,0,16.44429185863955,0.03679919922721392,49
4576.694786806,29.800000000013437,1,1,1.6716483955927772,5.9804721283506845,0.0,0.32110397609368696,0.36680335096117833,0.36680335096117833,0,16.439092432474595,0.03675723557839056,49
4576.704926327,29.81000000001345,1,1,1.5859100562914494,5.877458477769761,0.0,0.3081555875659314,0.3701000432492253,0.3701000432492253,0,16.433684145026668,0.03672294845419399,55
4576.714753648,29.82000000001346,1,1,1.7081394159774212,5.800423267537965,0.1,0.6,0.3717093882762601,0.3717093882762601,0,16.428092597555857,0.0367153609475554,56
4576.724799551,29.830000000013474,1,1,1.7384480456714375,5.769247215322486,0.0,0.6,0.37160555251726607,0.37160555251726607,0,16.42235914468621,0.03672890394448225,56
4576.736922286,29.840000000013486,1,1,1.7822070950730817,5.787088917222883,0.0,0.6,0.37576605375833544,0.37576605375833544,0,16.41650727404605,0.036762567957309034,58
4576.744810704,29.850000000013498,1,1,1.7928265800590113,5.7019877638704015,0.0,0.3211166574047006,0.37662191754718427,0.37662191754718427,0,16.410560970000518,0.03682290371785241,62
4576.754999275,29.86000000001351,1,1,1.8197670510102166,5.680434649513105,0.0,0.32111962240401437,0.3770688194181962,0.3770688194181962,0,16.404547739052408,0.036873117264463795,63
4576.764881194,29.870000000013523,1,1,1.8474793643856637,5.597685021478687,0.0,0.6,0.3759548313601098,0.3759548313601098,0,16.398482640457097,0.03691066522357733,63
4576.774888816,29.880000000013535,1,1,1.8590414646052158,5.515035298621839,0.1,0.6,0.3721828658481311,0.3721828658481311,0,16.392380072239877,0.03692033077976198,67
4576.784810696,29.890000000013547,1,1,1.8787292317486666,5.453632198264038,0.0,0.6,0.36941210259116064,0.36941210259116064,0,16.38625120187404,0.03689597407350015,68
4576.794808626,29.90000000001356,1,1,1.8920993978408533,5.383062651316091,0.0,0.6,0.3661293880022586,0.3661293880022586,0,16.380090701965926,0.036845557336117996,68
4576.805426816,29.91000000001357,1,1,1.881887510548714,5.26894689247338,0.0,3.1031676915590914e-14,0.35706226800168533,0.35706226800168533,0,16.373895559247156,0.036749947993525656,72
4576.814717347,29.920000000013584,1,1,1.7652026441986641,5.18126447214252,0.07950002064626537,0.5032753796772875,0.35147338267954725,0.35147338267954725,0,16.36765592871803,0.036601601310823684,73
4576.824840404,29.930000000013596,1,1,1.8985144850496152,5.129497054316836,0.0,0.6,0.350044827235962,0.350044827235962,0,16.361360009813662,0.03641677883425637,74
4576.834945487,29.940000000013608,1,1,1.8822783270610888,5.019500096230224,0.0,1.962615573354719e-14,0.34111091086695855,0.34111091086695855,0,16.355002952430187,0.03622159570645572,75
4576.844810982,29.95000000001362,1,1,1.757727331982735,4.936894851170992,0.0794938633474598,0.5014552588885481,0.33574931006070097,0.33574931006070097,0,16.34858185915998,0.035982530189019646,80
4576.85472476,29.960000000013633,1,1,1.8872141514483747,4.895680982545698,0.0,0.3544867003940803,0.33510931277981093,0.33510931277981093,0,16.342090151789094,0.035723925685213986,80
4576.86469956,29.970000000013645,1,1,1.7163323064031406,4.871840890930216,0.06277801272964541,0.5007437036666517,0.3302843523256611,0.3302843523256611,0,16.33553065787589,0.03546891230013949,82
4576.874877037,29.980000000013657,1,1,1.8826208399188011,4.83457618243924,0.0,1.1775693440128312e-13,0.3302172047079305,0.3302172047079305,0,16.32892983048603,0.03521286246631539,89
4576.884720816,29.99000000001367,1,1,1.6987347526118166,4.7617193255986985,0.0,0.3211702463606417,0.32201293496487987,0.32201293496487987,0,16.32229256321937,0.03492561657904186,89
4576.894770466,30.00000000001368,1,1,1.739593441194091,4.7613906208087,0.0,0.32117489396943755,0.32342473670674987,0.32342473670674987,0,16.315623585056844,0.034650821010879795,89
4576.906815254,30.010000000013694,1,1,1.8875244190718807,4.743001286597274,0.0,0.6,0.3225712609921798,0.3225712609921798,0,16.3088866977105,0.03438168075387743,92
4576.914759695,30.020000000013706,1,1,1.8597306573166101,4.734839424087336,0.0,1.249000902703301e-13,0.3214873420261126,0.3214873420261126,0,16.302088707214928,0.03415907947056779,96
4576.924773624,30.030000000013718,1,1,1.861758359082939,4.73990797600364,0.0,0.321172305028463,0.3227356484722938,0.3227356484722938,0,16.29524093728933,0.03394441724370284,97
4576.934828754,30.04000000001373,1,1,1.8626316478584413,4.746634008866265,0.0,0.321177424025296,0.3240514763558421,0.3240514763558421,0,16.288350407478887,0.033760947790320905,98
4576.944773145,30.050000000013743,1,1,1.8469403804080995,4.687482345073951,0.07503017481080909,0.45582638283067783,0.31769206413176954,0.31769206413176954,0,16.28144710946834,0.03358656159539242,102
4576.954847176,30.060000000013755,1,1,1.8516934091942883,4.711689877853851,0.0,0.3211877747445243,0.32332830354526493,0.32332830354526493,0,16.27454580202486,0.03341909487431499,104
4576.964800792,30.070000000013767,1,1,1.6898398483315782,4.671549676084604,0.09999999999999999,0.6,0.32059500484188297,0.32059500484188297,0,16.267633701622493,0.033258922065385776,105
4576.97501888,30.08000000001378,1,1,1.8466586352169072,4.719841543654586,0.0,0.04239519993409528,0.3250709884806526,0.3250709884806526,0,16.26071864813492,0.033150285537369706,110
4576.984861173,30.09000000001379,1,1,1.8609607722872052,4.749547401712847,0.0,0.32120960408584526,0.3308662124976845,0.3308662124976845,0,16.25382795318671,0.03310029362360156,114
4576.994786061,30.100000000013804,1,1,1.6801561129887774,4.722653770506492,0.06944718188107568,0.6000000000000001,0.32785494492066597,0.32785494492066597,0,16.247005598381808,0.03305861491398526,115
4577.004737551,30.110000000013816,1,1,1.7346725405978636,4.761427882434456,0.07948102901261946,0.5189471473948153,0.3348623751286002,0.3348623751286002,0,16.240237767362938,0.033049359436592374,116
4577.01491525,30.120000000013828,1,1,1.8591800941093282,4.744670630995596,0.0,0.3212335335189287,0.3350059699152826,0.3350059699152826,0,16.23358044369259,0.03307837626422,120
4577.026284709,30.13000000001384,1,1,1.8644883299528436,4.712116301776557,0.0,1.2412670766236365e-13,0.33605179741257224,0.33605179741257224,0,16.227049630461565,0.03310263467541713,124
4577.034774026,30.140000000013853,1,1,1.8505383748054374,4.676415503274145,0.00693735408523219,0.33714712078765763,0.33405141941878524,0.33405141941878524,0,16.220638205398235,0.033118958101704676,130
4577.045037913,30.150000000013865,1,1,1.8360668984314834,4.641270542957803,0.0,3.1031676915590914e-14,0.33203375854242156,0.33203375854242156,0,16.214335762442083,0.03312499547409298,136
4577.054723545,30.160000000013877,1,1,1.8209436664080414,4.606711782457668,0.0,1.249000902703301e-13,0.33000210054848883,0.33000210054848883,0,16.208142977581787,0.033113311497269426,136
4577.064801825,30.17000000001389,1,1,1.8054418134998,4.572903512498281,0.0,0.3212735018478677,0.32797199834092133,0.32797199834092133,0,16.20206606169935,0.03305155727931697,136
4577.07767502,30.1800000000139,1,1,1.696925780256036,4.5226370250977785,0.10000000000000002,0.6,0.3232678212821963,0.3232678212821963,0,16.196100175956296,0.0329717537973645,138
4577.084882321,30.190000000013914,1,1,1.764100501869558,4.454654022129366,0.013809322687532844,0.6,0.3204489237444974,0.3204489237444974,0,16.190210661221606,0.03285535697093084,143
4577.094981883,30.200000000013926,1,1,1.5257061592789274,4.377759751304612,0.0,6.798699777552591e-14,0.3117082586347144,0.3117082586347144,0,16.184399262393516,0.03271255176680582,144
4577.104730679,30.210000000013938,1,1,1.4732738856704894,4.295149067454432,0.0,0.24701482163551353,0.30612351681320565,0.30612351681320565,0,16.178671919243964,0.03250478804564244,144
4577.114728164,30.22000000001395,1,1,1.5852614144642811,4.22889514023726,0.0,0.32131126516930225,0.3000872949813995,0.3000872949813995,0,16.173039622725952,0.032268936164350115,148
4577.124766429,30.230000000013963,1,1,1.482033839675387,4.076131339528191,0.0,1.249000902703301e-13,0.28980957310188765,0.28980957310188765,0,16.167489149702547,0.03196234117025887,148
4577.134984837,30.240000000013975,1,1,1.2001712700029445,3.9008106012234416,0.07470950055372251,0.361253530805234,0.27434482539389204,0.27434482539389204,0,16.162042196529775,0.03156826179381489,151
4577.146194443,30.250000000013987,1,1,1.2594615476878044,3.772451983367349,0.0,4.8074067159589095e-14,0.26669159235261947,0.26669159235261947,0,16.156701829673974,0.031120174655877464,156
4577.154843008,30.260000000014,1,1,1.1394659076645992,3.6223998723555617,0.0,7.47341745035227e-14,0.2539044951328275,0.2539044951328275,0,16.151509333249273,0.03058663214587093,159
4577.164770689,30.27000000001401,1,1,1.0122700794030255,3.423481146096854,0.0,4.8074067159589095e-14,0.2379743315138859,0.2379743315138859,0,16.146462050007916,0.029981420180377694,161
4577.174746297,30.280000000014024,1,1,0.888424284503211,3.228778863999021,0.0,5.551115123125783e-14,0.22235634748209723,0.22235634748209723,0,16.141555249634735,0.029274922131469483,161
4577.184957583,30.290000000014036,1,1,0.6112828164242551,3.010197060306938,0.1,0.6,0.20242750588342912,0.20242750588342912,0,16.136817529995703,0.028479484199295413,168
4577.194895049,30.300000000014048,1,1,0.5640257191810251,2.839401039603503,0.09387558268610555,0.3614068585328784,0.19031300558494052,0.19031300558494052,0,16.132254823920928,0.02760894944611758,170
4577.204726238,30.31000000001406,1,1,0.5742367034167319,2.6787065295628194,0.0,5.003707553108401e-14,0.18093345243185865,0.18093345243185865,0,16.12788096753812,0.026717147690346055,171
4577.214651011,30.320000000014073,1,1,0.41439065170599093,2.492910813833926,0.0,5.003707553108401e-14,0.16521479688759497,0.16521479688759497,0,16.123707397692826,0.025762073180705947,175
4577.224739376,30.330000000014085,1,1,0.33147128662695763,2.273096742976782,0.09999999999999999,0.6000000000000001,0.14757459732448505,0.14757459732448505,0,16.11974096695264,0.024763544540909843,177
4577.236482298,30.340000000014097,1,1,0.34037487874437455,2.103323333828259,0.0,5.721958498152797e-14,0.131612653905739,0.131612653905739,0,16.11600210637894,0.023692060321630237,181
4577.247252117,30.35000000001411,1,1,0.32625672260637445,1.9578344935484064,0.05656632979847818,0.6,0.12062766589192944,0.12062766589192944,0,16.11251644676341,0.022590702683484565,190
4577.254866046,30.36000000001412,1,1,0.32623176637642554,1.801813609295678,0.0,0.15468010148328354,0.10415504507302384,0.10415504507302384,0,16.10933922185422,0.02148533456751045,196
4577.264790225,30.370000000014134,1,1,0.618591544928913,1.6479055593584568,0.09841830427585559,0.6,0.0847551071871029,0.0847551071871029,0,16.106518651369093,0.020319532397993945,197
4577.274791971,30.380000000014146,1,1,1.0318026917461127,1.54808234025707,0.0613307988415607,0.6,0.07375467764486032,0.07375467764486032,0,16.104135430488135,0.019116649537725572,200
4577.284767348,30.390000000014158,1,1,1.3765573015957409,1.4949351832146591,0.0,0.6000000000000001,0.08551144932839166,0.08551144932839166,0,16.102346544891,0.017824741319439674,206
4577.294921715,30.40000000001417,1,1,1.8463383056161577,1.528616710156453,0.1,0.6000000000000001,0.11256891470395161,0.11256891470395161,0,16.10129545179288,0.01644426314800468,207
4577.304776498,30.410000000014183,1,1,2.3328911037037026,1.6304116314178656,0.07496595782844619,0.5999999999999999,0.13818976759862542,0.13818976759862542,0,16.101106347048724,0.01496710790676875,209
4577.315065146,30.420000000014195,1,1,2.9048440449834683,1.807602418246382,0.0,0.6,0.1628181616877807,0.1628181616877807,0,16.101909089411212,0.013398358396936094,215
4577.324759778,30.430000000014207,1,1,3.465118567767352,2.035299842479619,0.1,0.5999999999999999,0.18775986005126669,0.18775986005126669,0,16.103819931653252,0.012154289090387738,217
4577.334888571,30.44000000001422,1,1,4.124044826913117,2.297334912695071,0.03733038266185973,0.6,0.2082327840414014,0.2082327840414014,0,16.106427393525536,0.0114566326990852,217
4577.344934228,30.45000000001423,1,1,4.683951187115829,2.5799640365025645,0.1,0.6,0.23059153498273766,0.23059153498273766,0,16.109984409296473,0.010733629350579088,217
4577.354969391,30.460000000014244,1,1,5.327566227409537,2.873021547598249,0.06509975425266949,0.6,0.2501930380436698,0.2501930380436698,0,16.11524489646181,0.009994398062639742,223
4577.36490302,30.470000000014256,1,1,5.863604188983154,3.172265668801924,0.07649376340941282,0.6000000000000001,0.2697891483629227,0.2697891483629227,0,16.122193839139264,0.00934087804014827,224
4577.376611871,30.480000000014268,1,1,6.2895381820777585,3.4743508319501046,0.04266029041357224,0.6,0.28764807353654354,0.28764807353654354,0,16.13082432289952,0.010985837640499874,227
4577.386966158,30.49000000001428,1,1,7.054833831731154,3.7765462655368185,0.1,0.6,0.3046093054164727,0.3046093054164727,0,16.141261353235127,0.012626284302473145,237
4577.394739108,30.500000000014293,1,1,7.467241898063024,4.076733415875075,0.0,0.6,0.3198285886777267,0.3198285886777267,0,16.15340455704558,0.014302183672148194,242
4577.40454894,30.510000000014305,0,1,0.0,0.0,0.0,0.0,0.0,0.0,0,0.0,0.013463951192564938,242
4577.416443038,30.520000000014317,0,1,0.0,0.0,0.0,0.0,0.0,0.0,0,0.0,0.012696348866685137,244
4577.424582817,30.53000000001433,0,1,0.0,0.0,0.0,0.0,0.0,0.0,0,0.0,0.012001241756877556,246
4577.434550676,30.54000000001434,0,1,0.0,0.0,0.0,0.0,0.0,0.0,0,0.0,0.011373179699266434,0
4577.444535725,30.550000000014354,0,1,0.0,0.0,0.0,0.0,0.0,0.0,0,0.0,0.010806187576497761,0
4577.454535476,30.560000000014366,0,1,0.0,0.0,0.0,0.0,0.0,0.0,0,0.0,0.010294501470522466,3
4577.46461456,30.570000000014378,0,1,0.0,0.0,0.0,0.0,0.0,0.0,0,0.0,0.009832784733099231,3
4577.474616129,30.58000000001439,0,1,0.0,0.0,0.0,0.0,0.0,0.0,0,0.0,0.009416174882562967,3
4577.485848567,30.590000000014403,0,1,0.0,0.0,0.0,0.0,0.0,0.0,0,0.0,0.009040268657086292,6
4577.494552129,30.600000000014415,0,1,0.0,0.0,0.0,0.0,0.0,0.0,0,0.0,0.008701088037686544,7
4577.504526998,30.610000000014427,0,1,0.0,0.0,0.0,0.0,0.0,0.0,0,0.0,0.008395042421137866,7
4577.514522797,30.62000000001444,0,1,0.0,0.0,0.0,0.0,0.0,0.0,0,0.0,0.00811889199574889,7
4577.524553287,30.63000000001445,0,1,0.0,0.0,0.0,0.0,0.0,0.0,0,0.0,0.00787067500867289,9
4577.534511604,30.640000000014464,0,1,0.0,0.0,0.0,0.0,0.0,0.0,0,0.0,0.007907218709114316,9
4577.544541108,30.650000000014476,0,1,0.0,0.0,0.0,0.0,0.0,0.0,0,0.0,0.007940682135700039,9
4577.554540799,30.660000000014488,0,1,0.0,0.0,0.0,0.0,0.0,0.0,0,0.0,0.007971324311219607,13
4577.564532181,30.6700000000145,0,1,0.0,0.0,0.0,0.0,0.0,0.0,0,0.0,0.007999379876130142,13
4577.574534036,30.680000000014513,0,1,0.0,0.0,0.0,0.0,0.0,0.0,0,0.0,0.0080250623748086,13
4577.586296666,30.690000000014525,0,1,0.0,0.0,0.0,0.0,0.0,0.0,0,0.0,0.008048567317118782,14
4577.594510247,30.700000000014537,0,1,0.0,0.0,0.0,0.0,0.0,0.0,0,0.0,0.008070072162917608,16
4577.604626229,30.71000000001455,0,1,0.0,0.0,0.0,0.0,0.0,0.0,0,0.0,0.00808974087608566,16
4577.614524818,30.72000000001456,0,1,0.0,0.0,0.0,0.0,0.0,0.0,0,0.0,0.008107727070430226,16
4577.624600269,30.730000000014574,0,1,0.0,0.0,0.0,0.0,0.0,0.0,0,0.0,0.008124171919147882,19
4577.634542003,30.740000000014586,0,1,0.0,0.0,0.0,0.0,0.0,0.0,0,0.0,0.008139204667136413,19
4577.644579824,30.750000000014598,0,1,0.0,0.0,0.0,0.0,0.0,0.0,0,0.0,0.008152943739472118,19
4577.654488029,30.76000000001461,0,1,0.0,0.0,0.0,0.0,0.0,0.0,0,0.0,0.008165511340213316,23
4577.664642113,30.770000000014623,0,1,0.0,0.0,0.0,0.0,0.0,0.0,0,0.0,0.008177200144853014,25
4577.674529413,30.780000000014635,0,1,0.0,0.0,0.0,0.0,0.0,0.0,0,0.0,0.008188291511976364,25
4577.684537737,30.790000000014647,0,1,0.0,0.0,0.0,0.0,0.0,0.0,0,0.0,0.00819891627765923,25
4577.694522375,30.80000000001466,0,1,0.0,0.0,0.0,0.0,0.0,0.0,0,0.0,0.008209136889624602,29
4577.704534738,30.81000000001467,0,1,0.0,0.0,0.0,0.0,0.0,0.0,0,0.0,0.008218988005498362,30
4577.714499345,30.820000000014684,0,1,0.0,0.0,0.0,0.0,0.0,0.0,0,0.0,0.00822845219602808,30
4577.724580436,30.830000000014696,0,1,0.0,0.0,0.0,0.0,0.0,0.0,0,0.0,0.008237513050815215,33
4577.734543083,30.840000000014708,0,1,0.0,0.0,0.0,0.0,0.0,0.0,0,0.0,0.008246220538448812,33
4577.744529564,30.85000000001472,0,1,0.0,0.0,0.0,0.0,0.0,0.0,0,0.0,0.008254624508570563,33
4577.755925123,30.860000000014733,0,1,0.0,0.0,0.0,0.0,0.0,0.0,0,0.0,0.008262759695963073,35
4577.76453483,30.870000000014745,0,1,0.0,0.0,0.0,0.0,0.0,0.0,0,0.0,0.008270648544744963,36
4577.774548431,30.880000000014757,0,1,0.0,0.0,0.0,0.0,0.0,0.0,0,0.0,0.008278305939084296,36
4577.784512099,30.89000000001477,0,1,0.0,0.0,0.0,0.0,0.0,0.0,0,0.0,0.008285742565072585,36
4577.794550987,30.90000000001478,0,1,0.0,0.0,0.0,0.0,0.0,0.0,0,0.0,0.008292966863120255,39
4577.804534772,30.910000000014794,0,1,0.0,0.0,0.0,0.0,0.0,0.0,0,0.0,0.008299986064377207,39
4577.814531784,30.920000000014806,0,1,0.0,0.0,0.0,0.0,0.0,0.0,0,0.0,0.008306806715255022,39
4577.824526147,30.930000000014818,0,1,0.0,0.0,0.0,0.0,0.0,0.0,0,0.0,0.00831343493639386,42
4577.834564404,30.94000000001483,0,1,0.0,0.0,0.0,0.0,0.0,0.0,0,0.0,0.008319876549701788,42
4577.844515649,30.950000000014843,0,1,0.0,0.0,0.0,0.0,0.0,0.0,0,0.0,0.008326137141602796,42
4577.854538099,30.960000000014855,0,1,0.0,0.0,0.0,0.0,0.0,0.0,0,0.0,0.008332222095951192,42
4577.864523319,30.970000000014867,0,1,0.0,0.0,0.0,0.0,0.0,0.0,0,0.0,0.00833813661263949,46
4577.874541283,30.98000000001488,0,1,0.0,0.0,0.0,0.0,0.0,0.0,0,0.0,0.00834388571945266,46
4577.88453308,30.99000000001489,0,1,0.0,0.0,0.0,0.0,0.0,0.0,0,0.0,0.008349474280683666,46
4577.894546976,31.000000000014904,0,1,0.0,0.0,0.0,0.0,0.0,0.0,0,0.0,0.00835490700413627,49
4577.904542954,31.010000000014916,0,1,0.0,0.0,0.0,0.0,0.0,0.0,0,0.0,0.008360188447267769,49
4577.914535816,31.020000000014928,0,1,0.0,0.0,0.0,0.0,0.0,0.0,0,0.0,0.00836532302281573,49
4577.92605494,31.03000000001494,0,1,0.0,0.0,0.0,0.0,0.0,0.0,0,0.0,0.008370315004075646,51
4577.934544553,31.040000000014953,0,1,0.0,0.0,0.0,0.0,0.0,0.0,0,0.0,0.00837516852990644,52
4577.944535567,31.050000000014965,0,1,0.0,0.0,0.0,0.0,0.0,0.0,0,0.0,0.00837988760950642,52
4577.954531051,31.060000000014977,0,1,0.0,0.0,0.0,0.0,0.0,0.0,0,0.0,0.00838447612698312,52
4577.964548749,31.07000000001499,0,1,0.0,0.0,0.0,0.0,0.0,0.0,0,0.0,0.008388937845732192,55
4577.974529514,31.080000000015,0,1,0.0,0.0,0.0,0.0,0.0,0.0,0,0.0,0.008393276412637207,55
4577.984520801,31.090000000015014,0,1,0.0,0.0,0.0,0.0,0.0,0.0,0,0.0,0.008397495362099716,55
4577.994540757,31.100000000015026,0,1,0.0,0.0,0.0,0.0,0.0,0.0,0,0.0,0.008401598119907872,58
4578.004529096,31.110000000015038,0,1,0.0,0.0,0.0,0.0,0.0,0.0,0,0.0,0.008405588006952291,58
4578.014530696,31.12000000001505,0,1,0.0,0.0,0.0,0.0,0.0,0.0,0,0.0,0.008409468242794538,58
4578.024544054,31.130000000015063,0,1,0.0,0.0,0.0,0.0,0.0,0.0,0,0.0,0.008413241949096262,58
4578.034531581,31.140000000015075,0,1,0.0,0.0,0.0,0.0,0.0,0.0,0,0.0,0.008416912152915401,61
4578.044571887,31.150000000015087,0,1,0.0,0.0,0.0,0.0,0.0,0.0,0,0.0,0.008420481789874923,61
4578.054540121,31.1600000000151,0,1,0.0,0.0,0.0,0.0,0.0,0.0,0,0.0,0.008423953707209386,61
4578.064530768,31.17000000001511,0,1,0.0,0.0,0.0,0.0,0.0,0.0,0,0.0,0.008427330666696597,64
4578.074530154,31.180000000015124,0,1,0.0,0.0,0.0,0.0,0.0,0.0,0,0.0,0.008430615347477022,64
4578.084525777,31.190000000015136,0,1,0.0,0.0,0.0,0.0,0.0,0.0,0,0.0,0.008433810348767334,64
4578.095913776,31.200000000015148,0,1,0.0,0.0,0.0,0.0,0.0,0.0,0,0.0,0.00843691819247333,66
4578.104551935,31.21000000001516,0,1,0.0,0.0,0.0,0.0,0.0,0.0,0,0.0,0.008439941325704525,67
4578.114519521,31.220000000015173,0,1,0.0,0.0,0.0,0.0,0.0,0.0,0,0.0,0.008442882123196604,67
4578.124543263,31.230000000015185,0,1,0.0,0.0,0.0,0.0,0.0,0.0,0,0.0,0.00844574288964478,67
4578.134544848,31.240000000015197,0,1,0.0,0.0,0.0,0.0,0.0,0.0,0,0.0,0.008448525861951661,70
4578.144545341,31.25000000001521,0,1,0.0,0.0,0.0,0.0,0.0,0.0,0,0.0,0.008451233211394016,70
4578.154559204,31.26000000001522,0,1,0.0,0.0,0.0,0.0,0.0,0.0,0,0.0,0.008453867045710772,70
4578.164525757,31.270000000015234,0,1,0.0,0.0,0.0,0.0,0.0,0.0,0,0.0,0.008456429411117239,73
4578.174704428,31.280000000015246,0,1,0.0,0.0,0.0,0.0,0.0,0.0,0,0.0,0.00845892229424644,75
4578.184581705,31.290000000015258,0,1,0.0,0.0,0.0,0.0,0.0,0.0,0,0.0,0.008461347624021787,75
4578.19460212,31.30000000001527,0,1,0.0,0.0,0.0,0.0,0.0,0.0,0,0.0,0.008463707273464682,75
4578.204669378,31.310000000015282,0,1,0.0,0.0,0.0,0.0,0.0,0.0,0,0.0,0.008466003061437577,80
4578.214557951,31.320000000015295,0,1,0.0,0.0,0.0,0.0,0.0,0.0,0,0.0,0.008468236754326675,81
4578.224554988,31.330000000015307,0,1,0.0,0.0,0.0,0.0,0.0,0.0,0,0.0,0.008470410067667078,81
4578.234564533,31.34000000001532,0,1,0.0,0.0,0.0,0.0,0.0,0.0,0,0.0,0.008472524667710535,84
4578.244540164,31.35000000001533,0,1,0.0,0.0,0.0,0.0,0.0,0.0,0,0.0,0.008474582172940393,84
4578.254535523,31.360000000015344,0,1,0.0,0.0,0.0,0.0,0.0,0.0,0,0.0,0.008476584155534705,84
4578.26642114,31.370000000015356,0,1,0.0,0.0,0.0,0.0,0.0,0.0,0,0.0,0.008478532142779605,86
4578.274573574,31.380000000015368,0,1,0.0,0.0,0.0,0.0,0.0,0.0,0,0.0,0.008480427618434483,88
4578.284525504,31.39000000001538,0,1,0.0,0.0,0.0,0.0,0.0,0.0,0,0.0,0.008482272024052162,88
4578.294597923,31.400000000015392,0,1,0.0,0.0,0.0,0.0,0.0,0.0,0,0.0,0.008484066760254316,88
4578.304601315,31.410000000015405,0,1,0.0,0.0,0.0,0.0,0.0,0.0,0,0.0,0.00848581318796493,92
4578.314589246,31.420000000015417,0,1,0.0,0.0,0.0,0.0,0.0,0.0,0,0.0,0.008487512629601957,92
4578.324584612,31.43000000001543,0,1,0.0,0.0,0.0,0.0,0.0,0.0,0,0.0,0.008489166370231116,92
4578.334534078,31.44000000001544,0,1,0.0,0.0,0.0,0.0,0.0,0.0,0,0.0,0.008490775658680672,95
4578.344553917,31.450000000015454,0,1,0.0,0.0,0.0,0.0,0.0,0.0,0,0.0,0.008492341708620343,95
4578.354615468,31.460000000015466,0,1,0.0,0.0,0.0,0.0,0.0,0.0,0,0.0,0.008493865699604697,95
4578.364625569,31.470000000015478,0,1,0.0,0.0,0.0,0.0,0.0,0.0,0,0.0,0.008495348778083833,95
4578.374609063,31.48000000001549,0,1,0.0,0.0,0.0,0.0,0.0,0.0,0,0.0,0.008496792058379998,101
4578.384604068,31.490000000015502,0,1,0.0,0.0,0.0,0.0,0.0,0.0,0,0.0,0.008498196623634102,101
4578.394621703,31.500000000015515,0,1,0.0,0.0,0.0,0.0,0.0,0.0,0,0.0,0.008499563526721599,101
4578.404565635,31.510000000015527,0,1,0.0,0.0,0.0,0.0,0.0,0.0,0,0.0,0.00850089379113872,106
4578.41455073,31.52000000001554,0,1,0.0,0.0,0.0,0.0,0.0,0.0,0,0.0,0.008502188411861233,106
4578.424555589,31.53000000001555,0,1,0.0,0.0,0.0,0.0,0.0,0.0,0,0.0,0.008503448356176224,106
4578.436206815,31.540000000015564,0,1,0.0,0.0,0.0,0.0,0.0,0.0,0,0.0,0.008504674564486836,2
4578.444510032,31.550000000015576,0,1,0.0,0.0,0.0,0.0,0.0,0.0,0,0.0,0.008505867951093093,3
4578.454532257,31.560000000015588,0,1,0.0,0.0,0.0,0.0,0.0,0.0,0,0.0,0.008507029404946909,3
4578.464529825,31.5700000000156,0,1,0.0,0.0,0.0,0.0,0.0,0.0,0,0.0,0.008508159790384884,3
4578.474572272,31.580000000015612,0,1,0.0,0.0,0.0,0.0,0.0,0.0,0,0.0,0.008509259947837522,6
4578.484539669,31.590000000015625,0,1,0.0,0.0,0.0,0.0,0.0,0.0,0,0.0,0.008510330694517343,6
4578.494546329,31.600000000015637,0,1,0.0,0.0,0.0,0.0,0.0,0.0,0,0.0,0.008511372825085073,6
4578.504526995,31.61000000001565,0,1,0.0,0.0,0.0,0.0,0.0,0.0,0,0.0,0.00851238711229546,9
4578.514617269,31.62000000001566,0,1,0.0,0.0,0.0,0.0,0.0,0.0,0,0.0,0.008513374307624444,9
4578.52456293,31.630000000015674,0,1,0.0,0.0,0.0,0.0,0.0,0.0,0,0.0,0.008514335141875828,9
4578.534564762,31.640000000015686,0,1,0.0,0.0,0.0,0.0,0.0,0.0,0,0.0,0.008515270325770097,10
4578.544592036,31.650000000015698,0,1,0.0,0.0,0.0,0.0,0.0,0.0,0,0.0,0.008516180550515728,15
4578.554562698,31.66000000001571,0,1,0.0,0.0,0.0,0.0,0.0,0.0,0,0.0,0.008517066488362868,15
4578.564565521,31.670000000015722,0,1,0.0,0.0,0.0,0.0,0.0,0.0,0,0.0,0.008517928793140617,16
4578.574868174,31.680000000015735,0,1,0.0,0.0,0.0,0.0,0.0,0.0,0,0.0,0.008518768100777674,22
4578.584593485,31.690000000015747,0,1,0.0,0.0,0.0,0.0,0.0,0.0,0,0.0,0.008519585029808263,22
4578.594912824,31.70000000001576,1,1,4.97523069838657,3.7027343646413975,0.0,0.6,0.2514272076349986,0.2514272076349986,0,16.29703273163627,0.007895541172867837,25
4578.607867194,31.71000000001577,1,1,5.198689397609684,3.4047509326664938,0.0700189534878868,0.6,0.2471304081359147,0.2471304081359147,0,16.2985367699834,0.008445781561920107,27
4578.615012421,31.720000000015784,1,1,5.236637459482423,3.115228089101839,0.0,0.6,0.2384351798596337,0.2384351798596337,0,16.30210337283252,0.01001863819609472,32
4578.624746218,31.730000000015796,1,1,5.318468759921922,2.837477818370937,0.04406423644377075,0.6,0.23218085437616065,0.23218085437616065,0,16.307552811885373,0.011352007061973923,34
4578.634726756,31.740000000015808,1,1,5.387038727805008,2.5732427527564803,0.0,0.6,0.2258698882131991,0.2258698882131991,0,16.314689891461537,0.012477424194669462,35
4578.644748587,31.75000000001582,1,1,5.181116993383278,2.3337387890522643,0.044744952683270604,0.6,0.21552782513148477,0.21552782513148477,0,16.32333914651689,0.013401298418371121,39
4578.654815823,31.760000000015832,1,1,5.435057243318462,2.126046368237937,0.08315208077810929,0.6,0.20998523431425153,0.20998523431425153,0,16.333345865320588,0.014166288555285345,40
4578.664726308,31.770000000015845,1,1,5.4269343804526695,1.9606161232900754,0.02633689371080597,0.6,0.20191587983188963,0.20191587983188963,0,16.344606694522206,0.014784514875190835,40
4578.676807019,31.780000000015857,1,1,5.29199131085147,1.847804028628133,0.1,0.6,0.1924691322518179,0.1924691322518179,0,16.3570094215989,0.015256798771519753,43
4578.684879847,31.79000000001587,1,1,5.421475866141601,1.7951867502979888,0.0,0.5999999999999999,0.18514992558982585,0.18514992558982585,0,16.370445953318765,0.015606404557590992,47
4578.694799592,31.80000000001588,1,1,5.412805426925612,1.8078317099667138,0.0,0.6,0.17634480312276807,0.17634480312276807,0,16.384834866732348,0.015840358543728117,49
4578.704878902,31.810000000015894,1,1,5.452327064971652,1.8846750743118639,0.10000000000000002,0.6,0.16639809053188573,0.16639809053188573,0,16.40009606357076,0.01597776602672263,51
4578.714783462,31.820000000015906,1,1,5.30394053713517,2.0149466184287874,0.06618346654498317,0.6,0.15535404658871105,0.15535404658871105,0,16.41617171501939,0.01604442704189135,58
4578.724762559,31.830000000015918,1,1,5.23937613835517,2.1860630121335185,0.0,0.6,0.14432022409549372,0.14432022409549372,0,16.432991820324542,0.015982332232185703,58
4578.734782764,31.84000000001593,1,1,5.220871120707847,2.3865105189040494,0.0,0.6000000000000001,0.1342728669400884,0.1342728669400884,0,16.45044627617904,0.015863452142438783,59
4578.744983172,31.850000000015942,1,1,5.360230646955081,2.607044634688685,0.0,0.6,0.1250668463277595,0.1250668463277595,0,16.468462623207074,0.015662296614055604,64
4578.754879042,31.860000000015955,1,1,5.374261681380364,2.841791739461745,0.0,0.6,0.12718124998961566,0.12718124998961566,0,16.486862730840556,0.015417351817482716,64
4578.764879071,31.870000000015967,1,1,5.46090173733847,3.0834488264096493,0.1,0.6,0.1458921638857705,0.1458921638857705,0,16.50549764594129,0.015092144017973874,65
4578.777446901,31.88000000001598,1,1,5.490315087646668,3.3268046894199914,0.1,0.6,0.16447899404656613,0.16447899404656613,0,16.52447687181215,0.014704675928087774,67
4578.784779877,31.89000000001599,1,1,5.7133656375433715,3.569139062615796,0.057278275237182805,0.6000000000000001,0.18151872238170993,0.18151872238170993,0,16.543879794198357,0.014264475074458272,71
4578.794814053,31.900000000016004,1,1,5.907053212917375,3.8085169462936923,0.1,0.5999999999999999,0.198493613684549,0.198493613684549,0,16.5636110472835,0.013784975940179134,71
4578.804765037,31.910000000016016,1,1,6.163391188204147,4.043582936676837,0.07378058339878656,0.6,0.2143440666755452,0.2143440666755452,0,16.58345202675378,0.013270722143284175,72
4578.814788838,31.920000000016028,1,1,6.349506702202676,4.272943839296209,0.10000000000000002,0.6,0.23053635072974407,0.23053635072974407,0,16.603397268434424,0.012699893832389897,78
4578.824870992,31.93000000001604,1,1,6.653944551839845,4.495631891978523,0.1,0.6,0.24556275793296953,0.24556275793296953,0,16.62336772647924,0.012093470214040947,80
4578.834751052,31.940000000016052,1,1,7.004982547008493,4.711023047860754,0.05922459301222562,0.6,0.25945028319872615,0.25945028319872615,0,16.643325101953714,0.011445738994173338,81
4578.844820283,31.950000000016065,1,1,7.286250714866866,4.9190538661278085,0.0,0.6,0.2733520818608495,0.2733520818608495,0,16.663183633155707,0.012396454631421028,85
4578.854781395,31.960000000016077,1,1,7.478254765688686,5.119661927937895,0.0,0.6,0.2868876359079637,0.2868876359079637,0,16.68282637058266,0.013878237869018817,86
4578.86495366,31.97000000001609,1,1,7.5445008758800025,5.312867973076417,0.1,0.5999999999999999,0.30097567798180297,0.30097567798180297,0,16.702173444161687,0.015353102596576407,87
4578.874721038,31.9800000000161,1,1,7.599688780305082,5.498405394729107,0.007439604755299438,0.6,0.3132869460557162,0.3132869460557162,0,16.721158906589515,0.016807528866224053,87
4578.88473764,31.990000000016114,1,1,7.729560319928903,5.67649644447533,0.0,0.6,0.32530785436929993,0.32530785436929993,0,16.739713050956027,0.01824053218452859,93
4578.894821339,32.00000000001612,1,1,7.617891417225064,5.847262477721178,0.0,0.6,0.33019171664206937,0.33019171664206937,0,16.757792392669934,0.019627483623948172,93
4578.904719803,32.0100000000161,1,1,7.462299247357135,6.010697874227754,0.0,0.6,0.33212593085104175,0.33212593085104175,0,16.775647558119314,0.020903029040709897,94
4578.914742749,32.020000000016076,1,1,7.169449354599706,6.166977342368512,0.060150487849593745,0.6,0.3342873851359047,0.3342873851359047,0,16.793462818897936,0.02207112347116502,99
4578.924742729,32.03000000001605,1,1,6.817971309077078,6.3173236799404,0.0,0.6,0.33667335749983984,0.33667335749983984,0,16.81071903903365,0.023151993761711287,100
4578.935217722,32.04000000001603,1,1,6.356307254032302,6.462913875199276,0.007234705674611674,0.5999999999999999,0.33869550149439337,0.33869550149439337,0,16.827105245541112,0.024150054334363735,100
4578.946594693,32.050000000016006,1,1,5.86498240939845,6.6045089122874625,0.05502941028377078,0.6,0.3428402242805802,0.3428402242805802,0,16.842526566043453,0.025083434006620053,102
4578.954766096,32.06000000001598,1,1,5.399700720181476,6.74252961240304,0.0,0.6,0.3452927365038659,0.3452927365038659,0,16.856962945351764,0.025959442587435155,107
4578.965122079,32.07000000001596,1,1,4.907263106095604,6.877416161830767,0.1,0.6,0.3485729674309018,0.3485729674309018,0,16.87035888898285,0.026777758591800926,107
4578.974860689,32.080000000015936,1,1,4.537293791687047,7.009549698088197,0.05289277901872492,0.6,0.35134069250716454,0.35134069250716454,0,16.882710304102822,0.027549084121480327,107
4578.984841756,32.09000000001591,1,1,4.247509389504693,7.139209608787509,0.0,0.6,0.3537878894906654,0.3537878894906654,0,16.894014755595638,0.02827388938054698,112
4578.994762044,32.10000000001589,1,1,3.9232497408700597,7.266683695362061,0.029367562638286177,0.5999999999999999,0.35550306687972594,0.35550306687972594,0,16.904240643401078,0.028953072170314398,113
4579.004768496,32.110000000015866,1,1,3.80954409437021,7.392278481510147,0.0,0.6,0.35779689047297886,0.35779689047297886,0,16.913373592357154,0.029585164401420838,113
4579.015227287,32.12000000001584,1,1,4.007023184871664,7.516245982556275,0.0,0.6,0.3601756356562849,0.3601756356562849,0,16.921392528209587,0.030176382192496437,117
4579.024813313,32.13000000001582,1,1,3.9064719771075276,7.638791791327388,0.0,0.6,0.36085327858196725,0.36085327858196725,0,16.928276419655624,0.030726643195706782,117
4579.034774425,32.140000000015796,1,1,4.023525975893388,7.760152892141942,0.0,0.6,0.3618526752404039,0.3618526752404039,0,16.934000689534837,0.031235801678058978,117
4579.044725739,32.15000000001577,1,1,4.359106109257952,7.880527396345282,0.0031596942970753554,0.6,0.3631559802525391,0.3631559802525391,0,16.938511930885586,0.03170872291868748,117
4579.054857034,32.16000000001575,1,1,4.582420939983041,8.000114467279031,0.061391355786153394,0.6,0.36478047208712805,0.36478047208712805,0,16.941765053840324,0.03214303973035801,122
4579.064916519,32.170000000015726,1,1,4.627734681837388,8.119120732254984,0.0,0.6,0.36402573185898995,0.36402573185898995,0,16.943773762051396,0.03253961277402173,122
4579.074875034,32.1800000000157,1,1,4.6828949873096875,8.237652975511518,0.03349800478476444,0.6,0.36460290243552207,0.36460290243552207,0,16.944503086997877,0.03290276716598661,123
4579.084944558,32.19000000001568,1,1,4.994360556294767,8.355890035408889,0.0,0.6,0.36492380517226997,0.36492380517226997,0,16.943964893959734,0.03323067923647524,129
4579.094953723,32.200000000015656,1,1,5.033191878004236,8.473918674983851,0.0,0.6,0.3641827842556244,0.3641827842556244,0,16.942143488098786,0.0335274887545898,129
4579.104740825,32.21000000001563,1,1,5.151485617215448,8.591889808610333,0.0,0.6000000000000001,0.36370538061114066,0.36370538061114066,0,16.93903995691336,0.03378835311261627,129
4579.117400955,32.22000000001561,1,1,5.302484888895002,8.709858511359071,0.011413458704436831,0.6,0.3633360905370234,0.3633360905370234,0,16.934661325995727,0.03401723241263985,131
4579.125033294,32.230000000015586,1,1,5.24373523572633,8.827884514897816,0.03928266320694965,0.6,0.36188459412971813,0.36188459412971813,0,16.929019690198665,0.034218217610019336,136
4579.135095741,32.24000000001556,1,1,5.228278862874338,8.946076982523952,0.0,0.6,0.3605315398236335,0.3605315398236335,0,16.922125273291694,0.03438709147636984,136
4579.144730173,32.25000000001554,1,1,5.190631518062508,9.064467635708748,0.08698883751173593,0.6,0.35904504567053946,0.35904504567053946,0,16.91403979769145,0.03452425569140785,136
4579.154826055,32.260000000015516,1,1,5.121854303983104,9.183054536482397,0.0,0.6000000000000001,0.3574863352440892,0.3574863352440892,0,16.904838847257977,0.034634243293654915,141
4579.164817567,32.27000000001549,1,1,4.870549102733445,9.301871518867753,0.0,0.6,0.35516097953142334,0.35516097953142334,0,16.89457446719728,0.034713829949787445,141
4579.174903084,32.28000000001547,1,1,4.793679314434176,9.420897466582511,0.0,0.6,0.35339779356905654,0.35339779356905654,0,16.883287002502303,0.03476933757146869,142
4579.185308962,32.290000000015446,1,1,4.786116470572394,9.540125653549401,0.0,0.5999999999999999,0.3520952773806966,0.3520952773806966,0,16.871010280176424,0.034802576461546775,146
4579.194761745,32.30000000001542,1,1,4.682413975632543,9.659492995217398,0.10000000000000002,0.6,0.3501409609639338,0.3501409609639338,0,16.857838462587406,0.03481547774207305,147
4579.204817092,32.3100000000154,1,1,4.563104980400362,9.778960274515038,0.0,0.6000000000000001,0.3482821634608135,0.3482821634608135,0,16.843810603999756,0.034813357195811495,147
4579.21506479,32.320000000015376,1,1,4.407448911071716,9.898582608365665,0.0,0.6,0.34610530518232135,0.34610530518232135,0,16.82897508178818,0.034792366031970307,148
4579.224830916,32.33000000001535,1,1,4.388154393175914,10.018365274761143,0.0,0.6,0.34427080051724857,0.34427080051724857,0,16.813371494371438,0.03475341937282925,153
4579.234833583,32.34000000001533,1,1,4.088688021725708,10.138327025334954,0.0,0.6,0.34169226687220433,0.34169226687220433,0,16.79705563613144,0.03469430317674313,153
4579.244767248,32.35000000001531,1,1,3.939496835658569,10.258458149832755,0.1,0.6,0.339364675547046,0.339364675547046,0,16.780088363722193,0.034619027656422635,154
4579.254807605,32.36000000001528,1,1,3.8236003494054223,10.378678361084715,0.0,0.6,0.34002502217382935,0.34002502217382935,0,16.76253075629686,0.034527721700886665,160
4579.264796299,32.37000000001526,1,1,3.877594822933029,10.498899687402677,0.0,0.6,0.3418826786638036,0.3418826786638036,0,16.744466341629856,0.03442977012835838,161
4579.274804133,32.38000000001524,1,1,3.3200681285410027,10.619199436325559,0.0,0.6000000000000001,0.33949879697902996,0.33949879697902996,0,16.725940082943776,0.03431451682363479,162
4579.286536718,32.39000000001521,1,1,3.4084307877210493,10.739538358246241,0.06667070869591778,0.6,0.3423450881109054,0.3423450881109054,0,16.706987309027156,0.03418899076960405,164
4579.294748025,32.40000000001519,1,1,3.2161510702156653,10.859880536171572,0.0,0.6,0.34270637063655285,0.34270637063655285,0,16.687636846651287,0.03414808880216591,166
4579.304795837,32.41000000001517,1,1,2.940595078265997,10.98016540689715,0.0,0.6000000000000001,0.34121493757062715,0.34121493757062715,0,16.66796009196517,0.03423596314399302,166
4579.314743387,32.42000000001514,1,1,2.921110987700028,11.100438676226133,0.0,0.6,0.3439346034495586,0.3439346034495586,0,16.64799005873048,0.03432264936113216,166
4579.324818099,32.43000000001512,1,1,2.6553672134488866,11.22070140311803,0.0,0.6,0.34234542502899346,0.34234542502899346,0,16.62777322776401,0.034389894340390414,171
4579.334783482,32.4400000000151,1,1,2.6317104073924966,11.340833414855195,0.0,0.6,0.3446758249782663,0.3446758249782663,0,16.60735315170966,0.034464448085502086,171
4579.34474682,32.45000000001507,1,1,2.4747463708626185,11.460849267237728,0.006913817346229868,0.6,0.3448435920556259,0.3448435920556259,0,16.586743456067175,0.03453974232090684,171
4579.354914909,32.46000000001505,1,1,2.3222206269887042,11.580784491235615,0.0,0.5999999999999999,0.3448892009943611,0.3448892009943611,0,16.565973562228923,0.03460406160601792,175
4579.364793584,32.47000000001503,1,1,2.175209688342868,11.700588892364246,0.0,0.6,0.34481078303942775,0.34481078303942775,0,16.545088468294487,0.034668217227942444,175
4579.374827767,32.480000000015,1,1,2.0963498555706934,11.82028713636038,0.05050861999790639,0.6,0.3454759604341639,0.3454759604341639,0,16.524105455074647,0.03472210289545474,175
4579.384804812,32.49000000001498,1,1,1.8635089636888167,11.939827899841653,0.0,0.6,0.34340152337396496,0.34340152337396496,0,16.503038584256146,0.034769749338478206,175
4579.394808577,32.50000000001496,1,1,1.769914729052135,12.059208375052037,0.0,0.6,0.34340981278812743,0.34340981278812743,0,16.48190275615355,0.034807824950148,180
4579.404765908,32.510000000014934,1,1,1.7097764912465068,12.178380509064258,0.0,0.6,0.34302937718505944,0.34302937718505944,0,16.46072662650558,0.034837573361218954,180
4579.414764908,32.52000000001491,1,1,1.7295031015571491,12.297282130116866,0.0,0.6,0.34517995055711614,0.34517995055711614,0,16.43954972352239,0.03486832190450029,181
4579.424862521,32.53000000001489,1,1,1.6673064940710942,12.415935837616182,0.0,0.5999999999999999,0.34562464409659577,0.34562464409659577,0,16.418403437983624,0.03490285904202217,186
4579.434762004,32.540000000014864,1,1,1.5086238228973652,12.534336623117916,0.0,0.5999999999999999,0.34344409254529595,0.34344409254529595,0,16.397291510709124,0.034927188277869003,0
4579.444758099,32.55000000001484,1,1,1.5418033600748624,12.6524806004345,0.0,0.6000000000000001,0.34573077882612585,0.34573077882612585,0,16.37624067115812,0.034954646820805735,1
4579.456675334,32.56000000001482,1,1,1.5233715076422472,12.770327301686747,0.1,0.6,0.34585638614604164,0.34585638614604164,0,16.35526914608829,0.034979437717482575,4
4579.46487371,32.570000000014794,1,1,1.4300434351625588,12.887896040505572,0.0,0.6,0.346119290418736,0.346119290418736,0,16.334385971813358,0.03501980997225562,7
4579.474774013,32.58000000001477,1,1,1.3657412654247998,13.005220626132772,0.10000000000000002,0.6,0.3453168872168378,0.3453168872168378,0,16.31360461824737,0.03506402346209425,7
4579.484757086,32.59000000001475,1,1,1.333220461081665,13.122319208113383,0.0,0.6,0.3466662217234983,0.3466662217234983,0,16.292934574681464,0.03509378375086225,10
4579.494840872,32.600000000014724,1,1,1.37427215820788,13.239134458077544,0.0,0.6,0.3467137602801642,0.3467137602801642,0,16.27241681546826,0.035128180664367736,14
4579.504712067,32.6100000000147,1,1,1.2690355867539747,13.355716422882637,0.0,0.6,0.34745467686214737,0.34745467686214737,0,16.252044540341927,0.03516779951488913,14
4579.514758266,32.62000000001468,1,1,1.248557895355674,13.472058330237394,0.0,0.6,0.3479199305974967,0.3479199305974967,0,16.231833013553356,0.0352001742796455,14
4579.524749545,32.630000000014654,1,1,1.23386236893116,13.588154537032922,0.0,0.6,0.348496133802692,0.348496133802692,0,16.211788933048037,0.035238087258709916,17
4579.534837848,32.64000000001463,1,1,1.1714716681390211,13.704021746002372,0.07281007714353081,0.6000000000000001,0.3488598409575465,0.3488598409575465,0,16.19190497166529,0.0352882849278362,18
4579.54477547,32.65000000001461,1,1,1.1117168162195097,13.819743537980436,0.0,0.6,0.3474004345048972,0.3474004345048972,0,16.172158039038795,0.035323880905175686,19
4579.554777047,32.660000000014584,1,1,1.14815652560622,13.935312316573217,0.0,0.6,0.34997702315088464,0.34997702315088464,0,16.152571787791455,0.03536267045699604,20
4579.564918047,32.67000000001456,1,1,1.2595595871506045,14.050657534442696,0.1,0.6,0.3517596511309429,0.3517596511309429,0,16.133175495970796,0.03540404272767961,25
4579.574801346,32.68000000001454,1,1,1.1417401971265266,14.16579326427617,0.0,0.6,0.3512322203876211,0.3512322203876211,0,16.113941115864087,0.0354473572594185,26
4579.584833189,32.690000000014514,1,1,1.1028521009460222,14.280753918920391,0.0,0.6,0.34968081931030753,0.34968081931030753,0,16.09487735911102,0.03548967224560151,26
4579.59488079,32.70000000001449,1,1,1.1655707313355528,14.395468520635148,0.1,0.6,0.35188177442737006,0.35188177442737006,0,16.075983602299683,0.03554924990967767,30
4579.604797047,32.71000000001447,1,1,1.1048898442606192,14.510087301155993,0.0,0.6,0.3508435454496206,0.3508435454496206,0,16.057226661427865,0.03558895289220887,30
4579.614762725,32.720000000014444,1,1,1.1727369336453206,14.624484606730437,0.1,0.5999999999999999,0.35451339562006234,0.35451339562006234,0,16.038638638642677,0.03563614738347676,30
4579.626670417,32.73000000001442,1,1,1.0463448408458018,14.738673915012333,0.1,0.6,0.3528503840969065,0.3528503840969065,0,16.020213436301937,0.03569131672677961,33
4579.634750331,32.7400000000144,1,1,1.1356701460577507,14.852746047251559,0.0,0.6,0.3541392950403963,0.3541392950403963,0,16.001940653205164,0.03573783479222503,36
4579.64478138,32.750000000014374,1,1,1.0587202317205764,14.966680104242352,0.0,0.5999999999999999,0.3552313350456819,0.3552313350456819,0,15.983798495066532,0.0357928778343064,37
4579.654816231,32.76000000001435,1,1,1.1084370823976217,15.080552925810812,0.07622761946307165,0.6,0.35562755909486055,0.35562755909486055,0,15.965824453351454,0.03583777739220273,37
4579.665025993,32.77000000001433,1,1,1.0056858645714326,15.194299331181915,0.08312197365621021,0.6,0.3559842070663217,0.3559842070663217,0,15.948015133902741,0.03588175216987488,42
4579.67493344,32.780000000014304,1,1,1.0204022106913193,15.307853799505889,0.0,0.6,0.35669951266304095,0.35669951266304095,0,15.93035503251624,0.03593819749537275,43
4579.68481165,32.79000000001428,1,1,1.0257043088574573,15.421317837455561,0.1,0.6,0.35743151479812685,0.35743151479812685,0,15.912828141050092,0.03598866503376863,45
4579.694982809,32.80000000001426,1,1,1.121507132473178,15.534647621483181,0.0,0.6,0.35813597315180706,0.35813597315180706,0,15.895438639544816,0.03604552233220537,49
4579.704717982,32.810000000014234,1,1,0.9612655811528601,15.647826492841178,0.1,0.5999999999999999,0.3566137576199523,0.3566137576199523,0,15.878167632499972,0.03610504905552325,50
4579.714737686,32.82000000001421,1,1,0.9976152357322379,15.76100787538438,0.08325775208318274,0.6,0.3566605611428718,0.3566605611428718,0,15.861022026882805,0.036150344472131835,51
4579.724884406,32.83000000001419,1,1,0.9748633614890849,15.874041590894501,0.09330226802913899,0.6,0.35928640437701276,0.35928640437701276,0,15.844011076422719,0.03619675892847085,51
4579.734794041,32.840000000014165,1,1,0.9830478867722638,15.9869345649268,0.0,0.6000000000000001,0.359911335414679,0.359911335414679,0,15.827130855957506,0.03625786389365793,55
4579.744787964,32.85000000001414,1,1,0.9925444718161379,16.099776930660344,0.09330226802913899,0.6,0.3605322408811927,0.3605322408811927,0,15.810360142249365,0.036303367670244,55
4579.754790287,32.86000000001412,1,1,1.0033481298687816,16.212471819771096,0.013667965237730699,0.6,0.36113512049172014,0.36113512049172014,0,15.793689877628605,0.03636327060617206,55
4579.764711187,32.870000000014095,1,1,1.012190208527673,16.32507544567489,0.0,0.6,0.36167934936531865,0.36167934936531865,0,15.777093339425354,0.03641859737981079,61
4579.774825872,32.88000000001407,1,1,1.0845373231229025,16.43763328897743,0.0,0.6,0.36181288897308517,0.36181288897308517,0,15.76057421187911,0.03648023740245132,61
4579.784784101,32.89000000001405,1,1,0.9292444148474586,16.550178043048795,0.1,0.6000000000000001,0.36069644489547387,0.36069644489547387,0,15.744117969084298,0.03652837720600277,62
4579.796447128,32.900000000014025,1,1,0.9255757460891425,16.66260766615566,0.0,0.5999999999999999,0.3618222648070624,0.3618222648070624,0,15.72775898061721,0.036578329540351895,64
4579.804839039,32.910000000014,1,1,0.8008636328342496,16.774971455096665,0.0,0.6,0.3609303947903608,0.3609303947903608,0,15.711509370294138,0.03661828539998413,66
4579.81482763,32.92000000001398,1,1,0.6453644420952878,16.887353543766984,0.05532746901455419,0.6,0.3574376031234509,0.3574376031234509,0,15.695377542847753,0.03663555866576762,66
4579.82487274,32.930000000013955,1,1,0.594226469086296,16.99974765393532,0.1,0.6,0.3564308663212833,0.3564308663212833,0,15.679406620054218,0.03663667103437307,66
4579.834831458,32.94000000001393,1,1,0.5164156020515362,17.11198814902476,0.0,0.5999999999999999,0.35488737464717446,0.35488737464717446,0,15.663644600871717,0.0366154817899782,70
4579.844803066,32.95000000001391,1,1,0.817318960528517,17.224019986096867,0.0,0.6,0.35032572919869237,0.35032572919869237,0,15.648170199624836,0.03656361145252007,70
4579.854733521,32.960000000013885,1,1,1.1972261330476244,17.335643485982335,0.018247184540694045,0.5999999999999999,0.3479231340735299,0.3479231340735299,0,15.633050488471739,0.0364780101794111,70
4579.865383458,32.97000000001386,1,1,1.8792507972079937,17.446733092024335,0.1,0.6,0.3398428001860311,0.3398428001860311,0,15.618360465088346,0.03635638429918164,75
4579.874753231,32.98000000001384,1,1,2.3162817314698105,17.55702361343381,0.1,0.6,0.33597373669090325,0.33597373669090325,0,15.604191851661012,0.036196025201330695,76
4579.884880723,32.990000000013815,1,1,3.137791756020683,17.666202568442976,0.035500586739381265,0.6,0.32744662681857106,0.32744662681857106,0,15.59061992579506,0.035984327564415164,76
4579.89479021,33.00000000001379,1,1,3.743530852497874,17.773662823548612,0.012710909217737433,0.6,0.3227915073112975,0.3227915073112975,0,15.577723929644074,0.03572665316587598,76
4579.904774753,33.01000000001377,1,1,4.5711747807841006,17.8787191482013,0.09999999999999999,0.6,0.31407843140217523,0.31407843140217523,0,15.565555011768698,0.03543657364772734,80
4579.914532193,33.020000000013745,0,1,0.0,0.0,0.0,0.0,0.0,0.0,0,0.0,0.03212280762279218,80
4579.924560179,33.03000000001372,0,1,0.0,0.0,0.0,0.0,0.0,0.0,0,0.0,0.02912418538787498,80
4579.934637545,33.0400000000137,0,1,0.0,0.0,0.0,0.0,0.0,0.0,0,0.0,0.026412842926297753,82
4579.944547387,33.050000000013675,0,1,0.0,0.0,0.0,0.0,0.0,0.0,0,0.0,0.02396155120458099,82
4579.954524071,33.06000000001365,0,1,0.0,0.0,0.0,0.0,0.0,0.0,0,0.0,0.02174547443552166,82
4579.965619629,33.07000000001363,0,1,0.0,0.0,0.0,0.0,0.0,0.0,0,0.0,0.019742080272976636,84
4579.974537348,33.080000000013605,0,1,0.0,0.0,0.0,0.0,0.0,0.0,0,0.0,0.017930970109897304,85
4579.984542399,33.09000000001358,0,1,0.0,0.0,0.0,0.0,0.0,0.0,0,0.0,0.016293692886672817,85
4579.994556484,33.10000000001356,0,1,0.0,0.0,0.0,0.0,0.0,0.0,0,0.0,0.014813564882227404,85
4580.004568507,33.110000000013535,0,1,0.0,0.0,0.0,0.0,0.0,0.0,0,0.0,0.013475502498359493,88
4580.014523497,33.12000000001351,0,1,0.0,0.0,0.0,0.0,0.0,0.0,0,0.0,0.012886076345356323,88
4580.024568594,33.13000000001349,0,1,0.0,0.0,0.0,0.0,0.0,0.0,0,0.0,0.01242205439093469,89
4580.034539191,33.140000000013465,0,1,0.0,0.0,0.0,0.0,0.0,0.0,0,0.0,0.012003558123452718,92
4580.044524943,33.15000000001344,0,1,0.0,0.0,0.0,0.0,0.0,0.0,0,0.0,0.011626120679928686,92
4580.054544582,33.16000000001342,0,1,0.0,0.0,0.0,0.0,0.0,0.0,0,0.0,0.011285712993721941,92
4580.066435209,33.170000000013395,0,1,0.0,0.0,0.0,0.0,0.0,0.0,0,0.0,0.010978700287036236,94
4580.074526251,33.18000000001337,0,1,0.0,0.0,0.0,0.0,0.0,0.0,0,0.0,0.010701803993513725,96
4580.084530796,33.19000000001335,0,1,0.0,0.0,0.0,0.0,0.0,0.0,0,0.0,0.010452067229506534,96
4580.094551248,33.200000000013326,0,1,0.0,0.0,0.0,0.0,0.0,0.0,0,0.0,0.010226823462401224,96
4580.104543844,33.2100000000133,0,1,0.0,0.0,0.0,0.0,0.0,0.0,0,0.0,0.01002366810956612,98
4580.114546114,33.22000000001328,0,1,0.0,0.0,0.0,0.0,0.0,0.0,0,0.0,0.009840432846249192,98
4580.12453058,33.230000000013256,0,1,0.0,0.0,0.0,0.0,0.0,0.0,0,0.0,0.009675162399763515,98
4580.134549682,33.24000000001323,0,1,0.0,0.0,0.0,0.0,0.0,0.0,0,0.0,0.009526093608340891,101
4580.144527325,33.25000000001321,0,1,0.0,0.0,0.0,0.0,0.0,0.0,0,0.0,0.009391636532695258,101
4580.154526771,33.260000000013186,0,1,0.0,0.0,0.0,0.0,0.0,0.0,0,0.0,0.009270357423123599,101
4580.164491441,33.27000000001316,0,1,0.0,0.0,0.0,0.0,0.0,0.0,0,0.0,0.009160968146850301,101
4580.174528293,33.28000000001314,0,1,0.0,0.0,0.0,0.0,0.0,0.0,0,0.0,0.009062304073370941,105
4580.184563594,33.290000000013116,0,1,0.0,0.0,0.0,0.0,0.0,0.0,0,0.0,0.008973308340545105,105
4580.194546639,33.30000000001309,0,1,0.0,0.0,0.0,0.0,0.0,0.0,0,0.0,0.008893030207616726,105
4580.204555677,33.31000000001307,0,1,0.0,0.0,0.0,0.0,0.0,0.0,0,0.0,0.008820613861978466,109
4580.214541304,33.320000000013046,0,1,0.0,0.0,0.0,0.0,0.0,0.0,0,0.0,0.008755288234504055,109
4580.224595186,33.33000000001302,0,1,0.0,0.0,0.0,0.0,0.0,0.0,0,0.0,0.008696358223910461,109
4580.236099287,33.340000000013,0,1,0.0,0.0,0.0,0.0,0.0,0.0,0,0.0,0.008643197037884354,111
4580.244532071,33.350000000012976,0,1,0.0,0.0,0.0,0.0,0.0,0.0,0,0.0,0.008595237999432626,112
4580.254601542,33.36000000001295,0,1,0.0,0.0,0.0,0.0,0.0,0.0,0,0.0,0.00855196745070641,112
4580.26457959,33.37000000001293,0,1,0.0,0.0,0.0,0.0,0.0,0.0,0,0.0,0.008512927870310993,112
4580.274548581,33.380000000012906,0,1,0.0,0.0,0.0,0.0,0.0,0.0,0,0.0,0.008477707540092805,115
4580.284550456,33.39000000001288,0,1,0.0,0.0,0.0,0.0,0.0,0.0,0,0.0,0.00844593399793031,115
4580.294552823,33.40000000001286,0,1,0.0,0.0,0.0,0.0,0.0,0.0,0,0.0,0.00841727037994866,115
4580.304589197,33.410000000012836,0,1,0.0,0.0,0.0,0.0,0.0,0.0,0,0.0,0.008391388088549334,118
4580.314567859,33.42000000001281,0,1,0.0,0.0,0.0,0.0,0.0,0.0,0,0.0,0.00836790333209625,118
4580.324555506,33.43000000001279,0,1,0.0,0.0,0.0,0.0,0.0,0.0,0,0.0,0.00834661877098064,119
4580.334497839,33.440000000012766,0,1,0.0,0.0,0.0,0.0,0.0,0.0,0,0.0,0.00832738788118792,119
4580.344567143,33.45000000001274,0,1,0.0,0.0,0.0,0.0,0.0,0.0,0,0.0,0.008310050092737664,121
4580.354541108,33.46000000001272,0,1,0.0,0.0,0.0,0.0,0.0,0.0,0,0.0,0.008294437947855005,121
4580.364529739,33.470000000012696,0,1,0.0,0.0,0.0,0.0,0.0,0.0,0,0.0,0.008280388143972306,121
4580.374554419,33.48000000001267,0,1,0.0,0.0,0.0,0.0,0.0,0.0,0,0.0,0.008267747681625803,124
4580.38456044,33.49000000001265,0,1,0.0,0.0,0.0,0.0,0.0,0.0,0,0.0,0.008256376205938498,124
4580.394531311,33.500000000012626,0,1,0.0,0.0,0.0,0.0,0.0,0.0,0,0.0,0.008246051587511849,124
4580.406370403,33.5100000000126,0,1,0.0,0.0,0.0,0.0,0.0,0.0,0,0.0,0.008236362307149414,126
4580.414579778,33.52000000001258,0,1,0.0,0.0,0.0,0.0,0.0,0.0,0,0.0,0.00822708474316064,128
4580.424521157,33.530000000012556,0,1,0.0,0.0,0.0,0.0,0.0,0.0,0,0.0,0.008218124020987483,128
4580.434534435,33.54000000001253,0,1,0.0,0.0,0.0,0.0,0.0,0.0,0,0.0,0.008209437256371466,0
4580.444533761,33.55000000001251,0,1,0.0,0.0,0.0,0.0,0.0,0.0,0,0.0,0.00820100271371399,3
4580.454523939,33.56000000001249,0,1,0.0,0.0,0.0,0.0,0.0,0.0,0,0.0,0.00819280737307021,3
4580.464560361,33.57000000001246,0,1,0.0,0.0,0.0,0.0,0.0,0.0,0,0.0,0.00818484189791363,3
4580.474479856,33.58000000001244,0,1,0.0,0.0,0.0,0.0,0.0,0.0,0,0.0,0.008177098587712373,6
4580.484542363,33.59000000001242,0,1,0.0,0.0,0.0,0.0,0.0,0.0,0,0.0,0.008169570538695714,6
4580.494610994,33.60000000001239,0,1,0.0,0.0,0.0,0.0,0.0,0.0,0,0.0,0.00816225129569148,6
4580.504616859,33.61000000001237,0,1,0.0,0.0,0.0,0.0,0.0,0.0,0,0.0,0.008155134704511013,6
4580.514541551,33.62000000001235,0,1,0.0,0.0,0.0,0.0,0.0,0.0,0,0.0,0.008148214846708302,9
4580.52456696,33.63000000001232,0,1,0.0,0.0,0.0,0.0,0.0,0.0,0,0.0,0.008141486008436227,9
4580.534552629,33.6400000000123,0,1,0.0,0.0,0.0,0.0,0.0,0.0,0,0.0,0.008134942663583,9
4580.544531384,33.65000000001228,0,1,0.0,0.0,0.0,0.0,0.0,0.0,0,0.0,0.008128579463010821,12
4580.554567639,33.66000000001225,0,1,0.0,0.0,0.0,0.0,0.0,0.0,0,0.0,0.008122391226503045,12
4580.56456973,33.67000000001223,0,1,0.0,0.0,0.0,0.0,0.0,0.0,0,0.0,0.008116372935997818,12
4580.576394319,33.68000000001221,0,1,0.0,0.0,0.0,0.0,0.0,0.0,0,0.0,0.008110519729507826,14
4580.584566114,33.69000000001218,0,1,0.0,0.0,0.0,0.0,0.0,0.0,0,0.0,0.008104826895465878,16
4580.594529665,33.70000000001216,0,1,0.0,0.0,0.0,0.0,0.0,0.0,0,0.0,0.008099289867379011,16
4580.604555885,33.71000000001214,0,1,0.0,0.0,0.0,0.0,0.0,0.0,0,0.0,0.008093904218737347,16
4580.614560407,33.720000000012114,0,1,0.0,0.0,0.0,0.0,0.0,0.0,0,0.0,0.008088665658146199,19
4580.624559442,33.73000000001209,0,1,0.0,0.0,0.0,0.0,0.0,0.0,0,0.0,0.008083570024663589,19
4580.634557058,33.74000000001207,0,1,0.0,0.0,0.0,0.0,0.0,0.0,0,0.0,0.008078613283330871,19
4580.644555437,33.750000000012044,0,1,0.0,0.0,0.0,0.0,0.0,0.0,0,0.0,0.008073791520884721,21
4580.654515714,33.76000000001202,0,1,0.0,0.0,0.0,0.0,0.0,0.0,0,0.0,0.00806910094164115,21
4580.66453573,33.770000000012,0,1,0.0,0.0,0.0,0.0,0.0,0.0,0,0.0,0.008064537863544163,21
4580.674578645,33.780000000011974,0,1,0.0,0.0,0.0,0.0,0.0,0.0,0,0.0,0.008060098714369912,21
4580.684555036,33.79000000001195,0,1,0.0,0.0,0.0,0.0,0.0,0.0,0,0.0,0.008055780028079718,24
4580.694551172,33.80000000001193,0,1,0.0,0.0,0.0,0.0,0.0,0.0,0,0.0,0.008051578441314433,24
4580.704553833,33.810000000011904,0,1,0.0,0.0,0.0,0.0,0.0,0.0,0,0.0,0.008047490690024528,24
4580.714527761,33.82000000001188,0,1,0.0,0.0,0.0,0.0,0.0,0.0,0,0.0,0.008043513606228903,28
4580.724559875,33.83000000001186,0,1,0.0,0.0,0.0,0.0,0.0,0.0,0,0.0,0.008039644114895883,28
4580.73450205,33.840000000011834,0,1,0.0,0.0,0.0,0.0,0.0,0.0,0,0.0,0.008035879230943177,28
4580.746176212,33.85000000001181,0,1,0.0,0.0,0.0,0.0,0.0,0.0,0,0.0,0.008032216056348462,30
4580.754527414,33.86000000001179,0,1,0.0,0.0,0.0,0.0,0.0,0.0,0,0.0,0.008028651777368001,31
4580.764524207,33.870000000011764,0,1,0.0,0.0,0.0,0.0,0.0,0.0,0,0.0,0.008025183661857949,31
4580.774570463,33.88000000001174,0,1,0.0,0.0,0.0,0.0,0.0,0.0,0,0.0,0.008021809056692863,31
4580.784522219,33.89000000001172,0,1,0.0,0.0,0.0,0.0,0.0,0.0,0,0.0,0.008018525385278252,34
4580.7945182,33.900000000011694,0,1,0.0,0.0,0.0,0.0,0.0,0.0,0,0.0,0.008015330145152932,34
4580.804596384,33.91000000001167,0,1,0.0,0.0,0.0,0.0,0.0,0.0,0,0.0,0.008012220905677103,34
4580.814786762,33.92000000001165,0,1,0.0,0.0,0.0,0.0,0.0,0.0,0,0.0,0.008009195305802186,38
4580.824513974,33.930000000011624,0,1,0.0,0.0,0.0,0.0,0.0,0.0,0,0.0,0.008006251051920266,38
4580.834504509,33.9400000000116,0,1,0.0,0.0,0.0,0.0,0.0,0.0,0,0.0,0.008003385915788142,38
4580.844525365,33.95000000001158,0,1,0.0,0.0,0.0,0.0,0.0,0.0,0,0.0,0.008000597732523929,38
4580.854554845,33.960000000011554,0,1,0.0,0.0,0.0,0.0,0.0,0.0,0,0.0,0.007997884398673216,43
4580.864526165,33.97000000001153,0,1,0.0,0.0,0.0,0.0,0.0,0.0,0,0.0,0.00799524387034134,43
4580.874513925,33.98000000001151,0,1,0.0,0.0,0.0,0.0,0.0,0.0,0,0.0,0.007992674161389823,43
4580.884525777,33.990000000011484,0,1,0.0,0.0,0.0,0.0,0.0,0.0,0,0.0,0.007990173341693718,47
4580.894541261,34.00000000001146,0,1,0.0,0.0,0.0,0.0,0.0,0.0,0,0.0,0.007987739535458116,47
4580.904561399,34.01000000001144,0,1,0.0,0.0,0.0,0.0,0.0,0.0,0,0.0,0.007985370919590784,47
4580.916748949,34.020000000011414,0,1,0.0,0.0,0.0,0.0,0.0,0.0,0,0.0,0.007983065722129479,49
4580.924572397,34.03000000001139,0,1,0.0,0.0,0.0,0.0,0.0,0.0,0,0.0,0.007980822220720774,51
4580.934543105,34.04000000001137,0,1,0.0,0.0,0.0,0.0,0.0,0.0,0,0.0,0.007978638741149902,51
4580.944530158,34.050000000011345,0,1,0.0,0.0,0.0,0.0,0.0,0.0,0,0.0,0.00797651365591806,51
4580.954551775,34.06000000001132,0,1,0.0,0.0,0.0,0.0,0.0,0.0,0,0.0,0.00797444538286618,54
4580.964548246,34.0700000000113,0,1,0.0,0.0,0.0,0.0,0.0,0.0,0,0.0,0.007972432383843986,54
4580.974539777,34.080000000011275,0,1,0.0,0.0,0.0,0.0,0.0,0.0,0,0.0,0.007970473163421199,54
4580.984549777,34.09000000001125,0,1,0.0,0.0,0.0,0.0,0.0,0.0,0,0.0,0.00796856626764042,57
4580.994724686,34.10000000001123,0,1,0.0,0.0,0.0,0.0,0.0,0.0,0,0.0,0.00796671028280993,57
4581.004572682,34.110000000011205,0,1,0.0,0.0,0.0,0.0,0.0,0.0,0,0.0,0.007964903834334958,58
4581.014565372,34.12000000001118,0,1,0.0,0.0,0.0,0.0,0.0,0.0,0,0.0,0.007963145585585418,58
4581.024545751,34.13000000001116,0,1,0.0,0.0,0.0,0.0,0.0,0.0,0,0.0,0.007961434236799791,61
4581.034547535,34.140000000011135,0,1,0.0,0.0,0.0,0.0,0.0,0.0,0,0.0,0.007959768524023081,61
4581.044516621,34.15000000001111,0,1,0.0,0.0,0.0,0.0,0.0,0.0,0,0.0,0.00795814721807836,61
4581.054495868,34.16000000001109,0,1,0.0,0.0,0.0,0.0,0.0,0.0,0,0.0,0.007956569123568957,64
4581.064514047,34.170000000011065,0,1,0.0,0.0,0.0,0.0,0.0,0.0,0,0.0,0.007955033077913565,64
4581.074492677,34.18000000001104,0,1,0.0,0.0,0.0,0.0,0.0,0.0,0,0.0,0.007953537950408929,64
4581.08558676,34.19000000001102,0,1,0.0,0.0,0.0,0.0,0.0,0.0,0,0.0,0.00795208264132291,66
4581.094510436,34.200000000010995,0,1,0.0,0.0,0.0,0.0,0.0,0.0,0,0.0,0.007950666081014468,67
4581.104517822,34.21000000001097,0,1,0.0,0.0,0.0,0.0,0.0,0.0,0,0.0,0.007949287229080226,67
4581.114535102,34.22000000001095,0,1,0.0,0.0,0.0,0.0,0.0,0.0,0,0.0,0.00794794507352764,67
4581.124560451,34.230000000010925,0,1,0.0,0.0,0.0,0.0,0.0,0.0,0,0.0,0.007946638629972358,70
4581.134482699,34.2400000000109,0,1,0.0,0.0,0.0,0.0,0.0,0.0,0,0.0,0.007945366940860621,70
4581.144571038,34.25000000001088,0,1,0.0,0.0,0.0,0.0,0.0,0.0,0,0.0,0.007944129074713757,70
4581.154479425,34.260000000010855,0,1,0.0,0.0,0.0,0.0,0.0,0.0,0,0.0,0.007942924125396544,73
4581.164536642,34.27000000001083,0,1,0.0,0.0,0.0,0.0,0.0,0.0,0,0.0,0.007941751211406445,73
4581.174563162,34.28000000001081,0,1,0.0,0.0,0.0,0.0,0.0,0.0,0,0.0,0.007940609475184157,73
4581.184562199,34.290000000010785,0,1,0.0,0.0,0.0,0.0,0.0,0.0,0,0.0,0.007939498082445096,73
4581.194539929,34.30000000001076,0,1,0.0,0.0,0.0,0.0,0.0,0.0,0,0.0,0.007938416221529687,76
4581.204573799,34.31000000001074,0,1,0.0,0.0,0.0,0.0,0.0,0.0,0,0.0,0.007937363102773376,76
4581.214499933,34.320000000010715,0,1,0.0,0.0,0.0,0.0,0.0,0.0,0,0.0,0.007936337957894946,76
4581.22453709,34.33000000001069,0,1,0.0,0.0,0.0,0.0,0.0,0.0,0,0.0,0.007935340039402994,80
4581.234555542,34.34000000001067,0,1,0.0,0.0,0.0,0.0,0.0,0.0,0,0.0,0.007934368620019061,80
4581.24453628,34.350000000010645,0,1,0.0,0.0,0.0,0.0,0.0,0.0,0,0.0,0.007933422992118078,80
4581.256223923,34.36000000001062,0,1,0.0,0.0,0.0,0.0,0.0,0.0,0,0.0,0.007932502467184688,82
4581.264574945,34.3700000000106,0,1,0.0,0.0,0.0,0.0,0.0,0.0,0,0.0,0.007931606375285949,83
4581.274530124,34.380000000010575,0,1,0.0,0.0,0.0,0.0,0.0,0.0,0,0.0,0.007930734064558131,83
4581.284522347,34.39000000001055,0,1,0.0,0.0,0.0,0.0,0.0,0.0,0,0.0,0.007929884900709505,83
4581.294529514,34.40000000001053,0,1,0.0,0.0,0.0,0.0,0.0,0.0,0,0.0,0.007929058266536393,85
4581.304547025,34.410000000010506,0,1,0.0,0.0,0.0,0.0,0.0,0.0,0,0.0,0.007928253561453824,85
4581.314483614,34.42000000001048,0,1,0.0,0.0,0.0,0.0,0.0,0.0,0,0.0,0.007927470201039122,85
4581.324515261,34.43000000001046,0,1,0.0,0.0,0.0,0.0,0.0,0.0,0,0.0,0.007926707616588646,88
4581.334535167,34.440000000010436,0,1,0.0,0.0,0.0,0.0,0.0,0.0,0,0.0,0.007925965254687306,88
4581.34460981,34.45000000001041,0,1,0.0,0.0,0.0,0.0,0.0,0.0,0,0.0,0.007925242576790115,88
4581.354492235,34.46000000001039,0,1,0.0,0.0,0.0,0.0,0.0,0.0,0,0.0,0.00792453905881546,88
4581.364514518,34.470000000010366,0,1,0.0,0.0,0.0,0.0,0.0,0.0,0,0.0,0.007923854190750701,92
4581.374611859,34.48000000001034,0,1,0.0,0.0,0.0,0.0,0.0,0.0,0,0.0,0.007923187476267302,92
4581.384525795,34.49000000001032,0,1,0.0,0.0,0.0,0.0,0.0,0.0,0,0.0,0.007922538432348525,92
4581.394517156,34.500000000010296,0,1,0.0,0.0,0.0,0.0,0.0,0.0,0,0.0,0.00792190658892672,95
4581.404530775,34.51000000001027,0,1,0.0,0.0,0.0,0.0,0.0,0.0,0,0.0,0.007921291488530546,95
4581.414503673,34.52000000001025,0,1,0.0,0.0,0.0,0.0,0.0,0.0,0,0.0,0.007920692685943087,96
4581.426486534,34.530000000010226,0,1,0.0,0.0,0.0,0.0,0.0,0.0,0,0.0,0.00792010974786822,98
4581.434503676,34.5400000000102,0,1,0.0,0.0,0.0,0.0,0.0,0.0,0,0.0,0.007919542252607603,0
4581.444474949,34.55000000001018,0,1,0.0,0.0,0.0,0.0,0.0,0.0,0,0.0,0.007918989789745756,1
4581.454481742,34.560000000010156,0,1,0.0,0.0,0.0,0.0,0.0,0.0,0,0.0,0.007918451959844142,1
4581.464490833,34.57000000001013,0,1,0.0,0.0,0.0,0.0,0.0,0.0,0,0.0,0.007917928374144068,4
4581.474490099,34.58000000001011,0,1,0.0,0.0,0.0,0.0,0.0,0.0,0,0.0,0.007917418654277475,4
4581.484488593,34.590000000010086,0,1,0.0,0.0,0.0,0.0,0.0,0.0,0,0.0,0.007916922431985884,4
4581.494475175,34.60000000001006,0,1,0.0,0.0,0.0,0.0,0.0,0.0,0,0.0,0.007916439348847115,7
4581.504611695,34.61000000001004,0,1,0.0,0.0,0.0,0.0,0.0,0.0,0,0.0,0.007915969056009609,7
4581.514509564,34.620000000010016,0,1,0.0,0.0,0.0,0.0,0.0,0.0,0,0.0,0.007915511213934023,7
4581.524525349,34.63000000000999,0,1,0.0,0.0,0.0,0.0,0.0,0.0,0,0.0,0.007915065492141826,7
4581.534515337,34.64000000000997,0,1,0.0,0.0,0.0,0.0,0.0,0.0,0,0.0,0.00791463156897143,9
4581.544562287,34.650000000009946,0,1,0.0,0.0,0.0,0.0,0.0,0.0,0,0.0,0.007914209131340055,9
4581.554482499,34.66000000000992,0,1,0.0,0.0,0.0,0.0,0.0,0.0,0,0.0,0.007913797874513018,9
4581.56452764,34.6700000000099,0,1,0.0,0.0,0.0,0.0,0.0,0.0,0,0.0,0.00791339750187875,12
4581.574589504,34.680000000009876,0,1,0.0,0.0,0.0,0.0,0.0,0.0,0,0.0,0.007913007724730359,12
4581.584533711,34.69000000000985,0,1,0.0,0.0,0.0,0.0,0.0,0.0,0,0.0,0.00791262826205319,12
4581.59637815,34.70000000000983,0,1,0.0,0.0,0.0,0.0,0.0,0.0,0,0.0,0.00791225884031782,14
4581.604516963,34.710000000009806,0,1,0.0,0.0,0.0,0.0,0.0,0.0,0,0.0,0.007911899193279281,16
4581.614510045,34.72000000000978,0,1,0.0,0.0,0.0,0.0,0.0,0.0,0,0.0,0.007911549061781042,16
4581.624537176,34.73000000000976,0,1,0.0,0.0,0.0,0.0,0.0,0.0,0,0.0,0.007911208193565056,16
4581.634531327,34.740000000009736,0,1,0.0,0.0,0.0,0.0,0.0,0.0,0,0.0,0.007910876343086792,19
4581.644505877,34.75000000000971,0,1,0.0,0.0,0.0,0.0,0.0,0.0,0,0.0,0.007910553271334608,19
4581.654569527,34.76000000000969,0,1,0.0,0.0,0.0,0.0,0.0,0.0,0,0.0,0.00791023874565533,19
4581.664635264,34.77000000000967,0,1,0.0,0.0,0.0,0.0,0.0,0.0,0,0.0,0.007909932539583442,23
4581.674511097,34.78000000000964,0,1,0.0,0.0,0.0,0.0,0.0,0.0,0,0.0,0.00790963443267545,23
4581.684525453,34.79000000000962,0,1,0.0,0.0,0.0,0.0,0.0,0.0,0,0.0,0.00790934421034889,23
4581.69452959,34.8000000000096,0,1,0.0,0.0,0.0,0.0,0.0,0.0,0,0.0,0.007909061663725125,23
4581.704541391,34.81000000000957,0,1,0.0,0.0,0.0,0.0,0.0,0.0,0,0.0,0.007908786589476746,26
4581.714574656,34.82000000000955,0,1,0.0,0.0,0.0,0.0,0.0,0.0,0,0.0,0.007908518789679353,26
4581.724529746,34.83000000000953,0,1,0.0,0.0,0.0,0.0,0.0,0.0,0,0.0,0.007908258071667118,26
4581.734568127,34.8400000000095,0,1,0.0,0.0,0.0,0.0,0.0,0.0,0,0.0,0.007908004247891842,28
4581.744540178,34.85000000000948,0,1,0.0,0.0,0.0,0.0,0.0,0.0,0,0.0,0.007907757135786675,28
4581.754534434,34.86000000000946,0,1,0.0,0.0,0.0,0.0,0.0,0.0,0,0.0,0.007907516557632832,28
4581.766533945,34.87000000000943,0,1,0.0,0.0,0.0,0.0,0.0,0.0,0,0.0,0.007907282340430088,30
4581.774570791,34.88000000000941,0,1,0.0,0.0,0.0,0.0,0.0,0.0,0,0.0,0.007907054315770934,32
4581.784544688,34.89000000000939,0,1,0.0,0.0,0.0,0.0,0.0,0.0,0,0.0,0.007906832319718116,32
4581.794526395,34.90000000000936,0,1,0.0,0.0,0.0,0.0,0.0,0.0,0,0.0,0.007906616192685234,32
4581.804545531,34.91000000000934,0,1,0.0,0.0,0.0,0.0,0.0,0.0,0,0.0,0.007906405779320558,35
4581.814535845,34.92000000000932,0,1,0.0,0.0,0.0,0.0,0.0,0.0,0,0.0,0.007906200928394613,35
4581.824541738,34.930000000009294,0,1,0.0,0.0,0.0,0.0,0.0,0.0,0,0.0,0.007906001492689718,35
4581.834562216,34.94000000000927,0,1,0.0,0.0,0.0,0.0,0.0,0.0,0,0.0,0.007905807328893177,38
4581.844592255,34.95000000000925,0,1,0.0,0.0,0.0,0.0,0.0,0.0,0,0.0,0.007905618297493755,38
4581.85456846,34.960000000009224,0,1,0.0,0.0,0.0,0.0,0.0,0.0,0,0.0,0.0079054342626797,38
4581.864565938,34.9700000000092,0,1,0.0,0.0,0.0,0.0,0.0,0.0,0,0.0,0.00790525509224077,38
4581.874525485,34.98000000000918,0,1,0.0,0.0,0.0,0.0,0.0,0.0,0,0.0,0.007905080657472197,40
4581.884539323,34.990000000009154,0,1,0.0,0.0,0.0,0.0,0.0,0.0,0,0.0,0.007904910833081036,40
4581.894573967,35.00000000000913,0,1,0.0,0.0,0.0,0.0,0.0,0.0,0,0.0,0.007904745497095578,40
4581.904475929,35.01000000000911,0,1,0.0,0.0,0.0,0.0,0.0,0.0,0,0.0,0.007904584530777525,43
4581.914548993,35.020000000009084,0,1,0.0,0.0,0.0,0.0,0.0,0.0,0,0.0,0.007904427818535065,43
4581.924574237,35.03000000000906,0,1,0.0,0.0,0.0,0.0,0.0,0.0,0,0.0,0.007904275247839598,43
4581.935825392,35.04000000000904,0,1,0.0,0.0,0.0,0.0,0.0,0.0,0,0.0,0.007904126709144532,45
4581.944520044,35.050000000009014,0,1,0.0,0.0,0.0,0.0,0.0,0.0,0,0.0,0.007903982095805673,46
4581.954541581,35.06000000000899,0,1,0.0,0.0,0.0,0.0,0.0,0.0,0,0.0,0.007903841304004011,46
4581.964539729,35.07000000000897,0,1,0.0,0.0,0.0,0.0,0.0,0.0,0,0.0,0.007903704232670894,46
4581.974569524,35.080000000008944,0,1,0.0,0.0,0.0,0.0,0.0,0.0,0,0.0,0.007903570783414582,49
4581.984550095,35.09000000000892,0,1,0.0,0.0,0.0,0.0,0.0,0.0,0,0.0,0.007903440860449695,49
4581.994582705,35.1000000000089,0,1,0.0,0.0,0.0,0.0,0.0,0.0,0,0.0,0.007903314370527437,49
4582.004482042,35.110000000008874,0,1,0.0,0.0,0.0,0.0,0.0,0.0,0,0.0,0.007903191222868589,52
4582.014537069,35.12000000000885,0,1,0.0,0.0,0.0,0.0,0.0,0.0,0,0.0,0.007903071329097566,52
4582.024561274,35.13000000000883,0,1,0.0,0.0,0.0,0.0,0.0,0.0,0,0.0,0.007902954603178969,52
4582.034603126,35.140000000008804,0,1,0.0,0.0,0.0,0.0,0.0,0.0,0,0.0,0.007902840961355018,52
4582.044565876,35.15000000000878,0,1,0.0,0.0,0.0,0.0,0.0,0.0,0,0.0,0.007902730322085605,55
4582.054544122,35.16000000000876,0,1,0.0,0.0,0.0,0.0,0.0,0.0,0,0.0,0.007902622605989118,55
4582.064549574,35.170000000008734,0,1,0.0,0.0,0.0,0.0,0.0,0.0,0,0.0,0.007902517735785153,55
4582.074576272,35.18000000000871,0,1,0.0,0.0,0.0,0.0,0.0,0.0,0,0.0,0.007902415636238891,58
4582.084557886,35.19000000000869,0,1,0.0,0.0,0.0,0.0,0.0,0.0,0,0.0,0.007902316234106754,58
4582.094592981,35.200000000008664,0,1,0.0,0.0,0.0,0.0,0.0,0.0,0,0.0,0.007902219458083726,58
4582.106460031,35.21000000000864,0,1,0.0,0.0,0.0,0.0,0.0,0.0,0,0.0,0.007902125238751445,60
4582.114547554,35.22000000000862,0,1,0.0,0.0,0.0,0.0,0.0,0.0,0,0.0,0.007902033508528972,62
4582.124559427,35.230000000008594,0,1,0.0,0.0,0.0,0.0,0.0,0.0,0,0.0,0.007901944201623323,62
4582.134542644,35.24000000000857,0,1,0.0,0.0,0.0,0.0,0.0,0.0,0,0.0,0.007901857253982514,62
4582.144545687,35.25000000000855,0,1,0.0,0.0,0.0,0.0,0.0,0.0,0,0.0,0.007901772603249146,65
4582.154552505,35.260000000008525,0,1,0.0,0.0,0.0,0.0,0.0,0.0,0,0.0,0.007901690188715615,65
4582.164623436,35.2700000000085,0,1,0.0,0.0,0.0,0.0,0.0,0.0,0,0.0,0.00790160995128042,65
4582.174587488,35.28000000000848,0,1,0.0,0.0,0.0,0.0,0.0,0.0,0,0.0,0.007901531833405417,68
4582.184568463,35.290000000008455,0,1,0.0,0.0,0.0,0.0,0.0,0.0,0,0.0,0.00790145577907464,68
4582.194531291,35.30000000000843,0,1,0.0,0.0,0.0,0.0,0.0,0.0,0,0.0,0.00790138173375371,68
4582.204583797,35.31000000000841,0,1,0.0,0.0,0.0,0.0,0.0,0.0,0,0.0,0.007901309644350707,68
4582.214561901,35.320000000008385,0,1,0.0,0.0,0.0,0.0,0.0,0.0,0,0.0,0.007901239459178033,71
4582.224627844,35.33000000000836,0,1,0.0,0.0,0.0,0.0,0.0,0.0,0,0.0,0.007901171127914997,71
4582.234630549,35.34000000000834,0,1,0.0,0.0,0.0,0.0,0.0,0.0,0,0.0,0.007901104601571729,71
4582.2445679,35.350000000008315,0,1,0.0,0.0,0.0,0.0,0.0,0.0,0,0.0,0.007901039832453938,74
4582.254551608,35.36000000000829,0,1,0.0,0.0,0.0,0.0,0.0,0.0,0,0.0,0.007900976774128599,74
4582.264552717,35.37000000000827,0,1,0.0,0.0,0.0,0.0,0.0,0.0,0,0.0,0.007900915381390539,74
4582.275929331,35.380000000008245,0,1,0.0,0.0,0.0,0.0,0.0,0.0,0,0.0,0.007900855610230018,76
4582.284543722,35.39000000000822,0,1,0.0,0.0,0.0,0.0,0.0,0.0,0,0.0,0.007900797417800698,77
4582.294541113,35.4000000000082,0,1,0.0,0.0,0.0,0.0,0.0,0.0,0,0.0,0.007900740762389558,77
4582.304545973,35.410000000008175,0,1,0.0,0.0,0.0,0.0,0.0,0.0,0,0.0,0.00790068560338597,77
4582.314559641,35.42000000000815,0,1,0.0,0.0,0.0,0.0,0.0,0.0,0,0.0,0.007900631901253341,80
4582.324551262,35.43000000000813,0,1,0.0,0.0,0.0,0.0,0.0,0.0,0,0.0,0.00790057961750018,80
4582.334549955,35.440000000008105,0,1,0.0,0.0,0.0,0.0,0.0,0.0,0,0.0,0.007900528714652633,80
4582.344603452,35.45000000000808,0,1,0.0,0.0,0.0,0.0,0.0,0.0,0,0.0,0.007900479156227602,83
4582.354883868,35.46000000000806,1,1,3.0369370218910037,15.464351959106114,0.0,0.6,0.34083317173864214,0.34083317173864214,0,15.445393608001801,0.008865604332700006,84
4582.365024531,35.470000000008035,1,1,3.1598643661625614,15.387535710826137,0.0,0.10162606323477694,0.3420798113324499,0.3420798113324499,0,15.445040692400294,0.010150013921236267,84
4582.374768092,35.48000000000801,1,1,3.0528247209621084,15.343243955406734,0.007946243500359797,9.048873702944393e-14,0.3442629312346311,0.3442629312346311,0,15.444024692222863,0.01130224232829502,84
4582.384775454,35.49000000000799,1,1,3.071498610614804,15.224903003751068,0.0,2.5018537765542005e-14,0.3455367802949446,0.3455367802949446,0,15.44249389951272,0.012335747725143897,89
4582.394782477,35.500000000007965,1,1,3.1249082635712493,15.08940142391424,0.03377790287597796,7.378184978998593e-14,0.3451835344718248,0.3451835344718248,0,15.440529200940817,0.013706073649453199,89
4582.404772802,35.51000000000794,1,1,3.053579789253955,14.93912214404599,0.0,0.10162713119080245,0.3466774434470255,0.3466774434470255,0,15.438168239913665,0.01580156153481771,90
4582.414725695,35.52000000000792,1,1,2.7564590787569614,14.774968492621934,0.0,2.7755575615628914e-14,0.34945284005773364,0.34945284005773364,0,15.43543502297082,0.017711818041014515,96
4582.424946899,35.530000000007895,1,1,2.8996958145776937,14.608835257120852,0.0,1.4304896245381993e-14,0.35081903796103503,0.35081903796103503,0,15.4323584913931,0.019456774089195772,96
4582.434812705,35.54000000000787,1,1,2.8620278211459658,14.430396103040856,0.008562092234580104,1.0032942352551126e-13,0.3536368497743617,0.3536368497743617,0,15.428961004358117,0.021065810815706465,0
4582.446592615,35.55000000000785,1,1,2.9295939266794133,14.176382675540367,0.0832629412885397,0.6,0.3566869999128917,0.3566869999128917,0,15.425274065171212,0.022548780349033182,3
4582.454809687,35.560000000007825,1,1,2.6520014153659006,13.93397607696017,0.029378811348319014,0.22400071127318805,0.3619302353700568,0.3619302353700568,0,15.42131908391226,0.023922877618980376,6
4582.464795196,35.5700000000078,1,1,2.867178941470496,13.705378743301099,0.0,0.4536987878188496,0.3649213515029194,0.3649213515029194,0,15.41712578515336,0.02520300380692464,6
4582.474810393,35.58000000000778,1,1,2.746831015338491,13.40720719867433,0.0,0.6,0.3704393086550788,0.3704393086550788,0,15.412714287485016,0.02640476664650393,6
4582.48480953,35.590000000007755,1,1,2.6606740592784,13.137360899631553,0.0,0.17431612082243345,0.37463716079142734,0.37463716079142734,0,15.40811715426219,0.02753447100091888,11
4582.494853531,35.60000000000773,1,1,2.640730954435818,12.828738864516243,0.0,1.2063502038080006e-13,0.3793342970437059,0.3793342970437059,0,15.403343938890004,0.028596101390505835,12
4582.504750317,35.61000000000771,1,1,2.5553512782964716,12.561455196729815,0.0,1.1279705091494271e-13,0.383587982590868,0.383587982590868,0,15.398387877531869,0.029599194510213422,12
4582.514834363,35.620000000007686,1,1,2.7101464833185998,12.300230713678511,0.05339510713526294,0.040852218766342395,0.3854985741330761,0.3854985741330761,0,15.393232127749494,0.030543295995248965,16
4582.524741527,35.63000000000766,1,1,2.3188241406737853,12.010740828552168,0.0,2.949029909160572e-14,0.39205154558989086,0.39205154558989086,0,15.387861584817237,0.03144470222611773,17
4582.534750584,35.64000000000764,1,1,2.157844262780025,11.775519435051581,0.0024712236545077633,4.760227883403385e-14,0.3961592629141533,0.3961592629141533,0,15.382261311003518,0.03229684504590136,17
4582.544715285,35.650000000007616,1,1,2.2227544516695383,11.562390906230776,0.0,3.3993498887762956e-14,0.39879708110838574,0.39879708110838574,0,15.376394947676165,0.033099926842864,18
4582.554895459,35.66000000000759,1,1,2.070068371883278,11.375923458511615,0.010537116895888607,9.15467340958845e-14,0.4023864925097014,0.4023864925097014,0,15.370243632707034,0.03386736752887254,23
4582.564790037,35.67000000000757,1,1,1.9262341658402378,11.138188178281007,0.0,4.8850256618745714e-14,0.40627591816825714,0.40627591816825714,0,15.3637916936522,0.03459359423061659,24
4582.57473408,35.680000000007546,1,1,1.7641068484795845,10.894897072405863,0.06854398125501614,0.10181425415451359,0.41005431969235534,0.41005431969235534,0,15.35700728726295,0.03528864795369424,24
4582.58480278,35.69000000000752,1,1,1.456350914700501,10.622449824584296,0.09924775957421719,0.1017616752060094,0.4133885554461765,0.4133885554461765,0,15.349879632206925,0.035955023895906324,28
4582.594761028,35.7000000000075,1,1,1.2495724028277746,10.414204133959553,0.0,2.42861286636753e-14,0.4164907642415025,0.4164907642415025,0,15.342381049220094,0.03657836045131879,28
4582.604754296,35.710000000007476,1,1,1.1061609537307822,10.167979042747895,0.0,1.8440363494407354e-14,0.4201703585508017,0.4201703585508017,0,15.33447968394001,0.03718088334307135,28
4582.616742841,35.72000000000745,1,1,0.9342721743986305,9.908886220932011,0.0,0.3204936716896787,0.42352038407917136,0.42352038407917136,0,15.326166989944332,0.037751501782783636,31
4582.624744864,35.73000000000743,1,1,0.7807257310913001,9.698066312511004,0.010742323397847402,4.8603224660638194e-14,0.4264367459505097,0.4264367459505097,0,15.317429692589796,0.03830366587291478,33
4582.634812123,35.740000000007406,1,1,0.5885820132978646,9.389182455966461,0.010813417780271697,7.734610455448194e-14,0.431625697922591,0.431625697922591,0,15.308266159330051,0.03883590358503697,34
4582.644824311,35.75000000000738,1,1,0.6270566100027715,9.142759971520192,0.0,1.1983411512519013e-13,0.43349432149036304,0.43349432149036304,0,15.298678822720305,0.0393470437577097,34
4582.65471182,35.76000000000736,1,1,0.5967171072346468,8.931183243961714,0.0,2.42861286636753e-14,0.4361729167087515,0.4361729167087515,0,15.288657682756272,0.03983530394041712,38
4582.664809129,35.770000000007336,1,1,0.6589978677063623,8.724388445222358,0.0,6.059128614320848e-14,0.43882963725195834,0.43882963725195834,0,15.27820443668464,0.04030669254134933,38
4582.674733308,35.78000000000731,1,1,0.7680300407741574,8.450111837801888,0.0,0.32047133976611325,0.4413812868962687,0.4413812868962687,0,15.267317048680479,0.04075639912779527,38
4582.685437792,35.79000000000729,1,1,0.7684833228849539,8.226157695967888,0.030518687454470114,0.6,0.44370364567183174,0.44370364567183174,0,15.255997471265324,0.041190485402583965,43
4582.694786791,35.800000000007266,1,1,1.1232812197819269,7.9873426914449395,0.10000000000000002,0.3204749690264657,0.4476936137413241,0.4476936137413241,0,15.244262715864721,0.04160679489734931,44
4582.704842546,35.81000000000724,1,1,1.2344645862847292,7.6804292249144686,0.012562957574428869,0.01435872403841448,0.4508565557798308,0.4508565557798308,0,15.232115418750425,0.042011262988583375,46
4582.71475907,35.82000000000722,1,1,1.236963338900217,7.437668873686689,0.0,4.683753385137379e-14,0.452193086595255,0.452193086595255,0,15.219569775830307,0.04240418615528796,46
4582.724757159,35.830000000007196,1,1,1.3472019118099712,7.187109511724041,0.0,5.204170427930421e-15,0.4546069462002588,0.4546069462002588,0,15.206627303530174,0.04278076240945028,50
4582.734782422,35.84000000000717,1,1,1.4219220442413998,6.930860098396333,0.0,2.6020852139652106e-14,0.4569516626894743,0.4569516626894743,0,15.193299885761386,0.043144401143072386,50
4582.744787158,35.85000000000715,1,1,1.5081384011352275,6.729538135474074,0.01866147065566545,0.10186077617428377,0.45864002611818017,0.45864002611818017,0,15.179610784283229,0.04349502994129706,50
4582.754680227,35.860000000007126,1,1,1.5608806372348851,6.521522347617185,0.0,4.906538933386797e-14,0.46029346366663837,0.46029346366663837,0,15.16558799445837,0.04382687344291902,55
4582.764828904,35.8700000000071,1,1,1.6069714586836255,6.314048079511923,0.0,5.051591013050331e-14,0.46184894449731917,0.46184894449731917,0,15.151244218554151,0.04413922653704305,55
4582.774754069,35.88000000000708,1,1,1.7527260541617318,6.089775653935388,0.0,3.2959746043559335e-14,0.46441661752708724,0.46441661752708724,0,15.136604074028552,0.0444429912688904,56
4582.786536115,35.890000000007056,1,1,1.6840343021428041,5.9005783920479145,0.1,0.3204989760767353,0.46480538657891224,0.46480538657891224,0,15.121703331775613,0.04473083071348083,58
4582.794953672,35.90000000000703,1,1,1.8133751337804997,5.6766963724785064,0.0,3.2959746043559335e-14,0.4629013429673969,0.4629013429673969,0,15.106561866886219,0.04499684104402779,60
4582.80476396,35.91000000000701,1,1,1.7240575595626466,5.489182861713899,0.0,4.85722573273506e-14,0.4482196151079132,0.4482196151079132,0,15.091214754894157,0.04513668931399306,60
4582.814876545,35.920000000006986,1,1,1.8407470787163502,5.312593713370066,0.009636734993821292,0.18552142342115005,0.43591389379372064,0.43591389379372064,0,15.075710259008293,0.045125153373922755,60
4582.824898537,35.93000000000696,1,1,1.8415616007309572,5.090661132272021,0.0686208189591623,0.10189290503878964,0.4194274204409437,0.4194274204409437,0,15.060111054309704,0.04498935507621327,63
4582.834794899,35.94000000000694,1,1,1.734068222736391,4.954505494430466,0.0,7.279640521758614e-14,0.40784474204415067,0.40784474204415067,0,15.044461935739298,0.04474364008543197,63
4582.844737566,35.950000000006916,1,1,1.7321076875805452,4.756599031343031,0.0,4.5102810375396984e-14,0.39292141491417176,0.39292141491417176,0,15.028803148798199,0.04437679579769349,63
4582.856726849,35.96000000000689,1,1,1.7211807400039638,4.607245301039525,0.0,3.8360537641349247e-14,0.38121852789714883,0.38121852789714883,0,15.013181093374088,0.0439233402899164,67
4582.864821548,35.97000000000687,1,1,1.7282516033840545,4.408268354927286,0.10000000000000002,0.6,0.36684243187442955,0.36684243187442955,0,14.997637449966659,0.04338470942051931,70
4582.874846834,35.98000000000685,1,1,1.6680945568592813,4.238777526271077,0.0,3.94053425015214e-14,0.35311392700577715,0.35311392700577715,0,14.982225406398731,0.042755479843648025,70
4582.884807778,35.99000000000682,1,1,1.7682806170033436,4.016385242784606,0.010681772050147852,7.505561329662602e-14,0.33708615178779644,0.33708615178779644,0,14.96697310972687,0.04204444003899832,70
4582.894809889,36.0000000000068,1,1,1.740989140740528,3.8363510121823055,0.010681772050147852,8.955273674796307e-14,0.3230805244664844,0.3230805244664844,0,14.951920083711544,0.041268384011837744,74
4582.904737665,36.01000000000678,1,1,1.6938047659966653,3.6792935698458704,0.01068177205014203,4.4022346672339673e-14,0.3107654129326916,0.3107654129326916,0,14.93710088217126,0.04043945488445799,74
4582.914742326,36.02000000000675,1,1,1.5677070675190825,3.511018149608952,0.010681772050147852,9.185848120258998e-14,0.2962343400624682,0.2962343400624682,0,14.922548684648088,0.039551440025715756,74
4582.925082097,36.03000000000673,1,1,1.5283931266427404,3.3454392909219615,0.0,1.214306433183765e-14,0.283069680119,0.283069680119,0,14.908280147663001,0.03862160456908681,80
4582.934749077,36.04000000000671,1,1,1.5905538115501523,3.1631100675255603,0.0,1.734723475976807e-14,0.2698527823076043,0.2698527823076043,0,14.894306345202573,0.03765456951813073,81
4582.944771335,36.05000000000668,1,1,1.527151176301735,3.025735851071434,0.09088572330083895,0.3206112668074031,0.2587568544553812,0.2587568544553812,0,14.880659757280661,0.03666042205973352,82
4582.956917436,36.06000000000666,1,1,1.3698721964624923,2.897424900171248,0.01068177205014203,1.383543930921106e-13,0.2469376711030146,0.2469376711030146,0,14.867359714419914,0.035652166287435394,84
4582.965079983,36.07000000000664,1,1,1.3189677746369468,2.752204797683535,0.06862171209491484,0.10187973317084778,0.23508468649786912,0.23508468649786912,0,14.854412198270433,0.03462466511044404,88
4582.974994296,36.08000000000661,1,1,1.2565207414814805,2.6044942493100427,0.010694370706245997,5.015721274010177e-14,0.22316006921187542,0.22316006921187542,0,14.841827325059432,0.03358600907661269,88
4582.984734284,36.09000000000659,1,1,1.2026313561733761,2.469455461023409,0.0,0.0,0.21200561038975588,0.21200561038975588,0,14.829619854376931,0.03253845973691449,89
4582.995073718,36.10000000000657,1,1,1.2797656617729845,2.297929014085375,0.0,8.561875291560791e-14,0.19939015676499403,0.19939015676499403,0,14.817792666744644,0.031477239471812135,93
4583.004797762,36.11000000000654,1,1,1.0927823826218024,2.2145643098876535,0.010694370706245997,7.410741937918042e-14,0.19076708606569787,0.19076708606569787,0,14.806360143110009,0.030419456014816548,93
4583.01497568,36.12000000000652,1,1,1.1418488536653995,2.0695898747535155,0.0,5.377642775528102e-14,0.18029404687828965,0.18029404687828965,0,14.795321313816377,0.02936754319133028,93
4583.024916924,36.1300000000065,1,1,1.0850191935364215,1.9541133278055545,0.0,2.797157557069881e-14,0.17056248378398423,0.17056248378398423,0,14.784680692271664,0.028323126263442466,97
4583.034814781,36.140000000006474,1,1,0.9260494821595788,1.8694242042772096,0.010694370706245997,6.245004513516506e-14,0.16157706039877678,0.16157706039877678,0,14.774431696095624,0.027288960651106864,97
4583.04475654,36.15000000000645,1,1,0.8631468032051604,1.7575610970924707,0.010706856710160301,9.020562075079397e-14,0.1521400122772033,0.1521400122772033,0,14.764570338510834,0.026263600518849906,97
4583.054892557,36.16000000000643,1,1,0.9098931773608835,1.629631477164623,0.0,6.938893903907228e-15,0.1430686647913246,0.1430686647913246,0,14.75510085853581,0.025247340544100494,97
4583.064802629,36.170000000006404,1,1,0.8554929465611435,1.5327795786011045,0.010706856710160301,6.011761731193421e-14,0.13473846081467813,0.13473846081467813,0,14.746023820395703,0.024249767865073935,102
4583.074788237,36.18000000000638,1,1,0.8022281150819836,1.4403049962088124,0.0,1.214306433183765e-14,0.12674893032121715,0.12674893032121715,0,14.73732989403905,0.023267564102175564,102
4583.084854513,36.19000000000636,1,1,0.7943143451130454,1.337406938746838,0.06862629767125104,0.10188574576879399,0.11765832438947907,0.11765832438947907,0,14.729019350730972,0.022302925141008956,102
4583.094816716,36.200000000006334,1,1,0.6992986222865225,1.26808166361696,0.010706856710160301,7.32907837692948e-14,0.11176755206434427,0.11176755206434427,0,14.721075105663495,0.02135754101707943,106
4583.10477437,36.21000000000631,1,1,0.6500227038302461,1.1880782608882952,0.0,1.962615573354719e-14,0.10476497242213692,0.10476497242213692,0,14.713494681936282,0.020437702677242875,106
4583.114799632,36.22000000000629,1,1,0.602344922649733,1.1119683620319913,0.0,1.962615573354719e-14,0.09807532853005638,0.09807532853005638,0,14.706277207209109,0.019540576891634576,106
4583.126547671,36.230000000006264,1,1,0.5562267551416937,1.0396463879145856,0.0,1.962615573354719e-14,0.09169079611329119,0.09169079611329119,0,14.69941288327925,0.01866695840611987,108
4583.134835472,36.24000000000624,1,1,0.4328358032019189,1.002487311169377,0.0,1.214306433183765e-14,0.08601147861662105,0.08601147861662105,0,14.69289014386049,0.017820604180893485,111
4583.144960687,36.25000000000622,1,1,0.4691563129528044,0.9058325556756693,0.0,4.718958039861916e-14,0.0798085000615136,0.0798085000615136,0,14.686690492720514,0.016995189523252074,111
4583.154726782,36.260000000006194,1,1,0.4321943138876819,0.8074623457023122,0.01259749804918365,0.015426789047393875,0.07117630369633052,0.07117630369633052,0,14.680811086678505,0.016190587393684952,111
4583.164822837,36.27000000000617,1,1,0.3317735555405826,0.7848957971536361,0.009706577008934014,0.1827275920151709,0.0663523074882867,0.0663523074882867,0,14.675241296246227,0.015408881627310356,115
4583.174794512,36.28000000000615,1,1,0.29195603727705305,0.7281089703879147,0.0,5.2186064346577006e-14,0.060979819241848546,0.060979819241848546,0,14.669978641582828,0.014633951583271188,115
4583.184799399,36.290000000006124,1,1,0.31944359945832207,0.6080847705135164,0.0,1.3947004136484322e-13,0.05275099590553205,0.05275099590553205,0,14.665007866529626,0.013874663583061997,115
4583.195059843,36.3000000000061,1,1,0.288186958536258,0.5607276140896598,0.0,1.5515838457795457e-14,0.048324560616133445,0.048324560616133445,0,14.660330742649466,0.01312130391668953,119
4583.204794891,36.31000000000608,1,1,0.25910931348654015,0.5164951397716666,0.0,1.5515838457795457e-14,0.04415694931920268,0.04415694931920268,0,14.655943746272538,0.012397955886216394,119
4583.214818597,36.320000000006054,1,1,0.23188293012691447,0.47530734733404656,0.0,1.5515838457795457e-14,0.0402361975858906,0.0402361975858906,0,14.651836302768016,0.01170530852673557,119
4583.224789259,36.33000000000603,1,1,0.194201370790184,0.48082027997886706,0.010712564333748049,5.4884194479314e-14,0.036967711038649945,0.036967711038649945,0,14.647995461586532,0.011250149127666809,120
4583.234933736,36.34000000000601,1,1,0.18423024585635583,0.44646601046334794,0.010712564333748049,8.384297404680615e-14,0.03351066010592865,0.03351066010592865,0,14.644401563549147,0.011028160597033598,125
4583.244847657,36.350000000005984,1,1,0.16067042391599573,0.3688156376026702,0.0,5.724587470723463e-14,0.029855227385304564,0.029855227385304564,0,14.64104137421374,0.010811124752265061,125
4583.254736444,36.36000000000596,1,1,0.1408363788019681,0.3385250029428845,0.0,3.469446951953614e-15,0.026823755536698052,0.026823755536698052,0,14.637910608348987,0.010601507126136445,125
4583.264810526,36.37000000000594,1,1,0.265355810403236,0.3527534479159568,0.0,2.0304417714388974e-14,0.02273062398899786,0.02273062398899786,0,14.63500320183123,0.010397207489224458,131
4583.27489603,36.380000000005914,1,1,0.17246546509149943,0.3270808636393278,0.010709220263588212,5.295880929093772e-14,0.01865087855159363,0.01865087855159363,0,14.632305718518197,0.010209569228182308,131
4583.284725237,36.39000000000589,1,1,0.2673072629523528,0.3096710241513392,0.06863129172774446,0.10190846984897416,0.017654574284342025,0.017654574284342025,0,14.629806108424743,0.010029886626579554,131
4583.29649946,36.40000000000587,1,1,0.26074672761411316,0.29731594251300003,0.1,0.49881427665430916,0.02009963885875691,0.02009963885875691,0,14.627497987637483,0.009852933276961934,133
4583.304678579,36.410000000005844,1,1,0.1761926846037028,0.28653434781537723,0.010705868724202658,1.0246622595981829e-13,0.02026493507212206,0.02026493507212206,0,14.625378903300104,0.00968377420473851,135
4583.314869686,36.42000000000582,1,1,0.26096620127633713,0.2465499754184029,0.0,4.8850256618745714e-14,0.019268969989605096,0.019268969989605096,0,14.623434928636044,0.009513319102745471,135
4583.324802207,36.4300000000058,1,1,0.08204414187374545,0.24866121161099508,0.0,7.72877227840136e-14,0.019332218786189456,0.019332218786189456,0,14.62166806602837,0.009342743572383377,137
4583.334799167,36.440000000005774,1,1,0.2545403073802696,0.31620933611447843,0.01022843505906796,0.46002385911734034,0.024568692350946924,0.024568692350946924,0,14.620073113986967,0.009181319439506563,143
4583.344742065,36.45000000000575,1,1,0.14748684928999528,0.26909061263003964,0.09999999999999999,0.6,0.01861261288052451,0.01861261288052451,0,14.618638712524143,0.00903742545515554,143
4583.354804913,36.46000000000573,1,1,0.07773038690060105,0.2819561205962787,0.0,2.42861286636753e-14,0.02116319611858521,0.02116319611858521,0,14.617354221650668,0.008876544194049735,143
4583.365109305,36.470000000005705,1,1,0.08609896587798772,0.3273690477400918,0.0,1.5612511283791264e-14,0.02359483391467732,0.02359483391467732,0,14.61622181473218,0.008718735705584207,148
4583.374730421,36.48000000000568,1,1,0.058378006740841364,0.3835726439561776,0.0,1.6996749443881478e-14,0.025392941513130426,0.025392941513130426,0,14.615232328277301,0.008574557700830682,148
4583.38472347,36.49000000000566,1,1,0.17074375253385413,0.45285212591064755,0.009530027594337735,0.1808636623404877,0.031150995799071483,0.031150995799071483,0,14.614381099331316,0.008441614582393009,148
4583.394948709,36.500000000005635,1,1,0.1606523047142426,0.47147363034041734,0.014482443321651295,0.10193761548551496,0.031066423651217683,0.031066423651217683,0,14.613660632218563,0.0083079298970192,148
4583.404912821,36.51000000000561,1,1,0.1580311997083134,0.4673819157739472,0.0,1.6365348541700843e-14,0.030294177779597503,0.030294177779597503,0,14.613067899685289,0.008169004219462928,153
4583.414826815,36.52000000000559,1,1,0.06185995631314608,0.5784159997693279,0.06103703876638698,0.448389255646763,0.03614974998829363,0.03614974998829363,0,14.612608572271785,0.008049403516728726,153
4583.424720977,36.530000000005565,1,1,0.21295627512064072,0.5904802628645218,0.010640219433148435,1.0972725922922859e-13,0.03926562109260136,0.03926562109260136,0,14.612278325235124,0.007931790630982871,153
4583.435093593,36.54000000000554,1,1,0.2169877275886472,0.6922275032937774,0.0,6.359601310784502e-14,0.04180111943780297,0.04180111943780297,0,14.612032154188274,0.007810980269706669,4
4583.444874224,36.55000000000552,1,1,0.3541232800564723,0.7735177402698744,0.06870040863488854,0.10201735959184144,0.05103573928484446,0.05103573928484446,0,14.611836481326938,0.00769945184757409,4
4583.454736786,36.560000000005495,1,1,0.352664855722145,0.8547709979181092,0.01883492728873473,0.10197333439933093,0.05754284759380797,0.05754284759380797,0,14.611644408786848,0.0076021338654259085,4
4583.466976578,36.57000000000547,1,1,0.4268769987622066,0.9705333949762044,0.08236552163116978,0.6,0.06662130073976602,0.06662130073976602,0,14.611440121541563,0.007488743450532492,6
4583.47469144,36.58000000000545,1,1,0.6035319737077298,1.1369127413422675,0.0,0.6,0.08363909748379778,0.08363909748379778,0,14.611247324204953,0.007382553441820705,9
4583.484870314,36.590000000005425,1,1,1.0133538123836008,1.3852006647193817,0.0,0.6000000000000001,0.10728721789462232,0.10728721789462232,0,14.611112599400382,0.007274438657592391,10
4583.494724611,36.6000000000054,1,1,1.4119816052193406,1.6001971766996024,0.0,0.6,0.12732000650539632,0.12732000650539632,0,14.611182728986392,0.007146400741266629,12
4583.504729151,36.61000000000538,1,1,1.828499760591969,1.8273673686174259,0.0,0.5999999999999999,0.14508768723024404,0.14508768723024404,0,14.611630291202871,0.006995834249176297,17
4583.514761077,36.620000000005355,1,1,2.5429681307648435,2.079643487580666,0.09173723994484226,0.6000000000000001,0.16295982173404966,0.16295982173404966,0,14.612561325125318,0.007427239590827028,17
4583.524968031,36.63000000000533,1,1,2.9970222688202277,2.336684418631717,0.0,0.6,0.1796556439676286,0.1796556439676286,0,14.61407683993626,0.00842225114808072,17
4583.534748467,36.64000000000531,1,1,3.568722690319522,2.5957592908108524,0.0,0.6000000000000001,0.19536518460424093,0.19536518460424093,0,14.616262598760349,0.009496563972562447,21
4583.544725263,36.650000000005285,1,1,4.079149898727292,2.856463143526543,0.0,0.6000000000000001,0.2109218720893916,0.2109218720893916,0,14.619188007249829,0.01061936713189314,21
4583.554720362,36.66000000000526,1,1,4.623887143910329,3.1125437276247054,0.0,0.6,0.22510397370084595,0.22510397370084595,0,14.622936678027687,0.011776119534077686,21
4583.568485869,36.67000000000524,1,1,5.191872368693745,3.362366657238545,0.10000000000000002,0.6000000000000001,0.23805617099111248,0.23805617099111248,0,14.627581098993486,0.012951927343602634,25
4583.574758815,36.680000000005215,1,1,5.60079205205613,3.604591382668483,0.1,0.6,0.24976521574551658,0.24976521574551658,0,14.633154975601334,0.014132195028365588,31
4583.584737101,36.69000000000519,1,1,6.118887905275665,3.8405268055377237,0.1,0.6,0.2606716758607964,0.2606716758607964,0,14.639684062134904,0.015307210110805478,32
4583.594849472,36.70000000000517,1,1,6.595176961773114,4.069294642034916,0.1,0.6,0.2706240966908579,0.2706240966908579,0,14.647202724221739,0.016468881696185392,35
4583.604825136,36.710000000005145,1,1,7.026202264725564,4.29150656763058,0.1,0.6,0.27983644460313606,0.27983644460313606,0,14.655725766412353,0.017611140460106964,39
4583.614814055,36.72000000000512,1,1,7.59806972285137,4.50627974155439,0.10000000000000002,0.6,0.2883988887402485,0.2883988887402485,0,14.665260071224226,0.01872845772838712,39
4583.624776156,36.7300000000051,1,1,8.151265506437722,4.713160602780847,0.042793079512692865,0.5999999999999999,0.29678081764487363,0.29678081764487363,0,14.675818832986941,0.019819686721718535,39
4583.635844655,36.740000000005075,1,1,8.641927107148852,4.912064025395334,0.1,0.6,0.304336019895433,0.304336019895433,0,14.687393081037317,0.020881871050742656,42
4583.644731604,36.75000000000505,1,1,9.02854223980011,5.102153077343475,0.06291569572805433,0.6,0.311379758307683,0.311379758307683,0,14.699953567443046,0.02191275745438946,43
4583.654736832,36.76000000000503,1,1,9.308696257343607,5.282826184901281,0.1,0.6000000000000001,0.3181203758526794,0.3181203758526794,0,14.713473363057707,0.022911517688541952,43
4583.664783387,36.770000000005005,1,1,9.560502690269164,5.45441263814392,0.0,0.5999999999999999,0.32442359180181013,0.32442359180181013,0,14.727893868532252,0.02387655214748577,43
4583.674968626,36.78000000000498,1,1,9.794880379694119,5.616456961920517,0.09999999999999999,0.6,0.32992129897723044,0.32992129897723044,0,14.743158533949217,0.024804993036277312,48
4583.68473927,36.79000000000496,1,1,10.035974467370556,5.770018832631943,0.06723467136803458,0.6,0.3326707308424632,0.3326707308424632,0,14.759186380959836,0.025690952540651263,50
4583.694758968,36.800000000004935,1,1,10.039829117046525,5.914751159314941,0.1,0.6,0.3291890067044499,0.3291890067044499,0,14.775895197632416,0.02647673539263916,51
4583.704689251,36.81000000000491,1,1,10.392160094192384,6.05164354343684,0.06920405591256365,0.6,0.3255540491579083,0.3255540491579083,0,14.793191411050794,0.027153339027241832,55
4583.714793359,36.82000000000489,1,1,10.51992494420165,6.18146394304681,0.0,0.6,0.3225520022484687,0.3225520022484687,0,14.81100859376154,0.027733954236290687,55
4583.724823764,36.830000000004866,1,1,10.602964418754981,6.304773082682055,0.0,0.6,0.32000904706142325,0.32000904706142325,0,14.829278561763932,0.028231699641997503,55
4583.736743926,36.84000000000484,1,1,10.675037415474032,6.42208332370412,0.1,0.6,0.317320310162325,0.317320310162325,0,14.84791170574214,0.028656148389074383,56
4583.744865747,36.85000000000482,1,1,10.585459769014628,6.533914317591373,0.0,0.6,0.3150100066805282,0.3150100066805282,0,14.866820291310804,0.02901632485763478,59
4583.75483566,36.860000000004796,1,1,10.607166928567432,6.640733429554483,0.09754172681012954,0.6,0.31252801866497093,0.31252801866497093,0,14.885899900347384,0.029319373513197584,59
4583.764810393,36.87000000000477,1,1,10.623690924319774,6.743298559627038,0.0526817935298705,0.6,0.31062098211315126,0.31062098211315126,0,14.905046958946306,0.029572136692181603,61
4583.774942478,36.88000000000475,1,1,10.696187407984784,6.8421709607859516,0.0955707396965206,0.6,0.30909050828063783,0.30909050828063783,0,14.924156541903086,0.0297844732805347,65
4583.784761394,36.890000000004726,1,1,10.731635147302118,6.937646614380053,0.0429941318741854,0.6,0.30764689165405046,0.30764689165405046,0,14.943123179180613,0.029962182389441684,66
4583.79473065,36.9000000000047,1,1,10.828684674926711,7.029955958398107,0.07262219873745167,0.6,0.30645983455470993,0.30645983455470993,0,14.961855205595022,0.030110349813902967,66
4583.80628818,36.91000000000468,1,1,10.702096425521255,7.119577841552682,0.1,0.5999999999999999,0.3056222013122502,0.3056222013122502,0,14.980269040540588,0.03023514072456264,69
4583.814741659,36.920000000004656,1,1,10.81112950828896,7.2070668617856635,0.0696169637611432,0.6,0.30463342245513314,0.30463342245513314,0,14.998343104188208,0.030338525127030735,72
4583.825038827,36.93000000000463,1,1,10.638389053904064,7.293391181457617,0.0,0.5999999999999999,0.30396008771564875,0.30396008771564875,0,15.01601081348991,0.030423619022344525,73
4583.834789647,36.94000000000461,1,1,10.257216797599659,7.378575206573783,0.0,0.6,0.3031946456702015,0.3031946456702015,0,15.033078220984413,0.030494497382449554,73
4583.844836035,36.950000000004586,1,1,10.181298451446075,7.46247212363696,0.1,0.6,0.30235935469746394,0.30235935469746394,0,15.049472796205416,0.030549829473619356,78
4583.854795083,36.96000000000456,1,1,10.012178008461103,7.545240580169034,0.03291606189129144,0.6,0.3017846276225254,0.3017846276225254,0,15.065142417407648,0.030593817394260994,81
4583.864824875,36.97000000000454,1,1,9.824198697833792,7.627050376137109,0.01281322502871436,0.6,0.30124187235315236,0.30124187235315236,0,15.080031294065371,0.0306296779477997,82
4583.875027893,36.980000000004516,1,1,9.649340743386997,7.70821473647866,0.0,0.6,0.30102817570590407,0.30102817570590407,0,15.094079284361987,0.030658390201309484,87
4583.884765809,36.99000000000449,1,1,9.522782421147374,7.78898152192654,0.10000000000000002,0.5999999999999999,0.30071763226216053,0.30071763226216053,0,15.107234136425205,0.030681035792966695,87
4583.894766405,37.00000000000447,1,1,9.389525726916002,7.869508650158411,8.548293454650663e-05,0.6,0.30050332475227204,0.30050332475227204,0,15.1194525196481,0.03070056304630304,87
4583.907030324,37.010000000004446,1,1,9.327067938748968,7.949982253541754,0.10000000000000002,0.6,0.3007809367266347,0.3007809367266347,0,15.13069740332807,0.030718439765187035,88
4583.914795439,37.02000000000442,1,1,9.10353871389441,8.03076558058227,0.0,0.6,0.30083419908301484,0.30083419908301484,0,15.140928315182157,0.030735942075610957,91
4583.924723131,37.0300000000044,1,1,8.906922335119924,8.11193636050477,0.0,0.6,0.30097700172432984,0.30097700172432984,0,15.15011302982446,0.030752991382363343,92
4583.934770534,37.040000000004376,1,1,8.680604005227618,8.193540635542654,0.1,0.6,0.3012802806588093,0.3012802806588093,0,15.158226351663398,0.03077023410664583,92
4583.944738929,37.05000000000435,1,1,8.458114100800195,8.275695016888015,0.0,0.6,0.30150196851728595,0.30150196851728595,0,15.165246874643469,0.03078835743368557,96
4583.954729719,37.06000000000433,1,1,7.964122990776161,8.358455521242249,0.0,0.6,0.3016662510706657,0.3016662510706657,0,15.171165905761402,0.030806788353332545,97
4583.96478838,37.070000000004306,1,1,7.955320820152002,8.44145296048271,0.1,0.5999999999999999,0.30209706152647736,0.30209706152647736,0,15.176145578796874,0.030826801728438637,97
4583.976273364,37.08000000000428,1,1,7.599158005630274,8.524168685542074,0.0,0.5999999999999999,0.30243242170722223,0.30243242170722223,0,15.18029082648049,0.03084942273512418,100
4583.985706406,37.09000000000426,1,1,7.529676545659602,8.607306635841999,0.0,0.5999999999999999,0.30316436013853354,0.30316436013853354,0,15.1833275525089,0.030874521675452234,104
4583.996211737,37.100000000004236,1,1,7.23360577961035,8.691317206120793,0.0,0.6,0.3036029313941684,0.3036029313941684,0,15.185191960794405,0.03090247110111273,113
4584.00476953,37.11000000000421,1,1,6.954428411856325,8.776312402569364,0.02484995964909922,0.6,0.30407596080476795,0.30407596080476795,0,15.185889388015747,0.030932848991782894,119
4584.014783613,37.12000000000419,1,1,6.727503127822726,8.862307285852857,0.0,0.6000000000000001,0.3047200763838046,0.3047200763838046,0,15.185440379710338,0.030965694391168995,124
4584.024872817,37.130000000004166,1,1,6.485109743825219,8.949380416345996,0.02381444420322657,0.6,0.30530667717756055,0.30530667717756055,0,15.183869033574437,0.031001454408275182,125
4584.035832927,37.14000000000414,1,1,6.489364423504301,9.037445898527508,0.09999999999999999,0.6,0.3060828201925628,0.3060828201925628,0,15.181209465708186,0.031039466060142944,131
4584.044791661,37.15000000000412,1,1,6.4458125432668,9.126504959431768,0.0,0.6,0.3067671536942573,0.3067671536942573,0,15.177496126905337,0.031081085463627173,136
4584.05495795,37.160000000004096,1,1,6.540482529848715,9.216547221223422,0.0,0.6,0.30766663396563854,0.30766663396563854,0,15.172753926425552,0.03112705501346849,137
4584.064744344,37.17000000000407,1,1,6.447916474013271,9.307620539718055,0.0,0.6,0.30833855396948096,0.30833855396948096,0,15.167006648249018,0.031175704915498256,137
4584.078045502,37.18000000000405,1,1,6.684527099139878,9.399588513081408,0.1,0.5999999999999999,0.3090585181352729,0.3090585181352729,0,15.160301535384702,0.031227025898377305,139
4584.08501418,37.19000000000403,1,1,6.509040896837876,9.492493948229752,0.0,0.6,0.3096771967866102,0.3096771967866102,0,15.152682260518446,0.031279307598295746,145
4584.094881745,37.200000000004,1,1,6.699594743930906,9.58642851919298,0.019039762979664088,0.6,0.3104030142030449,0.3104030142030449,0,15.144208454055779,0.03133338229340693,146
4584.10487119,37.21000000000398,1,1,6.786671799843664,9.681477769668632,0.0,0.6,0.3110765769579218,0.3110765769579218,0,15.134922037447254,0.03138927991084858,147
4584.114808886,37.22000000000396,1,1,6.891239342501582,9.77770183388729,0.0,0.6,0.3117510254336987,0.3117510254336987,0,15.124869737183158,0.03144626577424757,151
4584.124778792,37.23000000000393,1,1,6.870427888557395,9.875166553241296,0.061722398501558536,0.6,0.3125029188953962,0.3125029188953962,0,15.114104996318254,0.03150474462363674,152
4584.135098918,37.24000000000391,1,1,6.970406514782864,9.973801141296342,0.1,0.6,0.31327084016065176,0.31327084016065176,0,15.102685466149431,0.03156399094231672,153
4584.145299605,37.25000000000389,1,1,7.011019357329067,10.07343271156937,0.02318106198032526,0.6,0.31403545280526407,0.31403545280526407,0,15.090676583702184,0.03162545624995695,157
4584.154734635,37.26000000000386,1,1,7.209606698711212,10.173823057559503,0.09999999999999999,0.6,0.3152735858793574,0.3152735858793574,0,15.07813168133509,0.031691069188448516,157
4584.164756104,37.27000000000384,1,1,7.402621949746328,10.27486440726511,0.0,0.6,0.31659183487719045,0.31659183487719045,0,15.065083532817688,0.031762778453787215,157
4584.174720331,37.28000000000382,1,1,7.691069646782742,10.376268000319596,0.0,0.6,0.31816036147300225,0.31816036147300225,0,15.051555111095402,0.03184168068195753,158
4584.184932999,37.29000000000379,1,1,7.8793641165247585,10.47767402111816,0.10000000000000003,0.6,0.3197533212880002,0.3197533212880002,0,15.037569715373435,0.031927810806662654,164
4584.194819202,37.30000000000377,1,1,7.835399245161763,10.579117064254694,0.019985720006601506,0.6,0.3213811773646502,0.3213811773646502,0,15.023178759570914,0.03202175563405592,167
4584.204729154,37.31000000000375,1,1,7.925927976759899,10.680816412881661,0.10000000000000002,0.6,0.32313296037369443,0.32313296037369443,0,15.008442938062299,0.03212242861480379,169
4584.214688909,37.32000000000372,1,1,7.846627144372318,10.782202269260788,0.0,0.6,0.3251003689298634,0.3251003689298634,0,14.993425396536745,0.03223198627843463,174
4584.224880204,37.3300000000037,1,1,7.968457150243857,10.883293828165424,0.09999999999999999,0.6,0.32728341319668586,0.32728341319668586,0,14.978152302844038,0.032351318544348265,178
4584.23480404,37.34000000000368,1,1,7.932873901638304,10.984318230178708,0.0,0.6,0.3294759906474553,0.3294759906474553,0,14.962642910993356,0.03248046390387198,182
4584.246554748,37.350000000003654,1,1,8.031969174139196,11.085371515985116,0.10000000000000003,0.6,0.3317977209489134,0.3317977209489134,0,14.946913446055888,0.03261869776330492,185
4584.25490942,37.36000000000363,1,1,7.882847060566395,11.186863491002253,0.02171371687698265,0.6000000000000001,0.333883947364922,0.333883947364922,0,14.93097808823101,0.032765248020964866,189
4584.264855939,37.37000000000361,1,1,7.586147343518248,11.288546489035038,0.0,0.6,0.3359002396719775,0.3359002396719775,0,14.914868318000977,0.03291746499757868,189
4584.274823557,37.380000000003584,1,1,7.444189613851654,11.390999345690592,0.0025277198755755794,0.6,0.3379875973601766,0.3379875973601766,0,14.898630062991122,0.03307528815587378,189
4584.285155042,37.39000000000356,1,1,7.386067024737784,11.494375261584867,0.02147327788779016,0.6000000000000001,0.3400217672268313,0.3400217672268313,0,14.882284215314924,0.03323750724598626,193
4584.294754134,37.40000000000354,1,1,7.356435258810739,11.59850664660734,0.01921235005887041,0.5999999999999999,0.3420224702291723,0.3420224702291723,0,14.865839978396558,0.03340382044367274,193
4584.304770578,37.410000000003514,1,1,7.1249480926981,11.70314969675192,0.0,0.6,0.34383050774040563,0.34383050774040563,0,14.849283099932725,0.03357256869911886,193
4584.314886625,37.42000000000349,1,1,6.952456514648838,11.808278229365103,0.0,0.6,0.34558421430763714,0.34558421430763714,0,14.832621802073868,0.03374193573242269,197
4584.324838216,37.43000000000347,1,1,6.526571987035444,11.913738639421235,0.0,0.6,0.34706833708185714,0.34706833708185714,0,14.815869158252854,0.03391082226786657,197
4584.334779476,37.440000000003444,1,1,6.442467573054769,12.019470141799356,0.0,0.6,0.3486674384960168,0.3486674384960168,0,14.7990541074095,0.034078287471318136,197
4584.344789305,37.45000000000342,1,1,6.313611682918452,12.125501993659894,0.10000000000000002,0.5999999999999999,0.3501570971775112,0.3501570971775112,0,14.782190924306944,0.034244386653693254,197
4584.354805166,37.4600000000034,1,1,6.135216530691837,12.23157917506761,0.0,0.6,0.35155447628008657,0.35155447628008657,0,14.765286302219932,0.0344086124454485,201
4584.364764114,37.470000000003374,1,1,5.979787347125091,12.33780192790215,0.0,0.6,0.3528518479985884,0.3528518479985884,0,14.748339240252623,0.034570231653779177,201
4584.374719383,37.48000000000335,1,1,5.988382838279836,12.444124854477343,0.1,0.6,0.35417050471512984,0.35417050471512984,0,14.731363898470285,0.034728647522935766,201
4584.384756196,37.49000000000333,1,1,5.845317649503375,12.550571919303623,0.0,0.6,0.3553069218470368,0.3553069218470368,0,14.714365729663685,0.034884035420310225,205
4584.394804113,37.500000000003304,1,1,5.710630923089179,12.65704888502071,0.0,0.6,0.35634354135554763,0.35634354135554763,0,14.69735514428714,0.03503436040931343,206
4584.404753204,37.51000000000328,1,1,5.930767381122154,12.763454008165724,0.04457985303289365,0.6,0.357529382518829,0.357529382518829,0,14.68035539340414,0.03518109991534392,206
4584.416508725,37.52000000000326,1,1,5.9451405964690185,12.86977969586977,0.1,0.6,0.3585312567776101,0.3585312567776101,0,14.663357859038252,0.03532381090697004,208
4584.424757629,37.530000000003234,1,1,6.244633817877676,12.975996534952387,0.04476027610611668,0.6,0.3595960226454739,0.3595960226454739,0,14.646360973624088,0.0354630333257791,210
4584.434809842,37.54000000000321,1,1,6.148725486742224,13.082121981121682,0.1,0.6000000000000001,0.36041146691076364,0.36041146691076364,0,14.629356504386672,0.03559780675128241,1
4584.445619876,37.55000000000319,1,1,6.371359329517153,13.188080195989357,0.044933519614851355,0.6,0.3613285483275976,0.3613285483275976,0,14.612359217100172,0.035728364977195476,2
4584.460033634,37.560000000003164,1,1,6.4228520922086245,13.293839870743392,0.10000000000000002,0.6,0.3620951143206131,0.3620951143206131,0,14.595368684538208,0.03585383470000458,10
4584.47053594,37.57000000000314,1,1,6.37832186722075,13.399337042552595,0.050365409800930336,0.6,0.36275803815792407,0.36275803815792407,0,14.578394407985982,0.03597487225750015,10
4584.480079119,37.58000000000312,1,1,6.3149655938619285,13.504582752457111,0.1,0.6,0.3633788912875294,0.3633788912875294,0,14.561438617243857,0.03609019797654858,10
4584.490347666,37.590000000003094,1,1,6.341599503050089,13.609443398877977,0.10000000000000003,0.6,0.36399275312067664,0.36399275312067664,0,14.544510029705577,0.03620066229642402,14
4584.500057418,37.60000000000307,1,1,6.493995926597851,13.714039221883404,0.1,0.6,0.364610333052901,0.364610333052901,0,14.527602822565122,0.036306292066416834,16
4584.510049862,37.61000000000305,1,1,6.5353725287550075,13.818317797932881,0.1,0.5999999999999999,0.3651571101618178,0.3651571101618178,0,14.510714257542892,0.036406848670599706,17
4584.520019132,37.620000000003024,1,1,6.519424169585494,13.922302044031081,0.0,0.6,0.3656849549495399,0.3656849549495399,0,14.493844549671085,0.0365032846458673,20
4584.529959471,37.630000000003,1,1,6.677491297945228,14.026051704290976,0.1,0.6,0.36627335268271977,0.36627335268271977,0,14.476992952367825,0.03659574980638278,21
4584.539937654,37.64000000000298,1,1,6.756457026324094,14.129602852620721,0.10000000000000002,0.6,0.36675533618289174,0.36675533618289174,0,14.460153477098112,0.036684200678527096,23
4584.552067327,37.650000000002954,1,1,6.8519225603037,14.232957287322865,0.0,0.6,0.36726440451615133,0.36726440451615133,0,14.443313951043917,0.03676940466362974,27
4584.560319631,37.66000000000293,1,1,6.879176282936902,14.33614566107104,0.0,0.6,0.36762408811484654,0.36762408811484654,0,14.426453261029918,0.03685039004254248,32
4584.570027195,37.67000000000291,1,1,6.986510875473955,14.439061994274425,0.09999999999999999,0.6,0.3679698027866139,0.3679698027866139,0,14.409572479267856,0.03692671335952738,35
4584.580022863,37.680000000002885,1,1,6.8998138278301635,14.54188705678916,0.07687419390105407,0.6,0.36819516725380463,0.36819516725380463,0,14.39267351588648,0.036998447755239,35
4584.589982568,37.69000000000286,1,1,6.9870331372073355,14.644533359724205,0.1,0.5999999999999999,0.3684586483221371,0.3684586483221371,0,14.375755789169665,0.037065538702833384,41
4584.599974761,37.70000000000284,1,1,6.8822611535661595,14.747208147851495,0.0,0.6,0.3686550833880158,0.3686550833880158,0,14.35881854385449,0.03712884662943766,42
4584.610790459,37.710000000002815,1,1,7.00096436101903,14.849848558951681,0.0586587744882562,0.5999999999999999,0.36890474971777926,0.36890474971777926,0,14.341854621421227,0.03718781254647552,47
4584.625537742,37.72000000000279,1,1,7.282826290544107,14.95259470041708,0.09999999999999999,0.6,0.36919933437756397,0.36919933437756397,0,14.324864163882298,0.0372434937653128,53
4584.63509263,37.73000000000277,1,1,7.188945937900806,15.055322876559213,0.045168400592297125,0.5999999999999999,0.3694167765767147,0.3694167765767147,0,14.307826448079117,0.03729672278248658,53
4584.64575258,37.740000000002745,1,1,7.148546853575679,15.158130788738175,0.0,0.6,0.36963086804899314,0.36963086804899314,0,14.290730954770378,0.03734702427738562,55
4584.656439997,37.75000000000272,1,1,7.27877461227146,15.261039305084767,0.1,0.6,0.3698928925695858,0.3698928925695858,0,14.273573399551355,0.03739458621489078,61
4584.665153498,37.7600000000027,1,1,7.370510949398663,15.363990459830031,0.045181988973636705,0.6,0.37026121600303785,0.37026121600303785,0,14.256355039506635,0.037440485335608786,63
4584.675406397,37.770000000002675,1,1,7.326930531203614,15.466974051271936,0.04517776725519433,0.6,0.37046730333530953,0.37046730333530953,0,14.239070785738791,0.037484876711995574,64
4584.687345126,37.78000000000265,1,1,7.276587422576457,15.569993013346835,0.04943734339752349,0.6,0.3706459318602278,0.3706459318602278,0,14.221722175265395,0.0375267455548296,65
4584.69510452,37.79000000000263,1,1,6.977512205322163,15.672929744997852,0.0,0.6,0.37066425489288907,0.37066425489288907,0,14.204323459532342,0.037565298711494194,68
4584.705197389,37.800000000002605,1,1,6.9232601074034,15.775755760402472,0.0,0.6,0.3706443090372005,0.3706443090372005,0,14.186895236458712,0.03760036823559601,68
4584.715946042,37.81000000000258,1,1,6.904893978204726,15.878744518360342,0.10000000000000002,0.6,0.37063455583116184,0.37063455583116184,0,14.16944576983175,0.037631732070747576,70
4584.725095176,37.82000000000256,1,1,6.56541324142725,15.981415263975478,0.0,0.6,0.3704188252688879,0.3704188252688879,0,14.151987021992495,0.03765920586437893,78
4584.73512543,37.830000000002535,1,1,6.500385130149051,16.084594900508343,0.0,0.6,0.37044868358983346,0.37044868358983346,0,14.134535893058306,0.037683064330135435,82
4584.745696633,37.84000000000251,1,1,6.489977703055676,16.18731792231408,0.10000000000000002,0.6,0.37022237011223097,0.37022237011223097,0,14.117102871910433,0.037703167207685656,84
4584.757094135,37.85000000000249,1,1,6.46853729700262,16.289588900003196,0.0912386108722379,0.6,0.36992647479391294,0.36992647479391294,0,14.099706404069767,0.03771873354341124,88
4584.765717255,37.860000000002465,1,1,6.176419320030568,16.39209299708281,0.0,0.6000000000000001,0.3695429931132842,0.3695429931132842,0,14.082349317228362,0.03772957076029704,91
4584.775542588,37.87000000000244,1,1,5.889626383138145,16.491854995763074,0.0,0.5999999999999999,0.36895103916770833,0.36895103916770833,0,14.065034696967622,0.03773449296105502,93
4584.785408907,37.88000000000242,1,1,5.901213054453503,16.593958253596806,0.10000000000000003,0.5999999999999999,0.36870781996262325,0.36870781996262325,0,14.047789667862663,0.03773485596592324,94
4584.795692251,37.890000000002395,1,1,5.753909431112928,16.561022755634298,0.0,1.3877787807814457e-14,0.3677336785584917,0.3677336785584917,0,14.030620865621385,0.03772744747012463,99
4584.805702814,37.90000000000237,1,1,5.720188372711,16.425305570889194,0.0451626524933732,6.938893903907228e-14,0.36845442018654156,0.36845442018654156,0,14.013521709237105,0.03772365754608936,106
4584.815428721,37.91000000000235,1,1,5.5202810106640925,16.290337889448274,0.0,3.736708725176135e-14,0.368620805913691,0.368620805913691,0,13.996504239362766,0.03772267449996536,108
4584.826342699,37.920000000002325,1,1,5.200867995789489,16.055103816789398,0.0,0.3692295040567757,0.3682863713454642,0.3682863713454642,0,13.979578848547218,0.037719469809878,113
4584.83576323,37.9300000000023,1,1,4.9538246892447795,15.868447142989583,0.0,2.7755575615628914e-14,0.3684521412898254,0.3684521412898254,0,13.962777901124264,0.037717053573221526,116
4584.845456749,37.94000000000228,1,1,4.768243536507814,15.726781891340442,0.1,0.6,0.3691015129673602,0.3691015129673602,0,13.946120398223659,0.03771716520697793,117
4584.857862013,37.950000000002255,1,1,4.51145983089174,15.532215890914264,0.1,0.6,0.3694020952094746,0.3694020952094746,0,13.929627262448367,0.03772452337293464,118
4584.865700147,37.96000000000223,1,1,4.33211145936108,15.359991805285748,0.0,3.925231146709438e-14,0.3700128213170545,0.3700128213170545,0,13.913305568176545,0.03773543876910601,123
4584.875132288,37.97000000000221,1,1,4.130262789348982,15.173924074385583,0.0,6.938893903907228e-15,0.37021229123552535,0.37021229123552535,0,13.897145547750778,0.03774835905918905,126
4584.886492999,37.980000000002185,1,1,3.9367005086915077,14.987447162858242,0.0,6.938893903907228e-15,0.37092410299486667,0.37092410299486667,0,13.88115811846658,0.037766549633398705,128
4584.895735297,37.99000000000216,1,1,3.755217069364068,14.805435839841797,0.0,3.179800655392251e-14,0.37057297933203653,0.37057297933203653,0,13.865354350948737,0.037782153792665585,136
4584.905911948,38.00000000000214,1,1,3.642479263050646,14.628275621798805,0.009076509414172412,0.17643410894777944,0.3717321737536763,0.3717321737536763,0,13.849747882619472,0.03780638327755298,139
4584.915285582,38.010000000002115,1,1,3.6720514439887166,14.481232544746165,0.045209324323091035,6.206335383118183e-14,0.37318435784504334,0.37318435784504334,0,13.834341502286291,0.0378379990941875,141
4584.9278464,38.02000000000209,1,1,3.582851593701137,14.34494840025202,0.1,0.6,0.37392694993448644,0.37392694993448644,0,13.819126609146416,0.037874246112363175,144
4584.935116725,38.03000000000207,1,1,3.571504909541522,14.114505723090769,0.0,1.4438902883526792e-13,0.3736077577184534,0.3736077577184534,0,13.804096175697163,0.03791231414847962,150
4584.946195944,38.040000000002046,1,1,3.45466201548603,13.925353494904945,0.0,0.25808776712940523,0.3754760199411748,0.3754760199411748,0,13.789231898834009,0.03795057611297609,153
4584.955621173,38.05000000000202,1,1,3.406026713217701,13.792396168076866,0.0,3.3993498887762956e-14,0.37622276356958434,0.37622276356958434,0,13.774523427203905,0.037995310119696146,162
4584.965112967,38.060000000002,1,1,3.4771366470883387,13.611596674699879,0.04523156853559286,5.051591013050331e-14,0.37536371600751467,0.37536371600751467,0,13.759971304231524,0.03803216258341846,168
4584.976216495,38.070000000001976,1,1,3.621225483972418,13.478903745218274,0.0,8.582937747229195e-14,0.37616221585777243,0.37616221585777243,0,13.745567477858884,0.03806919278133536,169
4584.98636024,38.08000000000195,1,1,3.534869124854945,13.294296321992544,0.0,1.5515838457795457e-14,0.3763901696330062,0.3763901696330062,0,13.731286476590897,0.03810861602213245,171
4584.996384058,38.09000000000193,1,1,3.691097830165904,13.161849678336415,0.0,2.8609792490763985e-14,0.3771885488627294,0.3771885488627294,0,13.717120601578182,0.038150048047713436,177
4585.005235503,38.100000000001906,1,1,3.6143224586325315,12.977408528759765,0.0,3.3993498887762956e-14,0.37741629462071813,0.37741629462071813,0,13.703053108970817,0.03819166073529501,179
4585.0151847,38.11000000000188,1,1,3.715840008020478,12.793383364438641,0.0,8.913170603436999e-14,0.3782092095042272,0.3782092095042272,0,13.689073952848723,0.03823309775392769,180
4585.02514535,38.12000000000186,1,1,3.759866747380926,12.557265444907161,0.0,3.1031676915590914e-14,0.37848691569753184,0.37848691569753184,0,13.675181722770182,0.03827628616008927,182
4585.03515589,38.130000000001836,1,1,3.5667237265752814,12.269439238104567,0.0,4.654751537338637e-14,0.37869711342125517,0.37869711342125517,0,13.661377863238584,0.03831790775116323,188
4585.045411206,38.14000000000181,1,1,3.376766610583234,11.981641474432676,0.0,6.546139416680337e-14,0.3789015686672759,0.3789015686672759,0,13.647665121345215,0.03835956700557891,189
4585.055415198,38.15000000000179,1,1,3.4920213799470385,11.797349145537957,0.0,3.736708725176135e-14,0.3791714174665662,0.3791714174665662,0,13.63406079010154,0.038397434383083406,190
4585.065205331,38.160000000001766,1,1,3.6106738309514967,11.613140320464153,0.0,2.7755575615628914e-14,0.3794364511693763,0.3794364511693763,0,13.620548787754545,0.0384341329042156,196
4585.07579086,38.17000000000174,1,1,3.748958667282467,11.438313234883426,0.1,0.12284423273856854,0.38021381453374326,0.38021381453374326,0,13.607112039874309,0.03847080578645046,196
4585.085160286,38.18000000000172,1,1,3.9355303487880016,11.305969615247005,0.10000000000000002,0.1229612889827758,0.38048871958416564,0.38048871958416564,0,13.593743284705727,0.03850806355279057,197
4585.096298185,38.190000000001696,1,1,4.159559420857453,11.164812859456871,0.1,0.3285884356234394,0.38079367022621446,0.38079367022621446,0,13.580421765751645,0.038542766258592154,199
4585.10530654,38.20000000000167,1,1,4.226950091699962,10.980998574377471,0.04523259096050293,5.051591013050331e-14,0.38102530434595033,0.38102530434595033,0,13.567119453772342,0.03858044413249745,201
4585.115935753,38.21000000000165,1,1,4.17026100177423,10.797288516620856,0.0,2.7755575615628914e-14,0.38121865055533427,0.38121865055533427,0,13.553824520557384,0.03861655747816889,203
4585.125683649,38.220000000001626,1,1,4.109074944660033,10.613661215089767,0.0,3.3993498887762956e-14,0.3819791402069553,0.3819791402069553,0,13.54053945040189,0.038656221197636564,206
4585.13505101,38.2300000000016,1,1,4.287606130438041,10.48194731411142,0.0,9.71445146547012e-14,0.38279490945260347,0.38279490945260347,0,13.527269967132955,0.03869607415693305,212
4585.145738473,38.24000000000158,1,1,4.221297051959921,10.298617484482682,0.0,1.1274368112207334e-13,0.3835530588893163,0.3835530588893163,0,13.514001350495825,0.038739486456282335,212
4585.15583839,38.250000000001556,1,1,4.394386728705537,10.167139980345668,0.0,3.1031676915590914e-14,0.3843607868582611,0.3843607868582611,0,13.50074367233023,0.03878773652135176,216
4585.165174958,38.26000000000153,1,1,4.287791918823679,9.97447238145187,0.0,2.0816681711721685e-14,0.38455228600940533,0.38455228600940533,0,13.487492335626703,0.03883384660445843,221
4585.175642826,38.27000000000151,1,1,4.2114861670121915,9.792272259023477,0.042940256275514614,0.009554248445584364,0.3858539823141184,0.3858539823141184,0,13.474264355786254,0.03888663213982435,221
4585.18564276,38.280000000001486,1,1,4.1338320289650055,9.61092925124608,0.0,1.1714201148076235e-13,0.3871306161405353,0.3871306161405353,0,13.46108999119589,0.03894401972271355,224
4585.195658781,38.29000000000146,1,1,4.298223337915418,9.48000955392835,0.0,2.8609792490763985e-14,0.3879041604244991,0.3879041604244991,0,13.447967802834913,0.039006431339811576,226
4585.20567032,38.30000000000144,1,1,4.217846053607396,9.299941942280011,0.0,3.1031676915590914e-14,0.38912759462581165,0.38912759462581165,0,13.434887595750347,0.03907570503333124,232
4585.215380282,38.310000000001416,1,1,4.13592404253101,9.120871346283636,0.0,1.457167719820518e-13,0.3903085158473408,0.3903085158473408,0,13.421856552114347,0.039147191547650895,235
4585.225457633,38.32000000000139,1,1,4.054719925218236,8.939434234275332,0.0,6.938893903907228e-15,0.3909892240666795,0.3909892240666795,0,13.408893117973912,0.0392197381418144,237
4585.235482056,38.33000000000137,1,1,4.456989861070414,8.860519363005448,0.0,1.5515838457795457e-14,0.39172139788690313,0.39172139788690313,0,13.396007793172569,0.03929376883808078,242
4585.246279699,38.340000000001346,1,1,4.6171313805965815,8.730569750993666,0.04535849411528481,6.798699777552591e-14,0.39239656846341836,0.39239656846341836,0,13.383171431093976,0.039360392070522054,243
4585.256073845,38.35000000000132,1,1,4.777398457033676,8.597220110662297,0.0453584941151691,8.886119947416683e-14,0.39261404569429476,0.39261404569429476,0,13.370357886649769,0.03942806957618067,251
4585.268898417,38.3600000000013,1,1,4.894108603851902,8.455985194797327,0.048417964262353806,0.1480191691089772,0.3904236401818432,0.3904236401818432,0,13.357547008022399,0.03948369398206891,260
4585.275401825,38.370000000001276,1,1,4.83936718838474,8.28349756106397,0.0,6.938893903907228e-14,0.39107121429644226,0.39107121429644226,0,13.344731640015581,0.03953238115310437,268
4585.285695849,38.38000000000125,1,1,4.8923914811904945,8.08502609436194,0.04179421632173801,0.1590310431490853,0.3901615677875745,0.3901615677875745,0,13.33190866297722,0.03956607401871448,270
4585.295710853,38.39000000000123,1,1,4.948610594017268,7.860821886118451,0.0658409662087067,1.1443916996305594e-13,0.39083673107173744,0.39083673107173744,0,13.31908190368315,0.03959460593068631,272
4585.305020917,38.40000000000121,1,1,4.685921017880492,7.560565184385198,0.0,1.1274368112207334e-13,0.3897446778349558,0.3897446778349558,0,13.306257500051029,0.039618224756996945,279
4585.315921529,38.41000000000118,1,1,4.432066562053435,7.233294637606807,0.0,8.913170603436999e-14,0.3903516133227418,0.3903516133227418,0,13.293457510815445,0.039639004489443685,279
4585.325868284,38.42000000000116,1,1,4.315016592213829,6.8976046551513726,0.10000000000000002,7.97218214573518e-14,0.387458040365697,0.387458040365697,0,13.28070265597824,0.039651402511819256,282
4585.335117411,38.43000000000114,1,1,4.163466037327734,6.548569285479156,0.0,5.763878168445255e-14,0.3865580772765968,0.3865580772765968,0,13.268013912174478,0.039639360992065775,287
4585.345373577,38.44000000000111,1,1,4.055758163035559,6.211309286756834,0.0,0.6,0.38565131189023455,0.38565131189023455,0,13.25539686867977,0.039619511426156384,288
4585.35598066,38.45000000000109,1,1,4.013995756265105,5.920652281734653,0.0,9.813077866773594e-14,0.3847028158099189,0.3847028158099189,0,13.242857104560029,0.03959392434566955,290
4585.367741674,38.46000000000107,1,1,4.011450398460436,5.650591620649349,0.1,0.6000000000000001,0.3785559276766885,0.3785559276766885,0,13.23040386144381,0.039549242679902064,294
4585.375511143,38.47000000000104,1,1,4.182676473953157,5.398261710147876,0.0,1.316562550716263e-13,0.36049718269438213,0.36049718269438213,0,13.218028713354654,0.039379066717789346,298
4585.385159638,38.48000000000102,1,1,4.200112461494894,5.122127528984478,0.06497899808476597,1.2177709378935646e-13,0.341816494029129,0.341816494029129,0,13.205733432348369,0.039038266690654244,298
4585.396221932,38.490000000001,1,1,4.427561381221618,4.937915705218667,0.0,8.886119947416683e-14,0.3266740541489617,0.3266740541489617,0,13.193532552757777,0.038580564608086565,299
4585.406478637,38.50000000000097,1,1,4.708118917002513,4.76260947711864,0.0529295671308647,0.5559121850050741,0.3156624181406298,0.3156624181406298,0,13.181408192659031,0.03802092774185051,304
4585.416559076,38.51000000000095,1,1,4.674611217592704,4.497376093326977,0.0,0.17782493638086788,0.29372683278007966,0.29372683278007966,0,13.169339763788537,0.03736170843717901,307
4585.425216701,38.52000000000093,1,1,4.883623603603012,4.283529840509899,0.0,7.601177430610147e-14,0.27807081341323364,0.27807081341323364,0,13.157336118502146,0.036594318573643536,310
4585.436776894,38.5300000000009,1,1,4.961663742633335,4.0306198308885435,0.09999999999999999,0.1776695992271389,0.258402489542878,0.258402489542878,0,13.145403777370603,0.03571560619181502,4
4585.44665019,38.54000000000088,1,1,4.996138146123399,3.787529816427475,0.0,0.008112379949843443,0.23910816582545094,0.23910816582545094,0,13.133552544740848,0.034753166124577906,7
4585.456479342,38.55000000000086,1,1,4.954356368873884,3.5439723949958166,0.0,1.1210126175528405e-13,0.22097531123162026,0.22097531123162026,0,13.12178671558018,0.03368642193662008,10
4585.465723833,38.560000000000834,1,1,4.975849137559247,3.3738743123816635,0.048045424795110495,0.22887582796551323,0.20618368608055587,0.20618368608055587,0,13.11012111734514,0.03257551509383916,13
4585.475422008,38.57000000000081,1,1,4.927963805073079,3.148734783230368,0.0,2.8609792490763985e-14,0.18897340957311537,0.18897340957311537,0,13.098565538718706,0.03140941453333046,20
4585.48505515,38.58000000000079,1,1,5.242711386394975,3.0813405285356414,0.044814338285784995,9.231597913640691e-14,0.18548639896851282,0.18548639896851282,0,13.087129906229803,0.030273365000157204,21
4585.495477578,38.590000000000764,1,1,5.492579569046879,2.985368995283113,0.0,1.3877787807814457e-14,0.17420777482016264,0.17420777482016264,0,13.075787740057912,0.02915236798849885,21
4585.506092474,38.60000000000074,1,1,5.678896917603711,2.930979437445313,0.0,3.925231146709438e-14,0.17140626881792853,0.17140626881792853,0,13.06450449130244,0.028103358600651718,25
4585.515458674,38.61000000000072,1,1,5.673011035647992,2.8330619758185076,0.0,3.3993498887762956e-14,0.17061673261581997,0.17061673261581997,0,13.053256790936258,0.02708820674816792,27
4585.525052739,38.620000000000694,1,1,5.778308517193168,2.7606472436039238,0.0,2.0816681711721685e-14,0.16893291054284093,0.16893291054284093,0,13.04204555412578,0.02611848977261,29
4585.537147927,38.63000000000067,1,1,5.91735747810809,2.69496521206557,0.1,0.6,0.16944752809102032,0.16944752809102032,0,13.030871136624098,0.025184295406374235,30
4585.545617071,38.64000000000065,1,1,5.851628224597231,2.5671512960131366,0.04475277234982606,6.088854689467823e-14,0.16572718219134497,0.16572718219134497,0,13.019735879430717,0.02428076367414589,33
4585.555766449,38.650000000000624,1,1,5.879498180529412,2.4775460243780705,0.04474254901787874,8.12176708575559e-14,0.1640783754955126,0.1640783754955126,0,13.008655652399646,0.023391818464322922,35
4585.56529438,38.6600000000006,1,1,5.839791930342808,2.34145921173863,0.0,4.654751537338637e-14,0.16060868519573263,0.16060868519573263,0,12.997645112532293,0.022511138205902892,36
4585.575013034,38.67000000000058,1,1,5.615872278392105,2.210271527690245,0.0,2.7755575615628914e-14,0.15446755758833197,0.15446755758833197,0,12.986715802392684,0.02164597130742918,42
4585.585343042,38.680000000000554,1,1,5.385640880012272,2.0180651177355315,0.0,1.494683490070454e-13,0.14588362242958697,0.14588362242958697,0,12.975885054147454,0.02075893620528002,44
4585.595275919,38.69000000000053,1,1,5.337233245427857,1.8962257052663103,0.06091517165293502,1.0198049666328887e-13,0.14250322381129696,0.14250322381129696,0,12.965190377611643,0.02047139448510635,46
4585.607159586,38.70000000000051,1,1,5.046989931076542,1.7290683047990683,0.0,3.98609107286759e-14,0.13471775051441406,0.13471775051441406,0,12.954655912353543,0.020347231502435392,51
4585.615301006,38.710000000000484,1,1,4.820451606105068,1.6177550907567886,0.0,5.887846720064156e-14,0.1288212589644599,0.1288212589644599,0,12.944304116318788,0.020165112041131136,54
4585.62544881,38.72000000000046,1,1,4.356254273136244,1.4619827801144392,0.0,3.179800655392251e-14,0.11856554601262809,0.11856554601262809,0,12.934166223222077,0.019910634015266753,56
4585.635955729,38.73000000000044,1,1,4.077208222236094,1.312461780332187,0.0,1.5515838457795457e-14,0.11117823425077825,0.11117823425077825,0,12.924283807309713,0.01961149686564185,58
4585.645913565,38.740000000000414,1,1,3.8620710793473454,1.1889254779837781,0.0,1.4015878649856313e-13,0.10379241429217215,0.10379241429217215,0,12.91468080225884,0.01927285428849466,64
4585.656237543,38.75000000000039,1,1,3.3610021597492876,1.002160621803879,0.0,1.3615092990768422e-13,0.09233771316576987,0.09233771316576987,0,12.90538245142554,0.01885432272672788,67
4585.665442524,38.76000000000037,1,1,2.8748989059934313,0.8258631329413972,0.0,9.335326988569946e-14,0.08115618226265821,0.08115618226265821,0,12.896436622580751,0.018355689675821074,72
4585.675280716,38.770000000000344,1,1,2.2739248004922423,0.617038956417546,0.0,1.2509268882771004e-13,0.06724191608453337,0.06724191608453337,0,12.887887613999407,0.017776799011351936,79
4585.685209655,38.78000000000032,1,1,1.880828441538747,0.47449810580943624,0.0,1.3877787807814457e-14,0.056516012576618264,0.056516012576618264,0,12.879783407109485,0.017132862996398893,80
4585.696306051,38.7900000000003,1,1,1.3502928285683795,0.24430004299311273,0.0,0.2630612737225309,0.039042757351713274,0.039042757351713274,0,12.872157585632552,0.01641147811013355,87
4585.70797353,38.800000000000274,1,1,0.8662696406162892,0.32732993690748763,0.0,0.6,0.026721278157868317,0.026721278157868317,0,12.865047719195577,0.015607642964335942,96
4585.716008047,38.81000000000025,1,1,0.666156783138916,0.5584034639243227,0.0,0.6,0.03885049063133405,0.03885049063133405,0,12.85849217232951,0.014734922352698333,102
4585.725065383,38.82000000000023,1,1,0.8703482825213,0.9032508492830437,0.0,0.6,0.05928610502003525,0.05928610502003525,0,12.852517938425647,0.013787805056313593,105
4585.735127263,38.830000000000204,1,1,1.527961805348294,1.2766982068334072,0.1,0.5999999999999999,0.08049529336584618,0.08049529336584618,0,12.847163714251153,0.012744300266629434,105
4585.745116646,38.84000000000018,1,1,1.9239997608396455,1.6409739095658202,0.0,0.6,0.10103359775906531,0.10103359775906531,0,12.842474132332681,0.01164294495268401,110
4585.756169988,38.85000000000016,1,1,2.8206242146155684,2.0044322505653924,0.0,0.6,0.1242237304557529,0.1242237304557529,0,12.838494422459771,0.010467665042448157,111
4585.765536805,38.860000000000134,1,1,3.510434147474375,2.3571164293645794,0.0,0.6,0.14857724735168407,0.14857724735168407,0,12.835286105793568,0.009239561793497567,114
4585.77679422,38.87000000000011,1,1,4.350428537782095,2.7037667808385573,0.1,0.6,0.1722392323366371,0.1722392323366371,0,12.832852098496609,0.007964343707023508,118
4585.785685563,38.88000000000009,1,1,5.2809889533277445,3.0392957916160372,0.09999999999999999,0.6,0.1949788044273968,0.1949788044273968,0,12.831181182306452,0.006603737217283669,121
4585.79588714,38.890000000000065,1,1,6.055923664713305,3.3602422734218163,0.10000000000000002,0.6,0.21724976255564654,0.21724976255564654,0,12.830101173590844,0.0052007642346152405,123
4585.805851003,38.90000000000004,1,1,6.986966091177219,3.6700875587196453,0.10000000000000002,0.6,0.23881944615915876,0.23881944615915876,0,12.829804018036047,0.006612864477244296,126
4585.815207389,38.91000000000002,1,1,7.789733771592336,3.9673465303808397,0.10000000000000002,0.6,0.2591913728303425,0.2591913728303425,0,12.83045619670338,0.008008483586577464,132
4585.825329022,38.919999999999995,1,1,8.423202208530917,4.2506935468211635,0.1,0.5999999999999999,0.2787415027026998,0.2787415027026998,0,12.83206724366638,0.009458173427062677,133
4585.835582337,38.92999999999997,1,1,9.063596135328643,4.5201432120726555,0.1,0.6,0.2975355023476544,0.2975355023476544,0,12.834626295530088,0.011331571448869315,133
4585.845088762,38.93999999999995,1,1,9.73254193604865,4.7737711998052506,0.08341494757328763,0.6,0.3152858599127313,0.3152858599127313,0,12.838118903425244,0.013200334741014008,138
4585.856359664,38.949999999999925,1,1,10.248069774503877,5.012437944359091,0.1,0.5999999999999999,0.33246780012249005,0.33246780012249005,0,12.842529068153457,0.015056600455240376,138
4585.865100822,38.9599999999999,1,1,10.873933133452516,5.236601562281436,0.10000000000000002,0.6,0.3488515280569051,0.3488515280569051,0,12.847834370875608,0.01689530828244279,140
4585.878227064,38.96999999999988,1,1,11.48422999217191,5.448093907159306,0.1,0.6,0.3649273275358036,0.3649273275358036,0,12.854016416607271,0.018713398346437593,141
4585.885143582,38.979999999999855,1,1,12.041286837658593,5.64623397398112,0.1,0.6,0.38046365187021824,0.38046365187021824,0,12.86105931061117,0.020508579442890418,147
4585.895277317,38.98999999999983,1,1,12.540816277998823,5.833632332489383,0.1,0.6,0.3882977514961917,0.3882977514961917,0,12.868939153527597,0.022254226661585164,147
4585.90532702,38.99999999999981,1,1,12.992118952897233,6.0114653367924715,0.1,0.6,0.39052330765569565,0.39052330765569565,0,12.87761442352316,0.023862365699000687,148
4585.915367622,39.009999999999785,1,1,13.397304898363256,6.181352155205671,0.09999999999999999,0.6,0.39263057209366425,0.39263057209366425,0,12.88700339506242,0.0253370903308483,153
4585.925019325,39.01999999999976,1,1,13.753391387673444,6.346681891927378,0.1,0.5999999999999999,0.39438385662393544,0.39438385662393544,0,12.897024099645286,0.026688502795633284,153
4585.935599613,39.02999999999974,1,1,14.0717090384911,6.5074687659464,0.10000000000000002,0.6,0.39601653673786025,0.39601653673786025,0,12.907599533387662,0.027926105594422768,154
4585.947062699,39.039999999999715,1,1,14.350465120759958,6.663853850276339,0.1,0.6,0.397433127872231,0.397433127872231,0,12.918661646781652,0.029059471833447925,158
4585.955116412,39.04999999999969,1,1,14.596317289891088,6.8165796534464445,0.10000000000000002,0.5999999999999999,0.3986388030381181,0.3986388030381181,0,12.930146528109566,0.030096343672580517,162
4585.965069221,39.05999999999967,1,1,14.815699800473636,6.965562595405768,0.1,0.6,0.39972062149704596,0.39972062149704596,0,12.941995132249497,0.03104455446649179,164
4585.97568795,39.069999999999645,1,1,15.007174672418078,7.111028584798533,0.09999999999999999,0.6,0.4006449209495602,0.4006449209495602,0,12.95415968264426,0.03191120716864765,165
4585.98550407,39.07999999999962,1,1,15.175034947624429,7.2522435811403065,0.10000000000000002,0.6,0.40153306357748697,0.40153306357748697,0,12.966600730095344,0.032703242668972565,172
4585.995169507,39.0899999999996,1,1,15.321184788739389,7.389480033359782,0.1,0.6,0.40239603926040535,0.40239603926040535,0,12.979284165842106,0.03342758569898707,172
4586.005127525,39.099999999999575,1,1,15.448593496597397,7.52293495398122,0.10000000000000002,0.5999999999999999,0.40317989747860505,0.40317989747860505,0,12.99217904026965,0.03409021409718388,172
4586.015787,39.10999999999955,1,1,15.561939468407177,7.652852060091188,0.1,0.6,0.40390514519743875,0.40390514519743875,0,13.005255062160886,0.03469638282261284,178
4586.025378485,39.11999999999953,1,1,15.660678208120112,7.779474188110301,0.09999999999999999,0.5999999999999999,0.40460173673367356,0.40460173673367356,0,13.018481499520673,0.03525102891063747,181
4586.035444895,39.129999999999505,1,1,15.743674180647403,7.902918408136119,0.10000000000000003,0.6,0.4053077756045872,0.4053077756045872,0,13.031828867760753,0.035759090440549646,183
4586.047089297,39.13999999999948,1,1,15.818979619051696,8.023462250240055,0.1,0.6,0.4060099759715405,0.4060099759715405,0,13.04527062917602,0.036225103469097686,185
4586.055466315,39.14999999999946,1,1,15.882497641085434,8.141277674078001,0.1,0.6,0.4067076497815971,0.4067076497815971,0,13.058783442797521,0.03665307814235441,190
4586.066030023,39.159999999999435,1,1,15.9382435600465,8.256497409409253,0.1,0.6,0.4074223391581916,0.4074223391581916,0,13.072345812996037,0.03704666277821761,191
4586.075295226,39.16999999999941,1,1,15.987222579241314,8.369294307458311,0.1,0.6,0.4081234494375859,0.4081234494375859,0,13.085937005683222,0.037409178945037036,192
4586.085706957,39.17999999999939,1,1,16.02925237215648,8.479726058123122,0.1,0.6,0.4088048815116845,0.4088048815116845,0,13.099537933911597,0.03774350305411045,198
4586.095106568,39.189999999999365,1,1,16.064191328914852,8.587947858386402,0.1,0.6,0.4094634054786618,0.4094634054786618,0,13.11313026436031,0.03805206690738555,199
4586.105063947,39.19999999999934,1,1,16.09440327898581,8.694127933634421,0.1,0.6,0.41011079062737027,0.41011079062737027,0,13.126695548582628,0.03833720151586478,199
4586.117072079,39.20999999999932,1,1,16.119767452043934,8.798358960247523,0.09999999999999999,0.6,0.41076375656656605,0.41076375656656605,0,13.140216423336042,0.03860115764602179,202
4586.125187998,39.219999999999295,1,1,16.14412423681993,8.90090542710185,0.10000000000000002,0.6,0.4113932543894957,0.4113932543894957,0,13.153676031382112,0.03884587185579791,205
4586.135150015,39.22999999999927,1,1,16.16716173872455,9.001990929816882,0.1,0.6,0.4120066250218258,0.4120066250218258,0,13.167058243409413,0.03907301455719542,205
4586.145667022,39.23999999999925,1,1,16.189852872021486,9.10171656677577,0.1,0.5999999999999999,0.41261157876380133,0.41261157876380133,0,13.180348118807252,0.03928413632948102,206
4586.155066104,39.249999999999226,1,1,16.213437261379614,9.200290549935174,0.10000000000000002,0.5999999999999999,0.4131790594370904,0.4131790594370904,0,13.19353184746439,0.03948057153054246,212
4586.165972339,39.2599999999992,1,1,16.23693553173186,9.298009319804837,0.10000000000000002,0.6,0.4136817047087526,0.4136817047087526,0,13.206598145094336,0.03966321199049949,214
4586.176205802,39.26999999999918,1,1,16.26022882116666,9.394861890809926,0.09999999999999999,0.6,0.4141314567222172,0.4141314567222172,0,13.219536882848338,0.03983279295866421,217
4586.186260473,39.279999999999156,1,1,16.282442967266835,9.490889752305844,0.1,0.6,0.4145048721024597,0.4145048721024597,0,13.232338684131026,0.039989939746874426,224
4586.195028281,39.28999999999913,1,1,16.304186437577986,9.58633110934262,0.1,0.6,0.414825969766886,0.414825969766886,0,13.24499473403843,0.040135230651611675,229
4586.20599025,39.29999999999911,1,1,16.324752367421507,9.681081711074011,0.1,0.6,0.41509007767854167,0.41509007767854167,0,13.257496998454018,0.04026927608995645,230
4586.217391825,39.309999999999086,1,1,16.344548305262375,9.775190696008517,0.1,0.5999999999999999,0.415316888735407,0.415316888735407,0,13.26983833947347,0.0403927287178108,234
4586.225139505,39.31999999999906,1,1,16.363413256497687,9.86878181094156,0.09999999999999999,0.6,0.4155027149332438,0.4155027149332438,0,13.282012434528081,0.040506215240275145,238
4586.235985951,39.32999999999904,1,1,16.381356838849634,9.961889831052808,0.09999999999999999,0.6,0.41565718749185293,0.41565718749185293,0,13.294013596821184,0.040610359453859046,242
4586.245375852,39.339999999999016,1,1,16.39815557107732,10.054552921417267,0.1,0.6,0.4157815160634652,0.4157815160634652,0,13.305836835893736,0.04070579088016635,246
4586.25497582,39.34999999999899,1,1,16.413587857211976,10.146571329743294,0.10000000000000002,0.6,0.41586923245067786,0.41586923245067786,0,13.317477729546537,0.04079297860973602,253
4586.26589443,39.35999999999897,1,1,16.42805155426304,10.238312924573012,0.1,0.6,0.41591729083526,0.41591729083526,0,13.328932125614179,0.0408723789545849,255
4586.275923527,39.369999999998946,1,1,16.441175276158436,10.329587417202829,0.1,0.6,0.4159227246586796,0.4159227246586796,0,13.340196177931167,0.04094433254272195,257
4586.286953004,39.37999999999892,1,1,16.453063995243145,10.420542175246183,0.1,0.6,0.41588551354946474,0.41588551354946474,0,13.351266026690846,0.04100913972665021,263
4586.295346221,39.3899999999989,1,1,16.463998619311226,10.511208463987959,0.1,0.6,0.4158061913685335,0.4158061913685335,0,13.362137812998848,0.04106706178662678,267
4586.305446832,39.399999999998876,1,1,16.473511410961457,10.601449331481282,0.10000000000000002,0.6,0.4156921835108444,0.4156921835108444,0,13.372807847510595,0.041118431077422246,268
4586.31577834,39.40999999999885,1,1,16.482113570496217,10.691299755732226,0.09999999999999999,0.6,0.415534601987285,0.415534601987285,0,13.383272333697327,0.04116349431793931,270
4586.326247656,39.41999999999883,1,1,16.48954316136554,10.7807304183852,0.1,0.6,0.41534243026958023,0.41534243026958023,0,13.393527362526187,0.04120245328003985,275
4586.335123008,39.429999999998806,1,1,16.495875759141803,10.869820128100235,0.1,0.6,0.4151224729987071,0.4151224729987071,0,13.403568978237653,0.04123562019019433,278
4586.346174935,39.43999999999878,1,1,16.501055682889724,10.958554423621857,0.1,0.6,0.41488001618884407,0.41488001618884407,0,13.413393008062178,0.041263292290995957,279
4586.355229471,39.44999999999876,0,1,0.0,0.0,0.0,0.0,0.0,0.0,0,0.0,0.03730363963379346,282
4586.365202592,39.459999999998736,0,1,0.0,0.0,0.0,0.0,0.0,0.0,0,0.0,0.03372031487280974,282
4586.37514191,39.46999999999871,0,1,0.0,0.0,0.0,0.0,0.0,0.0,0,0.0,0.03048065269065725,282
4586.384979273,39.47999999999869,0,1,0.0,0.0,0.0,0.0,0.0,0.0,0,0.0,0.02755191101287785,282
4586.39482879,39.489999999998666,0,1,0.0,0.0,0.0,0.0,0.0,0.0,0,0.0,0.024904318890063504,286
4586.40502873,39.49999999999864,0,1,0.0,0.0,0.0,0.0,0.0,0.0,0,0.0,0.02251090862606564,286
4586.414812403,39.50999999999862,0,1,0.0,0.0,0.0,0.0,0.0,0.0,0,0.0,0.020347284127078535,286
4586.425015071,39.519999999998596,0,1,0.0,0.0,0.0,0.0,0.0,0.0,0,0.0,0.01839138596811024,290
4586.434940809,39.52999999999857,0,1,0.0,0.0,0.0,0.0,0.0,0.0,0,0.0,0.016623270881663432,1
4586.445025152,39.53999999999855,0,1,0.0,0.0,0.0,0.0,0.0,0.0,0,0.0,0.015024909816520104,1
4586.456169848,39.549999999998526,0,1,0.0,0.0,0.0,0.0,0.0,0.0,0,0.0,0.013580004549753888,3
4586.464849335,39.5599999999985,0,1,0.0,0.0,0.0,0.0,0.0,0.0,0,0.0,0.012273821636360593,5
4586.474854804,39.56999999999848,0,1,0.0,0.0,0.0,0.0,0.0,0.0,0,0.0,0.01109304221383589,5
4586.484942104,39.579999999998456,0,1,0.0,0.0,0.0,0.0,0.0,0.0,0,0.0,0.010025626297375967,5
4586.494798668,39.58999999999843,0,1,0.0,0.0,0.0,0.0,0.0,0.0,0,0.0,0.009060690784720993,11
4586.505078556,39.59999999999841,0,1,0.0,0.0,0.0,0.0,0.0,0.0,0,0.0,0.00818839612739164,11
4586.514809451,39.60999999999839,0,1,0.0,0.0,0.0,0.0,0.0,0.0,0,0.0,0.007399847183097719,11
4586.524816914,39.61999999999836,0,1,0.0,0.0,0.0,0.0,0.0,0.0,0,0.0,0.007128962350544388,13
4586.534818182,39.62999999999834,0,1,0.0,0.0,0.0,0.0,0.0,0.0,0,0.0,0.007025491198328515,13
4586.54479655,39.63999999999832,0,1,0.0,0.0,0.0,0.0,0.0,0.0,0,0.0,0.006931210702159296,13
4586.554798488,39.64999999999829,0,1,0.0,0.0,0.0,0.0,0.0,0.0,0,0.0,0.006845299943141203,13
4586.564833974,39.65999999999827,0,1,0.0,0.0,0.0,0.0,0.0,0.0,0,0.0,0.006767030337170743,15
4586.575546704,39.66999999999825,0,1,0.0,0.0,0.0,0.0,0.0,0.0,0,0.0,0.006695741275668743,15
4586.584845253,39.67999999999822,0,1,0.0,0.0,0.0,0.0,0.0,0.0,0,0.0,0.006630821881802307,15
4586.594866285,39.6899999999982,0,1,0.0,0.0,0.0,0.0,0.0,0.0,0,0.0,0.0065717113920915615,19
4586.605007572,39.69999999999818,0,1,0.0,0.0,0.0,0.0,0.0,0.0,0,0.0,0.0065178966993835186,19
4586.614892027,39.70999999999815,0,1,0.0,0.0,0.0,0.0,0.0,0.0,0,0.0,0.006468908958023212,19
4586.625236986,39.71999999999813,0,1,0.0,0.0,0.0,0.0,0.0,0.0,0,0.0,0.00642432006855187,21
4586.635053803,39.72999999999811,0,1,0.0,0.0,0.0,0.0,0.0,0.0,0,0.0,0.006383638043037765,21
4586.644944353,39.73999999999808,0,1,0.0,0.0,0.0,0.0,0.0,0.0,0,0.0,0.006345871452544394,21
4586.654866355,39.74999999999806,0,1,0.0,0.0,0.0,0.0,0.0,0.0,0,0.0,0.006310350388594843,21
4586.665063495,39.75999999999804,0,1,0.0,0.0,0.0,0.0,0.0,0.0,0,0.0,0.00627676881927175,24
4586.674994362,39.769999999998014,0,1,0.0,0.0,0.0,0.0,0.0,0.0,0,0.0,0.006244956343437025,24
4586.685613509,39.77999999999799,0,1,0.0,0.0,0.0,0.0,0.0,0.0,0,0.0,0.006214795001507456,24
4586.695048301,39.78999999999797,0,1,0.0,0.0,0.0,0.0,0.0,0.0,0,0.0,0.006186188997788111,28
4586.705046879,39.799999999997944,0,1,0.0,0.0,0.0,0.0,0.0,0.0,0,0.0,0.006159053511080703,28
4586.715509404,39.80999999999792,0,1,0.0,0.0,0.0,0.0,0.0,0.0,0,0.0,0.006133310987546103,28
4586.725026042,39.8199999999979,0,1,0.0,0.0,0.0,0.0,0.0,0.0,0,0.0,0.006108897161741567,28
4586.735011912,39.829999999997874,0,1,0.0,0.0,0.0,0.0,0.0,0.0,0,0.0,0.006085744752083899,31
4586.745142442,39.83999999999785,0,1,0.0,0.0,0.0,0.0,0.0,0.0,0,0.0,0.006063781894268594,32
4586.755122803,39.84999999999783,0,1,0.0,0.0,0.0,0.0,0.0,0.0,0,0.0,0.0060429417884628744,33
4586.764862952,39.859999999997804,0,1,0.0,0.0,0.0,0.0,0.0,0.0,0,0.0,0.006023163565488154,36
4586.775947598,39.86999999999778,0,1,0.0,0.0,0.0,0.0,0.0,0.0,0,0.0,0.006004391186038793,36
4586.78483797,39.87999999999776,0,1,0.0,0.0,0.0,0.0,0.0,0.0,0,0.0,0.0059865724266754405,38
4586.796281916,39.889999999997734,0,1,0.0,0.0,0.0,0.0,0.0,0.0,0,0.0,0.005991251433320036,40
4586.804846737,39.89999999999771,0,1,0.0,0.0,0.0,0.0,0.0,0.0,0,0.0,0.00600689619424781,41
4586.814832101,39.90999999999769,0,1,0.0,0.0,0.0,0.0,0.0,0.0,0,0.0,0.006020969393031636,41
4586.82504704,39.919999999997664,0,1,0.0,0.0,0.0,0.0,0.0,0.0,0,0.0,0.006033629346266223,41
4586.834924339,39.92999999999764,0,1,0.0,0.0,0.0,0.0,0.0,0.0,0,0.0,0.006045018405303221,44
4586.844980149,39.93999999999762,0,1,0.0,0.0,0.0,0.0,0.0,0.0,0,0.0,0.006055294417633528,44
4586.854841026,39.949999999997594,0,1,0.0,0.0,0.0,0.0,0.0,0.0,0,0.0,0.006064838854632354,44
4586.864819188,39.95999999999757,0,1,0.0,0.0,0.0,0.0,0.0,0.0,0,0.0,0.006073945292212224,46
4586.874841006,39.96999999999755,0,1,0.0,0.0,0.0,0.0,0.0,0.0,0,0.0,0.006082735284944046,46
4586.884814433,39.979999999997524,0,1,0.0,0.0,0.0,0.0,0.0,0.0,0,0.0,0.0060912608284983405,46
4586.894870079,39.9899999999975,0,1,0.0,0.0,0.0,0.0,0.0,0.0,0,0.0,0.006099546300405587,46
4586.904806954,39.99999999999748,0,1,0.0,0.0,0.0,0.0,0.0,0.0,0,0.0,0.006107605045703374,49
4586.914849634,40.009999999997454,0,1,0.0,0.0,0.0,0.0,0.0,0.0,0,0.0,0.006115445938720668,49
4586.924840008,40.01999999999743,0,1,0.0,0.0,0.0,0.0,0.0,0.0,0,0.0,0.0061230759820531805,49
4586.934812343,40.02999999999741,0,1,0.0,0.0,0.0,0.0,0.0,0.0,0,0.0,0.006130501338422009,52
4586.944891296,40.039999999997384,0,1,0.0,0.0,0.0,0.0,0.0,0.0,0,0.0,0.0061377277424243815,52
4586.95484895,40.04999999999736,0,1,0.0,0.0,0.0,0.0,0.0,0.0,0,0.0,0.0061447606666633625,53
4586.966245361,40.05999999999734,0,1,0.0,0.0,0.0,0.0,0.0,0.0,0,0.0,0.006151605390438505,56
4586.974880845,40.069999999997314,0,1,0.0,0.0,0.0,0.0,0.0,0.0,0,0.0,0.006158267029683778,57
4586.984828629,40.07999999999729,0,1,0.0,0.0,0.0,0.0,0.0,0.0,0,0.0,0.0061647505514221684,57
4586.99489997,40.08999999999727,0,1,0.0,0.0,0.0,0.0,0.0,0.0,0,0.0,0.006171060781977378,57
4587.004774533,40.099999999997245,0,1,0.0,0.0,0.0,0.0,0.0,0.0,0,0.0,0.006177202412618987,60
4587.014880704,40.10999999999722,0,1,0.0,0.0,0.0,0.0,0.0,0.0,0,0.0,0.006183180004108002,60
4587.024894014,40.1199999999972,0,1,0.0,0.0,0.0,0.0,0.0,0.0,0,0.0,0.006188997990730208,60
4587.034838356,40.129999999997175,0,1,0.0,0.0,0.0,0.0,0.0,0.0,0,0.0,0.006194660684055442,63
4587.044813631,40.13999999999715,0,1,0.0,0.0,0.0,0.0,0.0,0.0,0,0.0,0.00620017227651995,63
4587.054838016,40.14999999999713,0,1,0.0,0.0,0.0,0.0,0.0,0.0,0,0.0,0.0062055368448733494,63
4587.066295838,40.159999999997105,0,1,0.0,0.0,0.0,0.0,0.0,0.0,0,0.0,0.006210758353509399,64
4587.074812526,40.16999999999708,0,1,0.0,0.0,0.0,0.0,0.0,0.0,0,0.0,0.006215840657689944,65
4587.084847069,40.17999999999706,0,1,0.0,0.0,0.0,0.0,0.0,0.0,0,0.0,0.006220787506668268,65
4587.094812588,40.189999999997035,0,1,0.0,0.0,0.0,0.0,0.0,0.0,0,0.0,0.006225602546716322,65
4587.104807946,40.19999999999701,0,1,0.0,0.0,0.0,0.0,0.0,0.0,0,0.0,0.0062302893240591545,67
4587.114819646,40.20999999999699,0,1,0.0,0.0,0.0,0.0,0.0,0.0,0,0.0,0.006234851287720153,67
4587.124851565,40.219999999996965,0,1,0.0,0.0,0.0,0.0,0.0,0.0,0,0.0,0.006239291792279986,67
4587.134748142,40.22999999999694,0,1,0.0,0.0,0.0,0.0,0.0,0.0,0,0.0,0.006243614100552269,69
4587.144801506,40.23999999999692,0,1,0.0,0.0,0.0,0.0,0.0,0.0,0,0.0,0.006247821386178659,69
4587.15479779,40.249999999996895,0,1,0.0,0.0,0.0,0.0,0.0,0.0,0,0.0,0.006251916736146029,69
4587.164789367,40.25999999999687,0,1,0.0,0.0,0.0,0.0,0.0,0.0,0,0.0,0.006255903153228479,69
4587.174802608,40.26999999999685,0,1,0.0,0.0,0.0,0.0,0.0,0.0,0,0.0,0.006259783558356505,72
4587.184774903,40.279999999996825,0,1,0.0,0.0,0.0,0.0,0.0,0.0,0,0.0,0.00626356079291554,72
4587.194823537,40.2899999999968,0,1,0.0,0.0,0.0,0.0,0.0,0.0,0,0.0,0.00626723762097664,72
4587.204813193,40.29999999999678,0,1,0.0,0.0,0.0,0.0,0.0,0.0,0,0.0,0.00627081673146096,75
4587.214861079,40.309999999996755,0,1,0.0,0.0,0.0,0.0,0.0,0.0,0,0.0,0.006274300740240671,75
4587.224788812,40.31999999999673,0,1,0.0,0.0,0.0,0.0,0.0,0.0,0,0.0,0.006277692192177942,75
4587.237038134,40.32999999999671,0,1,0.0,0.0,0.0,0.0,0.0,0.0,0,0.0,0.006280993563104145,76
4587.244822143,40.339999999996685,0,1,0.0,0.0,0.0,0.0,0.0,0.0,0,0.0,0.006284207261741295,78
4587.254835803,40.34999999999666,0,1,0.0,0.0,0.0,0.0,0.0,0.0,0,0.0,0.0062873356315673035,78
4587.26479884,40.35999999999664,0,1,0.0,0.0,0.0,0.0,0.0,0.0,0,0.0,0.006290380952627045,78
4587.27479852,40.369999999996615,0,1,0.0,0.0,0.0,0.0,0.0,0.0,0,0.0,0.006293345443290785,81
4587.284852856,40.37999999999659,0,1,0.0,0.0,0.0,0.0,0.0,0.0,0,0.0,0.006296231261961799,81
4587.294827291,40.38999999999657,0,1,0.0,0.0,0.0,0.0,0.0,0.0,0,0.0,0.006299040508734491,81
4587.306158045,40.399999999996545,0,1,0.0,0.0,0.0,0.0,0.0,0.0,0,0.0,0.006301775227004758,84
4587.315075802,40.40999999999652,0,1,0.0,0.0,0.0,0.0,0.0,0.0,0,0.0,0.006304437405034211,85
4587.324842695,40.4199999999965,0,1,0.0,0.0,0.0,0.0,0.0,0.0,0,0.0,0.006307028977469209,85
4587.334833806,40.429999999996475,0,1,0.0,0.0,0.0,0.0,0.0,0.0,0,0.0,0.006309551826816542,85
4587.344822779,40.43999999999645,0,1,0.0,0.0,0.0,0.0,0.0,0.0,0,0.0,0.006312007784877005,87
4587.354847967,40.44999999999643,0,1,0.0,0.0,0.0,0.0,0.0,0.0,0,0.0,0.006314398634137908,87
4587.364839192,40.459999999996406,0,1,0.0,0.0,0.0,0.0,0.0,0.0,0,0.0,0.006316726109126022,87
4587.37478739,40.46999999999638,0,1,0.0,0.0,0.0,0.0,0.0,0.0,0,0.0,0.006318991897722087,90
4587.384821505,40.47999999999636,0,1,0.0,0.0,0.0,0.0,0.0,0.0,0,0.0,0.006321197642438103,90
4587.395205315,40.489999999996336,0,1,0.0,0.0,0.0,0.0,0.0,0.0,0,0.0,0.006323344941658121,90
4587.406963777,40.49999999999631,0,1,0.0,0.0,0.0,0.0,0.0,0.0,0,0.0,0.006325435350844552,91
4587.414870544,40.50999999999629,0,1,0.0,0.0,0.0,0.0,0.0,0.0,0,0.0,0.006327470383709857,93
4587.424836448,40.519999999996266,0,1,0.0,0.0,0.0,0.0,0.0,0.0,0,0.0,0.006329451513355608,93
4587.435388672,40.52999999999624,0,1,0.0,0.0,0.0,0.0,0.0,0.0,0,0.0,0.006331380173379322,0
4587.444939931,40.53999999999622,0,1,0.0,0.0,0.0,0.0,0.0,0.0,0,0.0,0.006333257758950356,6
4587.454916275,40.549999999996196,0,1,0.0,0.0,0.0,0.0,0.0,0.0,0,0.0,0.006335085627855577,6
4587.464831265,40.55999999999617,0,1,0.0,0.0,0.0,0.0,0.0,0.0,0,0.0,0.006336865101515696,6
4587.474825086,40.56999999999615,0,1,0.0,0.0,0.0,0.0,0.0,0.0,0,0.0,0.006338597465973372,9
4587.485283033,40.579999999996126,0,1,0.0,0.0,0.0,0.0,0.0,0.0,0,0.0,0.006340283972853536,9
4587.494824534,40.5899999999961,0,1,0.0,0.0,0.0,0.0,0.0,0.0,0,0.0,0.006341925840297191,9
4587.50482627,40.59999999999608,0,1,0.0,0.0,0.0,0.0,0.0,0.0,0,0.0,0.0063435242538689846,9
4587.514839211,40.609999999996056,0,1,0.0,0.0,0.0,0.0,0.0,0.0,0,0.0,0.006345080367439665,11
4587.524840582,40.61999999999603,0,1,0.0,0.0,0.0,0.0,0.0,0.0,0,0.0,0.006346595304044203,11
4587.534823797,40.62999999999601,0,1,0.0,0.0,0.0,0.0,0.0,0.0,0,0.0,0.006348070156715777,11
4587.544836769,40.639999999995986,0,1,0.0,0.0,0.0,0.0,0.0,0.0,0,0.0,0.006349505989296997,14
4587.554845194,40.64999999999596,0,1,0.0,0.0,0.0,0.0,0.0,0.0,0,0.0,0.006350903837228555,14
4587.564811929,40.65999999999594,0,1,0.0,0.0,0.0,0.0,0.0,0.0,0,0.0,0.006352264708316083,14
4587.576702321,40.669999999995916,0,1,0.0,0.0,0.0,0.0,0.0,0.0,0,0.0,0.006353589583475899,15
4587.584827958,40.67999999999589,0,1,0.0,0.0,0.0,0.0,0.0,0.0,0,0.0,0.006354879417460199,17
4587.594857096,40.68999999999587,0,1,0.0,0.0,0.0,0.0,0.0,0.0,0,0.0,0.006356135139562291,17
4587.604810382,40.699999999995846,0,1,0.0,0.0,0.0,0.0,0.0,0.0,0,0.0,0.0063573576543024535,17
4587.614790188,40.70999999999582,0,1,0.0,0.0,0.0,0.0,0.0,0.0,0,0.0,0.006358547842094803,21
4587.624794648,40.7199999999958,0,1,0.0,0.0,0.0,0.0,0.0,0.0,0,0.0,0.006359706559896178,21
4587.634786715,40.729999999995776,0,1,0.0,0.0,0.0,0.0,0.0,0.0,0,0.0,0.0063608346418369405,21
4587.644754591,40.73999999999575,0,1,0.0,0.0,0.0,0.0,0.0,0.0,0,0.0,0.006361932899834694,23
4587.654834345,40.74999999999573,0,1,0.0,0.0,0.0,0.0,0.0,0.0,0,0.0,0.006363002124191039,23
4587.664819453,40.759999999995706,0,1,0.0,0.0,0.0,0.0,0.0,0.0,0,0.0,0.006364043084172211,23
4587.674784211,40.76999999999568,0,1,0.0,0.0,0.0,0.0,0.0,0.0,0,0.0,0.00636505652857379,23
4587.684836803,40.77999999999566,0,1,0.0,0.0,0.0,0.0,0.0,0.0,0,0.0,0.00636604318626989,27
4587.694818511,40.789999999995636,0,1,0.0,0.0,0.0,0.0,0.0,0.0,0,0.0,0.006367003766747467,27
4587.704893099,40.79999999999561,0,1,0.0,0.0,0.0,0.0,0.0,0.0,0,0.0,0.006367938960626179,27
4587.714873643,40.80999999999559,0,1,0.0,0.0,0.0,0.0,0.0,0.0,0,0.0,0.006368849440163943,31
4587.724803729,40.81999999999557,0,1,0.0,0.0,0.0,0.0,0.0,0.0,0,0.0,0.00636973585974876,31
4587.73479659,40.82999999999554,0,1,0.0,0.0,0.0,0.0,0.0,0.0,0,0.0,0.006370598856377349,31
4587.74769963,40.83999999999552,0,1,0.0,0.0,0.0,0.0,0.0,0.0,0,0.0,0.006371439050120442,32
4587.754910298,40.8499999999955,0,1,0.0,0.0,0.0,0.0,0.0,0.0,0,0.0,0.006372257044575794,35
4587.764851861,40.85999999999547,0,1,0.0,0.0,0.0,0.0,0.0,0.0,0,0.0,0.006373053427308831,35
4587.774850494,40.86999999999545,0,1,0.0,0.0,0.0,0.0,0.0,0.0,0,0.0,0.006373828770281184,35
4587.784865432,40.87999999999543,0,1,0.0,0.0,0.0,0.0,0.0,0.0,0,0.0,0.0063745836302677855,38
4587.7948241,40.8899999999954,0,1,0.0,0.0,0.0,0.0,0.0,0.0,0,0.0,0.0063753185492627235,38
4587.804806659,40.89999999999538,0,1,0.0,0.0,0.0,0.0,0.0,0.0,0,0.0,0.0063760340548739,38
4587.814856921,40.90999999999536,0,1,0.0,0.0,0.0,0.0,0.0,0.0,0,0.0,0.006376730660707236,41
4587.824804962,40.91999999999533,0,1,0.0,0.0,0.0,0.0,0.0,0.0,0,0.0,0.0063774088667405,41
4587.834849097,40.92999999999531,0,1,0.0,0.0,0.0,0.0,0.0,0.0,0,0.0,0.006378069159686764,41
4587.844840186,40.93999999999529,0,1,0.0,0.0,0.0,0.0,0.0,0.0,0,0.0,0.006378712013348525,41
4587.854839554,40.94999999999526,0,1,0.0,0.0,0.0,0.0,0.0,0.0,0,0.0,0.006379337888961847,43
4587.864875044,40.95999999999524,0,1,0.0,0.0,0.0,0.0,0.0,0.0,0,0.0,0.006379947235531411,43
4587.874828883,40.96999999999522,0,1,0.0,0.0,0.0,0.0,0.0,0.0,0,0.0,0.006380540490156586,43
4587.884889301,40.979999999995194,0,1,0.0,0.0,0.0,0.0,0.0,0.0,0,0.0,0.006381118078348694,47
4587.894809408,40.98999999999517,0,1,0.0,0.0,0.0,0.0,0.0,0.0,0,0.0,0.006381680414339688,47
4587.904806433,40.99999999999515,0,1,0.0,0.0,0.0,0.0,0.0,0.0,0,0.0,0.006382227901382487,47
4587.917151092,41.009999999995124,0,1,0.0,0.0,0.0,0.0,0.0,0.0,0,0.0,0.0063827609320434575,48
4587.924796903,41.0199999999951,0,1,0.0,0.0,0.0,0.0,0.0,0.0,0,0.0,0.006383279888486748,50
4587.934814039,41.02999999999508,0,1,0.0,0.0,0.0,0.0,0.0,0.0,0,0.0,0.006383785142751314,50
4587.944815261,41.039999999995054,0,1,0.0,0.0,0.0,0.0,0.0,0.0,0,0.0,0.0063842770570201185,50
4587.954870418,41.04999999999503,0,1,0.0,0.0,0.0,0.0,0.0,0.0,0,0.0,0.006384755983882454,53
4587.964808247,41.05999999999501,0,1,0.0,0.0,0.0,0.0,0.0,0.0,0,0.0,0.006385222266589066,53
4587.974814186,41.069999999994984,0,1,0.0,0.0,0.0,0.0,0.0,0.0,0,0.0,0.006385676239300503,53
4587.986423081,41.07999999999496,0,1,0.0,0.0,0.0,0.0,0.0,0.0,0,0.0,0.006386118227328694,56
4587.994833409,41.08999999999494,0,1,0.0,0.0,0.0,0.0,0.0,0.0,0,0.0,0.006386548547372237,57
4588.004801167,41.099999999994914,0,1,0.0,0.0,0.0,0.0,0.0,0.0,0,0.0,0.006386967507745284,57
4588.014789825,41.10999999999489,0,1,0.0,0.0,0.0,0.0,0.0,0.0,0,0.0,0.006387375408600238,57
4588.024857024,41.11999999999487,0,1,0.0,0.0,0.0,0.0,0.0,0.0,0,0.0,0.006387772542144662,60
4588.034852691,41.129999999994844,0,1,0.0,0.0,0.0,0.0,0.0,0.0,0,0.0,0.006388159192852141,60
4588.044871941,41.13999999999482,0,1,0.0,0.0,0.0,0.0,0.0,0.0,0,0.0,0.006388535637667878,60
4588.054879723,41.1499999999948,0,1,0.0,0.0,0.0,0.0,0.0,0.0,0,0.0,0.006388902146208339,63
4588.065179708,41.159999999994774,0,1,0.0,0.0,0.0,0.0,0.0,0.0,0,0.0,0.006389258980955992,63
4588.07523328,41.16999999999475,0,1,0.0,0.0,0.0,0.0,0.0,0.0,0,0.0,0.006389606397448538,63
4588.086676341,41.17999999999473,0,1,0.0,0.0,0.0,0.0,0.0,0.0,0,0.0,0.006389944644463227,64
4588.095455203,41.189999999994704,1,1,6.4552792892643405,8.410231743718924,0.0,0.0,0.41092272861098744,0.41092272861098744,0,13.513164261163531,0.006099113788871444,66
4588.105023476,41.19999999999468,1,1,6.2462413042608524,8.423059829088864,0.1,0.5999999999999999,0.4036442842163411,0.4036442842163411,0,13.513312700780162,0.00639521012735389,66
4588.115481013,41.20999999999466,1,1,6.391427334366031,8.467994459268478,0.1,0.6,0.3952582524346879,0.3952582524346879,0,13.513924800885807,0.008037420987875799,67
4588.125491603,41.219999999994634,1,1,6.60900292198427,8.522186845516043,0.1,0.6000000000000001,0.3862787557421859,0.3862787557421859,0,13.514882412607207,0.011013943647936897,73
4588.135487472,41.22999999999461,1,1,6.915363802509141,8.585271236712188,0.1,0.5999999999999999,0.37706364267894776,0.37706364267894776,0,13.516030923903399,0.013617135290998061,74
4588.145374579,41.23999999999459,1,1,7.13890547860124,8.648712689870132,0.09999999999999999,0.6,0.3678578611997576,0.3678578611997576,0,13.51722053757126,0.015881497362520258,74
4588.156205013,41.249999999994564,1,1,7.322062096776542,8.715617607760706,0.1,0.6,0.35887171772269616,0.35887171772269616,0,13.518304891329715,0.017841168437098598,77
4588.165529976,41.25999999999454,1,1,7.446693734330541,8.785375001539153,0.06447393635771696,0.6,0.3502770348206198,0.3502770348206198,0,13.5191426186409,0.01952791023067596,78
4588.175354297,41.26999999999452,1,1,7.5312472867894185,8.859302695455268,0.0,0.6,0.34249848735218064,0.34249848735218064,0,13.519689130228867,0.020974751948995618,79
4588.185642541,41.279999999994494,1,1,7.3662587590197415,8.931027029676589,0.03600142989347301,0.6,0.33541591937619425,0.33541591937619425,0,13.51995922454531,0.022211362712524163,80
4588.195441581,41.28999999999447,1,1,7.311715233858936,8.99580805347302,0.0,0.5999999999999999,0.3288451073732544,0.3288451073732544,0,13.51986463785493,0.02326368309129606,86
4588.205307973,41.29999999999445,1,1,6.998190712159164,9.054328379480422,0.1,0.6,0.32309102383536714,0.32309102383536714,0,13.519301261909883,0.024156296344069628,86
4588.215313093,41.309999999994425,1,1,6.6300528582842375,9.099916860208959,0.054896092377872845,0.6,0.3333558040460568,0.3333558040460568,0,13.518298577250503,0.024911421898818953,86
4588.225592508,41.3199999999944,1,1,6.183804970035298,9.131012401490523,0.0,0.5999999999999999,0.3462847399785744,0.3462847399785744,0,13.516905321394372,0.02554935668710817,90
4588.235521843,41.32999999999438,1,1,5.6239136287108655,9.151656154904742,0.0,0.6,0.35976258118572507,0.35976258118572507,0,13.515179629156963,0.026087655107184082,90
4588.245695362,41.339999999994355,1,1,4.929256246173112,9.157903613904924,0.019308174104275867,0.6,0.3735386251178113,0.3735386251178113,0,13.513191899556922,0.02654158089893416,90
4588.258038305,41.34999999999433,1,1,4.189368462374616,9.143984190491178,0.09999999999999999,0.6,0.3867006538975671,0.3867006538975671,0,13.511023699895945,0.0269264676789161,92
4588.265592389,41.35999999999431,1,1,3.3908166311730414,9.094100932833339,0.0,0.6,0.3996870240829825,0.3996870240829825,0,13.508769085008568,0.02726251349943931,98
4588.275499038,41.369999999994285,1,1,2.3382601757905244,8.987990892542346,0.08884049183247941,0.6,0.41471642201415154,0.41471642201415154,0,13.506531785252118,0.028436871767625993,98
4588.285649803,41.37999999999426,1,1,1.5092437914910164,8.792777339786122,0.1,0.6,0.42663302080580195,0.42663302080580195,0,13.50441574540787,0.0297689782568189,99
4588.295457233,41.38999999999424,1,1,1.072609887808162,8.465250375543688,0.09999999999999999,0.6,0.43908684595676106,0.43908684595676106,0,13.502534247407432,0.031088864583380893,105
4588.305458909,41.399999999994215,1,1,1.95495425869963,8.067234824120183,0.1,0.5999999999999999,0.4484370864067992,0.4484370864067992,0,13.500995471010663,0.032385743967030756,106
4588.315369981,41.40999999999419,1,1,3.08465952514339,7.6261931690347415,0.1,0.6000000000000001,0.45570132836525656,0.45570132836525656,0,13.499894818883423,0.03363663199519151,107
4588.327170862,41.41999999999417,1,1,4.24572762397153,7.170864268132914,0.1,0.6,0.4607449973756188,0.4607449973756188,0,13.499302400591088,0.03482478729273453,111
4588.335960726,41.429999999994145,1,1,5.379495847957663,6.715846357829295,0.1,0.6,0.4635126689775345,0.4635126689775345,0,13.499205581371072,0.03593564715127906,116
4588.345710826,41.43999999999412,1,1,6.470778351287923,6.266466953457068,0.10000000000000003,0.6,0.46360628090801115,0.46360628090801115,0,13.499551169376584,0.036952555259491815,118
4588.355238088,41.4499999999941,1,1,7.515550058193033,5.823967713183397,0.09999999999999999,0.6,0.4607346734163238,0.4607346734163238,0,13.500432569604024,0.03785735316310679,121
4588.365315081,41.459999999994075,1,1,8.506875801303028,5.39595504143615,0.09999999999999999,0.6,0.43292600160084493,0.43292600160084493,0,13.501985127760994,0.0385349900799099,127
4588.375307852,41.46999999999405,1,1,9.436052453700043,4.993858922360463,0.09999999999999999,0.6,0.3985423816488107,0.3985423816488107,0,13.504210022319654,0.03882247052478549,128
4588.38512409,41.47999999999403,1,1,10.301182700024892,4.624354557518242,0.09999999999999999,0.6,0.3639646160816029,0.3639646160816029,0,13.507083601972585,0.03875132607706888,130
4588.395577365,41.489999999994005,1,1,11.100303527170828,4.292145161512582,0.10000000000000003,0.6000000000000001,0.3410106293906711,0.3410106293906711,0,13.5105767799165,0.03835502435944638,134
4588.40580829,41.49999999999398,1,1,11.83575535267267,4.000532503138697,0.1,0.5999999999999999,0.32872783346671397,0.32872783346671397,0,13.514648555211387,0.037665133603665524,134
4588.415426836,41.50999999999396,1,1,12.505454726396884,3.755600057052279,0.10000000000000002,0.6,0.3165069293907494,0.3165069293907494,0,13.519250586216462,0.03671142867948851,135
4588.428392124,41.519999999993935,1,1,13.108699341401037,3.5638812193468428,0.10000000000000002,0.6000000000000001,0.3042089591790151,0.3042089591790151,0,13.52432325502589,0.0354854157189759,136
4588.435406621,41.52999999999391,1,1,13.648588550624538,3.4308756265112037,0.09999999999999999,0.6,0.2922541038141245,0.2922541038141245,0,13.529778665529006,0.03399384416066353,5
4588.44557517,41.53999999999389,1,1,14.130077444647457,3.359460035302212,0.1,0.6,0.2808006886873184,0.2808006886873184,0,13.535529458894924,0.03227391212886621,5
4588.455608441,41.549999999993865,1,1,14.55907919545379,3.347665128832775,0.09999999999999999,0.5999999999999999,0.26988147088349607,0.26988147088349607,0,13.5414990281891,0.03167239819159262,6
4588.465671238,41.55999999999384,1,1,14.939382378074828,3.3911917085336842,0.09999999999999999,0.6,0.2596452456905698,0.2596452456905698,0,13.547618139546502,0.031166530384419272,9
4588.475831705,41.56999999999382,1,1,15.27758622494238,3.479919754277541,0.1,0.6,0.2499082959590728,0.2499082959590728,0,13.55382703797692,0.030613724285405236,12
4588.485656699,41.579999999993795,1,1,15.575745151969345,3.608194567936342,0.1,0.6,0.24107980479756444,0.24107980479756444,0,13.560081317071337,0.03002510010778292,14
4588.496878574,41.58999999999377,1,1,15.837550290181131,3.766354894008359,0.10000000000000002,0.6,0.23319424779368902,0.23319424779368902,0,13.566329395019915,0.029412982538129767,18
4588.505499351,41.59999999999375,1,1,16.07070242052834,3.9430227021907456,0.1,0.6,0.2258794595114993,0.2258794595114993,0,13.572522119981498,0.028787684044583317,23
4588.515602119,41.609999999993725,1,1,16.276894150977217,4.131834725355506,0.1,0.6,0.21920004018874428,0.21920004018874428,0,13.578614506696017,0.028155159349866954,24
4588.525586994,41.6199999999937,1,1,16.459666316187192,4.3274518567581906,0.1,0.6,0.2132079111490507,0.2132079111490507,0,13.584565521919506,0.02752288731628899,25
4588.535437038,41.62999999999368,1,1,16.62227794792274,4.524413235046322,0.1,0.5999999999999999,0.20766736497381072,0.20766736497381072,0,13.590337838990116,0.026896699515519956,29
4588.545539213,41.639999999993655,1,1,16.765904850857638,4.7206683688811735,0.09999999999999999,0.6,0.20289188661927993,0.20289188661927993,0,13.595897648606961,0.026281201504167268,30
4588.555508708,41.64999999999363,1,1,16.8940562124106,4.913234838086184,0.10000000000000002,0.5999999999999999,0.1986896289393711,0.1986896289393711,0,13.601214713835592,0.02568158322580391,31
4588.566302488,41.65999999999361,1,1,17.00746566981731,5.101056381614455,0.1,0.6,0.20206184409463046,0.20206184409463046,0,13.606261789538221,0.02510284648004729,36
4588.575692139,41.669999999993586,1,1,17.108094834120603,5.281803534425045,0.1,0.6,0.22119928128730906,0.22119928128730906,0,13.611014304565472,0.024551149665566735,38
4588.585963971,41.67999999999356,1,1,17.19818883157616,5.453936025674598,0.10000000000000002,0.6000000000000001,0.23887146904144685,0.23887146904144685,0,13.615450359068472,0.024031075875048213,40
4588.595833911,41.68999999999354,1,1,17.2787662759396,5.616818183236824,0.1,0.6000000000000001,0.2549917708193029,0.2549917708193029,0,13.619550848464,0.023547653988729433,41
4588.605611774,41.699999999993516,1,1,17.351373906966526,5.769527965279688,0.1,0.6,0.266964107047279,0.266964107047279,0,13.623299173845378,0.023102001845378195,48
4588.615604022,41.70999999999349,1,1,17.417056668405102,5.91197022628848,0.1,0.6,0.2704052991543758,0.2704052991543758,0,13.62667979893515,0.022664574460630083,48
4588.625527599,41.71999999999347,1,1,17.477355198358644,6.044727894609675,0.1,0.6,0.27326669930222147,0.27326669930222147,0,13.629677530608745,0.022233620917365554,49
4588.635503642,41.729999999993446,1,1,17.53246346838125,6.168313747798682,0.1,0.6,0.2755360621015547,0.2755360621015547,0,13.632329517083797,0.021817611798868736,54
4588.645539715,41.73999999999342,1,1,17.58468301946669,6.283573680638558,0.1,0.6000000000000001,0.27734953646530874,0.27734953646530874,0,13.63472821128181,0.021422778278409632,55
4588.655378141,41.7499999999934,1,1,17.635740892431247,6.391454933004503,0.1,0.5999999999999999,0.2790107348462777,0.2790107348462777,0,13.636902962839594,0.021052038858750788,55
4588.667134814,41.759999999993376,1,1,17.684325040029872,6.492449707488197,0.10000000000000002,0.6,0.28026703369469136,0.28026703369469136,0,13.638700035974527,0.02070787551394679,57
4588.67512987,41.76999999999335,1,1,17.73079763942406,6.587303437528049,0.09999999999999999,0.6000000000000001,0.2812259742802939,0.2812259742802939,0,13.640011422608747,0.020392962813863602,61
4588.685068905,41.77999999999333,1,1,17.775373126220327,6.6766543530933475,0.1,0.6,0.28199236536123473,0.28199236536123473,0,13.640837491905332,0.02010844482065835,61
4588.695142561,41.789999999993306,1,1,17.81820008641679,6.76091178031462,0.10000000000000002,0.6,0.2825539181162986,0.2825539181162986,0,13.64117886760422,0.01985380887285662,61
4588.705306445,41.79999999999328,1,1,17.859252082957173,6.840530502359616,0.10000000000000002,0.5999999999999999,0.28290180593143954,0.28290180593143954,0,13.64103635697158,0.01979733844156173,65
4588.715116772,41.80999999999326,1,1,17.89933715007531,6.916584396685547,0.10000000000000002,0.6,0.28322835512730377,0.28322835512730377,0,13.640411424308704,0.020628847163115083,65
4588.725178936,41.819999999993236,1,1,17.93767108989323,6.988677349208547,0.1,0.6,0.28329560435241435,0.28329560435241435,0,13.639306127694772,0.021382218983632573,65
4588.736516129,41.82999999999321,1,1,17.97461324298318,7.057376654967383,0.1,0.6,0.28326260804997605,0.28326260804997605,0,13.637722819784777,0.022063666907352175,69
4588.745316546,41.83999999999319,1,1,18.0104825760452,7.122113799876722,0.1,0.6000000000000001,0.28295213640114303,0.28295213640114303,0,13.63566369204091,0.022677608300586183,72
4588.755215517,41.849999999993166,1,1,18.04525179692256,7.1814815560073075,0.1,0.6,0.2824073896039946,0.2824073896039946,0,13.633130740237627,0.02322905930317498,74
4588.765164221,41.85999999999314,1,1,18.078606739569533,7.232504125243082,0.10000000000000002,0.6,0.2812092733218238,0.2812092733218238,0,13.630125195046311,0.023719177214407416,75
4588.775910002,41.86999999999312,1,1,18.110857616424994,7.268156397353205,0.10000000000000002,0.5999999999999999,0.2794568274980531,0.2794568274980531,0,13.626647025409271,0.02414803334788429,80
4588.78513737,41.879999999993096,1,1,18.142143949987467,7.260819283092514,0.1,0.6,0.2762155311910489,0.2762155311910489,0,13.622693856365611,0.024511175403319818,81
4588.795905587,41.88999999999307,1,1,18.17283249249517,7.175111362345861,0.10000000000000003,0.6,0.2712616626287979,0.2712616626287979,0,13.618258880087284,0.024799192051641494,84
4588.806209974,41.89999999999305,1,1,18.203018216922437,6.958702499712025,0.10000000000000002,0.6,0.2637306844739095,0.2637306844739095,0,13.613330300652413,0.024998693476177003,91
4588.815660758,41.909999999993026,1,1,18.233175064053857,6.676992193198987,0.10000000000000002,0.6,0.25428149340081146,0.25428149340081146,0,13.607891882919164,0.02509648124537578,95
4588.825523032,41.919999999993,1,1,18.263588038676403,6.334825414544028,0.10000000000000002,0.6,0.24170588461987869,0.24170588461987869,0,13.601926687739534,0.02507627670581347,97
4588.836792111,41.92999999999298,1,1,18.294011180456817,5.9642786986393,0.09999999999999999,0.6,0.2390963375690455,0.2390963375690455,0,13.595419308657734,0.02493143495560224,99
4588.845133005,41.939999999992956,1,1,18.325048790625356,5.60156764525547,0.1,0.5999999999999999,0.25578672052955553,0.25578672052955553,0,13.588354386986738,0.02462872706770769,101
4588.855441573,41.94999999999293,1,1,18.35661421556351,5.233857718996239,0.1,0.5999999999999999,0.26809034511009844,0.26809034511009844,0,13.580718293977942,0.02400932119354726,101
4588.865120345,41.95999999999291,1,1,18.388426845370137,4.889076234461178,0.10000000000000002,0.6,0.2807937990119027,0.2807937990119027,0,13.572506645687362,0.02305889274237294,102
4588.875417552,41.969999999992886,1,1,18.420506953760675,4.580655745470998,0.1,0.6,0.2964843702588302,0.2964843702588302,0,13.563721297725756,0.021809235021917006,106
4588.885383869,41.97999999999286,1,1,18.452767351527978,4.316423777867497,0.1,0.6,0.31089045552652844,0.31089045552652844,0,13.554367768901058,0.02029288739317514,106
4588.89504052,41.98999999999284,1,1,18.485454748356812,4.111475684513545,0.1,0.6,0.3241915663849061,0.3241915663849061,0,13.544454681691088,0.019473765286092237,107
4588.906018726,41.999999999992816,1,1,18.519044811208676,3.978173317497395,0.09999999999999999,0.6000000000000001,0.33704482176436773,0.33704482176436773,0,13.533993924069318,0.020221548373421605,112
4588.91558657,42.00999999999279,1,1,18.553314817364896,3.9087041962062448,0.09999999999999999,0.5999999999999999,0.3487931894637758,0.3487931894637758,0,13.5229998931,0.021684753524761735,114
4588.925020085,42.01999999999277,1,1,18.58854961432312,3.909885708506121,0.1,0.6,0.35993262599493164,0.35993262599493164,0,13.511489217637294,0.023116696008040893,115
4588.937195463,42.02999999999275,1,1,18.624792438924406,3.9695525711020148,0.09999999999999999,0.6,0.37003418304592134,0.37003418304592134,0,13.499480968772016,0.02451269153150526,118
4588.945042679,42.03999999999272,1,1,18.66199276825063,4.084669411914743,0.1,0.6,0.37957854830348,0.37957854830348,0,13.48699643485484,0.025868568419185722,123
4588.955135821,42.0499999999927,1,1,18.699928202820978,4.248077152951755,0.09999999999999999,0.6,0.3888996896193879,0.3888996896193879,0,13.474059099257431,0.027184673075259624,123
4588.965132098,42.05999999999268,1,1,18.73785052633699,4.4541169526551725,0.1,0.6,0.3986314555083842,0.3986314555083842,0,13.460694262519187,0.02846629929678146,123
4588.975028985,42.06999999999265,1,1,18.77491151213519,4.686712826724124,0.1,0.6,0.408555544859737,0.408555544859737,0,13.446929072517861,0.029718912316458068,129
4588.985117539,42.07999999999263,1,1,18.809728924595532,4.937536890927294,0.1,0.5999999999999999,0.41874430351215736,0.41874430351215736,0,13.43279291165053,0.03094797768637947,129
4588.995068322,42.08999999999261,1,1,18.837346672570977,5.201888758952832,0.1,0.6,0.4297094172766325,0.4297094172766325,0,13.418317567493848,0.03216177739595261,129
4589.00613791,42.09999999999258,1,1,18.8497258829567,5.468314893599158,0.09999999999999999,0.5999999999999999,0.4410502752552055,0.4410502752552055,0,13.403537851902863,0.03336579729549194,132
4589.015009153,42.10999999999256,1,1,18.821938976386498,5.733761163622355,0.1,0.6,0.45302497485498616,0.45302497485498616,0,13.388493583549888,0.034567485969222655,133
4589.025091185,42.11999999999254,1,1,18.646381958842884,5.993272642592393,0.09999999999999999,0.6,0.4489562419039458,0.4489562419039458,0,13.37323440451323,0.035680333876214165,133
4589.035027817,42.12999999999251,1,1,17.947016090995074,6.244557873152397,0.1,0.6,0.44807589707665063,0.44807589707665063,0,13.357836479027,0.03666521172735937,133
4589.045151753,42.13999999999249,1,1,16.516922302380443,6.483328001944436,0.1,0.6,0.44782887034443497,0.44782887034443497,0,13.342399212427804,0.037551771091955954,138
4589.056186492,42.14999999999247,1,1,14.894848531361191,6.7099233363483135,0.10000000000000003,0.6,0.4479175371486203,0.4479175371486203,0,13.327019456478391,0.03835244810303218,139
4589.065406022,42.15999999999244,1,1,13.208145865261432,6.9206804438047484,0.1,0.6,0.4487066279777502,0.4487066279777502,0,13.311781237000822,0.0390802091608391,140
4589.075680667,42.16999999999242,1,1,11.54582231276428,7.119399292187691,0.10000000000000002,0.6,0.4440563744681443,0.4440563744681443,0,13.296764632959416,0.03973011808856919,144
4589.085582752,42.1799999999924,1,1,9.94398525249429,7.305448037787965,0.10000000000000003,0.6,0.43393286206312576,0.43393286206312576,0,13.282093822630404,0.040232328610429136,147
4589.095843619,42.189999999992374,1,1,8.449680522409537,7.47546686556912,0.1,0.6,0.42281479163171454,0.42281479163171454,0,13.267941849732054,0.04058467885053574,147
4589.108040207,42.19999999999235,1,1,7.136565116568895,7.616537562982078,0.10000000000000003,0.6,0.41040731148009724,0.41040731148009724,0,13.254461341272842,0.04079095821288714,149
4589.11528717,42.20999999999233,1,1,6.0810047339989435,7.65834262208223,0.09999999999999999,0.6,0.39719815263485764,0.39719815263485764,0,13.241779502276707,0.040853190720638644,154
4589.125112626,42.219999999992304,1,1,5.429477019898269,7.592423152043778,0.09999999999999999,1.3221506537022274e-13,0.38195145687450144,0.38195145687450144,0,13.229999917451664,0.040767166556016976,154
4589.135314688,42.22999999999228,1,1,5.263045654350624,7.524382428111017,0.1,0.5624366859413695,0.36498125884690114,0.36498125884690114,0,13.219206322891955,0.040552062324026084,155
4589.145585793,42.23999999999226,1,1,5.59207092023341,7.418274673007146,0.09999999999999999,0.39058554568807485,0.34939053438295375,0.34939053438295375,0,13.209464078590036,0.04019230834240406,161
4589.155420712,42.249999999992234,1,1,6.27952323274826,7.302963167624145,0.1,0.6,0.33540482669567345,0.33540482669567345,0,13.200822304402317,0.03971058884429235,161
4589.165308502,42.25999999999221,1,1,7.171337067619383,7.1870758592372015,0.09999999999999999,0.6,0.3175130305064307,0.3175130305064307,0,13.193309764244288,0.03913304003643758,161
4589.176462206,42.26999999999219,1,1,8.160842000671325,7.028835892503974,0.10000000000000002,0.6,0.29543791904404026,0.29543791904404026,0,13.186935692089458,0.03841740934155502,165
4589.185210705,42.279999999992164,1,1,9.176859276019721,6.899264863483881,0.1,0.6,0.27899507488941394,0.27899507488941394,0,13.181703255906635,0.03754790002062314,167
4589.195042909,42.28999999999214,1,1,10.175497070583363,6.81053517357602,0.10000000000000003,0.6,0.266226679645887,0.266226679645887,0,13.177606432850517,0.036534032575289865,168
4589.20597255,42.29999999999212,1,1,11.133682230213969,6.722572544994143,0.1,0.6,0.25337175046527277,0.25337175046527277,0,13.174629105872828,0.03537408135834297,168
4589.216115246,42.309999999992094,1,1,12.045995433226166,6.638936220664264,0.1,0.5999999999999999,0.2412684395087219,0.2412684395087219,0,13.172738276709216,0.0340698056640647,174
4589.225769011,42.31999999999207,1,1,12.920040762317488,6.560746199853508,0.09999999999999999,0.6000000000000001,0.2310491758055123,0.2310491758055123,0,13.17184383372736,0.032626644787225434,176
4589.235084261,42.32999999999205,1,1,13.742063285597535,6.483474296919635,0.10000000000000002,0.6,0.22359951103759418,0.22359951103759418,0,13.171979226930334,0.03105422527620516,177
4589.245572256,42.339999999992024,1,1,14.497530398937482,6.4052567143747785,0.1,0.6,0.23859709377463498,0.23859709377463498,0,13.173017139934466,0.029357115357209862,183
4589.255550474,42.349999999992,1,1,15.184431139465074,6.348722038915393,0.10000000000000002,0.6,0.25400111095638905,0.25400111095638905,0,13.17484426970902,0.027547876336023958,185
4589.265684675,42.35999999999198,1,1,15.806687447650708,6.2802288307412635,0.1,0.6,0.2696097159655442,0.2696097159655442,0,13.177366776017982,0.026677331097345824,186
4589.277661176,42.369999999991954,1,1,16.369012023824425,6.210054337793011,0.1,0.6,0.2850479424490103,0.2850479424490103,0,13.180503184412004,0.025942059516943283,189
4589.28515936,42.37999999999193,1,1,16.87736649530296,6.13532958906309,0.09999999999999999,0.6,0.3005387307579484,0.3005387307579484,0,13.184132737726818,0.025140544020421096,194
4589.295503906,42.38999999999191,1,1,17.3388511897687,6.065006474300344,0.1,0.6,0.3151335360634099,0.3151335360634099,0,13.188021294922523,0.024261639944314517,196
4589.305047663,42.399999999991884,1,1,17.75660045284896,5.992398351948324,0.1,0.6,0.3290949046871743,0.3290949046871743,0,13.19228180969933,0.02329542788510075,197
4589.315785533,42.40999999999186,1,1,18.13411996782569,5.92329327571172,0.10000000000000002,0.6,0.34238692559895506,0.34238692559895506,0,13.196939749451207,0.022229288072238784,201
4589.325116744,42.41999999999184,1,1,18.47513373091685,5.866314099097143,0.1,0.6,0.35445525073051176,0.35445525073051176,0,13.201953854328211,0.022246660766561233,203
4589.335550424,42.429999999991814,1,1,18.783467965372697,5.821768134615658,0.1,0.6,0.3648484712745397,0.3648484712745397,0,13.207283687747648,0.023649179033714662,204
4589.346802364,42.43999999999179,1,1,19.062111326022354,5.794110827292305,0.1,0.6,0.37352267776892545,0.37352267776892545,0,13.212894981532806,0.025007811131024793,207
4589.355686056,42.44999999999177,1,1,19.312744994741745,5.790856879350805,0.1,0.6,0.38029960995939394,0.38029960995939394,0,13.218808025297237,0.026309618013097807,210
4589.365432934,42.459999999991744,1,1,19.53883050127015,5.809988909441376,0.1,0.5999999999999999,0.38513355880346556,0.38513355880346556,0,13.224965791854613,0.027540820352948164,212
4589.375149844,42.46999999999172,1,1,19.74390460082715,5.849612052642077,0.1,0.6,0.38811553654372055,0.38811553654372055,0,13.231307814355086,0.028690206082610442,212
4589.38516085,42.4799999999917,1,1,19.930379135552602,5.908830528880343,0.10000000000000003,0.5999999999999999,0.38984569460440527,0.38984569460440527,0,13.237812189820204,0.02975077623413694,219
4589.39508624,42.489999999991674,1,1,20.10051963737341,5.984581707471208,0.1,0.5999999999999999,0.3906655862330475,0.3906655862330475,0,13.244460920117309,0.03072092891980885,219
4589.405309349,42.49999999999165,1,1,20.25650413113829,6.072849575234853,0.1,0.6,0.39081858970571065,0.39081858970571065,0,13.251239251135093,0.031601286219747365,219
4589.415229452,42.50999999999163,1,1,20.40003869023817,6.170476605122968,0.10000000000000002,0.6,0.3907172329822954,0.3907172329822954,0,13.258135351167825,0.03239781609240899,223
4589.425090947,42.519999999991605,1,1,20.53276057468133,6.274476878503373,0.1,0.6,0.39045524705517487,0.39045524705517487,0,13.265139848803031,0.033115656762434,223
4589.435213302,42.52999999999158,1,1,20.655838413635603,6.381874029124311,0.1,0.6,0.39048255727236403,0.39048255727236403,0,13.272245398345659,0.0337633349307605,0
4589.447360365,42.53999999999156,1,1,20.77060332154453,6.493363360546224,0.1,0.6,0.3903737979292192,0.3903737979292192,0,13.279446179194611,0.034347363664757186,2
4589.455542048,42.549999999991535,1,1,20.87809222281088,6.5984465939309445,0.1,0.6,0.39113981097395745,0.39113981097395745,0,13.2867373448359,0.03487886935681073,5
4589.465189798,42.55999999999151,1,1,20.979270337579322,6.684656733698118,0.1,0.6000000000000001,0.39286598316405263,0.39286598316405263,0,13.294114244499408,0.035372609937374455,5
4589.475102963,42.56999999999149,1,1,21.074965555261002,6.726801442194405,0.1,0.6,0.39521035778334707,0.39521035778334707,0,13.301571804633875,0.035837462066362125,7
4589.486384419,42.579999999991465,1,1,21.165709681888035,6.698097315173733,0.1,0.6,0.39772414375673637,0.39772414375673637,0,13.309104343525426,0.03628300336836901,12
4589.495910809,42.58999999999144,1,1,21.252235887544227,6.586310057572152,0.1,0.6,0.3986433082289796,0.3986433082289796,0,13.316705194587167,0.03670256919504733,15
4589.506227436,42.59999999999142,1,1,21.334791964075905,6.421944252383908,0.1,0.6,0.3968039055436443,0.3968039055436443,0,13.324367679050276,0.03707758505486272,16
4589.5166253,42.609999999991395,1,1,21.413865068050114,6.2617107157202785,0.10000000000000003,0.6,0.3900635077157997,0.3900635077157997,0,13.332086596138186,0.0373707118965918,21
4589.525615019,42.61999999999137,1,1,21.489164113094272,6.130415244235365,0.1,0.5999999999999999,0.41869078803293325,0.41869078803293325,0,13.339860361386,0.0375480646835836,24
4589.535169437,42.62999999999135,1,1,21.561176895840244,6.021870043994864,0.10000000000000003,0.6,0.445752920041367,0.445752920041367,0,13.347691414977435,0.03757106931852261,25
4589.546040175,42.639999999991325,1,1,21.62948486697001,5.9315061467231995,0.1,0.6,0.4705721095079545,0.4705721095079545,0,13.355587230626057,0.037414329299720384,25
4589.555673982,42.6499999999913,1,1,21.69308347396023,5.8746293682682245,0.1,0.5999999999999999,0.4925811333876242,0.4925811333876242,0,13.363559729776043,0.03706420658273199,31
4589.565096368,42.65999999999128,1,1,21.750900693289456,5.848802703348811,0.1,0.6,0.5118129600947748,0.5118129600947748,0,13.371624553754373,0.03652025992108382,32
4589.575046544,42.669999999991255,1,1,21.80285611403062,5.853204486286898,0.1,0.5999999999999999,0.5276420916769025,0.5276420916769025,0,13.379799846930636,0.0357844300774999,33
4589.585009899,42.67999999999123,1,1,21.845478130307267,5.892459261492655,0.1,0.6,0.540203641068285,0.540203641068285,0,13.388106827873939,0.03486969164928391,37
4589.595218873,42.68999999999121,1,1,21.87883079713812,5.962219138478291,0.10000000000000002,0.6,0.5495802147427913,0.5495802147427913,0,13.396569693738707,0.034595619310655135,38
4589.60571511,42.699999999991185,1,1,21.89797552368137,6.054820016035996,0.10000000000000002,0.6,0.5560315421925164,0.5560315421925164,0,13.405215067376139,0.03660291018875772,39
4589.617840246,42.70999999999116,1,1,21.898146055617733,6.170251601927641,0.1,0.6,0.5596113723643434,0.5596113723643434,0,13.41407237902701,0.038463818247008064,43
4589.625862012,42.71999999999114,1,1,21.87618521280708,6.298619530303686,0.1,0.6000000000000001,0.5608817613961445,0.5608817613961445,0,13.423175087520484,0.04016813598648472,48
4589.635788975,42.729999999991115,1,1,21.80999509254532,6.440547580591302,0.1,0.5999999999999999,0.5598257950507836,0.5598257950507836,0,13.432560580850616,0.041708561135385125,49
4589.645579939,42.73999999999109,1,1,21.675057784854143,6.590020826848194,0.10000000000000002,0.6,0.5567890049789496,0.5567890049789496,0,13.442271596685638,0.043080641986475765,50
4589.655330065,42.74999999999107,1,1,21.41519792444612,6.742535067698256,0.1,0.6,0.5516738057219223,0.5516738057219223,0,13.452357321519248,0.04428065333258613,55
4589.665377622,42.759999999991045,1,1,21.017359331029937,6.896109270667808,0.1,0.6,0.5448093917870058,0.5448093917870058,0,13.462875883088344,0.04530725721101869,55
4589.675574724,42.76999999999102,1,1,20.40907080816406,7.049968716070556,0.1,0.6,0.53618359617614,0.53618359617614,0,13.473891886096629,0.046159865105324105,56
4589.686677201,42.779999999991,1,1,19.557821707189465,7.20079853840794,0.1,0.6,0.5262568373984907,0.5262568373984907,0,13.485473848410512,0.04684086556195921,59
4589.69550223,42.789999999990975,1,1,18.583819311490366,7.350557852531789,0.1,0.6,0.5151292685278817,0.5151292685278817,0,13.49768952475787,0.04735479023581535,61
4589.705353199,42.79999999999095,1,1,17.5095007184481,7.498406456977125,0.09999999999999999,0.6,0.5027751977274281,0.5027751977274281,0,13.510601768112803,0.04770638565481167,61
4589.715407956,42.80999999999093,1,1,16.392562017512443,7.643356933307122,0.1,0.5999999999999999,0.48900849931598317,0.48900849931598317,0,13.524266687287835,0.04789803238904411,61
4589.72559791,42.819999999990905,1,1,15.278709789840661,7.784918525581157,0.1,0.5999999999999999,0.4737019386049256,0.4737019386049256,0,13.538733066616205,0.04793159302563654,67
4589.735290634,42.82999999999088,1,1,14.20161016931041,7.919355992187165,0.10000000000000002,0.5999999999999999,0.45652353041594484,0.45652353041594484,0,13.554041300111846,0.047804814140041785,68
4589.745498489,42.83999999999086,1,1,13.192869372526674,8.043217667104319,0.1,0.6,0.4371397623038056,0.4371397623038056,0,13.570221936704892,0.04751272636564652,68
4589.755368361,42.849999999990835,1,1,12.283700885744542,8.130307361034996,0.1,0.17024525316286931,0.43085803031612946,0.43085803031612946,0,13.587291445561203,0.04706193740763487,72
4589.765265023,42.85999999999081,1,1,11.51068944062677,7.962182021475479,0.10000000000000003,8.995507229703335e-14,0.4119184738646364,0.4119184738646364,0,13.60521253276148,0.04648219669233056,74
4589.776329399,42.86999999999079,1,1,10.896610080276824,7.930804993113136,0.1,8.471775674780676e-14,0.38898445336279297,0.38898445336279297,0,13.623830344361266,0.045790676421712195,74
4589.787863819,42.879999999990766,1,1,10.477095008683087,7.897852988701187,0.09999999999999999,0.6000000000000001,0.3707969771794901,0.3707969771794901,0,13.642962747732016,0.04502965874916098,77
4589.79546644,42.88999999999074,1,1,10.262169357505993,7.753093307642776,0.10000000000000002,2.42861286636753e-14,0.35813971200535333,0.35813971200535333,0,13.662427793820461,0.04421534369213287,82
4589.805556001,42.89999999999072,1,1,10.246612029872345,7.611050127687372,0.1,0.34033231340470843,0.3470317480170529,0.3470317480170529,0,13.682049859924863,0.04336583698718388,83
4589.815419879,42.909999999990696,1,1,10.408645916740003,7.4829652649206855,0.1,0.6,0.33691287086836763,0.33691287086836763,0,13.70166074511637,0.04249655979302713,85
4589.825672233,42.91999999999067,1,1,10.71618675738628,7.240686784590207,0.1,0.6,0.3284221671721188,0.3284221671721188,0,13.721092431993736,0.041622498686649134,90
4589.835561332,42.92999999999065,1,1,11.136894627280123,6.985206560466036,0.1,0.6,0.320174137743382,0.320174137743382,0,13.740173997781662,0.040751925466375516,92
4589.845536354,42.939999999990626,1,1,11.640958182531698,6.6774464842872305,0.1,0.6,0.31230871978161184,0.31230871978161184,0,13.758752805322908,0.03988667869453555,92
4589.857261989,42.9499999999906,1,1,12.202577919564089,6.265018157421802,0.09999999999999999,0.6,0.30613977565368916,0.30613977565368916,0,13.776710898672288,0.03904284124006652,95
4589.866038609,42.95999999999058,1,1,12.796145668912574,5.758012039522342,0.1,0.5999999999999999,0.30533812519466863,0.30533812519466863,0,13.793937083708084,0.03823672884626084,99
4589.875945618,42.969999999990556,1,1,13.399935230442546,5.232044742961332,0.09999999999999999,0.6,0.268381838932927,0.268381838932927,0,13.81030811870675,0.037324653500323546,101
4589.885891589,42.97999999999053,1,1,13.994915203726363,4.723972637154829,0.10000000000000002,0.6,0.2324830371688168,0.2324830371688168,0,13.825699193714001,0.03614459486479582,103
4589.895275765,42.98999999999051,1,1,14.565664639714434,4.223000641995556,0.1,0.5999999999999999,0.1972528943798165,0.1972528943798165,0,13.840007222033234,0.03473589537343047,109
4589.9058179,42.999999999990486,1,1,15.100769129190589,3.7269590735716887,0.09999999999999999,0.6,0.16074826735110187,0.16074826735110187,0,13.85315439668435,0.03311640644764946,110
4589.915154572,43.00999999999046,1,1,15.596080198410785,3.2313497186490943,0.09999999999999999,0.6,0.12249683787314099,0.12249683787314099,0,13.86508617780919,0.03129442150145212,112
4589.926465228,43.01999999999044,1,1,16.04186500200399,2.751530265233013,0.1,0.6000000000000001,0.08575151800873165,0.08575151800873165,0,13.875769011299345,0.029277928010206233,117
4589.93540405,43.029999999990416,1,1,16.441725597069997,2.2859933409897972,0.1,0.6,0.09229224172486084,0.09229224172486084,0,13.88518540531622,0.027065691332626596,121
4589.945905306,43.03999999999039,1,1,16.78772517022548,1.8647927950810548,0.10000000000000002,0.6,0.10228201864773598,0.10228201864773598,0,13.89333193141188,0.02466727750616826,121
4589.957382503,43.04999999999037,1,1,17.078175399317306,1.5074776256713156,0.10000000000000002,0.6,0.10875028223171765,0.10875028223171765,0,13.900209239737398,0.022091778991472966,124
4589.965421713,43.059999999990346,1,1,17.297897623954732,1.2769528278510482,0.10000000000000002,0.6,0.12051426590772994,0.12051426590772994,0,13.905865829734646,0.0193562089233541,127
4589.975586384,43.06999999999032,1,1,17.43310042142192,1.2451092144407836,0.1,0.6,0.13543538458338766,0.13543538458338766,0,13.910309922131221,0.016486964770409118,129
4589.985905169,43.0799999999903,1,1,17.38519393701929,1.3985779446811186,0.1,0.6,0.1634953110919815,0.1634953110919815,0,13.913489141206238,0.013512577345677457,129
4589.99583298,43.089999999990276,1,1,16.635422993392574,1.6883115008733538,0.1,0.6,0.19924727113050744,0.19924727113050744,0,13.915496436376287,0.010467212161315187,136
4590.005605358,43.09999999999025,1,1,15.397821861110799,2.0494181887408707,0.1,0.6,0.2338394720734005,0.2338394720734005,0,13.916452819886535,0.011095966255119369,137
4590.015205318,43.10999999999023,1,1,13.891393081787365,2.433327122059594,0.1,0.6,0.26627327592799355,0.26627327592799355,0,13.916079523404688,0.012445636833658319,137
4590.027295227,43.119999999990206,1,1,12.359133375569996,2.82085349302144,0.1,0.6,0.2950910952655324,0.2950910952655324,0,13.914327780437874,0.013818101156708992,140
4590.035749973,43.12999999999018,1,1,10.853239236651765,3.204244860430172,0.1,0.5999999999999999,0.3108442545295115,0.3108442545295115,0,13.911197328995549,0.015090827363560114,143
4590.045636559,43.13999999999016,1,1,9.415287967241559,3.5780463994728797,0.1,0.6,0.3251441035710603,0.3251441035710603,0,13.906793474616867,0.01619143351028414,145
4590.055294381,43.149999999990136,1,1,8.084177945498036,3.939152468657022,0.09999999999999999,0.5999999999999999,0.33823329611362984,0.33823329611362984,0,13.901251876087736,0.01712142503789811,146
4590.065483096,43.15999999999011,1,1,6.949099220673702,4.285418540569804,0.1,0.5999999999999998,0.3501528479204585,0.3501528479204585,0,13.894704111577646,0.01788812422010848,151
4590.075622667,43.16999999999009,1,1,6.113498288609999,4.615699840166774,0.1,0.6000000000000001,0.3610142184984362,0.3610142184984362,0,13.887276567452089,0.018501990765527665,151
4590.085418456,43.179999999990066,1,1,5.696912457300481,4.929267209737939,0.1,0.5999999999999999,0.3709806097769102,0.3709806097769102,0,13.879086873480524,0.018976378427521853,152
4590.095440126,43.18999999999004,1,1,5.723064354692126,5.224676874529793,0.1,0.5999999999999999,0.38008417731832556,0.38008417731832556,0,13.870244848604116,0.01932341895901174,156
4590.105431212,43.19999999999002,1,1,6.132032382158371,5.501613628624164,0.1,0.6,0.38840771937194285,0.38840771937194285,0,13.860854940855996,0.019550361905112945,156
4590.115531531,43.209999999989996,1,1,6.816160912261302,5.760299218445084,0.10000000000000003,0.6,0.3935719850477363,0.3935719850477363,0,13.851018368836149,0.0211271951685279,156
4590.127501901,43.21999999998997,1,1,7.658933231356246,6.001512535559589,0.1,0.6,0.3812089512163842,0.3812089512163842,0,13.840831941818095,0.02282350317049442,157
4590.135729148,43.22999999998995,1,1,8.578482620094851,6.22639614262093,0.10000000000000002,0.6,0.3695335763217481,0.3695335763217481,0,13.8303948229558,0.024242189600087505,161
4590.145427054,43.23999999998993,1,1,9.521980732211667,6.436268641427511,0.1,0.6,0.3585688729167428,0.3585688729167428,0,13.819809313292682,0.025416601118638305,163
4590.155326387,43.2499999999899,1,1,10.462010020331418,6.632300556555433,0.1,0.6,0.3483789689614513,0.3483789689614513,0,13.80917324821873,0.02637739859721444,163
4590.165590767,43.25999999998988,1,1,11.385129476897001,6.815810177179678,0.1,0.6,0.33891417902603915,0.33891417902603915,0,13.798564356081934,0.027152090008743635,169
4590.175608401,43.26999999998986,1,1,12.267819327486382,6.987075203478659,0.1,0.6,0.3302662515382473,0.3302662515382473,0,13.788031061491713,0.027765959567097376,170
4590.186064229,43.27999999998983,1,1,13.10048604813796,7.146669531672887,0.10000000000000002,0.6000000000000001,0.3289663958263254,0.3289663958263254,0,13.777627337403034,0.02826923039581075,170
4590.19656042,43.28999999998981,1,1,13.87291868539767,7.294184494617533,0.1,0.6,0.3303685728219081,0.3303685728219081,0,13.767424524463856,0.02873502690283236,174
4590.205485023,43.29999999998979,1,1,14.578520445621242,7.429866476946561,0.10000000000000002,0.6000000000000001,0.33177617881126314,0.33177617881126314,0,13.75749207682033,0.029169691874308956,176
4590.215657561,43.30999999998976,1,1,15.218159677508053,7.553790003415441,0.1,0.6,0.3331390711899022,0.3331390711899022,0,13.74788275892747,0.02957598583528287,178
4590.225495961,43.31999999998974,1,1,15.795777472995004,7.665860539424056,0.09999999999999999,0.6,0.3343947910299349,0.3343947910299349,0,13.738636211818072,0.029955885081896394,181
4590.235656332,43.32999999998972,1,1,16.31602902949816,7.766400312228373,0.1,0.6,0.33545674513137513,0.33545674513137513,0,13.729781813148092,0.030310463651269437,186
4590.245532292,43.33999999998969,1,1,16.782912223467683,7.8540195206870544,0.1,0.5999999999999999,0.33628804579810806,0.33628804579810806,0,13.721341081600706,0.0306399131048396,189
4590.255463973,43.34999999998967,1,1,17.199783900331933,7.930605660034838,0.1,0.6,0.33681371501044066,0.33681371501044066,0,13.713329620546194,0.03094417023722351,189
4590.265664238,43.35999999998965,1,1,17.569042292493094,7.995977521752453,0.1,0.6,0.33702929478902743,0.33702929478902743,0,13.705758080118928,0.03122263555701199,195
4590.275374083,43.36999999998962,1,1,17.89681795857632,8.051123394784057,0.1,0.6,0.3369153686504257,0.3369153686504257,0,13.698633294664344,0.031474768674553344,199
4590.285744918,43.3799999999896,1,1,18.188770017804313,8.094727504958467,0.10000000000000002,0.6,0.33648258788828017,0.33648258788828017,0,13.69195934387462,0.03169992370931829,200
4590.297464677,43.38999999998958,1,1,18.45048834180832,8.125342137131387,0.10000000000000002,0.6,0.33570794444702945,0.33570794444702945,0,13.685738870004487,0.03189749161095712,204
4590.305628711,43.399999999989554,1,1,18.683981988836255,8.142377182013298,0.09999999999999999,0.5999999999999999,0.3345097808152751,0.3345097808152751,0,13.679971085866523,0.03206647611067881,208
4590.315491531,43.40999999998953,1,1,18.88615395845602,8.140936787035159,0.1,0.6,0.3327345107755508,0.3327345107755508,0,13.674658296843651,0.03220485142898877,209
4590.325508196,43.41999999998951,1,1,19.060554991185192,8.114131846648839,0.10000000000000003,0.6000000000000001,0.33030980160580414,0.33030980160580414,0,13.669804511379455,0.03230940654079206,209
4590.335725491,43.429999999989484,1,1,19.21307947838333,8.053172200671177,0.1,0.5999999999999999,0.32718893798415216,0.32718893798415216,0,13.66541849675065,0.03237705595125018,214
4590.345655105,43.43999999998946,1,1,19.34576314579979,7.95134204898786,0.1,0.6,0.32312749378748196,0.32312749378748196,0,13.661538587807389,0.03240352225763243,215
4590.355513669,43.44999999998944,1,1,19.462637648015665,7.751201883902491,0.09999999999999999,0.6000000000000001,0.318326222111251,0.318326222111251,0,13.658181780760861,0.0323838727221788,216
4590.367156578,43.459999999989414,1,1,19.569101747212038,7.403955867585091,0.1,0.6,0.31379076857785404,0.31379076857785404,0,13.655318545619382,0.03231939193373323,220
4590.375778959,43.46999999998939,1,1,19.66573582620154,6.917157069511954,0.1,0.6,0.31135007186684593,0.31135007186684593,0,13.652886815165703,0.03222692627860946,225
4590.38529935,43.47999999998937,1,1,19.753679631421758,6.360475687127589,0.1,0.6,0.3123358416568525,0.3123358416568525,0,13.650786020069862,0.0321402309838843,226
4590.39512212,43.489999999989344,1,1,19.832943432868394,5.805492057482895,0.1,0.6,0.3161329613219086,0.3161329613219086,0,13.649152591086107,0.03208633521593307,226
4590.405562673,43.49999999998932,1,1,19.90767647501198,5.287816228957536,0.1,0.6,0.28895917369315793,0.28895917369315793,0,13.648145230940873,0.03192807104678286,231
4590.415696734,43.5099999999893,1,1,19.96233982079983,4.786475689524239,0.1,0.6,0.25743737021446245,0.25743737021446245,0,13.647768488872874,0.031481198120832055,232
4590.425602553,43.519999999989274,1,1,19.88025986225612,4.333212481416332,0.08022256763438489,0.6,0.23011568868955207,0.23011568868955207,0,13.648013445262164,0.030799534800743933,233
4590.435640692,43.52999999998925,1,1,18.972663340332744,3.944412083860695,0.0,0.6,0.20540440960559447,0.20540440960559447,0,13.64886812110838,0.029930909600641264,4
4590.4459031,43.53999999998923,1,1,18.074006251974936,3.668534635973132,0.0,0.5999999999999999,0.18743749645930194,0.18743749645930194,0,13.650300312717146,0.028942608978669293,6
4590.455533839,43.549999999989204,1,1,16.92792778493111,3.4381076191300326,0.0,0.6,0.1666693336315141,0.1666693336315141,0,13.652262811983089,0.02787935476485326,7
4590.467205292,43.55999999998918,1,1,15.833036984760897,3.4097807021522724,0.06261070215264863,0.5999999999999999,0.15958857271389265,0.15958857271389265,0,13.654729861440718,0.02677800866201019,9
4590.475514834,43.56999999998916,1,1,14.791955364632129,3.42426122637239,0.0,0.6,0.15408103919092342,0.15408103919092342,0,13.657684874428917,0.025719672346806277,14
4590.485416144,43.579999999989134,1,1,13.490081131274492,3.4892580917934217,0.07012617099059822,0.5999999999999999,0.17348196972018456,0.17348196972018456,0,13.661087105355913,0.024710836228187594,14
4590.495802182,43.58999999998911,1,1,12.562573407308525,3.634191332070245,0.0008646900472887534,0.6000000000000001,0.1913411616243891,0.1913411616243891,0,13.664890481254371,0.023793208453968262,14
4590.505712103,43.59999999998909,1,1,11.564526752100143,3.7962879759274433,0.0,0.5999999999999999,0.2114317601403704,0.2114317601403704,0,13.669026427406733,0.023021083023190503,20
4590.51534599,43.609999999989064,1,1,10.664194395792904,3.9620080227993615,0.08395584038257178,0.6,0.22735588152512978,0.22735588152512978,0,13.673402842022023,0.0224396795147197,23
4590.525376596,43.61999999998904,1,1,9.585719031828553,4.104823882696463,0.0,0.6,0.24069666808603235,0.24069666808603235,0,13.677940090820064,0.02202095720979358,24
4590.536788729,43.62999999998902,1,1,8.807700690577015,4.238644969383278,0.10000000000000002,0.6,0.24855646294682582,0.24855646294682582,0,13.68255693577883,0.021733541038067017,27
4590.545639802,43.639999999988994,1,1,7.909683140629122,4.345695543445137,0.013738789618554792,0.5999999999999999,0.254733857230357,0.254733857230357,0,13.687188433060694,0.021542009440801868,30
4590.555673609,43.64999999998897,1,1,7.338661068234793,4.380623608451446,0.04027728245060219,0.6,0.2536767592271892,0.2536767592271892,0,13.691784140001639,0.021392541587396563,33
4590.565610199,43.65999999998895,1,1,6.668365428188631,4.423093008481837,0.08333230958137273,0.6,0.25520552069322744,0.25520552069322744,0,13.696313619974525,0.02122028011184285,36
4590.575643595,43.669999999988924,1,1,6.256939581474339,4.456138953736489,0.0,0.6000000000000001,0.24767259850277848,0.24767259850277848,0,13.700751893898332,0.021006108346748098,41
4590.585930929,43.6799999999889,1,1,6.000282265061662,4.480489215772229,0.02346035942719358,0.6,0.23773737898446262,0.23773737898446262,0,13.705073697192203,0.020728754134258676,43
4590.595150533,43.68999999998888,1,1,5.55728510444338,4.504124323746549,0.0,0.5999999999999999,0.22721786945745612,0.22721786945745612,0,13.709268215648327,0.0204049352466662,44
4590.605106777,43.699999999988854,1,1,5.294986386061749,4.524875686291204,0.05405971158801788,0.5999999999999999,0.24522452285883178,0.24522452285883178,0,13.713322256950235,0.020005628776248674,48
4590.615335257,43.70999999998883,1,1,5.088284266049355,4.574776433728453,0.05899218231074565,0.6,0.2637457984427138,0.2637457984427138,0,13.71722920813664,0.019538107969084173,51
4590.625280809,43.71999999998881,1,1,5.126591594604827,4.634474500820712,0.0656736339165272,0.6,0.2815384913096058,0.2815384913096058,0,13.720983462630741,0.01901022044484213,52
4590.637293539,43.729999999988785,1,1,5.556198038442863,4.703622543643716,0.09999999999999999,0.5999999999999999,0.2966558575032846,0.2966558575032846,0,13.724589629594584,0.01841307690956162,54
4590.645584579,43.73999999998876,1,1,6.0135455567916996,4.78999278272824,0.0132077483911776,0.6,0.3125947970700901,0.3125947970700901,0,13.728052629650337,0.018351980755518582,58
4590.655616571,43.74999999998874,1,1,6.392908041990165,4.88546179438496,0.0,0.6,0.32932976478721643,0.32932976478721643,0,13.731379510196188,0.019620958840617764,59
4590.665569304,43.759999999988715,1,1,6.891152925641199,4.990266259173012,0.0,0.6,0.3432723009881264,0.3432723009881264,0,13.734587484071763,0.020912571304113614,61
4590.676080046,43.76999999998869,1,1,7.430352789893518,5.1019911164786445,0.0,0.6,0.3564553114933035,0.3564553114933035,0,13.737692808621448,0.02221564884211502,66
4590.685189891,43.77999999998867,1,1,7.89036027142711,5.221271656349065,0.07585470530708849,0.6000000000000001,0.3679985714289378,0.3679985714289378,0,13.740714637736954,0.02351249693168378,68
4590.695527953,43.789999999988645,1,1,8.18938411572685,5.345824635609366,0.025274944888368622,0.6000000000000001,0.37979901074326916,0.37979901074326916,0,13.743666674932356,0.024793853094779994,69
4590.707514144,43.79999999998862,1,1,8.602673293798635,5.473936518542387,0.1,0.6,0.38834587932394427,0.38834587932394427,0,13.746553774186063,0.026057832914010648,74
4590.715592727,43.8099999999886,1,1,8.896998993726715,5.60417534999543,0.022618941260896475,0.6,0.3979407578214492,0.3979407578214492,0,13.749375056667754,0.027284151077457075,77
4590.725524101,43.819999999988575,1,1,8.69653249774737,5.733708828716682,0.0,0.6,0.4096362344313617,0.4096362344313617,0,13.752136119149172,0.02848653745068752,77
4590.735557531,43.82999999998855,1,1,8.877267024411662,5.861924009729477,0.09999999999999999,0.6,0.405647106283414,0.405647106283414,0,13.754851684823599,0.02960741045798776,77
4590.745868831,43.83999999998853,1,1,8.809236111419743,5.989278797769242,0.03731472664750224,0.6,0.4024218293166981,0.4024218293166981,0,13.757539855904401,0.0305863691712156,82
4590.755063637,43.849999999988505,1,1,8.902586771215965,6.116740414355914,0.008722903264689923,0.6,0.39748086006506944,0.39748086006506944,0,13.760229983274147,0.03142562723533282,85
4590.765357452,43.85999999998848,1,1,8.73285411654861,6.2420403989566795,0.10000000000000002,0.6,0.39459026347882137,0.39459026347882137,0,13.762954950680239,0.032170273874421174,88
4590.775378238,43.86999999998846,1,1,8.989334547661139,6.368481674176763,0.09999999999999999,0.6,0.3867470149858585,0.3867470149858585,0,13.765742926107825,0.03277386374290647,94
4590.785123208,43.879999999988435,1,1,9.061004987380533,6.494666742621004,0.1,0.6,0.3812183486468077,0.3812183486468077,0,13.768594823693011,0.03326011511479221,94
4590.79504823,43.88999999998841,1,1,8.798270650666632,6.620353035098326,0.1,0.5999999999999999,0.3799526929319772,0.3799526929319772,0,13.771521509963048,0.033669660673921964,95
4590.807259314,43.89999999998839,1,1,9.138113177248318,6.746652789802808,0.1,0.6,0.37091748620416365,0.37091748620416365,0,13.774562176980714,0.03398280102027229,97
4590.815092482,43.909999999988365,1,1,9.144401090650744,6.872925319610967,0.061748860535998894,0.5999999999999999,0.3658264305390677,0.3658264305390677,0,13.777734033212745,0.03419935049532974,101
4590.825074681,43.91999999998834,1,1,9.147274695978664,6.998396049535601,0.09999999999999999,0.6,0.36123728951656153,0.36123728951656153,0,13.781045456780241,0.03436183587109132,101
4590.835041641,43.92999999998832,1,1,9.416276111239696,7.1235420900834505,0.10000000000000002,0.6000000000000001,0.35280357296390824,0.35280357296390824,0,13.784503018604607,0.03443214530689298,101
4590.845108095,43.939999999988295,1,1,9.696426371904067,7.248102287037839,0.09932085771350158,0.6000000000000001,0.3444431201880613,0.3444431201880613,0,13.788073735144119,0.03441392878974936,106
4590.855527035,43.94999999998827,1,1,9.626693689200728,7.371478665758834,0.1,0.6000000000000001,0.3406201574957096,0.3406201574957096,0,13.791710370025958,0.03434083991384784,106
4590.865642671,43.95999999998825,1,1,9.834053206668083,7.493215251936064,0.10000000000000002,0.6,0.3335881779353498,0.3335881779353498,0,13.79536613514727,0.03422166015684436,106
4590.876489263,43.969999999988225,1,1,9.96183414859032,7.612860326170261,0.09999999999999999,0.6,0.327641719332039,0.327641719332039,0,13.798986744021045,0.03405359732608493,111
4590.886041769,43.9799999999882,1,1,10.150576120391385,7.730236829783903,0.10000000000000002,0.6,0.32164584177265515,0.32164584177265515,0,13.802517097018612,0.03384260069299461,114
4590.895051278,43.98999999998818,1,1,10.056912572490921,7.844646925273695,0.1,0.5999999999999999,0.31949985506979983,0.31949985506979983,0,13.805911267204506,0.033616378521988954,115
4590.905330339,43.999999999988155,1,1,9.95715585820141,7.956214125483439,0.10000000000000002,0.6,0.31763625254212086,0.31763625254212086,0,13.809146648484154,0.03339565040240644,115
4590.915495375,44.00999999998813,1,1,9.67094904164074,8.064747308158585,0.1,0.5999999999999999,0.3184592884565488,0.3184592884565488,0,13.812225063965837,0.033196430942225685,120
4590.925626304,44.01999999998811,1,1,9.264721547494698,8.170653902455355,0.0,0.6,0.32122076530388666,0.32122076530388666,0,13.815155513397992,0.03302766213872621,120
4590.93518555,44.029999999988085,1,1,9.272641361988573,8.27443642471941,0.0,0.6,0.31963945351751755,0.31963945351751755,0,13.817953810709195,0.03287361083921558,121
4590.945085141,44.03999999998806,1,1,8.872181722347266,8.376343192369465,0.0,0.6,0.32293220200638517,0.32293220200638517,0,13.820632448043872,0.03275636077372468,127
4590.955340377,44.04999999998804,1,1,8.799831382552082,8.477167235636,0.0,0.6,0.3227445949027785,0.3227445949027785,0,13.823205279413497,0.03264439342224024,127
4590.965286437,44.059999999988015,1,1,8.65796644805326,8.576888605453716,0.06433449756645081,0.6,0.3223350624082758,0.3223350624082758,0,13.825680543710439,0.03255264138248348,127
4590.977473585,44.06999999998799,1,1,8.387854731936113,8.675517786969554,0.10000000000000002,0.6,0.32413189257977815,0.32413189257977815,0,13.828062020861791,0.03249697043099342,129
4590.985423446,44.07999999998797,1,1,7.792396078392149,8.773479775642837,0.0,0.6,0.32957272789738173,0.32957272789738173,0,13.830352803291905,0.03245668103762411,132
4590.995209741,44.089999999987946,1,1,7.3055783476775735,8.870692196179744,0.0,0.6,0.3331001102145181,0.3331001102145181,0,13.832564807631972,0.03246266712749524,132
4591.005338834,44.09999999998792,1,1,7.0216612048928795,8.967363227054983,0.0,0.6,0.33449316617501684,0.33449316617501684,0,13.834733422061806,0.03249559780180733,132
4591.015588296,44.1099999999879,1,1,6.270271408742633,9.063608296148727,0.09999999999999999,0.6,0.3412072030462905,0.3412072030462905,0,13.836897960258968,0.03255611553518345,137
4591.025297078,44.119999999987876,1,1,5.8430732390506055,9.159541561704115,0.0,0.6,0.34364542721406505,0.34364542721406505,0,13.839104162910298,0.03266445959349329,137
4591.035091772,44.12999999998785,1,1,5.199393692886171,9.255210633524216,0.0,0.6,0.3492560210367351,0.3492560210367351,0,13.841402111747989,0.03280246126763098,137
4591.045409922,44.13999999998783,1,1,4.578611496240588,9.350609071963563,0.0,0.6,0.3564627186760338,0.3564627186760338,0,13.843844365857706,0.03299898940539969,141
4591.055480277,44.149999999987806,1,1,3.846311658500144,9.44603454106374,0.04308707396797485,0.6,0.3618009238613979,0.3618009238613979,0,13.846467018864772,0.033221796030735495,141
4591.065312091,44.15999999998778,1,1,3.4595940762681296,9.541454896303016,0.002810217943453348,0.6,0.3674081001165769,0.3674081001165769,0,13.849293850169524,0.03347360616684969,142
4591.075037757,44.16999999998776,1,1,3.0308946469827913,9.636940439074838,0.1,0.6,0.37209457007550417,0.37209457007550417,0,13.852355932961174,0.03374934800262075,142
4591.085373405,44.179999999987736,1,1,2.8323986692066594,9.732420995426363,0.0,0.6,0.3804445697602493,0.3804445697602493,0,13.855687823442103,0.03407220045381232,146
4591.095048189,44.18999999998771,1,1,2.6177508931829783,9.82847385681175,0.0,0.6,0.3807273965990161,0.3807273965990161,0,13.859330917238454,0.0344014191848383,146
4591.105539719,44.19999999998769,1,1,2.624088792280276,9.925370483815163,0.0,0.6,0.38491961424292565,0.38491961424292565,0,13.863276757570926,0.03472161428399745,146
4591.115570309,44.209999999987666,1,1,2.663183034669392,10.023023704397023,0.0,0.6,0.38922905923810774,0.38922905923810774,0,13.867515467976082,0.03506057239370186,151
4591.125120179,44.21999999998764,1,1,2.625141326937275,10.121655926110178,0.0,0.6,0.38873303426874417,0.38873303426874417,0,13.872022161324814,0.03536144070535041,152
4591.135108738,44.22999999998762,1,1,2.5104820662755136,10.221200450029814,0.0,0.6,0.3895160016333296,0.3895160016333296,0,13.876762593611032,0.03565464574481436,152
4591.147399106,44.239999999987596,1,1,2.5593854853109264,10.321466430994642,0.1,0.6,0.39093929068963784,0.39093929068963784,0,13.881714002434755,0.03593411207834163,154
4591.155139975,44.24999999998757,1,1,2.6393292255615086,10.422441218868686,0.0,0.6,0.39165083319480304,0.39165083319480304,0,13.886840336393188,0.036184198174097126,157
4591.165423485,44.25999999998755,1,1,2.8420728766250116,10.523973999337926,0.0,0.6,0.39459753884839965,0.39459753884839965,0,13.892115831438867,0.03642920557596785,158
4591.175068725,44.269999999987526,1,1,2.898795997092899,10.625978398267748,0.0,0.6,0.3949639400656484,0.3949639400656484,0,13.89752146601979,0.03666498128903184,159
4591.185094443,44.2799999999875,1,1,2.9413165458138897,10.72844360044953,0.0,0.6,0.39509550973655044,0.39509550973655044,0,13.903039258518103,0.03688139892295084,163
4591.195156591,44.28999999998748,1,1,2.9678720000589496,10.831339131888686,0.0,0.6,0.3950124479976497,0.3950124479976497,0,13.908649730038222,0.03707554412511849,163
4591.205054549,44.299999999987456,1,1,2.8176512227419703,10.934598673107647,0.0,0.6,0.3931078715173451,0.3931078715173451,0,13.914331627948357,0.03724669150858273,164
4591.215444733,44.30999999998743,1,1,3.039706874343435,11.038062462359555,0.0,0.6,0.39479717771878464,0.39479717771878464,0,13.920059680449826,0.037409293080554296,168
4591.225532964,44.31999999998741,1,1,2.7880104069978175,11.141900844301759,0.0,0.6,0.39194647049838016,0.39194647049838016,0,13.925829030341935,0.0375393729147071,169
4591.235095403,44.329999999987386,1,1,2.7543896197262816,11.245813390661713,0.0,0.6,0.3912954425604542,0.3912954425604542,0,13.931605410080431,0.0376557885592641,170
4591.247629441,44.33999999998736,1,1,2.675795430705963,11.349899395838927,0.1,0.6000000000000001,0.3898829076409684,0.3898829076409684,0,13.937369941113868,0.0377299065316381,171
4591.255105593,44.34999999998734,1,1,2.4645852074267336,11.453891110711945,0.03907016241763247,0.6000000000000001,0.3873122093071305,0.3873122093071305,0,13.943096603201091,0.037790605292792545,175
4591.265684975,44.359999999987316,1,1,2.5428236246595044,11.557802604828035,0.011180793252962925,0.6,0.38781089609657415,0.38781089609657415,0,13.948775542656167,0.03784973027458127,175
4591.27509352,44.36999999998729,1,1,2.475859242767439,11.661563081488051,0.018689250073462404,0.5999999999999999,0.386856960713887,0.386856960713887,0,13.954405401633455,0.03789442551382316,177
4591.285915726,44.37999999998727,1,1,2.027828317823843,11.76544668408256,0.026950106746555586,0.6,0.3822651548822469,0.3822651548822469,0,13.959964761872627,0.03789317065977005,182
4591.295526111,44.389999999987246,1,1,1.8938461404056566,11.869055606881826,0.0389103533062854,0.6,0.38082602689018363,0.38082602689018363,0,13.965411958437585,0.03788478847036969,184
4591.305659446,44.39999999998722,1,1,1.793584755419281,11.972457260036393,0.10000000000000002,0.6,0.37994062332568623,0.37994062332568623,0,13.970726603854317,0.037866193345951205,185
4591.316946115,44.4099999999872,1,1,1.7090243036663908,12.075657231758221,0.08047539420262272,0.6,0.37935524597798453,0.37935524597798453,0,13.975876233644255,0.037822018590130124,190
4591.32565982,44.419999999987176,1,1,1.2755294750806103,12.178460895125246,0.1,0.6,0.3746027832761127,0.3746027832761127,0,13.980815727128249,0.03777058033015668,193
4591.335343775,44.42999999998715,1,1,1.2555738840960298,12.280867704499201,0.05497096905337842,0.6,0.37461873199809187,0.37461873199809187,0,13.985530764004986,0.037698911214643305,197
4591.345841655,44.43999999998713,1,1,1.0830649621062514,12.382597504087704,0.09588992746471996,0.6,0.37206782190224474,0.37206782190224474,0,13.989991904743441,0.037624087633720604,197
4591.355185674,44.44999999998711,1,1,1.075545162241326,12.483709935088207,0.0,0.6,0.37237098692890364,0.37237098692890364,0,13.99417698946061,0.037534220587327694,203
4591.365193929,44.45999999998708,1,1,0.9370380390013981,12.584224226074316,0.0,0.6,0.3710957426617189,0.3710957426617189,0,13.998086606754924,0.03744869818001906,203
4591.375541131,44.46999999998706,1,1,0.9610414548793638,12.683857240472634,0.0,0.6,0.37117555024127846,0.37117555024127846,0,14.0017267564826,0.037362298240752434,205
4591.385373001,44.47999999998704,1,1,0.8952137972558608,12.782576761353782,0.0,0.6000000000000001,0.37043421609303023,0.37043421609303023,0,14.005118782487827,0.03728991489423139,211
4591.395171089,44.48999999998701,1,1,0.7520171162991591,12.88078354866336,0.0821702206453963,0.6000000000000001,0.3688724008809356,0.3688724008809356,0,14.008283039051802,0.03720930291499602,213
4591.405277456,44.49999999998699,1,1,0.7595403179587481,12.978146813287726,0.0,0.6,0.36889262320292066,0.36889262320292066,0,14.011234290248403,0.03713642319256061,215
4591.416479349,44.50999999998697,1,1,0.7373302986149661,13.07458946547959,0.020081609172009168,0.6,0.3684526611969499,0.3684526611969499,0,14.013994365528399,0.03705930742084895,217
4591.425727322,44.51999999998694,1,1,0.6969783991727337,13.169978204480946,0.0,0.6,0.36761898638609286,0.36761898638609286,0,14.01658017005605,0.036988712570021454,220
4591.435207392,44.52999999998692,1,1,0.7592556569009733,13.263991912158895,0.0054712588576580875,0.5999999999999999,0.36757860537956366,0.36757860537956366,0,14.019009733769142,0.03692034102182329,1
4591.445550284,44.5399999999869,1,1,0.7217400972753553,13.356873292210945,0.0,0.6,0.36665742749947794,0.36665742749947794,0,14.021295588200926,0.03685208946450058,2
4591.455619495,44.54999999998687,1,1,0.6883927658578161,13.448246485761125,0.0,0.6,0.3656187400196662,0.3656187400196662,0,14.023452694915026,0.036782426378948685,8
4591.465310403,44.55999999998685,1,1,0.5747657360180405,13.538788831999657,0.0,0.6,0.36351239277017683,0.36351239277017683,0,14.025494014283822,0.03670581101289572,9
4591.47569972,44.56999999998683,1,1,0.6171851606549486,13.627387623327834,0.005139997633110895,0.6,0.3631051343282078,0.3631051343282078,0,14.027434060384149,0.03662676561436884,10
4591.486255807,44.5799999999868,1,1,0.6310905261524464,13.71293352446713,0.0,0.6,0.3619825663344226,0.3619825663344226,0,14.029285237742364,0.03654663945642289,16
4591.495462321,44.58999999998678,1,1,0.620238722446128,13.795388287984132,0.0,0.5999999999999999,0.3602836659880822,0.3602836659880822,0,14.031057202344547,0.03646002012232419,18
4591.505693715,44.59999999998676,1,1,0.6330516145853939,13.873637099246695,0.0,0.6,0.3574755936255683,0.3574755936255683,0,14.03275710502745,0.036360666145190956,18
4591.515230926,44.609999999986734,1,1,0.6806190289811592,13.942629479192156,0.007735154183564899,0.5999999999999999,0.3552589145787362,0.3552589145787362,0,14.034399122046414,0.0362606960831251,19
4591.525481241,44.61999999998671,1,1,1.0805257257489063,13.992762044393467,0.0,0.5999999999999999,0.35510641414949884,0.35510641414949884,0,14.0360054199207,0.036149910562031096,25
4591.534763507,44.62999999998669,0,1,0.0,0.0,0.0,0.0,0.0,0.0,0,0.0,0.03395205315160399,25
4591.544832095,44.639999999986664,0,1,0.0,0.0,0.0,0.0,0.0,0.0,0,0.0,0.030649812462874904,25
4591.554847446,44.64999999998664,0,1,0.0,0.0,0.0,0.0,0.0,0.0,0,0.0,0.02766441952602383,28
4591.564875597,44.65999999998662,0,1,0.0,0.0,0.0,0.0,0.0,0.0,0,0.0,0.024965437322923556,28
4591.574898141,44.669999999986594,0,1,0.0,0.0,0.0,0.0,0.0,0.0,0,0.0,0.022525390091077346,28
4591.585989063,44.67999999998657,0,1,0.0,0.0,0.0,0.0,0.0,0.0,0,0.0,0.020319439287885377,30
4591.594930242,44.68999999998655,0,1,0.0,0.0,0.0,0.0,0.0,0.0,0,0.0,0.01832513675496439,31
4591.605046805,44.699999999986524,0,1,0.0,0.0,0.0,0.0,0.0,0.0,0,0.0,0.016522175964160057,31
4591.614852374,44.7099999999865,0,1,0.0,0.0,0.0,0.0,0.0,0.0,0,0.0,0.014892193286664579,31
4591.624814844,44.71999999998648,0,1,0.0,0.0,0.0,0.0,0.0,0.0,0,0.0,0.013418589950990656,34
4591.634931444,44.729999999986454,0,1,0.0,0.0,0.0,0.0,0.0,0.0,0,0.0,0.012086361710725857,34
4591.644864825,44.73999999998643,0,1,0.0,0.0,0.0,0.0,0.0,0.0,0,0.0,0.0110459236621272,34
4591.65482154,44.74999999998641,0,1,0.0,0.0,0.0,0.0,0.0,0.0,0,0.0,0.010552182786595532,36
4591.664856397,44.759999999986384,0,1,0.0,0.0,0.0,0.0,0.0,0.0,0,0.0,0.010105830896580015,36
4591.674826226,44.76999999998636,0,1,0.0,0.0,0.0,0.0,0.0,0.0,0,0.0,0.009702321926078783,36
4591.684811304,44.77999999998634,0,1,0.0,0.0,0.0,0.0,0.0,0.0,0,0.0,0.00933754563797895,36
4591.694857851,44.789999999986314,0,1,0.0,0.0,0.0,0.0,0.0,0.0,0,0.0,0.009007785867052753,38
4591.704826582,44.79999999998629,0,1,0.0,0.0,0.0,0.0,0.0,0.0,0,0.0,0.008709682767440663,38
4591.714820472,44.80999999998627,0,1,0.0,0.0,0.0,0.0,0.0,0.0,0,0.0,0.008440198675826238,38
4591.724812651,44.819999999986244,0,1,0.0,0.0,0.0,0.0,0.0,0.0,0,0.0,0.008196587242302655,42
4591.734819227,44.82999999998622,0,1,0.0,0.0,0.0,0.0,0.0,0.0,0,0.0,0.007976365515765416,42
4591.74481201,44.8399999999862,0,1,0.0,0.0,0.0,0.0,0.0,0.0,0,0.0,0.007777288701188434,42
4591.756106284,44.849999999986174,0,1,0.0,0.0,0.0,0.0,0.0,0.0,0,0.0,0.007597327333354276,44
4591.765204808,44.85999999998615,0,1,0.0,0.0,0.0,0.0,0.0,0.0,0,0.0,0.00743464663605975,45
4591.774802344,44.86999999998613,0,1,0.0,0.0,0.0,0.0,0.0,0.0,0,0.0,0.007287587857873978,45
4591.784808524,44.879999999986104,0,1,0.0,0.0,0.0,0.0,0.0,0.0,0,0.0,0.007154651395461675,45
4591.794842534,44.88999999998608,0,1,0.0,0.0,0.0,0.0,0.0,0.0,0,0.0,0.007034482099161687,48
4591.805212393,44.89999999998606,0,1,0.0,0.0,0.0,0.0,0.0,0.0,0,0.0,0.006925861459770255,48
4591.814849145,44.909999999986034,0,1,0.0,0.0,0.0,0.0,0.0,0.0,0,0.0,0.006827675015232515,48
4591.824995657,44.91999999998601,0,1,0.0,0.0,0.0,0.0,0.0,0.0,0,0.0,0.006738917411650336,51
4591.834838184,44.92999999998599,0,1,0.0,0.0,0.0,0.0,0.0,0.0,0,0.0,0.00665868314315432,51
4591.844830523,44.939999999985965,0,1,0.0,0.0,0.0,0.0,0.0,0.0,0,0.0,0.006588397525491729,51
4591.854820843,44.94999999998594,0,1,0.0,0.0,0.0,0.0,0.0,0.0,0,0.0,0.006627123910315003,51
4591.86482098,44.95999999998592,0,1,0.0,0.0,0.0,0.0,0.0,0.0,0,0.0,0.006662085657078015,54
4591.874829214,44.969999999985895,0,1,0.0,0.0,0.0,0.0,0.0,0.0,0,0.0,0.0066936541249892345,54
4591.885038415,44.97999999998587,0,1,0.0,0.0,0.0,0.0,0.0,0.0,0,0.0,0.006722161158122353,54
4591.89482788,44.98999999998585,0,1,0.0,0.0,0.0,0.0,0.0,0.0,0,0.0,0.006747900522527911,57
4591.904844537,44.999999999985825,0,1,0.0,0.0,0.0,0.0,0.0,0.0,0,0.0,0.006771146072463513,57
4591.915114587,45.0099999999858,0,1,0.0,0.0,0.0,0.0,0.0,0.0,0,0.0,0.0067922536060185945,57
4591.926395645,45.01999999998578,0,1,0.0,0.0,0.0,0.0,0.0,0.0,0,0.0,0.006811432144680024,59
4591.93505509,45.029999999985755,0,1,0.0,0.0,0.0,0.0,0.0,0.0,0,0.0,0.0068287849296396474,61
4591.945264259,45.03999999998573,0,1,0.0,0.0,0.0,0.0,0.0,0.0,0,0.0,0.006844428687173082,61
4591.954854782,45.04999999998571,0,1,0.0,0.0,0.0,0.0,0.0,0.0,0,0.0,0.006858507801914604,61
4591.964830475,45.059999999985685,0,1,0.0,0.0,0.0,0.0,0.0,0.0,0,0.0,0.006871179540243327,64
4591.974950539,45.06999999998566,0,1,0.0,0.0,0.0,0.0,0.0,0.0,0,0.0,0.006882585872012875,64
4591.984926858,45.07999999998564,0,1,0.0,0.0,0.0,0.0,0.0,0.0,0,0.0,0.006892927217374223,64
4591.994898651,45.089999999985615,0,1,0.0,0.0,0.0,0.0,0.0,0.0,0,0.0,0.006902612610611536,67
4592.005671627,45.09999999998559,0,1,0.0,0.0,0.0,0.0,0.0,0.0,0,0.0,0.006911880777102308,67
4592.014833159,45.10999999998557,0,1,0.0,0.0,0.0,0.0,0.0,0.0,0,0.0,0.006920831808492067,69
4592.024806359,45.119999999985545,0,1,0.0,0.0,0.0,0.0,0.0,0.0,0,0.0,0.006929510235968883,69
4592.034836136,45.12999999998552,0,1,0.0,0.0,0.0,0.0,0.0,0.0,0,0.0,0.0069379382013274316,72
4592.044863232,45.1399999999855,0,1,0.0,0.0,0.0,0.0,0.0,0.0,0,0.0,0.006946128726005446,72
4592.055043676,45.149999999985475,0,1,0.0,0.0,0.0,0.0,0.0,0.0,0,0.0,0.006954091031935977,72
4592.064809906,45.15999999998545,0,1,0.0,0.0,0.0,0.0,0.0,0.0,0,0.0,0.006961832682681107,76
4592.074804521,45.16999999998543,0,1,0.0,0.0,0.0,0.0,0.0,0.0,0,0.0,0.006969360449829903,76
4592.084840797,45.179999999985405,0,1,0.0,0.0,0.0,0.0,0.0,0.0,0,0.0,0.006976680667071938,76
4592.096192624,45.18999999998538,0,1,0.0,0.0,0.0,0.0,0.0,0.0,0,0.0,0.006983799377730221,78
4592.10484199,45.19999999998536,0,1,0.0,0.0,0.0,0.0,0.0,0.0,0,0.0,0.006990722398691418,79
4592.114811484,45.209999999985335,0,1,0.0,0.0,0.0,0.0,0.0,0.0,0,0.0,0.006997455350296861,79
4592.124818329,45.21999999998531,0,1,0.0,0.0,0.0,0.0,0.0,0.0,0,0.0,0.00700400367223819,79
4592.134823219,45.22999999998529,0,1,0.0,0.0,0.0,0.0,0.0,0.0,0,0.0,0.007010372633592443,82
4592.144849137,45.239999999985265,0,1,0.0,0.0,0.0,0.0,0.0,0.0,0,0.0,0.0070165673403124185,82
4592.154838568,45.24999999998524,0,1,0.0,0.0,0.0,0.0,0.0,0.0,0,0.0,0.007022592741534356,82
4592.164847891,45.25999999998522,0,1,0.0,0.0,0.0,0.0,0.0,0.0,0,0.0,0.007028453635265719,85
4592.174834946,45.269999999985195,0,1,0.0,0.0,0.0,0.0,0.0,0.0,0,0.0,0.007034154673691784,85
4592.184862176,45.27999999998517,0,1,0.0,0.0,0.0,0.0,0.0,0.0,0,0.0,0.007039700368205615,85
4592.194899102,45.28999999998515,0,1,0.0,0.0,0.0,0.0,0.0,0.0,0,0.0,0.007045095094209419,85
4592.204855199,45.299999999985125,0,1,0.0,0.0,0.0,0.0,0.0,0.0,0,0.0,0.007050343095713535,89
4592.214849557,45.3099999999851,0,1,0.0,0.0,0.0,0.0,0.0,0.0,0,0.0,0.0070554484897488445,89
4592.224840157,45.31999999998508,0,1,0.0,0.0,0.0,0.0,0.0,0.0,0,0.0,0.00706041527060336,89
4592.234847765,45.329999999985056,0,1,0.0,0.0,0.0,0.0,0.0,0.0,0,0.0,0.00706524731389313,93
4592.24484159,45.33999999998503,0,1,0.0,0.0,0.0,0.0,0.0,0.0,0,0.0,0.007069948380474866,93
4592.254852218,45.34999999998501,0,1,0.0,0.0,0.0,0.0,0.0,0.0,0,0.0,0.0070745221202081765,93
4592.265954276,45.359999999984986,0,1,0.0,0.0,0.0,0.0,0.0,0.0,0,0.0,0.007078972075574286,95
4592.27483026,45.36999999998496,0,1,0.0,0.0,0.0,0.0,0.0,0.0,0,0.0,0.007083301685157695,96
4592.284858951,45.37999999998494,0,1,0.0,0.0,0.0,0.0,0.0,0.0,0,0.0,0.007087514286997165,96
4592.294852643,45.389999999984916,0,1,0.0,0.0,0.0,0.0,0.0,0.0,0,0.0,0.007091613121811613,96
4592.304857623,45.39999999998489,0,1,0.0,0.0,0.0,0.0,0.0,0.0,0,0.0,0.007095601336106566,99
4592.314756771,45.40999999998487,0,1,0.0,0.0,0.0,0.0,0.0,0.0,0,0.0,0.007099481985166717,99
4592.325013156,45.419999999984846,0,1,0.0,0.0,0.0,0.0,0.0,0.0,0,0.0,0.007103258035938892,99
4592.335018809,45.42999999998482,0,1,0.0,0.0,0.0,0.0,0.0,0.0,0,0.0,0.007106932369811025,101
4592.344999887,45.4399999999848,0,1,0.0,0.0,0.0,0.0,0.0,0.0,0,0.0,0.007110507785290654,101
4592.355378264,45.449999999984776,0,1,0.0,0.0,0.0,0.0,0.0,0.0,0,0.0,0.007113987000588268,101
4592.365175877,45.45999999998475,0,1,0.0,0.0,0.0,0.0,0.0,0.0,0,0.0,0.007117372656108595,101
4592.374873502,45.46999999998473,0,1,0.0,0.0,0.0,0.0,0.0,0.0,0,0.0,0.007120667316854262,104
4592.384907763,45.479999999984706,0,1,0.0,0.0,0.0,0.0,0.0,0.0,0,0.0,0.007123873474745163,104
4592.394907358,45.48999999998468,0,1,0.0,0.0,0.0,0.0,0.0,0.0,0,0.0,0.007126993550857524,104
4592.404946225,45.49999999998466,0,1,0.0,0.0,0.0,0.0,0.0,0.0,0,0.0,0.007130029897585044,108
4592.415761855,45.509999999984636,0,1,0.0,0.0,0.0,0.0,0.0,0.0,0,0.0,0.007132984800726272,108
4592.424794397,45.51999999998461,0,1,0.0,0.0,0.0,0.0,0.0,0.0,0,0.0,0.007135860481500528,109
4592.436258861,45.52999999998459,0,1,0.0,0.0,0.0,0.0,0.0,0.0,0,0.0,0.007138659098495537,2
4592.444818029,45.539999999984566,0,1,0.0,0.0,0.0,0.0,0.0,0.0,0,0.0,0.007141382749549313,3
4592.455619248,45.54999999998454,0,1,0.0,0.0,0.0,0.0,0.0,0.0,0,0.0,0.007144033473569317,3
4592.465036997,45.55999999998452,0,1,0.0,0.0,0.0,0.0,0.0,0.0,0,0.0,0.007146613252290407,4
4592.47509443,45.569999999984496,1,1,0.6659430062284487,11.567732323766876,0.01538366496253614,0.6,0.3573356948997666,0.3573356948997666,0,14.052302028037897,0.006943003875504505,8
4592.485345761,45.57999999998447,1,1,0.5565313031605209,11.868957905898016,0.0,0.6,0.3573888841571164,0.3573888841571164,0,14.052299251077182,0.008453470411451836,10
4592.495833022,45.58999999998445,1,1,0.4741822298844863,12.150630956937562,0.0,0.6,0.36018077102643054,0.36018077102643054,0,14.052497727307168,0.009814971173275566,11
4592.506251943,45.599999999984426,1,1,0.4356577423778449,12.412508841569293,0.0,0.6000000000000001,0.36104772061854085,0.36104772061854085,0,14.05285200293537,0.011017224306252515,16
4592.515819626,45.6099999999844,1,1,0.550054540262994,12.658300182490722,0.0626020283547815,0.6,0.3613748309918814,0.3613748309918814,0,14.053324439137999,0.013214417224191033,18
4592.525054391,45.61999999998438,1,1,0.6259798898274588,12.888235577556468,0.0,0.6,0.3621811552309456,0.3621811552309456,0,14.05388749333469,0.015377492771663892,21
4592.535689168,45.629999999984356,1,1,0.9559011602704185,13.103205373041327,0.0,0.6,0.3605119647058864,0.3605119647058864,0,14.054499923159218,0.01732256785193398,23
4592.54509424,45.63999999998433,1,1,1.356683570569786,13.305152766010002,0.10000000000000002,0.6000000000000001,0.3588314209502065,0.3588314209502065,0,14.055124795010668,0.019074539604592156,31
4592.555378142,45.64999999998431,1,1,1.953162361387871,13.49385850459021,0.10000000000000002,0.5999999999999999,0.35459871785162056,0.35459871785162056,0,14.055731207983403,0.02063378537307825,33
4592.566101566,45.65999999998429,1,1,2.490045805755074,13.670298143611701,0.06306440411963882,0.5999999999999999,0.35103846580365067,0.35103846580365067,0,14.056273614457357,0.022006383740334368,34
4592.5760265,45.66999999998426,1,1,2.979809740269173,13.83585908391991,0.0,0.6,0.3479495618492134,0.3479495618492134,0,14.056694174043946,0.023204239773298996,42
4592.586187536,45.67999999998424,1,1,3.544845167404689,13.993571919324124,0.07381038745891631,0.6,0.34411861434149504,0.34411861434149504,0,14.056951655070014,0.024256990020381064,47
4592.59598083,45.68999999998422,1,1,3.7595202840256015,14.145130434538345,0.0,0.6,0.3435603343891963,0.3435603343891963,0,14.05703162566223,0.02518963030801591,54
4592.606817994,45.69999999998419,1,1,4.330169305755672,14.29079190495646,0.06699150605413359,0.5999999999999999,0.3388747243931789,0.3388747243931789,0,14.056926927392437,0.02600208586860897,60
4592.615458769,45.70999999998417,1,1,4.452171427985176,14.432052802053008,0.0,0.6,0.33866013579141563,0.33866013579141563,0,14.05663362779028,0.026723412120097878,63
4592.625648499,45.71999999998415,1,1,4.7909968182170966,14.569727664469289,0.05985744184641923,0.6,0.3358679320942123,0.3358679320942123,0,14.056172877673246,0.02735402875797943,63
4592.63591434,45.72999999998412,1,1,4.920162601242964,14.704324801124601,0.1,0.6,0.3346470086311589,0.3346470086311589,0,14.055550358762993,0.02791641570596437,65
4592.650750181,45.7399999999841,1,1,5.261995938201728,14.835385455818708,0.10000000000000002,0.5999999999999999,0.3313582192736726,0.3313582192736726,0,14.05475209326617,0.028390220549917577,70
4592.660714399,45.74999999998408,1,1,5.223937621590347,14.962129542169142,0.1,0.5999999999999999,0.3331245893180821,0.3331245893180821,0,14.053725610061926,0.02882118787441268,73
4592.673567205,45.75999999998405,1,1,5.4125940995211845,15.084338386679567,0.1,0.6,0.33329765998984506,0.33329765998984506,0,14.052457452162509,0.02921705428064536,75
4592.680725985,45.76999999998403,1,1,5.664458284052763,15.202137106416654,0.1,0.6,0.33343060498754584,0.33343060498754584,0,14.050928512446172,0.029572828618905644,81
4592.690831096,45.77999999998401,1,1,5.945979139081599,15.315928993462183,0.09999999999999999,0.6000000000000001,0.33317132461446064,0.33317132461446064,0,14.049119131088242,0.02989733768985503,84
4592.700503699,45.78999999998398,1,1,6.171843109595829,15.426227399696309,0.04545349251113765,0.6,0.3330607245193239,0.3330607245193239,0,14.04702078257165,0.03019321738974301,88
4592.710178696,45.79999999998396,1,1,6.341331664752085,15.533340162842931,0.10000000000000002,0.6,0.33317004790113613,0.33317004790113613,0,14.044628949731802,0.030458691149405137,93
4592.720449069,45.80999999998394,1,1,6.4959914103711185,15.637488885834065,0.1,0.6,0.3329382827127562,0.3329382827127562,0,14.041941510521722,0.03070151888386974,93
4592.730253207,45.819999999983914,1,1,6.671480510943856,15.7388448809032,0.1,0.6,0.33226174688148635,0.33226174688148635,0,14.038918455046927,0.030911363787598845,97
4592.742259111,45.82999999998389,1,1,7.060156206898997,15.837595379159275,0.1,0.6,0.3295306185325041,0.3295306185325041,0,14.035492034659077,0.03108410325337352,101
4592.750177223,45.83999999998387,1,1,7.3899595522802,15.933842671993911,0.09999999999999999,0.6,0.3278731142376159,0.3278731142376159,0,14.031596138003883,0.031218680771363472,105
4592.760220307,45.849999999983844,1,1,7.762045163592093,16.027495116566048,0.1,0.6,0.3267691986742435,0.3267691986742435,0,14.027159810927941,0.031328461911297234,106
4592.770365447,45.85999999998382,1,1,8.142122805675053,16.118407864645334,0.1,0.6,0.32626497838453944,0.32626497838453944,0,14.022106943847358,0.03142232442443893,107
4592.780609905,45.8699999999838,1,1,8.465889557683385,16.20653518795087,0.10000000000000002,0.6,0.3272749927107003,0.3272749927107003,0,14.016353728677931,0.03150711984299348,113
4592.790234315,45.879999999983774,1,1,8.847844055061428,16.29190148513954,0.09999999999999999,0.6,0.3283670428692277,0.3283670428692277,0,14.009820614474332,0.03159395600863313,115
4592.800229553,45.88999999998375,1,1,8.942336284008896,16.374376878740748,0.1,0.6,0.33230983286471916,0.33230983286471916,0,14.002423727942771,0.031697719112066425,115
4592.810211,45.89999999998373,1,1,9.306773392718071,16.45368703765304,0.1,0.6,0.33489718132675905,0.33489718132675905,0,13.994105603991379,0.03182475887578984,121
4592.820687083,45.909999999983704,1,1,9.315541312411593,16.530307951067826,0.1,0.6,0.3399526417613883,0.3399526417613883,0,13.984819005081478,0.03197685854841614,122
4592.830625362,45.91999999998368,1,1,9.576604709888343,16.60449541454443,0.1,0.6000000000000001,0.3437944956217156,0.3437944956217156,0,13.974539092207086,0.03215792303925058,125
4592.842917139,45.92999999998366,1,1,9.557039750236335,16.67653513775461,0.09999999999999999,0.6,0.34921918810263536,0.34921918810263536,0,13.963282690002071,0.0323696345029465,127
4592.851212044,45.939999999983634,1,1,9.521349341480818,16.74637439311859,0.006858294853701281,0.6,0.3547293544565169,0.3547293544565169,0,13.951140282774807,0.03260980230062538,132
4592.860930264,45.94999999998361,1,1,9.588998927501038,16.815069649988953,0.1,0.6,0.35918762050848774,0.35918762050848774,0,13.938280515816066,0.032877030360328074,137
4592.870665832,45.95999999998359,1,1,9.334304836473338,16.88289317340266,0.1,0.6,0.36530601740999274,0.36530601740999274,0,13.924757139046443,0.03316897863674284,141
4592.880144005,45.969999999983564,1,1,9.178714382577008,16.949393010946675,0.1,0.6,0.37078758334269807,0.37078758334269807,0,13.910436202563508,0.03348817080137856,149
4592.890246818,45.97999999998354,1,1,9.05350332116812,17.0144410096892,0.03989463254082661,0.6,0.37606634536993977,0.37606634536993977,0,13.895331988705298,0.033825775754076304,149
4592.900175585,45.98999999998352,1,1,8.680338034363666,17.077921754256217,0.1,0.6,0.38166591157042673,0.38166591157042673,0,13.879498963846618,0.034188665054993184,150
4592.91152203,45.999999999983494,1,1,8.405746784992175,17.140329672013298,0.0,0.5999999999999999,0.38844055554713475,0.38844055554713475,0,13.863020313426789,0.034579263097741286,154
4592.920123174,46.00999999998347,1,1,7.871871996249181,17.20192608981588,0.09506770324331482,0.6,0.3942762138913948,0.3942762138913948,0,13.8459735754122,0.03498252572943672,159
4592.930784225,46.01999999998345,1,1,7.326888013666369,17.263135431023606,0.1,0.6,0.3998244452025706,0.3998244452025706,0,13.828480238063126,0.03540515446766013,160
4592.940728488,46.029999999983424,1,1,6.769202293746457,17.324610534674253,0.0,0.6,0.40519591383620535,0.40519591383620535,0,13.81067931783656,0.035837656811480656,163
4592.950248624,46.0399999999834,1,1,6.135088972182132,17.386502309711588,0.1,0.6,0.41033333291004637,0.41033333291004637,0,13.792708529009134,0.03627282826956746,169
4592.960909187,46.04999999998338,1,1,5.483190780325372,17.449402848231635,0.09999999999999999,0.6,0.41385229990950806,0.41385229990950806,0,13.774714153946563,0.036716879562301186,171
4592.970630225,46.059999999983354,1,1,4.841662175094078,17.5135683544601,0.1,0.6000000000000001,0.42071951013255326,0.42071951013255326,0,13.756852882678668,0.03717043329214853,175
4592.980190339,46.06999999998333,1,1,4.174467322723684,17.578819250417226,0.09999999999999999,0.6,0.42754645148915904,0.42754645148915904,0,13.739168014117638,0.037644304805729334,179
4592.990195875,46.07999999998331,1,1,3.6150764442836625,17.644396641602235,0.0,0.6,0.43265795600578033,0.43265795600578033,0,13.721613868641224,0.038133914697809024,181
4592.99995805,46.089999999983284,0,1,0.0,0.0,0.0,0.0,0.0,0.0,0,0.0,0.034837675144947955,181
4593.01124487,46.09999999998326,0,1,0.0,0.0,0.0,0.0,0.0,0.0,0,0.0,0.03145792679821757,183
4593.019944484,46.10999999998324,0,1,0.0,0.0,0.0,0.0,0.0,0.0,0,0.0,0.028403292629794574,184
4593.029972642,46.119999999983214,0,1,0.0,0.0,0.0,0.0,0.0,0.0,0,0.0,0.025642384777888383,185
4593.040322203,46.12999999998319,0,1,0.0,0.0,0.0,0.0,0.0,0.0,0,0.0,0.02314687494003853,185
4593.050044163,46.13999999998317,0,1,0.0,0.0,0.0,0.0,0.0,0.0,0,0.0,0.020891210044963637,188
4593.059963032,46.149999999983145,0,1,0.0,0.0,0.0,0.0,0.0,0.0,0,0.0,0.01885232069941556,188
4593.069925968,46.15999999998312,0,1,0.0,0.0,0.0,0.0,0.0,0.0,0,0.0,0.01700936674504283,188
4593.079958694,46.1699999999831,0,1,0.0,0.0,0.0,0.0,0.0,0.0,0,0.0,0.01534351573189241,190
4593.089918414,46.179999999983075,0,1,0.0,0.0,0.0,0.0,0.0,0.0,0,0.0,0.013837746965074782,191
4593.100194473,46.18999999998305,0,1,0.0,0.0,0.0,0.0,0.0,0.0,0,0.0,0.01247667621438886,192
4593.112740323,46.19999999998303,0,1,0.0,0.0,0.0,0.0,0.0,0.0,0,0.0,0.011246397995655855,193
4593.11991658,46.209999999983005,0,1,0.0,0.0,0.0,0.0,0.0,0.0,0,0.0,0.010134343286212877,196
4593.129967849,46.21999999998298,0,1,0.0,0.0,0.0,0.0,0.0,0.0,0,0.0,0.009129151018407056,196
4593.140113345,46.22999999998296,0,1,0.0,0.0,0.0,0.0,0.0,0.0,0,0.0,0.008220551962251799,196
4593.149893781,46.239999999982935,0,1,0.0,0.0,0.0,0.0,0.0,0.0,0,0.0,0.007399263782656318,199
4593.159925116,46.24999999998291,0,1,0.0,0.0,0.0,0.0,0.0,0.0,0,0.0,0.006656896188435679,200
4593.169955964,46.25999999998289,0,1,0.0,0.0,0.0,0.0,0.0,0.0,0,0.0,0.006681833566078127,200
4593.180230152,46.269999999982865,0,1,0.0,0.0,0.0,0.0,0.0,0.0,0,0.0,0.006735567429656447,203
4593.190113068,46.27999999998284,0,1,0.0,0.0,0.0,0.0,0.0,0.0,0,0.0,0.0067838281766305075,203
4593.199945789,46.28999999998282,0,1,0.0,0.0,0.0,0.0,0.0,0.0,0,0.0,0.006827185829170274,205
4593.209979409,46.299999999982795,0,1,0.0,0.0,0.0,0.0,0.0,0.0,0,0.0,0.006866129661971199,206
4593.220052047,46.30999999998277,0,1,0.0,0.0,0.0,0.0,0.0,0.0,0,0.0,0.006901091509101093,210
4593.229915574,46.31999999998275,0,1,0.0,0.0,0.0,0.0,0.0,0.0,0,0.0,0.006932478058596564,210
4593.240275672,46.329999999982725,0,1,0.0,0.0,0.0,0.0,0.0,0.0,0,0.0,0.006960657913483714,211
4593.250214943,46.3399999999827,0,1,0.0,0.0,0.0,0.0,0.0,0.0,0,0.0,0.006985960452464524,216
4593.260111881,46.34999999998268,0,1,0.0,0.0,0.0,0.0,0.0,0.0,0,0.0,0.007008680202860107,218
4593.270198151,46.359999999982655,0,1,0.0,0.0,0.0,0.0,0.0,0.0,0,0.0,0.007029081224448147,218
4593.283220972,46.36999999998263,0,1,0.0,0.0,0.0,0.0,0.0,0.0,0,0.0,0.007047400694627032,220
4593.290320033,46.37999999998261,0,1,0.0,0.0,0.0,0.0,0.0,0.0,0,0.0,0.007063861980573682,225
4593.300355948,46.389999999982585,0,1,0.0,0.0,0.0,0.0,0.0,0.0,0,0.0,0.0070786539218699596,227
4593.309873247,46.39999999998256,0,1,0.0,0.0,0.0,0.0,0.0,0.0,0,0.0,0.0070919369676861466,228
4593.319997211,46.40999999998254,0,1,0.0,0.0,0.0,0.0,0.0,0.0,0,0.0,0.007103860739427759,231
4593.329991337,46.419999999982515,0,1,0.0,0.0,0.0,0.0,0.0,0.0,0,0.0,0.007114594136138075,231
4593.339935772,46.42999999998249,0,1,0.0,0.0,0.0,0.0,0.0,0.0,0,0.0,0.007124532985716109,232
4593.351690011,46.43999999998247,0,1,0.0,0.0,0.0,0.0,0.0,0.0,0,0.0,0.0071339807531208,234
4593.35996032,46.449999999982445,0,1,0.0,0.0,0.0,0.0,0.0,0.0,0,0.0,0.007143066694321298,236
4593.369946613,46.45999999998242,0,1,0.0,0.0,0.0,0.0,0.0,0.0,0,0.0,0.007151848875558808,236
4593.37993743,46.4699999999824,0,1,0.0,0.0,0.0,0.0,0.0,0.0,0,0.0,0.007160356552542213,237
4593.390120666,46.479999999982375,0,1,0.0,0.0,0.0,0.0,0.0,0.0,0,0.0,0.007168607115998177,241
4593.400019203,46.48999999998235,0,1,0.0,0.0,0.0,0.0,0.0,0.0,0,0.0,0.007176612894138179,242
4593.409956701,46.49999999998233,0,1,0.0,0.0,0.0,0.0,0.0,0.0,0,0.0,0.007184381803942486,242
4593.419938642,46.509999999982305,0,1,0.0,0.0,0.0,0.0,0.0,0.0,0,0.0,0.007191915265045173,245
4593.429923316,46.51999999998228,0,1,0.0,0.0,0.0,0.0,0.0,0.0,0,0.0,0.0071992222749997226,245
4593.439919149,46.52999999998226,0,1,0.0,0.0,0.0,0.0,0.0,0.0,0,0.0,0.007206315114670264,0
4593.452993095,46.539999999982236,0,1,0.0,0.0,0.0,0.0,0.0,0.0,0,0.0,0.0072132049441150925,1
4593.459927297,46.54999999998221,0,1,0.0,0.0,0.0,0.0,0.0,0.0,0,0.0,0.007219900972015414,4
4593.469943846,46.55999999998219,0,1,0.0,0.0,0.0,0.0,0.0,0.0,0,0.0,0.007226410788924137,4
4593.479992291,46.569999999982166,0,1,0.0,0.0,0.0,0.0,0.0,0.0,0,0.0,0.007232740876379734,4
4593.489964554,46.57999999998214,0,1,0.0,0.0,0.0,0.0,0.0,0.0,0,0.0,0.007238897003224137,8
4593.500133588,46.58999999998212,0,1,0.0,0.0,0.0,0.0,0.0,0.0,0,0.0,0.007244884478584984,8
4593.509956805,46.599999999982096,0,1,0.0,0.0,0.0,0.0,0.0,0.0,0,0.0,0.007250708298831482,8
4593.520792909,46.60999999998207,0,1,0.0,0.0,0.0,0.0,0.0,0.0,0,0.0,0.007256373229016677,11
4593.529940357,46.61999999998205,0,1,0.0,0.0,0.0,0.0,0.0,0.0,0,0.0,0.007261883847423073,12
4593.539956516,46.629999999982026,0,1,0.0,0.0,0.0,0.0,0.0,0.0,0,0.0,0.0072672445704509425,12
4593.54993934,46.639999999982,0,1,0.0,0.0,0.0,0.0,0.0,0.0,0,0.0,0.00727245966738671,12
4593.55993672,46.64999999998198,0,1,0.0,0.0,0.0,0.0,0.0,0.0,0,0.0,0.0072775332700524276,16
4593.569940087,46.659999999981956,0,1,0.0,0.0,0.0,0.0,0.0,0.0,0,0.0,0.007282469379863016,16
4593.57991778,46.66999999998193,0,1,0.0,0.0,0.0,0.0,0.0,0.0,0,0.0,0.0072872718735401965,16
4593.590397439,46.67999999998191,0,1,0.0,0.0,0.0,0.0,0.0,0.0,0,0.0,0.007291944508086512,19
4593.599943007,46.689999999981886,0,1,0.0,0.0,0.0,0.0,0.0,0.0,0,0.0,0.007296490925312177,19
4593.609949551,46.69999999998186,0,1,0.0,0.0,0.0,0.0,0.0,0.0,0,0.0,0.007300914656056923,19
4593.619926562,46.70999999998184,0,1,0.0,0.0,0.0,0.0,0.0,0.0,0,0.0,0.00730521912417656,19
4593.629937578,46.719999999981816,0,1,0.0,0.0,0.0,0.0,0.0,0.0,0,0.0,0.007309407650333444,22
4593.639920467,46.72999999998179,0,1,0.0,0.0,0.0,0.0,0.0,0.0,0,0.0,0.007313483455611142,22
4593.649958858,46.73999999998177,0,1,0.0,0.0,0.0,0.0,0.0,0.0,0,0.0,0.007317449664968917,22
4593.659955504,46.749999999981746,0,1,0.0,0.0,0.0,0.0,0.0,0.0,0,0.0,0.00732130931054592,25
4593.669940778,46.75999999998172,0,1,0.0,0.0,0.0,0.0,0.0,0.0,0,0.0,0.007325065334825215,25
4593.679997973,46.7699999999817,0,1,0.0,0.0,0.0,0.0,0.0,0.0,0,0.0,0.00732872059366399,25
4593.692985609,46.779999999981676,0,1,0.0,0.0,0.0,0.0,0.0,0.0,0,0.0,0.007332277859198655,26
4593.70000512,46.78999999998165,0,1,0.0,0.0,0.0,0.0,0.0,0.0,0,0.0,0.007335739822629944,29
4593.709953134,46.79999999998163,0,1,0.0,0.0,0.0,0.0,0.0,0.0,0,0.0,0.007339109096894947,29
4593.719965599,46.809999999981606,0,1,0.0,0.0,0.0,0.0,0.0,0.0,0,0.0,0.007342388219231805,29
4593.730062897,46.81999999998158,0,1,0.0,0.0,0.0,0.0,0.0,0.0,0,0.0,0.007345579653642326,33
4593.739901301,46.82999999998156,0,1,0.0,0.0,0.0,0.0,0.0,0.0,0,0.0,0.007348685793257426,34
4593.74991497,46.839999999981536,0,1,0.0,0.0,0.0,0.0,0.0,0.0,0,0.0,0.007351708962610198,35
4593.761157391,46.84999999998151,0,1,0.0,0.0,0.0,0.0,0.0,0.0,0,0.0,0.007354651419821501,37
4593.769888342,46.85999999998149,0,1,0.0,0.0,0.0,0.0,0.0,0.0,0,0.0,0.007357515358701938,38
4593.779936792,46.86999999998147,0,1,0.0,0.0,0.0,0.0,0.0,0.0,0,0.0,0.007360302910774025,38
4593.789948227,46.87999999998144,0,1,0.0,0.0,0.0,0.0,0.0,0.0,0,0.0,0.00736301614721907,38
4593.79992866,46.88999999998142,0,1,0.0,0.0,0.0,0.0,0.0,0.0,0,0.0,0.007365657080751181,41
4593.80992077,46.8999999999814,0,1,0.0,0.0,0.0,0.0,0.0,0.0,0,0.0,0.007368227667422983,41
4593.819931605,46.90999999998137,0,1,0.0,0.0,0.0,0.0,0.0,0.0,0,0.0,0.007370729808365062,41
4593.83002479,46.91999999998135,0,1,0.0,0.0,0.0,0.0,0.0,0.0,0,0.0,0.0073731653514631235,43
4593.839919807,46.92999999998133,0,1,0.0,0.0,0.0,0.0,0.0,0.0,0,0.0,0.007375536092974866,43
4593.84991833,46.9399999999813,0,1,0.0,0.0,0.0,0.0,0.0,0.0,0,0.0,0.007377843779089732,43
4593.862849851,46.94999999998128,0,1,0.0,0.0,0.0,0.0,0.0,0.0,0,0.0,0.00738009010743379,44
4593.869938947,46.95999999998126,0,1,0.0,0.0,0.0,0.0,0.0,0.0,0,0.0,0.00738227672852243,47
4593.880021615,46.96999999998123,0,1,0.0,0.0,0.0,0.0,0.0,0.0,0,0.0,0.00738440524716269,47
4593.889928246,46.97999999998121,0,1,0.0,0.0,0.0,0.0,0.0,0.0,0,0.0,0.0073864772238078635,48
4593.899949737,46.98999999998119,0,1,0.0,0.0,0.0,0.0,0.0,0.0,0,0.0,0.007388494175865873,51
4593.909968898,46.99999999998116,0,1,0.0,0.0,0.0,0.0,0.0,0.0,0,0.0,0.007390457578963866,51
4593.919941642,47.00999999998114,0,1,0.0,0.0,0.0,0.0,0.0,0.0,0,0.0,0.007392368868170268,51
4593.930665871,47.01999999998112,0,1,0.0,0.0,0.0,0.0,0.0,0.0,0,0.0,0.007394229439176697,55
4593.940091291,47.029999999981094,0,1,0.0,0.0,0.0,0.0,0.0,0.0,0,0.0,0.007396040649440605,55
4593.949898674,47.03999999998107,0,1,0.0,0.0,0.0,0.0,0.0,0.0,0,0.0,0.007397803819291199,56
4593.960064886,47.04999999998105,0,1,0.0,0.0,0.0,0.0,0.0,0.0,0,0.0,0.0073995202329986964,57
4593.969934349,47.059999999981024,0,1,0.0,0.0,0.0,0.0,0.0,0.0,0,0.0,0.007401191139810082,60
4593.979917157,47.069999999981,0,1,0.0,0.0,0.0,0.0,0.0,0.0,0,0.0,0.007402817754950913,61
4593.989971003,47.07999999998098,0,1,0.0,0.0,0.0,0.0,0.0,0.0,0,0.0,0.007404401260595939,61
4594.000180353,47.089999999980954,0,1,0.0,0.0,0.0,0.0,0.0,0.0,0,0.0,0.00740594280680873,65
4594.009918127,47.09999999998093,0,1,0.0,0.0,0.0,0.0,0.0,0.0,0,0.0,0.007407443512452261,65
4594.020126234,47.10999999998091,0,1,0.0,0.0,0.0,0.0,0.0,0.0,0,0.0,0.0074089044660705095,66
4594.032903481,47.119999999980884,0,1,0.0,0.0,0.0,0.0,0.0,0.0,0,0.0,0.007410326726743299,67
4594.039920736,47.12999999998086,0,1,0.0,0.0,0.0,0.0,0.0,0.0,0,0.0,0.007411711324914666,71
4594.050394732,47.13999999998084,1,1,2.8236908112368253,14.9514577621687,0.0,0.0,0.46435808071591905,0.46435808071591905,0,13.5444496690461,0.007095046797027105,73
4594.060210592,47.149999999980814,1,1,3.0642106306613317,14.928616515173097,0.0,0.3203885304852386,0.46735430021518143,0.46735430021518143,0,13.54436458921281,0.008411792663894024,76
4594.070334799,47.15999999998079,1,1,3.2457255681938277,14.840281136182977,0.06310651609650066,0.6,0.46945417210763596,0.46945417210763596,0,13.544604441388637,0.010566724071794154,83
4594.080073713,47.16999999998077,1,1,3.087961286240168,14.58521893332739,0.09999999999999999,0.6,0.46849622834553767,0.46849622834553767,0,13.545176531715214,0.012517740782712616,87
4594.090281273,47.179999999980744,1,1,3.1747941550460848,14.287400580322856,0.1,0.5603187311923347,0.4696631572760711,0.4696631572760711,0,13.546031741154213,0.015715939089707698,91
4594.101626895,47.18999999998072,1,1,3.1609155482112166,14.146557305627534,0.0,4.8074067159589095e-14,0.46967180504159045,0.46967180504159045,0,13.547130887123219,0.01868484635231238,96
4594.110429457,47.1999999999807,1,1,3.1420390663603297,13.965462538023676,0.1,0.6,0.46964737826535263,0.46964737826535263,0,13.548440937552957,0.021365916256125494,101
4594.120188671,47.209999999980674,1,1,2.9681493732783557,13.72925270005365,0.10000000000000002,0.6000000000000001,0.4683941376785075,0.4683941376785075,0,13.549930894951277,0.023790784090015338,102
4594.130163525,47.21999999998065,1,1,2.871410524385422,13.50212506254532,0.0,0.3204118321433453,0.4674535646512109,0.4674535646512109,0,13.551575051263061,0.025973719149359642,103
4594.140519136,47.22999999998063,1,1,2.6856227147388094,13.240746881819554,0.06339397489837383,0.6,0.4656918141126708,0.4656918141126708,0,13.553354549308969,0.02793094948896213,109
4594.150406939,47.239999999980604,1,1,2.252923948665745,12.909120886018387,0.0,0.320407247408232,0.4613832825400788,0.4613832825400788,0,13.555254976254083,0.029672290612422048,110
4594.160422716,47.24999999998058,1,1,2.0212488015091434,12.53110665930051,0.06394870373851812,0.6,0.4587005374590893,0.4587005374590893,0,13.557274906274412,0.031211355428848675,111
4594.170907027,47.25999999998056,1,1,1.806156462278598,12.21849869110503,0.0,0.1669162815910995,0.4559836678206472,0.4559836678206472,0,13.559410407293745,0.032584352041104214,116
4594.180195784,47.269999999980534,1,1,1.5279016342088274,11.883502177568998,0.1,0.5999999999999999,0.45179671925756465,0.45179671925756465,0,13.561644951462375,0.0337857436622897,117
4594.190569747,47.27999999998051,1,1,1.3938721538194416,11.63546219743407,0.1,0.6,0.44870813912082413,0.44870813912082413,0,13.56398253395685,0.03484641233071395,118
4594.202819925,47.28999999998049,1,1,1.31031894346774,11.394086808517903,0.1,0.6,0.443565585399268,0.443565585399268,0,13.566415806948003,0.035760163075227336,121
4594.210147947,47.299999999980464,1,1,1.3774932827746684,11.199221189051258,0.05017515028456518,0.6,0.4379518564291617,0.4379518564291617,0,13.568941083173335,0.03652565234722416,126
4594.22021019,47.30999999998044,1,1,1.5109177598600747,10.943166320716331,0.1,0.6,0.431067493794999,0.431067493794999,0,13.571560750282595,0.0371676647371586,128
4594.230152192,47.31999999998042,1,1,2.0289343707877294,10.814678776853267,0.05017616410242675,0.6,0.4231757535681931,0.4231757535681931,0,13.57427136209732,0.037669482665296794,129
4594.240254331,47.329999999980394,1,1,2.5426511606277082,10.736156141866662,0.09999999999999999,0.5999999999999999,0.41474879805752357,0.41474879805752357,0,13.577063960432586,0.03804862453394753,133
4594.25043212,47.33999999998037,1,1,3.272484095943556,10.657836173961782,0.1,0.6,0.40355791609910263,0.40355791609910263,0,13.579932635708241,0.03829518992925052,134
4594.260173916,47.34999999998035,1,1,4.1685270092176925,10.573419025033509,0.09999999999999999,0.6,0.3906136123455755,0.3906136123455755,0,13.582872249537475,0.038400887821864016,136
4594.271326018,47.359999999980325,1,1,5.08215782453454,10.40544591452723,0.1,0.6,0.37755106991674126,0.37755106991674126,0,13.585880575816585,0.038372299323683245,140
4594.280167392,47.3699999999803,1,1,5.997029602817033,10.200956736320569,0.1,0.6,0.36432643268156345,0.36432643268156345,0,13.588952492450456,0.03822077084685449,142
4594.290222933,47.37999999998028,1,1,6.889443415583686,10.044247728645166,0.1,0.6,0.35098692101936996,0.35098692101936996,0,13.59208203291094,0.03795666279701804,142
4594.300427219,47.389999999980255,1,1,7.754178023707948,9.865294753164433,0.09999999999999999,0.6,0.3372361304920187,0.3372361304920187,0,13.595258106836692,0.03758850023892468,142
4594.310932451,47.39999999998023,1,1,8.57884169657859,9.672499789175104,0.1,0.6,0.32306030068568503,0.32306030068568503,0,13.598464766019509,0.03712146953565432,148
4594.320235611,47.40999999998021,1,1,9.355296182611182,9.439970244221886,0.1,0.6,0.3086844352266468,0.3086844352266468,0,13.601687370943207,0.036562444457743704,150
4594.330188798,47.419999999980185,1,1,10.084220114227753,9.174757115432092,0.1,0.6,0.2939029135076276,0.2939029135076276,0,13.604913916876239,0.035917225087280125,152
4594.341431505,47.42999999998016,1,1,10.760896522076143,8.874625877712656,0.1,0.6,0.27892972345237865,0.27892972345237865,0,13.608136133183146,0.03519143144807857,157
4594.350348835,47.43999999998014,1,1,11.386147769247204,8.552385215951555,0.1,0.6,0.26351306670792324,0.26351306670792324,0,13.611347280965674,0.03438920849003302,160
4594.360403957,47.449999999980115,1,1,11.956858867148247,8.207661954569668,0.1,0.6,0.24768379468761634,0.24768379468761634,0,13.61454386337733,0.03351401287446887,161
4594.373340414,47.45999999998009,1,1,12.474921999318486,7.852973669673458,0.10000000000000002,0.6,0.231248764726838,0.231248764726838,0,13.61772478575573,0.03256781605490766,162
4594.380281943,47.46999999998007,1,1,12.944275916631574,7.482872250055049,0.10000000000000002,0.6,0.22718798480200764,0.22718798480200764,0,13.620886722593998,0.0315752240584426,168
4594.390137171,47.479999999980045,1,1,13.372321133861202,7.10703480930267,0.1,0.6,0.24612969608843807,0.24612969608843807,0,13.624028269080599,0.03055276952586783,168
4594.400057485,47.48999999998002,1,1,13.762726612181982,6.728211504723649,0.1,0.5999999999999999,0.26516433558473745,0.26516433558473745,0,13.627158451682497,0.029489209948715844,170
4594.410210507,47.49999999998,1,1,14.11482113502391,6.35595435693854,0.10000000000000002,0.6,0.2843584723208505,0.2843584723208505,0,13.630294190105758,0.028372353063513822,175
4594.420183457,47.509999999979975,1,1,14.428311943105129,5.993856026781154,0.1,0.6,0.3033519441410373,0.3033519441410373,0,13.633447889402731,0.027187763500384987,176
4594.430267992,47.51999999997995,1,1,14.702388180881062,5.645803732696065,0.1,0.6,0.3165214540607349,0.3165214540607349,0,13.636634500183723,0.02591291568659937,176
4594.441299804,47.52999999997993,1,1,14.942918773370145,5.3166829596320175,0.1,0.6,0.3119596275710006,0.3119596275710006,0,13.639867428946543,0.02443023030943281,3
4594.450130128,47.539999999979905,1,1,15.15245018194846,5.01592412965009,0.1,0.6,0.3062219775117516,0.3062219775117516,0,13.643139509052624,0.022726980286279064,5
4594.460178671,47.54999999997988,1,1,15.334181265746441,4.748501982311146,0.1,0.6,0.2992057523743388,0.2992057523743388,0,13.646432874910802,0.02145783749541441,7
4594.470470412,47.55999999997986,1,1,15.493838085691907,4.523315993074628,0.1,0.6,0.29121212794790036,0.29121212794790036,0,13.649710762149823,0.022243674727665086,8
4594.480247087,47.569999999979835,1,1,15.63297282431074,4.347400942444913,0.1,0.6,0.28245840475934153,0.28245840475934153,0,13.65296665950738,0.02287336736421275,12
4594.490234414,47.57999999997981,1,1,15.755598801022552,4.223590562426679,0.09999999999999999,0.5999999999999999,0.2730171884793336,0.2730171884793336,0,13.656233009766613,0.02335467068100061,13
4594.500103821,47.58999999997979,1,1,15.861783949738435,4.153012523022383,0.10000000000000002,0.5999999999999999,0.26314903786147437,0.26314903786147437,0,13.65950495424992,0.02369687754991978,13
4594.510471962,47.599999999979765,1,1,15.952095175213119,4.135258166756836,0.1,0.6,0.2529861686769318,0.2529861686769318,0,13.662776432479829,0.023909713362035623,18
4594.520130193,47.60999999997974,1,1,16.03256908301262,4.1673063578441205,0.1,0.6,0.24272749496225238,0.24272749496225238,0,13.666041800199096,0.024004390136032505,20
4594.530211433,47.61999999997972,1,1,16.107283806855513,4.243742576632123,0.1,0.6,0.2626886421869198,0.2626886421869198,0,13.669236827877544,0.02399102124071706,20
4594.542977573,47.629999999979695,1,1,16.178339793078216,4.357216181595841,0.09999999999999999,0.6,0.28237238479398946,0.28237238479398946,0,13.672289447208305,0.023879701596508873,22
4594.550192026,47.63999999997967,1,1,16.253462523707302,4.5010949580083235,0.1,0.6,0.3012600142455617,0.3012600142455617,0,13.675607854498715,0.02368074557731159,28
4594.560724964,47.64999999997965,1,1,16.34058367783337,4.668599229339861,0.1,0.6,0.31919019489227896,0.31919019489227896,0,13.679186768018164,0.023405934528384353,31
4594.570429266,47.659999999979625,1,1,16.431292753469513,4.853056519295543,0.10000000000000003,0.6,0.33614365374683,0.33614365374683,0,13.682717089834439,0.023066208936543875,33
4594.580463829,47.6699999999796,1,1,16.524383403024864,5.050344148303486,0.1,0.6,0.3520273992571143,0.3520273992571143,0,13.686161052696196,0.02267263781222284,41
4594.590468083,47.67999999997958,1,1,16.618657579139168,5.25423884625802,0.09999999999999999,0.6,0.3668738941778347,0.3668738941778347,0,13.689503706970376,0.02223524100749108,44
4594.600333695,47.689999999979555,1,1,16.71381320234842,5.461048868824762,0.1,0.6,0.3806670406461701,0.3806670406461701,0,13.692735671306037,0.021761831246002616,48
4594.612536806,47.69999999997953,1,1,16.811705755678865,5.668039619075844,0.1,0.6,0.39321138555662205,0.39321138555662205,0,13.695849301789464,0.02246201892438615,53
4594.6201669,47.70999999997951,1,1,16.91013290719035,5.871526086629935,0.10000000000000002,0.6,0.39512923634701325,0.39512923634701325,0,13.698835911719186,0.024083358851751835,57
4594.630227886,47.719999999979485,1,1,17.01088171334901,6.06997057920648,0.1,0.6,0.39226110877612325,0.39226110877612325,0,13.70167171367099,0.02552804949421661,59
4594.640187518,47.72999999997946,1,1,17.111814096565507,6.262820509639931,0.1,0.6,0.3986461287387456,0.3986461287387456,0,13.704322333797382,0.026804784730030562,60
4594.650179808,47.73999999997944,1,1,17.21214369791522,6.449250125595567,0.1,0.5999999999999999,0.40595551287949005,0.40595551287949005,0,13.70675663113292,0.027927865752402692,64
4594.66012104,47.749999999979416,1,1,17.312799708076728,6.629762139861582,0.1,0.6,0.41261551100553623,0.41261551100553623,0,13.708951264269006,0.028910355566936663,64
4594.670432896,47.75999999997939,1,1,17.408092425139625,6.804549944815662,0.1,0.6,0.41869210872230966,0.41869210872230966,0,13.710950998540067,0.02976458966471618,66
4594.680324746,47.76999999997937,1,1,17.48973801364515,6.973450623691324,0.09999999999999999,0.6,0.4240102984844019,0.4240102984844019,0,13.71270575728708,0.030502644085957487,72
4594.690190312,47.779999999979346,1,1,17.564427717513798,7.135186054434475,0.1,0.6,0.42873489057602165,0.42873489057602165,0,13.71410692783042,0.03113572730971781,73
4594.700180858,47.78999999997932,1,1,17.638030350696553,7.2864299578452805,0.09999999999999999,0.6,0.433002505078916,0.433002505078916,0,13.715171168350983,0.03167357224635303,74
4594.711985644,47.7999999999793,1,1,17.707607941279008,7.42302680841872,0.09999999999999999,0.6000000000000001,0.43689043268500116,0.43689043268500116,0,13.715901379259476,0.03230959026217728,76
4594.720209226,47.809999999979276,1,1,17.72997540932509,7.538129474032375,0.10000000000000002,0.6000000000000001,0.4399345118905035,0.4399345118905035,0,13.716293515634847,0.033489187159690514,80
4594.730639909,47.81999999997925,1,1,16.468286230927248,7.631444661851623,0.09999999999999999,0.6,0.44181826544469804,0.44181826544469804,0,13.716345330372596,0.034576902863167946,81
4594.740469378,47.82999999997923,1,1,14.967128704757496,7.705364560099459,0.1,0.6,0.44280462507495066,0.44280462507495066,0,13.716055206136518,0.035575906690111125,81
4594.75023852,47.839999999979206,1,1,13.299197669225675,7.7546947682461,0.1,0.6,0.4420256939574856,0.4420256939574856,0,13.71541348042653,0.03648094924147949,86
4594.760346947,47.84999999997918,1,1,11.579279592135114,7.788538781811641,0.1,0.6,0.429951820968271,0.429951820968271,0,13.714428036701154,0.03725141984626612,87
4594.769962667,47.85999999997916,0,1,0.0,0.0,0.0,0.0,0.0,0.0,0,0.0,0.03613306135764205,87
4594.779887283,47.869999999979136,0,1,0.0,0.0,0.0,0.0,0.0,0.0,0,0.0,0.03274012990941477,90
4594.789921772,47.87999999997911,0,1,0.0,0.0,0.0,0.0,0.0,0.0,0,0.0,0.029673596668909896,90
4594.799983398,47.88999999997909,0,1,0.0,0.0,0.0,0.0,0.0,0.0,0,0.0,0.026901027967463298,90
4594.810043822,47.899999999979066,0,1,0.0,0.0,0.0,0.0,0.0,0.0,0,0.0,0.02439405507188952,90
4594.819942478,47.90999999997904,0,1,0.0,0.0,0.0,0.0,0.0,0.0,0,0.0,0.02212720031160842,93
4594.829980258,47.91999999997902,0,1,0.0,0.0,0.0,0.0,0.0,0.0,0,0.0,0.020077459776973505,94
4594.839977588,47.929999999978996,0,1,0.0,0.0,0.0,0.0,0.0,0.0,0,0.0,0.018224039014311577,94
4594.850084122,47.93999999997897,0,1,0.0,0.0,0.0,0.0,0.0,0.0,0,0.0,0.01654813617878892,97
4594.86011682,47.94999999997895,0,1,0.0,0.0,0.0,0.0,0.0,0.0,0,0.0,0.015032750231487757,97
4594.869970936,47.959999999978926,0,1,0.0,0.0,0.0,0.0,0.0,0.0,0,0.0,0.01366250830600424,97
4594.88134193,47.9699999999789,0,1,0.0,0.0,0.0,0.0,0.0,0.0,0,0.0,0.012423509750305595,100
4594.88993272,47.97999999997888,0,1,0.0,0.0,0.0,0.0,0.0,0.0,0,0.0,0.0113031851286296,101
4594.899966139,47.989999999978856,0,1,0.0,0.0,0.0,0.0,0.0,0.0,0,0.0,0.010290168731519778,101
4594.909960428,47.99999999997883,0,1,0.0,0.0,0.0,0.0,0.0,0.0,0,0.0,0.009374183297635952,101
4594.919927599,48.00999999997881,0,1,0.0,0.0,0.0,0.0,0.0,0.0,0,0.0,0.009029701725219996,105
4594.929936211,48.019999999978786,0,1,0.0,0.0,0.0,0.0,0.0,0.0,0,0.0,0.008946534738248635,105
4594.939953587,48.02999999997876,0,1,0.0,0.0,0.0,0.0,0.0,0.0,0,0.0,0.008870607950581533,105
4594.950185391,48.03999999997874,0,1,0.0,0.0,0.0,0.0,0.0,0.0,0,0.0,0.008801305640903312,109
4594.959965048,48.049999999978716,0,1,0.0,0.0,0.0,0.0,0.0,0.0,0,0.0,0.00873806261336485,110
4594.970200137,48.05999999997869,0,1,0.0,0.0,0.0,0.0,0.0,0.0,0,0.0,0.00868036029822905,110
4594.979967971,48.06999999997867,0,1,0.0,0.0,0.0,0.0,0.0,0.0,0,0.0,0.0086277231175646,111
4594.989947001,48.07999999997865,0,1,0.0,0.0,0.0,0.0,0.0,0.0,0,0.0,0.00857971510367922,114
4594.999916511,48.08999999997862,0,1,0.0,0.0,0.0,0.0,0.0,0.0,0,0.0,0.008535936757559592,114
4595.009991752,48.0999999999786,0,1,0.0,0.0,0.0,0.0,0.0,0.0,0,0.0,0.00849602213436268,114
4595.020139425,48.10999999997858,0,1,0.0,0.0,0.0,0.0,0.0,0.0,0,0.0,0.008459636142968963,117
4595.029945759,48.11999999997855,0,1,0.0,0.0,0.0,0.0,0.0,0.0,0,0.0,0.008426472046748568,117
4595.039922162,48.12999999997853,0,1,0.0,0.0,0.0,0.0,0.0,0.0,0,0.0,0.008396249152963275,117
4595.052352039,48.13999999997851,0,1,0.0,0.0,0.0,0.0,0.0,0.0,0,0.0,0.008368710685982272,118
4595.059932931,48.14999999997848,0,1,0.0,0.0,0.0,0.0,0.0,0.0,0,0.0,0.008343621930210932,120
4595.069967034,48.15999999997846,0,1,0.0,0.0,0.0,0.0,0.0,0.0,0,0.0,0.008320768180143212,120
4595.080056812,48.16999999997844,0,1,0.0,0.0,0.0,0.0,0.0,0.0,0,0.0,0.00829995305622866,120
4595.089927943,48.17999999997841,0,1,0.0,0.0,0.0,0.0,0.0,0.0,0,0.0,0.008281007320327438,123
4595.099968269,48.18999999997839,0,1,0.0,0.0,0.0,0.0,0.0,0.0,0,0.0,0.008263769487244554,123
4595.109961194,48.19999999997837,0,1,0.0,0.0,0.0,0.0,0.0,0.0,0,0.0,0.00824807847325526,123
4595.120066068,48.20999999997834,0,1,0.0,0.0,0.0,0.0,0.0,0.0,0,0.0,0.00823379133653257,126
4595.129931836,48.21999999997832,0,1,0.0,0.0,0.0,0.0,0.0,0.0,0,0.0,0.008220774084234939,126
4595.139950809,48.2299999999783,0,1,0.0,0.0,0.0,0.0,0.0,0.0,0,0.0,0.008208882473735912,126
4595.14997351,48.239999999978274,0,1,0.0,0.0,0.0,0.0,0.0,0.0,0,0.0,0.008197781905438295,126
4595.159960313,48.24999999997825,0,1,0.0,0.0,0.0,0.0,0.0,0.0,0,0.0,0.008187216538451392,128
4595.169928367,48.25999999997823,0,1,0.0,0.0,0.0,0.0,0.0,0.0,0,0.0,0.008177081364412808,128
4595.179944392,48.269999999978204,0,1,0.0,0.0,0.0,0.0,0.0,0.0,0,0.0,0.008167376275329818,128
4595.189921668,48.27999999997818,0,1,0.0,0.0,0.0,0.0,0.0,0.0,0,0.0,0.008158073356219986,132
4595.200051225,48.28999999997816,0,1,0.0,0.0,0.0,0.0,0.0,0.0,0,0.0,0.008149117358969171,132
4595.209977933,48.299999999978134,0,1,0.0,0.0,0.0,0.0,0.0,0.0,0,0.0,0.008140463120656083,132
4595.222823831,48.30999999997811,0,1,0.0,0.0,0.0,0.0,0.0,0.0,0,0.0,0.008132080154361787,133
4595.230107573,48.31999999997809,0,1,0.0,0.0,0.0,0.0,0.0,0.0,0,0.0,0.008123948475842968,136
4595.240012111,48.329999999978064,0,1,0.0,0.0,0.0,0.0,0.0,0.0,0,0.0,0.008116054362860503,136
4595.249927456,48.33999999997804,0,1,0.0,0.0,0.0,0.0,0.0,0.0,0,0.0,0.008108387559081442,136
4595.260042921,48.34999999997802,0,1,0.0,0.0,0.0,0.0,0.0,0.0,0,0.0,0.008100939683903241,139
4595.270008417,48.359999999977994,0,1,0.0,0.0,0.0,0.0,0.0,0.0,0,0.0,0.008093703392361207,139
4595.27994883,48.36999999997797,0,1,0.0,0.0,0.0,0.0,0.0,0.0,0,0.0,0.008086671949157354,139
4595.289905391,48.37999999997795,0,1,0.0,0.0,0.0,0.0,0.0,0.0,0,0.0,0.008079839017023305,141
4595.300120897,48.389999999977924,0,1,0.0,0.0,0.0,0.0,0.0,0.0,0,0.0,0.008073198551675487,141
4595.310015975,48.3999999999779,0,1,0.0,0.0,0.0,0.0,0.0,0.0,0,0.0,0.008066744748418786,141
4595.319964035,48.40999999997788,0,1,0.0,0.0,0.0,0.0,0.0,0.0,0,0.0,0.008060472013376452,141
4595.32992721,48.419999999977854,0,1,0.0,0.0,0.0,0.0,0.0,0.0,0,0.0,0.008054374946381171,144
4595.339960456,48.42999999997783,0,1,0.0,0.0,0.0,0.0,0.0,0.0,0,0.0,0.008048448329416313,144
4595.349944972,48.43999999997781,0,1,0.0,0.0,0.0,0.0,0.0,0.0,0,0.0,0.008042687117762348,144
4595.3601121,48.449999999977784,0,1,0.0,0.0,0.0,0.0,0.0,0.0,0,0.0,0.00803708643253348,147
4595.369932347,48.45999999997776,0,1,0.0,0.0,0.0,0.0,0.0,0.0,0,0.0,0.008031641553998325,147
4595.379957,48.46999999997774,0,1,0.0,0.0,0.0,0.0,0.0,0.0,0,0.0,0.00802634791540241,147
4595.392463983,48.479999999977714,0,1,0.0,0.0,0.0,0.0,0.0,0.0,0,0.0,0.008021201097156039,148
4595.400046964,48.48999999997769,0,1,0.0,0.0,0.0,0.0,0.0,0.0,0,0.0,0.008016196821322263,150
4595.41000443,48.49999999997767,0,1,0.0,0.0,0.0,0.0,0.0,0.0,0,0.0,0.008011330946365747,150
4595.419921671,48.509999999977644,0,1,0.0,0.0,0.0,0.0,0.0,0.0,0,0.0,0.008006599462141273,150
4595.430303599,48.51999999997762,1,1,3.587304211517895,5.930627961126239,0.0,0.0,0.3484031955919813,0.3484031955919813,0,13.697873962760637,0.008258593166080963,152
4595.440330879,48.5299999999776,1,1,3.366405254490934,6.187939595269148,0.10000000000000002,0.5999999999999999,0.3592625002012253,0.3592625002012253,0,13.697950765888955,0.00948750723109043,1
4595.450205903,48.539999999977574,1,1,3.064908667215143,6.488218063018351,0.10000000000000002,0.6,0.3709757051644871,0.3709757051644871,0,13.697902610062267,0.010618326031988146,1
4595.461121889,48.54999999997755,1,1,3.142207063748722,6.768812061018176,0.1,0.6,0.3828646869643581,0.3828646869643581,0,13.697662167938805,0.011671001302513306,6
4595.470455043,48.55999999997753,1,1,3.5174279139888944,7.03126626620679,0.09999999999999999,0.6,0.39494987858589536,0.39494987858589536,0,13.697186236386258,0.013525465282600457,8
4595.480154317,48.569999999977505,1,1,4.133564274491256,7.2772713845857,0.10000000000000002,0.6,0.407519508147114,0.407519508147114,0,13.696449958939882,0.01615577895872211,8
4595.490137345,48.57999999997748,1,1,4.853033223168541,7.507606860540246,0.1,0.5999999999999999,0.4200123426898325,0.4200123426898325,0,13.695453022831506,0.018654240196575245,10
4595.500176199,48.58999999997746,1,1,5.625389486256225,7.723738178409217,0.1,0.6,0.43230976638387775,0.43230976638387775,0,13.694211869680831,0.021031560622307044,15
4595.510428097,48.599999999977435,1,1,6.430600753585211,7.927464626466498,0.1,0.6,0.4445495673047447,0.4445495673047447,0,13.69275029395246,0.02329900870276025,17
4595.520110209,48.60999999997741,1,1,7.222582935454199,8.119005018737885,0.1,0.6,0.45630448603747564,0.45630448603747564,0,13.691095561562028,0.025464171819643555,17
4595.530127655,48.61999999997739,1,1,8.005293587332197,8.301393771347811,0.1,0.6000000000000001,0.4676055419665789,0.4676055419665789,0,13.689273393900082,0.02753191728732407,23
4595.540162385,48.629999999977365,1,1,8.763061259916121,8.475232207496662,0.1,0.6,0.4783640684624481,0.4783640684624481,0,13.687306327707484,0.029507108071226584,24
4595.550109966,48.63999999997734,1,1,9.499231554227597,8.642687052624616,0.10000000000000002,0.6,0.48868848398513076,0.48868848398513076,0,13.685214283722352,0.03139372647355776,24
4595.560698622,48.64999999997732,1,1,10.204011834459829,8.804064388568152,0.1,0.5999999999999999,0.4986277685949653,0.4986277685949653,0,13.683013695183892,0.03319660791331702,27
4595.570182537,48.659999999977295,1,1,10.87319306933444,8.960785595392405,0.10000000000000002,0.6,0.5081985278238978,0.5081985278238978,0,13.680720651173518,0.034920361193428784,28
4595.580250134,48.66999999997727,1,1,11.49853695620218,9.113063882077878,0.1,0.6,0.5172981994479863,0.5172981994479863,0,13.678351339200383,0.036568296566246605,28
4595.590232465,48.67999999997725,1,1,12.079113837351262,9.261339601788368,0.10000000000000003,0.5999999999999999,0.525944808722263,0.525944808722263,0,13.675923045002422,0.038143278770025546,28
4595.600243225,48.689999999977225,1,1,12.613682744228058,9.406994739671294,0.1,0.6,0.532986869273921,0.532986869273921,0,13.673453451106084,0.03964628683586624,35
4595.610165899,48.6999999999772,1,1,13.101771305475488,9.55073383664438,0.1,0.5999999999999999,0.5357485213857522,0.5357485213857522,0,13.670960017119537,0.04104548598509772,36
4595.620173276,48.70999999997718,1,1,13.547394680926635,9.692895705017452,0.09999999999999999,0.6000000000000001,0.5384983881567392,0.5384983881567392,0,13.668462066520897,0.04233749173749257,36
4595.630147259,48.719999999977155,1,1,13.956362435823664,9.83409580205057,0.1,0.6000000000000001,0.5411851955729761,0.5411851955729761,0,13.66598135428074,0.043532230333609645,41
4595.640168335,48.72999999997713,1,1,14.331958021130204,9.974969839545947,0.1,0.5999999999999999,0.5438098693542677,0.5438098693542677,0,13.663534767391303,0.044638260803564256,41
4595.650215785,48.73999999997711,1,1,14.676996551336469,10.115403303667613,0.09999999999999999,0.6,0.5463868298172598,0.5463868298172598,0,13.661133088074406,0.04566361460377344,41
4595.661668782,48.749999999977085,1,1,14.992491449690876,10.255491559665161,0.1,0.6,0.5489365774533244,0.5489365774533244,0,13.65878119516181,0.046615587355017585,43
4595.670460671,48.75999999997706,1,1,15.281960389121105,10.395328528211053,0.1,0.6,0.5514055174928904,0.5514055174928904,0,13.656479261143572,0.04750065801419279,45
4595.680223866,48.76999999997704,1,1,15.54752653921119,10.534987436406091,0.10000000000000002,0.6,0.5537818985498659,0.5537818985498659,0,13.654225179520672,0.04832429217061174,46
4595.690472654,48.779999999977015,1,1,15.79000680763886,10.674572723462548,0.1,0.5999999999999999,0.5560659716330902,0.5560659716330902,0,13.652014363047927,0.04909152390934768,46
4595.70021877,48.78999999997699,1,1,16.011492098346032,10.81414025557968,0.09999999999999999,0.6,0.5582426360028926,0.5582426360028926,0,13.649842200247361,0.04980684764622234,51
4595.71024081,48.79999999997697,1,1,16.211532413736887,10.953541219817694,0.10000000000000002,0.6,0.5603548088487362,0.5603548088487362,0,13.64770388571302,0.05047439040329649,51
4595.720264477,48.809999999976945,1,1,16.392711815281565,11.092667733939026,0.1,0.6,0.5623923175712566,0.5623923175712566,0,13.645593487151535,0.05109811031001721,51
4595.731541983,48.81999999997692,1,1,16.556907541724275,11.231341170352298,0.1,0.5999999999999999,0.5643631476627543,0.5643631476627543,0,13.643504018876124,0.051681491382046696,56
4595.740112034,48.8299999999769,1,1,16.707721613377938,11.369474526979625,0.1,0.6,0.5662505883752436,0.5662505883752436,0,13.641427988359066,0.05222769597018462,58
4595.750385159,48.839999999976875,1,1,16.845113641374954,11.506952424238118,0.1,0.6,0.5680788823355739,0.5680788823355739,0,13.639357990433846,0.05273955978614997,59
4595.762815225,48.84999999997685,1,1,16.971140213276442,11.643824186186908,0.1,0.6,0.5698384914613138,0.5698384914613138,0,13.637286271238509,0.05321982893861499,60
4595.770370099,48.85999999997683,1,1,17.088736902819235,11.780070333541765,0.1,0.6,0.5715140624930559,0.5715140624930559,0,13.63520536426242,0.053670741244114195,64
4595.780243297,48.869999999976805,1,1,17.199201184325744,11.915629890839785,0.1,0.6,0.5731045088753657,0.5731045088753657,0,13.633108152353524,0.05409429018155287,65
4595.790432849,48.87999999997678,1,1,17.304645729133668,12.050611582840942,0.1,0.5999999999999999,0.5746060493732257,0.5746060493732257,0,13.630986885469667,0.05449227915675725,65
4595.800202852,48.88999999997676,1,1,17.405598220705663,12.184938229955895,0.09999999999999999,0.6,0.5760217728810214,0.5760217728810214,0,13.628834101172211,0.05486631038752221,70
4595.81042562,48.899999999976735,1,1,17.503922227849905,12.31877845971675,0.1,0.6,0.5773409088455959,0.5773409088455959,0,13.626642336025066,0.05521778315938208,71
4595.820405509,48.90999999997671,1,1,17.59990482288986,12.452156407700231,0.1,0.6000000000000001,0.5785690619538527,0.5785690619538527,0,13.624404567524543,0.05554797418153079,71
4595.832011472,48.91999999997669,1,1,17.694864603149416,12.585152717768475,0.1,0.6,0.5797008446945828,0.5797008446945828,0,13.622114485580658,0.055858034861210104,74
4595.840395467,48.929999999976665,1,1,17.788921158299388,12.717844114753996,0.1,0.5999999999999999,0.5807419405746487,0.5807419405746487,0,13.619766429238188,0.0561489878955328,77
4595.850207212,48.93999999997664,1,1,17.88365689841862,12.850339965459964,0.1,0.6000000000000001,0.5816880317381723,0.5816880317381723,0,13.617355928741096,0.05642176486334005,77
4595.860697073,48.94999999997662,1,1,17.978333065710142,12.982655628547748,0.1,0.6,0.5825446841088209,0.5825446841088209,0,13.614879803769927,0.05667723634572819,77
4595.870418085,48.959999999976596,1,1,18.073923893813397,13.114891929193508,0.1,0.6,0.5833144361037709,0.5833144361037709,0,13.612336171173839,0.0569162082555974,82
4595.880218688,48.96999999997657,1,1,18.170870785510918,13.247111295050123,0.10000000000000002,0.6,0.5840017437370347,0.5840017437370347,0,13.609724791341696,0.057139458157174916,83
4595.890253557,48.97999999997655,1,1,18.26870704479978,13.379348033270604,0.1,0.6,0.5846189963620516,0.5846189963620516,0,13.60704655481806,0.05734777312357697,83
4595.900191881,48.989999999976526,1,1,18.36645228011771,13.5116111846813,0.1,0.6000000000000001,0.5851744672572743,0.5851744672572743,0,13.60430340330804,0.057541944024408265,88
4595.910116684,48.9999999999765,1,1,18.4640331141421,13.643912071606612,0.1,0.5999999999999999,0.5856815708893406,0.5856815708893406,0,13.601498802692115,0.05772282314452837,88
4595.920194888,49.00999999997648,1,1,18.561146967061834,13.776311136764985,0.1,0.6,0.5861479464706608,0.5861479464706608,0,13.598637014618074,0.057891247793114164,90
4595.932222412,49.019999999976456,1,1,18.657281752555292,13.908855903743246,0.1,0.6,0.5865806375860514,0.5865806375860514,0,13.595722951097743,0.05804806623819614,94
4595.940199139,49.02999999997643,1,1,18.751949003563265,14.04164979196229,0.1,0.6,0.5869810487212164,0.5869810487212164,0,13.592762621841302,0.05819407295812051,97
4595.950197873,49.03999999997641,1,1,18.84435727806417,14.174675395384375,0.10000000000000002,0.6,0.5873485241435505,0.5873485241435505,0,13.589763905460202,0.05833001428703244,97
4595.960120268,49.049999999976386,1,1,18.933191555215664,14.307901383299829,0.1,0.6,0.587672382242199,0.587672382242199,0,13.586736739228293,0.058456474519840596,98
4595.970206049,49.05999999997636,1,1,19.016874866461016,14.441353229156254,0.1,0.6,0.5879559578893195,0.5879559578893195,0,13.583694088771926,0.058573961046188616,103
4595.980154481,49.06999999997634,1,1,19.091671931476863,14.57500798454987,0.1,0.6,0.5881875776791422,0.5881875776791422,0,13.580653111610882,0.05868290850747471,104
4595.990205548,49.079999999976316,1,1,19.151227422188217,14.708707067924,0.1,0.6,0.5883445598338543,0.5883445598338543,0,13.577636433939881,0.05878352174273971,105
4596.001199971,49.08999999997629,1,1,19.186815572987353,14.842033360468633,0.1,0.5999999999999999,0.5883859934258764,0.5883859934258764,0,13.57467373470604,0.05887574173671917,109
4596.010159264,49.09999999997627,1,1,19.18552276002189,14.974538114641136,0.1,0.6,0.5882495003665785,0.5882495003665785,0,13.571803713702405,0.05895893053132939,111
4596.020201127,49.109999999976246,1,1,19.111915417618867,15.10547860680015,0.1,0.6,0.587801504122142,0.587801504122142,0,13.569076957564514,0.059031573394068726,111
4596.030199407,49.11999999997622,1,1,18.89202297077767,15.233690111563284,0.09999999999999999,0.6,0.5868327172295915,0.5868327172295915,0,13.566558960443475,0.05909082821497558,111
4596.040379972,49.1299999999762,1,1,18.41424019272287,15.357456841162687,0.1,0.6,0.5850600148300491,0.5850600148300491,0,13.56433548934366,0.05913129172415177,117
4596.050322769,49.139999999976176,1,1,17.638797247076717,15.476256560410258,0.1,0.6,0.5823687888314142,0.5823687888314142,0,13.56251763109298,0.05914649766827296,117
4596.060493163,49.14999999997615,1,1,16.489057277715993,15.587367066675366,0.09999999999999999,0.6,0.5787503586028311,0.5787503586028311,0,13.561231807718377,0.059129902886221775,118
4596.069991003,49.15999999997613,0,1,0.0,0.0,0.0,0.0,0.0,0.0,0,0.0,0.05850146330128436,122
4596.080173501,49.169999999976106,0,1,0.0,0.0,0.0,0.0,0.0,0.0,0,0.0,0.052976816534126,122
4596.089911715,49.17999999997608,0,1,0.0,0.0,0.0,0.0,0.0,0.0,0,0.0,0.047984050360587505,122
4596.101224215,49.18999999997606,0,1,0.0,0.0,0.0,0.0,0.0,0.0,0,0.0,0.04347080348170884,124
4596.109922977,49.199999999976036,0,1,0.0,0.0,0.0,0.0,0.0,0.0,0,0.0,0.03939032902948214,125
4596.119960925,49.20999999997601,0,1,0.0,0.0,0.0,0.0,0.0,0.0,0,0.0,0.03570091129834063,125
4596.129934158,49.21999999997599,0,1,0.0,0.0,0.0,0.0,0.0,0.0,0,0.0,0.03236500581104673,125
4596.139965831,49.229999999975966,0,1,0.0,0.0,0.0,0.0,0.0,0.0,0,0.0,0.029348720189333877,128
4596.149920321,49.23999999997594,0,1,0.0,0.0,0.0,0.0,0.0,0.0,0,0.0,0.026621426435476714,128
4596.159948345,49.24999999997592,0,1,0.0,0.0,0.0,0.0,0.0,0.0,0,0.0,0.024155436212282,128
4596.16994055,49.259999999975896,0,1,0.0,0.0,0.0,0.0,0.0,0.0,0,0.0,0.021925715417965286,131
4596.179937882,49.26999999997587,0,1,0.0,0.0,0.0,0.0,0.0,0.0,0,0.0,0.019909628700481408,131
4596.189989609,49.27999999997585,0,1,0.0,0.0,0.0,0.0,0.0,0.0,0,0.0,0.018086709273337,131
4596.199929013,49.28999999997583,0,1,0.0,0.0,0.0,0.0,0.0,0.0,0,0.0,0.0164384461560656,131
4596.209964948,49.2999999999758,0,1,0.0,0.0,0.0,0.0,0.0,0.0,0,0.0,0.014948090467770125,135
4596.219965606,49.30999999997578,0,1,0.0,0.0,0.0,0.0,0.0,0.0,0,0.0,0.013600524241505818,135
4596.230221419,49.31999999997576,0,1,0.0,0.0,0.0,0.0,0.0,0.0,0,0.0,0.012382078244503658,135
4596.239941437,49.32999999997573,0,1,0.0,0.0,0.0,0.0,0.0,0.0,0,0.0,0.011280386322010338,137
4596.24995021,49.33999999997571,0,1,0.0,0.0,0.0,0.0,0.0,0.0,0,0.0,0.010284263617964529,137
4596.259934296,49.34999999997569,0,1,0.0,0.0,0.0,0.0,0.0,0.0,0,0.0,0.009383595477030049,137
4596.270995768,49.35999999997566,0,1,0.0,0.0,0.0,0.0,0.0,0.0,0,0.0,0.008569235813609355,139
4596.2799552,49.36999999997564,0,1,0.0,0.0,0.0,0.0,0.0,0.0,0,0.0,0.00829088055217686,140
4596.28991343,49.37999999997562,0,1,0.0,0.0,0.0,0.0,0.0,0.0,0,0.0,0.008250603395203338,140
4596.299940078,49.38999999997559,0,1,0.0,0.0,0.0,0.0,0.0,0.0,0,0.0,0.008213766644412368,140
4596.309952654,49.39999999997557,0,1,0.0,0.0,0.0,0.0,0.0,0.0,0,0.0,0.008180085032642559,144
4596.319943081,49.40999999997555,0,1,0.0,0.0,0.0,0.0,0.0,0.0,0,0.0,0.0081492958967595,144
4596.329963008,49.41999999997552,0,1,0.0,0.0,0.0,0.0,0.0,0.0,0,0.0,0.008121157515714184,144
4596.33998126,49.4299999999755,0,1,0.0,0.0,0.0,0.0,0.0,0.0,0,0.0,0.008095447017587687,148
4596.349956235,49.43999999997548,0,1,0.0,0.0,0.0,0.0,0.0,0.0,0,0.0,0.008071955506843254,148
4596.359939952,49.449999999975454,0,1,0.0,0.0,0.0,0.0,0.0,0.0,0,0.0,0.008050495745579866,148
4596.372693041,49.45999999997543,0,1,0.0,0.0,0.0,0.0,0.0,0.0,0,0.0,0.008030898820928112,149
4596.379955836,49.46999999997541,0,1,0.0,0.0,0.0,0.0,0.0,0.0,0,0.0,0.008013008725982707,152
4596.39032778,49.479999999975384,0,1,0.0,0.0,0.0,0.0,0.0,0.0,0,0.0,0.007996691683587964,152
4596.4003285,49.48999999997536,0,1,0.0,0.0,0.0,0.0,0.0,0.0,0,0.0,0.007981814287412237,152
4596.40997077,49.49999999997534,0,1,0.0,0.0,0.0,0.0,0.0,0.0,0,0.0,0.007968243842835288,156
4596.420225945,49.509999999975314,0,1,0.0,0.0,0.0,0.0,0.0,0.0,0,0.0,0.007955842322954654,156
4596.430251689,49.51999999997529,0,1,0.0,0.0,0.0,0.0,0.0,0.0,0,0.0,0.007944289043275599,156
4596.440700769,49.52999999997527,0,1,0.0,0.0,0.0,0.0,0.0,0.0,0,0.0,0.007933313838537015,2
4596.450085689,49.539999999975244,0,1,0.0,0.0,0.0,0.0,0.0,0.0,0,0.0,0.007922795373823954,3
4596.459924951,49.54999999997522,0,1,0.0,0.0,0.0,0.0,0.0,0.0,0,0.0,0.007912675263182456,4
4596.469959188,49.5599999999752,0,1,0.0,0.0,0.0,0.0,0.0,0.0,0,0.0,0.00790291999752274,4
4596.479944555,49.569999999975174,0,1,0.0,0.0,0.0,0.0,0.0,0.0,0,0.0,0.00789350628744473,7
4596.489919181,49.57999999997515,0,1,0.0,0.0,0.0,0.0,0.0,0.0,0,0.0,0.007884441822411714,7
4596.499943267,49.58999999997513,0,1,0.0,0.0,0.0,0.0,0.0,0.0,0,0.0,0.007875742780715955,7
4596.51049503,49.599999999975104,0,1,0.0,0.0,0.0,0.0,0.0,0.0,0,0.0,0.007867368878371916,11
4596.519978238,49.60999999997508,0,1,0.0,0.0,0.0,0.0,0.0,0.0,0,0.0,0.00785927903494782,13
4596.529970328,49.61999999997506,0,1,0.0,0.0,0.0,0.0,0.0,0.0,0,0.0,0.007851446310348231,13
4596.540119968,49.629999999975034,0,1,0.0,0.0,0.0,0.0,0.0,0.0,0,0.0,0.00784385587466152,13
4596.549942743,49.63999999997501,0,1,0.0,0.0,0.0,0.0,0.0,0.0,0,0.0,0.007836494609227695,16
4596.560320805,49.64999999997499,0,1,0.0,0.0,0.0,0.0,0.0,0.0,0,0.0,0.007829350372967725,17
4596.569997481,49.659999999974964,0,1,0.0,0.0,0.0,0.0,0.0,0.0,0,0.0,0.007822412817299396,17
4596.580601475,49.66999999997494,0,1,0.0,0.0,0.0,0.0,0.0,0.0,0,0.0,0.007815673317727145,23
4596.59021278,49.67999999997492,0,1,0.0,0.0,0.0,0.0,0.0,0.0,0,0.0,0.007809124546773294,24
4596.599935862,49.689999999974894,0,1,0.0,0.0,0.0,0.0,0.0,0.0,0,0.0,0.0078027600545805265,24
4596.611274068,49.69999999997487,0,1,0.0,0.0,0.0,0.0,0.0,0.0,0,0.0,0.00779657396796124,26
4596.620255741,49.70999999997485,0,1,0.0,0.0,0.0,0.0,0.0,0.0,0,0.0,0.007790560802859003,28
4596.62988416,49.719999999974824,0,1,0.0,0.0,0.0,0.0,0.0,0.0,0,0.0,0.00778471535589309,28
4596.639967049,49.7299999999748,0,1,0.0,0.0,0.0,0.0,0.0,0.0,0,0.0,0.007779032643775385,28
4596.649924512,49.73999999997478,0,1,0.0,0.0,0.0,0.0,0.0,0.0,0,0.0,0.007773507869456908,31
4596.659911512,49.749999999974754,0,1,0.0,0.0,0.0,0.0,0.0,0.0,0,0.0,0.007768136402465653,31
4596.669955131,49.75999999997473,0,1,0.0,0.0,0.0,0.0,0.0,0.0,0,0.0,0.007762913766552748,31
4596.683064189,49.76999999997471,0,1,0.0,0.0,0.0,0.0,0.0,0.0,0,0.0,0.007757835631055476,36
4596.689967801,49.779999999974684,0,1,0.0,0.0,0.0,0.0,0.0,0.0,0,0.0,0.007752897804168601,39
4596.699941606,49.78999999997466,0,1,0.0,0.0,0.0,0.0,0.0,0.0,0,0.0,0.007748096227232881,39
4596.709930632,49.79999999997464,0,1,0.0,0.0,0.0,0.0,0.0,0.0,0,0.0,0.0077434269696093905,39
4596.719944827,49.809999999974615,0,1,0.0,0.0,0.0,0.0,0.0,0.0,0,0.0,0.007738886223930375,42
4596.729954092,49.81999999997459,0,1,0.0,0.0,0.0,0.0,0.0,0.0,0,0.0,0.007734470301625385,42
4596.739975881,49.82999999997457,0,1,0.0,0.0,0.0,0.0,0.0,0.0,0,0.0,0.007730175628669511,42
4596.749993041,49.839999999974545,0,1,0.0,0.0,0.0,0.0,0.0,0.0,0,0.0,0.007725998741525297,46
4596.759902779,49.84999999997452,0,1,0.0,0.0,0.0,0.0,0.0,0.0,0,0.0,0.007721936283262232,46
4596.769882381,49.8599999999745,0,1,0.0,0.0,0.0,0.0,0.0,0.0,0,0.0,0.007717984999838501,47
4596.782753091,49.869999999974475,0,1,0.0,0.0,0.0,0.0,0.0,0.0,0,0.0,0.007714141736538893,48
4596.789948681,49.87999999997445,0,1,0.0,0.0,0.0,0.0,0.0,0.0,0,0.0,0.007710403434557922,51
4596.799919417,49.88999999997443,0,1,0.0,0.0,0.0,0.0,0.0,0.0,0,0.0,0.007706767127721947,51
4596.809944651,49.899999999974405,0,1,0.0,0.0,0.0,0.0,0.0,0.0,0,0.0,0.007703229939343137,51
4596.819969889,49.90999999997438,0,1,0.0,0.0,0.0,0.0,0.0,0.0,0,0.0,0.007699789079199271,54
4596.829941698,49.91999999997436,0,1,0.0,0.0,0.0,0.0,0.0,0.0,0,0.0,0.007696441840632839,54
4596.839888403,49.929999999974335,0,1,0.0,0.0,0.0,0.0,0.0,0.0,0,0.0,0.007693185597764052,54
4596.850985185,49.93999999997431,0,1,0.0,0.0,0.0,0.0,0.0,0.0,0,0.0,0.007690017802812588,56
4596.860056744,49.94999999997429,0,1,0.0,0.0,0.0,0.0,0.0,0.0,0,0.0,0.007686935983522991,57
4596.869988647,49.959999999974265,0,1,0.0,0.0,0.0,0.0,0.0,0.0,0,0.0,0.007683937740688707,57
4596.87994087,49.96999999997424,0,1,0.0,0.0,0.0,0.0,0.0,0.0,0,0.0,0.00768102074577004,57
4596.889926171,49.97999999997422,0,1,0.0,0.0,0.0,0.0,0.0,0.0,0,0.0,0.00767818273860299,59
4596.899921549,49.989999999974195,0,1,0.0,0.0,0.0,0.0,0.0,0.0,0,0.0,0.007675421525193071,59
4596.90994032,49.99999999997417,0,1,0.0,0.0,0.0,0.0,0.0,0.0,0,0.0,0.007672734975592066,59
4596.919882237,50.00999999997415,0,1,0.0,0.0,0.0,0.0,0.0,0.0,0,0.0,0.007670121021852716,62
4596.929934418,50.019999999974125,0,1,0.0,0.0,0.0,0.0,0.0,0.0,0,0.0,0.00766757765605891,62
4596.939949796,50.0299999999741,0,1,0.0,0.0,0.0,0.0,0.0,0.0,0,0.0,0.007665102928427148,62
4596.954620103,50.03999999997408,0,1,0.0,0.0,0.0,0.0,0.0,0.0,0,0.0,0.007662694945477111,63
4596.960019253,50.049999999974055,0,1,0.0,0.0,0.0,0.0,0.0,0.0,0,0.0,0.007660351868267801,68
4596.970025409,50.05999999997403,0,1,0.0,0.0,0.0,0.0,0.0,0.0,0,0.0,0.00765807191069634,68
4596.980145305,50.06999999997401,0,1,0.0,0.0,0.0,0.0,0.0,0.0,0,0.0,0.007655853337857954,68
4596.989978309,50.079999999973985,0,1,0.0,0.0,0.0,0.0,0.0,0.0,0,0.0,0.007653694464462846,73
4597.000474792,50.08999999997396,0,1,0.0,0.0,0.0,0.0,0.0,0.0,0,0.0,0.007651593653308308,75
4597.010071706,50.09999999997394,0,1,0.0,0.0,0.0,0.0,0.0,0.0,0,0.0,0.007649549313804849,76
4597.020891095,50.109999999973915,0,1,0.0,0.0,0.0,0.0,0.0,0.0,0,0.0,0.007647559900552547,79
4597.02997925,50.11999999997389,0,1,0.0,0.0,0.0,0.0,0.0,0.0,0,0.0,0.007645623911966326,82
4597.039935751,50.12999999997387,0,1,0.0,0.0,0.0,0.0,0.0,0.0,0,0.0,0.007643739888948231,83
4597.049921935,50.139999999973845,0,1,0.0,0.0,0.0,0.0,0.0,0.0,0,0.0,0.007641906413604682,84
4597.059895707,50.14999999997382,0,1,0.0,0.0,0.0,0.0,0.0,0.0,0,0.0,0.007640122108007075,88
4597.069968381,50.1599999999738,0,1,0.0,0.0,0.0,0.0,0.0,0.0,0,0.0,0.007638385632993516,89
4597.079930563,50.169999999973776,0,1,0.0,0.0,0.0,0.0,0.0,0.0,0,0.0,0.00763669568701103,90
4597.089898247,50.17999999997375,0,1,0.0,0.0,0.0,0.0,0.0,0.0,0,0.0,0.007635051004995785,93
4597.099972019,50.18999999997373,0,1,0.0,0.0,0.0,0.0,0.0,0.0,0,0.0,0.007633450357290239,94
4597.109966735,50.199999999973706,0,1,0.0,0.0,0.0,0.0,0.0,0.0,0,0.0,0.007631892548595476,94
4597.122419357,50.20999999997368,0,1,0.0,0.0,0.0,0.0,0.0,0.0,0,0.0,0.007630376416958573,95
4597.13005152,50.21999999997366,0,1,0.0,0.0,0.0,0.0,0.0,0.0,0,0.0,0.007628900832791552,97
4597.140023094,50.229999999973636,0,1,0.0,0.0,0.0,0.0,0.0,0.0,0,0.0,0.007627464697923081,97
4597.150009226,50.23999999997361,0,1,0.0,0.0,0.0,0.0,0.0,0.0,0,0.0,0.007626066944680154,98
4597.16013623,50.24999999997359,0,1,0.0,0.0,0.0,0.0,0.0,0.0,0,0.0,0.007624706534998638,104
4597.169936601,50.259999999973566,0,1,0.0,0.0,0.0,0.0,0.0,0.0,0,0.0,0.007623382459563066,104
4597.179947795,50.26999999997354,0,1,0.0,0.0,0.0,0.0,0.0,0.0,0,0.0,0.007622093736973146,105
4597.190116752,50.27999999997352,0,1,0.0,0.0,0.0,0.0,0.0,0.0,0,0.0,0.007620839412936009,109
4597.200108871,50.289999999973496,1,1,6.32462735520922,13.466431691778995,0.055219385664266304,0.32038852715843136,0.5005811855451895,0.5005811855451895,0,13.5540490383111,0.00772255066952271,110
4597.210164251,50.29999999997347,1,1,6.17800791168877,13.391083325980098,0.027611643353120607,0.5999999999999999,0.499531468120212,0.499531468120212,0,13.555222914214061,0.009442972964594176,112
4597.220127596,50.30999999997345,1,1,6.070731888499112,13.178579467874046,0.05683993991331142,0.6,0.49872129943598154,0.49872129943598154,0,13.557037077313105,0.013406844603533363,113
4597.230586504,50.319999999973426,1,1,5.90576750920533,12.948726253058567,0.1,0.5336205586922502,0.4972742590477792,0.4972742590477792,0,13.559393936363488,0.01697680271341495,119
4597.240127276,50.3299999999734,1,1,5.744667815956861,12.814547755725663,0.05515638333359215,0.32039404987672426,0.49616963707090944,0.49616963707090944,0,13.562207023709819,0.020198784020990734,124
4597.250137829,50.33999999997338,1,1,5.554843643547916,12.717278046518066,0.0,2.6930150290767383e-14,0.4948351538189127,0.4948351538189127,0,13.565396809022829,0.023102559386011023,124
4597.266311269,50.349999999973356,1,1,5.384875556586912,12.647773122840984,0.0,2.5788518451458537e-14,0.49393248368019094,0.49393248368019094,0,13.568885103340534,0.025715466412969512,130
4597.276474321,50.35999999997333,1,1,5.108118076775413,12.449855448555791,0.0,4.181367333348073e-14,0.49162754082253923,0.49162754082253923,0,13.572605242041343,0.028065631774744304,132
4597.285590817,50.36999999997331,1,1,4.88968193880279,12.306365335545069,0.0,3.291406376790657e-14,0.49030876002238377,0.49030876002238377,0,13.57649233909107,0.030176418497599222,136
4597.295939403,50.379999999973286,1,1,4.733695778978142,12.218306761172885,0.0,1.3985787785349405e-14,0.4899766912595845,0.4899766912595845,0,13.580486178994574,0.0320787490864789,141
4597.305603115,50.38999999997326,1,1,4.472575457436066,12.085981917483478,0.0,8.67535192992235e-14,0.4881197984185283,0.4881197984185283,0,13.584530731249695,0.03378008640454744,142
4597.315587932,50.39999999997324,1,1,4.325098193224704,11.920963033213408,0.0,2.9693682874725755e-14,0.4879805953682798,0.4879805953682798,0,13.58858014002075,0.03531257470942073,143
4597.325726188,50.409999999973216,1,1,4.081312576856146,11.797155662322721,0.0,3.878959614448864e-15,0.4865210920382113,0.4865210920382113,0,13.5925888222628,0.03668995443847001,147
4597.335569077,50.41999999997319,1,1,3.910984003741929,11.651047161509764,0.0,3.878959614448864e-15,0.4859148654396982,0.4859148654396982,0,13.596514350654099,0.037924102343607435,147
4597.346009912,50.42999999997317,1,1,3.6414138149632738,11.496119791364448,0.0,3.319854670510408e-14,0.4839376457435933,0.4839376457435933,0,13.600324410097338,0.039027242405463625,147
4597.35620875,50.439999999973146,1,1,3.3977271437862973,11.356744316470026,0.0,1.179739509965479e-14,0.4824896030652934,0.4824896030652934,0,13.603991949003614,0.040013455570672596,150
4597.365577442,50.44999999997312,1,1,3.271181056553066,11.271125311214835,0.0,2.7877281524847983e-14,0.48246635280517863,0.48246635280517863,0,13.607485518458821,0.040900617868030675,157
4597.375530951,50.4599999999731,1,1,3.0368422950695497,11.123679282220614,0.0,2.7769124835677132e-14,0.48109251205319037,0.48109251205319037,0,13.61077454146025,0.04168687580249486,158
4597.385795508,50.469999999973076,1,1,2.7570205679664994,10.926360616147411,0.0,2.8305775903876426e-14,0.47931520866907673,0.47931520866907673,0,13.613832126390012,0.04238280996826638,160
4597.39561188,50.47999999997305,1,1,2.4850337160298066,10.72558735258995,0.0,2.8832440148234447e-14,0.47762013302796325,0.47762013302796325,0,13.616631340669713,0.04299595252878641,165
4597.405611498,50.48999999997303,1,1,2.1822692305935085,10.527922263061049,0.0,1.0444418402013024e-14,0.4756290962952904,0.4756290962952904,0,13.619145685731917,0.043535350121159055,168
4597.415551712,50.49999999997301,1,1,1.9203833999445683,10.268925633924846,0.0,2.6020852139652106e-15,0.47402466427295503,0.47402466427295503,0,13.621349084712316,0.04400543718498673,168
4597.42804283,50.50999999997298,1,1,1.5663361011291925,10.05427788789425,0.09999999999997843,0.6,0.47140070723935423,0.47140070723935423,0,13.62322111411757,0.04440674541177514,171
4597.435668946,50.51999999997296,1,1,1.2961261182035881,9.866083506034157,0.0,4.336808689942018e-15,0.46989314188599407,0.46989314188599407,0,13.62475064341003,0.04475415085622636,175
4597.446328786,50.52999999997294,1,1,1.2096292231387034,9.75298655015377,0.0,3.319854670510408e-14,0.46954396861111997,0.46954396861111997,0,13.625930030660436,0.04505897987494656,0
4597.455795232,50.53999999997291,1,1,1.0438297363916287,9.590140827726588,0.0,1.514782153580212e-14,0.46861231787313495,0.46861231787313495,0,13.626748976379718,0.04532623353969889,1
4597.465714922,50.54999999997289,1,1,0.7846510173007741,9.361716569291929,0.0,1.179739509965479e-14,0.4669474086778664,0.4669474086778664,0,13.627202276005955,0.04555733374298088,4
4597.47563413,50.55999999997287,1,1,0.7772437057101028,9.155250045920157,0.0,1.9491530832281062e-14,0.46693826910376873,0.46693826910376873,0,13.627294658247642,0.045763097891476034,4
4597.485586928,50.56999999997284,1,1,0.5687282576585299,8.924317946327012,0.0,2.964296775167217e-14,0.465569068535575,0.465569068535575,0,13.627029531991445,0.04593812764737448,4
4597.49738286,50.57999999997282,1,1,0.6544565934765294,8.715262779200744,0.0,2.359479019930958e-14,0.46577554136373767,0.46577554136373767,0,13.626415084180422,0.046095536195522424,8
4597.505836638,50.5899999999728,1,1,0.5258418915012472,8.48240562355527,0.0,1.5612511283791264e-14,0.46469901076547115,0.46469901076547115,0,13.625455675225412,0.0462314948816811,11
4597.515668543,50.59999999997277,1,1,0.5592367734256422,8.260077043205408,0.0,1.514782153580212e-14,0.46444687754735964,0.46444687754735964,0,13.624161540450228,0.04635132496528915,11
4597.525595731,50.60999999997275,1,1,0.6299240660694875,8.044039202000812,0.0,2.881939084222627e-14,0.46378832302759493,0.46378832302759493,0,13.622543085302649,0.046451565496292035,11
4597.535748881,50.61999999997273,1,1,0.6957199670582315,7.820300265152353,0.0,3.622208959480119e-14,0.4637597784937875,0.4637597784937875,0,13.6206108964581,0.04653379544676994,15
4597.545656831,50.6299999999727,1,1,0.8411865750562758,7.606789557575822,0.0,2.872787973076523e-14,0.46443421470515384,0.46443421470515384,0,13.618379481936092,0.04661462302025776,15
4597.555654903,50.63999999997268,1,1,0.895897858251974,7.381732934615067,0.0,2.6020852139652106e-15,0.4646044679342597,0.4646044679342597,0,13.615859179433382,0.04669434368676906,15
4597.577980945,50.64999999997266,1,1,0.9458257582758234,7.156215341358832,0.0,5.553824967135427e-15,0.46487230375546557,0.46487230375546557,0,13.613062995795326,0.04676721727053357,21
4597.587471064,50.659999999972634,1,1,0.9816686927559041,6.982517092272,0.0,1.734723475976807e-14,0.4653249626255567,0.4653249626255567,0,13.610007555737495,0.04683698762574262,24
4597.598588229,50.66999999997261,1,1,1.0911722025303907,6.768196137901544,0.0,3.0158755095200016e-14,0.46456211041587364,0.46456211041587364,0,13.606709540545866,0.046899397661970266,28
4597.607614154,50.67999999997259,1,1,0.9525896754191006,6.51244070016693,0.055462311440311766,0.3203984774193343,0.46649168419084647,0.46649168419084647,0,13.60318526791028,0.046964303253563155,30
4597.61767062,50.689999999972564,1,1,0.985577501877249,6.243797153045774,0.0558044602443323,0.6,0.4668698554892492,0.4668698554892492,0,13.599457586463354,0.04703247163548552,31
4597.627456545,50.69999999997254,1,1,1.0702872781847756,6.016508681387075,0.0,3.752780664831301e-14,0.46817260287514006,0.46817260287514006,0,13.59554233189075,0.047103648724168945,31
4597.637548749,50.70999999997252,1,1,1.1232978568715024,5.799355227376378,0.10000000000000002,0.6000000000000001,0.46762307313863744,0.46762307313863744,0,13.591454566144957,0.04717228329134593,35
4597.647388936,50.719999999972494,1,1,1.0920421495471038,5.562095869857816,0.05545761950158767,0.3203983035630257,0.45612251853471075,0.45612251853471075,0,13.587210619952387,0.0471845667501718,35
4597.657419146,50.72999999997247,1,1,1.0961229134029022,5.335287996047901,0.0,2.1121638573370073e-14,0.43848282175000475,0.43848282175000475,0,13.582829484336369,0.047036018815578284,36
4597.667373087,50.73999999997245,1,1,1.054461397341141,5.108168481454679,0.05544205456508665,0.320396859245534,0.41973294377746784,0.41973294377746784,0,13.578334667981045,0.046729587383242066,43
4597.67748814,50.749999999972424,1,1,1.1228503250888444,4.89377969110674,0.05544205456508665,0.32039685924555306,0.40341585462142915,0.40341585462142915,0,13.5737488003012,0.046281686309982195,43
4597.687606151,50.7599999999724,1,1,1.0383670432207452,4.664533045793435,0.1,0.32038876037283437,0.3851331535408922,0.3851331535408922,0,13.569097135227455,0.04571009541667559,44
4597.700600599,50.76999999997238,1,1,1.1146026830607385,4.418023496733682,0.05575836968761802,0.6,0.3641561083255307,0.3641561083255307,0,13.56440290208911,0.04502570944037343,46
4597.70804189,50.779999999972354,1,1,1.0992422003386162,4.1903652302426355,0.05634427069838687,0.5491346327663689,0.34828742900227644,0.34828742900227644,0,13.559687360895541,0.044221512863743984,53
4597.717460177,50.78999999997233,1,1,1.0831782549284976,3.98144524501108,0.05543734028343835,0.3203967948700248,0.3319567345913947,0.3319567345913947,0,13.554972969585027,0.04332508992188644,55
4597.727481104,50.79999999997231,1,1,1.0037346524957267,3.771466170882073,0.1,0.6,0.3151042558011404,0.3151042558011404,0,13.550276812842597,0.04236195198649573,55
4597.737443541,50.809999999972284,1,1,1.1119171667132568,3.5915976631403876,0.1,0.32038854457964044,0.3000844339795904,0.3000844339795904,0,13.54561483445222,0.04133975525024036,61
4597.747603193,50.81999999997226,1,1,1.0230375841660544,3.3854562431932718,0.05543734028343835,0.3203967948700541,0.28519389656652067,0.28519389656652067,0,13.54100218739097,0.04026578698765948,61
4597.757464266,50.82999999997224,1,1,0.9679775052602324,3.2045353776915997,0.055437340283372515,0.320395472051453,0.2690322392169201,0.2690322392169201,0,13.536453654977944,0.03915207893042294,61
4597.767819452,50.839999999972214,1,1,0.8598448175717915,3.061973010992131,0.0,3.8876774769947985e-14,0.2593433547103258,0.2593433547103258,0,13.531981652369238,0.03801867385294888,65
4597.777414801,50.84999999997219,1,1,0.9984242757197069,2.9057826426333278,0.1,0.3203887268426627,0.2461796450157839,0.2461796450157839,0,13.527600093883526,0.03687703022574862,65
4597.787383895,50.85999999997217,1,1,0.9697875017492364,2.7362477156091805,0.1,0.3203887268426577,0.2326930330058592,0.2326930330058592,0,13.523316083671332,0.035727386508894954,65
4597.797388507,50.869999999972144,1,1,0.8300839668422553,2.5675953549902584,0.05544205456508508,0.320395546113389,0.21857073319504378,0.21857073319504378,0,13.519136736914259,0.0345579845205477,65
4597.807403011,50.87999999997212,1,1,0.8733108022890269,2.4139722389304894,0.10000000000000002,0.6000000000000001,0.20682615284818842,0.20682615284818842,0,13.515070689599957,0.03337553774087376,69
4597.817424801,50.8899999999721,1,1,0.8731383138733135,2.3157488038843206,0.1,0.3203890238121851,0.1992142307374473,0.1992142307374473,0,13.51112762452135,0.03222563596333594,69
4597.827429582,50.899999999972074,1,1,0.6784811668859642,2.153090047139367,0.0,3.108012608937941e-14,0.18673580396717185,0.18673580396717185,0,13.507311030461311,0.031073207149535653,69
4597.837606784,50.90999999997205,1,1,0.6869674816290134,2.0274446338512355,0.1,0.32038903182238926,0.17513100860843842,0.17513100860843842,0,13.503627731546642,0.029922406946731872,72
4597.847392305,50.91999999997203,1,1,0.7284061723491583,1.8850602938132064,0.1,0.6,0.1651329033539881,0.1651329033539881,0,13.500080779959346,0.028774556211251356,72
4597.857470658,50.929999999972004,1,1,0.756448035924307,1.770047843413143,0.1,0.32038902381221435,0.1548758864732962,0.1548758864732962,0,13.496671241307563,0.027643343655086472,72
4597.869213498,50.93999999997198,1,1,0.5919738139519146,1.6460373176422332,0.1,0.3203890318224537,0.1438135406357738,0.1438135406357738,0,13.493397580065611,0.02651670215650359,75
4597.877445965,50.94999999997196,1,1,0.5435608494359323,1.5169868719252437,0.0,2.1942709178604382e-14,0.1345282699756289,0.1345282699756289,0,13.490263162489777,0.02540056715183958,77
4597.88749051,50.959999999971934,1,1,0.5447375882436957,1.4080106042654146,0.1,0.5999999999999999,0.12554622162653967,0.12554622162653967,0,13.48727132325062,0.024306777504375043,77
4597.897387194,50.96999999997191,1,1,0.6082107186999917,1.3152424524690396,0.1,0.5999999999999999,0.11711729362061803,0.11711729362061803,0,13.484418268430801,0.02322710239072956,77
4597.907435601,50.97999999997189,1,1,0.6185359998809509,1.2032272973605258,0.05544677706092784,0.3203970330395834,0.10927401371686038,0.10927401371686038,0,13.481704582654585,0.022172837443738214,82
4597.917421368,50.989999999971864,1,1,0.5966750629307248,1.1087155079705047,0.0,3.642919299551295e-14,0.1013044198625323,0.1013044198625323,0,13.479128095363066,0.021145012373459338,82
4597.927492735,50.99999999997184,1,1,0.4271720324191367,1.021078899097641,0.05544677706092784,0.32039703303950073,0.09267104988107894,0.09267104988107894,0,13.476684591604405,0.02013871590123184,82
4597.937899259,51.00999999997182,1,1,0.5402458593823004,0.9484925614685595,0.0,1.474514954580286e-14,0.0861785956302463,0.0861785956302463,0,13.474371632390875,0.019161403510737918,86
4597.947497972,51.019999999971795,1,1,0.5397784108608052,0.8492405226631901,0.0,0.32038872342756136,0.07983944326284609,0.07983944326284609,0,13.47218457835618,0.01821033140893169,86
4597.957771622,51.02999999997177,1,1,0.38432598904121945,0.8289573982215418,0.0,0.3203982958188724,0.07666281130401617,0.07666281130401617,0,13.470122567204697,0.017292096811138746,89
4597.972980006,51.03999999997175,1,1,0.4119521241383606,0.7073241840748115,0.1,0.6,0.06651329778798834,0.06651329778798834,0,13.468186331194739,0.016413204907360868,93
4597.980947137,51.049999999971725,1,1,0.3507294890748584,0.6454806014822736,0.10000000000000002,0.6,0.06051852707984577,0.06051852707984577,0,13.466371940162688,0.015556458002359497,103
4597.988314732,51.0599999999717,1,1,0.40995677579078676,0.5861363680350319,0.05274888433422068,0.10163271919280796,0.05553747450761999,0.05553747450761999,0,13.464674873423537,0.014711453639242977,113
4597.997498272,51.06999999997168,1,1,0.3914887172635434,0.5205986958384303,0.1,0.6,0.05019257362269914,0.05019257362269914,0,13.463091779877253,0.013894453419429853,115
4598.00740784,51.079999999971655,1,1,0.43147822177897444,0.4659916201952186,0.0,2.1121638573370073e-14,0.0458025841743659,0.0458025841743659,0,13.461617268946577,0.013118167209862808,119
4598.017487257,51.08999999997163,1,1,0.29715580963425986,0.42948831174896585,0.0,3.4389553013601196e-14,0.04017511457809581,0.04017511457809581,0,13.460244500457543,0.012362415161956575,119
4598.027473336,51.09999999997161,1,1,0.22015851826547142,0.3897952852840863,0.1,0.6,0.03603458968927206,0.03603458968927206,0,13.45897184477768,0.01164272363285379,119
4598.038467534,51.109999999971585,1,1,0.38000849210541593,0.2826503271413455,0.0,8.182674270850421e-15,0.028514285976602927,0.028514285976602927,0,13.457792243228255,0.010928072770300945,122
4598.047479662,51.11999999997156,1,1,0.3659442114207237,0.24579910796989085,0.05545761950158767,0.3203983035630262,0.02475173191371135,0.02475173191371135,0,13.456700410841393,0.01022509445254749,125
4598.057507944,51.12999999997154,1,1,0.34941551563757756,0.21322876184200312,0.1,0.32038874795511646,0.021237326565642152,0.021237326565642152,0,13.455694213044886,0.009554988092581818,125
4598.067579554,51.139999999971515,1,1,0.33687114961536935,0.18510679789114703,0.1,0.3203887479550883,0.017990541047973426,0.017990541047973426,0,13.454767808096312,0.009211478122179845,127
4598.077440432,51.14999999997149,1,1,0.22809364257681272,0.16033877068426378,0.1,0.32038874795505595,0.014688112574409874,0.014688112574409874,0,13.453915622262516,0.00905491423313845,132
4598.087447327,51.15999999997147,1,1,0.21229290806871126,0.16639138523960603,0.09242612785310476,0.6,0.015717930824464384,0.015717930824464384,0,13.453133424397251,0.008909253261076722,132
4598.097422523,51.169999999971445,1,1,0.24479171281896245,0.17508445020366886,0.0,0.3203982958087367,0.011951026950182367,0.011951026950182367,0,13.452418281117307,0.008782393147246353,134
4598.108069071,51.17999999997142,1,1,0.30801858879386723,0.13752664005246926,0.0,1.115124993883404e-13,0.011632021832476113,0.011632021832476113,0,13.451771098848242,0.008663641978269354,139
4598.117459392,51.1899999999714,1,1,0.29847456408436723,0.12526688305703185,0.0,2.6020852139652106e-15,0.009438437606710285,0.009438437606710285,0,13.451186492594731,0.008549947926698248,140
4598.127457114,51.199999999971375,1,1,0.3318473045369282,0.14987660206045186,0.0,2.0248763655265816e-14,0.008626276839877498,0.008626276839877498,0,13.450656487898065,0.008441182617354881,140
4598.140685429,51.20999999997135,1,1,0.3024362617821488,0.1840520995629823,0.0,2.5257955065251655e-14,0.010864017635904218,0.010864017635904218,0,13.450180538370187,0.008341221817857264,142
4598.14746674,51.21999999997133,1,1,0.31203989868073895,0.14521885563913361,0.055477734488444834,0.32040003731291233,0.008987498708258204,0.008987498708258204,0,13.44976059283411,0.008250061002003706,147
4598.157574984,51.229999999971305,1,1,0.24654612879932472,0.14470952949115617,0.1,0.6,0.009239204607485963,0.009239204607485963,0,13.449392972379275,0.008164093225602603,148
4598.167458843,51.23999999997128,1,1,0.28577951015384817,0.18298260413442805,0.1,0.32038909528363996,0.011060303194231293,0.011060303194231293,0,13.44907160748122,0.008084774778365778,148
4598.177503431,51.24999999997126,1,1,0.13760970957076232,0.1537134615796604,0.1,0.5999999999999999,0.010897296102768116,0.010897296102768116,0,13.448793699193725,0.008010147976243553,152
4598.18746306,51.259999999971235,1,1,0.2671681322532356,0.15004146159082393,0.0,2.1121638573370073e-14,0.009300736129998993,0.009300736129998993,0,13.448554884970028,0.007942680275344921,152
4598.197553056,51.26999999997121,1,1,0.2204989300757729,0.18429445030272404,0.10000000000000002,0.6,0.010761049458351159,0.010761049458351159,0,13.448351190602496,0.007878132930782378,152
4598.210116083,51.27999999997119,1,1,0.2429844374846357,0.1538204511500423,0.0,6.098731183695384e-14,0.009283806536766456,0.009283806536766456,0,13.448178282714098,0.007816187626682708,155
4598.217501828,51.289999999971165,1,1,0.07262816526463524,0.1518713213516877,0.10000000000000002,0.5999999999999999,0.008506652544375416,0.008506652544375416,0,13.448033850461615,0.007761419258767249,158
4598.227598836,51.29999999997114,1,1,0.2530070743503199,0.18768702476743554,0.0,0.3203998556384095,0.010741530882173512,0.010741530882173512,0,13.44791730739826,0.007712092516911212,160
4598.237771206,51.30999999997112,1,1,0.23432822813154564,0.22299621222750918,0.0,1.6841118637620292e-14,0.012116252429119482,0.012116252429119482,0,13.447829663827891,0.007666615241741087,166
4598.247461464,51.319999999971095,1,1,0.18706695347174968,0.15630265002793475,0.1,0.3203890861628486,0.008945602078533134,0.008945602078533134,0,13.447768307351295,0.0076265772440402,172
4598.257409791,51.32999999997107,1,1,0.1597108086094459,0.15944389196457923,0.0,2.4425128309372857e-14,0.010415877625389945,0.010415877625389945,0,13.447721026262489,0.00759434837473047,172
4598.267507101,51.33999999997105,1,1,0.1664000873179826,0.15455555807879937,0.055477734488444834,0.32040003731288696,0.008574286228259025,0.008574286228259025,0,13.44767416607064,0.0075634502427304184,172
4598.278350873,51.349999999971025,1,1,0.15413274035885324,0.15309802690842092,0.0,1.734723475976807e-15,0.008389550241255535,0.008389550241255535,0,13.447627139218913,0.007531004960157656,176
4598.287541862,51.359999999971,1,1,0.050537218251704666,0.18999714403700851,0.1,0.6,0.011846292880005209,0.011846292880005209,0,13.447580834365118,0.0074966952821038935,177
4598.297394548,51.36999999997098,1,1,0.22821652849657242,0.23328410033940675,0.05584602904796985,0.6000000000000001,0.01298083495302586,0.01298083495302586,0,13.447535867360394,0.007456822844635863,177
4598.307460091,51.379999999970956,1,1,0.22090676896179937,0.24091262334992383,0.0,2.93496551986999e-14,0.013164948778342928,0.013164948778342928,0,13.44749307148137,0.0074187480743445056,177
4598.317475028,51.38999999997093,1,1,0.10751990291947663,0.21552710787233192,0.1,0.6,0.012755845401346505,0.012755845401346505,0,13.447453877022737,0.007380051465447818,183
4598.327399082,51.39999999997091,1,1,0.07004509770046313,0.18575610233346518,0.09999999999999999,0.5999999999999999,0.012878112235224969,0.012878112235224969,0,13.447418242558166,0.007342438738816265,183
4598.337737442,51.409999999970886,1,1,0.12374038068641517,0.21035118291075894,0.0,1.804862860440849e-14,0.012403181556669743,0.012403181556669743,0,13.447386199790525,0.007301963279178869,183
4598.347418323,51.41999999997086,1,1,0.19231230045536019,0.2257296077230514,0.0,8.562314621180677e-14,0.013443258687084136,0.013443258687084136,0,13.447357142820493,0.007265203713970547,189
4598.357497767,51.42999999997084,1,1,0.14042167571352474,0.21681610152328123,0.09999999999999999,0.6,0.01321778844013994,0.01321778844013994,0,13.447331771402677,0.007228007901636108,189
4598.367455501,51.439999999970816,1,1,0.13037192113488014,0.1686936780487485,0.0,3.642919299551295e-14,0.012638340516911048,0.012638340516911048,0,13.447309989287614,0.007191492743754524,189
4598.379283578,51.44999999997079,1,1,0.17912588516132463,0.21921542333180738,0.1,0.6,0.013117081691664995,0.013117081691664995,0,13.447289639524335,0.007157337387946078,191
4598.387429617,51.45999999997077,1,1,0.09962682246368071,0.22024484126351257,0.10000000000000002,0.6,0.01345685164508353,0.01345685164508353,0,13.447266113362343,0.007121419440871246,193
4598.397490403,51.469999999970746,1,1,0.12198426955350536,0.21716747156221397,0.09999999999999999,0.32038881641605627,0.013006249548119075,0.013006249548119075,0,13.447244464368376,0.007081759612545563,193
4598.407456612,51.47999999997072,1,1,0.12107379188212437,0.21142593676302046,0.055503646235567854,0.32040332960472784,0.012568745830932364,0.012568745830932364,0,13.447226153209622,0.007046287122815603,193
4598.417402837,51.4899999999707,1,1,0.16450042987567526,0.24547484104373646,0.05551876565983388,0.32040523598547244,0.015915308722802224,0.015915308722802224,0,13.4472125265651,0.007007826669824135,197
4598.427458337,51.499999999970676,1,1,0.15975508682355893,0.2389706692640959,0.05551876565983388,0.3204052359854715,0.015482272610451757,0.015482272610451757,0,13.447206493910864,0.006968162755147472,197
4598.43747365,51.50999999997065,1,1,0.15528481432040342,0.2321065226586465,0.0,3.108012608937941e-14,0.01502491667584824,0.01502491667584824,0,13.447210105174527,0.006928899824899304,0
4598.447518669,51.51999999997063,1,1,0.19789767606111452,0.23602687922338073,0.0,5.650513902230012e-14,0.015464481815595883,0.015464481815595883,0,13.447233398356012,0.006894602944945594,4
4598.457632288,51.529999999970606,1,1,0.12145319471332354,0.17874744802796164,0.1,0.6,0.01171710511090643,0.01171710511090643,0,13.44728545745919,0.006862523479807203,4
4598.467506983,51.53999999997058,1,1,0.18042301031879346,0.22082251760291463,0.1,0.3203888765078787,0.014529680980303274,0.014529680980303274,0,13.447363288713289,0.006832253087145079,4
4598.477443125,51.54999999997056,1,1,0.14063709349875922,0.20295547835941685,0.05551876565983388,0.32040523598547505,0.01306275663681455,0.01306275663681455,0,13.447463535532943,0.006806198948281217,4
4598.487400646,51.559999999970536,1,1,0.10756015273527962,0.19224962695459194,0.1,0.6,0.012676128787820241,0.012676128787820241,0,13.447583537420636,0.0067812658714623,7
4598.497433798,51.56999999997051,1,1,0.13482455312188446,0.18793929286573738,0.0,3.538155541877297e-14,0.01203721885720178,0.01203721885720178,0,13.447717812461622,0.006757316568177518,7
4598.507378984,51.57999999997049,1,1,0.15109567578180222,0.18962185667757192,0.1,0.320388876507903,0.012484474084522218,0.012484474084522218,0,13.447862988413076,0.00674096478611913,7
4598.517400333,51.589999999970466,1,1,0.12692211830068462,0.17298167720590002,0.1,0.3203888409441312,0.011058151248403491,0.011058151248403491,0,13.448020416358698,0.00672377392790624,11
4598.527459949,51.59999999997044,1,1,0.12961688445927508,0.17417577953139346,0.1,0.32385324782352815,0.011565371152799299,0.011565371152799299,0,13.448184385599973,0.006707502698726747,11
4598.537521976,51.60999999997042,1,1,0.10478449872991087,0.16561395118436997,0.1,0.6,0.011448988017530947,0.011448988017530947,0,13.4483554365292,0.006695987615651683,11
4598.549481933,51.619999999970396,1,1,0.12961041825672895,0.22847801072931256,0.09999999999999999,0.5999999999999999,0.014481009474463076,0.014481009474463076,0,13.448534623425413,0.006679635084976848,13
4598.557418696,51.62999999997037,1,1,0.1380840966314894,0.1879652705735095,0.10000000000000002,0.6000000000000001,0.011880435787790602,0.011880435787790602,0,13.44872222563365,0.0066640352788304436,15
4598.567421905,51.63999999997035,1,1,0.1373811226895106,0.2170030336806461,0.1,0.32038868670020865,0.013787470274280357,0.013787470274280357,0,13.448916835881601,0.0066525296695851555,15
4598.577480873,51.649999999970326,1,1,0.13190340329478673,0.20170229553596822,0.0,3.075161289021299e-14,0.012288344059462813,0.012288344059462813,0,13.449118156193881,0.006642282358892582,16
4598.587481452,51.6599999999703,1,1,0.12740258184865094,0.20110333331243382,0.05552924284178118,0.3204071933731465,0.012665349222779848,0.012665349222779848,0,13.449322102324683,0.006633313404137392,20
4598.597470468,51.66999999997028,1,1,0.1605546994526562,0.23378326894300286,0.05554416990426479,0.32040933077062694,0.01587693898077102,0.01587693898077102,0,13.449527641641438,0.006625944874649403,20
4598.607659465,51.679999999970256,1,1,0.12444992157083234,0.19583169373120046,0.1,0.6,0.013494676900248158,0.013494676900248158,0,13.449737987104546,0.00661308326204213,20
4598.617928647,51.68999999997023,1,1,0.1711320370931602,0.21319303300444636,0.0,2.9958528781297533e-14,0.014347226025731987,0.014347226025731987,0,13.449951063778283,0.0066053636037737284,24
4598.627406522,51.69999999997021,1,1,0.1317489515725746,0.24221451263312116,0.05553967799054868,0.32040937592639235,0.014836977482229969,0.014836977482229969,0,13.450167369729542,0.006613994541934121,25
4598.637379486,51.70999999997019,1,1,0.16830157001066628,0.19678574568348228,0.1,0.3203885928055368,0.013568716671534978,0.013568716671534978,0,13.450384404099871,0.006626027650442179,25
4598.647552633,51.71999999997016,1,1,0.10460948242602952,0.21844384633658037,0.10000000000000002,0.6,0.014170112663481994,0.014170112663481994,0,13.450603206922512,0.006640154417717037,25
4598.657472425,51.72999999997014,1,1,0.1527549052272222,0.24980655767872934,0.09999999999999999,0.32038851550083547,0.015978146922476174,0.015978146922476174,0,13.450824743675552,0.006636351637967053,30
4598.667386832,51.73999999997012,1,1,0.15184634989859397,0.2464670434637391,0.0,2.845158044380418e-14,0.01624775978348352,0.01624775978348352,0,13.45104546886325,0.006645469394408465,30
4598.677498905,51.74999999997009,1,1,0.13193259427206463,0.26564062465577803,0.1,0.32038848549399657,0.015415781619546404,0.015415781619546404,0,13.45126781228292,0.006650662132071217,30
4598.687438415,51.75999999997007,1,1,0.13060908044249053,0.2565063269033516,0.05555007111373016,0.3204117837620658,0.014752645191241358,0.014752645191241358,0,13.451487554638378,0.006663871991342107,34
4598.697365118,51.76999999997005,1,1,0.12632140349686807,0.25408718816753595,0.0,2.8609792490763985e-14,0.015050278762874496,0.015050278762874496,0,13.451706693171339,0.006676927227966756,34
4598.707416609,51.77999999997002,1,1,0.14725809282495528,0.201061545458449,0.1,0.3203884854940036,0.013800216429164961,0.013800216429164961,0,13.451926099070942,0.006677630494635878,34
4598.719106911,51.78999999997,1,1,0.11771560314668185,0.23703518283493955,0.060950179158037014,0.6,0.014115013395038855,0.014115013395038855,0,13.452140710519156,0.006672322656030127,36
4598.727617133,51.79999999996998,1,1,0.13230394781657914,0.2986498352037844,0.0573674272145073,0.6,0.018521076841140096,0.018521076841140096,0,13.452350615816421,0.0066709397062636455,38
4598.737461264,51.80999999996995,1,1,0.152275728069527,0.2991617232228129,0.05555601634908097,0.32041239435811014,0.022016028785158515,0.022016028785158515,0,13.452557437208391,0.006697316451742097,38
4598.747463365,51.81999999996993,1,1,0.06394990314330536,0.31068454873929124,0.09999999999999999,0.6,0.020655798426170317,0.020655798426170317,0,13.452762110589896,0.006723454722824318,38
4598.757545887,51.82999999996991,1,1,0.1662402048213572,0.32780241819604655,0.0,2.8185920280518335e-14,0.025345033467222975,0.025345033467222975,0,13.452965437676196,0.006758581094198135,43
4598.767615039,51.83999999996988,1,1,0.14906157587194185,0.3741010638190144,0.05556636437814824,0.32041776016694257,0.02427241490408355,0.02427241490408355,0,13.453168624052555,0.0067875057242512415,43
4598.777416099,51.84999999996986,1,1,0.07385230689335115,0.3245795812106565,0.1,0.6,0.023150659720542352,0.023150659720542352,0,13.45337363734884,0.006821713109961491,43
4598.787718763,51.85999999996984,1,1,0.14361978807768874,0.35198580475346114,0.0,3.3107778123195865e-14,0.023017843115147908,0.023017843115147908,0,13.45358140876379,0.006844582055220538,47
4598.797432548,51.869999999969814,1,1,0.14098563415988383,0.34050987824700274,0.0,1.1275702593849246e-14,0.02235210978187384,0.02235210978187384,0,13.453790674608129,0.006868730209036222,47
4598.807479607,51.87999999996979,1,1,0.12480601102508813,0.2880623590081203,0.055566364378159795,0.32041523840055985,0.020962636547215086,0.020962636547215086,0,13.454002732446781,0.006884076631388236,48
4598.817425927,51.88999999996977,1,1,0.12680331608210949,0.27654863429153764,0.0,2.276721302528256e-14,0.020261909849371297,0.020261909849371297,0,13.454213373861124,0.0068791548974913574,48
4598.827422826,51.899999999969744,1,1,0.13267664706952728,0.305244510076562,0.05556636437814824,0.3204177601669141,0.02025631734756047,0.02025631734756047,0,13.454418185495555,0.006882246789089219,53
4598.83750749,51.90999999996972,1,1,0.09115560934530065,0.26400373748122247,0.1,0.6,0.019366420222202755,0.019366420222202755,0,13.45461901280163,0.006875565073298562,53
4598.847444069,51.9199999999697,1,1,0.0784404297893377,0.2781289227874465,0.1,0.6,0.018628634041321614,0.018628634041321614,0,13.454814641466669,0.006870794704298744,53
4598.857437915,51.929999999969674,1,1,0.15464163760060481,0.24037423760079857,0.0,8.542522420166517e-15,0.018419345406162576,0.018419345406162576,0,13.455004929553256,0.006861146232907789,59
4598.867496165,51.93999999996965,1,1,0.07581897149651937,0.2550173234623315,0.1,0.6,0.01719487644629392,0.01719487644629392,0,13.45518939763793,0.006845619408969883,60
4598.877454511,51.94999999996963,1,1,0.08390349107253282,0.2109730033869215,0.1,0.5999999999999999,0.01616569236979374,0.01616569236979374,0,13.455367166044876,0.0068343037838229925,61
4598.889479703,51.959999999969604,1,1,0.1307906492230933,0.1978854782147158,0.1,0.32038902455922813,0.015250384938117726,0.015250384938117726,0,13.455539964188453,0.006816658211408422,63
4598.897385932,51.96999999996958,1,1,0.13574220152218935,0.1873909885194254,0.0,7.757919228897728e-15,0.014573065427331349,0.014573065427331349,0,13.455705541767164,0.006791087706608634,65
4598.907479485,51.97999999996956,1,1,0.16038801309169554,0.18715804849084516,0.055566364378159795,0.3204152384004988,0.01491231877467979,0.01491231877467979,0,13.455862256019946,0.006773395064829879,65
4598.917432937,51.989999999969534,1,1,0.1253360861500363,0.2045729262799168,0.0,2.1942709178604382e-14,0.013924953536051256,0.013924953536051256,0,13.456013279973503,0.006764382949749015,65
4598.927440167,51.99999999996951,1,1,0.13452356455946177,0.1576797643802736,0.055566364378159795,0.3204152384005317,0.012555863728993508,0.012555863728993508,0,13.456162359222184,0.006748313512903836,70
4598.93739316,52.00999999996949,1,1,0.10223391697902989,0.17624448494856945,0.05556636437814824,0.3204177601669999,0.011589151945008893,0.011589151945008893,0,13.456306929117435,0.006724169433071969,70
4598.947492943,52.019999999969464,1,1,0.10273122396047339,0.16690971264244012,0.0,3.049365591847692e-14,0.010957523498976187,0.010957523498976187,0,13.456445103262066,0.006692898974456574,71
4598.957586496,52.02999999996944,1,1,0.13219520236165225,0.1309479155295331,0.0051207373933628755,9.660089250966462e-14,0.010663023424248762,0.010663023424248762,0,13.456575415851436,0.0066673060310060706,76
4598.967394987,52.03999999996942,1,1,0.15905496466546623,0.13288191124398524,0.0,2.881939084222627e-14,0.011091436528882122,0.011091436528882122,0,13.456699068051984,0.006652281000399718,76
4598.977485332,52.049999999969394,1,1,0.16274958626025868,0.18284586180381399,0.1,0.3203891762085702,0.010830876675444013,0.010830876675444013,0,13.456820809008768,0.006656663689090653,76
4598.990385793,52.05999999996937,1,1,0.09293602930546656,0.16479932290720734,0.1,0.6,0.009911377249855401,0.009911377249855401,0,13.456945195188087,0.0066667758719459735,77
4598.997604801,52.06999999996935,1,1,0.12841632286024596,0.1296374129604701,0.05558099840413743,0.32041772323380235,0.00922542465351046,0.00922542465351046,0,13.457069471385811,0.006677691868587382,82
4599.007641537,52.079999999969324,1,1,0.12664864554285646,0.12193961247098833,0.05558099840413743,0.3204177232337712,0.00869888972747476,0.00869888972747476,0,13.457193044831303,0.006688817224375837,82
4599.017500347,52.0899999999693,1,1,0.1968202028458755,0.1902944051724575,0.055595520796163374,0.32042307559818045,0.011835103727173692,0.011835103727173692,0,13.457316399524494,0.00669741556787698,83
4599.027481329,52.09999999996928,1,1,0.06814018256113288,0.13670013661135486,0.0,1.8683543625880676e-14,0.00913648492053103,0.00913648492053103,0,13.457443216043977,0.006702403511972821,87
4599.037470205,52.109999999969254,1,1,0.0682966888685174,0.12990313217570623,0.0,2.881939084222627e-14,0.008698080949986666,0.008698080949986666,0,13.457569267261414,0.006708776118591414,87
4599.047405755,52.11999999996923,1,1,0.12092935810443022,0.17275182389884017,0.0,2.6093032173288503e-14,0.012925308378069579,0.012925308378069579,0,13.457694765853722,0.006716053659528959,87
4599.058445341,52.12999999996921,1,1,0.2578993659445108,0.21576458356649025,0.053007933754473595,0.10164838405447053,0.014735559118635314,0.014735559118635314,0,13.457826019342003,0.006721164661584456,90
4599.067428172,52.139999999969184,1,1,0.06001049298879502,0.15535017059286432,0.1,0.6,0.011409367401897373,0.011409367401897373,0,13.45796312290689,0.006728269878046117,92
4599.077598766,52.14999999996916,1,1,0.1154762050593612,0.1526793288190799,0.1,0.32038912105953526,0.011489702964589385,0.011489702964589385,0,13.458105705290189,0.00673557054699761,92
4599.087423492,52.15999999996914,1,1,0.08208709987434129,0.14331785880264836,0.05560993151791427,0.3204230394779935,0.010143472737691771,0.010143472737691771,0,13.45825324394745,0.0067433956008099705,92
4599.097689345,52.169999999969114,1,1,0.19274241546399293,0.18336030215493224,0.09999999999999999,0.6000000000000001,0.012049874989074567,0.012049874989074567,0,13.458403385359047,0.006750991431757447,97
4599.107453259,52.17999999996909,1,1,0.08324852473250285,0.1305694230510852,0.05560993151791427,0.320423039478019,0.009183999732878324,0.009183999732878324,0,13.458554611188472,0.006758507356115995,97
4599.117395345,52.18999999996907,1,1,0.08581417991567401,0.12430661310972879,0.1,0.3203889420262693,0.00865512332762085,0.00865512332762085,0,13.458704600941907,0.006762693287195365,97
4599.127418646,52.199999999969044,1,1,0.0841687937562859,0.11810166318705269,0.0,3.218601655210948e-14,0.008230710072989847,0.008230710072989847,0,13.458849307204776,0.006768730004868467,102
4599.137404582,52.20999999996902,1,1,0.0840275047611464,0.11202659462393086,0.0,3.218601655210948e-14,0.007764379221802642,0.007764379221802642,0,13.458988077599294,0.006774252737739739,102
4599.147437438,52.219999999969,1,1,0.08349819425474006,0.10609947934108863,0.0,1.788112030672749e-14,0.007307287345474462,0.007307287345474462,0,13.459120371027655,0.006781825383561563,102
4599.159818788,52.229999999968975,1,1,0.08877474393979207,0.10039707574744462,0.10000000000000002,0.5999999999999999,0.007777437357138704,0.007777437357138704,0,13.459246781458544,0.00679083667413144,103
4599.167430668,52.23999999996895,1,1,0.08700357861535156,0.09449153328662331,0.05560993151791427,0.32042303947799183,0.0073399999768724855,0.0073399999768724855,0,13.459369885642186,0.006800690105831758,106
4599.177424964,52.24999999996893,1,1,0.21941553810801817,0.1568968211779064,0.1,0.32038932256273384,0.008930984791717828,0.008930984791717828,0,13.459489071312081,0.006803830507735059,106
4599.187392014,52.259999999968905,1,1,0.07821391631539304,0.1065825942456951,0.0,0.32042362481977504,0.006203859429965327,0.006203859429965327,0,13.459602559857636,0.006803655558824034,106
4599.197426603,52.26999999996888,1,1,0.0809875509626797,0.1057243548193053,0.0,0.3203906605123459,0.006712892566295089,0.006712892566295089,0,13.459713216182552,0.006806797161123146,111
4599.20750056,52.27999999996886,1,1,0.09771862364386182,0.14095905708072975,0.05561999462500301,0.32042645643319156,0.010048153061420092,0.010048153061420092,0,13.459823936731222,0.006806436221149625,111
4599.217482512,52.289999999968835,1,1,0.08921471576858893,0.1321155515113122,0.0,3.0444273447339115e-14,0.008717982769963738,0.008717982769963738,0,13.459933259900003,0.006805494764405562,111
4599.228291026,52.29999999996881,1,1,0.08849293036696347,0.16326137302143998,0.0,8.333897564733123e-14,0.009965370142023776,0.009965370142023776,0,13.460039888141216,0.006801378731691843,114
4599.237406241,52.30999999996879,1,1,0.10666022973630686,0.19155205914103296,0.05563001571072742,0.3204300993472976,0.012257325191426183,0.012257325191426183,0,13.460146905850559,0.006793763945942721,115
4599.247427027,52.319999999968765,1,1,0.1316566345641039,0.2552351519856075,0.06112481562474554,0.6,0.015973336554728476,0.015973336554728476,0,13.460257300517592,0.006781843714667862,115
4599.257399205,52.32999999996874,1,1,0.13978745018432873,0.2576452222410348,0.05563999478100091,0.3204339683319865,0.016663746795136263,0.016663746795136263,0,13.460371879389161,0.006763805888538255,115
4599.267535508,52.33999999996872,1,1,0.20133720049070042,0.3606792350952059,0.0,0.32039298031169017,0.02335929708674368,0.02335929708674368,0,13.460492547536258,0.006737744000525903,121
4599.27743005,52.349999999968695,1,1,0.1921819064983529,0.3528614550138155,0.1,0.3203908380816198,0.022882148564413618,0.022882148564413618,0,13.460623807383161,0.006711268850578739,121
4599.287399905,52.35999999996867,1,1,0.27410711793403414,0.461083398097657,0.0,0.3203940588328419,0.03034990512724069,0.03034990512724069,0,13.460768526639011,0.006677678126813941,121
4599.297684081,52.36999999996865,1,1,0.1927238576078734,0.5220343250731142,0.1,0.5125100854750623,0.03529681067657307,0.03529681067657307,0,13.460930550914851,0.006640080159902834,124
4599.30752321,52.379999999968625,1,1,0.2505543918277473,0.5595431251812063,0.10000000000000002,0.6,0.038461733851277366,0.038461733851277366,0,13.461116690245595,0.00664606289603098,124
4599.317447912,52.3899999999686,1,1,0.34935818510766997,0.7067532361259544,0.1,0.3239189339902381,0.04937801389999688,0.04937801389999688,0,13.461333480731925,0.006741242428970118,124
4599.329993102,52.39999999996858,1,1,0.48160460758206697,0.7956313164869491,0.08562080156292541,0.6,0.056118239899656835,0.056118239899656835,0,13.461588006011272,0.006832992030221696,125
4599.337430365,52.409999999968555,1,1,0.518935390421663,0.8929039978094108,0.05580808033474146,0.320489907847148,0.06393831995559154,0.06393831995559154,0,13.46188490168497,0.0069467639780909085,129
4599.347456142,52.41999999996853,1,1,0.6233687738356556,1.0321820623803746,0.06161289530316805,0.6,0.07330816340456944,0.07330816340456944,0,13.462230161764225,0.007067964793682657,129
4599.357422582,52.42999999996851,1,1,0.6935147811318556,1.1321883772160748,0.0,0.32040104523676055,0.08011878274246587,0.08011878274246587,0,13.462628535993742,0.007192638304011956,129
4599.367438945,52.439999999968485,1,1,0.7613516475850596,1.2204355128934063,0.0,0.6,0.08614170163516713,0.08614170163516713,0,13.46308191360662,0.007317237563542411,133
4599.377618508,52.44999999996846,1,1,0.826575198635986,1.3112228004705229,0.0,0.5999999999999999,0.09231927414176892,0.09231927414176892,0,13.463591205767944,0.007451347599103819,133
4599.387553718,52.45999999996844,1,1,0.9019139919427078,1.379521311594241,0.06183246385271652,0.5999999999999999,0.09784095554948968,0.09784095554948968,0,13.46415897472081,0.007595196749282662,133
4599.399494195,52.469999999968415,1,1,0.9587887839596978,1.4672754795060374,0.0,4.049752731053163e-14,0.10380326689851661,0.10380326689851661,0,13.464788205442234,0.007734470386386194,136
4599.407462149,52.47999999996839,1,1,1.023598404712617,1.531362370995425,0.06163243723191157,0.6,0.10853530992461752,0.10853530992461752,0,13.46547802808575,0.007870521923658558,139
4599.417463317,52.48999999996837,1,1,0.8881316178626321,1.55496890114815,0.0,0.3204086150265834,0.11180832584821332,0.11180832584821332,0,13.466227867276217,0.00800349519067134,139
4599.427411694,52.499999999968345,1,1,0.9601711676698053,1.6132794710996967,0.0,2.8185920280518335e-14,0.11726742264878244,0.11726742264878244,0,13.467035608228812,0.008133402457503491,139
4599.437399319,52.50999999996832,1,1,1.1105496954948837,1.7296608402481788,0.00032252770894878685,0.6000000000000001,0.12606329638915756,0.12606329638915756,0,13.467904493426767,0.008257334922761927,144
4599.447431354,52.5199999999683,1,1,1.2079467635259706,1.8600913961437673,0.06560577285672016,0.6,0.13634346364695382,0.13634346364695382,0,13.46883737883412,0.008366612503979187,0
4599.457396178,52.529999999968275,1,1,1.400234774897028,2.019686733033446,0.08836253219321455,0.6,0.1476275102123617,0.1476275102123617,0,13.469835230040875,0.008727412920514599,0
4599.467442731,52.53999999996825,1,1,1.4649209369764837,2.168590256488068,0.1,0.5999999999999998,0.15959684836728977,0.15959684836728977,0,13.470904522863583,0.009398945624659705,4
4599.477401644,52.54999999996823,1,1,1.8230070796702837,2.4216788062717614,0.00032262605738025204,0.6,0.17709316946526152,0.17709316946526152,0,13.472052254169249,0.010132603606675783,4
4599.487445808,52.559999999968205,1,1,1.9614897897419452,2.691453417731448,0.0,0.5999999999999999,0.19794072855401512,0.19794072855401512,0,13.473285843220493,0.010986416962460499,4
4599.499523721,52.56999999996818,1,1,2.309673628251845,2.953086799235631,0.09999999999999999,0.6,0.21575873231782344,0.21575873231782344,0,13.474616952656266,0.011945768863142359,5
4599.507396141,52.57999999996816,1,1,2.574351785920226,3.214421545402176,0.08116999938388758,0.6,0.23395681648399963,0.23395681648399963,0,13.476056551782461,0.012978927554477382,8
4599.517362939,52.589999999968136,1,1,2.7336366989062397,3.4700526837134658,0.015458878253634876,0.5999999999999999,0.2527821483701998,0.2527821483701998,0,13.477613726347798,0.014084524829440559,8
4599.527399191,52.59999999996811,1,1,3.168951813207098,3.7182036468277913,0.1,0.6,0.2686367314128945,0.2686367314128945,0,13.479301628696257,0.0152586678006712,8
4599.537444632,52.60999999996809,1,1,3.3035401780185767,3.9579377021351623,0.10000000000000003,0.6,0.28655444703269417,0.28655444703269417,0,13.481131492812155,0.01647788560289487,12
4599.547409453,52.619999999968066,1,1,3.7043551249937887,4.188771036324103,0.0,0.6000000000000001,0.3012245349510461,0.3012245349510461,0,13.483106567235613,0.017739076725835856,12
4599.557368873,52.62999999996804,1,1,3.909995109080277,4.41198108864633,0.0,0.6000000000000001,0.3166513218114645,0.3166513218114645,0,13.485224530666542,0.01901834733690122,12
4599.569160583,52.63999999996802,1,1,4.289637280971371,4.626239093799894,0.05502320023033892,0.6,0.33034007547344857,0.33034007547344857,0,13.487492714508711,0.020321502768020805,15
4599.577436831,52.649999999967996,1,1,4.594689466737471,4.832372230429113,0.0504835970896288,0.6,0.3433868115227999,0.3433868115227999,0,13.48991227058424,0.021623360132386082,17
4599.58740063,52.65999999996797,1,1,4.712102792013408,5.028918184766254,0.10000000000000002,0.6,0.3575879997875427,0.3575879997875427,0,13.492481116555082,0.0229431107808995,17
4599.597508262,52.66999999996795,1,1,5.072928479618448,5.216043399766234,0.1,0.6,0.36974288002533534,0.36974288002533534,0,13.495191101228258,0.02425508453435321,17
4599.607890176,52.679999999967926,1,1,5.205619898408367,5.393726989492493,0.1,0.6000000000000001,0.38285891964511953,0.38285891964511953,0,13.498043116112362,0.025565588874242318,22
4599.617537698,52.6899999999679,1,1,5.440722955954955,5.561965814446371,0.1,0.5999999999999999,0.39402882859219807,0.39402882859219807,0,13.501026658168986,0.026864406038721533,22
4599.627349736,52.69999999996788,1,1,5.582901469610853,5.721169128779316,0.0,0.6,0.4055972271071506,0.4055972271071506,0,13.504123741292437,0.028139871162016883,22
4599.637590902,52.709999999967856,1,1,5.786470537015219,5.871181242480976,0.1,0.5999999999999999,0.40488192554622265,0.40488192554622265,0,13.507327990570893,0.029347126584529093,25
4599.647345028,52.71999999996783,1,1,5.786869700755679,6.0127180714402995,0.0,0.6,0.4046794282807335,0.4046794282807335,0,13.510626648524974,0.030422137054672227,26
4599.657428453,52.72999999996781,1,1,6.156342602300815,6.146308098352111,0.05048339591509058,0.6,0.4017549011960771,0.4017549011960771,0,13.514005450143113,0.03138573091761332,26
4599.670780523,52.739999999967786,1,1,6.105340822978492,6.272675015119248,0.09999999999999999,0.6,0.4024222697238752,0.4024222697238752,0,13.517441170694683,0.03225581401957078,27
4599.677638256,52.74999999996776,1,1,6.1412875147802035,6.392516656341025,0.08925576474987311,0.6,0.40230892722624506,0.40230892722624506,0,13.520913500810728,0.03303164000568182,32
4599.687557214,52.75999999996774,1,1,6.256229767265225,6.506387334746939,0.10000000000000002,0.6,0.4008446724440504,0.4008446724440504,0,13.524406842062437,0.03373183354856324,32
4599.697476187,52.769999999967716,1,1,6.060927949476471,6.614868247536988,0.1,0.6,0.40296007524005323,0.40296007524005323,0,13.527902479825624,0.034377648178288256,32
4599.707432356,52.77999999996769,1,1,6.054201186147596,6.718318977810274,0.00032244724069126977,0.6,0.4038564772617684,0.4038564772617684,0,13.531383309664788,0.03496631352505841,36
4599.717460313,52.78999999996767,1,1,6.031291282177165,6.81737508678041,0.07935888660369257,0.6,0.4037723819344176,0.4037723819344176,0,13.534833183779794,0.035502646142022254,36
4599.727418439,52.799999999967646,1,1,5.994328993935575,6.9123907286023085,0.0,0.6000000000000001,0.4049523897956757,0.4049523897956757,0,13.538240396927465,0.03599202143548186,36
4599.737850093,52.80999999996762,1,1,5.752530803132089,7.003598135959728,0.0,0.6,0.4074929373165867,0.4074929373165867,0,13.541588389695056,0.03645167519549597,39
4599.747440272,52.8199999999676,1,1,5.6896441360466055,7.091648185417391,0.0,0.6,0.4077838906758532,0.4077838906758532,0,13.54486284856797,0.036879431499407644,39
4599.757622542,52.829999999967576,1,1,5.648366873569776,7.176765661942741,0.0,0.5999999999999999,0.40901034412153775,0.40901034412153775,0,13.548057533654038,0.03727527646736162,39
4599.767602661,52.83999999996755,1,1,5.5898190784898985,7.259297138002353,0.09790908813238086,0.5999999999999999,0.4092145433464969,0.4092145433464969,0,13.55115829010674,0.03764293009372022,39
4599.777523055,52.84999999996753,1,1,5.486249204688043,7.339593570608467,0.0003238150377801784,0.6,0.41048586295294043,0.41048586295294043,0,13.55415407260633,0.03797908543575712,44
4599.787421083,52.859999999967506,1,1,5.222643118542169,7.417894582420124,0.05048601079405496,0.6,0.41328276844216927,0.41328276844216927,0,13.55704130485148,0.03830654280011814,44
4599.797456095,52.86999999996748,1,1,5.113361832059505,7.49422595027914,0.1,0.6,0.4145855901029678,0.4145855901029678,0,13.559814365732214,0.03862313588744848,44
4599.807823933,52.87999999996746,1,1,4.963974336510823,7.568907579028449,0.0,0.6,0.41621824029409615,0.41621824029409615,0,13.562462187958422,0.038921372832041,49
4599.817449412,52.889999999967436,1,1,4.860655234902151,7.642006738005754,0.0,0.6,0.41803329996689637,0.41803329996689637,0,13.564978324718728,0.03920580514908578,49
4599.827396861,52.89999999996741,1,1,4.554727606274178,7.713893966842532,0.08326918693360691,0.6,0.4211588038091435,0.4211588038091435,0,13.567357129483689,0.03948937960928722,49
4599.840551343,52.90999999996739,1,1,4.303476376565029,7.784692739022978,0.1,0.5999999999999999,0.4231326187587463,0.4231326187587463,0,13.569598782451848,0.03977212084755588,50
4599.847467324,52.91999999996737,1,1,4.278519634786523,7.854399097182328,0.0656493242804925,0.6,0.42422032493107864,0.42422032493107864,0,13.571703879930174,0.04003004352723827,55
4599.857476515,52.92999999996734,1,1,3.9259553433145506,7.92307535288111,0.07426869764504761,0.6,0.4270527785961116,0.4270527785961116,0,13.573667796316007,0.040297576672515545,55
4599.867690726,52.93999999996732,1,1,3.8720717553930566,7.990916593805667,0.00032703201560975394,0.5999999999999999,0.42836321795690124,0.42836321795690124,0,13.575488916795482,0.04055309664950091,55
4599.877430321,52.9499999999673,1,1,3.744834246754076,8.058232609625122,0.07354456412021433,0.6,0.42903217877122013,0.42903217877122013,0,13.577162545412593,0.040794013459963585,58
4599.887411225,52.95999999996727,1,1,3.6291173128668124,8.12502839253533,0.06652089250917619,0.6,0.4302408390108864,0.4302408390108864,0,13.578689301181598,0.04102334308580802,58
4599.897392488,52.96999999996725,1,1,3.5363776619714415,8.19127543394186,0.07288391759779425,0.6000000000000001,0.4312153443820341,0.4312153443820341,0,13.580071588772467,0.04124122932747931,58
4599.909492802,52.97999999996723,1,1,3.3135559856226875,8.257075979378193,0.1,0.6,0.43410886715301183,0.43410886715301183,0,13.581312580631831,0.04145751095726502,61
4599.917413165,52.9899999999672,1,1,3.1269316295767284,8.322314261698974,0.0,0.6,0.4358508396567708,0.4358508396567708,0,13.582415764455446,0.041672231878370214,63
4599.927633185,52.99999999996718,1,1,2.804952315349257,8.387060077995836,0.06025597493823175,0.6,0.43887899010060283,0.43887899010060283,0,13.583382505276333,0.04187918408275726,63
4599.937477166,53.00999999996716,1,1,2.760914087129994,8.451466182620646,0.0668039704857289,0.6000000000000001,0.4389358533319333,0.4389358533319333,0,13.584218707039112,0.04208866521086474,63
4599.947400162,53.01999999996713,1,1,2.406967767318526,8.515496590886803,0.1,0.5999999999999999,0.44167467325495535,0.44167467325495535,0,13.584931879424229,0.04228795015255149,67
4599.957467209,53.02999999996711,1,1,2.295555733461575,8.578900373432036,0.0,0.6,0.443350061358633,0.443350061358633,0,13.585536820531297,0.04249353314398774,67
4599.967762369,53.03999999996709,1,1,1.9381481063017338,8.641883456969852,0.06035598850110794,0.6,0.44596327268253994,0.44596327268253994,0,13.586044455525336,0.04269143560670119,67
4599.97778565,53.04999999996706,1,1,1.8730227403743822,8.7038911071775,0.0,0.6,0.44722289724673225,0.44722289724673225,0,13.586466074265228,0.042892652655853514,72
4599.987439053,53.05999999996704,1,1,1.5125632376324079,8.765063548632497,0.060408271787668576,0.6,0.4505106229247235,0.4505106229247235,0,13.586808603886794,0.043099788348697654,72
4599.99740816,53.06999999996702,1,1,1.3747400266809986,8.825404248456527,0.1,0.6,0.4510732672545787,0.4510732672545787,0,13.587081620620141,0.04330409078869457,72
4600.010396361,53.079999999966994,1,1,1.1076122914402087,8.88458603491041,0.1,0.6,0.4531141755533396,0.4531141755533396,0,13.587291688009826,0.04350802853429836,73
4600.017693208,53.08999999996697,1,1,0.9189411350333203,8.943586464534114,0.05256092204326942,0.6,0.4545401276230399,0.4545401276230399,0,13.587451867719848,0.04371143244469278,78
4600.027414868,53.09999999996695,1,1,0.8037184773789425,9.003040173707186,0.0,0.6,0.45531519840023904,0.45531519840023904,0,13.587572572467105,0.04390166543658891,78
4600.037416379,53.109999999966924,1,1,0.6018911022539641,9.062659113481708,0.10000000000000002,0.6,0.45812490115891774,0.45812490115891774,0,13.587665116359673,0.04409045416730484,78
4600.047401494,53.1199999999669,1,1,0.5816900968932767,9.123593397398755,0.1,0.6,0.45836526667807553,0.45836526667807553,0,13.587738443615557,0.04426592133847862,81
4600.057501633,53.12999999996688,1,1,0.6423018439014226,9.18378206618936,0.1,0.6,0.46052348259163806,0.46052348259163806,0,13.587801747825273,0.04444212479899701,81
4600.067454263,53.139999999966854,1,1,0.6599284119872717,9.243977941676564,0.050449587136378954,0.6,0.4596384640444878,0.4596384640444878,0,13.587864307169166,0.04460523335427502,81
4600.078254844,53.14999999996683,1,1,0.6945467330321848,9.305116566237004,0.0663444831460868,0.6,0.4595625042026819,0.4595625042026819,0,13.58793530697997,0.044756203803908656,84
4600.087433659,53.15999999996681,1,1,0.7317164591165469,9.367808834940403,0.050377387104608186,0.6,0.45936550180841806,0.45936550180841806,0,13.588022864314736,0.04488545012353451,85
4600.09744449,53.169999999966784,1,1,0.7678576840408253,9.433165510818158,0.1,0.6,0.4593062860111905,0.4593062860111905,0,13.588131767416149,0.0450134856671045,85
4600.107436274,53.17999999996676,1,1,0.9682381688583809,9.364699544484777,0.1,0.26440645411478747,0.46135785521061135,0.46135785521061135,0,13.588268439942917,0.04512693876134577,85
4600.117412258,53.18999999996674,1,1,1.0478537963514103,9.089415468219066,0.050341139293495686,0.33423709346428665,0.46220954284798316,0.46220954284798316,0,13.588445238914304,0.04524234310287567,90
4600.127411407,53.199999999966714,1,1,1.10913859200651,8.810179864136076,0.05208845561366073,0.6,0.46274538563716855,0.46274538563716855,0,13.588667158149986,0.0453568983998871,90
4600.137419716,53.20999999996669,1,1,1.213987691457585,8.489823706121857,0.05037738710460438,0.3341801742973255,0.46307229198413896,0.46307229198413896,0,13.588940871761418,0.04546704776356214,90
4600.148085335,53.21999999996667,1,1,1.252602310237444,8.21982012582246,0.05208845561366073,0.6,0.4635399062397302,0.4635399062397302,0,13.589271100939778,0.04556904574509035,95
4600.15753856,53.229999999966644,1,1,1.2756987058448828,7.940788996566321,0.05037738710460438,0.33418017429735264,0.4643850341261474,0.4643850341261474,0,13.58965874287238,0.04566225820786607,96
4600.167394776,53.23999999996662,1,1,1.2530271895680873,7.714612938948638,0.06468036509234325,0.6,0.46360727958826525,0.46360727958826525,0,13.59010596202601,0.04575274734147272,96
4600.179755273,53.2499999999666,1,1,1.2586402830465888,7.44507089669738,0.0,3.469446951953614e-15,0.4643460806866397,0.4643460806866397,0,13.590617235477922,0.04583469748342628,97
4600.187497491,53.259999999966574,1,1,1.2482926597679214,7.160593918079065,0.05180606952300303,0.3257541204265018,0.46440690823431785,0.46440690823431785,0,13.591194240357913,0.04590983325882814,100
4600.197415012,53.26999999996655,1,1,1.240040846531414,6.887599241996492,0.0,2.797157557069881e-14,0.46520194585177355,0.46520194585177355,0,13.591835373362532,0.045982493587764184,101
4600.207792941,53.27999999996653,1,1,1.226160282278054,6.615293837048214,0.0,2.797157557069881e-14,0.46513579184703957,0.46513579184703957,0,13.592539002316059,0.046051118796115675,101
4600.21744891,53.289999999966504,1,1,1.2036803318370866,6.343269543125306,0.0,2.797157557069881e-14,0.4640788840036184,0.4640788840036184,0,13.593306674752831,0.046104592799234956,105
4600.227466664,53.29999999996648,1,1,1.2157425724431983,6.008751765236633,0.0,2.797157557069881e-14,0.466187531208291,0.466187531208291,0,13.594133953100819,0.04616507840755135,107
4600.23747445,53.30999999996646,1,1,1.185404791373297,5.73727548541679,0.0,0.3207095838471252,0.4660318099619366,0.4660318099619366,0,13.595021690282081,0.04622307617798005,107
4600.248819042,53.319999999966434,1,1,1.1313225374650395,5.453418765514635,0.0,9.185848120258998e-14,0.4439823907310798,0.4439823907310798,0,13.595970257886508,0.04616481994898991,110
4600.257394246,53.32999999996641,1,1,1.099211412024575,5.184630572214963,0.0,2.797157557069881e-14,0.4234027771291844,0.4234027771291844,0,13.596971673919928,0.04590663650087046,112
4600.267444898,53.33999999996639,1,1,1.0497453510669996,4.915929294450013,0.05034510717889021,0.33415630105453065,0.4007996919115354,0.4007996919115354,0,13.59801638190974,0.04546728729177052,112
4600.277465058,53.349999999966364,1,1,1.0138987112380806,4.653584740961536,0.0,2.797157557069881e-14,0.38059565303003734,0.38059565303003734,0,13.599095360837712,0.04486390360507597,112
4600.287449234,53.35999999996634,1,1,0.9678509437312676,4.394218702644874,0.05034510717889021,0.33415630105450805,0.3596125286056645,0.3596125286056645,0,13.60020436646167,0.04410929496672811,116
4600.297517873,53.36999999996632,1,1,0.909559142279111,4.137854446243376,0.05034510717889021,0.33415630105459015,0.3379173848287408,0.3379173848287408,0,13.601337377206107,0.0432321082557805,116
4600.307415499,53.379999999966294,1,1,0.8715179493606019,3.8917526613216475,0.0,7.757919228897728e-15,0.3188220429002869,0.3188220429002869,0,13.602489239446522,0.04224388321853367,116
4600.317424289,53.38999999996627,1,1,0.8084993171678522,3.638038123133537,0.0,2.881939084222627e-14,0.2992891997862092,0.2992891997862092,0,13.603654402250372,0.04115814385119143,121
4600.327430993,53.39999999996625,1,1,0.7455807522468646,3.3996384716276844,0.050334362316467436,0.3341485636868785,0.27903778104109767,0.27903778104109767,0,13.604825345694522,0.039992581774051406,121
4600.337474609,53.409999999966224,1,1,0.7091659276644776,3.1757318566295583,0.050334362316467436,0.3341485636869293,0.26151129179901433,0.26151129179901433,0,13.605995446808894,0.038753963404752456,121
4600.34953782,53.4199999999662,1,1,0.6597993816393249,2.9560996977906475,0.0,0.3338987734852768,0.2434954851431683,0.2434954851431683,0,13.607160348615965,0.037463557208927245,122
4600.357522424,53.42999999996618,1,1,0.610941168531822,2.74452690223889,0.0,6.938893903907228e-15,0.22609538198171047,0.22609538198171047,0,13.608320533554599,0.03612792253361197,125
4600.367428135,53.439999999966155,1,1,0.5953825901380659,2.4865113368121805,0.050370618803571764,0.33409175741344066,0.20452714441383385,0.20452714441383385,0,13.60947030774085,0.03473203121418744,125
4600.377447292,53.44999999996613,1,1,0.5262500886272465,2.2976061405338077,0.01366796523775221,6.938893903907228e-15,0.18938215431696592,0.18938215431696592,0,13.610605267890943,0.03330000392232679,125
4600.387431602,53.45999999996611,1,1,0.5688824136397539,2.063546909704621,0.0,0.3206918543066957,0.17036983948157872,0.17036983948157872,0,13.611718404069597,0.031847705744836974,129
4600.397355598,53.469999999966085,1,1,0.5237164650410455,1.8876215584265275,0.0,2.7755575615628914e-14,0.1556441453476641,0.1556441453476641,0,13.612812373789582,0.030362942482364152,129
4600.407540211,53.47999999996606,1,1,0.5287855775482837,1.6766711091449058,0.06470696096016615,0.6,0.138115143296874,0.138115143296874,0,13.61388647945542,0.028870315485201248,129
4600.419474201,53.48999999996604,1,1,0.4857840503066911,1.5167963789341417,0.0,5.721958498152797e-14,0.12457825950667335,0.12457825950667335,0,13.614933607388629,0.027367686503741995,132
4600.427478764,53.499999999966015,1,1,0.49256172907534274,1.323933786158111,0.0,0.32069168720919855,0.10824382067325787,0.10824382067325787,0,13.615954353923284,0.025878297178479892,134
4600.437387075,53.50999999996599,1,1,0.47833424551189097,1.1724793467154226,0.1,0.6,0.09540533197513386,0.09540533197513386,0,13.616951908337501,0.02437385694529315,135
4600.447460479,53.51999999996597,1,1,0.38627345542227,1.0477274620616386,0.0,2.797157557069881e-14,0.08406319601851336,0.08406319601851336,0,13.617923411278545,0.0229067130283227,0
4600.45743244,53.529999999965945,1,1,0.4290980737921972,0.9034489080208152,0.1,0.3204449212202576,0.07100663025724707,0.07100663025724707,0,13.618861334843459,0.02144125566783961,5
4600.467409553,53.53999999996592,1,1,0.40337973879652067,0.7433313305794725,0.0,2.881939084222627e-14,0.05629974585728194,0.05629974585728194,0,13.619768456165275,0.01998773822352029,5
4600.477431808,53.5499999999659,1,1,0.6339748041094541,0.6072276686894427,0.0,6.938893903907228e-15,0.04229326299921533,0.04229326299921533,0,13.620640940505345,0.018552821190336743,5
4600.487469992,53.559999999965875,1,1,0.44890453446083345,0.5419537947144089,0.0,2.797157557069881e-14,0.03234951380404624,0.03234951380404624,0,13.62148207927709,0.01714655971874679,11
4600.497386651,53.56999999996585,1,1,0.591436429041075,0.4566974299644643,0.09631349423193147,0.6,0.02947815503040383,0.02947815503040383,0,13.622293917055645,0.01578139310330151,11
4600.50759017,53.57999999996583,1,1,0.5044517845031912,0.40366547232345257,0.1,0.6,0.027356385228813732,0.027356385228813732,0,13.623074895408871,0.014465700996812103,11
4600.519181943,53.589999999965805,1,1,0.3596679638009428,0.39980575784860445,0.05063613474691566,0.33362659654744625,0.03036424138558893,0.03036424138558893,0,13.623819220482153,0.013181618774921855,13
4600.527415467,53.59999999996578,1,1,0.2938427427397777,0.3590115831604884,0.0,3.469446951953614e-15,0.026007105652720394,0.026007105652720394,0,13.62451891809647,0.01196089128984168,15
4600.53740004,53.60999999996576,1,1,0.23383409608925418,0.36926464502646783,0.052179002774800795,0.3375860310678427,0.027180503041073896,0.027180503041073896,0,13.625172629146103,0.010807425775477775,16
4600.547418857,53.619999999965735,1,1,0.2794762281656271,0.4615308297598731,0.06036110399222469,9.10192728294575e-14,0.03125808638565934,0.03125808638565934,0,13.625778641094689,0.00970900023261323,16
4600.557449322,53.62999999996571,1,1,0.3650237089350527,0.488175600223754,0.10000000000000002,0.6,0.027225068080453933,0.027225068080453933,0,13.626337065280165,0.008646479655275208,19
4600.567409342,53.63999999996569,1,1,0.27175632279479695,0.5389612801520585,0.0,0.33355607969258744,0.03395650382769319,0.03395650382769319,0,13.626850302145165,0.007649238003770487,19
4600.577423273,53.649999999965665,1,1,0.23518780787046673,0.5650430020797121,0.05068603330063412,0.3335005756458679,0.029759172854373545,0.029759172854373545,0,13.627320950447768,0.007401899070046625,19
4600.587496321,53.65999999996564,1,1,0.2954583581078638,0.6749527797516914,0.0,2.8609792490763985e-14,0.037471124768304345,0.037471124768304345,0,13.627751137749343,0.007268464682927744,23
4600.597412046,53.66999999996562,1,1,0.2725739968157575,0.7259281390540433,0.049692192416630615,0.6000000000000001,0.04402454513356947,0.04402454513356947,0,13.628144445153767,0.007139905114533773,24
4600.607428532,53.679999999965595,1,1,0.32558761113702545,0.8107222020331981,0.0,7.152448122690996e-15,0.04917538404923737,0.04917538404923737,0,13.62850119900732,0.007005452390371092,24
4600.617388528,53.68999999996557,1,1,0.36522469207854263,0.8842032229818956,0.10000000000000002,0.6,0.05428590750866598,0.05428590750866598,0,13.628820909775772,0.006860037087264903,24
4600.627412858,53.69999999996555,1,1,0.3153041797185803,0.8856012285019981,0.0,2.7809732887839817e-14,0.0554930979855755,0.0554930979855755,0,13.62909956615318,0.006729714385834917,27
4600.637446287,53.709999999965525,1,1,0.3417347980492525,0.9353166100757786,0.0,7.757919228897728e-15,0.0601018873091718,0.0601018873091718,0,13.62933178965483,0.006667390027284836,27
4600.647380685,53.7199999999655,1,1,0.38410562470654674,0.9492343109975044,0.1,0.3331553383723464,0.05968662434199352,0.05968662434199352,0,13.629517917148394,0.00673652053283913,28
4600.657470956,53.72999999996548,1,1,0.3294118287978455,0.9619346453446646,0.05091044532363859,0.3331006914705196,0.06564345098432359,0.06564345098432359,0,13.629658329446267,0.006801266623364249,31
4600.667479358,53.739999999965455,1,1,0.47335566757619413,1.0099188022956493,0.1,0.6,0.06686419960321908,0.06686419960321908,0,13.629771206263277,0.006852724241373093,31
4600.677476228,53.74999999996543,1,1,0.2970357191383425,0.9388190367731263,0.05091044532363859,0.3331006914704669,0.06514322380766023,0.06514322380766023,0,13.629870590487359,0.006903509340976444,31
4600.689324645,53.75999999996541,1,1,0.3267040884077776,0.9534876146241261,0.1,0.6,0.06591994312675171,0.06591994312675171,0,13.62996116273431,0.006946699439738718,34
4600.697422918,53.769999999965385,1,1,0.3258524870417827,0.9652978563259527,0.050945078755570396,0.33304610722961775,0.0662714172137662,0.0662714172137662,0,13.630043454866478,0.006985600413483839,36
4600.707442172,53.77999999996536,1,1,0.30722976548011816,0.9435692839686756,0.0,7.152448122690996e-15,0.06516042272119525,0.06516042272119525,0,13.63012539830154,0.0070277950560608815,36
4600.717422261,53.78999999996534,1,1,0.3230124711830228,0.9230096769217271,0.10000000000000002,0.6000000000000001,0.06385198003399487,0.06385198003399487,0,13.630212706840362,0.007062792036823751,36
4600.727522522,53.799999999965316,1,1,0.27413934643071747,0.8848222504142917,0.050945078755570396,0.3330461072295354,0.0634399130797586,0.0634399130797586,0,13.630302803295008,0.007102858358732311,41
4600.737421774,53.80999999996529,1,1,0.29643767733844273,0.9166515978216927,0.0,2.7755575615628914e-14,0.06449874701778598,0.06449874701778598,0,13.630393704340817,0.00713933042126963,41
4600.74754964,53.81999999996527,1,1,0.2891116560914169,0.8800602666673016,0.0,6.938893903907228e-15,0.0637984117417702,0.0637984117417702,0,13.630482738320545,0.007174905220716399,41
4600.757739307,53.829999999965246,1,1,0.330415078130047,0.892015845478877,0.0,2.7809732887839817e-14,0.06585884531425566,0.06585884531425566,0,13.630566057554123,0.007199907413654172,46
4600.767389463,53.83999999996522,1,1,0.5495655176324394,0.9654345611824073,0.1,0.3204336202605828,0.0699293463498734,0.0699293463498734,0,13.63063631448923,0.007219615455639344,46
4600.77744639,53.8499999999652,1,1,0.42682225704934446,0.9333118522699352,0.1,0.6,0.06835829223105226,0.06835829223105226,0,13.63069289998019,0.00722567422021167,46
4600.787436234,53.859999999965176,1,1,0.4507958889381357,0.9456634599608655,0.0511569863959251,0.33280425645871764,0.07134197288194276,0.07134197288194276,0,13.630728620971105,0.007218605519339949,47
4600.797420119,53.86999999996515,1,1,0.5235960523145524,1.0118997736547635,0.05336647018718461,0.6,0.07598816942559336,0.07598816942559336,0,13.630737161146355,0.007204223320250697,52
4600.807400117,53.87999999996513,1,1,0.5136816167092267,0.9858507056888499,0.05123475637452365,0.3327043031206532,0.07425551577539395,0.07425551577539395,0,13.630731062958999,0.0071789154893927565,52
4600.817515051,53.889999999965106,1,1,0.598437435662105,1.0616329741850439,0.0,0.3206878938184877,0.07938262621850362,0.07938262621850362,0,13.630717798336871,0.00713733176911846,52
4600.827520642,53.89999999996508,1,1,0.6340106554416687,1.0865886000604295,0.0,2.797157557069881e-14,0.08069029797812158,0.08069029797812158,0,13.630699339536916,0.007086272336573968,58
4600.837540462,53.90999999996506,1,1,0.6809706161847766,1.1212462494500468,0.051336237835712346,0.6,0.0816247165284588,0.0816247165284588,0,13.630676742947562,0.007024189270278897,59
4600.847419823,53.919999999965036,1,1,0.9114471460683609,1.2093007647798413,0.09999999999999999,0.6,0.08455167011628383,0.08455167011628383,0,13.630651308639061,0.006942404547899517,59
4600.859871591,53.92999999996501,1,1,0.9459897311093951,1.2782118454650209,0.10000000000000002,0.6000000000000001,0.08574146841614595,0.08574146841614595,0,13.630600062345133,0.006836291183884735,61
4600.867393204,53.93999999996499,1,1,0.9010712141343487,1.4048977480738314,0.0,0.33203682455713013,0.08894178282674367,0.08894178282674367,0,13.630576533158568,0.006793108985319485,65
4600.877423004,53.949999999964966,1,1,0.9591457861812857,1.5505935158339712,0.09650773965210317,0.6,0.09185672548455684,0.09185672548455684,0,13.630622945201294,0.007014548203108983,65
4600.887413859,53.95999999996494,1,1,1.033457755606843,1.742232122474763,0.09653466832926773,0.6,0.11116782831936926,0.11116782831936926,0,13.630753012732256,0.007247529426684052,66
4600.89736406,53.96999999996492,1,1,1.1439108405589926,1.9293361155877764,0.1,0.6,0.13591228364020064,0.13591228364020064,0,13.630981651660376,0.007610219675725283,71
4600.907513853,53.979999999964896,1,1,1.402317705079424,2.178328292238221,0.10000000000000002,0.6,0.16162568249412357,0.16162568249412357,0,13.631327855392215,0.008149457909589986,71
4600.917406042,53.98999999996487,1,1,1.3444201245072214,2.4202822511570665,0.0,0.6,0.18732664944252783,0.18732664944252783,0,13.631817600715175,0.008763658496821147,71
4600.927900994,53.99999999996485,1,1,1.4905484417500359,2.6827562947316466,0.0,0.5999999999999999,0.21633595137156988,0.21633595137156988,0,13.632473188641036,0.009463857990093194,76
4600.937401951,54.009999999964826,1,1,1.6190580980298728,2.959681877148345,0.0,0.6,0.24144859430995874,0.24144859430995874,0,13.633323763631111,0.010230884428084286,76
4600.947408,54.0199999999648,1,1,1.8460502697010783,3.232218520123812,0.008855739414982883,0.6,0.26926698146401773,0.26926698146401773,0,13.634388151408352,0.011065217346032385,76
4600.959691419,54.02999999996478,1,1,2.081501850051791,3.510644318675455,0.1,0.6,0.29207062254620225,0.29207062254620225,0,13.635687751023852,0.011930975719362857,77
4600.967419068,54.039999999964756,1,1,2.171225428916822,3.7786994564102288,0.08380174808882172,0.6,0.3162359210416887,0.3162359210416887,0,13.63723322749765,0.013325177578628944,80
4600.977420475,54.04999999996473,1,1,2.3674790463689606,4.042331471885468,0.06863678820310458,0.6,0.338006400240892,0.338006400240892,0,13.63903874124156,0.01515118436030849,80
4600.987469374,54.05999999996471,1,1,2.5599266825545293,4.300980395238117,0.0339198876847347,0.6,0.3602064179315664,0.3602064179315664,0,13.641111187806494,0.017012687751025046,80
4600.997509358,54.069999999964686,1,1,2.772272576716997,4.549661776695815,0.0,0.6,0.3838953144112505,0.3838953144112505,0,13.643459446487144,0.018921299028236582,83
4601.007443346,54.07999999996466,1,1,2.8889844414789843,4.79241190288998,0.0,0.6000000000000001,0.40311226267729466,0.40311226267729466,0,13.646098074088295,0.020840280339030626,83
4601.017417437,54.08999999996464,1,1,3.037974655158363,5.025247235792142,0.07068726221602974,0.6,0.4232994777307798,0.4232994777307798,0,13.649029497278923,0.022781031002204966,83
4601.029610875,54.099999999964616,1,1,3.250118992110927,5.25162840801756,0.0,0.6,0.4427603648618934,0.4427603648618934,0,13.652259380221857,0.024713083812593073,86
4601.037418071,54.10999999996459,1,1,3.2635882446026696,5.46936166903972,0.07161631950200713,0.6,0.4604114192115759,0.4604114192115759,0,13.655786013334943,0.026643196868186614,90
4601.047421478,54.11999999996457,1,1,3.3532823835978824,5.679150684438496,0.07209490807421386,0.6,0.4775969040600704,0.4775969040600704,0,13.659608335137483,0.02856070063646854,90
4601.057657732,54.12999999996455,1,1,3.4203036344137883,5.880352601647913,0.0,0.5999999999999999,0.4815474383793464,0.4815474383793464,0,13.663720221687297,0.030391106019177938,90
4601.06769843,54.13999999996452,1,1,3.463365724120621,6.073601280772219,0.1,0.6,0.48105826092057985,0.48105826092057985,0,13.668104069488566,0.03205568338269105,95
4601.077464485,54.1499999999645,1,1,3.5506445823809627,6.2600521027980776,0.0,0.6,0.4813180405737634,0.4813180405737634,0,13.672741510677655,0.03355108588621625,95
4601.087495974,54.15999999996448,1,1,3.763881195623971,6.43881675241604,0.1,0.5999999999999999,0.48230287837063957,0.48230287837063957,0,13.677611515441798,0.03490412892714523,95
4601.097650666,54.16999999996445,1,1,3.671527866358168,6.611171693881031,0.1,0.6,0.47981858909274644,0.47981858909274644,0,13.682698200505163,0.03612680007626712,99
4601.107392243,54.17999999996443,1,1,3.8002938659717302,6.777107665426608,0.06022219730996033,0.6,0.47896126738341044,0.47896126738341044,0,13.68798390628522,0.03721775456718124,99
4601.1174339,54.18999999996441,1,1,3.9352991112049893,6.93822395066047,0.04029241514329807,0.6,0.4782358342848989,0.4782358342848989,0,13.69344901209665,0.03819348914934362,99
4601.129461531,54.19999999996438,1,1,4.339658638552893,7.091599047474084,0.1,0.6,0.47800359743285964,0.47800359743285964,0,13.699075525450503,0.039069337507449564,100
4601.137395966,54.20999999996436,1,1,4.347116104647295,7.239095854021022,0.0,0.6,0.47617521538731494,0.47617521538731494,0,13.704849274217864,0.03985166041958488,103
4601.147425561,54.21999999996434,1,1,4.441389347602585,7.38279825733394,0.0,0.5999999999999999,0.47459048178836316,0.47459048178836316,0,13.710756854121563,0.04054311923727383,103
4601.157384956,54.22999999996431,1,1,4.512690602944881,7.523465931945356,0.0,0.6,0.4730198379403248,0.4730198379403248,0,13.716784259155782,0.0411534443631123,103
4601.167419793,54.23999999996429,1,1,4.555617546255694,7.660871356118808,0.02668742176694359,0.6,0.4707477772315919,0.4707477772315919,0,13.722917005208908,0.04168490879775022,107
4601.177508999,54.24999999996427,1,1,4.363335528951205,7.7968161537001945,0.0355848007850382,0.6,0.46830400501576575,0.46830400501576575,0,13.7291363398212,0.04214998209370413,107
4601.187424134,54.25999999996424,1,1,4.564150012509206,7.9311718550541555,0.09999999999999999,0.6,0.4674756857365877,0.4674756857365877,0,13.735429742014835,0.042554906414784766,107
4601.197989874,54.26999999996422,1,1,4.509401436991038,8.063429787368365,0.0,0.6,0.46746670115791944,0.46746670115791944,0,13.741787760670903,0.042907242811534685,110
4601.207403771,54.2799999999642,1,1,4.32375950955997,8.194049255099383,0.1,0.6000000000000001,0.4638328721829675,0.4638328721829675,0,13.748201553661474,0.04320464385274292,111
4601.217474161,54.289999999964174,1,1,4.253865656647823,8.322316699962666,0.05668900201068122,0.5999999999999999,0.46395598450909525,0.46395598450909525,0,13.754659611301596,0.04346079635005262,111
4601.227570899,54.29999999996415,1,1,4.040213238265837,8.449636809761332,0.0,0.6,0.46209891743908993,0.46209891743908993,0,13.761156188052386,0.043683385492827354,111
4601.237684833,54.30999999996413,1,1,3.775984024783084,8.577393496360932,0.0,0.6,0.46047716346710194,0.46047716346710194,0,13.767692171077432,0.04387235630943964,116
4601.247509438,54.319999999964104,1,1,3.4666881483717695,8.705432630646435,0.05676124239719726,0.6,0.4575638536682233,0.4575638536682233,0,13.774264979098096,0.04402079027190475,116
4601.257456502,54.32999999996408,1,1,3.187132002191332,8.832196410531443,0.10000000000000002,0.6,0.45689114560672217,0.45689114560672217,0,13.780866010042022,0.044141737453911034,117
4601.267866636,54.33999999996406,1,1,2.971526586529403,8.957076982512207,0.06946583515784524,0.6,0.4573963518306256,0.4573963518306256,0,13.787490397719404,0.044240070604571136,122
4601.277395821,54.349999999964034,1,1,2.7356445685612734,9.061485856147065,0.056806338445737035,0.6,0.455401357986523,0.455401357986523,0,13.794135289280627,0.044319789349187566,122
4601.287453216,54.35999999996401,1,1,2.4743661333211753,8.906651303590802,0.0,2.8609792490763985e-14,0.45516743316804853,0.45516743316804853,0,13.800798907357732,0.04438795116673444,122
4601.299789176,54.36999999996399,1,1,2.1919353147578415,8.728443520802701,0.06291086808079831,0.6,0.4530811464554991,0.4530811464554991,0,13.80748393917569,0.04444224376640982,123
4601.307394369,54.379999999963964,1,1,1.941380779682401,8.531979959928652,0.0,0.0,0.45280525745863337,0.45280525745863337,0,13.814188765365802,0.04448171821126823,126
4601.317399623,54.38999999996394,1,1,1.8136485021078903,8.411740160652926,0.05261488054236555,0.49508149085519226,0.4542411234268935,0.4542411234268935,0,13.820907951438317,0.04451337327247562,126
4601.327503338,54.39999999996392,1,1,1.653191981188033,8.260149721790777,0.056875233979468844,0.3327406753599822,0.453390870060587,0.453390870060587,0,13.827641828308872,0.0445414651822964,126
4601.337438124,54.409999999963894,1,1,1.3561437684605666,8.088406914686203,0.1,0.6,0.452559244899737,0.452559244899737,0,13.834392075966036,0.04455920549965975,130
4601.347474595,54.41999999996387,1,1,1.3173426427187007,7.92451360826238,0.05691079558330231,0.33270177105013443,0.4494251724659215,0.4494251724659215,0,13.841158243698953,0.044570076693528415,131
4601.357414487,54.42999999996385,1,1,1.1854415724386211,7.674468288254145,0.0,0.3269159560874666,0.44751752495672675,0.44751752495672675,0,13.847939229062986,0.04455539869250624,131
4601.369291622,54.439999999963824,1,1,1.1180716689452015,7.504743993974214,0.1,0.5999999999999999,0.4461894446549331,0.4461894446549331,0,13.85472888706219,0.04453175104147156,134
4601.377451806,54.4499999999638,1,1,1.005468096652791,7.318650928097518,0.0,0.0,0.4454203292111918,0.4454203292111918,0,13.861524997190626,0.044491670914266424,136
4601.387539004,54.45999999996378,1,1,0.8916467951171737,7.134051408096232,0.0,0.0,0.44336467862000756,0.44336467862000756,0,13.868325007132576,0.04444125986218128,136
4601.397417685,54.469999999963754,1,1,0.8239796269132527,6.908791175474511,0.0,0.332551161842629,0.4432720912745811,0.4432720912745811,0,13.875124390225299,0.04439380005558413,136
4601.407444991,54.47999999996373,1,1,0.7867463964561121,6.683329816868574,0.0,0.0,0.44325693094325136,0.44325693094325136,0,13.881927233409069,0.04434582450194746,142
4601.417426057,54.48999999996371,1,1,0.8306690987935246,6.391211803130429,0.0,0.3325140484300247,0.4433458177439106,0.4433458177439106,0,13.888734840164599,0.04430564819030414,142
4601.427422942,54.499999999963684,1,1,0.8885561473418395,6.1169346869166,0.05690950755966277,0.3324770532374356,0.4438643078181963,0.4438643078181963,0,13.895553134104642,0.04426065705485027,142
4601.438121072,54.50999999996366,1,1,0.8273118973020356,5.909105309173957,0.0,4.163336342344337e-14,0.4422098139174115,0.4422098139174115,0,13.902383400721673,0.044220847319004886,147
4601.447412369,54.51999999996364,1,1,0.8736743344771181,5.634614382198481,0.0,2.8609792490763985e-14,0.4344133049707518,0.4344133049707518,0,13.909228939488017,0.04415600774348061,0
4601.457437989,54.529999999963614,1,1,1.011847533416003,5.3551792191006005,0.062221844160419856,0.5999999999999999,0.4145032714202872,0.4145032714202872,0,13.916086279920911,0.04395263727989973,0
4601.47013786,54.53999999996359,1,1,1.0361458814965343,5.139162215725061,0.1,0.6,0.39657752571287724,0.39657752571287724,0,13.922942931389917,0.04357117879667127,1
4601.477500446,54.54999999996357,1,1,0.9828430342570169,4.934624071915715,0.0,2.7755575615628914e-14,0.3794696617376566,0.3794696617376566,0,13.92978380721358,0.043059729280940484,5
4601.487490327,54.559999999963544,1,1,1.0276697999454532,4.66599199913499,0.0,0.32675218526298744,0.3585205456506452,0.3585205456506452,0,13.936594608275719,0.0424343691486222,5
4601.497424914,54.56999999996352,1,1,1.0596015077055811,4.449128800066985,0.0,2.8609792490763985e-14,0.342342081567432,0.342342081567432,0,13.943360303946106,0.04167521217472148,5
4601.507473269,54.5799999999635,1,1,1.1651061364110435,4.217518507802016,0.056898804678029706,0.33232936903037424,0.3269208873369353,0.3269208873369353,0,13.950066066575399,0.040836100428346844,9
4601.517376524,54.589999999963474,1,1,1.1542627105941976,3.9603325179254685,0.0,0.3267524071434581,0.30582661471942996,0.30582661471942996,0,13.956705738304112,0.039919881537618496,9
4601.52733427,54.59999999996345,1,1,1.1684685648479696,3.756745707386494,0.0,0.3322928414450992,0.29071218715774444,0.29071218715774444,0,13.963274686618542,0.038908360362277516,9
4601.538741661,54.60999999996343,1,1,1.2368194156972323,3.5304238345713115,0.028252463382075866,0.6,0.27407109679438124,0.27407109679438124,0,13.96976262689989,0.03784387253989996,12
4601.547412768,54.619999999963404,1,1,1.195763170486016,3.338420130383873,0.05689609534350129,0.3322191258730598,0.25851902581748887,0.25851902581748887,0,13.976161436131134,0.03671021029262289,14
4601.55742564,54.62999999996338,1,1,1.132349757649804,3.1084141331687616,0.10000000000000002,0.5999999999999999,0.23908157060655888,0.23908157060655888,0,13.982460606060211,0.03552659694818883,14
4601.567502158,54.63999999996336,1,1,1.1257972829266725,2.8932366324720333,0.0,0.3321466513054268,0.2220320423819545,0.2220320423819545,0,13.988655358029314,0.0342661084117688,14
4601.577483704,54.649999999963335,1,1,1.1615801903740188,2.6512152076723354,0.0569110991086604,0.33211057298291746,0.20403712157396248,0.20403712157396248,0,13.994733625847909,0.03296483393073091,20
4601.587513212,54.65999999996331,1,1,1.1186259839693908,2.4552935191492518,0.0568645086065778,0.33207464894833316,0.18796567301323427,0.18796567301323427,0,14.000691888909872,0.03163723819955422,20
4601.597487247,54.66999999996329,1,1,1.2312754628801215,2.2076329225934948,0.05689531028999193,0.33203880741779923,0.17140283267262532,0.17140283267262532,0,14.006520253638769,0.030270836052861405,21
4601.607369543,54.679999999963265,1,1,1.1361404271221027,2.0249397831338842,0.01105959759646382,1.1123893155135927e-13,0.15528325630624465,0.15528325630624465,0,14.01221339225338,0.028886589011511976,25
4601.617523384,54.68999999996324,1,1,1.122429525609909,1.8305192884716812,0.05687953997583288,0.33196751375815425,0.1401059908129901,0.1401059908129901,0,14.01776427561415,0.02747357981234,25
4601.62744787,54.69999999996322,1,1,1.1063530327232411,1.6434896600143019,0.0010126249784131903,3.98609107286759e-14,0.12547704669074536,0.12547704669074536,0,14.023166603184295,0.0260528288418298,25
4601.63982012,54.709999999963195,1,1,1.1493184655802955,1.412348285826966,0.1,0.5999999999999999,0.10798738760521572,0.10798738760521572,0,14.02841469447198,0.02462037522431837,26
4601.647426732,54.71999999996317,1,1,1.087686477433656,1.1978207955179057,0.052871879327251334,0.5047702514521261,0.08895870787107729,0.08895870787107729,0,14.033503273053675,0.02316525897399302,29
4601.657483738,54.72999999996315,1,1,1.0753679030804077,0.9889003644987087,0.0,0.32669686250100893,0.07154020874414903,0.07154020874414903,0,14.038425805240566,0.021681030333384976,29
4601.667583931,54.739999999963125,1,1,1.0615318034392174,0.7911047649537387,0.05291850479105789,0.4981174810985904,0.054691842200702105,0.054691842200702105,0,14.043168643679778,0.020186704962866786,30
4601.67747642,54.7499999999631,1,1,1.1628903956807841,0.5731548445536395,0.1,0.42894759354162876,0.04751752049511667,0.04751752049511667,0,14.04772474240102,0.01862659612045725,34
4601.687396861,54.75999999996308,1,1,1.2414379800408637,0.3817794042379805,0.0,0.6,0.041772220413563516,0.041772220413563516,0,14.05207957714694,0.017032914248971354,34
4601.697472839,54.769999999963055,1,1,1.2787654661622858,0.36336648261923593,0.1,0.6,0.041435286225628636,0.041435286225628636,0,14.05621817612054,0.01581036511711642,34
4601.707935545,54.77999999996303,1,1,1.1757266165230278,0.6128641969788485,0.0,0.6,0.0404503238437272,0.0404503238437272,0,14.060118681007154,0.014900119691708236,38
4601.7174276,54.78999999996301,1,1,1.082482483548305,0.920812652087093,0.0,0.5999999999999999,0.06982105882699038,0.06982105882699038,0,14.063752909719787,0.01391020100482554,38
4601.727376045,54.799999999962985,1,1,1.218490063559445,1.276176639380142,0.0,0.6000000000000001,0.1027614909005159,0.1027614909005159,0,14.067091311280622,0.012852886126200502,38
4601.73743266,54.80999999996296,1,1,1.3881326527921194,1.6404515273715732,0.09999999999999999,0.6,0.13339102342052514,0.13339102342052514,0,14.0701078513143,0.011735053182683197,38
4601.747545334,54.81999999996294,1,1,1.3738555928415772,2.0030510515947935,0.05587617175331509,0.6,0.16623856595871905,0.16623856595871905,0,14.072775301029505,0.010553901246071362,43
4601.757439884,54.829999999962915,1,1,1.585100131140883,2.360860942690812,0.0,0.6,0.19703342217992348,0.19703342217992348,0,14.07498571577859,0.009311426966234215,43
4601.76740185,54.83999999996289,1,1,1.5788546028796653,2.7103796581604787,0.0,0.6,0.22631310408632357,0.22631310408632357,0,14.076756074095506,0.008030958388615561,43
4601.777717156,54.84999999996287,1,1,1.7426610897604267,3.049474032449954,0.0,0.6,0.2558111627847476,0.2558111627847476,0,14.078352843545153,0.007585128946080433,47
4601.787552005,54.859999999962845,1,1,1.783128735190251,3.3776355384287196,0.0,0.6,0.2833135234015072,0.2833135234015072,0,14.079863903129372,0.008447866719963448,47
4601.797470099,54.86999999996282,1,1,1.9048672188434075,3.6951652450001973,0.1,0.5999999999999999,0.3096313933874746,0.3096313933874746,0,14.0808941489744,0.009327449893094142,47
4601.809839872,54.8799999999628,1,1,2.0298396405001013,4.002026549708867,0.1,0.6,0.33581138775126995,0.33581138775126995,0,14.081404988125191,0.010220369264270446,49
4601.817926474,54.889999999962775,1,1,2.180693817619007,4.2979440476768795,0.0,0.5999999999999999,0.3634578357135227,0.3634578357135227,0,14.08139396225179,0.012025470871399158,52
4601.827458153,54.89999999996275,1,1,2.21202102775389,4.582619518535731,0.10000000000000002,0.6,0.3861298374145804,0.3861298374145804,0,14.080852289284417,0.014570173353132487,52
4601.837521186,54.90999999996273,1,1,2.1690763641695243,4.856211996913956,0.0,0.6,0.4103398193683182,0.4103398193683182,0,14.079773180666555,0.017098963084770658,52
4601.847499927,54.919999999962705,1,1,2.0753805583714775,5.118543927430246,0.0,0.6,0.43210586996514677,0.43210586996514677,0,14.078159545703018,0.019600192957613283,56
4601.857583863,54.92999999996268,1,1,2.1331439696295185,5.369528844966399,0.1,0.5999999999999999,0.4534720912543778,0.4534720912543778,0,14.076018458602089,0.022065175849338425,56
4601.867473957,54.93999999996266,1,1,2.027537835824811,5.609747580584098,0.061410090478037936,0.6,0.4717002537171189,0.4717002537171189,0,14.073360066718294,0.024487380635441758,56
4601.877643183,54.949999999962635,1,1,1.9013098057674414,5.839110387870034,0.0,0.6,0.4832691454361049,0.4832691454361049,0,14.070197098919898,0.02684243554099952,60
4601.887454923,54.95999999996261,1,1,1.9708361932717247,6.058333813865441,0.0,0.6000000000000001,0.48387423691413467,0.48387423691413467,0,14.066544458081642,0.028996004329697955,60
4601.897390452,54.96999999996259,1,1,1.7623621413263255,6.267996507405385,0.0,0.6,0.4829089143777973,0.4829089143777973,0,14.06243571497744,0.030938601327236803,60
4601.907415636,54.979999999962565,1,1,1.8143996335979538,6.46897559641878,0.0880628341372575,0.6,0.48348329371763316,0.48348329371763316,0,14.057912035140946,0.03269308611892119,60
4601.917448545,54.98999999996254,1,1,1.6684649689089055,6.662498857930229,0.0,0.6,0.48333062519535896,0.48333062519535896,0,14.053004505158762,0.03428385711395876,64
4601.927433988,54.99999999996252,1,1,1.4508916478668272,6.848546679350262,0.0,0.6,0.48232372724025185,0.48232372724025185,0,14.047741973809519,0.03571351257942279,66
4601.937413355,55.009999999962496,1,1,1.3278665123007358,7.028725151166583,0.002368944775063069,0.6,0.4812560274865166,0.4812560274865166,0,14.04216212398107,0.036993777965091734,66
4601.947515605,55.01999999996247,1,1,1.1194042863241789,7.203154218278591,0.06381871520110353,0.6,0.4792964070157179,0.4792964070157179,0,14.036309944550446,0.03814625670101979,71
4601.957473754,55.02999999996245,1,1,1.129675713038674,7.371825794562566,0.1,0.5999999999999999,0.47791884719058164,0.47791884719058164,0,14.030231082760933,0.03916308159182069,72
4601.967433379,55.039999999962426,1,1,0.9477905769048212,7.535329332011523,0.10000000000000002,0.6,0.4738428477540386,0.4738428477540386,0,14.023979371575766,0.04006234989303481,72
4601.980278177,55.0499999999624,1,1,1.0696169543063514,7.6936488083422905,0.0904475706307353,0.6,0.4721244910671526,0.4721244910671526,0,14.017616316227585,0.04085172466407827,74
4601.987506858,55.05999999996238,1,1,1.1638797432299115,7.84669318140173,0.1,0.6000000000000001,0.4690263117148158,0.4690263117148158,0,14.011199898092304,0.04154170887552877,79
4601.99745831,55.069999999962356,1,1,1.2980081080337902,7.995272910822312,0.025692173515409505,0.6,0.4681860426899217,0.4681860426899217,0,14.004785943318023,0.042145217261793544,79
4602.007462522,55.07999999996233,1,1,1.3990001266191068,8.13915525134919,0.1,0.6,0.4656369029228474,0.4656369029228474,0,13.998420014843676,0.04267047922281608,79
4602.01747167,55.08999999996231,1,1,1.617473181435008,8.278855077173276,0.027048913940240726,0.6,0.46354919893088686,0.46354919893088686,0,13.992142777376433,0.043123289607501336,85
4602.027419668,55.099999999962286,1,1,1.8101419429927468,8.414206884963253,0.0,0.5999999999999999,0.461533904262278,0.461533904262278,0,13.985991319623748,0.043512961501005476,85
4602.037496966,55.10999999996226,1,1,2.196910721024297,8.544523748956003,0.09999999999999999,0.6,0.4575685095301362,0.4575685095301362,0,13.979995399228459,0.04384134561763253,86
4602.047968643,55.11999999996224,1,1,2.251135288236431,8.670583867114777,0.0,0.6,0.45728434271435553,0.45728434271435553,0,13.974186199952435,0.04411631640634761,90
4602.057441653,55.129999999962216,1,1,2.5498967321945254,8.79268487391255,0.024453168759883504,0.6,0.45420359429740886,0.45420359429740886,0,13.968585458831704,0.044346588336463544,90
4602.067453419,55.13999999996219,1,1,2.7159208239812314,8.910798212119044,0.0,0.6,0.4524711103116011,0.4524711103116011,0,13.963209405526458,0.044531400451140346,90
4602.07748801,55.14999999996217,1,1,2.9319758288730475,9.02619033951219,0.024144484832146568,0.6,0.4501593066532945,0.4501593066532945,0,13.958070899659164,0.044680017125936944,91
4602.087444178,55.159999999962146,1,1,3.152655978346491,9.138070457977815,0.024122283898540438,0.5999999999999999,0.44882409650201577,0.44882409650201577,0,13.953178018642848,0.04479745421175885,96
4602.097565849,55.16999999996212,1,1,3.2789496387095918,9.247656422805036,0.025828300562775686,0.6,0.44711422505070875,0.44711422505070875,0,13.948532488244647,0.044887561110719565,96
4602.107493749,55.1799999999621,1,1,3.3933921353014123,9.354834735725591,0.02397899673536496,0.5999999999999999,0.4454923213711453,0.4454923213711453,0,13.94412691719091,0.0449553212226419,97
4602.117459039,55.189999999962076,1,1,3.43414699895239,9.460476577037031,0.0,0.6,0.4446205600911323,0.4446205600911323,0,13.939951647013528,0.04500420144605011,103
4602.127462413,55.19999999996205,1,1,3.527693555328106,9.565054141919548,0.032343913706098674,0.6,0.4432222853504153,0.4432222853504153,0,13.935994028679692,0.04503850873006998,104
4602.137442373,55.20999999996203,1,1,3.6060829657141853,9.668397401703153,0.025744576952195314,0.6,0.44172320850973557,0.44172320850973557,0,13.9322368333574,0.04505563642260202,104
4602.150278617,55.219999999962006,1,1,3.6738427824331326,9.770676497655723,0.02393222643470772,0.6,0.4404013353425539,0.4404013353425539,0,13.928666400264047,0.04506002533914577,106
4602.157413356,55.22999999996198,1,1,3.5469113766295934,9.872980257820306,0.0,0.6,0.44077041561183683,0.44077041561183683,0,13.925266532445374,0.045060305680648005,110
4602.167449068,55.23999999996196,1,1,3.4991074414999694,9.976471699490466,0.05731686544608837,0.6,0.44035078453556326,0.44035078453556326,0,13.92200652637741,0.04506473454529436,110
4602.177396423,55.249999999961936,1,1,3.2040007790456113,10.081460576736097,0.0,0.6,0.44260035150809607,0.44260035150809607,0,13.918847913898444,0.045077893712374584,110
4602.187437932,55.25999999996191,1,1,2.9964461186873996,10.187337476369493,0.0,0.6,0.44404511884505105,0.44404511884505105,0,13.915750989909077,0.04509995969311009,114
4602.197467707,55.26999999996189,1,1,2.9023202734561373,10.293571904300764,0.0,0.6,0.4440167342127952,0.4440167342127952,0,13.912680424616573,0.04512519135085258,115
4602.207444251,55.279999999961866,1,1,2.727920620348942,10.400175977869237,0.0,0.6,0.44348422279068367,0.44348422279068367,0,13.909607910983977,0.04514753062037413,115
4602.217640443,55.28999999996184,1,1,2.575962707120511,10.50604868967637,0.0,0.6,0.4438145411416332,0.4438145411416332,0,13.906510844794115,0.045165024346311755,119
4602.228066369,55.29999999996182,1,1,2.612888722315416,10.611327452204455,0.09999999999999999,0.6,0.4419212784566773,0.4419212784566773,0,13.903370362792725,0.04518030758356839,119
4602.242491892,55.309999999961796,1,1,2.300880079417985,10.716562023512362,0.1,0.6,0.4434343347472671,0.4434343347472671,0,13.900169878890692,0.045191366324345505,128
4602.258511308,55.31999999996177,1,1,2.1453820169810918,10.821071187656521,0.0,0.6,0.44352969812919973,0.44352969812919973,0,13.896890913011193,0.045201903702390966,133
4602.271636502,55.32999999996175,1,1,1.9461186631226537,10.924852926631662,0.0,0.6,0.44445495690427,0.44445495690427,0,13.893510737630121,0.045215336532866246,142
4602.291268295,55.33999999996173,1,1,2.0477413410849503,11.02597336679027,0.1,0.6,0.4425804774685787,0.4425804774685787,0,13.889999926628027,0.04523322597299417,152
4602.302218419,55.3499999999617,1,1,1.7662251949855448,11.123724188436672,0.0,0.6,0.44498284623343526,0.44498284623343526,0,13.886337777640547,0.04524777055449736,162
4602.310025366,55.35999999996168,1,1,1.6327221463497792,11.220646372317754,0.06425448791209393,0.6000000000000001,0.4460255036883439,0.4460255036883439,0,13.882503236515896,0.04527405224536207,166
4602.321061928,55.36999999996166,1,1,1.5611385505326854,11.315402306188448,0.0,0.5999999999999999,0.4469035742728524,0.4469035742728524,0,13.878477787872576,0.04530906460273432,171
4602.330070189,55.37999999996163,1,1,1.4967418474657241,11.408647343550873,0.0,0.6,0.4478488181313499,0.4478488181313499,0,13.87424543420234,0.04534979672664696,173
4602.339984859,55.38999999996161,1,1,1.3363756601136292,11.50101955225277,0.1,0.6,0.44791444855737406,0.44791444855737406,0,13.869795637969826,0.04539467778931616,176
4602.352818987,55.39999999996159,1,1,1.367405196706392,11.590663316733945,0.1,0.6,0.4496960072315553,0.4496960072315553,0,13.865122412722682,0.04543878015244296,178
4602.36012564,55.40999999996156,1,1,1.2293164646075272,11.680221995759348,0.056668739935530475,0.5999999999999999,0.4511771177857076,0.4511771177857076,0,13.86022135800781,0.04550392722748309,182
4602.37018485,55.41999999996154,1,1,1.2691436304773267,11.766325539352248,0.06399150180705875,0.6,0.4523874778694959,0.4523874778694959,0,13.85508730969217,0.04555655975270523,182
4602.380387613,55.42999999996152,1,1,1.245431748902732,11.853047236036378,0.0,0.6,0.45329606198790373,0.45329606198790373,0,13.849725185371517,0.04562138079409461,183
4602.390523315,55.43999999996149,1,1,1.2702298816484867,11.939014174879109,0.0,0.6,0.45404732534781556,0.45404732534781556,0,13.844136817790488,0.045692498129386916,189
4602.400598581,55.44999999996147,1,1,1.217351569773772,12.02920238315763,0.1,0.5999999999999999,0.4538659528695308,0.4538659528695308,0,13.838328731684689,0.0457644928519827,191
4602.410034014,55.45999999996145,1,1,1.2529457677092792,12.122904078774248,0.0,0.6000000000000001,0.4562574300717411,0.4562574300717411,0,13.8323135736987,0.045838729278636414,192
4602.422302112,55.46999999996142,1,1,1.1916393308406135,12.225257795083243,0.10000000000000002,0.6,0.4583761789396902,0.4583761789396902,0,13.82610325218311,0.04592449641658902,196
4602.430258092,55.4799999999614,1,1,1.2677880637509527,12.320964303842151,0.09999999999999999,0.6,0.4606529614071818,0.4606529614071818,0,13.819712660147013,0.04602477218481127,200
4602.440326754,55.48999999996138,1,1,1.1886594972495288,12.215760213839992,0.0,9.64606087676251e-14,0.46507196039302834,0.46507196039302834,0,13.813159021369952,0.046135777664507494,200
4602.45023404,55.499999999961354,1,1,1.2402472368014446,12.08050528286577,0.0,0.32440653077023207,0.46748931045039094,0.46748931045039094,0,13.806460457113653,0.046278494523944724,0
4602.460240855,55.50999999996133,1,1,1.2933088047016952,11.94574708933395,0.0,0.3244069904217336,0.46982165664567177,0.46982165664567177,0,13.799630397818277,0.046432060483581505,6
4602.470090749,55.51999999996131,1,1,1.345927487185234,11.811541946500988,0.0,0.3244074592044798,0.4720659394734663,0.4720659394734663,0,13.79268668648482,0.046592929978743314,8
4602.479985077,55.529999999961284,1,1,1.396700315379429,11.67792180612232,0.0,3.469446951953614e-15,0.4742215547037651,0.4742215547037651,0,13.785648017631678,0.04676084657271096,10
4602.491178124,55.53999999996126,1,1,1.4526229804891904,11.538765855653542,0.0,1.0408340855860843e-14,0.4769558580262927,0.4769558580262927,0,13.778533875760077,0.04693844141179904,18
4602.500532445,55.54999999996124,1,1,1.4954672727179787,11.358350271203717,0.0,6.938893903907228e-15,0.4785038182464555,0.4785038182464555,0,13.771363815005492,0.04711743468936236,28
4602.509969436,55.559999999961214,1,1,1.5275518641855603,11.130156154456445,0.0,6.938893903907228e-15,0.47953624272358375,0.47953624272358375,0,13.764156345791836,0.04729017834350513,29
4602.528088255,55.56999999996119,1,1,1.4991424762577594,10.911820256382352,0.10000000000000002,0.6,0.4796064052567318,0.4796064052567318,0,13.756929372942697,0.04744892441146997,34
4602.537412383,55.57999999996117,1,1,1.5727175164782823,10.674708570952628,0.0,2.881939084222627e-14,0.48136923660417813,0.48136923660417813,0,13.749702563591635,0.04760844127364727,44
4602.546207593,55.589999999961144,1,1,1.5871290462655312,10.447335872549557,0.0,2.881939084222627e-14,0.4821899398606709,0.4821899398606709,0,13.742493252221218,0.04776093588585373,46
4602.559988541,55.59999999996112,1,1,1.596766550801062,10.220162879319437,0.0,2.797157557069881e-14,0.48295498157909716,0.48295498157909716,0,13.735319259285141,0.04790651589097661,50
4602.566519871,55.6099999999611,1,1,1.5950985880634951,9.946665988983948,0.0502449710007884,0.6,0.4830463176658261,0.4830463176658261,0,13.728198803763428,0.04804068180637744,56
4602.576303252,55.619999999961074,1,1,1.5164350858843296,9.684410051443304,0.1,0.6,0.48178458796369206,0.48178458796369206,0,13.7211493391663,0.04815200422724719,57
4602.586159735,55.62999999996105,1,1,1.6112339687751518,9.365326454485485,0.1,0.6,0.4832062947482504,0.4832062947482504,0,13.71419063043518,0.04825709448530979,57
4602.596068841,55.63999999996103,1,1,1.5134203152881385,9.079990814262882,0.05024025457002009,0.5999999999999999,0.4818531775319657,0.4818531775319657,0,13.707339514402857,0.048343789536822834,61
4602.606323829,55.649999999961004,1,1,1.5391550692216975,8.72610723374915,0.1,0.5999999999999999,0.4822890829334603,0.4822890829334603,0,13.70061208141106,0.04842277860244293,61
4602.616241217,55.65999999996098,1,1,1.4055706664909566,8.374145333541936,0.06381430348030413,0.6,0.47841977449430634,0.47841977449430634,0,13.694025134268434,0.04848457324527922,62
4602.626634689,55.66999999996096,1,1,1.3549962868733263,8.035241642138807,0.0,2.823925224926892e-14,0.47624221513433357,0.47624221513433357,0,13.687590823567731,0.0485073515649721,68
4602.63621277,55.679999999960934,1,1,1.2484286001983556,7.539962788030518,0.1,0.5999999999999999,0.4711846187172762,0.4711846187172762,0,13.681324028010303,0.0485070119701807,69
4602.64620843,55.68999999996091,1,1,1.236905591651959,7.132413883845449,0.1,0.6,0.46591664281043565,0.46591664281043565,0,13.675238069286802,0.04843725863767756,69
4602.662203965,55.69999999996089,1,1,1.2217597009533692,6.63282683683337,0.1,0.6000000000000001,0.4586676050860027,0.4586676050860027,0,13.669342155477095,0.048324160965023344,71
4602.671833201,55.709999999960864,1,1,1.3229405573597048,6.144975780663384,0.0,0.6,0.45030263366083234,0.45030263366083234,0,13.663643790891388,0.04814296425331088,74
4602.681926765,55.71999999996084,1,1,1.3677922364612574,5.659511410564172,0.0,0.6,0.43457006788122554,0.43457006788122554,0,13.658147293138024,0.04788662470892291,78
4602.694808344,55.72999999996082,1,1,1.6544936909262522,5.172049431733578,0.0315647256293732,0.6,0.3883145040341432,0.3883145040341432,0,13.65286575033841,0.04731864136471464,83
4602.702442701,55.739999999960794,1,1,1.8810043871690363,4.695919384774814,0.1,0.6,0.34189013574760513,0.34189013574760513,0,13.647817063848759,0.046353975331577146,89
4602.711596913,55.74999999996077,0,1,0.0,0.0,0.0,0.0,0.0,0.0,0,0.0,0.04384224929762026,92
4602.721860289,55.75999999996075,0,1,0.0,0.0,0.0,0.0,0.0,0.0,0,0.0,0.03973214749377263,92
4602.731635844,55.769999999960724,0,1,0.0,0.0,0.0,0.0,0.0,0.0,0,0.0,0.03601628434225823,96
4602.741758841,55.7799999999607,0,1,0.0,0.0,0.0,0.0,0.0,0.0,0,0.0,0.03265679817865519,96
4602.751693024,55.78999999996068,0,1,0.0,0.0,0.0,0.0,0.0,0.0,0,0.0,0.029619516331442997,96
4602.763595257,55.799999999960654,0,1,0.0,0.0,0.0,0.0,0.0,0.0,0,0.0,0.026873538819080167,100
4602.771586181,55.80999999996063,0,1,0.0,0.0,0.0,0.0,0.0,0.0,0,0.0,0.02439092762259154,102
4602.781699796,55.81999999996061,0,1,0.0,0.0,0.0,0.0,0.0,0.0,0,0.0,0.022146423724879627,102
4602.791635543,55.829999999960584,0,1,0.0,0.0,0.0,0.0,0.0,0.0,0,0.0,0.02011719051766714,102
4602.802186055,55.83999999996056,0,1,0.0,0.0,0.0,0.0,0.0,0.0,0,0.0,0.01828258157679774,106
4602.811916594,55.84999999996054,0,1,0.0,0.0,0.0,0.0,0.0,0.0,0,0.0,0.016623930635723427,106
4602.821750438,55.859999999960515,0,1,0.0,0.0,0.0,0.0,0.0,0.0,0,0.0,0.01512436168012532,106
4602.832224256,55.86999999996049,0,1,0.0,0.0,0.0,0.0,0.0,0.0,0,0.0,0.013768617249770188,110
4602.841836628,55.87999999996047,0,1,0.0,0.0,0.0,0.0,0.0,0.0,0,0.0,0.012542903206069989,110
4602.851869627,55.889999999960445,0,1,0.0,0.0,0.0,0.0,0.0,0.0,0,0.0,0.011434748387455729,110
4602.863028376,55.89999999996042,0,1,0.0,0.0,0.0,0.0,0.0,0.0,0,0.0,0.010432877724993572,112
4602.87171508,55.9099999999604,0,1,0.0,0.0,0.0,0.0,0.0,0.0,0,0.0,0.009527097527333606,113
4602.881664016,55.919999999960375,0,1,0.0,0.0,0.0,0.0,0.0,0.0,0,0.0,0.009303082422135012,113
4602.892015936,55.92999999996035,0,1,0.0,0.0,0.0,0.0,0.0,0.0,0,0.0,0.009128862426394657,113
4602.901624072,55.93999999996033,0,1,0.0,0.0,0.0,0.0,0.0,0.0,0,0.0,0.008971435639141323,116
4602.911625755,55.949999999960305,0,1,0.0,0.0,0.0,0.0,0.0,0.0,0,0.0,0.008829183494895754,116
4602.921718647,55.95999999996028,0,1,0.0,0.0,0.0,0.0,0.0,0.0,0,0.0,0.008700643418321441,116
4602.931678164,55.96999999996026,0,1,0.0,0.0,0.0,0.0,0.0,0.0,0,0.0,0.00858449378987422,119
4602.941613878,55.979999999960235,0,1,0.0,0.0,0.0,0.0,0.0,0.0,0,0.0,0.008479540282849363,119
4602.951585828,55.98999999996021,0,1,0.0,0.0,0.0,0.0,0.0,0.0,0,0.0,0.00838470371308972,119
4602.961607494,55.99999999996019,0,1,0.0,0.0,0.0,0.0,0.0,0.0,0,0.0,0.008299009021514564,119
4602.972018669,56.009999999960165,0,1,0.0,0.0,0.0,0.0,0.0,0.0,0,0.0,0.008221575104321699,123
4602.98180104,56.01999999996014,0,1,0.0,0.0,0.0,0.0,0.0,0.0,0,0.0,0.00815160574700921,123
4602.991713195,56.02999999996012,0,1,0.0,0.0,0.0,0.0,0.0,0.0,0,0.0,0.008088381455677945,123
4603.001916423,56.039999999960095,0,1,0.0,0.0,0.0,0.0,0.0,0.0,0,0.0,0.008031252734281596,127
4603.011915276,56.04999999996007,0,1,0.0,0.0,0.0,0.0,0.0,0.0,0,0.0,0.007979633919532575,127
4603.021840982,56.05999999996005,0,1,0.0,0.0,0.0,0.0,0.0,0.0,0,0.0,0.007932993144459416,127
4603.033694686,56.069999999960025,0,1,0.0,0.0,0.0,0.0,0.0,0.0,0,0.0,0.007890849230864,129
4603.042081346,56.07999999996,0,1,0.0,0.0,0.0,0.0,0.0,0.0,0,0.0,0.007852767912069708,131
4603.051634495,56.08999999995998,0,1,0.0,0.0,0.0,0.0,0.0,0.0,0,0.0,0.007818357235617884,131
4603.061590615,56.099999999959955,0,1,0.0,0.0,0.0,0.0,0.0,0.0,0,0.0,0.007787263280224221,131
4603.071611679,56.10999999995993,0,1,0.0,0.0,0.0,0.0,0.0,0.0,0,0.0,0.007759166353593472,135
4603.081576286,56.11999999995991,0,1,0.0,0.0,0.0,0.0,0.0,0.0,0,0.0,0.007733777622173227,135
4603.091787386,56.129999999959885,0,1,0.0,0.0,0.0,0.0,0.0,0.0,0,0.0,0.007710836104051821,135
4603.102177566,56.13999999995986,0,1,0.0,0.0,0.0,0.0,0.0,0.0,0,0.0,0.0076901059707657204,139
4603.11182998,56.14999999995984,0,1,0.0,0.0,0.0,0.0,0.0,0.0,0,0.0,0.0076713729055153945,139
4603.121950695,56.159999999959815,0,1,0.0,0.0,0.0,0.0,0.0,0.0,0,0.0,0.007654353840384903,139
4603.136333643,56.16999999995979,0,1,0.0,0.0,0.0,0.0,0.0,0.0,0,0.0,0.007638842530364731,140
4603.141610142,56.17999999995977,0,1,0.0,0.0,0.0,0.0,0.0,0.0,0,0.0,0.007624785955094443,146
4603.152034393,56.189999999959745,0,1,0.0,0.0,0.0,0.0,0.0,0.0,0,0.0,0.007612106070830904,147
4603.161719881,56.19999999995972,0,1,0.0,0.0,0.0,0.0,0.0,0.0,0,0.0,0.007600680705487223,148
4603.171804164,56.2099999999597,0,1,0.0,0.0,0.0,0.0,0.0,0.0,0,0.0,0.007590344208503991,154
4603.181985078,56.219999999959676,0,1,0.0,0.0,0.0,0.0,0.0,0.0,0,0.0,0.007580703187594434,154
4603.191637419,56.22999999995965,0,1,0.0,0.0,0.0,0.0,0.0,0.0,0,0.0,0.00757148908043731,154
4603.20248009,56.23999999995963,0,1,0.0,0.0,0.0,0.0,0.0,0.0,0,0.0,0.007562591068917324,157
4603.211905643,56.249999999959606,0,1,0.0,0.0,0.0,0.0,0.0,0.0,0,0.0,0.007553961184969871,158
4603.221836107,56.25999999995958,0,1,0.0,0.0,0.0,0.0,0.0,0.0,0,0.0,0.007545576432787859,158
4603.231791183,56.26999999995956,0,1,0.0,0.0,0.0,0.0,0.0,0.0,0,0.0,0.007537423815438538,158
4603.241788223,56.279999999959536,0,1,0.0,0.0,0.0,0.0,0.0,0.0,0,0.0,0.007529494409941356,161
4603.251624825,56.28999999995951,0,1,0.0,0.0,0.0,0.0,0.0,0.0,0,0.0,0.007521781018830248,161
4603.261619818,56.29999999995949,0,1,0.0,0.0,0.0,0.0,0.0,0.0,0,0.0,0.007514277236377348,161
4603.271938506,56.309999999959466,0,1,0.0,0.0,0.0,0.0,0.0,0.0,0,0.0,0.007506977074917265,165
4603.282417558,56.31999999995944,0,1,0.0,0.0,0.0,0.0,0.0,0.0,0,0.0,0.007499874813219287,165
4603.29175084,56.32999999995942,0,1,0.0,0.0,0.0,0.0,0.0,0.0,0,0.0,0.007492964933055901,166
4603.303638942,56.339999999959396,0,1,0.0,0.0,0.0,0.0,0.0,0.0,0,0.0,0.007486242090912115,167
4603.312424179,56.34999999995937,0,1,0.0,0.0,0.0,0.0,0.0,0.0,0,0.0,0.007479701103777825,169
4603.322151704,56.35999999995935,0,1,0.0,0.0,0.0,0.0,0.0,0.0,0,0.0,0.007473336940652775,171
4603.331837305,56.369999999959326,0,1,0.0,0.0,0.0,0.0,0.0,0.0,0,0.0,0.0074671447164283145,172
4603.34182475,56.3799999999593,0,1,0.0,0.0,0.0,0.0,0.0,0.0,0,0.0,0.007461119686813761,175
4603.351775913,56.38999999995928,0,1,0.0,0.0,0.0,0.0,0.0,0.0,0,0.0,0.007455257243771413,175
4603.361717439,56.399999999959256,0,1,0.0,0.0,0.0,0.0,0.0,0.0,0,0.0,0.007449552911241636,175
4603.372573705,56.40999999995923,0,1,0.0,0.0,0.0,0.0,0.0,0.0,0,0.0,0.007444002341068373,178
4603.381609231,56.41999999995921,0,1,0.0,0.0,0.0,0.0,0.0,0.0,0,0.0,0.007438601309084275,179
4603.392131473,56.429999999959186,0,1,0.0,0.0,0.0,0.0,0.0,0.0,0,0.0,0.0074333457113375245,179
4603.402060659,56.43999999995916,0,1,0.0,0.0,0.0,0.0,0.0,0.0,0,0.0,0.007428231560448778,179
4603.411567507,56.44999999995914,0,1,0.0,0.0,0.0,0.0,0.0,0.0,0,0.0,0.00742325498209126,183
4603.421746441,56.459999999959116,0,1,0.0,0.0,0.0,0.0,0.0,0.0,0,0.0,0.0074184122115892315,183
4603.431718369,56.46999999995909,0,1,0.0,0.0,0.0,0.0,0.0,0.0,0,0.0,0.007413699590628736,183
4603.441820227,56.47999999995907,0,1,0.0,0.0,0.0,0.0,0.0,0.0,0,0.0,0.007409113564077169,0
4603.451727258,56.489999999959046,0,1,0.0,0.0,0.0,0.0,0.0,0.0,0,0.0,0.0074046506769069875,0
4603.461754503,56.49999999995902,0,1,0.0,0.0,0.0,0.0,0.0,0.0,0,0.0,0.007400307571220205,0
4603.473454127,56.509999999959,0,1,0.0,0.0,0.0,0.0,0.0,0.0,0,0.0,0.0073960809833692465,2
4603.482292628,56.519999999958976,0,1,0.0,0.0,0.0,0.0,0.0,0.0,0,0.0,0.0073919677411709295,4
4603.491599909,56.52999999995895,0,1,0.0,0.0,0.0,0.0,0.0,0.0,0,0.0,0.007387964761210286,4
4603.50235489,56.53999999995893,1,1,1.1182676528004405,2.1497042474507437,0.0,0.0,0.1440936824183017,0.1440936824183017,0,13.610792257735767,0.0076205179364537134,5
4603.512272914,56.54999999995891,1,1,1.1086027693198592,2.1649524030945213,0.013805825737366086,0.6,0.14671729384341647,0.14671729384341647,0,13.610824308325238,0.007934901499867919,11
4603.521812604,56.55999999995888,1,1,1.100687302035531,2.1617642101383874,0.0,1.734723475976807e-15,0.14736451278136267,0.14736451278136267,0,13.610754364265121,0.008224167361560342,12
4603.531800751,56.56999999995886,1,1,0.92239320175591,2.147573703687643,0.005632189974456081,1.1978388074229731e-13,0.15177524679133236,0.15177524679133236,0,13.610593871851375,0.008483465501677362,13
4603.54218545,56.57999999995884,1,1,0.8943636080662759,2.192141512181258,0.0,8.673617379884035e-16,0.159364595604981,0.159364595604981,0,13.610365732625171,0.008722490463433347,17
4603.551813667,56.58999999995881,1,1,0.833142417608125,2.225650453022555,0.0,3.469446951953614e-15,0.1670303264605726,0.1670303264605726,0,13.610091755138962,0.00894207242818243,17
4603.561844161,56.59999999995879,1,1,0.7248619669978161,2.325651966275357,0.0,0.012279987751271584,0.18482880325434972,0.18482880325434972,0,13.609796430176175,0.00914592303345696,17
4603.571941749,56.60999999995877,1,1,0.7198792663245429,2.4699506277033185,0.0,0.6,0.20390252448749463,0.20390252448749463,0,13.609514942241724,0.009770132905578599,17
4603.581751477,56.61999999995874,1,1,0.8848006558892325,2.680092117824498,0.0,0.6,0.22959788287434713,0.22959788287434713,0,13.609284811154673,0.01102401862945479,22
4603.59177898,56.62999999995872,1,1,1.3332005563025604,2.8853275543052583,0.0,0.6,0.2573791922769848,0.2573791922769848,0,13.609147798978102,0.012414296066497688,22
4603.601779851,56.6399999999587,1,1,1.5712808952239716,3.1283793848185177,0.0,0.6000000000000001,0.27983483854195723,0.27983483854195723,0,13.609147772653431,0.013905337711765275,24
4603.611746766,56.64999999995867,1,1,2.018455209316448,3.380941752192019,0.0,0.6,0.3055108454140434,0.3055108454140434,0,13.609327352793455,0.015493543482865801,29
4603.621765702,56.65999999995865,1,1,2.6242493295380314,3.628278641566478,0.1,0.6,0.33119471229450936,0.33119471229450936,0,13.609733985775335,0.01717453993280227,30
4603.631794355,56.66999999995863,1,1,3.422568873310472,3.8735272887622525,0.06558695250906664,0.6,0.35800703555614644,0.35800703555614644,0,13.61041618441793,0.018940509669098216,30
4603.643586573,56.6799999999586,1,1,4.185264064610034,4.117560416888522,0.10000000000000002,0.6,0.38269864583068486,0.38269864583068486,0,13.611434384528303,0.02078621022420224,32
4603.651749176,56.68999999995858,1,1,4.983639987380258,4.359214347048449,0.012523042204783315,0.6000000000000001,0.4068102146633309,0.4068102146633309,0,13.612843656351409,0.022691278206794063,34
4603.661882144,56.69999999995856,1,1,5.808054665856247,4.599665099694483,0.1,0.6000000000000001,0.4301762906151661,0.4301762906151661,0,13.614690756835774,0.024633144061887435,34
4603.672239035,56.709999999958534,1,1,6.597324151868623,4.835400675191896,0.1,0.6,0.45344003215356354,0.45344003215356354,0,13.617026503983771,0.026617511844320596,34
4603.682060763,56.71999999995851,1,1,7.405494605930667,5.065135860179129,0.1,0.6,0.4775692570330176,0.4775692570330176,0,13.619902802358443,0.02864465678754957,38
4603.692172071,56.72999999995849,1,1,8.212771262035156,5.2876117876367745,0.1,0.6,0.5014004097631385,0.5014004097631385,0,13.623381759880717,0.030703929328445678,40
4603.701968864,56.739999999958464,1,1,8.9024351573563,5.504080723811425,0.1,0.6000000000000001,0.5234353040960003,0.5234353040960003,0,13.627534113863781,0.032789773133871325,41
4603.712882434,56.74999999995844,1,1,9.564652754018033,5.713962043975251,0.10000000000000002,0.6,0.5440330794813413,0.5440330794813413,0,13.632435060895562,0.03487769278498343,45
4603.721843658,56.75999999995842,1,1,9.972397689731867,5.916092547145383,0.09999999999999999,0.6,0.546673010805509,0.546673010805509,0,13.638149069206822,0.0368756378506605,46
4603.732282177,56.769999999958394,1,1,10.529546342269956,6.110537496077601,0.1,0.6,0.5492279551589309,0.5492279551589309,0,13.644726706750008,0.03869140873891741,46
4603.742254144,56.77999999995837,1,1,10.520772958477338,6.297315347505995,0.0,0.6,0.5481418134568165,0.5481418134568165,0,13.652222272000103,0.040342769839911696,46
4603.751818517,56.78999999995835,1,1,10.714530544116869,6.476096613564544,0.0,0.6,0.5476760884179216,0.5476760884179216,0,13.660688065635814,0.041826338969336074,51
4603.761803582,56.799999999958324,1,1,10.738543987888429,6.647938821429983,0.0,0.6000000000000001,0.547918617985979,0.547918617985979,0,13.67017357410761,0.04316800865224213,51
4603.772114823,56.8099999999583,1,1,11.039080283525566,6.814145879892349,0.036150513109151905,0.6,0.5495596199637652,0.5495596199637652,0,13.680723087732407,0.04438832176679197,51
4603.781839573,56.81999999995828,1,1,11.076853184327627,6.9752296467299395,0.1,0.6,0.5528389872641384,0.5528389872641384,0,13.692387081446778,0.04550647764470428,55
4603.79180111,56.829999999958254,1,1,10.976299522673127,7.131700911409759,0.0,0.6,0.5519703377390565,0.5519703377390565,0,13.705215228462643,0.046534078407607815,56
4603.801994572,56.83999999995823,1,1,10.946858365829433,7.2843930543580315,0.027916880066790203,0.5999999999999999,0.5590783984330061,0.5590783984330061,0,13.719240309611578,0.047507128391538256,56
4603.813338214,56.84999999995821,1,1,10.891879133383652,7.433357841928184,0.1,0.6,0.5630806275891758,0.5630806275891758,0,13.734514716043863,0.04842958319244328,59
4603.822103819,56.859999999958184,1,1,10.817509146502207,7.57891840149824,0.1,0.6,0.5677547740207717,0.5677547740207717,0,13.751087880176227,0.049304068920961175,62
4603.831991013,56.86999999995816,1,1,10.682867291399978,7.721302577502215,0.10000000000000002,0.6,0.5736058001215452,0.5736058001215452,0,13.769021564327161,0.050148809544175776,63
4603.842048494,56.87999999995814,1,1,10.499669668382266,7.860852699210473,0.10000000000000002,0.6,0.5771783987161256,0.5771783987161256,0,13.78837796157428,0.050951712582497866,63
4603.852684109,56.889999999958114,1,1,10.261535983058932,7.997595075092291,0.1,0.5999999999999999,0.5790555910484512,0.5790555910484512,0,13.809207759076092,0.05170604187014893,67
4603.862184929,56.89999999995809,1,1,10.011155483893324,8.132115616805311,0.1,0.6,0.5801589393069,0.5801589393069,0,13.831555073967758,0.05240693780507,69
4603.87185976,56.90999999995807,1,1,9.586889089343595,8.264323614215705,0.0,0.6,0.5815408975632967,0.5815408975632967,0,13.855452519709804,0.053057664740109534,69
4603.883560843,56.919999999958044,1,1,9.208851622912738,8.394038677885005,0.010347787346738975,0.6,0.5820275287416837,0.5820275287416837,0,13.88093437833158,0.05364559930473822,75
4603.891969746,56.92999999995802,1,1,8.399110183764957,8.521988360249516,0.09065753575553609,0.6,0.5812509583237304,0.5812509583237304,0,13.908023974390634,0.05417850329320695,78
4603.901945784,56.939999999958,1,1,8.139337731130404,8.648288191385383,0.1,0.6000000000000001,0.584362785982131,0.584362785982131,0,13.936747178782573,0.05466698152611826,80
4603.911972237,56.949999999957974,1,1,7.783192444278162,8.7735385215556,0.10000000000000002,0.6000000000000001,0.5859499485616544,0.5859499485616544,0,13.967143454553854,0.05513904232642641,80
4603.921888454,56.95999999995795,1,1,7.544629933511207,8.897785050789127,0.09278361328287671,0.6,0.5894775237183608,0.5894775237183608,0,13.999252441782755,0.05559640763155649,86
4603.931856459,56.96999999995793,1,1,7.152492187321011,9.020749352892262,0.05053764542447762,0.6,0.5891065162420117,0.5891065162420117,0,14.033109047835916,0.05601677316272502,87
4603.941807002,56.979999999957904,1,1,6.619150876247447,9.142968846075304,0.09999999999999999,0.6,0.5860744860600459,0.5860744860600459,0,14.06871681924065,0.0563768268876621,87
4603.951926136,56.98999999995788,1,1,6.28560837732771,9.264805343057025,0.0,0.5999999999999999,0.5848987586929193,0.5848987586929193,0,14.10605472255205,0.0566874292084556,91
4603.96191106,56.99999999995786,1,1,5.907882288231769,9.386466014724581,0.0,0.6,0.5822515872450382,0.5822515872450382,0,14.1451060133527,0.05694183442713241,92
4603.971877892,57.009999999957834,1,1,5.792973003081494,9.507871898959786,0.10000000000000002,0.6000000000000001,0.5822221355021238,0.5822221355021238,0,14.185845515577489,0.05715789343988886,92
4603.983451046,57.01999999995781,1,1,5.718161899142975,9.629175586023344,0.1,0.6,0.5818816453247031,0.5818816453247031,0,14.228252672369507,0.057351016567401825,95
4603.9918057,57.02999999995779,1,1,5.360287334639301,9.75035200833827,0.0,0.5999999999999999,0.5775464827082082,0.5775464827082082,0,14.272304702297467,0.057511345531816804,97
4604.002271624,57.039999999957764,1,1,5.579220754521396,9.871122489519434,0.1,0.6,0.578898698480245,0.578898698480245,0,14.31796829391763,0.057654105124886446,97
4604.011883247,57.04999999995774,1,1,5.763938934468318,9.991934272588349,0.1,0.6,0.5801218846715488,0.5801218846715488,0,14.365228688553087,0.05779139962183999,97
4604.021843432,57.05999999995772,1,1,5.971785439591829,10.112793360400476,0.1,0.6000000000000001,0.5811305656572537,0.5811305656572537,0,14.41407399733526,0.0579296221261445,101
4604.031868271,57.069999999957695,1,1,6.059914317711432,10.233720371137393,0.0,0.6,0.5812212141245127,0.5812212141245127,0,14.464485736320714,0.05805247327298613,101
4604.041956374,57.07999999995767,1,1,5.82913818701574,10.354888750824927,0.0,0.6,0.5779226448408247,0.5779226448408247,0,14.516431591208992,0.0581490422790405,101
4604.051812871,57.08999999995765,1,1,5.77435083357224,10.476292512667547,0.0,0.6,0.5776781141260273,0.5776781141260273,0,14.569859725618699,0.0582211403298718,105
4604.061832528,57.099999999957625,1,1,5.721268022042253,10.598084038970049,0.0,0.6000000000000001,0.5766832554811441,0.5766832554811441,0,14.624732345318629,0.05827267495750155,106
4604.071899979,57.1099999999576,1,1,5.457722823119374,10.720326091673183,0.0,0.6,0.5738417608572097,0.5738417608572097,0,14.681016410077202,0.05830729116900635,106
4604.084351495,57.11999999995758,1,1,5.207190780399408,10.842873211378782,0.02761164335310246,0.6,0.5709855745386112,0.5709855745386112,0,14.738673744661844,0.05830981313110506,107
4604.091847114,57.129999999957555,1,1,4.934612398934468,10.965584872917747,0.013805825737348697,0.6,0.5669582570371748,0.5669582570371748,0,14.79765233412023,0.058275486296472945,111
4604.101818137,57.13999999995753,1,1,4.622562620235526,11.08843055683122,0.0,0.6,0.5638320307661568,0.5638320307661568,0,14.857896056209144,0.058210192867543586,111
4604.111780172,57.14999999995751,1,1,4.3177873525066355,11.21135011196566,0.0,0.6,0.5584299492567196,0.5584299492567196,0,14.919355179471973,0.05811018104054311,111
4604.121824997,57.159999999957485,1,1,4.172672786150597,11.334269409879433,0.0,0.6,0.557666839451765,0.557666839451765,0,14.981983890921855,0.05800409865353595,116
4604.131806312,57.16999999995746,1,1,4.03237931437528,11.45679968956239,0.0,0.6,0.5552149387506894,0.5552149387506894,0,15.045757880715982,0.057883037218338984,116
4604.141818006,57.17999999995744,1,1,3.7421440515017332,11.578799833890264,0.0,0.6,0.5511473400746213,0.5511473400746213,0,15.110643768384307,0.05773911781711227,116
4604.152781711,57.189999999957415,1,1,3.401997461632527,11.700526430521673,0.0,0.6,0.548199044644046,0.548199044644046,0,15.176590886902504,0.057579597295030815,119
4604.161784398,57.19999999995739,1,1,3.0255261347665403,11.821986898812161,0.0,0.6,0.5449118200031736,0.5449118200031736,0,15.243555213497103,0.057400333230630096,120
4604.171908639,57.20999999995737,1,1,2.7110030973086117,11.943259449058296,0.0,0.6,0.541167296161915,0.541167296161915,0,15.311502511920287,0.05720341320106659,120
4604.182076886,57.219999999957345,1,1,2.274879042041897,12.064071042530298,0.09999999999999999,0.5999999999999999,0.5369519968763558,0.5369519968763558,0,15.380399204034044,0.05698674185882613,120
4604.191778402,57.22999999995732,1,1,2.189898931567372,12.184549612871603,0.0,0.6,0.5355132308424289,0.5355132308424289,0,15.4502124969697,0.05677424912756024,124
4604.201847374,57.2399999999573,1,1,1.8964773312314,12.304412453745574,0.0,0.6,0.5330175064983538,0.5330175064983538,0,15.520931638213424,0.05655699483453125,124
4604.211761204,57.249999999957275,1,1,1.7363035385393208,12.42376733986801,0.0,0.6,0.5307329304809355,0.5307329304809355,0,15.592537379429674,0.05633875067706562,124
4604.22211223,57.25999999995725,1,1,1.51579308539558,12.542443400663242,0.0,0.6,0.5271246984865292,0.5271246984865292,0,15.665011941917442,0.05610971634880668,129
4604.231817653,57.26999999995723,1,1,1.1890828089919208,12.660618244385411,0.020670559149345954,0.6,0.5248670222609699,0.5248670222609699,0,15.73833223764945,0.055872806557222265,131
4604.241859248,57.279999999957205,1,1,1.121315968625431,12.777961626653756,0.0,0.6,0.5195405314296574,0.5195405314296574,0,15.81248143433098,0.055621360519939156,132
4604.254128327,57.28999999995718,1,1,0.8237524493780403,12.894419375641753,0.07106379502002064,0.6,0.5150196813618968,0.5150196813618968,0,15.88743302636296,0.05535416992689424,133
4604.261821755,57.29999999995716,1,1,0.8997870714025401,13.009639073716059,0.0,0.6,0.5108860463716082,0.5108860463716082,0,15.96316192264135,0.05506764837220146,138
4604.271813617,57.309999999957135,1,1,1.120874250997287,13.123106851123474,0.0,0.6,0.5061265584906751,0.5061265584906751,0,16.03963773124713,0.05476261471846078,139
4604.281855289,57.31999999995711,1,1,1.559106020202544,13.233747671827107,0.0,0.6000000000000001,0.4999922864570904,0.4999922864570904,0,16.11682796991185,0.054431874557320015,139
4604.29176114,57.32999999995709,1,1,2.083545456667086,13.340816913284488,0.0,0.5999999999999999,0.49247598259518527,0.49247598259518527,0,16.194694167321767,0.05407142683033639,146
4604.301806953,57.339999999957065,1,1,2.639246294135728,13.442851256717812,0.0,0.6,0.48698023750909597,0.48698023750909597,0,16.27318880392093,0.05369165692832922,149
4604.311826234,57.34999999995704,1,1,3.0884543921417382,13.537334085065362,0.0,0.6000000000000001,0.48036885514494543,0.48036885514494543,0,16.3522717898771,0.053276314197233,150
4604.323630543,57.35999999995702,1,1,3.904791125895278,13.619585651860598,0.09999999999999999,0.5999999999999999,0.47020558985074534,0.47020558985074534,0,16.431892799141085,0.05282679815853619,155
4604.331836092,57.369999999956995,1,1,4.570338604701684,13.686852897126405,0.09357893502513805,0.6,0.4618957898615546,0.4618957898615546,0,16.511987086046855,0.05233819184504407,158
4604.341798589,57.37999999995697,1,1,5.316835843807975,13.730144145273302,0.1,0.6,0.45094609505056366,0.45094609505056366,0,16.592487005850483,0.05180086478569468,159
4604.351854396,57.38999999995695,1,1,6.070538094161245,13.735537499054463,0.08602675920646503,0.6,0.44084072072779834,0.44084072072779834,0,16.673304442504882,0.051215539517371234,161
4604.361848025,57.399999999956925,1,1,6.909322514561767,13.688472079383782,0.1,0.5999999999999999,0.42873720719350383,0.42873720719350383,0,16.754355558971998,0.05057432020560704,165
4604.372177407,57.4099999999569,1,1,7.567148333572257,13.593592936039737,0.03969170638222201,0.6,0.4180905140598501,0.4180905140598501,0,16.835537542137715,0.0498834294159316,165
4604.381840319,57.41999999995688,1,1,8.154616900264783,13.44029962528173,0.0,0.6,0.4073166248304735,0.4073166248304735,0,16.916751867392843,0.04915298781251165,165
4604.391766429,57.429999999956856,1,1,8.643378201711801,13.236947421420536,0.0,0.6000000000000001,0.39743722542397686,0.39743722542397686,0,16.99790351232199,0.048395166804414025,169
4604.401829402,57.43999999995683,1,1,9.23347481622771,12.989572732798878,0.05369095801913205,0.6000000000000001,0.38581597102057397,0.38581597102057397,0,17.078902116327818,0.04760878303080718,169
4604.411535665,57.44999999995681,0,1,0.0,0.0,0.0,0.0,0.0,0.0,0,0.0,0.04421710071108009,169
4604.424335271,57.459999999956786,0,1,0.0,0.0,0.0,0.0,0.0,0.0,0,0.0,0.040074796184372374,170
4604.431588745,57.46999999995676,0,1,0.0,0.0,0.0,0.0,0.0,0.0,0,0.0,0.03632900957191554,173
4604.441639004,57.47999999995674,0,1,0.0,0.0,0.0,0.0,0.0,0.0,0,0.0,0.032942458140262865,0
4604.45161171,57.489999999956716,0,1,0.0,0.0,0.0,0.0,0.0,0.0,0,0.0,0.029880885368803067,0
4604.461605937,57.49999999995669,0,1,0.0,0.0,0.0,0.0,0.0,0.0,0,0.0,0.027113162018691295,2
4604.471646223,57.50999999995667,0,1,0.0,0.0,0.0,0.0,0.0,0.0,0,0.0,0.02461110035987213,2
4604.481580391,57.519999999956646,0,1,0.0,0.0,0.0,0.0,0.0,0.0,0,0.0,0.022349204956757518,2
4604.491667939,57.52999999995662,0,1,0.0,0.0,0.0,0.0,0.0,0.0,0,0.0,0.020304423823997553,5
4604.501569648,57.5399999999566,0,1,0.0,0.0,0.0,0.0,0.0,0.0,0,0.0,0.01845591664909918,5
4604.511596996,57.549999999956576,0,1,0.0,0.0,0.0,0.0,0.0,0.0,0,0.0,0.016784843289956886,5
4604.521577654,57.55999999995655,0,1,0.0,0.0,0.0,0.0,0.0,0.0,0,0.0,0.01527417200415604,5
4604.53161913,57.56999999995653,0,1,0.0,0.0,0.0,0.0,0.0,0.0,0,0.0,0.013908505921961023,8
4604.541579122,57.579999999956506,0,1,0.0,0.0,0.0,0.0,0.0,0.0,0,0.0,0.01267392612917373,8
4604.551563514,57.58999999995648,0,1,0.0,0.0,0.0,0.0,0.0,0.0,0,0.0,0.011557849799376463,8
4604.561582637,57.59999999995646,0,1,0.0,0.0,0.0,0.0,0.0,0.0,0,0.0,0.010548902614685218,11
4604.571605277,57.609999999956436,0,1,0.0,0.0,0.0,0.0,0.0,0.0,0,0.0,0.00963681431326835,11
4604.582039498,57.61999999995641,0,1,0.0,0.0,0.0,0.0,0.0,0.0,0,0.0,0.00881228634330844,11
4604.594483637,57.62999999995639,0,1,0.0,0.0,0.0,0.0,0.0,0.0,0,0.0,0.008066896018080083,12
4604.601708124,57.639999999956366,0,1,0.0,0.0,0.0,0.0,0.0,0.0,0,0.0,0.007891693765279206,15
4604.611640495,57.64999999995634,0,1,0.0,0.0,0.0,0.0,0.0,0.0,0,0.0,0.007826353214904685,15
4604.62158621,57.65999999995632,0,1,0.0,0.0,0.0,0.0,0.0,0.0,0,0.0,0.007767441988473706,15
4604.631579025,57.669999999956296,0,1,0.0,0.0,0.0,0.0,0.0,0.0,0,0.0,0.007714324738712419,17
4604.641621687,57.67999999995627,0,1,0.0,0.0,0.0,0.0,0.0,0.0,0,0.0,0.007666430451139045,17
4604.651639793,57.68999999995625,0,1,0.0,0.0,0.0,0.0,0.0,0.0,0,0.0,0.007623245047216148,17
4604.66152324,57.699999999956226,0,1,0.0,0.0,0.0,0.0,0.0,0.0,0,0.0,0.0075843053002356,20
4604.671551091,57.7099999999562,0,1,0.0,0.0,0.0,0.0,0.0,0.0,0,0.0,0.007549193645164792,20
4604.681613414,57.71999999995618,0,1,0.0,0.0,0.0,0.0,0.0,0.0,0,0.0,0.007517533620929939,20
4604.691598808,57.729999999956156,0,1,0.0,0.0,0.0,0.0,0.0,0.0,0,0.0,0.007488985805792436,20
4604.701596097,57.73999999995613,0,1,0.0,0.0,0.0,0.0,0.0,0.0,0,0.0,0.0074632441397144145,23
4604.711620259,57.74999999995611,0,1,0.0,0.0,0.0,0.0,0.0,0.0,0,0.0,0.007440032625510878,23
4604.721591982,57.75999999995609,0,1,0.0,0.0,0.0,0.0,0.0,0.0,0,0.0,0.007419102529300503,23
4604.731588277,57.76999999995606,0,1,0.0,0.0,0.0,0.0,0.0,0.0,0,0.0,0.007400175417570709,26
4604.741643979,57.77999999995604,0,1,0.0,0.0,0.0,0.0,0.0,0.0,0,0.0,0.007382971807961797,26
4604.751616042,57.78999999995602,0,1,0.0,0.0,0.0,0.0,0.0,0.0,0,0.0,0.00736739750270804,26
4604.763753396,57.79999999995599,0,1,0.0,0.0,0.0,0.0,0.0,0.0,0,0.0,0.007353352846434624,27
4604.771579731,57.80999999995597,0,1,0.0,0.0,0.0,0.0,0.0,0.0,0,0.0,0.007340712771031044,29
4604.781592379,57.81999999995595,0,1,0.0,0.0,0.0,0.0,0.0,0.0,0,0.0,0.007329346395039182,29
4604.791583755,57.82999999995592,0,1,0.0,0.0,0.0,0.0,0.0,0.0,0,0.0,0.007319117914993012,29
4604.801603194,57.8399999999559,0,1,0.0,0.0,0.0,0.0,0.0,0.0,0,0.0,0.007309688770732653,31
4604.811585717,57.84999999995588,0,1,0.0,0.0,0.0,0.0,0.0,0.0,0,0.0,0.0073007151706258044,31
4604.821660739,57.85999999995585,0,1,0.0,0.0,0.0,0.0,0.0,0.0,0,0.0,0.007292052468697158,32
4604.833593578,57.86999999995583,0,1,0.0,0.0,0.0,0.0,0.0,0.0,0,0.0,0.007283641415086695,35
4604.841680336,57.87999999995581,0,1,0.0,0.0,0.0,0.0,0.0,0.0,0,0.0,0.007275452572081731,37
4604.851655167,57.88999999995578,0,1,0.0,0.0,0.0,0.0,0.0,0.0,0,0.0,0.007267465666825845,37
4604.86171055,57.89999999995576,0,1,0.0,0.0,0.0,0.0,0.0,0.0,0,0.0,0.007259677636907186,37
4604.871672962,57.90999999995574,0,1,0.0,0.0,0.0,0.0,0.0,0.0,0,0.0,0.007252088333806861,40
4604.881601351,57.919999999955714,0,1,0.0,0.0,0.0,0.0,0.0,0.0,0,0.0,0.007244695863000056,40
4604.891606106,57.92999999995569,0,1,0.0,0.0,0.0,0.0,0.0,0.0,0,0.0,0.00723749679309893,40
4604.901621886,57.93999999995567,0,1,0.0,0.0,0.0,0.0,0.0,0.0,0,0.0,0.007230486882053605,42
4604.911568743,57.949999999955644,0,1,0.0,0.0,0.0,0.0,0.0,0.0,0,0.0,0.007223661560388062,42
4604.921608832,57.95999999995562,0,1,0.0,0.0,0.0,0.0,0.0,0.0,0,0.0,0.007217016179143387,42
4604.934079954,57.9699999999556,0,1,0.0,0.0,0.0,0.0,0.0,0.0,0,0.0,0.007210546122733086,43
4604.941615998,57.979999999955574,0,1,0.0,0.0,0.0,0.0,0.0,0.0,0,0.0,0.007204246856244961,45
4604.95160287,57.98999999995555,0,1,0.0,0.0,0.0,0.0,0.0,0.0,0,0.0,0.007198113943575252,45
4604.961584376,57.99999999995553,0,1,0.0,0.0,0.0,0.0,0.0,0.0,0,0.0,0.007192143053284056,45
4604.97158242,58.009999999955504,0,1,0.0,0.0,0.0,0.0,0.0,0.0,0,0.0,0.007186329959489729,48
4604.981635454,58.01999999995548,0,1,0.0,0.0,0.0,0.0,0.0,0.0,0,0.0,0.00718067054082705,48
4604.991578854,58.02999999995546,0,1,0.0,0.0,0.0,0.0,0.0,0.0,0,0.0,0.007175160778677303,48
4605.001943181,58.039999999955434,0,1,0.0,0.0,0.0,0.0,0.0,0.0,0,0.0,0.007169796755137903,51
4605.011587346,58.04999999995541,0,1,0.0,0.0,0.0,0.0,0.0,0.0,0,0.0,0.007164574650909278,51
4605.021581873,58.05999999995539,0,1,0.0,0.0,0.0,0.0,0.0,0.0,0,0.0,0.00715949074316502,51
4605.031674552,58.069999999955364,0,1,0.0,0.0,0.0,0.0,0.0,0.0,0,0.0,0.0071545414034304144,51
4605.041571501,58.07999999995534,0,1,0.0,0.0,0.0,0.0,0.0,0.0,0,0.0,0.007149723095478733,54
4605.051583446,58.08999999995532,0,1,0.0,0.0,0.0,0.0,0.0,0.0,0,0.0,0.00714503237325001,54
4605.061589767,58.099999999955294,0,1,0.0,0.0,0.0,0.0,0.0,0.0,0,0.0,0.0071404658787947994,55
4605.071663473,58.10999999995527,0,1,0.0,0.0,0.0,0.0,0.0,0.0,0,0.0,0.007136020340244881,57
4605.081604994,58.11999999995525,0,1,0.0,0.0,0.0,0.0,0.0,0.0,0,0.0,0.007131692569811721,57
4605.091596063,58.129999999955224,0,1,0.0,0.0,0.0,0.0,0.0,0.0,0,0.0,0.007127479461814773,57
4605.104402454,58.1399999999552,0,1,0.0,0.0,0.0,0.0,0.0,0.0,0,0.0,0.007123377990740143,58
4605.111665861,58.14999999995518,0,1,0.0,0.0,0.0,0.0,0.0,0.0,0,0.0,0.007119385209330448,62
4605.121676297,58.159999999955154,0,1,0.0,0.0,0.0,0.0,0.0,0.0,0,0.0,0.00711549824670718,62
4605.131673796,58.16999999995513,0,1,0.0,0.0,0.0,0.0,0.0,0.0,0,0.0,0.007111714306525213,62
4605.141944383,58.17999999995511,0,1,0.0,0.0,0.0,0.0,0.0,0.0,0,0.0,0.007108030665161275,68
4605.151638393,58.189999999955084,0,1,0.0,0.0,0.0,0.0,0.0,0.0,0,0.0,0.007104444669935317,69
4605.161606683,58.19999999995506,0,1,0.0,0.0,0.0,0.0,0.0,0.0,0,0.0,0.007100953737366245,69
4605.173708639,58.20999999995504,0,1,0.0,0.0,0.0,0.0,0.0,0.0,0,0.0,0.007097555351461393,72
4605.181611403,58.219999999955014,0,1,0.0,0.0,0.0,0.0,0.0,0.0,0,0.0,0.007094247062040204,74
4605.191911825,58.22999999995499,0,1,0.0,0.0,0.0,0.0,0.0,0.0,0,0.0,0.007091026483092261,75
4605.201669101,58.23999999995497,0,1,0.0,0.0,0.0,0.0,0.0,0.0,0,0.0,0.007087891291168935,77
4605.217620298,58.249999999954944,0,1,0.0,0.0,0.0,0.0,0.0,0.0,0,0.0,0.007084839223809508,80
4605.227650839,58.25999999995492,0,1,0.0,0.0,0.0,0.0,0.0,0.0,0,0.0,0.007081868078000542,83
4605.242296207,58.2699999999549,1,1,5.114587773887718,10.557228237410914,0.1,0.6,0.42246686878755785,0.42246686878755785,0,17.969702287734496,0.007334550061250639,85
4605.247789023,58.279999999954875,1,1,5.11218502610882,10.880697888861487,0.10000000000000002,0.6,0.4225717920928106,0.4225717920928106,0,17.975841602322145,0.00784166619371282,93
4605.257759,58.28999999995485,1,1,5.06214464418993,11.17956111030766,0.10000000000000002,0.6,0.42392615929390665,0.42392615929390665,0,17.98931503204221,0.010328707422526229,95
4605.267732649,58.29999999995483,1,1,4.939277583745709,11.460218502124038,0.09866203032794607,0.6,0.42593824388609736,0.42593824388609736,0,18.009467537339543,0.013513926288091671,96
4605.277796921,58.309999999954805,1,1,4.774260391334141,11.723045439881918,0.06052605229438136,0.6000000000000001,0.4286770396218277,0.4286770396218277,0,18.035773336467955,0.016426475384511807,100
4605.288129748,58.31999999995478,1,1,4.610475718618034,11.96964566635339,0.10000000000000002,0.6,0.4322318062337718,0.4322318062337718,0,18.067759680836495,0.01909524796468176,102
4605.297894802,58.32999999995476,1,1,4.325739062122383,12.201335399013269,0.0,0.6,0.43745591369826187,0.43745591369826187,0,18.1050237239001,0.021548369681275936,103
4605.30988836,58.339999999954735,1,1,4.339775099814174,12.419973006227663,0.1,0.6000000000000001,0.4403070631257372,0.4403070631257372,0,18.14721866630779,0.023805302218872892,106
4605.317846441,58.34999999995471,1,1,4.240697210349906,12.62683847432238,0.1,0.6000000000000001,0.4447204966937919,0.4447204966937919,0,18.194012611773736,0.025872628236517592,110
4605.327812344,58.35999999995469,1,1,4.340756314215951,12.823644614065199,0.1,0.6,0.4491217668287044,0.4491217668287044,0,18.245122947769218,0.02777957526838115,110
4605.337823991,58.369999999954665,1,1,4.517847760522351,13.011817707104752,0.1,0.6,0.4548239683747858,0.4548239683747858,0,18.300327003388507,0.02957071326026739,110
4605.347853435,58.37999999995464,1,1,4.542688592540604,13.192068685903658,0.09999999999999999,0.6,0.4630119983490205,0.4630119983490205,0,18.35946224410515,0.03125070680952158,114
4605.357777879,58.38999999995462,1,1,5.172478663918112,13.365006484866866,0.1,0.5999999999999999,0.4681274840772278,0.4681274840772278,0,18.42238176230321,0.03283122696127627,114
4605.367776167,58.399999999954595,1,1,5.678640702552903,13.531330076963224,0.09999999999999999,0.6,0.47582608552163386,0.47582608552163386,0,18.488955279155945,0.03431658645701097,115
4605.379227903,58.40999999995457,1,1,6.353850576843329,13.691453928532008,0.1,0.6,0.48273834250172665,0.48273834250172665,0,18.559080420641546,0.03572793954901865,120
4605.387802758,58.41999999995455,1,1,7.066349289785862,13.846183277777618,0.1,0.6,0.4901273573735992,0.4901273573735992,0,18.63268731663342,0.03707532799177171,123
4605.39857442,58.429999999954525,1,1,7.800714434457621,13.995818898885446,0.10000000000000002,0.6,0.49663266603672324,0.49663266603672324,0,18.709719174965176,0.038355094893015806,123
4605.410793521,58.4399999999545,1,1,8.516523940713306,14.14114380413394,0.1,0.6,0.5042319597367384,0.5042319597367384,0,18.790118588999295,0.039584500519181276,126
4605.418057453,58.44999999995448,1,1,9.223114850888974,14.28259625092171,0.1,0.6,0.5116108224080947,0.5116108224080947,0,18.8738567860496,0.04076697484677583,135
4605.427716825,58.459999999954455,1,1,9.912712855367568,14.420892783812569,0.1,0.6,0.5184376425826756,0.5184376425826756,0,18.960903237352362,0.041901420607410866,141
4605.437722156,58.46999999995443,1,1,10.580173280577005,14.556157360483176,0.09999999999999999,0.6,0.5248099927645324,0.5248099927645324,0,19.051227515114334,0.04299281989169801,142
4605.448477077,58.47999999995441,1,1,11.198081314875289,14.68902281671174,0.1,0.6,0.5320815065661695,0.5320815065661695,0,19.144810496161906,0.044045356455520324,6
4605.457841472,58.489999999954385,1,1,11.790559808207453,14.82031579439963,0.1,0.6,0.5390132218813117,0.5390132218813117,0,19.24164871840646,0.045064990415415895,9
4605.467969275,58.49999999995436,1,1,12.353571571662167,14.95035401928319,0.1,0.6,0.5456937269213605,0.5456937269213605,0,19.34174417118124,0.04605219151254003,11
4605.483236963,58.50999999995434,1,1,12.879286923314929,15.079606342622752,0.1,0.6,0.5505186086936544,0.5505186086936544,0,19.445099595462082,0.046999813364104526,13
4605.493010201,58.519999999954315,1,1,13.155861531565387,15.208976748425306,0.1,0.6,0.554466965924993,0.554466965924993,0,19.551688309167208,0.04789757249674009,13
4605.50293367,58.52999999995429,1,1,12.923720069882128,15.338885244820519,0.0796013321901085,0.6,0.5563181636256136,0.5563181636256136,0,19.66146109291398,0.04873651486382613,14
4605.513027341,58.53999999995427,1,1,12.733201801545325,15.469556362312224,0.08970434978589048,0.6,0.5583389079675373,0.5583389079675373,0,19.77434880482464,0.049514015437964964,18
4605.522919239,58.549999999954245,1,1,12.405161339985012,15.601039977696388,0.1,0.5999999999999999,0.5601879831704508,0.5601879831704508,0,19.89028846861818,0.0502353811003764,18
4605.53290593,58.55999999995422,1,1,12.123301659777054,15.732924617873424,0.1,0.6,0.5609704550874037,0.5609704550874037,0,20.009229019090753,0.050896712851954184,18
4605.543031989,58.5699999999542,1,1,11.959521344849053,15.864727598100414,0.0,0.6000000000000001,0.5618136889596291,0.5618136889596291,0,20.13114595653395,0.051499769448987376,18
4605.553176762,58.579999999954175,1,1,11.857349925992295,15.996532300053747,0.1,0.5999999999999999,0.5620762854411401,0.5620762854411401,0,20.255991224933645,0.05204627615730262,23
4605.563483975,58.58999999995415,1,1,11.837392465212492,16.12883099211182,0.1,0.5999999999999999,0.5633189984497011,0.5633189984497011,0,20.38365717197455,0.05254948557314387,24
4605.573084372,58.59999999995413,1,1,11.629423963350698,16.26187702415437,0.1,0.6000000000000001,0.5636852774440305,0.5636852774440305,0,20.514098162455845,0.0530157838352836,25
4605.583250971,58.609999999954105,1,1,11.188869132797668,16.395877315494797,0.0,0.6,0.563154875359153,0.563154875359153,0,20.647277822570004,0.05344365001727658,30
4605.593106861,58.61999999995408,1,1,10.816960633705012,16.530910351757065,0.1,0.5999999999999999,0.5620421390747599,0.5620421390747599,0,20.783150270901952,0.05381769853472873,32
4605.603630429,58.62999999995406,1,1,10.070868299324275,16.66709115805298,0.06391095732654606,0.6,0.5604882664754374,0.5604882664754374,0,20.921645485313388,0.05414798631832518,33
4605.615363376,58.639999999954036,1,1,9.424302049765062,16.804402038662055,0.0,0.6,0.5585933826979517,0.5585933826979517,0,21.06269493739961,0.054423288460260455,37
4605.623269095,58.64999999995401,1,1,8.45556787152939,16.94269901561421,0.04875982923030728,0.6,0.5538978558781469,0.5538978558781469,0,21.206215105320975,0.05463668950717837,41
4605.632902236,58.65999999995399,1,1,7.47771752885887,17.081694430866683,0.041148653286448685,0.6,0.5488143445419618,0.5488143445419618,0,21.352089646973,0.05478366132929624,41
4605.642898354,58.669999999953966,1,1,6.433728745122842,17.221184638987015,0.1,0.6,0.5432460129653973,0.5432460129653973,0,21.50019610832523,0.05486867802558715,41
4605.6532941,58.67999999995394,1,1,5.460639074367293,17.360807797521105,0.1,0.6,0.5372523321308644,0.5372523321308644,0,21.65041460941419,0.05488839323511874,46
4605.663910458,58.68999999995392,1,1,4.574283530686139,17.50028849276581,0.0,0.6,0.5320291956352301,0.5320291956352301,0,21.802625858797423,0.054857468354503336,52
4605.673518833,58.699999999953896,1,1,3.781014171018094,17.639462034082147,0.1,0.6,0.5277614786700072,0.5277614786700072,0,21.95673472125292,0.054780545789230306,56
4605.684672225,58.70999999995387,1,1,3.688045566532573,17.778279287029576,0.0629509762741351,0.6,0.5308690798861729,0.5308690798861729,0,22.11268468567556,0.05471631146203748,61
4605.693406529,58.71999999995385,1,1,3.6714905191297715,17.916472648131837,0.1,0.5999999999999999,0.531253523949911,0.531253523949911,0,22.270567094158945,0.054670023080071406,65
4605.703343598,58.729999999953826,1,1,3.8443803527493503,18.054007692802877,0.1,0.6000000000000001,0.5315992260948219,0.5315992260948219,0,22.43042662448661,0.054623190918447584,66
4605.712849955,58.7399999999538,1,1,3.7622842041564972,18.191057485056866,0.10000000000000003,0.6,0.5273684279602542,0.5273684279602542,0,22.592288842093563,0.05456496195349958,66
4605.723171155,58.74999999995378,1,1,4.126948183693351,18.32790130670764,0.05703705465275138,0.6,0.5270451958252805,0.5270451958252805,0,22.75613501092518,0.054502959217327174,73
4605.73339454,58.759999999953756,1,1,4.562779184349423,18.464604964864776,0.1,0.6,0.5254340475267696,0.5254340475267696,0,22.921981755812286,0.054429057265649394,74
4605.743208927,58.76999999995373,1,1,5.133340453813986,18.60117644802573,0.09999999999999999,0.6,0.5246928114291576,0.5246928114291576,0,23.089836731487583,0.05434738206945111,76
4605.75401622,58.77999999995371,1,1,5.4853211755443,18.737343150516587,0.1,0.6,0.5220066358708811,0.5220066358708811,0,23.25971955602314,0.05425307001717927,83
4605.76282944,58.789999999953686,1,1,5.860270857453378,18.872770736339238,0.10000000000000002,0.6,0.5199687270230535,0.5199687270230535,0,23.431627592507393,0.05415431536570736,84
4605.772991218,58.79999999995366,1,1,6.156810727256292,19.00726671214871,0.09999999999999999,0.6,0.5163197926521959,0.5163197926521959,0,23.605583810015858,0.05403283696522143,85
4605.783869594,58.80999999995364,1,1,6.451775747114534,19.140837662177567,0.04471519891060926,0.6,0.5141021600459297,0.5141021600459297,0,23.78156676130594,0.0538961550299728,88
4605.793775294,58.819999999953616,1,1,6.470695890772375,19.273482639992814,0.1,0.6,0.5115709304861729,0.5115709304861729,0,23.959588075574597,0.05374885116535788,91
4605.803402187,58.82999999995359,1,1,6.480926239568251,19.405221977664876,0.0,0.6,0.5094703637958624,0.5094703637958624,0,24.13966844769438,0.05359532740263129,98
4605.81338275,58.83999999995357,1,1,6.529476062724722,19.536093827920645,0.0,0.6,0.506354502639178,0.506354502639178,0,24.321844812520858,0.05343157354667616,102
4605.827302409,58.849999999953546,1,1,6.361509896909443,19.666175813298217,0.1,0.6,0.5033446140121767,0.5033446140121767,0,24.506138450434385,0.05325850410978861,112
4605.835014042,58.85999999995352,1,1,6.342053053119642,19.795554381093623,0.1,0.5999999999999999,0.5032849026366685,0.5032849026366685,0,24.692568332564694,0.0530784031384024,122
4605.843554188,58.8699999999535,1,1,6.22295363895208,19.924311646228276,0.1,0.6,0.501078536456862,0.501078536456862,0,24.881196865851226,0.05290172663179282,129
4605.854748371,58.879999999953476,1,1,6.193309012943495,20.052540015235635,0.0,0.6000000000000001,0.5014834587897624,0.5014834587897624,0,25.072100171837757,0.052741475850730524,136
4605.863461871,58.88999999995345,1,1,5.8579365701281985,20.18032786754211,0.0,0.6,0.5014084375206214,0.5014084375206214,0,25.26539976647326,0.05260027259479694,141
4605.873606806,58.89999999995343,1,1,5.64109255085481,20.30779831171753,0.10000000000000002,0.6,0.49951156609528485,0.49951156609528485,0,25.46120092733104,0.052458029359690794,144
4605.884987515,58.909999999953406,1,1,5.47856021939132,20.43509118935791,0.09999999999999999,0.6,0.4986445539431299,0.4986445539431299,0,25.659560895238954,0.05232178020712697,148
4605.894014585,58.91999999995338,1,1,5.36444467375139,20.562287938475777,0.1,0.6,0.4988400362154993,0.4988400362154993,0,25.860566382904278,0.05219452181868567,153
4605.903402521,58.92999999995336,1,1,5.05610239884196,20.689455735376512,0.10000000000000002,0.6,0.49772316799711525,0.49772316799711525,0,26.06432609828585,0.052076179238479625,157
4605.91332134,58.939999999953336,1,1,4.851908080193837,20.816675113505326,0.0,0.5999999999999999,0.4979856494410462,0.4979856494410462,0,26.270911681155944,0.05196305264715928,159
4605.923457077,58.94999999995331,1,1,4.463946637968707,20.94401949129087,0.10000000000000002,0.6000000000000001,0.4949009724808785,0.4949009724808785,0,26.48041764244389,0.051849826355412354,163
4605.932976407,58.95999999995329,1,1,4.099419419360934,21.071587313354073,0.10000000000000002,0.6,0.4924963822622381,0.4924963822622381,0,26.69285220345047,0.05170877323274636,165
4605.943280126,58.96999999995327,1,1,3.783575949087007,21.19941842096469,0.10000000000000002,0.6,0.49005315702218905,0.49005315702218905,0,26.908218336059342,0.051573233067694346,166
4605.954476102,58.97999999995324,1,1,3.385176892384019,21.327552081983708,0.09999999999999999,0.6,0.4877365512189093,0.4877365512189093,0,27.126546244890083,0.051416274711352905,169
4605.963695265,58.98999999995322,1,1,2.830623155792032,21.456012351448866,0.0,0.6000000000000001,0.4831678925870241,0.4831678925870241,0,27.34783674974649,0.05124822846386756,173
4605.973557441,58.9999999999532,1,1,2.4663020971626883,21.584884975461453,0.0,0.6,0.48095226179366346,0.48095226179366346,0,27.572055073507723,0.05106503018366437,175
4605.983845434,59.00999999995317,1,1,2.052047152641011,21.71412663464977,0.0,0.6000000000000001,0.47645201283394983,0.47645201283394983,0,27.799184551886345,0.050856571838668874,177
4605.993762064,59.01999999995315,1,1,1.7096337690955379,21.84361973814331,0.0,0.6,0.4688479643291942,0.4688479643291942,0,28.029150858993944,0.050604748303480385,183
4606.003443018,59.02999999995313,1,1,1.3138446976575724,21.973373605232716,0.10000000000000002,0.6,0.4651314010944042,0.4651314010944042,0,28.26180258737846,0.05032878979280664,186
4606.013660154,59.0399999999531,1,1,1.5489449912677642,22.103251989061302,0.009013025173760871,0.6,0.45611804123140887,0.45611804123140887,0,28.497071330848392,0.05001947404718887,189
4606.023039484,59.04999999995308,1,1,1.6851235746890842,22.23322741011688,0.0,0.6,0.45050174650601504,0.45050174650601504,0,28.734796987835274,0.04967768833023367,193
4606.033664107,59.05999999995306,1,1,2.1190784421698803,22.363188726671122,0.005795301768855562,0.6,0.4437269271996538,0.4437269271996538,0,28.974837774574997,0.04930982671843731,195
4606.043588843,59.06999999995303,1,1,2.4075727077292157,22.49299077466218,0.0,0.5999999999999999,0.43942169041889967,0.43942169041889967,0,29.217043329786662,0.04890885133642886,198
4606.055906406,59.07999999995301,1,1,3.038373701026638,22.622460818304106,0.1,0.5999999999999999,0.43119037218059403,0.43119037218059403,0,29.46130494188868,0.04848262757520638,202
4606.063993071,59.08999999995299,1,1,3.5802933153557293,22.75147522287116,0.004433112249906852,0.6,0.4241209931497124,0.4241209931497124,0,29.707470173171636,0.04803721010676387,208
4606.073483673,59.09999999995296,1,1,4.210381436189473,22.879890239238506,0.0,0.6000000000000001,0.4166671983085314,0.4166671983085314,0,29.95541299764692,0.04755908175457879,212
4606.083481559,59.10999999995294,1,1,4.4936195543646615,23.007553812119102,0.09999999999999999,0.6,0.412912827553485,0.412912827553485,0,30.20499621366825,0.04708599474049757,215
4606.09294802,59.11999999995292,0,1,0.0,0.0,0.0,0.0,0.0,0.0,0,0.0,0.04381577759184463,219
4606.102812599,59.129999999952894,0,1,0.0,0.0,0.0,0.0,0.0,0.0,0,0.0,0.03971335791502906,219
4606.113760368,59.13999999995287,0,1,0.0,0.0,0.0,0.0,0.0,0.0,0,0.0,0.03600442206478194,221
4606.124299468,59.14999999995285,0,1,0.0,0.0,0.0,0.0,0.0,0.0,0,0.0,0.0326511926036388,224
4606.132671669,59.159999999952824,0,1,0.0,0.0,0.0,0.0,0.0,0.0,0,0.0,0.02961954634213848,228
4606.143521484,59.1699999999528,0,1,0.0,0.0,0.0,0.0,0.0,0.0,0,0.0,0.02687864118028882,229
4606.153345595,59.17999999995278,0,1,0.0,0.0,0.0,0.0,0.0,0.0,0,0.0,0.024400594922345586,232
4606.168192858,59.189999999952754,0,1,0.0,0.0,0.0,0.0,0.0,0.0,0,0.0,0.0221601997029528,233
4606.177919424,59.19999999995273,0,1,0.0,0.0,0.0,0.0,0.0,0.0,0,0.0,0.020134665085686176,233
4606.188026797,59.20999999995271,0,1,0.0,0.0,0.0,0.0,0.0,0.0,0,0.0,0.018303386138140976,233
4606.198008196,59.219999999952684,0,1,0.0,0.0,0.0,0.0,0.0,0.0,0,0.0,0.016647733835700063,237
4606.208116269,59.22999999995266,0,1,0.0,0.0,0.0,0.0,0.0,0.0,0,0.0,0.015150865585808582,238
4606.218264969,59.23999999995264,0,1,0.0,0.0,0.0,0.0,0.0,0.0,0,0.0,0.013797553925850359,238
4606.227903376,59.249999999952614,0,1,0.0,0.0,0.0,0.0,0.0,0.0,0,0.0,0.012574031647559547,243
4606.237983161,59.25999999995259,0,1,0.0,0.0,0.0,0.0,0.0,0.0,0,0.0,0.011467851771848725,243
4606.248014846,59.26999999995257,0,1,0.0,0.0,0.0,0.0,0.0,0.0,0,0.0,0.010467760949960603,243
4606.259558034,59.279999999952544,0,1,0.0,0.0,0.0,0.0,0.0,0.0,0,0.0,0.00956357912177852,245
4606.267905666,59.28999999995252,0,1,0.0,0.0,0.0,0.0,0.0,0.0,0,0.0,0.008746093563118063,246
4606.278010907,59.2999999999525,0,1,0.0,0.0,0.0,0.0,0.0,0.0,0,0.0,0.008007002100249405,246
4606.287911297,59.309999999952474,0,1,0.0,0.0,0.0,0.0,0.0,0.0,0,0.0,0.007338795198572612,246
4606.297969225,59.31999999995245,0,1,0.0,0.0,0.0,0.0,0.0,0.0,0,0.0,0.006734677895908092,249
4606.307930671,59.32999999995243,0,1,0.0,0.0,0.0,0.0,0.0,0.0,0,0.0,0.006588488190949926,249
4606.317951199,59.339999999952404,0,1,0.0,0.0,0.0,0.0,0.0,0.0,0,0.0,0.006597554513021103,249
4606.327936496,59.34999999995238,0,1,0.0,0.0,0.0,0.0,0.0,0.0,0,0.0,0.006606270328411767,251
4606.337980811,59.35999999995236,0,1,0.0,0.0,0.0,0.0,0.0,0.0,0,0.0,0.006614660286598323,251
4606.347940089,59.369999999952334,0,1,0.0,0.0,0.0,0.0,0.0,0.0,0,0.0,0.006622741273955346,251
4606.357925501,59.37999999995231,0,1,0.0,0.0,0.0,0.0,0.0,0.0,0,0.0,0.006630526130592479,251
4606.367944418,59.38999999995229,0,1,0.0,0.0,0.0,0.0,0.0,0.0,0,0.0,0.0066380281931912866,254
4606.37812627,59.399999999952264,0,1,0.0,0.0,0.0,0.0,0.0,0.0,0,0.0,0.006645261630398164,254
4606.3880786,59.40999999995224,0,1,0.0,0.0,0.0,0.0,0.0,0.0,0,0.0,0.006652240075536497,254
4606.398131035,59.41999999995222,0,1,0.0,0.0,0.0,0.0,0.0,0.0,0,0.0,0.00665897630159315,258
4606.408119015,59.429999999952194,0,1,0.0,0.0,0.0,0.0,0.0,0.0,0,0.0,0.006665493003515488,258
4606.417979383,59.43999999995217,0,1,0.0,0.0,0.0,0.0,0.0,0.0,0,0.0,0.0066718384391519225,258
4606.429374017,59.44999999995215,0,1,0.0,0.0,0.0,0.0,0.0,0.0,0,0.0,0.006678009498496618,260
4606.437922927,59.459999999952124,0,1,0.0,0.0,0.0,0.0,0.0,0.0,0,0.0,0.0066839905696270685,261
4606.447916167,59.4699999999521,0,1,0.0,0.0,0.0,0.0,0.0,0.0,0,0.0,0.006689775108071727,0
4606.457924539,59.47999999995208,0,1,0.0,0.0,0.0,0.0,0.0,0.0,0,0.0,0.006695364571902784,0
4606.467933375,59.489999999952055,0,1,0.0,0.0,0.0,0.0,0.0,0.0,0,0.0,0.006700764745042609,3
4606.477949284,59.49999999995203,0,1,0.0,0.0,0.0,0.0,0.0,0.0,0,0.0,0.006705983227730972,3
4606.487904909,59.50999999995201,0,1,0.0,0.0,0.0,0.0,0.0,0.0,0,0.0,0.0067110281257660165,3
4606.497974507,59.519999999951985,0,1,0.0,0.0,0.0,0.0,0.0,0.0,0,0.0,0.006715907434595825,5
4606.507912108,59.52999999995196,0,1,0.0,0.0,0.0,0.0,0.0,0.0,0,0.0,0.00672062878510718,5
4606.517924932,59.53999999995194,0,1,0.0,0.0,0.0,0.0,0.0,0.0,0,0.0,0.006725199359352729,5
4606.528140278,59.549999999951915,0,1,0.0,0.0,0.0,0.0,0.0,0.0,0,0.0,0.006729619894547206,5
4606.538228123,59.55999999995189,0,1,0.0,0.0,0.0,0.0,0.0,0.0,0,0.0,0.006733884178845795,8
4606.548091086,59.56999999995187,0,1,0.0,0.0,0.0,0.0,0.0,0.0,0,0.0,0.006738005111058126,8
4606.557906294,59.579999999951845,0,1,0.0,0.0,0.0,0.0,0.0,0.0,0,0.0,0.006741997398382105,8
4606.568178592,59.58999999995182,0,1,0.0,0.0,0.0,0.0,0.0,0.0,0,0.0,0.006745871620412014,11
4606.577957435,59.5999999999518,0,1,0.0,0.0,0.0,0.0,0.0,0.0,0,0.0,0.006749634941286858,11
4606.58794728,59.609999999951775,0,1,0.0,0.0,0.0,0.0,0.0,0.0,0,0.0,0.00675329248490994,11
4606.599032814,59.61999999995175,0,1,0.0,0.0,0.0,0.0,0.0,0.0,0,0.0,0.006756848273744925,13
4606.607917097,59.62999999995173,0,1,0.0,0.0,0.0,0.0,0.0,0.0,0,0.0,0.006760305745033668,14
4606.617931264,59.639999999951705,0,1,0.0,0.0,0.0,0.0,0.0,0.0,0,0.0,0.006763668009739571,14
4606.628020414,59.64999999995168,0,1,0.0,0.0,0.0,0.0,0.0,0.0,0,0.0,0.006766937976915827,14
4606.637958448,59.65999999995166,0,1,0.0,0.0,0.0,0.0,0.0,0.0,0,0.0,0.00677011841274025,17
4606.647931917,59.669999999951635,0,1,0.0,0.0,0.0,0.0,0.0,0.0,0,0.0,0.006773211969148651,17
4606.65803169,59.67999999995161,0,1,0.0,0.0,0.0,0.0,0.0,0.0,0,0.0,0.006776221198656424,17
4606.667982407,59.68999999995159,0,1,0.0,0.0,0.0,0.0,0.0,0.0,0,0.0,0.006779148562963133,19
4606.677948897,59.699999999951565,0,1,0.0,0.0,0.0,0.0,0.0,0.0,0,0.0,0.006781996438734034,19
4606.687935613,59.70999999995154,0,1,0.0,0.0,0.0,0.0,0.0,0.0,0,0.0,0.006784767122052754,19
4606.698031516,59.71999999995152,0,1,0.0,0.0,0.0,0.0,0.0,0.0,0,0.0,0.006787462832198277,19
4606.707957867,59.729999999951495,0,1,0.0,0.0,0.0,0.0,0.0,0.0,0,0.0,0.006790085715033617,22
4606.717940588,59.73999999995147,0,1,0.0,0.0,0.0,0.0,0.0,0.0,0,0.0,0.006792637846133209,22
4606.727933214,59.74999999995145,0,1,0.0,0.0,0.0,0.0,0.0,0.0,0,0.0,0.006795121233710538,22
4606.737959574,59.759999999951425,0,1,0.0,0.0,0.0,0.0,0.0,0.0,0,0.0,0.006797537821375876,25
4606.747896075,59.7699999999514,0,1,0.0,0.0,0.0,0.0,0.0,0.0,0,0.0,0.006799889490743644,25
4606.757883865,59.77999999995138,0,1,0.0,0.0,0.0,0.0,0.0,0.0,0,0.0,0.006802178063901293,25
4606.769080964,59.789999999951355,0,1,0.0,0.0,0.0,0.0,0.0,0.0,0,0.0,0.0068044053057497444,27
4606.777934006,59.79999999995133,0,1,0.0,0.0,0.0,0.0,0.0,0.0,0,0.0,0.006806572926224164,28
4606.788043123,59.80999999995131,0,1,0.0,0.0,0.0,0.0,0.0,0.0,0,0.0,0.006808682582402581,28
4606.797985823,59.819999999951285,0,1,0.0,0.0,0.0,0.0,0.0,0.0,0,0.0,0.006810735880509067,28
4606.807934302,59.82999999995126,0,1,0.0,0.0,0.0,0.0,0.0,0.0,0,0.0,0.006812734377818486,30
4606.81791937,59.83999999995124,0,1,0.0,0.0,0.0,0.0,0.0,0.0,0,0.0,0.006814679584468186,30
4606.827927303,59.849999999951216,0,1,0.0,0.0,0.0,0.0,0.0,0.0,0,0.0,0.006816572965182455,30
4606.838025581,59.85999999995119,0,1,0.0,0.0,0.0,0.0,0.0,0.0,0,0.0,0.0068184159409151734,33
4606.847965802,59.86999999995117,0,1,0.0,0.0,0.0,0.0,0.0,0.0,0,0.0,0.006820209890415346,33
4606.857961392,59.879999999951146,0,1,0.0,0.0,0.0,0.0,0.0,0.0,0,0.0,0.00682195615171971,33
4606.867904831,59.88999999995112,0,1,0.0,0.0,0.0,0.0,0.0,0.0,0,0.0,0.0068236560235770405,33
4606.877980339,59.8999999999511,0,1,0.0,0.0,0.0,0.0,0.0,0.0,0,0.0,0.006825310766808423,36
4606.887918487,59.909999999951076,0,1,0.0,0.0,0.0,0.0,0.0,0.0,0,0.0,0.006826921605606162,36
4606.897972361,59.91999999995105,0,1,0.0,0.0,0.0,0.0,0.0,0.0,0,0.0,0.006828489728775894,36
4606.907995775,59.92999999995103,0,1,0.0,0.0,0.0,0.0,0.0,0.0,0,0.0,0.006830016290924501,39
4606.917915548,59.939999999951006,0,1,0.0,0.0,0.0,0.0,0.0,0.0,0,0.0,0.006831502413596674,39
4606.927932184,59.94999999995098,0,1,0.0,0.0,0.0,0.0,0.0,0.0,0,0.0,0.006832949186363679,39
4606.939787214,59.95999999995096,0,1,0.0,0.0,0.0,0.0,0.0,0.0,0,0.0,0.006834357667866414,41
4606.947922592,59.969999999950936,0,1,0.0,0.0,0.0,0.0,0.0,0.0,0,0.0,0.006835728886815079,43
4606.957931939,59.97999999995091,0,1,0.0,0.0,0.0,0.0,0.0,0.0,0,0.0,0.006837063842948438,43
4606.967988019,59.98999999995089,0,1,0.0,0.0,0.0,0.0,0.0,0.0,0,0.0,0.006838363507954082,43
4606.977975168,59.999999999950866,0,1,0.0,0.0,0.0,0.0,0.0,0.0,0,0.0,0.00683962882635239,46
4606.987935881,60.00999999995084,0,1,0.0,0.0,0.0,0.0,0.0,0.0,0,0.0,0.0068408607163453206,46
4606.997948031,60.01999999995082,0,1,0.0,0.0,0.0,0.0,0.0,0.0,0,0.0,0.0068420600706327606,46
4607.007904333,60.029999999950796,0,1,0.0,0.0,0.0,0.0,0.0,0.0,0,0.0,0.006843227757197395,49
4607.017967923,60.03999999995077,0,1,0.0,0.0,0.0,0.0,0.0,0.0,0,0.0,0.0068443646200598285,49
4607.027958354,60.04999999995075,0,1,0.0,0.0,0.0,0.0,0.0,0.0,0,0.0,0.006845471480005416,49
4607.037903834,60.059999999950726,0,1,0.0,0.0,0.0,0.0,0.0,0.0,0,0.0,0.006846549135284624,49
4607.047919281,60.0699999999507,0,1,0.0,0.0,0.0,0.0,0.0,0.0,0,0.0,0.006847598362287127,53
4607.057911604,60.07999999995068,0,1,0.0,0.0,0.0,0.0,0.0,0.0,0,0.0,0.006848619916192483,53
4607.067898574,60.089999999950656,0,1,0.0,0.0,0.0,0.0,0.0,0.0,0,0.0,0.006849614531596632,53
4607.077947365,60.09999999995063,0,1,0.0,0.0,0.0,0.0,0.0,0.0,0,0.0,0.006850582923117382,56
4607.087921829,60.10999999995061,0,1,0.0,0.0,0.0,0.0,0.0,0.0,0,0.0,0.0068515257859777245,56
4607.097889875,60.119999999950586,0,1,0.0,0.0,0.0,0.0,0.0,0.0,0,0.0,0.006852443796569713,56
4607.109359033,60.12999999995056,0,1,0.0,0.0,0.0,0.0,0.0,0.0,0,0.0,0.006853337612998972,58
4607.117925233,60.13999999995054,0,1,0.0,0.0,0.0,0.0,0.0,0.0,0,0.0,0.006854207875610585,59
4607.128261939,60.149999999950516,0,1,0.0,0.0,0.0,0.0,0.0,0.0,0,0.0,0.0068550552074976845,59
4607.137913661,60.15999999995049,0,1,0.0,0.0,0.0,0.0,0.0,0.0,0,0.0,0.006855880214992921,59
4607.147917048,60.16999999995047,0,1,0.0,0.0,0.0,0.0,0.0,0.0,0,0.0,0.0068566834881442495,62
4607.157971039,60.17999999995045,0,1,0.0,0.0,0.0,0.0,0.0,0.0,0,0.0,0.006857465601174811,62
4607.167963161,60.18999999995042,0,1,0.0,0.0,0.0,0.0,0.0,0.0,0,0.0,0.006858227112928494,62
4607.178045775,60.1999999999504,0,1,0.0,0.0,0.0,0.0,0.0,0.0,0,0.0,0.0068589685673004774,66
4607.188193915,60.20999999995038,0,1,0.0,0.0,0.0,0.0,0.0,0.0,0,0.0,0.006859690493655313,66
4607.197956863,60.21999999995035,0,1,0.0,0.0,0.0,0.0,0.0,0.0,0,0.0,0.006860393407230825,66
4607.20793967,60.22999999995033,0,1,0.0,0.0,0.0,0.0,0.0,0.0,0,0.0,0.00686107780953038,66
4607.217984405,60.23999999995031,0,1,0.0,0.0,0.0,0.0,0.0,0.0,0,0.0,0.0068617441887021124,69
4607.227928648,60.24999999995028,0,1,0.0,0.0,0.0,0.0,0.0,0.0,0,0.0,0.006862393019907459,69
4607.23885409,60.25999999995026,0,1,0.0,0.0,0.0,0.0,0.0,0.0,0,0.0,0.006863024765677794,69
4607.248986438,60.26999999995024,0,1,0.0,0.0,0.0,0.0,0.0,0.0,0,0.0,0.00686363987626068,76
4607.259166571,60.27999999995021,0,1,0.0,0.0,0.0,0.0,0.0,0.0,0,0.0,0.006864238789955873,77
4607.268086252,60.28999999995019,0,1,0.0,0.0,0.0,0.0,0.0,0.0,0,0.0,0.0068648219334406235,78
4607.280061659,60.29999999995017,0,1,0.0,0.0,0.0,0.0,0.0,0.0,0,0.0,0.006865389722086196,80
4607.287951378,60.30999999995014,0,1,0.0,0.0,0.0,0.0,0.0,0.0,0,0.0,0.006865942560264737,82
4607.297972026,60.31999999995012,0,1,0.0,0.0,0.0,0.0,0.0,0.0,0,0.0,0.00686648084164701,82
4607.30793767,60.3299999999501,0,1,0.0,0.0,0.0,0.0,0.0,0.0,0,0.0,0.006867004949491717,82
4607.317903638,60.339999999950074,0,1,0.0,0.0,0.0,0.0,0.0,0.0,0,0.0,0.0068675152569263875,85
4607.3279159,60.34999999995005,0,1,0.0,0.0,0.0,0.0,0.0,0.0,0,0.0,0.0068680121272202965,85
4607.337911534,60.35999999995003,0,1,0.0,0.0,0.0,0.0,0.0,0.0,0,0.0,0.006868495914049255,85
4607.347901882,60.369999999950004,0,1,0.0,0.0,0.0,0.0,0.0,0.0,0,0.0,0.006868966961753209,88
4607.357951752,60.37999999994998,0,1,0.0,0.0,0.0,0.0,0.0,0.0,0,0.0,0.006869425605586427,88
4607.368018885,60.38999999994996,0,1,0.0,0.0,0.0,0.0,0.0,0.0,0,0.0,0.0068698721719606115,88
4607.377896086,60.399999999949934,0,1,0.0,0.0,0.0,0.0,0.0,0.0,0,0.0,0.006870306978681129,88
4607.387907174,60.40999999994991,0,1,0.0,0.0,0.0,0.0,0.0,0.0,0,0.0,0.006870730335176739,91
4607.397887741,60.41999999994989,0,1,0.0,0.0,0.0,0.0,0.0,0.0,0,0.0,0.006871142542722891,91
4607.407883963,60.429999999949864,0,1,0.0,0.0,0.0,0.0,0.0,0.0,0,0.0,0.006871543894658688,91
4607.417936265,60.43999999994984,0,1,0.0,0.0,0.0,0.0,0.0,0.0,0,0.0,0.006871934676598052,94
4607.427957628,60.44999999994982,0,1,0.0,0.0,0.0,0.0,0.0,0.0,0,0.0,0.006872315166635029,94
4607.43789849,60.459999999949794,0,1,0.0,0.0,0.0,0.0,0.0,0.0,0,0.0,0.006872685635543191,94
4607.451232144,60.46999999994977,0,1,0.0,0.0,0.0,0.0,0.0,0.0,0,0.0,0.006873046346969891,2
4607.45795052,60.47999999994975,0,1,0.0,0.0,0.0,0.0,0.0,0.0,0,0.0,0.006873397557625144,5
4607.46810635,60.489999999949724,0,1,0.0,0.0,0.0,0.0,0.0,0.0,0,0.0,0.006873739517465199,5
4607.47804686,60.4999999999497,0,1,0.0,0.0,0.0,0.0,0.0,0.0,0,0.0,0.006874072469871206,5
4607.488162458,60.50999999994968,0,1,0.0,0.0,0.0,0.0,0.0,0.0,0,0.0,0.006874396651823211,8
4607.49797897,60.519999999949654,0,1,0.0,0.0,0.0,0.0,0.0,0.0,0,0.0,0.0068747122940691074,8
4607.508057469,60.52999999994963,0,1,0.0,0.0,0.0,0.0,0.0,0.0,0,0.0,0.006875019621289141,8
4607.517876524,60.53999999994961,0,1,0.0,0.0,0.0,0.0,0.0,0.0,0,0.0,0.00687531885225634,11
4607.528096256,60.549999999949584,0,1,0.0,0.0,0.0,0.0,0.0,0.0,0,0.0,0.006875610199991972,11
4607.538123527,60.55999999994956,0,1,0.0,0.0,0.0,0.0,0.0,0.0,0,0.0,0.006875893871917477,11
4607.548120452,60.56999999994954,0,1,0.0,0.0,0.0,0.0,0.0,0.0,0,0.0,0.006876170070001825,11
4607.558082615,60.579999999949514,0,1,0.0,0.0,0.0,0.0,0.0,0.0,0,0.0,0.0068764389909052315,14
4607.567892584,60.58999999994949,0,1,0.0,0.0,0.0,0.0,0.0,0.0,0,0.0,0.006876700826118909,14
4607.577905413,60.59999999994947,0,1,0.0,0.0,0.0,0.0,0.0,0.0,0,0.0,0.006876955762101206,14
4607.587945394,60.609999999949444,0,1,0.0,0.0,0.0,0.0,0.0,0.0,0,0.0,0.006877203980409974,17
4607.597905923,60.61999999994942,0,1,0.0,0.0,0.0,0.0,0.0,0.0,0,0.0,0.006877445657831355,17
4607.607956055,60.6299999999494,0,1,0.0,0.0,0.0,0.0,0.0,0.0,0,0.0,0.006877680966505401,17
4607.618793836,60.639999999949374,0,1,0.0,0.0,0.0,0.0,0.0,0.0,0,0.0,0.00687791007404831,19
4607.627864111,60.64999999994935,0,1,0.0,0.0,0.0,0.0,0.0,0.0,0,0.0,0.006878133143671139,20
4607.637877866,60.65999999994933,0,1,0.0,0.0,0.0,0.0,0.0,0.0,0,0.0,0.00687835033429568,20
4607.647867483,60.669999999949304,0,1,0.0,0.0,0.0,0.0,0.0,0.0,0,0.0,0.006878561800667038,20
4607.657956297,60.67999999994928,0,1,0.0,0.0,0.0,0.0,0.0,0.0,0,0.0,0.0068787676934635444,22
4607.668101949,60.68999999994926,0,1,0.0,0.0,0.0,0.0,0.0,0.0,0,0.0,0.0068789681594033925,22
4607.678163459,60.699999999949235,0,1,0.0,0.0,0.0,0.0,0.0,0.0,0,0.0,0.006879163341348776,22
4607.688178817,60.70999999994921,0,1,0.0,0.0,0.0,0.0,0.0,0.0,0,0.0,0.00687935337840706,25
4607.697999819,60.71999999994919,0,1,0.0,0.0,0.0,0.0,0.0,0.0,0,0.0,0.00687953840602934,25
4607.707867767,60.729999999949165,0,1,0.0,0.0,0.0,0.0,0.0,0.0,0,0.0,0.006879718556106501,25
4607.717914172,60.73999999994914,0,1,0.0,0.0,0.0,0.0,0.0,0.0,0,0.0,0.006879893957062594,25
4607.727936369,60.74999999994912,0,1,0.0,0.0,0.0,0.0,0.0,0.0,0,0.0,0.006880064733945951,28
4607.737895177,60.759999999949095,0,1,0.0,0.0,0.0,0.0,0.0,0.0,0,0.0,0.006880231008517673,28
4607.747935731,60.76999999994907,0,1,0.0,0.0,0.0,0.0,0.0,0.0,0,0.0,0.006880392899338089,28
4607.757867712,60.77999999994905,0,1,0.0,0.0,0.0,0.0,0.0,0.0,0,0.0,0.00688055052185052,32
4607.76796135,60.789999999949025,0,1,0.0,0.0,0.0,0.0,0.0,0.0,0,0.0,0.006880703988463216,32
4607.778159014,60.799999999949,0,1,0.0,0.0,0.0,0.0,0.0,0.0,0,0.0,0.006880853408628984,32
4607.789350283,60.80999999994898,0,1,0.0,0.0,0.0,0.0,0.0,0.0,0,0.0,0.006880998888922851,34
4607.79793225,60.819999999948955,0,1,0.0,0.0,0.0,0.0,0.0,0.0,0,0.0,0.006881140533117364,35
4607.807917123,60.82999999994893,0,1,0.0,0.0,0.0,0.0,0.0,0.0,0,0.0,0.006881278442256389,35
4607.817906827,60.83999999994891,0,1,0.0,0.0,0.0,0.0,0.0,0.0,0,0.0,0.006881412714726615,35
4607.828108764,60.849999999948885,0,1,0.0,0.0,0.0,0.0,0.0,0.0,0,0.0,0.006881543446327187,39
4607.838133077,60.85999999994886,0,1,0.0,0.0,0.0,0.0,0.0,0.0,0,0.0,0.006881670730337769,39
4607.848124415,60.86999999994884,0,1,0.0,0.0,0.0,0.0,0.0,0.0,0,0.0,0.006881794657584567,39
4607.857849124,60.879999999948815,0,1,0.0,0.0,0.0,0.0,0.0,0.0,0,0.0,0.006881915316504866,43
4607.868171577,60.88999999994879,0,1,0.0,0.0,0.0,0.0,0.0,0.0,0,0.0,0.006882032793209536,43
4607.878130019,60.89999999994877,0,1,0.0,0.0,0.0,0.0,0.0,0.0,0,0.0,0.006882147171544256,43
4607.888124461,60.909999999948745,0,1,0.0,0.0,0.0,0.0,0.0,0.0,0,0.0,0.006882258533148888,43
4607.898142433,60.91999999994872,0,1,0.0,0.0,0.0,0.0,0.0,0.0,0,0.0,0.006882366957515568,46
4607.908147721,60.9299999999487,0,1,0.0,0.0,0.0,0.0,0.0,0.0,0,0.0,0.006882472522044686,46
4607.918009295,60.939999999948675,0,1,0.0,0.0,0.0,0.0,0.0,0.0,0,0.0,0.006882575302100263,46
4607.928109724,60.94999999994865,0,1,0.0,0.0,0.0,0.0,0.0,0.0,0,0.0,0.006882675371063074,50
4607.938176897,60.95999999994863,0,1,0.0,0.0,0.0,0.0,0.0,0.0,0,0.0,0.006882772800382964,50
4607.948410563,60.969999999948605,0,1,0.0,0.0,0.0,0.0,0.0,0.0,0,0.0,0.006882867659629366,50
4607.959652768,60.97999999994858,0,1,0.0,0.0,0.0,0.0,0.0,0.0,0,0.0,0.0068829600165408455,52
4607.967939906,60.98999999994856,0,1,0.0,0.0,0.0,0.0,0.0,0.0,0,0.0,0.006883049937072949,53
4607.977936915,60.999999999948535,0,1,0.0,0.0,0.0,0.0,0.0,0.0,0,0.0,0.006883137485445334,53
4607.987896508,61.00999999994851,0,1,0.0,0.0,0.0,0.0,0.0,0.0,0,0.0,0.00688322272418726,53
4607.997932268,61.01999999994849,0,1,0.0,0.0,0.0,0.0,0.0,0.0,0,0.0,0.0068833057141817755,56
4608.007921806,61.029999999948465,0,1,0.0,0.0,0.0,0.0,0.0,0.0,0,0.0,0.0068833865147092665,56
4608.017962637,61.03999999994844,0,1,0.0,0.0,0.0,0.0,0.0,0.0,0,0.0,0.006883465183489368,56
4608.027957038,61.04999999994842,0,1,0.0,0.0,0.0,0.0,0.0,0.0,0,0.0,0.006883541776722013,59
4608.038030512,61.059999999948396,0,1,0.0,0.0,0.0,0.0,0.0,0.0,0,0.0,0.006883616349127458,59
4608.047949814,61.06999999994837,0,1,0.0,0.0,0.0,0.0,0.0,0.0,0,0.0,0.006883688953984973,59
4608.057944661,61.07999999994835,0,1,0.0,0.0,0.0,0.0,0.0,0.0,0,0.0,0.006883759643170978,59
4608.068050085,61.089999999948326,0,1,0.0,0.0,0.0,0.0,0.0,0.0,0,0.0,0.006883828467195624,62
4608.07795563,61.0999999999483,0,1,0.0,0.0,0.0,0.0,0.0,0.0,0,0.0,0.0068838954752389325,62
4608.088170185,61.10999999994828,0,1,0.0,0.0,0.0,0.0,0.0,0.0,0,0.0,0.006883960715185655,62
4608.098018595,61.119999999948256,0,1,0.0,0.0,0.0,0.0,0.0,0.0,0,0.0,0.006884024233659247,65
4608.107907599,61.12999999994823,0,1,0.0,0.0,0.0,0.0,0.0,0.0,0,0.0,0.006884086076055229,65
4608.117931568,61.13999999994821,0,1,0.0,0.0,0.0,0.0,0.0,0.0,0,0.0,0.006884146286573273,65
4608.130103512,61.149999999948186,0,1,0.0,0.0,0.0,0.0,0.0,0.0,0,0.0,0.006884204908248703,67
4608.138215314,61.15999999994816,0,1,0.0,0.0,0.0,0.0,0.0,0.0,0,0.0,0.006884261982983253,69
4608.147910663,61.16999999994814,0,1,0.0,0.0,0.0,0.0,0.0,0.0,0,0.0,0.006884317551574648,69
4608.157868996,61.179999999948116,0,1,0.0,0.0,0.0,0.0,0.0,0.0,0,0.0,0.006884371653745808,69
4608.167881829,61.18999999994809,0,1,0.0,0.0,0.0,0.0,0.0,0.0,0,0.0,0.006884424328172961,73
4608.17789636,61.19999999994807,0,1,0.0,0.0,0.0,0.0,0.0,0.0,0,0.0,0.006884475612513319,73
4608.187995755,61.209999999948046,0,1,0.0,0.0,0.0,0.0,0.0,0.0,0,0.0,0.006884525543431941,73
4608.197890184,61.21999999994802,0,1,0.0,0.0,0.0,0.0,0.0,0.0,0,0.0,0.006884574156627604,76
4608.207939658,61.229999999948,0,1,0.0,0.0,0.0,0.0,0.0,0.0,0,0.0,0.006884621486858367,76
4608.217953365,61.239999999947976,0,1,0.0,0.0,0.0,0.0,0.0,0.0,0,0.0,0.006884667567966296,76
4608.228734449,61.24999999994795,0,1,0.0,0.0,0.0,0.0,0.0,0.0,0,0.0,0.006884712432901563,76
4608.237947276,61.25999999994793,0,1,0.0,0.0,0.0,0.0,0.0,0.0,0,0.0,0.006884756113746032,79
4608.247937384,61.269999999947906,0,1,0.0,0.0,0.0,0.0,0.0,0.0,0,0.0,0.006884798641735856,79
4608.257910991,61.27999999994788,0,1,0.0,0.0,0.0,0.0,0.0,0.0,0,0.0,0.00688484004728393,79
4608.267872452,61.28999999994786,0,1,0.0,0.0,0.0,0.0,0.0,0.0,0,0.0,0.006884880360001455,82
4608.277910592,61.299999999947836,0,1,0.0,0.0,0.0,0.0,0.0,0.0,0,0.0,0.006884919608719203,82
4608.287859875,61.30999999994781,0,1,0.0,0.0,0.0,0.0,0.0,0.0,0,0.0,0.006884957821507803,82
4608.299936357,61.31999999994779,0,1,0.0,0.0,0.0,0.0,0.0,0.0,0,0.0,0.00688499502569806,83
4608.308259067,61.329999999947766,0,1,0.0,0.0,0.0,0.0,0.0,0.0,0,0.0,0.006885031247900103,85
4608.318258536,61.33999999994774,0,1,0.0,0.0,0.0,0.0,0.0,0.0,0,0.0,0.00688506651402257,86
4608.327890355,61.34999999994772,0,1,0.0,0.0,0.0,0.0,0.0,0.0,0,0.0,0.006885100849291087,86
4608.337963911,61.359999999947696,0,1,0.0,0.0,0.0,0.0,0.0,0.0,0,0.0,0.006885134278266175,91
4608.347928715,61.36999999994767,0,1,0.0,0.0,0.0,0.0,0.0,0.0,0,0.0,0.006885166824860761,91
4608.358132764,61.37999999994765,0,1,0.0,0.0,0.0,0.0,0.0,0.0,0,0.0,0.006885198512357221,91
4608.368384431,61.38999999994763,0,1,0.0,0.0,0.0,0.0,0.0,0.0,0,0.0,0.006885229363424061,94
4608.377941076,61.3999999999476,0,1,0.0,0.0,0.0,0.0,0.0,0.0,0,0.0,0.006885259400132043,94
4608.387974647,61.40999999994758,0,1,0.0,0.0,0.0,0.0,0.0,0.0,0,0.0,0.006885288643969867,94
4608.397956129,61.41999999994756,0,1,0.0,0.0,0.0,0.0,0.0,0.0,0,0.0,0.006885317115859657,94
4608.408056386,61.42999999994753,0,1,0.0,0.0,0.0,0.0,0.0,0.0,0,0.0,0.006885344836171758,100
4608.418123627,61.43999999994751,0,1,0.0,0.0,0.0,0.0,0.0,0.0,0,0.0,0.006885371824739278,100
4608.428227624,61.44999999994749,0,1,0.0,0.0,0.0,0.0,0.0,0.0,0,0.0,0.006885398100872159,100
4608.438365254,61.45999999994746,0,1,0.0,0.0,0.0,0.0,0.0,0.0,0,0.0,0.006885423683371306,103
4608.447918825,61.46999999994744,0,1,0.0,0.0,0.0,0.0,0.0,0.0,0,0.0,0.006885448590541632,0
4608.457921152,61.47999999994742,0,1,0.0,0.0,0.0,0.0,0.0,0.0,0,0.0,0.006885472840205242,0
4608.470226808,61.48999999994739,0,1,0.0,0.0,0.0,0.0,0.0,0.0,0,0.0,0.006885496449714146,1
4608.477897241,61.49999999994737,0,1,0.0,0.0,0.0,0.0,0.0,0.0,0,0.0,0.006885519435962717,3
4608.487964137,61.50999999994735,0,1,0.0,0.0,0.0,0.0,0.0,0.0,0,0.0,0.0068855418153996595,3
4608.49791465,61.51999999994732,0,1,0.0,0.0,0.0,0.0,0.0,0.0,0,0.0,0.006885563604039857,3
4608.508117264,61.5299999999473,0,1,0.0,0.0,0.0,0.0,0.0,0.0,0,0.0,0.006885584817475643,6
4608.518756419,61.53999999994728,0,1,0.0,0.0,0.0,0.0,0.0,0.0,0,0.0,0.006885605470888095,6
4608.528294581,61.549999999947254,0,1,0.0,0.0,0.0,0.0,0.0,0.0,0,0.0,0.006885625579057891,7
4608.540702189,61.55999999994723,0,1,0.0,0.0,0.0,0.0,0.0,0.0,0,0.0,0.006885645156375575,10
4608.548118967,61.56999999994721,0,1,0.0,0.0,0.0,0.0,0.0,0.0,0,0.0,0.006885664216852244,13
4608.55871932,61.579999999947184,0,1,0.0,0.0,0.0,0.0,0.0,0.0,0,0.0,0.00688568277412932,13
4608.56880968,61.58999999994716,0,1,0.0,0.0,0.0,0.0,0.0,0.0,0,0.0,0.0068857008414882626,13
4608.578057237,61.59999999994714,0,1,0.0,0.0,0.0,0.0,0.0,0.0,0,0.0,0.006885718431860172,18
4608.588322966,61.609999999947114,0,1,0.0,0.0,0.0,0.0,0.0,0.0,0,0.0,0.006885735557835088,18
4608.598304209,61.61999999994709,0,1,0.0,0.0,0.0,0.0,0.0,0.0,0,0.0,0.006885752231670594,18
4608.608098136,61.62999999994707,0,1,0.0,0.0,0.0,0.0,0.0,0.0,0,0.0,0.006885768465301173,21
4608.618123221,61.639999999947044,0,1,0.0,0.0,0.0,0.0,0.0,0.0,0,0.0,0.0068857842703462235,21
4608.628033472,61.64999999994702,0,1,0.0,0.0,0.0,0.0,0.0,0.0,0,0.0,0.006885799658118641,21
4608.639817485,61.659999999947,0,1,0.0,0.0,0.0,0.0,0.0,0.0,0,0.0,0.006885814639632698,22
4608.647958869,61.669999999946974,0,1,0.0,0.0,0.0,0.0,0.0,0.0,0,0.0,0.006885829225612261,24
4608.657990296,61.67999999994695,0,1,0.0,0.0,0.0,0.0,0.0,0.0,0,0.0,0.006885843426498062,24
4608.667928129,61.68999999994693,0,1,0.0,0.0,0.0,0.0,0.0,0.0,0,0.0,0.006885857252455302,24
4608.677903804,61.699999999946904,0,1,0.0,0.0,0.0,0.0,0.0,0.0,0,0.0,0.006885870713381037,27
4608.687918799,61.70999999994688,0,1,0.0,0.0,0.0,0.0,0.0,0.0,0,0.0,0.006885883818911143,27
4608.697922981,61.71999999994686,0,1,0.0,0.0,0.0,0.0,0.0,0.0,0,0.0,0.0068858965784271975,27
4608.707875979,61.729999999946834,0,1,0.0,0.0,0.0,0.0,0.0,0.0,0,0.0,0.006885909001063145,29
4608.718016175,61.73999999994681,0,1,0.0,0.0,0.0,0.0,0.0,0.0,0,0.0,0.006885921095712039,29
4608.728047698,61.74999999994679,0,1,0.0,0.0,0.0,0.0,0.0,0.0,0,0.0,0.006885932871032091,29
4608.737879099,61.759999999946764,0,1,0.0,0.0,0.0,0.0,0.0,0.0,0,0.0,0.0068859443354531424,29
4608.748091998,61.76999999994674,0,1,0.0,0.0,0.0,0.0,0.0,0.0,0,0.0,0.006885955497182461,33
4608.758209623,61.77999999994672,0,1,0.0,0.0,0.0,0.0,0.0,0.0,0,0.0,0.006885966364210683,33
4608.768223199,61.789999999946694,0,1,0.0,0.0,0.0,0.0,0.0,0.0,0,0.0,0.006885976944317723,33
4608.778143949,61.79999999994667,0,1,0.0,0.0,0.0,0.0,0.0,0.0,0,0.0,0.006885987245078107,37
4608.788120735,61.80999999994665,0,1,0.0,0.0,0.0,0.0,0.0,0.0,0,0.0,0.006885997273866323,37
4608.797925889,61.819999999946624,0,1,0.0,0.0,0.0,0.0,0.0,0.0,0,0.0,0.006886007037862352,37
4608.810072916,61.8299999999466,0,1,0.0,0.0,0.0,0.0,0.0,0.0,0,0.0,0.006886016544056683,38
4608.817980949,61.83999999994658,0,1,0.0,0.0,0.0,0.0,0.0,0.0,0,0.0,0.006886025799255235,40
4608.827956741,61.849999999946554,0,1,0.0,0.0,0.0,0.0,0.0,0.0,0,0.0,0.006886034810084374,40
4608.838140403,61.85999999994653,0,1,0.0,0.0,0.0,0.0,0.0,0.0,0,0.0,0.006886043582995466,40
4608.848140919,61.86999999994651,0,1,0.0,0.0,0.0,0.0,0.0,0.0,0,0.0,0.0068860521242696815,43
4608.858221245,61.879999999946484,0,1,0.0,0.0,0.0,0.0,0.0,0.0,0,0.0,0.006886060440022351,43
4608.868067798,61.88999999994646,0,1,0.0,0.0,0.0,0.0,0.0,0.0,0,0.0,0.006886068536207435,43
4608.878345583,61.89999999994644,0,1,0.0,0.0,0.0,0.0,0.0,0.0,0,0.0,0.006886076418621712,46
4608.887929177,61.909999999946415,0,1,0.0,0.0,0.0,0.0,0.0,0.0,0,0.0,0.0068860840929088896,46
4608.898067855,61.91999999994639,0,1,0.0,0.0,0.0,0.0,0.0,0.0,0,0.0,0.0068860915645639065,46
4608.907861933,61.92999999994637,0,1,0.0,0.0,0.0,0.0,0.0,0.0,0,0.0,0.006886098838936455,46
4608.917974627,61.939999999946345,0,1,0.0,0.0,0.0,0.0,0.0,0.0,0,0.0,0.006886105921235092,50
4608.92788736,61.94999999994632,0,1,0.0,0.0,0.0,0.0,0.0,0.0,0,0.0,0.006886112816530843,50
4608.937965472,61.9599999999463,0,1,0.0,0.0,0.0,0.0,0.0,0.0,0,0.0,0.006886119529760981,50
4608.947895367,61.969999999946275,0,1,0.0,0.0,0.0,0.0,0.0,0.0,0,0.0,0.006886126065732301,53
4608.957880524,61.97999999994625,0,1,0.0,0.0,0.0,0.0,0.0,0.0,0,0.0,0.006886132429124864,53
4608.967863557,61.98999999994623,0,1,0.0,0.0,0.0,0.0,0.0,0.0,0,0.0,0.006886138624495081,53
4608.979681776,61.999999999946205,0,1,0.0,0.0,0.0,0.0,0.0,0.0,0,0.0,0.006886144656279042,54
4608.987890885,62.00999999994618,0,1,0.0,0.0,0.0,0.0,0.0,0.0,0,0.0,0.006886150528795931,56
4608.997867013,62.01999999994616,0,1,0.0,0.0,0.0,0.0,0.0,0.0,0,0.0,0.006886156246250774,56
4609.007922101,62.029999999946135,0,1,0.0,0.0,0.0,0.0,0.0,0.0,0,0.0,0.006886161812737518,56
4609.017936674,62.03999999994611,0,1,0.0,0.0,0.0,0.0,0.0,0.0,0,0.0,0.006886167232242196,58
4609.027861317,62.04999999994609,0,1,0.0,0.0,0.0,0.0,0.0,0.0,0,0.0,0.006886172508645566,58
4609.037867448,62.059999999946065,0,1,0.0,0.0,0.0,0.0,0.0,0.0,0,0.0,0.006886177645725855,58
4609.047867662,62.06999999994604,0,1,0.0,0.0,0.0,0.0,0.0,0.0,0,0.0,0.006886182647161676,60
4609.057887018,62.07999999994602,0,1,0.0,0.0,0.0,0.0,0.0,0.0,0,0.0,0.006886187516534387,60
4609.067867718,62.089999999945995,0,1,0.0,0.0,0.0,0.0,0.0,0.0,0,0.0,0.006886192257330892,60
4609.078022058,62.09999999994597,0,1,0.0,0.0,0.0,0.0,0.0,0.0,0,0.0,0.00688619687294606,60
4609.087958188,62.10999999994595,0,1,0.0,0.0,0.0,0.0,0.0,0.0,0,0.0,0.006886201366685135,63
4609.097866213,62.119999999945925,0,1,0.0,0.0,0.0,0.0,0.0,0.0,0,0.0,0.006886205741766016,63
4609.107864671,62.1299999999459,0,1,0.0,0.0,0.0,0.0,0.0,0.0,0,0.0,0.0068862100013216965,63
4609.117870324,62.13999999994588,0,1,0.0,0.0,0.0,0.0,0.0,0.0,0,0.0,0.006886214148402459,66
4609.12787451,62.149999999945855,0,1,0.0,0.0,0.0,0.0,0.0,0.0,0,0.0,0.006886218185978121,66
4609.138165993,62.15999999994583,0,1,0.0,0.0,0.0,0.0,0.0,0.0,0,0.0,0.006886222116939955,66
4609.149456741,62.16999999994581,0,1,0.0,0.0,0.0,0.0,0.0,0.0,0,0.0,0.006886225944102986,67
4609.157899149,62.179999999945785,0,1,0.0,0.0,0.0,0.0,0.0,0.0,0,0.0,0.0068862296702080494,68
4609.167869566,62.18999999994576,0,1,0.0,0.0,0.0,0.0,0.0,0.0,0,0.0,0.006886233297923344,68
4609.177883988,62.19999999994574,0,1,0.0,0.0,0.0,0.0,0.0,0.0,0,0.0,0.006886236829846792,68
4609.187878132,62.209999999945715,0,1,0.0,0.0,0.0,0.0,0.0,0.0,0,0.0,0.0068862402685076485,70
4609.197914357,62.21999999994569,0,1,0.0,0.0,0.0,0.0,0.0,0.0,0,0.0,0.006886243616368498,70
4609.207906189,62.22999999994567,0,1,0.0,0.0,0.0,0.0,0.0,0.0,0,0.0,0.006886246875826868,70
4609.218871013,62.239999999945645,0,1,0.0,0.0,0.0,0.0,0.0,0.0,0,0.0,0.006886250049216974,73
4609.227950902,62.24999999994562,0,1,0.0,0.0,0.0,0.0,0.0,0.0,0,0.0,0.00688625313881136,74
4609.237943079,62.2599999999456,0,1,0.0,0.0,0.0,0.0,0.0,0.0,0,0.0,0.006886256146822645,74
4609.247934909,62.269999999945576,0,1,0.0,0.0,0.0,0.0,0.0,0.0,0,0.0,0.006886259075404966,74
4609.257913608,62.27999999994555,0,1,0.0,0.0,0.0,0.0,0.0,0.0,0,0.0,0.0068862619266556735,76
4609.267943171,62.28999999994553,0,1,0.0,0.0,0.0,0.0,0.0,0.0,0,0.0,0.006886264702616718,76
4609.277992252,62.299999999945506,0,1,0.0,0.0,0.0,0.0,0.0,0.0,0,0.0,0.006886267405275981,76
4609.287915611,62.30999999994548,0,1,0.0,0.0,0.0,0.0,0.0,0.0,0,0.0,0.0068862700365690255,79
4609.298136259,62.31999999994546,0,1,0.0,0.0,0.0,0.0,0.0,0.0,0,0.0,0.006886272598380316,79
4609.308155169,62.329999999945436,0,1,0.0,0.0,0.0,0.0,0.0,0.0,0,0.0,0.006886275092544442,79
4609.320692776,62.33999999994541,0,1,0.0,0.0,0.0,0.0,0.0,0.0,0,0.0,0.006886277520847667,80
4609.328116504,62.34999999994539,0,1,0.0,0.0,0.0,0.0,0.0,0.0,0,0.0,0.0068862798850290174,83
4609.337998954,62.359999999945366,0,1,0.0,0.0,0.0,0.0,0.0,0.0,0,0.0,0.006886282186781667,83
4609.348166372,62.36999999994534,0,1,0.0,0.0,0.0,0.0,0.0,0.0,0,0.0,0.006886284427754102,83
4609.357985521,62.37999999994532,0,1,0.0,0.0,0.0,0.0,0.0,0.0,0,0.0,0.006886286609551123,85
4609.368322373,62.389999999945296,0,1,0.0,0.0,0.0,0.0,0.0,0.0,0,0.0,0.006886288733735341,85
4609.377916077,62.39999999994527,0,1,0.0,0.0,0.0,0.0,0.0,0.0,0,0.0,0.00688629080182801,85
4609.387855027,62.40999999994525,0,1,0.0,0.0,0.0,0.0,0.0,0.0,0,0.0,0.006886292815310252,88
4609.39789866,62.419999999945226,0,1,0.0,0.0,0.0,0.0,0.0,0.0,0,0.0,0.006886294775624163,88
4609.407879824,62.4299999999452,0,1,0.0,0.0,0.0,0.0,0.0,0.0,0,0.0,0.006886296684173482,88
4609.417868063,62.43999999994518,0,1,0.0,0.0,0.0,0.0,0.0,0.0,0,0.0,0.006886298542325281,88
4609.427911234,62.449999999945156,0,1,0.0,0.0,0.0,0.0,0.0,0.0,0,0.0,0.006886300351410246,92
4609.437940008,62.45999999994513,0,1,0.0,0.0,0.0,0.0,0.0,0.0,0,0.0,0.006886302112724008,92
4609.447898289,62.46999999994511,0,1,0.0,0.0,0.0,0.0,0.0,0.0,0,0.0,0.006886303827527973,92
4609.458015407,62.479999999945086,0,1,0.0,0.0,0.0,0.0,0.0,0.0,0,0.0,0.006886305497050271,3
4609.467919056,62.48999999994506,0,1,0.0,0.0,0.0,0.0,0.0,0.0,0,0.0,0.006886307122486585,3
4609.477961149,62.49999999994504,0,1,0.0,0.0,0.0,0.0,0.0,0.0,0,0.0,0.006886308705001037,3
4609.489974427,62.509999999945016,0,1,0.0,0.0,0.0,0.0,0.0,0.0,0,0.0,0.006886310245727001,4
4609.49805244,62.51999999994499,0,1,0.0,0.0,0.0,0.0,0.0,0.0,0,0.0,0.006886311745768009,6
4609.508079282,62.52999999994497,0,1,0.0,0.0,0.0,0.0,0.0,0.0,0,0.0,0.006886313206198258,6
4609.518153309,62.539999999944946,0,1,0.0,0.0,0.0,0.0,0.0,0.0,0,0.0,0.006886314628063772,6
4609.528065734,62.54999999994492,0,1,0.0,0.0,0.0,0.0,0.0,0.0,0,0.0,0.0068863160123829315,9
4609.538044066,62.5599999999449,0,1,0.0,0.0,0.0,0.0,0.0,0.0,0,0.0,0.006886317360147082,9
4609.548402725,62.569999999944876,0,1,0.0,0.0,0.0,0.0,0.0,0.0,0,0.0,0.006886318672321506,9
4609.558284639,62.57999999994485,0,1,0.0,0.0,0.0,0.0,0.0,0.0,0,0.0,0.006886319949846037,12
4609.568138612,62.58999999994483,0,1,0.0,0.0,0.0,0.0,0.0,0.0,0,0.0,0.006886321193635608,12
4609.578202185,62.59999999994481,0,1,0.0,0.0,0.0,0.0,0.0,0.0,0,0.0,0.006886322404581063,12
4609.588080287,62.60999999994478,0,1,0.0,0.0,0.0,0.0,0.0,0.0,0,0.0,0.0068863235835495695,13
4609.598044198,62.61999999994476,0,1,0.0,0.0,0.0,0.0,0.0,0.0,0,0.0,0.006886324731385618,16
4609.607979564,62.62999999994474,0,1,0.0,0.0,0.0,0.0,0.0,0.0,0,0.0,0.006886325848911273,16
4609.617969495,62.63999999994471,0,1,0.0,0.0,0.0,0.0,0.0,0.0,0,0.0,0.006886326936926895,16
4609.628107694,62.64999999994469,0,1,0.0,0.0,0.0,0.0,0.0,0.0,0,0.0,0.00688632799621175,19
4609.63814681,62.65999999994467,0,1,0.0,0.0,0.0,0.0,0.0,0.0,0,0.0,0.006886329027524507,20
4609.648207756,62.66999999994464,0,1,0.0,0.0,0.0,0.0,0.0,0.0,0,0.0,0.0068863300316037435,20
4609.659932896,62.67999999994462,0,1,0.0,0.0,0.0,0.0,0.0,0.0,0,0.0,0.006886331009168634,21
4609.66808879,62.6899999999446,0,1,0.0,0.0,0.0,0.0,0.0,0.0,0,0.0,0.00688633196091934,23
4609.678259028,62.69999999994457,0,1,0.0,0.0,0.0,0.0,0.0,0.0,0,0.0,0.006886332887537511,23
4609.687986284,62.70999999994455,0,1,0.0,0.0,0.0,0.0,0.0,0.0,0,0.0,0.00688633378968681,23
4609.698092506,62.71999999994453,0,1,0.0,0.0,0.0,0.0,0.0,0.0,0,0.0,0.006886334668013361,26
4609.708065228,62.7299999999445,0,1,0.0,0.0,0.0,0.0,0.0,0.0,0,0.0,0.0068863355231461865,26
4609.717952541,62.73999999994448,0,1,0.0,0.0,0.0,0.0,0.0,0.0,0,0.0,0.006886336355697825,26
4609.727856935,62.74999999994446,0,1,0.0,0.0,0.0,0.0,0.0,0.0,0,0.0,0.006886337166264522,29
4609.737944538,62.759999999944434,0,1,0.0,0.0,0.0,0.0,0.0,0.0,0,0.0,0.006886337955426813,29
4609.747948811,62.76999999994441,0,1,0.0,0.0,0.0,0.0,0.0,0.0,0,0.0,0.0068863387237498574,29
4609.757957555,62.77999999994439,0,1,0.0,0.0,0.0,0.0,0.0,0.0,0,0.0,0.006886339471784075,29
4609.767942423,62.789999999944364,0,1,0.0,0.0,0.0,0.0,0.0,0.0,0,0.0,0.00688634020006515,33
4609.778675417,62.79999999994434,0,1,0.0,0.0,0.0,0.0,0.0,0.0,0,0.0,0.006886340909114691,33
4609.78815303,62.80999999994432,0,1,0.0,0.0,0.0,0.0,0.0,0.0,0,0.0,0.006886341599440543,33
4609.798749919,62.819999999944294,0,1,0.0,0.0,0.0,0.0,0.0,0.0,0,0.0,0.006886342271537088,36
4609.807931725,62.82999999994427,0,1,0.0,0.0,0.0,0.0,0.0,0.0,0,0.0,0.0068863429258857745,37
4609.817980696,62.83999999994425,0,1,0.0,0.0,0.0,0.0,0.0,0.0,0,0.0,0.006886343562955255,37
4609.830358106,62.849999999944224,0,1,0.0,0.0,0.0,0.0,0.0,0.0,0,0.0,0.00688634418320172,38
4609.837950096,62.8599999999442,0,1,0.0,0.0,0.0,0.0,0.0,0.0,0,0.0,0.006886344787069509,40
4609.8479178,62.86999999994418,0,1,0.0,0.0,0.0,0.0,0.0,0.0,0,0.0,0.006886345374991082,40
4609.857953407,62.879999999944154,0,1,0.0,0.0,0.0,0.0,0.0,0.0,0,0.0,0.00688634594738749,40
4609.868140914,62.88999999994413,0,1,0.0,0.0,0.0,0.0,0.0,0.0,0,0.0,0.006886346504668711,42
4609.878107524,62.89999999994411,0,1,0.0,0.0,0.0,0.0,0.0,0.0,0,0.0,0.006886347047233926,42
4609.888146225,62.909999999944084,0,1,0.0,0.0,0.0,0.0,0.0,0.0,0,0.0,0.006886347575471713,42
4609.899580956,62.91999999994406,0,1,0.0,0.0,0.0,0.0,0.0,0.0,0,0.0,0.006886348089760463,45
4609.908032195,62.92999999994404,0,1,0.0,0.0,0.0,0.0,0.0,0.0,0,0.0,0.006886348590468383,46
4609.91810781,62.939999999944014,0,1,0.0,0.0,0.0,0.0,0.0,0.0,0,0.0,0.006886349077954268,46
4609.928492582,62.94999999994399,0,1,0.0,0.0,0.0,0.0,0.0,0.0,0,0.0,0.006886349552567145,46
4609.93798189,62.95999999994397,0,1,0.0,0.0,0.0,0.0,0.0,0.0,0,0.0,0.006886350014646991,49
4609.948096144,62.969999999943944,0,1,0.0,0.0,0.0,0.0,0.0,0.0,0,0.0,0.006886350464524765,49
4609.95816777,62.97999999994392,0,1,0.0,0.0,0.0,0.0,0.0,0.0,0,0.0,0.006886350902522681,49
4609.968416755,62.9899999999439,0,1,0.0,0.0,0.0,0.0,0.0,0.0,0,0.0,0.00688635132895446,53
4609.978364059,62.999999999943874,0,1,0.0,0.0,0.0,0.0,0.0,0.0,0,0.0,0.006886351744125496,53
4609.988568584,63.00999999994385,0,1,0.0,0.0,0.0,0.0,0.0,0.0,0,0.0,0.006886352148333108,53
4609.999104043,63.01999999994383,0,1,0.0,0.0,0.0,0.0,0.0,0.0,0,0.0,0.006886352541866925,55
4610.007936335,63.029999999943804,0,1,0.0,0.0,0.0,0.0,0.0,0.0,0,0.0,0.006886352925008665,56
4610.017904479,63.03999999994378,0,1,0.0,0.0,0.0,0.0,0.0,0.0,0,0.0,0.006886353298032832,56
4610.028044724,63.04999999994376,0,1,0.0,0.0,0.0,0.0,0.0,0.0,0,0.0,0.006886353661206601,56
4610.037994236,63.059999999943734,0,1,0.0,0.0,0.0,0.0,0.0,0.0,0,0.0,0.006886354014790125,59
4610.047946832,63.06999999994371,0,1,0.0,0.0,0.0,0.0,0.0,0.0,0,0.0,0.006886354359036534,59
4610.058301507,63.07999999994369,0,1,0.0,0.0,0.0,0.0,0.0,0.0,0,0.0,0.006886354694192465,59
4610.068862926,63.089999999943664,0,1,0.0,0.0,0.0,0.0,0.0,0.0,0,0.0,0.006886355020497975,63
4610.077890265,63.09999999994364,0,1,0.0,0.0,0.0,0.0,0.0,0.0,0,0.0,0.006886355338186767,64
4610.087956367,63.10999999994362,0,1,0.0,0.0,0.0,0.0,0.0,0.0,0,0.0,0.006886355647486353,64
4610.097971628,63.119999999943595,0,1,0.0,0.0,0.0,0.0,0.0,0.0,0,0.0,0.006886355948618306,64
4610.107935732,63.12999999994357,0,1,0.0,0.0,0.0,0.0,0.0,0.0,0,0.0,0.006886356241798314,66
4610.117984631,63.13999999994355,0,1,0.0,0.0,0.0,0.0,0.0,0.0,0,0.0,0.0068863565272362925,66
4610.127951415,63.149999999943525,0,1,0.0,0.0,0.0,0.0,0.0,0.0,0,0.0,0.00688635680513669,66
4610.137966106,63.1599999999435,0,1,0.0,0.0,0.0,0.0,0.0,0.0,0,0.0,0.006886357075698651,70
4610.14795263,63.16999999994348,0,1,0.0,0.0,0.0,0.0,0.0,0.0,0,0.0,0.006886357339115856,70
4610.158011493,63.179999999943455,0,1,0.0,0.0,0.0,0.0,0.0,0.0,0,0.0,0.006886357595577042,70
4610.169808546,63.18999999994343,0,1,0.0,0.0,0.0,0.0,0.0,0.0,0,0.0,0.006886357845265895,72
4610.178035589,63.19999999994341,0,1,0.0,0.0,0.0,0.0,0.0,0.0,0,0.0,0.006886358088361133,74
4610.187963277,63.209999999943385,0,1,0.0,0.0,0.0,0.0,0.0,0.0,0,0.0,0.006886358325036979,74
4610.197929064,63.21999999994336,0,1,0.0,0.0,0.0,0.0,0.0,0.0,0,0.0,0.0068863585554629625,74
4610.207962629,63.22999999994334,0,1,0.0,0.0,0.0,0.0,0.0,0.0,0,0.0,0.006886358779804064,77
4610.217924734,63.239999999943315,0,1,0.0,0.0,0.0,0.0,0.0,0.0,0,0.0,0.006886358998221043,77
4610.227935167,63.24999999994329,0,1,0.0,0.0,0.0,0.0,0.0,0.0,0,0.0,0.006886359210870274,77
4610.237891712,63.25999999994327,0,1,0.0,0.0,0.0,0.0,0.0,0.0,0,0.0,0.006886359417904081,79
4610.24815066,63.269999999943245,0,1,0.0,0.0,0.0,0.0,0.0,0.0,0,0.0,0.006886359619470761,79
4610.257954476,63.27999999994322,0,1,0.0,0.0,0.0,0.0,0.0,0.0,0,0.0,0.006886359815714671,79
4610.267942577,63.2899999999432,0,1,0.0,0.0,0.0,0.0,0.0,0.0,0,0.0,0.006886360006776365,79
4610.277946231,63.299999999943175,0,1,0.0,0.0,0.0,0.0,0.0,0.0,0,0.0,0.006886360192792651,81
4610.288253961,63.30999999994315,0,1,0.0,0.0,0.0,0.0,0.0,0.0,0,0.0,0.006886360373896866,81
4610.298601674,63.31999999994313,0,1,0.0,0.0,0.0,0.0,0.0,0.0,0,0.0,0.006886360550218629,83
4610.313266956,63.329999999943105,0,1,0.0,0.0,0.0,0.0,0.0,0.0,0,0.0,0.006886360721884283,84
4610.323314274,63.33999999994308,0,1,0.0,0.0,0.0,0.0,0.0,0.0,0,0.0,0.006886360889016757,84
4610.333237862,63.34999999994306,0,1,0.0,0.0,0.0,0.0,0.0,0.0,0,0.0,0.00688636105173579,84
4610.34325304,63.359999999943035,0,1,0.0,0.0,0.0,0.0,0.0,0.0,0,0.0,0.006886361210157871,87
4610.353375335,63.36999999994301,0,1,0.0,0.0,0.0,0.0,0.0,0.0,0,0.0,0.006886361364396493,87
4610.363356108,63.37999999994299,0,1,0.0,0.0,0.0,0.0,0.0,0.0,0,0.0,0.006886361514562123,88
4610.375179115,63.389999999942965,0,1,0.0,0.0,0.0,0.0,0.0,0.0,0,0.0,0.006886361660762369,92
4610.38328524,63.39999999994294,0,1,0.0,0.0,0.0,0.0,0.0,0.0,0,0.0,0.0068863618031018425,94
4610.393345542,63.40999999994292,0,1,0.0,0.0,0.0,0.0,0.0,0.0,0,0.0,0.0068863619416826005,94
4610.403243123,63.419999999942895,0,1,0.0,0.0,0.0,0.0,0.0,0.0,0,0.0,0.006886362076603869,94
4610.41323352,63.42999999994287,0,1,0.0,0.0,0.0,0.0,0.0,0.0,0,0.0,0.00688636220796221,96
4610.423242632,63.43999999994285,0,1,0.0,0.0,0.0,0.0,0.0,0.0,0,0.0,0.0068863623358518256,96
4610.433286758,63.449999999942825,0,1,0.0,0.0,0.0,0.0,0.0,0.0,0,0.0,0.006886362460364254,96
4610.443331182,63.4599999999428,0,1,0.0,0.0,0.0,0.0,0.0,0.0,0,0.0,0.006886362581588645,99
4610.453247978,63.46999999994278,0,1,0.0,0.0,0.0,0.0,0.0,0.0,0,0.0,0.006886362699611848,0
4610.463254898,63.479999999942756,0,1,0.0,0.0,0.0,0.0,0.0,0.0,0,0.0,0.00688636281451846,0
4610.475979533,63.48999999994273,0,1,0.0,0.0,0.0,0.0,0.0,0.0,0,0.0,0.006886362926390749,1
4610.483256632,63.49999999994271,0,1,0.0,0.0,0.0,0.0,0.0,0.0,0,0.0,0.006886363035308762,4
4610.493238865,63.509999999942686,0,1,0.0,0.0,0.0,0.0,0.0,0.0,0,0.0,0.006886363141350549,4
4610.503284295,63.51999999994266,0,1,0.0,0.0,0.0,0.0,0.0,0.0,0,0.0,0.006886363244592103,4
4610.513343002,63.52999999994264,0,1,0.0,0.0,0.0,0.0,0.0,0.0,0,0.0,0.0068863633451073936,7
4610.523313497,63.539999999942616,0,1,0.0,0.0,0.0,0.0,0.0,0.0,0,0.0,0.006886363442968335,7
4610.533320915,63.54999999994259,0,1,0.0,0.0,0.0,0.0,0.0,0.0,0,0.0,0.006886363538245038,7
4610.544217383,63.55999999994257,0,1,0.0,0.0,0.0,0.0,0.0,0.0,0,0.0,0.006886363631005782,10
4610.553277064,63.569999999942546,0,1,0.0,0.0,0.0,0.0,0.0,0.0,0,0.0,0.006886363721317013,11
4610.563260984,63.57999999994252,0,1,0.0,0.0,0.0,0.0,0.0,0.0,0,0.0,0.006886363809243373,11
4610.573263271,63.5899999999425,0,1,0.0,0.0,0.0,0.0,0.0,0.0,0,0.0,0.006886363894847869,11
4610.583259266,63.599999999942476,0,1,0.0,0.0,0.0,0.0,0.0,0.0,0,0.0,0.006886363978191784,14
4610.593251677,63.60999999994245,0,1,0.0,0.0,0.0,0.0,0.0,0.0,0,0.0,0.006886364059334904,14
4610.603326422,63.61999999994243,0,1,0.0,0.0,0.0,0.0,0.0,0.0,0,0.0,0.006886364138335238,14
4610.613236993,63.629999999942406,0,1,0.0,0.0,0.0,0.0,0.0,0.0,0,0.0,0.00688636421524938,18
4610.623255203,63.63999999994238,0,1,0.0,0.0,0.0,0.0,0.0,0.0,0,0.0,0.0068863642901324795,18
4610.633256278,63.64999999994236,0,1,0.0,0.0,0.0,0.0,0.0,0.0,0,0.0,0.0068863643630381055,18
4610.645155049,63.659999999942336,0,1,0.0,0.0,0.0,0.0,0.0,0.0,0,0.0,0.0068863644340185215,19
4610.653266437,63.66999999994231,0,1,0.0,0.0,0.0,0.0,0.0,0.0,0,0.0,0.006886364503124548,21
4610.663249885,63.67999999994229,0,1,0.0,0.0,0.0,0.0,0.0,0.0,0,0.0,0.006886364570405729,21
4610.673335784,63.689999999942266,0,1,0.0,0.0,0.0,0.0,0.0,0.0,0,0.0,0.0068863646359101915,21
4610.683241839,63.69999999994224,0,1,0.0,0.0,0.0,0.0,0.0,0.0,0,0.0,0.006886364699684844,24
4610.693255946,63.70999999994222,0,1,0.0,0.0,0.0,0.0,0.0,0.0,0,0.0,0.0068863647617754264,24
4610.703268848,63.719999999942196,0,1,0.0,0.0,0.0,0.0,0.0,0.0,0,0.0,0.006886364822226432,24
4610.713261592,63.72999999994217,0,1,0.0,0.0,0.0,0.0,0.0,0.0,0,0.0,0.006886364881081047,26
4610.723239274,63.73999999994215,0,1,0.0,0.0,0.0,0.0,0.0,0.0,0,0.0,0.006886364938381462,26
4610.733244805,63.749999999942126,0,1,0.0,0.0,0.0,0.0,0.0,0.0,0,0.0,0.0068863649941687255,26
4610.743259123,63.7599999999421,0,1,0.0,0.0,0.0,0.0,0.0,0.0,0,0.0,0.006886365048482834,26
4610.753312999,63.76999999994208,0,1,0.0,0.0,0.0,0.0,0.0,0.0,0,0.0,0.006886365101362646,28
4610.763325607,63.779999999942056,0,1,0.0,0.0,0.0,0.0,0.0,0.0,0,0.0,0.0068863651528460745,28
4610.773248141,63.78999999994203,0,1,0.0,0.0,0.0,0.0,0.0,0.0,0,0.0,0.0068863652029699796,28
4610.783251925,63.79999999994201,0,1,0.0,0.0,0.0,0.0,0.0,0.0,0,0.0,0.0068863652517703045,32
4610.793331761,63.80999999994199,0,1,0.0,0.0,0.0,0.0,0.0,0.0,0,0.0,0.006886365299281938,32
4610.803250952,63.81999999994196,0,1,0.0,0.0,0.0,0.0,0.0,0.0,0,0.0,0.006886365345538964,32
4610.815997257,63.82999999994194,0,1,0.0,0.0,0.0,0.0,0.0,0.0,0,0.0,0.006886365390574439,34
4610.82337821,63.83999999994192,0,1,0.0,0.0,0.0,0.0,0.0,0.0,0,0.0,0.006886365434420644,37
4610.833346375,63.84999999994189,0,1,0.0,0.0,0.0,0.0,0.0,0.0,0,0.0,0.006886365477108997,38
4610.843265491,63.85999999994187,0,1,0.0,0.0,0.0,0.0,0.0,0.0,0,0.0,0.006886365518670057,38
4610.853430987,63.86999999994185,0,1,0.0,0.0,0.0,0.0,0.0,0.0,0,0.0,0.006886365559133606,42
4610.863357842,63.87999999994182,0,1,0.0,0.0,0.0,0.0,0.0,0.0,0,0.0,0.006886365598528621,42
4610.873423762,63.8899999999418,0,1,0.0,0.0,0.0,0.0,0.0,0.0,0,0.0,0.006886365636883357,43
4610.88657856,63.89999999994178,0,1,0.0,0.0,0.0,0.0,0.0,0.0,0,0.0,0.006886365674225264,45
4610.893307318,63.90999999994175,0,1,0.0,0.0,0.0,0.0,0.0,0.0,0,0.0,0.006886365710581099,48
4610.903255956,63.91999999994173,0,1,0.0,0.0,0.0,0.0,0.0,0.0,0,0.0,0.006886365745976869,48
4610.913259941,63.92999999994171,0,1,0.0,0.0,0.0,0.0,0.0,0.0,0,0.0,0.00688636578043797,48
4610.92327088,63.93999999994168,0,1,0.0,0.0,0.0,0.0,0.0,0.0,0,0.0,0.0068863658139890205,51
4610.933268903,63.94999999994166,0,1,0.0,0.0,0.0,0.0,0.0,0.0,0,0.0,0.006886365846654058,51
4610.943304116,63.95999999994164,0,1,0.0,0.0,0.0,0.0,0.0,0.0,0,0.0,0.006886365878456535,51
4610.953343139,63.969999999941614,0,1,0.0,0.0,0.0,0.0,0.0,0.0,0,0.0,0.006886365909419184,55
4610.963426487,63.97999999994159,0,1,0.0,0.0,0.0,0.0,0.0,0.0,0,0.0,0.006886365939564265,55
4610.97332168,63.98999999994157,0,1,0.0,0.0,0.0,0.0,0.0,0.0,0,0.0,0.006886365968913261,55
4610.98579177,63.999999999941544,0,1,0.0,0.0,0.0,0.0,0.0,0.0,0,0.0,0.006886365997487237,56
4610.99332876,64.00999999994158,0,1,0.0,0.0,0.0,0.0,0.0,0.0,0,0.0,0.006886366025306623,58
4611.003350056,64.01999999994163,0,1,0.0,0.0,0.0,0.0,0.0,0.0,0,0.0,0.006886366052391429,58
4611.01326197,64.02999999994168,0,1,0.0,0.0,0.0,0.0,0.0,0.0,0,0.0,0.006886366078761003,58
4611.023325559,64.03999999994173,0,1,0.0,0.0,0.0,0.0,0.0,0.0,0,0.0,0.006886366104434216,61
4611.033248239,64.04999999994178,0,1,0.0,0.0,0.0,0.0,0.0,0.0,0,0.0,0.006886366129429472,61
4611.043285401,64.05999999994182,0,1,0.0,0.0,0.0,0.0,0.0,0.0,0,0.0,0.0068863661537647,61
4611.05378322,64.06999999994187,0,1,0.0,0.0,0.0,0.0,0.0,0.0,0,0.0,0.006886366177457248,64
4611.063301391,64.07999999994192,0,1,0.0,0.0,0.0,0.0,0.0,0.0,0,0.0,0.0068863662005241855,64
4611.073363085,64.08999999994197,0,1,0.0,0.0,0.0,0.0,0.0,0.0,0,0.0,0.006886366222982027,64
4611.083315459,64.09999999994201,0,1,0.0,0.0,0.0,0.0,0.0,0.0,0,0.0,0.006886366244846759,64
4611.093253978,64.10999999994206,0,1,0.0,0.0,0.0,0.0,0.0,0.0,0,0.0,0.006886366266134092,67
4611.103267096,64.11999999994211,0,1,0.0,0.0,0.0,0.0,0.0,0.0,0,0.0,0.006886366286859291,67
4611.113240282,64.12999999994216,0,1,0.0,0.0,0.0,0.0,0.0,0.0,0,0.0,0.006886366307037234,67
4611.123295142,64.1399999999422,0,1,0.0,0.0,0.0,0.0,0.0,0.0,0,0.0,0.006886366326682353,70
4611.133317411,64.14999999994225,0,1,0.0,0.0,0.0,0.0,0.0,0.0,0,0.0,0.006886366345808664,70
4611.143295122,64.1599999999423,0,1,0.0,0.0,0.0,0.0,0.0,0.0,0,0.0,0.0068863663644299355,70
4611.156474707,64.16999999994235,0,1,0.0,0.0,0.0,0.0,0.0,0.0,0,0.0,0.006886366382559461,71
4611.163302085,64.1799999999424,0,1,0.0,0.0,0.0,0.0,0.0,0.0,0,0.0,0.0068863664002102865,74
4611.17333508,64.18999999994244,0,1,0.0,0.0,0.0,0.0,0.0,0.0,0,0.0,0.006886366417394957,74
4611.183259859,64.19999999994249,0,1,0.0,0.0,0.0,0.0,0.0,0.0,0,0.0,0.006886366434125851,74
4611.193260411,64.20999999994254,0,1,0.0,0.0,0.0,0.0,0.0,0.0,0,0.0,0.006886366450414905,77
4611.203351471,64.21999999994259,0,1,0.0,0.0,0.0,0.0,0.0,0.0,0,0.0,0.00688636646627383,77
4611.213308662,64.22999999994263,0,1,0.0,0.0,0.0,0.0,0.0,0.0,0,0.0,0.006886366481713951,77
4611.22370512,64.23999999994268,0,1,0.0,0.0,0.0,0.0,0.0,0.0,0,0.0,0.006886366496746316,80
4611.233277948,64.24999999994273,0,1,0.0,0.0,0.0,0.0,0.0,0.0,0,0.0,0.006886366511381775,80
4611.243491878,64.25999999994278,0,1,0.0,0.0,0.0,0.0,0.0,0.0,0,0.0,0.0068863665256307105,80
4611.253275132,64.26999999994283,0,1,0.0,0.0,0.0,0.0,0.0,0.0,0,0.0,0.006886366539503391,80
4611.263265905,64.27999999994287,0,1,0.0,0.0,0.0,0.0,0.0,0.0,0,0.0,0.006886366553009726,82
4611.273254329,64.28999999994292,0,1,0.0,0.0,0.0,0.0,0.0,0.0,0,0.0,0.006886366566159402,82
4611.283239716,64.29999999994297,0,1,0.0,0.0,0.0,0.0,0.0,0.0,0,0.0,0.006886366578961828,82
4611.293303786,64.30999999994302,0,1,0.0,0.0,0.0,0.0,0.0,0.0,0,0.0,0.006886366591426191,84
4611.303271112,64.31999999994306,0,1,0.0,0.0,0.0,0.0,0.0,0.0,0,0.0,0.0068863666035614,84
4611.313287632,64.32999999994311,0,1,0.0,0.0,0.0,0.0,0.0,0.0,0,0.0,0.006886366615376144,84
4611.325726948,64.33999999994316,0,1,0.0,0.0,0.0,0.0,0.0,0.0,0,0.0,0.0068863666268789425,85
4611.333300628,64.34999999994321,0,1,0.0,0.0,0.0,0.0,0.0,0.0,0,0.0,0.0068863666380779565,87
4611.343240113,64.35999999994326,0,1,0.0,0.0,0.0,0.0,0.0,0.0,0,0.0,0.00688636664898129,87
4611.353274562,64.3699999999433,0,1,0.0,0.0,0.0,0.0,0.0,0.0,0,0.0,0.006886366659596688,87
4611.363285265,64.37999999994335,0,1,0.0,0.0,0.0,0.0,0.0,0.0,0,0.0,0.006886366669931782,90
4611.373269443,64.3899999999434,0,1,0.0,0.0,0.0,0.0,0.0,0.0,0,0.0,0.006886366679993927,90
4611.383306076,64.39999999994345,0,1,0.0,0.0,0.0,0.0,0.0,0.0,0,0.0,0.006886366689790341,90
4611.393288729,64.4099999999435,0,1,0.0,0.0,0.0,0.0,0.0,0.0,0,0.0,0.0068863666993280725,93
4611.403270764,64.41999999994354,0,1,0.0,0.0,0.0,0.0,0.0,0.0,0,0.0,0.006886366708613922,93
4611.413263604,64.42999999994359,0,1,0.0,0.0,0.0,0.0,0.0,0.0,0,0.0,0.006886366717654552,93
4611.42328372,64.43999999994364,0,1,0.0,0.0,0.0,0.0,0.0,0.0,0,0.0,0.006886366726456483,93
4611.433307578,64.44999999994369,0,1,0.0,0.0,0.0,0.0,0.0,0.0,0,0.0,0.006886366735025934,96
4611.443271088,64.45999999994373,0,1,0.0,0.0,0.0,0.0,0.0,0.0,0,0.0,0.006886366743369066,96
4611.453229886,64.46999999994378,0,1,0.0,0.0,0.0,0.0,0.0,0.0,0,0.0,0.006886366751491929,0
4611.463267664,64.47999999994383,0,1,0.0,0.0,0.0,0.0,0.0,0.0,0,0.0,0.00688636675940027,3
4611.473281058,64.48999999994388,0,1,0.0,0.0,0.0,0.0,0.0,0.0,0,0.0,0.006886366767099805,3
4611.483266912,64.49999999994392,0,1,0.0,0.0,0.0,0.0,0.0,0.0,0,0.0,0.006886366774595976,4
4611.495661392,64.50999999994397,0,1,0.0,0.0,0.0,0.0,0.0,0.0,0,0.0,0.006886366781894221,5
4611.503264309,64.51999999994402,0,1,0.0,0.0,0.0,0.0,0.0,0.0,0,0.0,0.0068863667889997315,7
4611.513331162,64.52999999994407,0,1,0.0,0.0,0.0,0.0,0.0,0.0,0,0.0,0.0068863667959176145,7
4611.523287052,64.53999999994411,0,1,0.0,0.0,0.0,0.0,0.0,0.0,0,0.0,0.00688636680265281,7
4611.533261923,64.54999999994416,0,1,0.0,0.0,0.0,0.0,0.0,0.0,0,0.0,0.006886366809210148,9
4611.543294073,64.55999999994421,0,1,0.0,0.0,0.0,0.0,0.0,0.0,0,0.0,0.006886366815594291,9
4611.553400038,64.56999999994426,0,1,0.0,0.0,0.0,0.0,0.0,0.0,0,0.0,0.006886366821809875,9
4611.564919462,64.5799999999443,0,1,0.0,0.0,0.0,0.0,0.0,0.0,0,0.0,0.00688636682786134,11
4611.573280553,64.58999999994435,0,1,0.0,0.0,0.0,0.0,0.0,0.0,0,0.0,0.006886366833752988,12
4611.583284272,64.5999999999444,0,1,0.0,0.0,0.0,0.0,0.0,0.0,0,0.0,0.006886366839489011,12
4611.593305191,64.60999999994445,0,1,0.0,0.0,0.0,0.0,0.0,0.0,0,0.0,0.0068863668450735716,12
4611.603289305,64.6199999999445,0,1,0.0,0.0,0.0,0.0,0.0,0.0,0,0.0,0.0068863668505106945,15
4611.613316573,64.62999999994454,0,1,0.0,0.0,0.0,0.0,0.0,0.0,0,0.0,0.006886366855804238,15
4611.623308221,64.63999999994459,0,1,0.0,0.0,0.0,0.0,0.0,0.0,0,0.0,0.006886366860958032,15
4611.63324232,64.64999999994464,0,1,0.0,0.0,0.0,0.0,0.0,0.0,0,0.0,0.006886366865975713,19
4611.643269932,64.65999999994469,0,1,0.0,0.0,0.0,0.0,0.0,0.0,0,0.0,0.006886366870860888,19
4611.653280958,64.66999999994474,0,1,0.0,0.0,0.0,0.0,0.0,0.0,0,0.0,0.006886366875617028,19
4611.665741868,64.67999999994478,0,1,0.0,0.0,0.0,0.0,0.0,0.0,0,0.0,0.006886366880247602,20
4611.67324967,64.68999999994483,0,1,0.0,0.0,0.0,0.0,0.0,0.0,0,0.0,0.0068863668847558845,22
4611.683247516,64.69999999994488,0,1,0.0,0.0,0.0,0.0,0.0,0.0,0,0.0,0.0068863668891451235,22
4611.693233819,64.70999999994493,0,1,0.0,0.0,0.0,0.0,0.0,0.0,0,0.0,0.0068863668934184274,22
4611.703270183,64.71999999994497,0,1,0.0,0.0,0.0,0.0,0.0,0.0,0,0.0,0.006886366897578905,24
4611.713371786,64.72999999994502,0,1,0.0,0.0,0.0,0.0,0.0,0.0,0,0.0,0.006886366901629498,24
4611.723314978,64.73999999994507,0,1,0.0,0.0,0.0,0.0,0.0,0.0,0,0.0,0.006886366905573121,24
4611.73325026,64.74999999994512,0,1,0.0,0.0,0.0,0.0,0.0,0.0,0,0.0,0.006886366909412661,26
4611.743244348,64.75999999994517,0,1,0.0,0.0,0.0,0.0,0.0,0.0,0,0.0,0.00688636691315081,26
4611.753270784,64.76999999994521,0,1,0.0,0.0,0.0,0.0,0.0,0.0,0,0.0,0.006886366916790232,26
4611.763258378,64.77999999994526,0,1,0.0,0.0,0.0,0.0,0.0,0.0,0,0.0,0.006886366920333564,26
4611.773390164,64.78999999994531,0,1,0.0,0.0,0.0,0.0,0.0,0.0,0,0.0,0.0068863669237833325,29
4611.783283581,64.79999999994536,0,1,0.0,0.0,0.0,0.0,0.0,0.0,0,0.0,0.006886366927142007,29
4611.793262414,64.8099999999454,0,1,0.0,0.0,0.0,0.0,0.0,0.0,0,0.0,0.0068863669304119746,29
4611.803490323,64.81999999994545,0,1,0.0,0.0,0.0,0.0,0.0,0.0,0,0.0,0.006886366933595567,31
4611.813280337,64.8299999999455,0,1,0.0,0.0,0.0,0.0,0.0,0.0,0,0.0,0.0068863669366950875,31
4611.823237973,64.83999999994555,0,1,0.0,0.0,0.0,0.0,0.0,0.0,0,0.0,0.006886366939712757,32
4611.836622931,64.8499999999456,0,1,0.0,0.0,0.0,0.0,0.0,0.0,0,0.0,0.006886366942650712,33
4611.843324964,64.85999999994564,0,1,0.0,0.0,0.0,0.0,0.0,0.0,0,0.0,0.006886366945511119,36
4611.853333709,64.86999999994569,0,1,0.0,0.0,0.0,0.0,0.0,0.0,0,0.0,0.00688636694829603,36
4611.863293534,64.87999999994574,0,1,0.0,0.0,0.0,0.0,0.0,0.0,0,0.0,0.006886366951007333,36
4611.873263168,64.88999999994579,0,1,0.0,0.0,0.0,0.0,0.0,0.0,0,0.0,0.006886366953647111,39
4611.883287277,64.89999999994583,0,1,0.0,0.0,0.0,0.0,0.0,0.0,0,0.0,0.006886366956217083,39
4611.893253955,64.90999999994588,0,1,0.0,0.0,0.0,0.0,0.0,0.0,0,0.0,0.006886366958719303,39
4611.904456061,64.91999999994593,0,1,0.0,0.0,0.0,0.0,0.0,0.0,0,0.0,0.006886366961155382,42
4611.913328599,64.92999999994598,0,1,0.0,0.0,0.0,0.0,0.0,0.0,0,0.0,0.006886366963527096,43
4611.923247439,64.93999999994602,0,1,0.0,0.0,0.0,0.0,0.0,0.0,0,0.0,0.006886366965836249,43
4611.933248517,64.94999999994607,0,1,0.0,0.0,0.0,0.0,0.0,0.0,0,0.0,0.006886366968084423,43
4611.94329094,64.95999999994612,0,1,0.0,0.0,0.0,0.0,0.0,0.0,0,0.0,0.006886366970273172,46
4611.953248341,64.96999999994617,0,1,0.0,0.0,0.0,0.0,0.0,0.0,0,0.0,0.006886366972404134,46
4611.963259969,64.97999999994622,0,1,0.0,0.0,0.0,0.0,0.0,0.0,0,0.0,0.006886366974478864,46
4611.973288061,64.98999999994626,0,1,0.0,0.0,0.0,0.0,0.0,0.0,0,0.0,0.006886366976498776,49
4611.983318234,64.99999999994631,0,1,0.0,0.0,0.0,0.0,0.0,0.0,0,0.0,0.006886366978465397,49
4611.993279271,65.00999999994636,0,1,0.0,0.0,0.0,0.0,0.0,0.0,0,0.0,0.006886366980380032,49
4612.008053593,65.0199999999464,0,1,0.0,0.0,0.0,0.0,0.0,0.0,0,0.0,0.0068863669822440965,50
4612.013363278,65.02999999994645,0,1,0.0,0.0,0.0,0.0,0.0,0.0,0,0.0,0.00688636698405895,56
4612.023394895,65.0399999999465,0,1,0.0,0.0,0.0,0.0,0.0,0.0,0,0.0,0.0068863669858258425,56
4612.03343491,65.04999999994655,0,1,0.0,0.0,0.0,0.0,0.0,0.0,0,0.0,0.006886366987546105,57
4612.043308887,65.0599999999466,0,1,0.0,0.0,0.0,0.0,0.0,0.0,0,0.0,0.00688636698922096,59
4612.053272801,65.06999999994665,0,1,0.0,0.0,0.0,0.0,0.0,0.0,0,0.0,0.006886366990851572,59
4612.063276717,65.0799999999467,0,1,0.0,0.0,0.0,0.0,0.0,0.0,0,0.0,0.006886366992439108,59
4612.073553543,65.08999999994674,0,1,0.0,0.0,0.0,0.0,0.0,0.0,0,0.0,0.006886366993984733,62
4612.083263128,65.09999999994679,0,1,0.0,0.0,0.0,0.0,0.0,0.0,0,0.0,0.006886366995489557,62
4612.093270074,65.10999999994684,0,1,0.0,0.0,0.0,0.0,0.0,0.0,0,0.0,0.006886366996954607,62
4612.103279303,65.11999999994688,0,1,0.0,0.0,0.0,0.0,0.0,0.0,0,0.0,0.006886366998380966,62
4612.113301679,65.12999999994693,0,1,0.0,0.0,0.0,0.0,0.0,0.0,0,0.0,0.006886366999769689,64
4612.123345649,65.13999999994698,0,1,0.0,0.0,0.0,0.0,0.0,0.0,0,0.0,0.0068863670011218014,64
4612.133487159,65.14999999994703,0,1,0.0,0.0,0.0,0.0,0.0,0.0,0,0.0,0.006886367002438165,65
4612.143278924,65.15999999994708,0,1,0.0,0.0,0.0,0.0,0.0,0.0,0,0.0,0.006886367003719723,68
4612.153348798,65.16999999994712,0,1,0.0,0.0,0.0,0.0,0.0,0.0,0,0.0,0.0068863670049674475,69
4612.163337173,65.17999999994717,0,1,0.0,0.0,0.0,0.0,0.0,0.0,0,0.0,0.0068863670061822535,69
4612.175139051,65.18999999994722,0,1,0.0,0.0,0.0,0.0,0.0,0.0,0,0.0,0.006886367007364974,70
4612.18333299,65.19999999994727,0,1,0.0,0.0,0.0,0.0,0.0,0.0,0,0.0,0.00688636700851647,72
4612.193346966,65.20999999994731,0,1,0.0,0.0,0.0,0.0,0.0,0.0,0,0.0,0.006886367009637545,72
4612.203283726,65.21999999994736,0,1,0.0,0.0,0.0,0.0,0.0,0.0,0,0.0,0.006886367010729033,72
4612.213380245,65.22999999994741,0,1,0.0,0.0,0.0,0.0,0.0,0.0,0,0.0,0.006886367011791711,75
4612.223282816,65.23999999994746,0,1,0.0,0.0,0.0,0.0,0.0,0.0,0,0.0,0.006886367012826272,75
4612.233309247,65.2499999999475,0,1,0.0,0.0,0.0,0.0,0.0,0.0,0,0.0,0.00688636701383355,75
4612.24334799,65.25999999994755,0,1,0.0,0.0,0.0,0.0,0.0,0.0,0,0.0,0.00688636701481421,78
4612.253387904,65.2699999999476,0,1,0.0,0.0,0.0,0.0,0.0,0.0,0,0.0,0.0068863670157690016,78
4612.263265038,65.27999999994765,0,1,0.0,0.0,0.0,0.0,0.0,0.0,0,0.0,0.006886367016698647,78
4612.275891447,65.2899999999477,0,1,0.0,0.0,0.0,0.0,0.0,0.0,0,0.0,0.006886367017603673,79
4612.283313771,65.29999999994774,0,1,0.0,0.0,0.0,0.0,0.0,0.0,0,0.0,0.006886367018484774,81
4612.293259049,65.30999999994779,0,1,0.0,0.0,0.0,0.0,0.0,0.0,0,0.0,0.006886367019342615,81
4612.303306285,65.31999999994784,0,1,0.0,0.0,0.0,0.0,0.0,0.0,0,0.0,0.0068863670201777805,81
4612.313324978,65.32999999994789,0,1,0.0,0.0,0.0,0.0,0.0,0.0,0,0.0,0.00688636702099088,84
4612.323263377,65.33999999994793,0,1,0.0,0.0,0.0,0.0,0.0,0.0,0,0.0,0.006886367021782552,84
4612.333352759,65.34999999994798,0,1,0.0,0.0,0.0,0.0,0.0,0.0,0,0.0,0.006886367022553297,84
4612.343331554,65.35999999994803,0,1,0.0,0.0,0.0,0.0,0.0,0.0,0,0.0,0.006886367023303669,87
4612.353275617,65.36999999994808,0,1,0.0,0.0,0.0,0.0,0.0,0.0,0,0.0,0.006886367024034334,87
4612.363267275,65.37999999994813,0,1,0.0,0.0,0.0,0.0,0.0,0.0,0,0.0,0.006886367024745654,87
4612.373273529,65.38999999994817,0,1,0.0,0.0,0.0,0.0,0.0,0.0,0,0.0,0.006886367025438156,88
4612.38326215,65.39999999994822,0,1,0.0,0.0,0.0,0.0,0.0,0.0,0,0.0,0.006886367026112339,92
4612.393281994,65.40999999994827,0,1,0.0,0.0,0.0,0.0,0.0,0.0,0,0.0,0.006886367026768758,92
4612.40328253,65.41999999994832,0,1,0.0,0.0,0.0,0.0,0.0,0.0,0,0.0,0.00688636702740783,92
4612.413316806,65.42999999994836,0,1,0.0,0.0,0.0,0.0,0.0,0.0,0,0.0,0.00688636702803011,97
4612.423239147,65.43999999994841,0,1,0.0,0.0,0.0,0.0,0.0,0.0,0,0.0,0.006886367028635876,97
4612.433275229,65.44999999994846,0,1,0.0,0.0,0.0,0.0,0.0,0.0,0,0.0,0.006886367029225654,97
4612.448056786,65.45999999994851,0,1,0.0,0.0,0.0,0.0,0.0,0.0,0,0.0,0.006886367029799834,99
4612.45342686,65.46999999994856,0,1,0.0,0.0,0.0,0.0,0.0,0.0,0,0.0,0.006886367030358859,4
4612.4633489,65.4799999999486,0,1,0.0,0.0,0.0,0.0,0.0,0.0,0,0.0,0.0068863670309031455,4
4612.473394318,65.48999999994865,0,1,0.0,0.0,0.0,0.0,0.0,0.0,0,0.0,0.006886367031433027,4
4612.483298174,65.4999999999487,0,1,0.0,0.0,0.0,0.0,0.0,0.0,0,0.0,0.006886367031948865,9
4612.493271088,65.50999999994875,0,1,0.0,0.0,0.0,0.0,0.0,0.0,0,0.0,0.006886367032451185,9
4612.503255444,65.5199999999488,0,1,0.0,0.0,0.0,0.0,0.0,0.0,0,0.0,0.006886367032940183,9
4612.513260562,65.52999999994884,0,1,0.0,0.0,0.0,0.0,0.0,0.0,0,0.0,0.006886367033416274,11
4612.523255129,65.53999999994889,0,1,0.0,0.0,0.0,0.0,0.0,0.0,0,0.0,0.006886367033879792,11
4612.533340143,65.54999999994894,0,1,0.0,0.0,0.0,0.0,0.0,0.0,0,0.0,0.00688636703433107,12
4612.543259124,65.55999999994899,0,1,0.0,0.0,0.0,0.0,0.0,0.0,0,0.0,0.006886367034770441,12
4612.553261274,65.56999999994903,0,1,0.0,0.0,0.0,0.0,0.0,0.0,0,0.0,0.0068863670351982376,15
4612.563275754,65.57999999994908,0,1,0.0,0.0,0.0,0.0,0.0,0.0,0,0.0,0.0068863670356147655,15
4612.573260042,65.58999999994913,0,1,0.0,0.0,0.0,0.0,0.0,0.0,0,0.0,0.0068863670360202744,15
4612.583377031,65.59999999994918,0,1,0.0,0.0,0.0,0.0,0.0,0.0,0,0.0,0.00688636703641507,18
4612.59325817,65.60999999994922,0,1,0.0,0.0,0.0,0.0,0.0,0.0,0,0.0,0.006886367036799429,18
4612.603286451,65.61999999994927,0,1,0.0,0.0,0.0,0.0,0.0,0.0,0,0.0,0.006886367037173657,18
4612.615012989,65.62999999994932,0,1,0.0,0.0,0.0,0.0,0.0,0.0,0,0.0,0.006886367037537949,19
4612.623340377,65.63999999994937,0,1,0.0,0.0,0.0,0.0,0.0,0.0,0,0.0,0.006886367037892638,21
4612.633376851,65.64999999994942,0,1,0.0,0.0,0.0,0.0,0.0,0.0,0,0.0,0.006886367038237973,21
4612.643309969,65.65999999994946,0,1,0.0,0.0,0.0,0.0,0.0,0.0,0,0.0,0.006886367038574176,21
4612.65331182,65.66999999994951,0,1,0.0,0.0,0.0,0.0,0.0,0.0,0,0.0,0.0068863670389014975,23
4612.66326264,65.67999999994956,0,1,0.0,0.0,0.0,0.0,0.0,0.0,0,0.0,0.006886367039220215,23
4612.673249511,65.6899999999496,0,1,0.0,0.0,0.0,0.0,0.0,0.0,0,0.0,0.006886367039530383,23
4612.683443218,65.69999999994965,0,1,0.0,0.0,0.0,0.0,0.0,0.0,0,0.0,0.006886367039832503,26
4612.693252626,65.7099999999497,0,1,0.0,0.0,0.0,0.0,0.0,0.0,0,0.0,0.006886367040126629,26
4612.703262267,65.71999999994975,0,1,0.0,0.0,0.0,0.0,0.0,0.0,0,0.0,0.006886367040412955,26
4612.713252719,65.7299999999498,0,1,0.0,0.0,0.0,0.0,0.0,0.0,0,0.0,0.006886367040691732,26
4612.723266694,65.73999999994984,0,1,0.0,0.0,0.0,0.0,0.0,0.0,0,0.0,0.006886367040963154,29
4612.733241916,65.74999999994989,0,1,0.0,0.0,0.0,0.0,0.0,0.0,0,0.0,0.006886367041227415,29
4612.743321585,65.75999999994994,0,1,0.0,0.0,0.0,0.0,0.0,0.0,0,0.0,0.006886367041484709,29
4612.75326677,65.76999999994999,0,1,0.0,0.0,0.0,0.0,0.0,0.0,0,0.0,0.006886367041735175,32
4612.763264694,65.77999999995004,0,1,0.0,0.0,0.0,0.0,0.0,0.0,0,0.0,0.006886367041979008,32
4612.77327449,65.78999999995008,0,1,0.0,0.0,0.0,0.0,0.0,0.0,0,0.0,0.006886367042216429,32
4612.78594316,65.79999999995013,0,1,0.0,0.0,0.0,0.0,0.0,0.0,0,0.0,0.006886367042447578,33
4612.793336272,65.80999999995018,0,1,0.0,0.0,0.0,0.0,0.0,0.0,0,0.0,0.00688636704267262,36
4612.803270278,65.81999999995023,0,1,0.0,0.0,0.0,0.0,0.0,0.0,0,0.0,0.006886367042891722,36
4612.813250029,65.82999999995027,0,1,0.0,0.0,0.0,0.0,0.0,0.0,0,0.0,0.006886367043105052,36
4612.823254725,65.83999999995032,0,1,0.0,0.0,0.0,0.0,0.0,0.0,0,0.0,0.006886367043312663,39
4612.833238948,65.84999999995037,0,1,0.0,0.0,0.0,0.0,0.0,0.0,0,0.0,0.006886367043514863,39
4612.843325697,65.85999999995042,0,1,0.0,0.0,0.0,0.0,0.0,0.0,0,0.0,0.006886367043711733,39
4612.853247399,65.86999999995047,0,1,0.0,0.0,0.0,0.0,0.0,0.0,0,0.0,0.006886367043903385,41
4612.863331737,65.87999999995051,0,1,0.0,0.0,0.0,0.0,0.0,0.0,0,0.0,0.006886367044089986,41
4612.873418823,65.88999999995056,0,1,0.0,0.0,0.0,0.0,0.0,0.0,0,0.0,0.006886367044271646,42
4612.883370384,65.89999999995061,0,1,0.0,0.0,0.0,0.0,0.0,0.0,0,0.0,0.0068863670444485325,42
4612.893372359,65.90999999995066,0,1,0.0,0.0,0.0,0.0,0.0,0.0,0,0.0,0.006886367044620756,45
4612.90326809,65.9199999999507,0,1,0.0,0.0,0.0,0.0,0.0,0.0,0,0.0,0.0068863670447883996,45
4612.913442095,65.92999999995075,0,1,0.0,0.0,0.0,0.0,0.0,0.0,0,0.0,0.00688636704495163,45
4612.924416108,65.9399999999508,0,1,0.0,0.0,0.0,0.0,0.0,0.0,0,0.0,0.0068863670451105585,50
4612.933377838,65.94999999995085,0,1,0.0,0.0,0.0,0.0,0.0,0.0,0,0.0,0.006886367045265296,51
4612.943333868,65.9599999999509,0,1,0.0,0.0,0.0,0.0,0.0,0.0,0,0.0,0.006886367045415925,51
4612.957986776,65.96999999995094,0,1,0.0,0.0,0.0,0.0,0.0,0.0,0,0.0,0.006886367045562586,52
4612.963402083,65.97999999995099,0,1,0.0,0.0,0.0,0.0,0.0,0.0,0,0.0,0.006886367045705388,58
4612.973454389,65.98999999995104,0,1,0.0,0.0,0.0,0.0,0.0,0.0,0,0.0,0.006886367045844444,58
4612.983428045,65.99999999995109,0,1,0.0,0.0,0.0,0.0,0.0,0.0,0,0.0,0.006886367045979808,59
4612.993260829,66.00999999995113,0,1,0.0,0.0,0.0,0.0,0.0,0.0,0,0.0,0.006886367046111591,62
4613.00324831,66.01999999995118,0,1,0.0,0.0,0.0,0.0,0.0,0.0,0,0.0,0.006886367046239905,62
4613.013428769,66.02999999995123,0,1,0.0,0.0,0.0,0.0,0.0,0.0,0,0.0,0.006886367046364805,63
4613.024073416,66.03999999995128,0,1,0.0,0.0,0.0,0.0,0.0,0.0,0,0.0,0.006886367046486402,66
4613.03327509,66.04999999995132,0,1,0.0,0.0,0.0,0.0,0.0,0.0,0,0.0,0.006886367046604808,66
4613.043277294,66.05999999995137,0,1,0.0,0.0,0.0,0.0,0.0,0.0,0,0.0,0.006886367046720077,66
4613.053282044,66.06999999995142,0,1,0.0,0.0,0.0,0.0,0.0,0.0,0,0.0,0.00688636704683232,66
4613.063292405,66.07999999995147,0,1,0.0,0.0,0.0,0.0,0.0,0.0,0,0.0,0.006886367046941538,68
4613.073313373,66.08999999995152,0,1,0.0,0.0,0.0,0.0,0.0,0.0,0,0.0,0.006886367047047981,68
4613.083321825,66.09999999995156,0,1,0.0,0.0,0.0,0.0,0.0,0.0,0,0.0,0.006886367047151648,68
4613.093254803,66.10999999995161,0,1,0.0,0.0,0.0,0.0,0.0,0.0,0,0.0,0.0068863670472525396,71
4613.103396907,66.11999999995166,0,1,0.0,0.0,0.0,0.0,0.0,0.0,0,0.0,0.0068863670473506555,71
4613.113247602,66.1299999999517,0,1,0.0,0.0,0.0,0.0,0.0,0.0,0,0.0,0.0068863670474462735,71
4613.126635714,66.13999999995175,0,1,0.0,0.0,0.0,0.0,0.0,0.0,0,0.0,0.00688636704753931,72
4613.133292292,66.1499999999518,0,1,0.0,0.0,0.0,0.0,0.0,0.0,0,0.0,0.006886367047629877,75
4613.143303095,66.15999999995185,0,1,0.0,0.0,0.0,0.0,0.0,0.0,0,0.0,0.006886367047718112,75
4613.153311707,66.1699999999519,0,1,0.0,0.0,0.0,0.0,0.0,0.0,0,0.0,0.00688636704780396,75
4613.164262883,66.17999999995195,0,1,0.0,0.0,0.0,0.0,0.0,0.0,0,0.0,0.006886367047887559,80
4613.173499747,66.189999999952,0,1,0.0,0.0,0.0,0.0,0.0,0.0,0,0.0,0.0068863670479689665,82
4613.184076307,66.19999999995204,0,1,0.0,0.0,0.0,0.0,0.0,0.0,0,0.0,0.006886367048048209,83
4613.194084868,66.20999999995209,0,1,0.0,0.0,0.0,0.0,0.0,0.0,0,0.0,0.006886367048125369,87
4613.204071167,66.21999999995214,0,1,0.0,0.0,0.0,0.0,0.0,0.0,0,0.0,0.006886367048200476,88
4613.213423585,66.22999999995218,0,1,0.0,0.0,0.0,0.0,0.0,0.0,0,0.0,0.006886367048273612,88
4613.223336241,66.23999999995223,0,1,0.0,0.0,0.0,0.0,0.0,0.0,0,0.0,0.0068863670483448325,88
4613.233263475,66.24999999995228,0,1,0.0,0.0,0.0,0.0,0.0,0.0,0,0.0,0.006886367048414138,94
4613.243280841,66.25999999995233,0,1,0.0,0.0,0.0,0.0,0.0,0.0,0,0.0,0.006886367048481612,94
4613.253273046,66.26999999995238,0,1,0.0,0.0,0.0,0.0,0.0,0.0,0,0.0,0.006886367048547337,94
4613.263256713,66.27999999995242,0,1,0.0,0.0,0.0,0.0,0.0,0.0,0,0.0,0.006886367048611314,97
4613.27327424,66.28999999995247,0,1,0.0,0.0,0.0,0.0,0.0,0.0,0,0.0,0.006886367048673625,97
4613.283472898,66.29999999995252,0,1,0.0,0.0,0.0,0.0,0.0,0.0,0,0.0,0.006886367048734271,97
4613.296141453,66.30999999995257,0,1,0.0,0.0,0.0,0.0,0.0,0.0,0,0.0,0.006886367048793307,98
4613.303248755,66.31999999995261,0,1,0.0,0.0,0.0,0.0,0.0,0.0,0,0.0,0.006886367048850789,101
4613.313264783,66.32999999995266,0,1,0.0,0.0,0.0,0.0,0.0,0.0,0,0.0,0.006886367048906744,101
4613.323249642,66.33999999995271,0,1,0.0,0.0,0.0,0.0,0.0,0.0,0,0.0,0.006886367048961256,101
4613.333252629,66.34999999995276,0,1,0.0,0.0,0.0,0.0,0.0,0.0,0,0.0,0.006886367049014269,104
4613.343236348,66.3599999999528,0,1,0.0,0.0,0.0,0.0,0.0,0.0,0,0.0,0.006886367049065895,104
4613.35334379,66.36999999995285,0,1,0.0,0.0,0.0,0.0,0.0,0.0,0,0.0,0.006886367049116132,104
4613.36394497,66.3799999999529,0,1,0.0,0.0,0.0,0.0,0.0,0.0,0,0.0,0.006886367049165121,106
4613.373263843,66.38999999995295,0,1,0.0,0.0,0.0,0.0,0.0,0.0,0,0.0,0.006886367049212777,106
4613.383285093,66.399999999953,0,1,0.0,0.0,0.0,0.0,0.0,0.0,0,0.0,0.006886367049259184,106
4613.393344956,66.40999999995304,0,1,0.0,0.0,0.0,0.0,0.0,0.0,0,0.0,0.0068863670493043705,106
4613.403260766,66.41999999995309,0,1,0.0,0.0,0.0,0.0,0.0,0.0,0,0.0,0.006886367049348363,109
4613.413257291,66.42999999995314,0,1,0.0,0.0,0.0,0.0,0.0,0.0,0,0.0,0.006886367049391162,109
4613.42395067,66.43999999995319,0,1,0.0,0.0,0.0,0.0,0.0,0.0,0,0.0,0.006886367049432851,109
4613.436380839,66.44999999995323,0,1,0.0,0.0,0.0,0.0,0.0,0.0,0,0.0,0.00688636704947343,113
4613.44350512,66.45999999995328,0,1,0.0,0.0,0.0,0.0,0.0,0.0,0,0.0,0.006886367049512954,116
4613.453367883,66.46999999995333,0,1,0.0,0.0,0.0,0.0,0.0,0.0,0,0.0,0.006886367049551423,0
4613.463553351,66.47999999995338,0,1,0.0,0.0,0.0,0.0,0.0,0.0,0,0.0,0.006886367049588893,0
4613.473322008,66.48999999995343,0,1,0.0,0.0,0.0,0.0,0.0,0.0,0,0.0,0.0068863670496253915,5
4613.483529044,66.49999999995347,0,1,0.0,0.0,0.0,0.0,0.0,0.0,0,0.0,0.006886367049660863,5
4613.493333469,66.50999999995352,0,1,0.0,0.0,0.0,0.0,0.0,0.0,0,0.0,0.006886367049695419,5
4613.50332475,66.51999999995357,0,1,0.0,0.0,0.0,0.0,0.0,0.0,0,0.0,0.0068863670497290586,7
4613.513398705,66.52999999995362,0,1,0.0,0.0,0.0,0.0,0.0,0.0,0,0.0,0.006886367049761838,7
4613.523372802,66.53999999995366,0,1,0.0,0.0,0.0,0.0,0.0,0.0,0,0.0,0.006886367049793729,7
4613.537075705,66.54999999995371,0,1,0.0,0.0,0.0,0.0,0.0,0.0,0,0.0,0.0068863670498247875,9
4613.543461266,66.55999999995376,0,1,0.0,0.0,0.0,0.0,0.0,0.0,0,0.0,0.006886367049855041,13
4613.55332956,66.56999999995381,0,1,0.0,0.0,0.0,0.0,0.0,0.0,0,0.0,0.00688636704988449,13
4613.563399801,66.57999999995386,0,1,0.0,0.0,0.0,0.0,0.0,0.0,0,0.0,0.006886367049913161,13
4613.573436992,66.5899999999539,0,1,0.0,0.0,0.0,0.0,0.0,0.0,0,0.0,0.006886367049941056,19
4613.583369822,66.59999999995395,0,1,0.0,0.0,0.0,0.0,0.0,0.0,0,0.0,0.006886367049968256,19
4613.593339299,66.609999999954,0,1,0.0,0.0,0.0,0.0,0.0,0.0,0,0.0,0.006886367049994679,20
4613.604529892,66.61999999995405,0,1,0.0,0.0,0.0,0.0,0.0,0.0,0,0.0,0.006886367050020437,24
4613.613314271,66.6299999999541,0,1,0.0,0.0,0.0,0.0,0.0,0.0,0,0.0,0.0068863670500455,25
4613.623248198,66.63999999995414,0,1,0.0,0.0,0.0,0.0,0.0,0.0,0,0.0,0.006886367050069925,25
4613.633259097,66.64999999995419,0,1,0.0,0.0,0.0,0.0,0.0,0.0,0,0.0,0.006886367050093711,25
4613.643241494,66.65999999995424,0,1,0.0,0.0,0.0,0.0,0.0,0.0,0,0.0,0.006886367050116832,28
4613.653317634,66.66999999995429,0,1,0.0,0.0,0.0,0.0,0.0,0.0,0,0.0,0.0068863670501393415,28
4613.663256959,66.67999999995433,0,1,0.0,0.0,0.0,0.0,0.0,0.0,0,0.0,0.006886367050161296,28
4613.673283674,66.68999999995438,0,1,0.0,0.0,0.0,0.0,0.0,0.0,0,0.0,0.00688636705018264,32
4613.683313457,66.69999999995443,0,1,0.0,0.0,0.0,0.0,0.0,0.0,0,0.0,0.006886367050203429,32
4613.69334615,66.70999999995448,0,1,0.0,0.0,0.0,0.0,0.0,0.0,0,0.0,0.006886367050223663,32
4613.704963903,66.71999999995452,0,1,0.0,0.0,0.0,0.0,0.0,0.0,0,0.0,0.006886367050243369,34
4613.713338346,66.72999999995457,0,1,0.0,0.0,0.0,0.0,0.0,0.0,0,0.0,0.0068863670502625485,36
4613.723352561,66.73999999995462,0,1,0.0,0.0,0.0,0.0,0.0,0.0,0,0.0,0.006886367050281256,36
4613.733314248,66.74999999995467,0,1,0.0,0.0,0.0,0.0,0.0,0.0,0,0.0,0.006886367050299436,36
4613.743326521,66.75999999995472,0,1,0.0,0.0,0.0,0.0,0.0,0.0,0,0.0,0.006886367050317144,39
4613.753325164,66.76999999995476,0,1,0.0,0.0,0.0,0.0,0.0,0.0,0,0.0,0.006886367050334408,39
4613.763471216,66.77999999995481,0,1,0.0,0.0,0.0,0.0,0.0,0.0,0,0.0,0.0068863670503512,40
4613.773305047,66.78999999995486,0,1,0.0,0.0,0.0,0.0,0.0,0.0,0,0.0,0.00688636705036752,44
4613.783313879,66.7999999999549,0,1,0.0,0.0,0.0,0.0,0.0,0.0,0,0.0,0.006886367050383452,44
4613.793357511,66.80999999995495,0,1,0.0,0.0,0.0,0.0,0.0,0.0,0,0.0,0.006886367050398912,44
4613.803305622,66.819999999955,0,1,0.0,0.0,0.0,0.0,0.0,0.0,0,0.0,0.006886367050414011,44
4613.813355773,66.82999999995505,0,1,0.0,0.0,0.0,0.0,0.0,0.0,0,0.0,0.006886367050428693,49
4613.823409729,66.8399999999551,0,1,0.0,0.0,0.0,0.0,0.0,0.0,0,0.0,0.0068863670504429875,49
4613.833373679,66.84999999995514,0,1,0.0,0.0,0.0,0.0,0.0,0.0,0,0.0,0.006886367050456921,50
4613.84328181,66.85999999995519,0,1,0.0,0.0,0.0,0.0,0.0,0.0,0,0.0,0.006886367050470438,55
4613.853380567,66.86999999995524,0,1,0.0,0.0,0.0,0.0,0.0,0.0,0,0.0,0.006886367050483622,55
4613.863372224,66.87999999995529,0,1,0.0,0.0,0.0,0.0,0.0,0.0,0,0.0,0.0068863670504964725,55
4613.876097902,66.88999999995534,0,1,0.0,0.0,0.0,0.0,0.0,0.0,0,0.0,0.00688636705050899,58
4613.883485812,66.89999999995538,0,1,0.0,0.0,0.0,0.0,0.0,0.0,0,0.0,0.006886367050521147,61
4613.893376897,66.90999999995543,0,1,0.0,0.0,0.0,0.0,0.0,0.0,0,0.0,0.006886367050532999,66
4613.903405184,66.91999999995548,0,1,0.0,0.0,0.0,0.0,0.0,0.0,0,0.0,0.006886367050544545,67
4613.918563035,66.92999999995553,0,1,0.0,0.0,0.0,0.0,0.0,0.0,0,0.0,0.006886367050555786,69
4613.928623064,66.93999999995557,0,1,0.0,0.0,0.0,0.0,0.0,0.0,0,0.0,0.006886367050566722,69
4613.938562754,66.94999999995562,0,1,0.0,0.0,0.0,0.0,0.0,0.0,0,0.0,0.00688636705057738,69
4613.948508191,66.95999999995567,0,1,0.0,0.0,0.0,0.0,0.0,0.0,0,0.0,0.0068863670505877606,73
4613.958799046,66.96999999995572,0,1,0.0,0.0,0.0,0.0,0.0,0.0,0,0.0,0.006886367050597864,74
4613.968564459,66.97999999995577,0,1,0.0,0.0,0.0,0.0,0.0,0.0,0,0.0,0.006886367050607689,74
4613.979858293,66.98999999995581,0,1,0.0,0.0,0.0,0.0,0.0,0.0,0,0.0,0.006886367050617265,79
4613.988558949,66.99999999995586,0,1,0.0,0.0,0.0,0.0,0.0,0.0,0,0.0,0.006886367050626591,80
4613.999158927,67.00999999995591,0,1,0.0,0.0,0.0,0.0,0.0,0.0,0,0.0,0.006886367050635667,80
4614.011097226,67.01999999995596,0,1,0.0,0.0,0.0,0.0,0.0,0.0,0,0.0,0.006886367050644521,82
4614.018478423,67.029999999956,0,1,0.0,0.0,0.0,0.0,0.0,0.0,0,0.0,0.006886367050653125,85
4614.028541182,67.03999999995605,0,1,0.0,0.0,0.0,0.0,0.0,0.0,0,0.0,0.006886367050661479,85
4614.038531563,67.0499999999561,0,1,0.0,0.0,0.0,0.0,0.0,0.0,0,0.0,0.006886367050669612,85
4614.048506586,67.05999999995615,0,1,0.0,0.0,0.0,0.0,0.0,0.0,0,0.0,0.00688636705067755,90
4614.058465646,67.0699999999562,0,1,0.0,0.0,0.0,0.0,0.0,0.0,0,0.0,0.006886367050685294,91
4614.068503507,67.07999999995624,0,1,0.0,0.0,0.0,0.0,0.0,0.0,0,0.0,0.006886367050692788,91
4614.078388663,67.08999999995629,0,1,0.0,0.0,0.0,0.0,0.0,0.0,0,0.0,0.006886367050700087,95
4614.088458124,67.09999999995634,0,1,0.0,0.0,0.0,0.0,0.0,0.0,0,0.0,0.006886367050707248,95
4614.098504345,67.10999999995639,0,1,0.0,0.0,0.0,0.0,0.0,0.0,0,0.0,0.006886367050714187,95
4614.10850577,67.11999999995643,0,1,0.0,0.0,0.0,0.0,0.0,0.0,0,0.0,0.006886367050720932,95
4614.118494853,67.12999999995648,0,1,0.0,0.0,0.0,0.0,0.0,0.0,0,0.0,0.006886367050727538,98
4614.128503684,67.13999999995653,0,1,0.0,0.0,0.0,0.0,0.0,0.0,0,0.0,0.006886367050733921,98
4614.138478851,67.14999999995658,0,1,0.0,0.0,0.0,0.0,0.0,0.0,0,0.0,0.006886367050740139,98
4614.148486915,67.15999999995663,0,1,0.0,0.0,0.0,0.0,0.0,0.0,0,0.0,0.006886367050746245,101
4614.158529531,67.16999999995667,0,1,0.0,0.0,0.0,0.0,0.0,0.0,0,0.0,0.006886367050752101,101
4614.168508052,67.17999999995672,0,1,0.0,0.0,0.0,0.0,0.0,0.0,0,0.0,0.006886367050757902,101
4614.180713808,67.18999999995677,0,1,0.0,0.0,0.0,0.0,0.0,0.0,0,0.0,0.006886367050763453,102
4614.188514934,67.19999999995682,0,1,0.0,0.0,0.0,0.0,0.0,0.0,0,0.0,0.006886367050768949,104
4614.198731052,67.20999999995686,0,1,0.0,0.0,0.0,0.0,0.0,0.0,0,0.0,0.0068863670507742225,104
4614.208463534,67.21999999995691,0,1,0.0,0.0,0.0,0.0,0.0,0.0,0,0.0,0.0068863670507794406,104
4614.218462723,67.22999999995696,0,1,0.0,0.0,0.0,0.0,0.0,0.0,0,0.0,0.0068863670507844366,109
4614.228445475,67.239999999957,0,1,0.0,0.0,0.0,0.0,0.0,0.0,0,0.0,0.006886367050789377,109
4614.238667169,67.24999999995705,0,1,0.0,0.0,0.0,0.0,0.0,0.0,0,0.0,0.0068863670507940955,109
4614.249033768,67.2599999999571,0,1,0.0,0.0,0.0,0.0,0.0,0.0,0,0.0,0.006886367050798814,112
4614.258494136,67.26999999995715,0,1,0.0,0.0,0.0,0.0,0.0,0.0,0,0.0,0.006886367050803255,112
4614.268508203,67.2799999999572,0,1,0.0,0.0,0.0,0.0,0.0,0.0,0,0.0,0.006886367050807696,112
4614.27848809,67.28999999995725,0,1,0.0,0.0,0.0,0.0,0.0,0.0,0,0.0,0.00688636705081197,112
4614.288499651,67.2999999999573,0,1,0.0,0.0,0.0,0.0,0.0,0.0,0,0.0,0.006886367050816133,115
4614.29848183,67.30999999995734,0,1,0.0,0.0,0.0,0.0,0.0,0.0,0,0.0,0.006886367050820269,115
4614.30854723,67.31999999995739,0,1,0.0,0.0,0.0,0.0,0.0,0.0,0,0.0,0.006886367050824155,115
4614.318977885,67.32999999995744,0,1,0.0,0.0,0.0,0.0,0.0,0.0,0,0.0,0.006886367050828041,118
4614.328488049,67.33999999995748,0,1,0.0,0.0,0.0,0.0,0.0,0.0,0,0.0,0.006886367050831788,118
4614.338725452,67.34999999995753,0,1,0.0,0.0,0.0,0.0,0.0,0.0,0,0.0,0.006886367050835396,118
4614.351555127,67.35999999995758,0,1,0.0,0.0,0.0,0.0,0.0,0.0,0,0.0,0.006886367050839004,119
4614.358684213,67.36999999995763,0,1,0.0,0.0,0.0,0.0,0.0,0.0,0,0.0,0.006886367050842446,122
4614.368459786,67.37999999995768,0,1,0.0,0.0,0.0,0.0,0.0,0.0,0,0.0,0.006886367050845776,122
4614.378481645,67.38999999995772,0,1,0.0,0.0,0.0,0.0,0.0,0.0,0,0.0,0.006886367050849107,123
4614.388488109,67.39999999995777,0,1,0.0,0.0,0.0,0.0,0.0,0.0,0,0.0,0.006886367050852299,126
4614.398477984,67.40999999995782,0,1,0.0,0.0,0.0,0.0,0.0,0.0,0,0.0,0.006886367050855352,126
4614.408511112,67.41999999995787,0,1,0.0,0.0,0.0,0.0,0.0,0.0,0,0.0,0.006886367050858405,126
4614.41874681,67.42999999995791,0,1,0.0,0.0,0.0,0.0,0.0,0.0,0,0.0,0.0068863670508614305,129
4614.428510756,67.43999999995796,0,1,0.0,0.0,0.0,0.0,0.0,0.0,0,0.0,0.006886367050864206,129
4614.438495379,67.44999999995801,0,1,0.0,0.0,0.0,0.0,0.0,0.0,0,0.0,0.006886367050866982,129
4614.448489874,67.45999999995806,0,1,0.0,0.0,0.0,0.0,0.0,0.0,0,0.0,0.006886367050869757,129
4614.458462561,67.4699999999581,0,1,0.0,0.0,0.0,0.0,0.0,0.0,0,0.0,0.0068863670508724495,4
4614.468474861,67.47999999995815,0,1,0.0,0.0,0.0,0.0,0.0,0.0,0,0.0,0.0068863670508749475,4
4614.478509127,67.4899999999582,0,1,0.0,0.0,0.0,0.0,0.0,0.0,0,0.0,0.0068863670508774455,4
4614.488513308,67.49999999995825,0,1,0.0,0.0,0.0,0.0,0.0,0.0,0,0.0,0.0068863670508799435,8
4614.498503036,67.5099999999583,0,1,0.0,0.0,0.0,0.0,0.0,0.0,0,0.0,0.006886367050882386,8
4614.508468904,67.51999999995834,0,1,0.0,0.0,0.0,0.0,0.0,0.0,0,0.0,0.006886367050884606,8
4614.518944494,67.52999999995839,0,1,0.0,0.0,0.0,0.0,0.0,0.0,0,0.0,0.006886367050886827,10
4614.528569368,67.53999999995844,0,1,0.0,0.0,0.0,0.0,0.0,0.0,0,0.0,0.006886367050889047,10
4614.538577229,67.54999999995849,0,1,0.0,0.0,0.0,0.0,0.0,0.0,0,0.0,0.006886367050891268,10
4614.548520239,67.55999999995853,0,1,0.0,0.0,0.0,0.0,0.0,0.0,0,0.0,0.0068863670508933494,10
4614.558468201,67.56999999995858,0,1,0.0,0.0,0.0,0.0,0.0,0.0,0,0.0,0.006886367050895292,13
4614.568496746,67.57999999995863,0,1,0.0,0.0,0.0,0.0,0.0,0.0,0,0.0,0.006886367050897235,13
4614.578560833,67.58999999995868,0,1,0.0,0.0,0.0,0.0,0.0,0.0,0,0.0,0.006886367050899178,13
4614.588439464,67.59999999995873,0,1,0.0,0.0,0.0,0.0,0.0,0.0,0,0.0,0.006886367050901121,16
4614.598484507,67.60999999995877,0,1,0.0,0.0,0.0,0.0,0.0,0.0,0,0.0,0.006886367050903008,16
4614.608529083,67.61999999995882,0,1,0.0,0.0,0.0,0.0,0.0,0.0,0,0.0,0.006886367050904674,16
4614.61851863,67.62999999995887,0,1,0.0,0.0,0.0,0.0,0.0,0.0,0,0.0,0.006886367050906339,16
4614.628635555,67.63999999995892,0,1,0.0,0.0,0.0,0.0,0.0,0.0,0,0.0,0.006886367050908004,20
4614.638485225,67.64999999995896,0,1,0.0,0.0,0.0,0.0,0.0,0.0,0,0.0,0.00688636705090967,20
4614.648520174,67.65999999995901,0,1,0.0,0.0,0.0,0.0,0.0,0.0,0,0.0,0.006886367050911335,20
4614.658494682,67.66999999995906,0,1,0.0,0.0,0.0,0.0,0.0,0.0,0,0.0,0.006886367050913,23
4614.668466681,67.67999999995911,0,1,0.0,0.0,0.0,0.0,0.0,0.0,0,0.0,0.006886367050914416,23
4614.678545851,67.68999999995916,0,1,0.0,0.0,0.0,0.0,0.0,0.0,0,0.0,0.006886367050915804,23
4614.689867985,67.6999999999592,0,1,0.0,0.0,0.0,0.0,0.0,0.0,0,0.0,0.0068863670509171915,25
4614.698475324,67.70999999995925,0,1,0.0,0.0,0.0,0.0,0.0,0.0,0,0.0,0.006886367050918579,26
4614.708515716,67.7199999999593,0,1,0.0,0.0,0.0,0.0,0.0,0.0,0,0.0,0.006886367050919967,26
4614.718527152,67.72999999995935,0,1,0.0,0.0,0.0,0.0,0.0,0.0,0,0.0,0.006886367050921355,26
4614.728482833,67.7399999999594,0,1,0.0,0.0,0.0,0.0,0.0,0.0,0,0.0,0.006886367050922743,29
4614.73849162,67.74999999995944,0,1,0.0,0.0,0.0,0.0,0.0,0.0,0,0.0,0.006886367050923992,29
4614.748480529,67.75999999995949,0,1,0.0,0.0,0.0,0.0,0.0,0.0,0,0.0,0.006886367050925102,29
4614.758439522,67.76999999995954,0,1,0.0,0.0,0.0,0.0,0.0,0.0,0,0.0,0.006886367050926212,32
4614.768475787,67.77999999995959,0,1,0.0,0.0,0.0,0.0,0.0,0.0,0,0.0,0.006886367050927322,32
4614.778475503,67.78999999995963,0,1,0.0,0.0,0.0,0.0,0.0,0.0,0,0.0,0.0068863670509284325,32
4614.79050344,67.79999999995968,0,1,0.0,0.0,0.0,0.0,0.0,0.0,0,0.0,0.006886367050929543,33
4614.798462657,67.80999999995973,0,1,0.0,0.0,0.0,0.0,0.0,0.0,0,0.0,0.006886367050930653,35
4614.808512359,67.81999999995978,0,1,0.0,0.0,0.0,0.0,0.0,0.0,0,0.0,0.006886367050931763,35
4614.818435156,67.82999999995982,0,1,0.0,0.0,0.0,0.0,0.0,0.0,0,0.0,0.006886367050932873,35
4614.828460005,67.83999999995987,0,1,0.0,0.0,0.0,0.0,0.0,0.0,0,0.0,0.006886367050933956,39
4614.838500971,67.84999999995992,0,1,0.0,0.0,0.0,0.0,0.0,0.0,0,0.0,0.0068863670509347885,39
4614.848502295,67.85999999995997,0,1,0.0,0.0,0.0,0.0,0.0,0.0,0,0.0,0.006886367050935621,39
4614.858432782,67.86999999996002,0,1,0.0,0.0,0.0,0.0,0.0,0.0,0,0.0,0.006886367050936454,42
4614.868464556,67.87999999996006,0,1,0.0,0.0,0.0,0.0,0.0,0.0,0,0.0,0.0068863670509372865,42
4614.878485781,67.88999999996011,0,1,0.0,0.0,0.0,0.0,0.0,0.0,0,0.0,0.006886367050938119,42
4614.888485624,67.89999999996016,0,1,0.0,0.0,0.0,0.0,0.0,0.0,0,0.0,0.006886367050938952,42
4614.898452219,67.9099999999602,0,1,0.0,0.0,0.0,0.0,0.0,0.0,0,0.0,0.0068863670509397845,46
4614.908467773,67.91999999996025,0,1,0.0,0.0,0.0,0.0,0.0,0.0,0,0.0,0.006886367050940617,46
4614.91845601,67.9299999999603,0,1,0.0,0.0,0.0,0.0,0.0,0.0,0,0.0,0.00688636705094145,46
4614.928483226,67.93999999996035,0,1,0.0,0.0,0.0,0.0,0.0,0.0,0,0.0,0.0068863670509422825,49
4614.938495536,67.9499999999604,0,1,0.0,0.0,0.0,0.0,0.0,0.0,0,0.0,0.006886367050943115,49
4614.948501786,67.95999999996044,0,1,0.0,0.0,0.0,0.0,0.0,0.0,0,0.0,0.006886367050943948,49
4614.960403256,67.96999999996049,0,1,0.0,0.0,0.0,0.0,0.0,0.0,0,0.0,0.006886367050944614,50
4614.968441169,67.97999999996054,0,1,0.0,0.0,0.0,0.0,0.0,0.0,0,0.0,0.006886367050945169,52
4614.978456301,67.98999999996059,0,1,0.0,0.0,0.0,0.0,0.0,0.0,0,0.0,0.006886367050945724,52
4614.988458809,67.99999999996064,0,1,0.0,0.0,0.0,0.0,0.0,0.0,0,0.0,0.006886367050946279,52
4614.998485328,68.00999999996068,0,1,0.0,0.0,0.0,0.0,0.0,0.0,0,0.0,0.0068863670509468344,55
4615.008471146,68.01999999996073,0,1,0.0,0.0,0.0,0.0,0.0,0.0,0,0.0,0.0068863670509473895,55
4615.018491083,68.02999999996078,0,1,0.0,0.0,0.0,0.0,0.0,0.0,0,0.0,0.006886367050947945,55
4615.030044522,68.03999999996083,0,1,0.0,0.0,0.0,0.0,0.0,0.0,0,0.0,0.0068863670509485,58
4615.038467516,68.04999999996087,0,1,0.0,0.0,0.0,0.0,0.0,0.0,0,0.0,0.006886367050949055,59
4615.048454492,68.05999999996092,0,1,0.0,0.0,0.0,0.0,0.0,0.0,0,0.0,0.00688636705094961,59
4615.05849008,68.06999999996097,0,1,0.0,0.0,0.0,0.0,0.0,0.0,0,0.0,0.006886367050950165,59
4615.068492378,68.07999999996102,0,1,0.0,0.0,0.0,0.0,0.0,0.0,0,0.0,0.00688636705095072,62
4615.078464284,68.08999999996107,0,1,0.0,0.0,0.0,0.0,0.0,0.0,0,0.0,0.006886367050951275,62
4615.088458934,68.09999999996111,0,1,0.0,0.0,0.0,0.0,0.0,0.0,0,0.0,0.0068863670509518304,62
4615.098510812,68.10999999996116,0,1,0.0,0.0,0.0,0.0,0.0,0.0,0,0.0,0.0068863670509523855,65
4615.108450976,68.11999999996121,0,1,0.0,0.0,0.0,0.0,0.0,0.0,0,0.0,0.006886367050952941,65
4615.118454281,68.12999999996126,0,1,0.0,0.0,0.0,0.0,0.0,0.0,0,0.0,0.006886367050953496,65
4615.130729637,68.1399999999613,0,1,0.0,0.0,0.0,0.0,0.0,0.0,0,0.0,0.006886367050954051,66
4615.138456548,68.14999999996135,0,1,0.0,0.0,0.0,0.0,0.0,0.0,0,0.0,0.006886367050954606,68
4615.148462867,68.1599999999614,0,1,0.0,0.0,0.0,0.0,0.0,0.0,0,0.0,0.0068863670509548836,68
4615.158427078,68.16999999996145,0,1,0.0,0.0,0.0,0.0,0.0,0.0,0,0.0,0.006886367050955161,68
4615.16846437,68.1799999999615,0,1,0.0,0.0,0.0,0.0,0.0,0.0,0,0.0,0.006886367050955439,70
4615.178485966,68.18999999996154,0,1,0.0,0.0,0.0,0.0,0.0,0.0,0,0.0,0.006886367050955716,70
4615.188485146,68.19999999996159,0,1,0.0,0.0,0.0,0.0,0.0,0.0,0,0.0,0.006886367050955994,70
4615.198800703,68.20999999996164,0,1,0.0,0.0,0.0,0.0,0.0,0.0,0,0.0,0.006886367050956271,73
4615.208460263,68.21999999996169,0,1,0.0,0.0,0.0,0.0,0.0,0.0,0,0.0,0.006886367050956549,73
4615.218477259,68.22999999996173,0,1,0.0,0.0,0.0,0.0,0.0,0.0,0,0.0,0.0068863670509568264,73
4615.228502511,68.23999999996178,0,1,0.0,0.0,0.0,0.0,0.0,0.0,0,0.0,0.006886367050957104,73
4615.238480084,68.24999999996183,0,1,0.0,0.0,0.0,0.0,0.0,0.0,0,0.0,0.0068863670509573816,76
4615.24845853,68.25999999996188,0,1,0.0,0.0,0.0,0.0,0.0,0.0,0,0.0,0.006886367050957659,76
4615.258522482,68.26999999996193,0,1,0.0,0.0,0.0,0.0,0.0,0.0,0,0.0,0.006886367050957937,76
4615.268468226,68.27999999996197,0,1,0.0,0.0,0.0,0.0,0.0,0.0,0,0.0,0.006886367050958214,79
4615.278439234,68.28999999996202,0,1,0.0,0.0,0.0,0.0,0.0,0.0,0,0.0,0.006886367050958492,79
4615.288446957,68.29999999996207,0,1,0.0,0.0,0.0,0.0,0.0,0.0,0,0.0,0.006886367050958769,79
4615.300189807,68.30999999996212,0,1,0.0,0.0,0.0,0.0,0.0,0.0,0,0.0,0.006886367050959047,80
